seed,round,method,correlation,rmse_c,mae_c,worst_client_rmse_c,p90_client_rmse_c,client_rmse_sd_c,effective_bits,energy_j,representation_js,participation_jain,max_relay_energy_j,min_residual_energy_j
7,1,random,0.0,2.108444802653754,1.3773527360114017,8.788668572778297,2.6626874430524,1.3700641904279687,76693.42996930346,0.21639488892939798,0.4119753858053433,0.20833333333333334,0.010661507955917856,8.505647379633213
7,2,random,0.0,1.9178398356298205,1.0896592674053345,8.76094436736181,2.4079232711376624,1.4031986690983733,158955.59051383808,0.44559785818182773,0.2601398610296685,0.32051282051282054,0.016238634599693602,8.495898136823378
7,3,random,0.0,1.80743396460121,0.8814097427188232,8.730363898772177,2.2313685631917552,1.4331859781067602,242303.5712211508,0.6772982138086471,0.21883507710853298,0.42613636363636365,0.032477269199387204,8.488583172804509
7,4,random,0.0,1.7783010126177854,0.8187256060335238,8.714559265426303,2.176180472836782,1.4423829541132411,304380.0736126376,0.8600741693090667,0.19505348601986222,0.49019607843137253,0.032477269199387204,8.480321224142203
7,5,random,0.0,1.7790516514553512,0.8104551272573342,8.71737806815186,2.2316686154908023,1.4472577433510456,390180.65938938817,1.097415516595593,0.15812857356932572,0.5661231884057971,0.04623131561746875,8.480321224142203
7,6,random,0.0,1.7758485826815917,0.8143164914203701,8.717006336575253,2.0710215048965446,1.4439508440955,497355.1822904715,1.383916919268085,0.12908473999430442,0.646551724137931,0.05206287682038747,8.475728832527437
7,7,random,0.0,1.7815493790367116,0.836986884172715,8.71080445326473,1.9631951200012043,1.437109392712884,584573.2488475239,1.6245184723493056,0.12919923053673682,0.6380208333333334,0.06375370598020638,8.462675264610148
7,8,random,0.0,1.787821708538578,0.8543299097228437,8.70302928201427,1.9703087659880631,1.4341931407220476,675010.2406194445,1.872523553424723,0.12637355378506773,0.6410256410256411,0.07870858481685596,8.449621696692859
7,9,random,0.0,1.7943213941955383,0.871237731500725,8.6987254586439,2.011340236266429,1.4312093063899227,763447.5104701533,2.115929274081353,0.12480908775372751,0.6591796875,0.08259523209500348,8.449621696692859
7,10,random,0.0,1.8075369873663902,0.8968453724136793,8.702468503922402,2.0862008218094,1.4279205838603999,832014.5691385048,2.3136335090185614,0.11167130321441718,0.6898454746136865,0.0924626312349375,8.449621696692859
7,11,random,0.0,1.8114387190453438,0.9058041302296304,8.699264426133572,2.129898137589916,1.4265497507144138,912364.3860593092,2.5384380879364117,0.10669147170850059,0.7120998116760828,0.10621667765301905,8.437784382385502
7,12,random,0.0,1.789404618090711,0.869832705867254,8.680763799847588,2.0429630766909765,1.4298062977272297,991811.1427925753,2.761165628422924,0.10403477372459272,0.7317073170731707,0.10621667765301905,8.434537470742116
7,13,random,0.0,1.791125413936758,0.8763956930168144,8.67884278764195,2.030577981083299,1.4275279137900856,1080991.3945691148,3.006280207508965,0.09966779528494206,0.7588002873563219,0.1199707240711006,8.434537470742116
7,14,random,0.0,1.7930717444338211,0.884233217580277,8.679852179235315,1.9804858902592732,1.4242429497032885,1148915.5780960885,3.2025058296210047,0.09599563307517653,0.7852564102564102,0.1199707240711006,8.425852548607375
7,15,random,0.0,1.784074982424653,0.8792859732658436,8.671171167347987,1.966259522153353,1.4196966396791337,1226971.9121808712,3.422035398016004,0.09422085410901238,0.7891414141414141,0.1444978013013435,8.420297202084361
7,16,random,0.0,1.7883213238195415,0.8914798136319031,8.669917578286142,1.9668750047938273,1.4158087388644158,1316052.3734717916,3.6669204589851208,0.09157334979971773,0.8105369807497467,0.16333932741614057,8.416229149708878
7,17,random,0.0,1.7825636798367306,0.883193230318455,8.661510647153,1.9672365215949492,1.4167024717044774,1393737.4234405786,3.8855960739133297,0.0963244601320347,0.8049242424242424,0.16333932741614057,8.410673803185864
7,18,random,0.0,1.77305191927852,0.8646777293791803,8.656964533104173,1.9677673719611894,1.4203418558923864,1475819.7432068442,4.114385409375738,0.10020394035413309,0.8074162679425837,0.17995608610665087,8.406479906899042
7,19,random,0.0,1.7746720748064353,0.8716811795824365,8.65123603250067,1.9682883920406147,1.4179910566767429,1541429.6653534018,4.305288230312817,0.10076327391888898,0.8069563662374821,0.17995608610665087,8.391841470981625
7,20,random,0.0,1.7951829940675799,0.9213512637407394,8.650763676773702,1.9700364722605934,1.4037392174194112,1612288.9824601053,4.508264659658231,0.10079359176370511,0.8185985592665357,0.17995608610665087,8.381271087439691
7,21,random,0.0,1.803240260326298,0.9353985992934003,8.653105706915383,1.9703101742176639,1.401507138963241,1678195.8374290182,4.699850426086726,0.09924525334454022,0.8262140287769785,0.17995608610665087,8.376654217680434
7,22,random,0.0,1.7802535619549789,0.8904800460879436,8.65229624465372,1.9696728995173007,1.4102153118615761,1771480.8359855544,4.954405922766756,0.10180605222970743,0.8292214912280702,0.19470954134786458,8.373407306037048
7,23,random,0.0,1.7656442706171858,0.8586226336590005,8.643433623053875,1.9690368184960532,1.4178777028813452,1848108.3434160089,5.170649189856797,0.10203935776041737,0.8387239979705733,0.19619472070634447,8.367030818781936
7,24,random,0.0,1.752777713284966,0.8288402584287807,8.639891327263241,1.9693412213284114,1.4248663988820736,1923621.9591967203,5.38433050615243,0.0882773958371346,0.8534850640113798,0.2064003705076835,8.354263161432247
7,25,random,0.0,1.7528936633610717,0.8292397893177154,8.641925198085552,1.9691205555593136,1.4243821155396983,1997274.5528122303,5.593731471468098,0.09058475958028905,0.8477105034722222,0.2369327257822995,8.347886674177134
7,26,random,0.0,1.7544734427937136,0.8345651726259835,8.639735889892064,1.9694332523167424,1.4227711924660729,2078973.1501396568,5.821638245321176,0.08927753794125166,0.852502017756255,0.24677241816825207,8.343269804417877
7,27,random,0.0,1.7489457947033087,0.8209300792469627,8.638656366398608,1.9695089386886302,1.426000609785717,2169915.0280482317,6.070804564510896,0.08686895773019784,0.8639078498293515,0.24677241816825207,8.336893317162765
7,28,random,0.0,1.7471514415075584,0.820779714787205,8.633606246708064,1.9705999029831907,1.4247536962075003,2230272.509571503,6.249626772014415,0.08599237217419292,0.8725071225071225,0.24677241816825207,8.330516829907653
7,29,random,0.0,1.7453680650304917,0.8175547335227356,8.6311205425276,1.9708350716563487,1.4251620725859275,2313443.913377244,6.480921000767614,0.08334455343039773,0.8742930805056554,0.25661211055420463,8.31419955985201
7,30,random,0.0,1.742498317353248,0.8122279042931712,8.629914640409476,1.971997445727739,1.4259458286046989,2402192.426867401,6.72504258179497,0.0838575641335221,0.8786316776007498,0.2683029397140235,8.302508730692193
11,1,random,0.0,2.3075168143352744,1.612628837220486,8.839212738889415,3.048533885120999,1.3678610126237656,60474.189935943214,0.1790906368526694,0.43512257157647727,0.20833333333333334,0.010969808263337566,8.535970685007275
11,2,random,0.0,2.0489791485063424,1.3001035105089462,8.77109378758368,2.5816109199658315,1.3742520282077704,143307.60426544654,0.4096074898105271,0.28463678031312784,0.3472222222222222,0.02324417005527468,8.529765357556625
11,3,random,0.0,1.9027371958152863,1.069478337404275,8.749336596335885,2.392506645003185,1.4048866789998244,251690.1094894659,0.6988872518257716,0.23449064222110017,0.44642857142857145,0.0329094247900127,8.527036591595545
11,4,random,0.0,1.8180071569692142,0.8876844764676807,8.759033904670234,2.3216239955150413,1.4375280658919973,332609.401565441,0.9250016236005144,0.2029293835573246,0.5050505050505051,0.043879233053350265,8.5186885372077
11,5,random,0.0,1.7901191923361794,0.820360561394911,8.750780125084662,2.2920791456018375,1.4480492167520296,421570.90627488814,1.1696130844322428,0.174341042647215,0.5425347222222222,0.04718784597829457,8.4975213748354
11,6,random,0.0,1.7756675140915104,0.7990335471907324,8.750926056861003,2.101774510764713,1.4448819482245878,523924.00446778943,1.4450252102759158,0.14979673077681877,0.625,0.062469950217162354,8.4975213748354
11,7,random,0.0,1.7946981023805466,0.838644099732608,8.75289528782911,2.181919045552899,1.4446729263650018,609156.654130716,1.6810603045006465,0.13664184394301593,0.6460970464135021,0.07870858481685596,8.496458271300934
11,8,random,0.0,1.7995398627103754,0.850702644710245,8.742861172138037,2.192744194001424,1.4435437142522047,703965.5786101057,1.9391208308032426,0.14511085238670696,0.6116207951070336,0.09494721941654956,8.468006158075257
11,9,random,0.0,1.8025660679969595,0.8649324926694424,8.727931474485148,2.17651913207778,1.4396599848004425,793492.4581945259,2.185032653847409,0.13347953297879794,0.6540697674418605,0.09494721941654956,8.468006158075257
11,10,random,0.0,1.8063728309446285,0.875431438090654,8.723893206535267,2.1727231847389494,1.437539809777945,876623.2573793714,2.4162334919725548,0.1264085420683586,0.6808278867102396,0.09857234331917582,8.463042014609748
11,11,random,0.0,1.8013728771021429,0.8687774148490613,8.730329408888549,2.004088629937274,1.435115754179931,969414.031708298,2.669652272929086,0.12472265679927541,0.7120998116760828,0.12010286486494728,8.458527467478097
11,12,random,0.0,1.8053612678701734,0.8855113459545818,8.719937923428324,1.9892605889525636,1.4300104714291086,1059395.081185714,2.9166086867271437,0.11756662879332538,0.7425742574257426,0.12910469859379184,8.455208018265003
11,13,random,0.0,1.8018385930590968,0.8856808362562095,8.712318681026742,1.9634178226859502,1.4273285668300415,1146337.6481022032,3.1565765906350682,0.10585362708457968,0.768740902474527,0.1389443909797444,8.452322140027448
11,14,random,0.0,1.7884371925708435,0.8640908730281109,8.70045680650514,1.9619523109391466,1.4293934906858081,1227149.3818050073,3.3824435781515176,0.09974876778034672,0.7882882882882883,0.1389443909797444,8.44249006690472
11,15,random,0.0,1.7857059922320067,0.8614432527671948,8.694116405006918,1.9615684276792824,1.4293099362935138,1296519.6716104785,3.5819952447041006,0.09281195643512816,0.802654109589041,0.1389443909797444,8.434391379836775
11,16,random,0.0,1.781609624485669,0.8577606420580933,8.686510491232685,1.961638157133896,1.4285501055453957,1377055.7203925075,3.8072281569027675,0.09050816740599243,0.8056394763343404,0.1389443909797444,8.42288098851231
11,17,random,0.0,1.7729817730892956,0.8431267057883215,8.677384456565994,1.9614922105706385,1.4303304005400903,1472739.6997940666,4.067301309526353,0.08971933512768991,0.8114330637915543,0.14878408336569696,8.419561539299215
11,18,random,0.0,1.768973030534315,0.8378807572378825,8.6719142498609,1.96191787476423,1.4302966305414282,1545219.6201355776,4.274005126311822,0.08987083284870295,0.8152173913043478,0.16762560948049404,8.411370597187844
11,19,random,0.0,1.7641316058659655,0.8281575481811124,8.667512725005414,1.961842999807147,1.4321150391204593,1649360.296197041,4.553528681253184,0.08892097670985918,0.8282856093979442,0.16762560948049404,8.411370597187844
11,20,random,0.0,1.7674044810323242,0.8423448267491336,8.662621805154934,1.962887664581444,1.4270320931827642,1722032.1342909872,4.760673908869255,0.08484215850365381,0.8350033400133601,0.18646713559529113,8.4040483239975
11,21,random,0.0,1.7566806932490262,0.8225071621659511,8.664517795986809,1.9646248373279795,1.429000312779413,1808739.0974444835,5.000099924122292,0.08003108542688823,0.8413461538461539,0.21783734952701514,8.4040483239975
11,22,random,0.0,1.753656895379043,0.8183308762164737,8.659385859747614,1.9652946733385614,1.429319034095239,1911237.7742326676,5.27584688073511,0.08273055129588394,0.8487654320987654,0.21783734952701514,8.388968679671326
11,23,random,0.0,1.7501654673491853,0.8101452315594325,8.65610378847458,1.9655132753379851,1.4312963169510426,2002353.917986137,5.525414011368086,0.08414783740400411,0.8464541730670763,0.21783734952701514,8.380777737559955
11,24,random,0.0,1.7481829418035713,0.8053691766574497,8.656344451642816,1.9654130398031011,1.4322053724225636,2092491.0605262616,5.772729439210369,0.08063027550825419,0.8633093525179856,0.22952817868683406,8.380777737559955
11,25,random,0.0,1.7451944427146682,0.8041171792336739,8.651832287144396,1.9671448385095736,1.430932568311233,2178960.441907971,6.011609016388298,0.08045030260202152,0.8715417224453369,0.24121900784665298,8.373874148410566
11,26,random,0.0,1.7452637192963225,0.8078618381123797,8.650125925127316,1.967917317350242,1.4291756585294413,2244493.6709312447,6.202335443141819,0.07989027594760335,0.8791094465251769,0.2529098370064719,8.366551875220223
11,27,random,0.0,1.7392675932990538,0.7934139942480832,8.64412674710704,1.9684063267199698,1.4327992052512857,2339259.409324993,6.460296641447437,0.07724180407895215,0.8819686411149826,0.26191167073531646,8.362037328088572
11,28,random,0.0,1.7408872249572185,0.800285715806626,8.642148560654022,1.9682597958861274,1.430359142804474,2417133.645679276,6.679407385062282,0.07757738304645272,0.8819294456443485,0.271751363121269,8.354636902719367
11,29,random,0.0,1.7393124422942308,0.7965819406297212,8.641026457275336,1.968216936714383,1.431140941409928,2499695.8054484506,6.909300352531378,0.0790851090891587,0.8839976454759502,0.271751363121269,8.350122355587716
11,30,random,0.0,1.7305663640626434,0.7755084877180607,8.635278951762087,1.9695472124332971,1.43576714461421,2572728.9681893773,7.1172766268355065,0.07155400293227154,0.8903133903133903,0.29244402600993247,8.341343676171416
19,1,random,0.0,2.2390040428729407,1.52520509634087,8.84747437881739,2.878490751856502,1.374037270934345,115522.49547547143,0.30570173959358427,0.4233315171037444,0.20833333333333334,0.019083239089527516,8.610605994374161
19,2,random,0.0,1.9723581244859412,1.155846476668713,8.814796083644595,2.582212413357884,1.4060310129576974,186505.3127033353,0.5089622192176713,0.267927953396348,0.32051282051282054,0.03108216025264654,8.602859600415444
19,3,random,0.0,1.831798439759655,0.9087236754121424,8.770398853746117,2.3295608520958164,1.4367222352496043,265348.6730638942,0.7303019480469568,0.21950708222750434,0.42613636363636365,0.03816647817905503,8.602859600415444
19,4,random,0.0,1.801450863993933,0.8425221006842367,8.764384059816715,2.2855641216422606,1.4438585602745961,348351.8635217555,0.9612092861000378,0.17847062300184008,0.5208333333333334,0.03816647817905503,8.602859600415444
19,5,random,0.0,1.7990829660144225,0.8355512800901812,8.745351401877103,2.29233221506432,1.4488998844772814,427379.1458859142,1.1829720355376026,0.1594769980776769,0.5787037037037037,0.04662324037896981,8.60260832683839
19,6,random,0.0,1.8223653661259407,0.8783507450462186,8.751761895436344,2.3343223163130586,1.44988702003208,504774.06149232393,1.4009803414323447,0.15685031059834328,0.5769230769230769,0.055016185672326176,8.588854280420307
19,7,random,0.0,1.8334291233338669,0.8952163555294329,8.749170132141606,2.3695663979701993,1.4517065570062533,579230.0559694158,1.6122291287296562,0.1589941716516809,0.6224593495934959,0.06216432050529308,8.588854280420307
19,8,random,0.0,1.826960139889348,0.891615294792918,8.744808509114463,2.3204759560498256,1.446898524421214,662294.0407764189,1.8432762937857634,0.12289181986290248,0.6802721088435374,0.06877023209040772,8.575100234002225
19,9,random,0.0,1.850786679650682,0.9345282843261494,8.744360444835783,2.349574853128251,1.4444072166647695,753652.4987798372,2.0934007471936256,0.11028864682124134,0.7090336134453782,0.06877023209040772,8.575100234002225
19,10,random,0.0,1.8439648143362677,0.9380714109622716,8.734401542032549,2.282644495781555,1.434944200605859,855112.4242248494,2.366758575717154,0.10951588622740341,0.7284382284382285,0.06877023209040772,8.575100234002225
19,11,random,0.0,1.8440146639732515,0.9401093473439993,8.732330628351754,2.281224245753378,1.4338675853692282,935196.3808751627,2.5909516760128737,0.10487906558707605,0.741421568627451,0.09876291310818287,8.545107552984447
19,12,random,0.0,1.8159310813421123,0.8994614985510084,8.718601472293827,2.1994299459958326,1.432779256124897,1008855.8066518547,2.8003683552992653,0.09260416295816015,0.78125,0.09876291310818287,8.545107552984447
19,13,random,0.0,1.8098642458839715,0.8976412304366566,8.707167700392656,2.131631853794888,1.428951780248671,1082184.5769496772,3.0090245269842573,0.08298691181844388,0.8150077160493827,0.09876291310818287,8.530993623068818
19,14,random,0.0,1.8010056041943385,0.8850559048194322,8.697999009946516,2.110678827459858,1.4292720874938523,1167188.9956762767,3.2445346900554357,0.08495190778658564,0.8199464524765729,0.11251695952626442,8.503125646735107
19,15,random,0.0,1.7959540273989592,0.8836422527638788,8.697706731067145,1.9629501724020906,1.4248256675387547,1242167.7264514521,3.456985770838338,0.08807446705230396,0.8223684210526315,0.12111614298170564,8.489011716819478
19,16,random,0.0,1.7963083575470167,0.892003726394861,8.688557911385013,1.9638547220691842,1.4206392461905961,1304695.3720827578,3.640799355790342,0.08471370745733733,0.8359456635318704,0.12111614298170564,8.489011716819478
19,17,random,0.0,1.7887349395596548,0.880902389161416,8.678217487380909,1.9636251545067922,1.421790859803484,1374038.6732501953,3.840288948475449,0.07672287111254612,0.85280925401322,0.13995766909650273,8.489011716819478
19,18,random,0.0,1.7683373138558582,0.8370204445710934,8.665110908551728,1.9629494780639187,1.4310897311924604,1468779.7798542422,4.098193493664755,0.07719787318711188,0.8587786259541985,0.14895950282534728,8.489011716819478
19,19,random,0.0,1.7713480112203757,0.8458581677125697,8.663771299310373,1.962976303112832,1.4288371201312156,1531255.1711234117,4.281886893583841,0.07252230677983695,0.8644636015325671,0.15879919521129984,8.489011716819478
19,20,random,0.0,1.7706331750529503,0.8467565285481791,8.661772801283353,1.9633535966356268,1.4278170677635975,1594933.944645966,4.4683480726857105,0.07412767368298423,0.8698677800974252,0.1678010289401444,8.489011716819478
19,21,random,0.0,1.7626411224804628,0.8308704981463785,8.656931366664146,1.9639630760253575,1.430496065144252,1684394.9500695595,4.714108385159973,0.06979715876558215,0.875,0.1678010289401444,8.475257670401396
19,22,random,0.0,1.7573904073273614,0.8245139362800398,8.651017179118245,1.965788675531569,1.4303536387014018,1774034.719198578,4.960279854156711,0.07101265185347357,0.8707541738629822,0.18849369182880785,8.461503623983313
19,23,random,0.0,1.7621878826556445,0.8432503114107555,8.649881912383345,1.9674136796155473,1.4237801228575535,1873495.8530938562,5.229040462115846,0.06703991973719967,0.8859190782422294,0.20817307660071294,8.461503623983313
19,24,random,0.0,1.7516985319721132,0.8188401068548444,8.64790551502746,1.9684835935727478,1.4293464550225181,1968658.7093932226,5.487915031604384,0.06438530008325052,0.8941877794336811,0.2180127689866655,8.461503623983313
19,25,random,0.0,1.7523468327422724,0.8215098235185808,8.64919309591407,1.968120309206754,1.4281566585386472,2056621.4450049638,5.730229323511384,0.0627691075072962,0.8979885057471264,0.22701460271551005,8.461503623983313
19,26,random,0.0,1.749849608457232,0.8193893390778719,8.643696111752483,1.9690514863863513,1.4275597828673738,2152181.589717423,5.990017656350036,0.06313871541550076,0.9016218523260777,0.22701460271551005,8.461503623983313
19,27,random,0.0,1.7478282693759974,0.8176129493293773,8.641708093003933,1.970166525115115,1.4269134514046016,2257773.892208356,6.272879952079176,0.060254327643552874,0.9094311377245509,0.23870543187532897,8.445264989383618
19,28,random,0.0,1.7474841453825625,0.8204264047803383,8.636457740201445,1.9713041938374378,1.4253977132558904,2340437.449588562,6.503006134053645,0.060551218906111405,0.9155455904334828,0.23870543187532897,8.445264989383618
19,29,random,0.0,1.7414814345509964,0.8052691546226758,8.635382061459024,1.9719138717556262,1.428941561584194,2421394.137351785,6.729206515909055,0.05679108798684998,0.9211794602173151,0.2503962610351479,8.43115105946799
19,30,random,0.0,1.7409986439436753,0.8056723500211478,8.631551043492381,1.9716378695765815,1.428440461734726,2498713.0571084856,6.947040031349464,0.05731435481164793,0.9209233791748527,0.25939809476399245,8.41703712955236
23,1,random,0.0,2.1832816503970123,1.4662649278640916,8.816555602829753,2.754902193578161,1.3692162855839975,80851.63358015261,0.22595875723435102,0.44468174454237797,0.20833333333333334,0.01554108012632327,8.524110434185253
23,2,random,0.0,1.9378542950735165,1.1310056956793346,8.756494763110695,2.444411110333901,1.3934206678790864,159623.91674354518,0.4471350085101539,0.2912242296521691,0.3472222222222222,0.025981412478983525,8.520820269431658
23,3,random,0.0,1.8368175744348165,0.9195823039513236,8.777212321076235,2.3071042901326346,1.4342930535333123,252146.9356534042,0.6999379520028297,0.22007814769616907,0.46875,0.03344758477257514,8.502341449276967
23,4,random,0.0,1.7985982091004291,0.8368305158770288,8.766232301506541,2.2795628460577055,1.4446593572211628,318815.30186239287,0.8932751942835038,0.17956939725910953,0.5376344086021505,0.04464399124977975,8.491272692803294
23,5,random,0.0,1.7913962033825777,0.8228858515717344,8.750707678852873,2.2448706415038555,1.4462744913023662,408251.5987924126,1.1389786772225496,0.15915650451971944,0.5787037037037037,0.048360603272654734,8.479298267341102
23,6,random,0.0,1.8124603639184504,0.8599624091155634,8.76319225241797,2.292761315236326,1.4489144804453593,482355.99027682276,1.349418777636693,0.13056552827914641,0.6696428571428571,0.05736243700149928,8.455252327885873
23,7,random,0.0,1.828690840856708,0.8922586453357924,8.771802335861137,2.247792397247655,1.4438074343212899,567554.4575044507,1.5853752522602373,0.11491999253436272,0.7291666666666666,0.0690532661613182,8.43698792435422
23,8,random,0.0,1.824351130302665,0.8926696889622076,8.76525990194266,2.1520634225304276,1.4390670595951,642005.8492392214,1.7966134532502103,0.10901551833147735,0.7246376811594203,0.08873265093322329,8.415837581592267
23,9,random,0.0,1.8284194083170981,0.9097734955204334,8.74705110317917,2.1581489881068547,1.434702308530827,711118.118086217,1.9955716715983,0.11461879071851352,0.715042372881356,0.09857234331917583,8.40715332088367
23,10,random,0.0,1.8227969065395246,0.9096780670539047,8.733428326346017,2.103237870449118,1.4308576673895137,794383.4174991042,2.2270818602479405,0.11523754696313955,0.7335680751173709,0.10757417704802039,8.387189211673908
23,11,random,0.0,1.8170598286018738,0.904156777131781,8.726343087656826,2.0616514393603467,1.4294272496832259,887031.005126734,2.480171311791489,0.10722610224750884,0.7638888888888888,0.10757417704802039,8.361426780985848
23,12,random,0.0,1.8052237117157413,0.8867224954693849,8.726590117925614,1.964925829131168,1.4283986242761968,985888.8572277067,2.747544371623727,0.10471787993837364,0.78125,0.12910469859379184,8.351607503975456
23,13,random,0.0,1.8142720382051065,0.9135221136037616,8.715186955190056,1.9656684401430722,1.4210638226181296,1045321.8592734962,2.9242402763290434,0.09879180606854837,0.7965686274509803,0.1381065323226364,8.340514029937486
23,14,random,0.0,1.7926840461356042,0.8833110047073924,8.691697898290464,1.963671873569442,1.4224316831965311,1145409.7099389224,3.1944423328595226,0.09144983073200286,0.8101851851851852,0.14794622470858895,8.331364612323823
23,15,random,0.0,1.7769054578258807,0.8583062181234398,8.679753028894039,1.9645939654215658,1.4247303701006222,1216193.07753704,3.3972440783351923,0.0856025978760239,0.819493006993007,0.16678775082338604,8.316073522421938
23,16,random,0.0,1.7688886124679901,0.8474862020706367,8.669000447471369,1.965564097987934,1.4253338384732586,1289657.3123728982,3.6062118184576666,0.07730647823450928,0.8412197686645636,0.1874804137120495,8.309493192914747
23,17,random,0.0,1.7686333930700064,0.8494407915246465,8.668683707612962,1.9660248469432844,1.4237784464717682,1370158.2565122289,3.8313639899781267,0.07277945476588413,0.8480046948356808,0.19648224744089404,8.294545453822787
23,18,random,0.0,1.757592725883765,0.8212547801556269,8.662580647272211,1.9657571241954181,1.4312786762493457,1458537.4122844615,4.074636048254261,0.06919531335527132,0.8544303797468354,0.19648224744089404,8.289151357867786
23,19,random,0.0,1.7593245510505957,0.8308826659229976,8.657096733463865,1.966305209028573,1.4278009596813352,1536318.377750634,4.293532268826453,0.06178257434407836,0.8724864655839134,0.2063219398268466,8.277188501401453
23,20,random,0.0,1.7544607296472028,0.8208566684848463,8.652671378986925,1.9671500007714995,1.4298578988111394,1631076.3591345241,4.551475626009395,0.06056852576331963,0.8753501400560224,0.2063219398268466,8.261775605404425
23,21,random,0.0,1.759007255359693,0.8367871618245704,8.648886079355457,1.9676404722427674,1.4246015671112542,1700564.6564773407,4.751298709897869,0.06324245364448057,0.875,0.21616163221279916,8.253064845009732
23,22,random,0.0,1.7605102310648044,0.8400203761577214,8.651356450191004,1.967031038103037,1.4233803074836051,1787337.8774007994,4.990877118021819,0.06257407263929299,0.8845029239766082,0.22600132459875172,8.238959988660037
23,23,random,0.0,1.7580231175373888,0.8354126237370524,8.64894681659007,1.9671183656988063,1.4240573330112918,1879847.8420229654,5.243650036652797,0.061249685631365874,0.8916531823085221,0.23584101698470428,8.218326020053546
23,24,random,0.0,1.7526398845438764,0.8237541572671548,8.64438614334243,1.9674502911452234,1.4267429841047763,1967677.407156272,5.485658036459398,0.06372993180886613,0.8968609865470852,0.23584101698470428,8.212931924098545
23,25,random,0.0,1.7491692724366665,0.8170605949738254,8.638396412468726,1.9680551193714881,1.4281589022622838,2048034.4238627467,5.710479174884285,0.06394654276892571,0.9042245370370371,0.23584101698470428,8.19882706774885
23,26,random,0.0,1.7467231891908974,0.8120169457085689,8.636531980490192,1.9681471508471255,1.4289720324796824,2129502.0909889443,5.937854809274534,0.06020106035490888,0.9121329879101899,0.23584101698470428,8.193432971793849
23,27,random,0.0,1.7417374407350013,0.8005602775119379,8.634737816465627,1.968732101996297,1.4314196404580815,2211805.7475095885,6.167153219272012,0.05979591106899225,0.9193401937046005,0.23584101698470428,8.18757371893378
23,28,random,0.0,1.7339566307668903,0.7873041579473756,8.628638914495491,1.971796515822056,1.4326784389741876,2308150.725782201,6.428746669299018,0.05803596553288443,0.9217456734386757,0.25737153853047573,8.166070367898927
23,29,random,0.0,1.7345500775275515,0.7910567054638525,8.62725573277235,1.9720318467905058,1.4311341449188844,2388375.0480411425,6.653262610494578,0.059126558838455225,0.9240945850914205,0.2663733722593203,8.150868563929393
23,30,random,0.0,1.7347685701564473,0.7928469912551838,8.626644157485531,1.9717456836679437,1.4302904547517599,2467209.255186614,6.8745812869291605,0.05846901147751449,0.9328358208955224,0.2663733722593203,8.133967054281749
29,1,random,0.0,2.163742861791439,1.449613780044443,8.796380148549106,2.72648903866085,1.3646842306295195,72487.80300112329,0.2067219469025836,0.41401782520873104,0.20833333333333334,0.012990706239491763,8.557365153780513
29,2,random,0.0,1.9282023904541394,1.1194731723297004,8.751021013418992,2.426694889739426,1.3928526314271952,161522.7933580151,0.4515024247234349,0.2543848013729073,0.3787878787878788,0.025981412478983525,8.54437444754102
29,3,random,0.0,1.839265707727592,0.9218270073430884,8.777053176423601,2.3426705800542265,1.4354398677493798,246564.74430004074,0.6870989118900938,0.23671947504625226,0.44642857142857145,0.025981412478983525,8.529377442327897
29,4,random,0.0,1.8033829648298676,0.8419529969576691,8.757373283650498,2.3452792374129356,1.4489920326454284,318629.7498555632,0.8928484246677953,0.19433620189043047,0.5050505050505051,0.0329094247900127,8.51840763406456
29,5,random,0.0,1.7837222673495798,0.8108221922273877,8.742940400830866,2.2342811748789653,1.447570432628153,406985.5910973867,1.1360668595239898,0.1666793750793893,0.5661231884057971,0.043879233053350265,8.507437825801224
29,6,random,0.0,1.7876733575587964,0.8259039411358411,8.728938792709659,2.24681987597314,1.4485403722966106,485983.13170909346,1.3577612029309152,0.13219782443073055,0.635593220338983,0.05484904131668783,8.496468017537888
29,7,random,0.0,1.8201298166267228,0.8769751505584545,8.752135251692165,2.2962216566545304,1.4484224560621421,567330.0094759156,1.5848590217946061,0.11568217329872514,0.6805555555555556,0.05484904131668783,8.496468017537888
29,8,random,0.0,1.8087076417518464,0.8750894419189643,8.729455007660007,2.2201161220815684,1.4395849479699119,647185.1863603413,1.8085259286287851,0.08816026650692368,0.7326007326007326,0.0682154075042102,8.496468017537888
29,9,random,0.0,1.7950827856881177,0.8581632525927329,8.721425570124357,2.0614818804698825,1.4365302189651734,744259.6209527979,2.0717971281914354,0.08343254934956687,0.7601351351351351,0.09874776277882619,8.496468017537888
29,10,random,0.0,1.7921282988750733,0.8614669154949229,8.70157072503236,2.0922477130949866,1.4346073884655324,812615.9067943936,2.2690165856271056,0.07125141596997064,0.8074935400516796,0.09874776277882619,8.496468017537888
29,11,random,0.0,1.7962123303310824,0.8745634146865813,8.696149177188929,2.1045172054198025,1.4315967670137042,899499.2278875393,2.50884822414134,0.07007361998488458,0.82380174291939,0.09874776277882619,8.474622170398524
29,12,random,0.0,1.8040625057022885,0.8966860427004059,8.692240333582198,2.0920793903446335,1.4256740534027073,985479.3733908166,2.746602558798878,0.07140455084143667,0.847457627118644,0.10858745516477873,8.45268255387185
29,13,random,0.0,1.8110163729305464,0.909397955115833,8.696744541215487,2.097173043876728,1.4236964168958226,1057825.9880204878,2.9529997724471224,0.07138229423363068,0.858739837398374,0.11842714755073128,8.45268255387185
29,14,random,0.0,1.7996971685717607,0.8959878520285833,8.690954320186998,1.9640388947940417,1.4213332588235326,1138535.988517532,3.1786327735903237,0.06399610593635521,0.8687943262411347,0.13995766909650273,8.441712745608514
29,15,random,0.0,1.788647001871187,0.8737937509681428,8.682911765760238,1.9659578195940386,1.425939170410314,1220953.1411418323,3.4081922246262137,0.057033000396343375,0.8844339622641509,0.13995766909650273,8.430742937345178
29,16,random,0.0,1.7765536826647437,0.8544405669292303,8.67463020840792,1.9633372715572837,1.427308325649632,1309840.9171714345,3.6526341094942985,0.05945689134510136,0.8714596949891068,0.1497973614824553,8.408897090205814
29,17,random,0.0,1.775724271285567,0.8569121685031719,8.66973509816063,1.9638259675708922,1.4255027607994197,1395500.9538831366,3.8896521939312128,0.0631095159543277,0.8576685660018993,0.15879919521129984,8.397927281942478
29,18,random,0.0,1.7783694192112467,0.8670014015842309,8.66728586222172,1.9645942235141909,1.4218111232071071,1469199.2349936755,4.099158240485452,0.06509865631417508,0.8631713554987213,0.17764072132609693,8.397927281942478
29,19,random,0.0,1.7754200655384358,0.8615035217965628,8.665781060483749,1.9646123708858838,1.4225283877051638,1546238.034526228,4.316347479410318,0.06595578397808499,0.8624808868501529,0.18664255505494148,8.397927281942478
29,20,random,0.0,1.7704607424424748,0.8504196082075334,8.664448072895611,1.9643758555295778,1.4249113412069743,1620794.2189354121,4.527826703551436,0.06753242238464242,0.8555783709787816,0.19564438878378604,8.375987665415805
29,21,random,0.0,1.7560466112837323,0.8196249208457519,8.66138610467943,1.966439691416214,1.430970966322708,1711184.5992540251,4.775724578284241,0.06795240537782513,0.8570429104477612,0.22617674405840205,8.375987665415805
29,22,random,0.0,1.7556025079101443,0.8215227233844157,8.657572488222469,1.9666984746020086,1.4297762354637216,1792304.000837427,5.002299201926061,0.07081658926974929,0.8501967397414277,0.22617674405840205,8.365111626539777
29,23,random,0.0,1.7544240467874628,0.8227164693375102,8.65273592944284,1.9674868936791288,1.4286571200985578,1847902.667543469,5.170176135349953,0.06876139824528862,0.859659386375455,0.22617674405840205,8.35423558766375
29,24,random,0.0,1.753435398625562,0.826037586931631,8.644089169539605,1.9688953556694726,1.4267668607298476,1927173.7873878032,5.392499710991917,0.06829605525812887,0.8658008658008658,0.24585612883030714,8.35423558766375
29,25,random,0.0,1.750199729011117,0.8205192522796093,8.641762103479532,1.9698717406979398,1.4273820810425824,2018937.9775226882,5.6435573483021475,0.06795859059063458,0.8762337371018394,0.24585612883030714,8.343265779400413
29,26,random,0.0,1.7496534133970556,0.8233763673765812,8.640290674723756,1.9712147229551422,1.4253199501734428,2109427.0449321987,5.891682203344018,0.06750691870919162,0.8780133000831255,0.25754695799012606,8.32132616287374
29,27,random,0.0,1.7494956561459105,0.8235868958005147,8.639871317100448,1.970793747192326,1.4250478917293274,2193325.1392145474,6.124647820193415,0.07293241447398935,0.8698453608247423,0.27638848410492317,8.32132616287374
29,28,random,0.0,1.749942192111245,0.8246069061208501,8.63866548768157,1.9696413456330624,1.4246385080602209,2256625.4698042986,6.31023858054984,0.07402357912038673,0.8753126116470168,0.28622817649087573,8.32132616287374
29,29,random,0.0,1.7479255541211167,0.8211005332998312,8.635954448422474,1.9700704204653496,1.4250906105629848,2347436.4350645444,6.559103800648402,0.07541865711158546,0.8760416666666667,0.28622817649087573,8.310356354610404
29,30,random,0.0,1.7440049279700873,0.8148519800706079,8.631963317216183,1.9715934503932135,1.425598193572834,2446219.956258311,6.826305899394062,0.07340210526944135,0.8761682242990654,0.2960678688768283,8.299386546347067
31,1,random,0.0,2.307036949132042,1.61087420624593,8.839287195694421,3.05167422203974,1.3694229621265464,88617.30486988433,0.24381980120073396,0.43169768313902634,0.20833333333333334,0.019679384771905093,8.54713211284236
31,2,random,0.0,1.9918086237387456,1.2172898393985123,8.756484134086211,2.5697691182728852,1.3837389505753153,168081.0493133359,0.4665864134206726,0.2903038825218929,0.32051282051282054,0.02868121850074964,8.54713211284236
31,3,random,0.0,1.8312598211831632,0.9387123989770367,8.712198252597368,2.350050213030376,1.4232000821950812,253780.5493499428,0.7036952635048683,0.23471944831385227,0.4076086956521739,0.04752274461554673,8.54713211284236
31,4,random,0.0,1.7830449434905682,0.824981755165892,8.704383663526025,2.3169125084245996,1.4449727231065927,342663.59939841426,0.9481262786163527,0.19261093390671202,0.5376344086021505,0.057362437001499275,8.54713211284236
31,5,random,0.0,1.784415113460587,0.8128842296897347,8.71349991773235,2.3072006077202776,1.453057289963744,431693.40487669763,1.1928948312164047,0.18531175468779673,0.5787037037037037,0.0599853620355503,8.536306894400262
31,6,random,0.0,1.7889725501337923,0.827613876173051,8.729982963795784,2.2494931194678602,1.4486580087078689,503149.95414249663,1.397244894527742,0.14744899977007764,0.635593220338983,0.06905326616131818,8.536306894400262
31,7,random,0.0,1.7962454849434526,0.8536089982026169,8.728275347023994,2.1391015131106426,1.439851825043452,581661.4936382596,1.6178214353679967,0.12148748585156052,0.6992009132420092,0.08074409532113709,8.536306894400262
31,8,random,0.0,1.8239696754960215,0.9015381814756991,8.744064522683692,2.153427507741027,1.4359685223076162,677816.3599052476,1.8789776277820691,0.09984215672835833,0.7575757575757576,0.09958562143593419,8.536306894400262
31,9,random,0.0,1.8398871261720302,0.9294117454586782,8.743758706874255,2.2330113486130854,1.4344837613768253,777537.8430519069,2.1483370390193848,0.09459759243043958,0.78125,0.09958562143593419,8.525481675958163
31,10,random,0.0,1.8203653301620326,0.8975489546203324,8.726964273914831,2.2460433102129373,1.438042955135064,862463.7648989465,2.3836666592675755,0.09526376896523561,0.8012820512820513,0.09958562143593419,8.525481675958163
31,11,random,0.0,1.816876011948513,0.895598457013919,8.720132467092665,2.2370404580886696,1.4365970002306991,955310.5644538371,2.6372142982438245,0.09254987654689861,0.7877604166666666,0.10858745516477875,8.525481675958163
31,12,random,0.0,1.8038613367119554,0.8769305645515,8.704749338836574,2.2352299526799975,1.4374043577185827,1029807.927963599,2.8485582343162776,0.08152899312260234,0.819672131147541,0.10858745516477875,8.525481675958163
31,13,random,0.0,1.7983393507285,0.871650720839214,8.698833306041857,2.2129049569075416,1.435711360436134,1097868.8191980477,3.0450982841555105,0.07337380867276264,0.8303852201257862,0.10858745516477875,8.525481675958163
31,14,random,0.0,1.7813306880542887,0.8478139937070729,8.694260064103453,1.9887627200168023,1.4334076264155693,1199360.7404948028,3.318529703138048,0.07576052078310008,0.8299457994579946,0.12027828432459765,8.514656457516065
31,15,random,0.0,1.7730267744681292,0.8350414553541089,8.693666908466446,1.961737939708478,1.43304363243205,1311046.6352038442,3.6154072609688424,0.07765779392904612,0.8430755395683454,0.1301179767105502,8.514656457516065
31,16,random,0.0,1.7670559922544586,0.8269449242957044,8.685454417946296,1.9620515716952986,1.4331978877402662,1392988.5621128841,3.843873692859635,0.07939070796923026,0.8359456635318704,0.14180880587036912,8.509369852067788
31,17,random,0.0,1.7590548274762325,0.808483306161661,8.682296465034812,1.9620641606099134,1.4365687186663048,1469455.1935224943,4.059746945101736,0.08016847162050944,0.83855617455896,0.15164849825632168,8.487524004928424
31,18,random,0.0,1.7549612365288372,0.8047315839657228,8.671034849587604,1.9624248280329635,1.436478781101115,1554726.5086915507,4.295870969990561,0.07356378324377011,0.8416458852867831,0.16065033198516623,8.476554196665088
31,19,random,0.0,1.751472266394715,0.8015313804482818,8.661037635630915,1.9630367067182708,1.4363022270694763,1625995.3158595653,4.499789226476991,0.07061521269158566,0.8585426179604262,0.16220753226098392,8.476554196665088
31,20,random,0.0,1.754203071488145,0.811499329013962,8.660033272568187,1.963022679171639,1.4333228482069975,1712003.6044494086,4.737608290233625,0.07060640033243851,0.8680555555555556,0.16220753226098392,8.454614580138415
31,21,random,0.0,1.752519393831585,0.8104974457933991,8.654721088920715,1.9635745773863784,1.4330232880898306,1806983.7336684254,4.99606258743736,0.06543950559624581,0.8834134615384616,0.1704900243711188,8.454614580138415
31,22,random,0.0,1.7462684079704918,0.7989525396918988,8.648222234338398,1.9649060898978914,1.4349091508537144,1876490.1030962246,5.195927237121294,0.06666571924855515,0.8891828336272781,0.18032971675707135,8.454614580138415
31,23,random,0.0,1.7376618376895863,0.7773612931586326,8.647228959131057,1.966506361132062,1.4397171273781795,1981177.034251488,5.476707178778396,0.06388356132970974,0.8859190782422294,0.1901694091430239,8.454614580138415
31,24,random,0.0,1.735473713208539,0.7752934376636429,8.645383879930453,1.9675644103961316,1.4393019638565876,2081157.6547311463,5.746662605881605,0.06457120692215991,0.8955223880597015,0.20000910152897647,8.432768732999051
31,25,random,0.0,1.7375460448953217,0.7855610317420344,8.641804979555788,1.9676865486895767,1.4358320464319507,2169025.761065569,5.988759250450773,0.06369441603970047,0.9017197599261311,0.20901093525782102,8.432768732999051
31,26,random,0.0,1.7402594683334422,0.7976258420320246,8.640057892181785,1.9689860721997796,1.4316120680602271,2265830.763259009,6.251410755495682,0.06351215415986523,0.9062634062634063,0.23054145680359248,8.410829116472378
31,27,random,0.0,1.7408711173759617,0.7985436426276936,8.640449534017447,1.9680928521688745,1.4314751785232147,2351544.0554835275,6.488551327612073,0.062205102212209824,0.9050953516090584,0.24938298291838956,8.399859308209042
31,28,random,0.0,1.743019913662676,0.8065847432020957,8.639304984648657,1.9682160968493811,1.4287040324815512,2445680.0886868373,6.745064203979681,0.05922928561358319,0.9124767225325885,0.24938298291838956,8.367043652806341
31,29,random,0.0,1.7400527518061093,0.8021859366333599,8.631947670127467,1.9693510228051543,1.4292839484552653,2520134.395614445,6.956309109913173,0.0584881452909059,0.9125434027777778,0.2583848166472341,8.345104036279668
31,30,random,0.0,1.7391668898480004,0.8017975329976468,8.62817055785017,1.9693664178750476,1.4289258489477503,2591442.246115043,7.160317166064544,0.05486701925177106,0.91552734375,0.2583848166472341,8.345104036279668
37,1,random,0.0,2.228688513997596,1.519219531735696,8.829966090436104,2.8707377810183,1.3695560622008434,101042.72701044354,0.2723982721240202,0.42661904122821126,0.20833333333333334,0.018213331280671367,8.501513026071187
37,2,random,0.0,1.9688884340182333,1.169367812674529,8.784078205555598,2.4953899473467747,1.394507287875544,202184.3780357395,0.545024069482201,0.2502801420011779,0.3472222222222222,0.03108216025264654,8.485304238520087
37,3,random,0.0,1.85519415739105,0.9540177625242197,8.77658122219938,2.366560528135692,1.4306248092077878,293645.90382298344,0.7953855787928622,0.23835168677560936,0.4076086956521739,0.04623131561746875,8.474516046610084
37,4,random,0.0,1.8099680534822313,0.856276969886581,8.774037565438812,2.339533987263853,1.446310471433178,386232.386623465,1.0483344892339699,0.1971640081117031,0.5050505050505051,0.04623131561746875,8.467986934353288
37,5,random,0.0,1.8013334967252266,0.836291250524076,8.74852798278256,2.3146016895200145,1.4528839526162314,461933.7146625726,1.262447543723917,0.18599556584577576,0.5425347222222222,0.04844469803415184,8.462338773520713
37,6,random,0.0,1.7941575361731887,0.833460798876161,8.756382490986153,2.220845365949883,1.4468065035207989,540163.259783221,1.4823754975014083,0.15667343049643373,0.6147540983606558,0.05721312468214542,8.450337848372424
37,7,random,0.0,1.8245143741097896,0.8780329452698885,8.766463188842094,2.305056596942231,1.450915135403811,616778.6851554194,1.6985909758574644,0.1470374554491493,0.6628787878787878,0.0686557496185745,8.43838814047453
37,8,random,0.0,1.8334961503901555,0.8952505127411058,8.756961417422508,2.3326616800378006,1.4506971939535755,688123.2677957568,1.9026835159302407,0.12421324700906419,0.6944444444444444,0.0686557496185745,8.432967544833431
37,9,random,0.0,1.8461431215398405,0.9242256133286065,8.750234897379071,2.3294180460927763,1.4454654211650533,775554.6615193044,2.1437757214944,0.11473659754650531,0.7211538461538461,0.07224621427753858,8.409411479847567
37,10,random,0.0,1.8533016500822728,0.9391411809939492,8.744578284519557,2.3460956826499118,1.4440545712419708,853197.0303705885,2.362353169852354,0.1039853487792638,0.7548309178743962,0.0804132216479159,8.388350423017965
37,11,random,0.0,1.853086719949805,0.945105237960014,8.738940228293416,2.3296396911270083,1.4400959883031348,947364.6975938373,2.618938804465825,0.10300566335205101,0.7592871485943775,0.0804132216479159,8.377535731421865
37,12,random,0.0,1.8302685810490829,0.9190770966074412,8.728496812065565,2.239833532632316,1.4337161999047732,1027861.2289632469,2.8440808266154676,0.09820520440933622,0.7731958762886598,0.09154099949143267,8.370955401914674
37,13,random,0.0,1.826805959805851,0.9182029472437071,8.720465828812506,2.2340372239340307,1.4316927291276524,1109400.846902253,3.0716219478751823,0.08348218228297938,0.7965686274509803,0.0966050767090374,8.361401758777715
37,14,random,0.0,1.8057172984680139,0.8891812060500158,8.69759940626547,2.217823284106039,1.4321913115355427,1171081.6418969955,3.2534877763630887,0.08263144827988515,0.7975260416666666,0.11223958558204683,8.34974418443935
37,15,random,0.0,1.8025153652500925,0.885568613198592,8.691757199213022,2.2174221366623565,1.4319042477302262,1264429.2487120433,3.5081872720376976,0.08137844193174507,0.8166376306620209,0.12040659295242415,8.335665827775752
37,16,random,0.0,1.7849436416659983,0.851433324051625,8.685874949418164,2.1604128073893234,1.4362266605981233,1367352.7879834133,3.7849114123618492,0.06873972640736215,0.8255933952528379,0.13674060769317878,8.332426880272552
37,17,random,0.0,1.7759588477192876,0.8368057193746795,8.674801502681566,2.1357147765475935,1.4375037477444117,1461756.6865629775,4.042040379094846,0.0657529635317142,0.8202770208900999,0.1449076150635561,8.327006284631453
37,18,random,0.0,1.7750468815272036,0.8434448905355677,8.664821170774522,2.099259203101506,1.4339256671996896,1551530.4533591934,4.288520042726139,0.0701344524520623,0.8191747572815534,0.1449076150635561,8.312952645532153
37,19,random,0.0,1.7775769794535259,0.8517846847150871,8.659731226078137,2.1215324297042732,1.431860753120637,1639780.561125197,4.531495290587943,0.07316117914143369,0.8246527777777778,0.1449076150635561,8.307558549577152
37,20,random,0.0,1.776825090176912,0.855559549541306,8.656045128469472,2.0841793006024836,1.4289451510318802,1718320.853112685,4.752137962159161,0.07517891545516389,0.828363154406892,0.1530746224339334,8.291323262339954
37,21,random,0.0,1.7656095599968527,0.8303219754627772,8.652235514538457,2.0614186038439812,1.4339800073479378,1808496.7323825925,4.999542484479943,0.07296756144702626,0.8247307001795332,0.1610994701246776,8.285464009479886
37,22,random,0.0,1.759336642800062,0.8187844604705137,8.64692406792412,2.0207359321407257,1.4353686725741663,1875599.269253224,5.1938783192823905,0.06891458911759989,0.831958195819582,0.1610994701246776,8.282173844726291
37,23,random,0.0,1.7533118002857826,0.8057902824692184,8.644553605638304,1.9939897575875836,1.4375734370568323,1953010.3485550608,5.411923801676611,0.0685568058140826,0.8298820281124498,0.16870913130694284,8.273463084331597
37,24,random,0.0,1.756038444495942,0.8195318216453018,8.63865902181668,1.965383196458765,1.4325118204344762,2026305.1369074553,5.620501814887114,0.06929073127152978,0.8321775312066574,0.16870913130694284,8.259384727668
37,25,random,0.0,1.7553844589131233,0.820981327528603,8.635940172581883,1.9645333616069292,1.4312301548329045,2102441.775612699,5.835616083909169,0.07274418046277639,0.8357402652973898,0.18244067428826294,8.235287570962376
37,26,random,0.0,1.7530264539498381,0.8184649141229199,8.631310264305245,1.9651837758226016,1.4309429316995097,2172143.4910805114,6.035930029485135,0.07240572341348195,0.8353103993673389,0.18504314604769748,8.229024092579012
37,27,random,0.0,1.7485248035162895,0.8127154228256422,8.630187999138375,1.966117667163597,1.4303698911460077,2259057.1121958694,6.275831358050452,0.06844264013493905,0.8465719063545151,0.18504314604769748,8.211629071475722
37,28,random,0.0,1.7476078760968272,0.8175367248053659,8.626228472174956,1.9680059654982442,1.427171634373721,2331519.8829757473,6.482495730844165,0.06739637684981836,0.8498092265001734,0.1932101534180748,8.205929693392752
37,29,random,0.0,1.7390318749923142,0.8030316555483813,8.623175124946354,1.9712493476848503,1.4284576152478288,2436444.1146509754,6.7638214636971865,0.06367652674561418,0.8571836268754077,0.1932101534180748,8.193490111025493
37,30,random,0.0,1.7377161338619926,0.8002053994498818,8.623929773914291,1.9712028783771327,1.4288372316337639,2503087.1100512818,6.9571003531178865,0.06276141564519255,0.8640552995391705,0.20898682197071736,8.178958166452688
41,1,random,0.0,2.130972325002148,1.4015885794875593,8.804417629847084,2.683552833529401,1.3718521040364036,87429.86001996332,0.24108867804591572,0.39889007365844786,0.20833333333333334,0.022251178295370523,8.658064750891732
41,2,random,0.0,1.9632704036610606,1.1813908014549594,8.745235901621975,2.5019214106335035,1.3822427687609418,179950.27415587282,0.49388563055850754,0.24966198508424986,0.3787878787878788,0.03330595011353643,8.658064750891732
41,3,random,0.0,1.8373483647865572,0.9558820139879703,8.715663864377802,2.2386213658092307,1.416926579878202,286777.96049195103,0.7795893091314876,0.21864840074094483,0.44642857142857145,0.04436072193170234,8.658064750891732
41,4,random,0.0,1.795767812096483,0.8423335489393234,8.736755512125612,2.2915605892160706,1.443591574112294,351235.61351408996,0.9678419110824071,0.1907776936939401,0.5050505050505051,0.04436072193170234,8.644450191052966
41,5,random,0.0,1.79345025868041,0.8267235204716894,8.7284573715604,2.3041198279553496,1.4513956491579376,436515.1531639961,1.203984852277191,0.1593715264359637,0.5918560606060606,0.057500773853938245,8.6308356312142
41,6,random,0.0,1.8035389112301938,0.8472602309818655,8.73189568576773,2.320339454568049,1.4514909690921234,517301.70573178143,1.4297939231830972,0.14916335416309168,0.635593220338983,0.057500773853938245,8.617221071375434
41,7,random,0.0,1.8165443174979703,0.893841264701603,8.72674410644597,2.2141688377019473,1.435689478489299,596836.0915614284,1.6527230105912853,0.13989934119714764,0.6543803418803419,0.07373940845363185,8.617221071375434
41,8,random,0.0,1.8272048506651475,0.9128365036364903,8.73018260881039,2.2286480342349715,1.4341405841335146,680194.7079468892,1.8844478282778447,0.12534147087575326,0.6734006734006734,0.07373940845363185,8.603606511536668
41,9,random,0.0,1.8158626752790112,0.9045755148600808,8.705310532495083,2.223288628855126,1.4313845418453326,749327.7929713181,2.0834539238340315,0.1318420250880819,0.6696428571428571,0.07678865784336297,8.603606511536668
41,10,random,0.0,1.8080787685708426,0.8921137593997808,8.695654275788051,2.2270298067323373,1.4328431218326612,820886.6186896856,2.2880392229862765,0.10803838560604044,0.7183908045977011,0.07678865784336297,8.603606511536668
41,11,random,0.0,1.821664672958155,0.9115179310680113,8.70564792792215,2.260750650659025,1.4330921747672396,919489.7139866618,2.554826342169321,0.10100794992939481,0.7732617586912065,0.08997804305332545,8.603606511536668
41,12,random,0.0,1.809670387174142,0.8902801740082723,8.698772548808261,2.2518828040487215,1.435512906461696,1009126.2947134215,2.8009904778408687,0.10346786981270836,0.7772020725388601,0.08997804305332545,8.589991951697902
41,13,random,0.0,1.8047401691693412,0.8892410885033379,8.698822050532565,2.152093449569072,1.4304810274001418,1094714.0785798607,3.0378423807336796,0.10089440786197476,0.7929804804804805,0.08997804305332545,8.589991951697902
41,14,random,0.0,1.786303265269547,0.8555088086573879,8.693582021465003,2.0412632580710146,1.433577448855025,1206405.2723470335,3.334732126398176,0.09312560629363345,0.8069828722002635,0.09872827437003812,8.576377391859136
41,15,random,0.0,1.783040563933563,0.853852987949848,8.684932360778575,2.024129333323791,1.4325921480370507,1282899.6850875125,3.5506692757012783,0.08080811470547211,0.8281802120141343,0.10969808263337569,8.576377391859136
41,16,random,0.0,1.768652267019926,0.8345741706877549,8.673782588722739,1.9636510079140561,1.4321418858923602,1383245.3577491895,3.8214643228231364,0.0784270288699716,0.8359456635318704,0.12066789089671326,8.576377391859136
41,17,random,0.0,1.7733376821118092,0.8552204071040574,8.670035367920574,1.965132077093712,1.4248010271546214,1476110.8045800477,4.075054850534109,0.0742259192300231,0.85280925401322,0.12481841652943838,8.576377391859136
41,18,random,0.0,1.777395137437183,0.8695765430013565,8.66812280835538,1.9662667943453236,1.4199829520545004,1543692.5814097943,4.270492937242523,0.07138019186395633,0.8698453608247423,0.15535077180405438,8.576377391859136
41,19,random,0.0,1.7708266688795278,0.8565794440409398,8.661736634389003,1.9660568270561254,1.4225846472642412,1628642.9672625419,4.505878824703837,0.0725292279454066,0.8644636015325671,0.17419229791885146,8.576377391859136
41,20,random,0.0,1.772033009706966,0.8621896343548658,8.659825333672845,1.9664146295907534,1.4203002412372077,1718574.6236347316,4.752721634359869,0.07879307017287958,0.8644536652835408,0.18319413164769602,8.576377391859136
41,21,random,0.0,1.7701756195068847,0.8588822100362178,8.657419692668302,1.9662063578174798,1.4207247882803649,1814552.4534572626,5.013470642951686,0.08064572934968195,0.8667452830188679,0.19303382403364858,8.576377391859136
41,22,random,0.0,1.767530569366888,0.8567283683978476,8.650554522771701,1.966748856448352,1.420296228460231,1874838.9884241608,5.192129673375548,0.08664335609034282,0.8545197740112994,0.20203565776249313,8.576377391859136
41,23,random,0.0,1.7571144386267532,0.8346573515886697,8.642300438023533,1.968157774015327,1.4252207329934754,1967340.2888559245,5.4448826643686,0.08021700332926757,0.859659386375455,0.2118753501484457,8.55906435261614
41,24,random,0.0,1.7454990097628558,0.8055990900670945,8.641947395895647,1.9696917988288702,1.431791956379681,2066340.8039487423,5.712583849082076,0.08150565834298226,0.8583690987124464,0.2118753501484457,8.549148272181604
41,25,random,0.0,1.7490450041501489,0.8174928351956631,8.641258396117262,1.969360162171432,1.428054132914555,2153440.0029126555,5.952912006699071,0.08310127799180353,0.8566337719298246,0.22087718387729025,8.549148272181604
41,26,random,0.0,1.7486284213386247,0.8203469098762851,8.63890067725652,1.9693163981758988,1.426077124553213,2248020.833118797,6.210447916173193,0.08189544212072333,0.8597883597883598,0.23971870999208733,8.54818191485434
41,27,random,0.0,1.7523992862072175,0.837838517288168,8.62831069520361,1.970907428779524,1.4198702791418163,2306483.924802503,6.384913027045714,0.07786906164704972,0.8639078498293515,0.23971870999208733,8.54818191485434
41,28,random,0.0,1.74620566375349,0.8208060497929266,8.627786112153746,1.9700548214809759,1.4243100684259995,2389541.833341088,6.615946216684455,0.07281650266600717,0.8697195598154065,0.2495584023780399,8.537299477092539
41,29,random,0.0,1.7408920842098252,0.8101762056000922,8.622325566953737,1.970633658623652,1.4260035419904413,2467805.0080071334,6.835951518416355,0.07259446034659621,0.8716832504145937,0.2495584023780399,8.537299477092539
41,30,random,0.0,1.7391241543202245,0.8065338260765257,8.621536350350484,1.9709480363066245,1.426594941786907,2546113.1981863556,7.056060355828563,0.0719573949225029,0.872093023255814,0.25856023610688444,8.537299477092539
43,1,random,0.0,2.2346784123692554,1.5194238440441172,8.849231971238318,2.871833334925559,1.3735675184089409,103260.55551469623,0.27749927768380134,0.4332621877309628,0.20833333333333334,0.022885249872858168,8.512233174957966
43,2,random,0.0,1.9823668051298302,1.1909191978275282,8.773191287760161,2.5719370167492785,1.3945052708525172,185234.8104713838,0.5060400640841829,0.2665879308858614,0.32051282051282054,0.02784335984364164,8.512233174957966
43,3,random,0.0,1.8529517904905917,0.9585175674858883,8.754895535202168,2.3871671407265045,1.4281061692645605,276263.0830037775,0.7554050909086885,0.2035865924215819,0.46875,0.03432787480928725,8.49902582625981
43,4,random,0.0,1.7969586218481632,0.838327419015144,8.767113582240157,2.27425204972486,1.4437021064437208,359083.84604362765,0.9858928459003439,0.1827803069183685,0.5050505050505051,0.0485360227323051,8.49902582625981
43,5,random,0.0,1.7917868162613402,0.8192158516247205,8.761385060804058,2.290897157259737,1.4494276407200068,442258.6190434785,1.2171948238000012,0.13803836342744044,0.6056201550387597,0.0485360227323051,8.49902582625981
43,6,random,0.0,1.7960773564758705,0.8290793248283823,8.745248968336139,2.2988118373783655,1.4534412639255354,538124.4342191435,1.4776861987040308,0.11834064849035277,0.646551724137931,0.06737754884710219,8.49902582625981
43,7,random,0.0,1.8041017440804181,0.8494724255979565,8.737344381063766,2.2983298386867563,1.4515389803043512,627877.6541448439,1.7241186045331418,0.11019439821946468,0.6897522522522522,0.06737754884710219,8.485818477561654
43,8,random,0.0,1.8226977206165886,0.8886004432193251,8.73033145424839,2.315244398629279,1.4471209120562216,706987.2677253723,1.946070715768357,0.10066310746243351,0.7326007326007326,0.06737754884710219,8.485818477561654
43,9,random,0.0,1.8295964185189302,0.9015906505395724,8.724631053242865,2.339202336791625,1.4471779233134179,799786.026148826,2.1995078601423,0.09147176368249889,0.7601351351351351,0.0762239966352439,8.472611128863498
43,10,random,0.0,1.8177832304992663,0.9030176410168269,8.708282256872062,2.251814344315445,1.4345387268893985,911154.5252354037,2.4956554080414284,0.09450298139084023,0.7659313725490197,0.0924626312349375,8.465956866643797
43,11,random,0.0,1.8087981403250155,0.8951528506781463,8.696999362685549,2.2250998174742063,1.431638037609447,992484.2375042732,2.7227137462598274,0.0868807950346982,0.7877604166666666,0.1087012658346311,8.4572726059352
43,12,random,0.0,1.8046994748432408,0.8905411086556426,8.688792297736079,2.2328307426095537,1.4317689045682371,1069516.8380202511,2.9398887274465766,0.07177320736979524,0.819672131147541,0.1087012658346311,8.43996687076426
43,13,random,0.0,1.7993976745876135,0.8837927723988621,8.68139663535147,2.229309929159109,1.4317123367639222,1133964.9538629148,3.1281193938847034,0.06818680896157372,0.8343206951026856,0.1087012658346311,8.431333827306059
43,14,random,0.0,1.785571089666244,0.8688711873818762,8.667133559502867,2.0992047862170278,1.4285241027113174,1237110.8300323554,3.4053549090744166,0.06947944910784501,0.8401920438957476,0.12245531225271265,8.410261201480598
43,15,random,0.0,1.7835483911289,0.8699503483519289,8.666821236461875,2.005756344739442,1.4256972036142828,1318954.5125264202,3.6335953788107664,0.06255081467550812,0.8585164835164835,0.12245531225271265,8.406971036727002
43,16,random,0.0,1.774303550108866,0.8558640393025558,8.66041109086046,1.9638891266298668,1.4262661822535232,1424932.9191758777,3.917345714104519,0.06138768924823196,0.857449088960343,0.1316376991600508,8.394582671610138
43,17,random,0.0,1.7704060731438214,0.8535659863065627,8.656714223539415,1.9653050750717636,1.4245058811997544,1495027.2356849862,4.118562642075466,0.06324012529957675,0.8552320075757576,0.14812164416823928,8.382608246147946
43,18,random,0.0,1.7611030554837868,0.8343611503666715,8.651950670515903,1.9663570049430226,1.42838491047069,1612988.5068518932,4.429873565759347,0.06453527040113133,0.8458646616541353,0.16696317028303637,8.366929716277486
43,19,random,0.0,1.760042061108962,0.8363411598968677,8.652989169162737,1.967235379075426,1.426209893229285,1710801.7451185393,4.694844013772627,0.066026733827799,0.8507730015082956,0.18664255505494146,8.348665312745833
43,20,random,0.0,1.7590992001235322,0.8363733569120415,8.647630074551454,1.9676695211923536,1.4257955890852263,1797511.1937782564,4.934275745689972,0.06896405826670078,0.8555783709787816,0.18664255505494146,8.345426365242632
43,21,random,0.0,1.753159311263895,0.8209372184907422,8.647491802427078,1.967634143556754,1.4295743664923874,1878211.7809497407,5.159887096184383,0.06961765986401598,0.8554469273743017,0.19745654874007623,8.33374229121817
43,22,random,0.0,1.748438573656428,0.8104317864613634,8.647360008636532,1.9687826672101443,1.4315837162827452,1974555.1260661318,5.421476789952078,0.06998755645205679,0.8516328828828829,0.21939616526675138,8.319223495213803
43,23,random,0.0,1.751249223598166,0.8225401061911073,8.643612698918416,1.9690992635048628,1.427316940984473,2040760.6288867577,5.613749446439513,0.06757116624571154,0.8677821522309711,0.21939616526675138,8.303014707662703
43,24,random,0.0,1.7489515374865416,0.8183120729477277,8.640719389100303,1.9691699808037875,1.427887720963134,2110155.8766001253,5.813358516180255,0.0646142507405988,0.8759124087591241,0.21939616526675138,8.282646372929644
43,25,random,0.0,1.7519752800539241,0.8268024314162017,8.641100602901009,1.9686288558937985,1.4253348993865274,2177005.094459061,6.007111717255805,0.06079396462902718,0.884567481884058,0.23036597353008895,8.27699821209707
43,26,random,0.0,1.7461024091080348,0.8147769206287625,8.635000181005006,1.969557174356834,1.4276586288238415,2247032.3165846798,6.208174328144723,0.06305373900806793,0.8890993265993266,0.24133578179342652,8.260070202763329
43,27,random,0.0,1.740546973965179,0.8030996159932126,8.633667146567884,1.9712806814296415,1.429680149214957,2340859.835998911,6.463977622797449,0.0652234654920344,0.8871203271028038,0.24133578179342652,8.245965346413634
43,28,random,0.0,1.7408236445485086,0.8072364438846579,8.629134956609617,1.9718725995642987,1.4278426837911875,2411389.402624785,6.6661956260369575,0.061693804054977944,0.9013980868285504,0.24133578179342652,8.23165764243676
43,29,random,0.0,1.7392932490404187,0.8047556944211174,8.628771133396148,1.9721654494288505,1.4278656832233403,2497845.7640890307,6.905045257404718,0.05911332746602278,0.9134949600278067,0.24133578179342652,8.206764594177063
43,30,random,0.0,1.7373001184857564,0.8010596972577302,8.629162255301546,1.9726344687645365,1.4281751605865773,2602500.936230192,7.1857521533293855,0.05879110621247868,0.9146341463414634,0.25230559005676406,8.191575938775967
47,1,random,0.0,2.2739334541138785,1.5796588980669806,8.81608722803861,2.9872856081130994,1.3645589256271404,90964.02169780989,0.24921724990496275,0.44111612459220556,0.20833333333333334,0.022885249872858168,8.547266594297994
47,2,random,0.0,2.0014030133959753,1.2470505688704197,8.728775998962055,2.5626596233140106,1.3720069140687594,169440.89155001848,0.4697140505650426,0.2519374428399761,0.4166666666666667,0.022885249872858168,8.547266594297994
47,3,random,0.0,1.8713982034417127,1.023501123891807,8.717465963918855,2.3804937638521544,1.4077905789210476,243481.27269190902,0.680006927191391,0.24415629520259857,0.44642857142857145,0.02417868467727668,8.547266594297994
47,4,random,0.0,1.812819585530262,0.8827084966732666,8.734405353524002,2.3284475959726576,1.4372237428980674,349405.69594259834,0.9636331006679764,0.2370571721334384,0.46296296296296297,0.03626802701591502,8.535403038760204
47,5,random,0.0,1.7909521305168197,0.828609293680067,8.740528623328505,2.297783364559082,1.4466809268293455,435553.3893899247,1.201772795596827,0.20610381488178708,0.5425347222222222,0.05465534748092667,8.535403038760204
47,6,random,0.0,1.7863197397659536,0.8113967269514621,8.726187602124797,2.3168100383348085,1.4532957866960525,497456.87279209914,1.384150807421828,0.16407249875754693,0.635593220338983,0.06268019517167085,8.523539483222415
47,7,random,0.0,1.7847472396374406,0.8241640608046216,8.734715617833803,2.184075947881194,1.4452798067996742,605096.129127945,1.6717210969942737,0.1454318704570982,0.6805555555555556,0.06268019517167085,8.523539483222415
47,8,random,0.0,1.7895024438911418,0.8414109532650794,8.738794677105663,1.976997555618501,1.4387123723169704,714983.2846270713,1.9644615546422641,0.14187843224992921,0.7017543859649122,0.09142164636419764,8.523539483222415
47,9,random,0.0,1.8030125035203415,0.8755508340573845,8.72952925523759,1.963121502416596,1.432700763815965,788245.6139156312,2.1729649120059524,0.13215746706476705,0.7336956521739131,0.10311247552401655,8.523539483222415
47,10,random,0.0,1.8048419705877214,0.8824041962167956,8.725930145798095,1.9634097571049693,1.4307673237925314,877048.2531627577,2.417210982274344,0.12453403896568513,0.7387706855791962,0.12464299706978801,8.523539483222415
47,11,random,0.0,1.789095291522413,0.8660354956603831,8.704574536498445,1.9636625919655686,1.4289548119977658,950124.0814782697,2.6252853874000213,0.11715022146363101,0.7370857699805068,0.13633382622960694,8.523539483222415
47,12,random,0.0,1.7872960013043853,0.8627201537556306,8.69999620722363,1.9625697891993652,1.429623514603099,1024189.8706252966,2.8356367024381828,0.10457760912300706,0.7653061224489796,0.13633382622960694,8.523539483222415
47,13,random,0.0,1.791540934260589,0.8783604500700329,8.69275698389167,1.963304172578222,1.424667901075277,1121781.2120229136,3.1000967876527015,0.10771645365129608,0.7588002873563219,0.13633382622960694,8.511675927684625
47,14,random,0.0,1.779626317689229,0.8599011890910191,8.679211400609299,1.9642936409978697,1.426820451744679,1201312.796355393,3.323019431617404,0.10902640374584857,0.7561728395061729,0.1578643477753784,8.511675927684625
47,15,random,0.0,1.7808010275980983,0.866864851680683,8.674406712393054,1.9647486811115602,1.4240647959874198,1294559.21024234,3.5774861835573826,0.1109296212535736,0.7560483870967742,0.1578643477753784,8.511675927684625
47,16,random,0.0,1.7757588968186566,0.8603105219272641,8.668109014692412,1.9656090191044004,1.424246766155177,1382381.5387084824,3.8194775390295095,0.10087151355412538,0.7797270955165692,0.17670587389017547,8.499812372146835
47,17,random,0.0,1.7774643311223803,0.8687816466827845,8.664688393035108,1.9664011042624807,1.4206700319079353,1448726.2559686485,4.01207038872789,0.10076630881316026,0.777885443583118,0.17670587389017547,8.499812372146835
47,18,random,0.0,1.7754742891565192,0.8630949892344949,8.666821210889644,1.9658456374536133,1.4220175919058267,1534819.8785773802,4.25008572072797,0.08318265728041148,0.8093525179856115,0.18570770761902003,8.499812372146835
47,19,random,0.0,1.7755116146125611,0.8654562339469655,8.66455522542434,1.9664335046175796,1.420775004079876,1608313.18687813,4.459120329819691,0.08036697164793065,0.8264652014652014,0.19470954134786458,8.499812372146835
47,20,random,0.0,1.7738429555820423,0.863615889179011,8.66105493897236,1.9667568896186514,1.4206867543815378,1693360.3854280259,4.694728886484446,0.08039789119634456,0.83166999334664,0.19470954134786458,8.487948816609045
47,21,random,0.0,1.7736988441829646,0.8663260897386209,8.657753670383679,1.9672692603182762,1.4191560838864132,1777637.146442105,4.928565436816825,0.07891751010876832,0.8367486338797814,0.19470954134786458,8.487948816609045
47,22,random,0.0,1.7709155464298703,0.8630259498425892,8.65130999347786,1.9679913950211088,1.4193501192975482,1846728.9633039027,5.1274766155989555,0.07738190517451604,0.8388796450360511,0.19745654874007623,8.476085261071255
47,23,random,0.0,1.7637269358980416,0.8486673608329967,8.649934519087129,1.9687542630674835,1.4220242178590181,1961774.2226420417,5.432080712076673,0.07755274763841197,0.8451559304703476,0.21939616526675138,8.476085261071255
47,24,random,0.0,1.7650626691477531,0.8550581469539591,8.64321049397063,1.9689990886004314,1.4197631425716983,2023540.8119539714,5.614143867494106,0.07730754356675705,0.851063829787234,0.21939616526675138,8.464221705533465
47,25,random,0.0,1.7541318599533657,0.8285750257829061,8.639642988489902,1.9690214639974766,1.4261693875590646,2102745.7712351778,5.836315273840876,0.07810473318130581,0.8588940193491644,0.21939616526675138,8.464221705533465
47,26,random,0.0,1.7531516878443505,0.8266579694875982,8.640304220669636,1.968670159014152,1.426191718449895,2186174.4867603234,6.068201319548707,0.07435678962927454,0.8747412008281573,0.21939616526675138,8.464221705533465
47,27,random,0.0,1.7480514363381228,0.8185733840975561,8.635965991270702,1.97021547857049,1.4268273465236847,2273240.989309104,6.308454275410895,0.07670598363678055,0.8718427095292767,0.22339075984861426,8.452358149995675
47,28,random,0.0,1.7409450710860361,0.8001072446388189,8.631957767854452,1.9702963514691239,1.4315342845289512,2350563.187229591,6.526295330628009,0.0722729533208691,0.8771929824561403,0.24133578179342652,8.452358149995675
47,29,random,0.0,1.7380748214360238,0.7940565445815865,8.633099571171703,1.9708171327487163,1.4323886839630622,2455436.6558035132,6.807504308348024,0.07216565461644055,0.8734214024592888,0.24133578179342652,8.440494594457885
47,30,random,0.0,1.739055385293716,0.8015487552730021,8.627211256533608,1.971817611961465,1.4292414010040817,2538544.9071319164,7.038653286403348,0.0720723066431076,0.8761682242990654,0.25230559005676406,8.440494594457885
7,1,resource,0.0,2.2667638714966536,1.5771605712187082,8.79684167898675,2.9906894564525888,1.3600905347997811,38522.2792107158,0.12860124218464633,0.44475119208798375,0.20833333333333334,0.0,8.50157932725773
7,2,resource,0.0,1.9906247328748334,1.2388504554635882,8.710717203975621,2.5492936290682775,1.368845648070386,94044.96740828898,0.2963034250390647,0.2579743237848483,0.4166666666666667,0.007303423746407736,8.49507699609128
7,3,resource,0.0,1.8329749822072277,0.9657378404721938,8.690946025316663,2.2194004750002767,1.4088765863821584,170676.69958034967,0.5125564090348044,0.18357717205380264,0.625,0.023801516243386743,8.491008943715796
7,4,resource,0.0,1.784780431732941,0.864296136772999,8.672796693039976,2.0687200658929017,1.4229747203896037,284287.2141904124,0.8138605926379486,0.1151097553291329,0.8333333333333334,0.023801516243386743,8.48230933874159
7,5,resource,0.0,1.7692073719342718,0.8041629549941793,8.685812200522744,2.2602530806534866,1.4454251566416623,362307.3715203144,1.0333069544967235,0.09804119354482332,0.8138020833333334,0.023801516243386743,8.472685939843092
7,6,resource,0.0,1.7814124083196459,0.8242444222466495,8.68135627608871,2.285335444892767,1.4498701924644748,419556.82555721386,1.204980698781592,0.09791562430953943,0.7352941176470589,0.023801516243386743,8.465245131912885
7,7,resource,0.0,1.8005493587480628,0.8721669772550836,8.69955695317424,2.231665116071823,1.4375065893592045,492175.7132330241,1.4120041404359556,0.09480357303110709,0.7397342995169082,0.030532355274616004,8.458742800746435
7,8,resource,0.0,1.8056145609923455,0.8863627263360125,8.701454356084556,2.214171415901873,1.4334586454124647,579228.4463128422,1.6522254265195369,0.09095287214354478,0.7490636704119851,0.03816647817905503,8.45004319577223
7,9,resource,0.0,1.8262915696487574,0.9205067971756317,8.71250957420478,2.246542252212654,1.4309626135707632,668722.6785599961,1.8980621606879906,0.08867938083926122,0.7670454545454546,0.045770499745716335,8.439598656141634
7,10,resource,0.0,1.8222143114320632,0.9212775975754034,8.704130994374541,2.222265139743717,1.4269579865122797,755818.6422418924,2.1383828771563524,0.08278600079461643,0.8074935400516796,0.05921357377536564,8.436351744498248
7,11,resource,0.0,1.8059786634931139,0.9015275992862013,8.684684483392783,2.170853525277056,1.4258641725018966,817280.6961387515,2.3197456011191284,0.0898263925242695,0.7638888888888888,0.05921357377536564,8.432157848211427
7,12,resource,0.0,1.8117649062419683,0.9164746750079854,8.67878560674748,2.2067887321799406,1.4222924290620513,888892.6808906021,2.5244531660483847,0.0957073413778573,0.7389162561576355,0.05921357377536564,8.424294066808784
7,13,resource,0.0,1.7975964529401363,0.8949893541660496,8.665446866512747,2.1593142633383713,1.4236432427250312,949007.1287024842,2.7027163960157146,0.09979199473656569,0.7214822404371585,0.05921357377536564,8.420100170521962
7,14,resource,0.0,1.7956906624306601,0.8968338735451236,8.654874239913234,2.156558291032133,1.4214536834311955,1001601.4362416306,2.8636833033557516,0.10210110604528802,0.6897522522522522,0.05921357377536564,8.403536784145114
7,15,resource,0.0,1.7878871825440465,0.8791697747532203,8.654836982222813,2.1430929050086007,1.4253828278851417,1118392.8122899216,3.172303468266821,0.09934656038767714,0.7301401869158879,0.07373940845363183,8.395400679394147
7,16,resource,0.0,1.7758229569081667,0.8499340929640261,8.65069181506662,2.159309544560879,1.432763990494396,1206016.7484070894,3.413838521336307,0.09816655809117436,0.7554296506137866,0.08773856347091485,8.388898348227697
7,17,resource,0.0,1.7619343209656295,0.8352841694456734,8.6450418137752,1.9670680022774172,1.4292245336701477,1282175.1854825611,3.629002926609892,0.09627647889201697,0.7507273482959268,0.09958562143593419,8.388898348227697
7,18,resource,0.0,1.7599767183933317,0.8337679728116126,8.642345251072564,1.9677683208999999,1.4286175423306462,1365254.1599859686,3.8600845679677294,0.09971666511715974,0.7450331125827815,0.09958562143593419,8.383343001704683
7,19,resource,0.0,1.7636978825708816,0.850372835655267,8.633781962493932,1.9693513723533014,1.422535952760789,1415003.1907099308,4.014507338632842,0.10605263591111014,0.7149081115335868,0.09958562143593419,8.36720258880027
7,20,resource,0.0,1.761554840844802,0.8476866392429068,8.63025051927388,1.9700642014652765,1.4225240824278798,1495413.1354400832,4.23945021151219,0.10824315987327013,0.7062146892655368,0.09958562143593419,8.360826101545157
7,21,resource,0.0,1.7658817706936405,0.8615075778865152,8.626288392793343,1.9710443129513282,1.4181058343148194,1575979.1662409282,4.464752082354128,0.11264266251615401,0.7078197226502311,0.09958562143593419,8.356632205258336
7,22,resource,0.0,1.7629344420503454,0.8550479758880719,8.625051797211526,1.9710923463696048,1.419441051765729,1651577.1560438343,4.678627458900808,0.11699002361388272,0.7021819870009285,0.10373208947140698,8.351076858735322
7,23,resource,0.0,1.763598709404811,0.8549550201737114,8.625677779742828,1.9702942740466067,1.4198215054891163,1731786.1263240902,4.903108090545391,0.11415708644004507,0.705559112249253,0.10373208947140698,8.338746857697533
7,24,resource,0.0,1.7535989007897572,0.8338918528025784,8.62175357558314,1.9707313210269848,1.4238634692183736,1799295.9834952992,5.0983807620391675,0.11877839817949618,0.7033997655334114,0.11970708708467892,8.333191511174519
7,25,resource,0.0,1.7505492701731,0.8296799577152868,8.617955286814661,1.9714405304144837,1.4238413233497498,1879627.2568752638,5.323142690813084,0.119652057572846,0.6985425608011445,0.11970708708467892,8.324491906200313
7,26,resource,0.0,1.7497831062724025,0.8293229418868593,8.617165375369336,1.9716310887621706,1.4232554251005258,1956915.2993321354,5.540905188463884,0.12534238266997422,0.6923959357587676,0.11970708708467892,8.314868507301815
7,27,resource,0.0,1.7527576284060753,0.8420642148891845,8.611974671979953,1.973406458741419,1.4184721073302229,2005474.2248687632,5.692590717198122,0.12881754428708198,0.6762021371326803,0.11970708708467892,8.310674611014994
7,28,resource,0.0,1.7502621729983439,0.8379608401466226,8.610888768268497,1.9740276366584655,1.4187372321628913,2070222.5661742946,5.88151190220084,0.1306781499136362,0.6788584095317263,0.11970708708467892,8.300925368205158
7,29,resource,0.0,1.7480551523488668,0.8335215211788096,8.610071289573888,1.9741727117297414,1.4193716284080364,2173553.4585309555,6.159172954621155,0.13305561977049438,0.6838732760863908,0.1316376991600508,8.296857315829675
7,30,resource,0.0,1.741358114641617,0.8202997350392749,8.614298369639107,1.9745742339629337,1.4210168801868268,2277798.7304710215,6.438937080083303,0.13273989923266696,0.6985842026825634,0.1489595028253473,8.28584927597584
11,1,resource,0.0,2.23869812579906,1.5464272974756603,8.785250740618485,2.928925053752654,1.3589389599570343,37026.56463216244,0.1251610986539736,0.41830405542531723,0.20833333333333334,0.0,8.538844101127568
11,2,resource,0.0,1.982890912148779,1.2276697921650832,8.70831049658591,2.5402310665853967,1.3700024165618954,95177.52804509837,0.29890831450372624,0.24329306529566125,0.4166666666666667,0.007303423746407736,8.525705651967392
11,3,resource,0.0,1.83169553727155,0.9611392296529534,8.694569942526659,2.2150002157413584,1.4102638980487008,170524.08834698636,0.5122054031980687,0.15952390667814137,0.625,0.023801516243386743,8.517871655622647
11,4,resource,0.0,1.7779736465800675,0.8433501611415056,8.675165307961592,2.157871451399118,1.4296863456938076,270965.1301623572,0.7832197993734217,0.10373078920607351,0.7575757575757576,0.023801516243386743,8.512987700607109
11,5,resource,0.0,1.7660556425204668,0.7998927914296577,8.682051983652581,2.2550238478939684,1.445654536168619,373730.6070210884,1.0595803961485035,0.070635063535667,0.8400537634408602,0.0329094247900127,8.50156956432607
11,6,resource,0.0,1.7789941306067087,0.8094650301593206,8.707124038074967,2.272935909308721,1.4521802660325376,435191.3725509225,1.2409401568671217,0.05855744654161524,0.8152173913043478,0.0329094247900127,8.483547160150357
11,7,resource,0.0,1.79278062847248,0.8476193384196534,8.7032939180402,2.2539076017255693,1.4442360763384623,508290.87660512433,1.4490690161917859,0.057881293264488834,0.7618159203980099,0.0329094247900127,8.46944757232718
11,8,resource,0.0,1.8251431493381987,0.9190907111449315,8.703705223021696,2.2755608716576723,1.4323770079644553,571193.5244698075,1.6337451062805572,0.05851658034510844,0.7326007326007326,0.0329094247900127,8.453660586600803
11,9,resource,0.0,1.8370569908119179,0.9396368579100062,8.70260439551722,2.310764097189451,1.4314433463841838,632972.23188176,1.815836133328048,0.062183210842017556,0.715042372881356,0.0329094247900127,8.437804528397027
11,10,resource,0.0,1.8366428021296277,0.9395347743202203,8.705775122707657,2.2925878176792533,1.4301471749339376,705615.0537066086,2.0229146235251996,0.0703699602268278,0.7183908045977011,0.045770499745716335,8.431803627641795
11,11,resource,0.0,1.7964750236359048,0.8712946043726294,8.702719183850649,2.1028962205771955,1.4330932186138892,824742.0525749975,2.3369067209224945,0.06009527747466044,0.7877604166666666,0.061064710549232,8.431803627641795
11,12,resource,0.0,1.7933434421910814,0.8741956678088104,8.686063625425248,2.120245689893313,1.4303258794762688,890474.2200339232,2.5280907060780238,0.0728135559802611,0.75,0.061064710549232,8.411502094783767
11,13,resource,0.0,1.7872572519109355,0.8703005004432356,8.67285149818038,2.092217369594834,1.428265604968857,959285.0289881815,2.7263555666728188,0.0795144475287955,0.7244513031550068,0.061064710549232,8.39415968295641
11,14,resource,0.0,1.7889289523686394,0.8770225964486579,8.66697512640963,2.114809400780647,1.4263874510434509,1042129.0797507113,2.9568968834266367,0.08139729967661537,0.7317801672640383,0.07373940845363183,8.38538100354011
11,15,resource,0.0,1.7937648781094135,0.8918765646134319,8.664543862648765,2.0952863272832816,1.4213493060772469,1113913.8904295187,3.162001947987894,0.08312650715728012,0.7301401869158879,0.07373940845363183,8.376912908588277
11,16,resource,0.0,1.7752735811088005,0.8551964271984843,8.653076874310278,2.0575226102342374,1.4280813165136683,1171070.2951514528,3.3334616788483427,0.08967840093400985,0.7149240393208222,0.07373940845363183,8.366040514934769
11,17,resource,0.0,1.7708022453498373,0.8504676976727125,8.643974919302407,2.035617601002501,1.4275609341972866,1258153.0915147702,3.573752110483973,0.08898109967703814,0.7219224620303757,0.07678865784336296,8.34415291891843
11,18,resource,0.0,1.7704904247064859,0.8536260424199401,8.63810586028534,2.0222649101020718,1.4259974438863092,1326031.885645008,3.7698733369835193,0.08843036523875494,0.7305194805194806,0.09576341116165904,8.338152018163198
11,19,resource,0.0,1.7669988555158154,0.8500188491468289,8.635775809308887,1.9690469161021589,1.4251850275095035,1403502.6075178199,3.9880559972909864,0.08924118134663742,0.7287629198966409,0.09576341116165904,8.326767901355288
11,20,resource,0.0,1.7652130326540802,0.8492759170982818,8.631759907839506,1.9677013449140384,1.4242846749371625,1467564.6126446761,4.175398609082752,0.09812598087377017,0.7196315486470927,0.09576341116165904,8.318919629134344
11,21,resource,0.0,1.7679152667439382,0.8608359984177162,8.625335141178894,1.9692264317000272,1.42001745606585,1534458.3885495611,4.3692542936639835,0.10173704836788783,0.7100077279752705,0.09576341116165904,8.302198853796812
11,22,resource,0.0,1.769531782310842,0.8597634893512388,8.628405929603492,2.013539763382137,1.4217678204582909,1620685.143556089,4.607575830178992,0.10193269463292126,0.7181861348528015,0.10373208947140698,8.284218444298498
11,23,resource,0.0,1.7572768882841607,0.8404918412251781,8.629398699096898,1.9690237772745958,1.4223766623011307,1726690.6480089189,4.891388490420497,0.09712523756716321,0.7337438970261873,0.12027828432459765,8.27933448928296
11,24,resource,0.0,1.7546260920835508,0.8378492091247951,8.624846916188762,1.970027245592675,1.4220135746253837,1783921.9721887333,5.063020536034067,0.103350908604202,0.7109004739336493,0.12027828432459765,8.265933163158522
11,25,resource,0.0,1.7494846483252897,0.8272594267193586,8.622456070787626,1.9705952897535577,1.4239013361599653,1857081.5623492592,5.2712875934032715,0.10451058183460073,0.7193830570902394,0.12027828432459765,8.258084890937578
11,26,resource,0.0,1.749406686428976,0.8293449852938021,8.61981154462371,1.9711495364025748,1.4226363272023315,1932008.6525266736,5.483619900811322,0.10784126153976972,0.7141649763353617,0.12027828432459765,8.24294836499942
11,27,resource,0.0,1.74832030967333,0.8305643030184848,8.615002997760715,1.9722645316987466,1.4211582619339633,2004579.9272698218,5.690533832720558,0.1111260110586118,0.7110252808988764,0.12027828432459765,8.226212702727302
11,28,resource,0.0,1.746894363004787,0.8299256617040048,8.612726262978427,1.9730070232782397,1.420246979508155,2055457.9194693132,5.847553214779382,0.11338295229174092,0.7016036655211912,0.12027828432459765,8.208190298551589
11,29,resource,0.0,1.7525395978884777,0.841979226237657,8.614851722349735,1.9722715821537629,1.4176155701615525,2102092.3328709356,5.99481236560311,0.11474105587960617,0.689253868345135,0.12027828432459765,8.195207656468106
11,30,resource,0.0,1.7489461857738027,0.8336207170285224,8.614044760659054,1.9721046156081703,1.4194495694955651,2174079.016795858,6.200381738630427,0.11460417899894157,0.6923929098966026,0.12027828432459765,8.188318954253303
19,1,resource,0.0,2.2353103850858824,1.5422943203715764,8.785701567683644,2.9199872832314924,1.359078155174262,38422.746806780975,0.12837231765559626,0.4172836344657849,0.20833333333333334,0.0,8.602859600415444
19,2,resource,0.0,1.9951423592646924,1.2406502761941418,8.7234765850783,2.548326009886026,1.3709487945656307,93629.68403509315,0.2953482732807143,0.24757766512136564,0.4166666666666667,0.007609661182265252,8.602859600415444
19,3,resource,0.0,1.830863794786233,0.9688274429512669,8.674511323541443,2.217115244043483,1.4057574677690448,179912.30735086158,0.5337983069069817,0.19265052124180687,0.625,0.022251178295370523,8.602859600415444
19,4,resource,0.0,1.7800741566546154,0.8510618310539902,8.67998690485434,2.046475278604378,1.426542598511804,292423.3569895365,0.832573721075934,0.1309333766899623,0.8333333333333334,0.02999268101777515,8.59976385515923
19,5,resource,0.0,1.7642612354355254,0.7983673486463349,8.681300163976616,2.2127449173639766,1.4448135686498125,385696.1207433227,1.0871010777096421,0.10175689483448792,0.8680555555555556,0.0329094247900127,8.595113206456727
19,6,resource,0.0,1.7775610044373331,0.8103299920658241,8.705145095523452,2.254512365155039,1.4505616501654341,445260.19721435255,1.2640984535930107,0.08580174048212391,0.8522727272727273,0.0329094247900127,8.595113206456727
19,7,resource,0.0,1.8105973353362805,0.8879300462175567,8.70615068802154,2.254760321143431,1.4372377210149856,499725.6551145386,1.4293690067634386,0.08365091671400504,0.7733585858585859,0.0329094247900127,8.58736681249801
19,8,resource,0.0,1.8253529521835266,0.9117859456698463,8.713100658481745,2.2847339464650656,1.436483504961185,593183.2455347576,1.6843214647299418,0.08116145405219599,0.7843137254901961,0.03816647817905503,8.58736681249801
19,9,resource,0.0,1.8174736650811485,0.9056098049360248,8.701603262728256,2.263700591784171,1.4336608614268809,654389.0053277302,1.8650947122537787,0.09442574833775613,0.7466814159292036,0.04760303248677349,8.579620418539292
19,10,resource,0.0,1.7977634693359945,0.8827083918243273,8.696222124570308,2.029608181499025,1.4279687881583147,735224.5141398672,2.091016382521694,0.08788779134601325,0.749400479616307,0.07090440293518456,8.571874024580575
19,11,resource,0.0,1.8037779807828624,0.895039597175034,8.695533210839315,2.0766986263164666,1.4262252293385185,841872.218060198,2.3763061015384546,0.08205590475693317,0.7780349794238683,0.07090440293518456,8.569771174141453
19,12,resource,0.0,1.7926677118198018,0.8748105281349914,8.68647419627909,2.080600611915286,1.4293699899413255,927284.3212209274,2.612753938808132,0.08922960835498524,0.7653061224489796,0.07090440293518456,8.564127630621858
19,13,resource,0.0,1.7931963352052356,0.8823896927436528,8.678249948796786,2.077491831358888,1.4260269658357605,997611.8063527629,2.814507154611354,0.09149091938194014,0.7523148148148148,0.07090440293518456,8.564127630621858
19,14,resource,0.0,1.8019755769634556,0.9063120361332389,8.671472313419242,2.1019674083870346,1.419468785997189,1044082.9779357128,2.961390849252139,0.08956282900088992,0.7317801672640383,0.07090440293518456,8.55638123666314
19,15,resource,0.0,1.785759879100287,0.8705826923318378,8.666622404813676,2.091962986929028,1.4275382004605062,1126971.595637317,3.1920346699658295,0.09492361768654947,0.7464171974522293,0.08718121728280281,8.55638123666314
19,16,resource,0.0,1.780784503574804,0.8652652092553557,8.661171962143381,2.0369827418164297,1.4264769396620343,1198827.0606296882,3.397302239448284,0.09970798443465786,0.7285974499089253,0.08718121728280281,8.548634842704423
19,17,resource,0.0,1.7753773834380029,0.8602461139602119,8.646229993299372,2.0297387434679566,1.4259670993686742,1258297.9398403442,3.574085261632793,0.10391674554007248,0.7033683800623053,0.08718121728280281,8.548634842704423
19,18,resource,0.0,1.775544255280617,0.8630396445747862,8.640841446288272,2.0454018732347308,1.4248651197245674,1339978.605417288,3.8019507924597638,0.10844128298524397,0.7120253164556962,0.08718121728280281,8.540888448745706
19,19,resource,0.0,1.773000470805674,0.8619552165035287,8.638087074819788,1.9998423256396287,1.4232922354791413,1414309.1326990593,4.012911005207838,0.10812377547028544,0.6989622057001239,0.08718121728280281,8.533142054786989
19,20,resource,0.0,1.7835638820366415,0.8771579328752751,8.646892777850853,2.1162577042627277,1.422529524971481,1480039.7125894646,4.204091338955765,0.10071525135078066,0.720876585928489,0.09159706582384802,8.533142054786989
19,21,resource,0.0,1.7798672065220387,0.8727322252985528,8.640512965311405,2.0963129488464336,1.422359383938229,1548458.457348136,4.4014544519007055,0.10625655395466888,0.7056451612903226,0.09159706582384802,8.525395660828272
19,22,resource,0.0,1.7718542348471,0.8541512920322012,8.637806431924666,2.094226563521836,1.426866992334177,1655471.3252105354,4.68758404798422,0.10846323750295059,0.7202380952380952,0.103732089471407,8.525395660828272
19,23,resource,0.0,1.7575607369409278,0.8250536986605207,8.626020776949565,2.083158417645141,1.4325755201617265,1734766.2218557897,4.9099623102683,0.11147338284977776,0.726010101010101,0.11914974089656688,8.525395660828272
19,24,resource,0.0,1.7573295049890365,0.8301086907130982,8.62337139549712,2.0394770253947936,1.4292907197279638,1800477.149200439,5.101097443160989,0.11134592504690005,0.7220216606498195,0.11914974089656688,8.51048163203741
19,25,resource,0.0,1.7578593369532647,0.8353080179064423,8.621729578772829,2.0071968020678796,1.426532645291573,1869022.2221503202,5.298751110945711,0.11658258598526999,0.7162174550788413,0.11914974089656688,8.499328797537956
19,26,resource,0.0,1.7530857897218421,0.8272203610935891,8.617753637781817,1.9823092174439778,1.4273006818994927,1943054.2762613331,5.509024835401037,0.11704305958581454,0.7185374149659864,0.11914974089656688,8.486358617571735
19,27,resource,0.0,1.747055880900621,0.8211872432613617,8.617075837839783,1.9709779946270767,1.425553435447857,2013696.0318681465,5.711500873296703,0.11850259978006203,0.7136983082706767,0.12212942109846403,8.470691235940631
19,28,resource,0.0,1.7477175015845334,0.8259425139771992,8.61528613826004,1.9715769939044892,1.423340990925882,2098496.6408097176,5.946542273862313,0.12017250576644717,0.7132459970887919,0.12231066329501852,8.458470120800165
19,29,resource,0.0,1.7469306999524337,0.8271698959828954,8.613069605076314,1.9723150672917689,1.4219340377494143,2151998.4694720986,6.109596479785785,0.12196335308995418,0.7064852150537635,0.12231066329501852,8.45132011027796
19,30,resource,0.0,1.7464437588411605,0.8288743327771306,8.610395894925855,1.973216402787772,1.4204829498036298,2220050.2372707184,6.306115545722608,0.12341948679414659,0.7011967090501122,0.12231066329501852,8.429463151318952
23,1,resource,0.0,2.23869812579906,1.5464272974756603,8.785250740618485,2.928925053752654,1.3589389599570343,37026.56463216244,0.1251610986539736,0.41830405542531723,0.20833333333333334,0.0,8.532769977329552
23,2,resource,0.0,2.0034541684095655,1.253067818652325,8.723322268231753,2.5600087109625322,1.3695592735244686,94729.12006428289,0.29787697614785064,0.2514736218375109,0.4166666666666667,0.007609661182265252,8.527375881374551
23,3,resource,0.0,1.8368302303209918,0.9818762615472353,8.673810026777598,2.234005388526183,1.4034139804743362,179912.3073508616,0.5337983069069817,0.17361456057486405,0.625,0.022251178295370523,8.502633582836497
23,4,resource,0.0,1.7850954660515717,0.8623751587707578,8.677468170989984,2.07252924315164,1.4242379271801398,284871.1758968584,0.8152037045627742,0.1084766490443482,0.8333333333333334,0.031968523613764066,8.48595963838033
23,5,resource,0.0,1.7686808995957612,0.8096842564222396,8.674923900048476,2.2622888467914635,1.4423190779376518,370015.82596828014,1.051036399727044,0.08232647939850357,0.8400537634408602,0.0329094247900127,8.48595963838033
23,6,resource,0.0,1.7764688409688731,0.8082733984763901,8.705371773679895,2.2484785399004035,1.4501999271639943,440706.90651525144,1.253625884985078,0.06620098143004216,0.8333333333333334,0.03432787480928725,8.473996781913996
23,7,resource,0.0,1.8021161621234,0.8704175400335797,8.702127537189664,2.252444195433575,1.4398666711292887,509633.6101207551,1.4521573032777364,0.0689722506308661,0.7733585858585859,0.0437467274358567,8.454940123814552
23,8,resource,0.0,1.8292762226592867,0.919284973492608,8.714861253831412,2.282594617510438,1.435127312572482,595037.2986524082,1.688585786900538,0.07305467044005734,0.7662835249042146,0.044502356590741046,8.440632419837678
23,9,resource,0.0,1.8399582457052317,0.9432764968103843,8.710550430573484,2.2947692570149854,1.4305516695344742,651540.069167942,1.8585421590862656,0.08032925654758952,0.7273706896551724,0.044502356590741046,8.438223206508304
23,10,resource,0.0,1.8104114370344453,0.9022921969310972,8.705302467787329,2.0885459759151104,1.4268574540100394,741133.0348882461,2.1046059802429653,0.072473687701015,0.777363184079602,0.07090440293518456,8.418799069110559
23,11,resource,0.0,1.8134975898848555,0.913411333286686,8.69953880321171,2.0858899565611235,1.423198674286927,820798.304974662,2.327836101441722,0.08459954159350945,0.7502480158730159,0.07090440293518456,8.410530602921117
23,12,resource,0.0,1.8015512766991746,0.8988476297563615,8.679916217023123,2.0953639807982443,1.4233751736774773,898031.9562734952,2.5454734994290384,0.08603751434504694,0.7317073170731707,0.07090440293518456,8.405110007280019
23,13,resource,0.0,1.8031465447092738,0.906516190084187,8.6765097028166,2.066808173090375,1.4200544588080801,961855.5570479168,2.7322677812102087,0.09187289905970678,0.7069946452476573,0.07090440293518456,8.390578062707213
23,14,resource,0.0,1.791636737137704,0.8882976941630152,8.663521797252734,2.048399323014443,1.4221908999975785,1031226.8144904273,2.931821673327983,0.09265984972559703,0.6968145620022753,0.07373940845363185,8.374141709964636
23,15,resource,0.0,1.7807200612125136,0.8688886437078004,8.653884300164114,2.0245674537132134,1.4250069034620638,1124055.437259221,3.1853275056962085,0.0963791917188368,0.7017215568862275,0.07373940845363185,8.374141709964636
23,16,resource,0.0,1.7846670410352972,0.8780535958064121,8.653015099974349,2.0570784856858886,1.4228582697987588,1198357.9163886642,3.3962232076939283,0.09286000483171543,0.7111111111111111,0.07373940845363185,8.351388879466501
23,17,resource,0.0,1.7846764993357143,0.882261377610687,8.643369813824757,2.078859470275346,1.421142015681224,1255847.5528513496,3.5684493715581054,0.09752766294469438,0.6920498084291188,0.07373940845363185,8.348979666137128
23,18,resource,0.0,1.7879531998791773,0.8876838525889496,8.64573169551089,2.112515702456927,1.4202744035534722,1312533.3131413215,3.7388266202250415,0.09824960626071422,0.6973140495867769,0.07373940845363185,8.33742103519409
23,19,resource,0.0,1.7824533909677287,0.8781154966483753,8.643645320198003,2.0714030591746306,1.4213323808648046,1399864.4733384626,3.979688288678466,0.10312097243942059,0.6925260896255372,0.08775846610670053,8.331157556810727
23,20,resource,0.0,1.7600245176715033,0.8307828281042504,8.638594416922118,1.9661136044884242,1.4302160260471513,1495740.3738269066,4.240202859801884,0.09636156584626226,0.7284382284382285,0.10393041853203636,8.314809167543538
23,21,resource,0.0,1.7613889388700286,0.8405084950252651,8.633197147488191,1.967214339932823,1.425782257285495,1563087.5271584722,4.435101312464479,0.10147481896772417,0.7144245723172629,0.10393041853203636,8.301120105712998
23,22,resource,0.0,1.761838191349169,0.8451122771701673,8.629264198161184,1.9680910265972242,1.423647016278426,1636454.0213277664,4.643844249053851,0.10541810548326887,0.7002314814814815,0.10393041853203636,8.287922700473622
23,23,resource,0.0,1.758991192236814,0.8427847928142669,8.622875796279331,1.9696104753888046,1.4230400253668873,1709842.5258763807,4.85263780951566,0.10742754542332836,0.6905284043441938,0.10393041853203636,8.281659222090259
23,24,resource,0.0,1.760101843881916,0.8502175273744061,8.619611179294763,1.9707891055240068,1.4195103615646254,1759411.493467579,5.006646434975412,0.11120711084600071,0.6787330316742082,0.10393041853203636,8.279250008760885
23,25,resource,0.0,1.75805938941649,0.8475816534552136,8.618385104591649,1.9712111420881848,1.4193136469724195,1848991.8177788402,5.25268118089131,0.1126813045774121,0.67887556482447,0.11125589147685261,8.259083051923943
23,26,resource,0.0,1.756080394823248,0.8461817547127264,8.614425085822756,1.9722222360224002,1.4186590560291201,1914674.2644732087,5.443750808288353,0.11502569029746035,0.6699968284173803,0.11125589147685261,8.25281957354058
23,27,resource,0.0,1.75050045995627,0.8326226323615717,8.612978389607436,1.9719268837200385,1.4218172799856372,1976956.0919187057,5.626999011412991,0.11258292765227992,0.682277628032345,0.1115400797143016,8.24037999117332
23,28,resource,0.0,1.7510760101237015,0.8378680959004805,8.61091013232239,1.9728663139065155,1.4191530078836596,2036960.4680021906,5.8050090764050015,0.11917390737454611,0.6672113289760349,0.1115400797143016,8.237970777843946
23,29,resource,0.0,1.7501216685861594,0.8336005130865206,8.612467374512953,1.9720401314334324,1.4206470943873504,2103573.7503543184,5.998219625814892,0.1152919789347861,0.6646750126454224,0.11442624936429084,8.218456894849012
23,30,resource,0.0,1.7423661375018575,0.8179074479028681,8.610668610400145,1.9730547173880126,1.4232489797991255,2196360.9936597515,6.251630285417384,0.1121974854645883,0.6838074398249453,0.14097094721326112,8.197798208678224
29,1,resource,0.0,2.27647364018319,1.587765153722757,8.800275452289549,3.0025937687954825,1.360564047884362,41597.507303668775,0.1356742667984382,0.42774417161268685,0.20833333333333334,0.0,8.55131705885457
29,2,resource,0.0,2.0074042610002096,1.258519378371547,8.725200953710608,2.5642010694851054,1.3690652440698614,93629.68403509315,0.2953482732807143,0.2507077429240877,0.4166666666666667,0.007609661182265252,8.55131705885457
29,3,resource,0.0,1.8365385036801958,0.9814220419303574,8.67384165780678,2.2331534697128896,1.4034267212678326,179582.6989641368,0.5330402076175147,0.18921978746086954,0.625,0.022251178295370523,8.540347250591234
29,4,resource,0.0,1.785985759374109,0.8602307093384018,8.683373381510451,2.1156135253083463,1.4266494013594448,289132.2212097139,0.825004108782342,0.13954597904599375,0.7936507936507936,0.031968523613764066,8.540347250591234
29,5,resource,0.0,1.766200984414326,0.7971917292894088,8.69812179755235,2.1848140814778696,1.4450028537173973,379885.17874293524,1.073735911108751,0.09554156449027089,0.8680555555555556,0.0329094247900127,8.51840763406456
29,6,resource,0.0,1.788386593839406,0.8205514582803431,8.725131851926573,2.2924438649170757,1.4530953903804298,443021.8491618444,1.258950253072242,0.0909705970042666,0.8333333333333334,0.03432787480928725,8.51840763406456
29,7,resource,0.0,1.8084275332369384,0.862056640730162,8.725457751755872,2.3116684254239295,1.4498044276870587,510349.72175947996,1.4538043600468036,0.0891325902666445,0.7852564102564102,0.03432787480928725,8.51840763406456
29,8,resource,0.0,1.8234719852719072,0.8944941405737572,8.731817785781894,2.287619496753809,1.443274827566547,587980.6179748599,1.6723554213421774,0.09570701259585548,0.7662835249042146,0.03816647817905503,8.51840763406456
29,9,resource,0.0,1.8265163776027644,0.9051196203616529,8.72090993306869,2.3044693598232118,1.4414153096593367,649370.6124592271,1.8535524086562214,0.09349894387534541,0.7466814159292036,0.04760303248677349,8.51840763406456
29,10,resource,0.0,1.803452483758499,0.8867734164238863,8.710201566711515,2.0259183917703405,1.4291116345531698,725637.0400897823,2.0689651922064987,0.08764357720757922,0.7387706855791962,0.06190256920634001,8.51840763406456
29,11,resource,0.0,1.8112626532502931,0.9054582610085118,8.707912849054445,2.039917537221353,1.4250274349445242,831305.6285028001,2.352002945556439,0.08835256618308227,0.7592871485943775,0.06190256920634001,8.496468017537888
29,12,resource,0.0,1.7930697546873111,0.8777219663315884,8.685702240268167,2.060766302159608,1.4278737531371177,916839.3107260172,2.588730414669839,0.09069534926809644,0.7537688442211056,0.06190256920634001,8.496468017537888
29,13,resource,0.0,1.7895103964771897,0.8798612414145723,8.669603470621386,2.0512806237925663,1.4248258000009604,972581.9284393705,2.7569384354105515,0.09255892467889963,0.7244513031550068,0.06190256920634001,8.496468017537888
29,14,resource,0.0,1.7886317341268534,0.8840696044538806,8.661652554343405,2.03523697081614,1.4219871568449225,1038379.9049434944,2.948273781370037,0.09232715375180253,0.7113821138211383,0.06675353488611158,8.496468017537888
29,15,resource,0.0,1.7814674002862694,0.8699388029102795,8.658223068512546,2.014228082981749,1.4243913509735497,1111674.7105927295,3.156851834363278,0.10210692503443636,0.7102272727272727,0.07140454873016025,8.496468017537888
29,16,resource,0.0,1.7787801198233015,0.8698021183460332,8.648671219998517,1.9957790766297592,1.422906169751639,1177524.758547729,3.348306944659777,0.1069005750010508,0.690846286701209,0.07140454873016025,8.496468017537888
29,17,resource,0.0,1.7762139641334653,0.8677936382670216,8.641091907882602,1.9956497209651831,1.4224441399270003,1243452.6048670895,3.5399409911943063,0.11272999500144065,0.6795522949586155,0.08775846610670053,8.463558592747878
29,18,resource,0.0,1.75982577269899,0.8381840754064657,8.63636849109871,1.968787488859557,1.4262993275717502,1359082.3464679178,3.8458893968762102,0.10952561146876882,0.715042372881356,0.095206064973547,8.463558592747878
29,19,resource,0.0,1.7603560021748976,0.843118662164601,8.633448477296495,1.969676320197767,1.4239272845077344,1449959.516057321,4.094906886931837,0.10896665415404012,0.7203863346104725,0.095206064973547,8.463558592747878
29,20,resource,0.0,1.7608246483154393,0.8477523787899294,8.631200013374896,1.9703951319526878,1.4216209238601993,1526635.4424143555,4.311261517553011,0.1153477261372714,0.7086167800453514,0.095206064973547,8.463558592747878
29,21,resource,0.0,1.764188641629233,0.8596442024678242,8.626206958090343,1.9712477157698203,1.4175597916046587,1584640.2201031973,4.484672506237343,0.12126898431558605,0.6918298192771084,0.095206064973547,8.463558592747878
29,22,resource,0.0,1.7633010584237814,0.859686743906819,8.623944724016017,1.9720037690284222,1.4168139970112634,1638356.9587272499,4.648221005072658,0.12456577580335648,0.6785554060116644,0.095206064973547,8.463558592747878
29,23,resource,0.0,1.768529864356874,0.8695761312911071,8.624989995484112,1.9713041918732668,1.414915858514768,1703075.8336791035,4.837074417461918,0.11827541667230608,0.6870843724023276,0.095206064973547,8.463558592747878
29,24,resource,0.0,1.7629457195835039,0.8588694704674205,8.620847903389954,1.9717511704063477,1.4167632527009906,1774762.8113345767,5.041954466069502,0.1225656118143937,0.6802721088435374,0.09541619544763758,8.463558592747878
29,25,resource,0.0,1.749542323100017,0.8273037957752741,8.617242698336904,1.9718493913785822,1.424217978380005,1861272.8066008936,5.280927455182026,0.12065162876649675,0.7045905483405484,0.12717458858731107,8.441618976221205
29,26,resource,0.0,1.7479619994392044,0.8243276413768632,8.617289445607915,1.9718584400828016,1.4244323695164591,1946203.7102961414,5.516268533681092,0.12132679810430891,0.7091305807317891,0.12717458858731107,8.441618976221205
29,27,resource,0.0,1.7499629593433819,0.8343391677204557,8.613458533716113,1.973091075239554,1.420345629139541,2009501.8270323945,5.701854202174468,0.1252966490470992,0.6953983516483516,0.12717458858731107,8.441618976221205
29,28,resource,0.0,1.7494462314096377,0.8352587220812495,8.612022260220856,1.9734952733485007,1.4193225417273736,2078451.4855541845,5.900438416774583,0.12932281069009208,0.6880089862398203,0.12717458858731107,8.441618976221205
29,29,resource,0.0,1.7476526585335324,0.8324814880620237,8.610657709376943,1.973858203287902,1.419323817339946,2161795.4099202147,6.132129442816449,0.13027204231841066,0.6941693079767565,0.13372477048918213,8.441618976221205
29,30,resource,0.0,1.7421383905953687,0.8194100474692038,8.613911994461214,1.9735931417353423,1.422029680147365,2258937.122741833,6.395555382306167,0.1313183745485319,0.7054176072234764,0.14180880587036912,8.430649167957869
31,1,resource,0.0,2.2361521159292104,1.5434674080194117,8.78458999791705,2.9223581565437304,1.3590123415837303,39614.03412903749,0.13111227849678625,0.41616089500931497,0.20833333333333334,0.0,8.55795733128446
31,2,resource,0.0,2.0049883281834977,1.2544192483862844,8.726267493800254,2.560517558304053,1.3697904531308378,93629.68403509315,0.2953482732807143,0.2545231021622445,0.4166666666666667,0.007609661182265252,8.55795733128446
31,3,resource,0.0,1.8313872397246382,0.9702730940508437,8.672762280866037,2.2191232399794494,1.405363718659532,178939.996571815,0.5315619921151746,0.19174067855596186,0.625,0.022251178295370523,8.55795733128446
31,4,resource,0.0,1.7859076308375177,0.8657299212828632,8.673029851982635,2.080755535476088,1.42289505108957,291694.67088188516,0.8308977430283361,0.12882277503345216,0.8333333333333334,0.023801516243386747,8.54713211284236
31,5,resource,0.0,1.7710111227173313,0.8085585374765684,8.685376057920429,2.261379080201773,1.444708342405472,375178.55989918025,1.062910687768115,0.10273242855163123,0.8400537634408602,0.0329094247900127,8.54713211284236
31,6,resource,0.0,1.778569968643372,0.8136243779500468,8.70070029959179,2.2579028045755387,1.4500664121330455,441843.52570559905,1.2562401091228779,0.09390214511034417,0.8152173913043478,0.0329094247900127,8.54713211284236
31,7,resource,0.0,1.791649962720654,0.8372455596026958,8.714670499191174,2.270462222578094,1.4483903337907735,515704.42734490015,1.4661201828932706,0.08379969720696494,0.823252688172043,0.047603032486773486,8.54713211284236
31,8,resource,0.0,1.8167432978256137,0.893109204861406,8.715835999346572,2.271268656895357,1.4391308943159615,581631.4034438109,1.6577522279207655,0.0940055427825843,0.7843137254901961,0.047603032486773486,8.54713211284236
31,9,resource,0.0,1.8373339368014423,0.9352043276217298,8.72022486748127,2.2692485592284526,1.4316601332879133,647143.8872050147,1.8484309405715342,0.09841337156975888,0.78125,0.047603032486773486,8.54713211284236
31,10,resource,0.0,1.8208812153817402,0.9190379531666865,8.717916139122924,2.03774328920846,1.4243751719723867,724471.9069697546,2.066285386030436,0.09202101407274081,0.7716049382716049,0.07090440293518456,8.54713211284236
31,11,resource,0.0,1.8284749591650717,0.9333851034379612,8.717613025251916,2.07351747711296,1.4222658478295702,839605.3860792414,2.371092387982255,0.09411573294782394,0.8131720430107527,0.07090440293518456,8.536306894400262
31,12,resource,0.0,1.7964043399361196,0.8816240257161205,8.687325961667236,2.096225726392151,1.4285696758250253,918645.8389697697,2.5928854296304706,0.09775096952550846,0.8021390374331551,0.07090440293518456,8.536306894400262
31,13,resource,0.0,1.7981922059266757,0.8981067817539196,8.672568232466825,2.06466972762451,1.421071804014253,973421.930241964,2.7588704395565182,0.10126851505031192,0.762085137085137,0.07090440293518456,8.536306894400262
31,14,resource,0.0,1.795291874604896,0.8974943470348249,8.66462885213572,2.0392175754917994,1.4192718039177858,1035770.7184638621,2.9422726524668836,0.11040797644891964,0.7424242424242424,0.07090440293518456,8.536306894400262
31,15,resource,0.0,1.7902878358682297,0.8904189304028676,8.657061209278602,2.037601445992975,1.4197586689358759,1090508.7980009483,3.1081702354021825,0.11391490357889869,0.718941717791411,0.07090440293518456,8.536306894400262
31,16,resource,0.0,1.7835210589258792,0.8762241632736504,8.655203867828998,2.0198235978579495,1.4226507257103094,1182156.9827295947,3.35896106027807,0.11728893446790231,0.7226738934056007,0.07090440293518456,8.536306894400262
31,17,resource,0.0,1.7782713349518073,0.859403767091517,8.656008090829467,2.0729333739909084,1.4282633418076114,1277847.4191311693,3.619049064001691,0.11342787971946314,0.7602062289562289,0.09520606497354697,8.520339660331125
31,18,resource,0.0,1.777927414004647,0.8612779554792199,8.651383895939453,2.07556669281002,1.4271295276057232,1344826.351099385,3.8131006075285865,0.1123934239349367,0.7533482142857143,0.09520606497354697,8.520339660331125
31,19,resource,0.0,1.7742907097122065,0.8569287436543885,8.645576267114839,2.055364727720297,1.4268405770682986,1423735.9342523688,4.034592648780449,0.1172513420472639,0.7446369636963697,0.09520606497354697,8.520339660331125
31,20,resource,0.0,1.7772345515197776,0.8667068535831436,8.643849456798725,2.044802027297145,1.4235420423849823,1501678.5361285717,4.253860633095712,0.12486480727283583,0.7297139521307647,0.09520606497354697,8.520339660331125
31,21,resource,0.0,1.7813696302451778,0.8748752659236999,8.642447082340563,2.0968561024527905,1.4221925616828206,1563689.2110467888,4.436485185407607,0.1206087690801542,0.7280110935023771,0.09520606497354697,8.520339660331125
31,22,resource,0.0,1.7696085279358629,0.8592507006312479,8.635459996462053,1.9678410209334858,1.421475807375503,1628462.4416699198,4.625463615840803,0.12137632167131523,0.7233381157340986,0.11043859193864511,8.520339660331125
31,23,resource,0.0,1.7633287202405952,0.8490106261398669,8.629671263441876,1.9688319983364913,1.4226116067465104,1698183.4240212215,4.825821875248792,0.12492698586800478,0.7165691374078891,0.11043859193864511,8.520339660331125
31,24,resource,0.0,1.7609084333340652,0.8457445678104116,8.62813346890456,1.9692089653386065,1.4224171991832923,1772111.7882178512,5.035857112901036,0.12995041148405234,0.7050528789659224,0.11043859193864511,8.509369852067788
31,25,resource,0.0,1.7536924728928733,0.8287137574939787,8.622423437223537,1.9695205959440838,1.4265388203028562,1842102.7783063413,5.23683639010456,0.1262023632205184,0.7162174550788413,0.12717458858731104,8.509369852067788
31,26,resource,0.0,1.7501588151628482,0.8235938843563281,8.61772965624051,1.9705233754213392,1.4266487801476764,1929248.8047828344,5.477272251000489,0.12936846586683845,0.7156165311653117,0.12717458858731104,8.509369852067788
31,27,resource,0.0,1.7513452575773494,0.8277755123976257,8.617601467574639,1.9705237434950251,1.4250448442275092,2022974.7208973248,5.732841858063813,0.13078183025286494,0.7204696394686907,0.12717458858731104,8.487430235541115
31,28,resource,0.0,1.7532238676546124,0.8346577421396634,8.617381642022334,1.9709333720253912,1.4225136175102995,2087911.2948920303,5.922195978251632,0.13118043130592394,0.7144940215806358,0.12717458858731104,8.487430235541115
31,29,resource,0.0,1.7467168471078176,0.8253319709588337,8.61551449004924,1.9724230948389407,1.4226517716152307,2157236.7116178167,6.121644436720939,0.12706380987527785,0.7163055328427365,0.13113125482730856,8.487430235541115
31,30,resource,0.0,1.7445043657856678,0.823571838674005,8.611859012515794,1.9734273877088018,1.4218129176276124,2230082.523554535,6.329189804175385,0.13337934542547375,0.7134703196347032,0.13113125482730856,8.487430235541115
37,1,resource,0.0,2.23869812579906,1.5464272974756603,8.785250740618485,2.928925053752654,1.3589389599570343,37026.56463216244,0.1251610986539736,0.41830405542531723,0.20833333333333334,0.0,8.509918504337913
37,2,resource,0.0,2.0068755947882018,1.2577130959175122,8.725070959868042,2.563774491822846,1.3691931328405895,93629.68403509315,0.2953482732807143,0.23765387688097098,0.4166666666666667,0.007609661182265252,8.509918504337913
37,3,resource,0.0,1.832842454597497,0.976079579385168,8.665298119195917,2.225872582211004,1.403395303607488,179582.6989641368,0.5330402076175147,0.1844512367248497,0.625,0.022251178295370523,8.477213021738384
37,4,resource,0.0,1.781931194835397,0.847590989733057,8.68679124494353,2.135961552817037,1.4303865947129004,286306.72791459627,0.8185054742035716,0.12557013515406878,0.7936507936507936,0.02999268101777515,8.45859502085791
37,5,resource,0.0,1.7644598566800138,0.7992809657412064,8.679190710115188,2.2346823511082694,1.4445504271447158,364817.99647641677,1.0390813918957587,0.1009322162452197,0.8400537634408602,0.030532355274616,8.452014691350719
37,6,resource,0.0,1.781311714196645,0.8181711167200673,8.695555328502389,2.2837788162035713,1.451478674690456,429231.2467272677,1.2272318674727156,0.09391760176660226,0.7978723404255319,0.03432787480928725,8.443746225161277
37,7,resource,0.0,1.7965206048303044,0.8619538892251463,8.693958888143586,2.2569018284836404,1.4409415678535034,491099.4955330413,1.4095288397259944,0.08865464181675023,0.7397342995169082,0.039578184796029314,8.43507353344854
37,8,resource,0.0,1.8098119418808303,0.8884140149921148,8.700865437694688,2.2626807106513787,1.4371283844849922,592571.0619359786,1.6829134424527505,0.08422739129162811,0.7751937984496124,0.043879233053350265,8.429652937807441
37,9,resource,0.0,1.8163309507648324,0.9076284441593355,8.701011812851847,2.23995232280648,1.430943088690449,678952.3275075475,1.9215903532673588,0.07710301915232609,0.7740825688073395,0.0502117400465211,8.414185499964475
37,10,resource,0.0,1.8221249826573753,0.9183942338223471,8.69811306791074,2.265470302882637,1.430399191600175,746003.7200319744,2.1158085560735413,0.07615615384293983,0.7603406326034063,0.0502117400465211,8.402062768721043
37,11,resource,0.0,1.817127584950297,0.9135988908800087,8.680408369167983,2.2945537087529218,1.4311809627008425,830590.0845555097,2.350357194477673,0.07889155675064113,0.7638888888888888,0.0502117400465211,8.394259459436668
37,12,resource,0.0,1.8058282764681042,0.8984967009931928,8.671415512754875,2.2652616156283236,1.4301997118165881,893010.7913623201,2.5339248201333366,0.08433917347016343,0.7211538461538461,0.0502117400465211,8.386429650466196
37,13,resource,0.0,1.819718187995432,0.9261821147346473,8.6740569143335,2.2828169388797086,1.4253352670144248,950191.9526706,2.705441491142381,0.0799547545280197,0.7185374149659864,0.0502117400465211,8.371016754469169
37,14,resource,0.0,1.8013055859829874,0.8958468959429772,8.660311503298033,2.2605086300539767,1.4282020156937636,1022642.5485961688,2.912077861771189,0.08673192082168098,0.7113821138211383,0.07140454873016022,8.368607541139795
37,15,resource,0.0,1.80798349268702,0.9087043251135885,8.664442086958116,2.2653875626972413,1.425900871582477,1104656.2121158096,3.140709287866363,0.08406084242254083,0.7416930379746836,0.07140454873016022,8.353445385424797
37,16,resource,0.0,1.7989143961547054,0.890361573562058,8.660094106038317,2.262328103032234,1.4294542826127503,1188372.4120455263,3.373256547704712,0.08719618167585416,0.7386888273314867,0.07140454873016022,8.340194980813227
37,17,resource,0.0,1.7806010827082512,0.8645981431833936,8.65358283805698,2.1120647538331534,1.4274601727049536,1262658.783621949,3.584115202330484,0.08950413352405384,0.7378472222222222,0.0799062366640291,8.327755398445968
37,18,resource,0.0,1.7780897980340675,0.86495389118767,8.644975025815853,2.085490811455203,1.4255475262287942,1329748.0349557216,3.778420480398161,0.09191420389308633,0.7180851063829787,0.08997804305332545,8.308294514823228
37,19,resource,0.0,1.770287284734705,0.8475221163477261,8.63996929051387,2.0768865366668763,1.4296866525778777,1418378.2437509238,4.022269960627125,0.08982021745221849,0.7387851997380485,0.10337307234392429,8.308294514823228
37,20,resource,0.0,1.7661868718708642,0.8418635257976345,8.639119405342203,2.016963702418533,1.4292566856890347,1505201.381292655,4.2619631769731035,0.09397086183176166,0.7322788517867604,0.10337307234392429,8.293986810846354
37,21,resource,0.0,1.7699212698300353,0.8554592723621313,8.633189418570776,2.0221803246151357,1.4248960619035105,1561030.8988045754,4.430371067250516,0.10071230725399655,0.7089120370370371,0.10337307234392429,8.285718344656912
37,22,resource,0.0,1.7593138382252933,0.8388705112523553,8.628612821363385,1.968465491346973,1.425565009520726,1636488.568338211,4.643923707177872,0.10116569556827038,0.7161458333333334,0.10337307234392429,8.269584372012762
37,23,resource,0.0,1.759114582531297,0.8434816191596889,8.622974507799466,1.969771774081451,1.4228450986168606,1687003.0675702277,4.800107055411507,0.10577055277479111,0.6975210970464135,0.10337307234392429,8.267175158683388
37,24,resource,0.0,1.7586955783875142,0.843923498175982,8.62351777597797,1.969742920326048,1.4220286140816478,1763360.5437149347,5.01572925054433,0.10801855718853746,0.7001166861143524,0.10337307234392429,8.258906692493946
37,25,resource,0.0,1.7559753169234318,0.8374992451248742,8.623814387112587,1.9693316505846326,1.4232964120333433,1852042.3305071243,5.259697360166361,0.10770353519699227,0.7091957153231663,0.10969808263337566,8.24806550121175
37,26,resource,0.0,1.7496334757721945,0.826564928340177,8.61591529645232,1.9710860076274526,1.4247885093329253,1936307.1660574712,5.4935064819321555,0.10386490255109271,0.717804960924227,0.11900758121693372,8.229930031866983
37,27,resource,0.0,1.7526233130199547,0.8379122757306231,8.614536635506191,1.9717939189078941,1.4204793508556504,1994074.269472145,5.666370819785901,0.1075449211428276,0.7090336134453782,0.11944042566748964,8.220940489030419
37,28,resource,0.0,1.7511764312703142,0.8362849338181831,8.612054633181943,1.9721065160628632,1.4202254809920105,2061456.799456947,5.861350638750941,0.11288044286577831,0.6986027944111777,0.11944042566748964,8.218531275701045
37,29,resource,0.0,1.7514156565877324,0.837880685895532,8.610636641072645,1.972486992122939,1.4194454156499547,2120654.845135788,6.03750614381227,0.1133634418120614,0.6903401628578933,0.11944042566748964,8.204868713556602
37,30,resource,0.0,1.748065882253414,0.8315100565646913,8.610546146139233,1.9724971265837923,1.4202103531950387,2208497.0185281727,6.279543142614753,0.1111671923169417,0.7033008252063015,0.13372477048918213,8.182396447622137
41,1,resource,0.0,2.2396748871999206,1.5471896026953689,8.78714048859749,2.930153261263182,1.3591827584321747,37549.919683357075,0.12636481527172128,0.4179047528323236,0.20833333333333334,0.0,8.658064750891732
41,2,resource,0.0,1.9903169187381409,1.2344467427327916,8.72016444586738,2.5434863064228845,1.371214096627362,94336.59203398552,0.29697416167816676,0.24545331890203143,0.4166666666666667,0.007609661182265252,8.658064750891732
41,3,resource,0.0,1.827567756977227,0.9631896144937638,8.670456090978092,2.207163110008072,1.406200149688512,177535.13577445832,0.5283308122812543,0.18643805193287855,0.625,0.022251178295370523,8.658064750891732
41,4,resource,0.0,1.7842032393929002,0.8626802094915577,8.67476608030282,2.0627574007947787,1.4235170273161104,290860.66862813715,0.8289795378447156,0.12692920295743537,0.8333333333333334,0.0329094247900127,8.644450191052966
41,5,resource,0.0,1.7669307473652784,0.8026589907432478,8.683762413191664,2.243230262145257,1.4443212667196947,378958.6533122092,1.0716049026180814,0.09286795735747996,0.8680555555555556,0.0329094247900127,8.644450191052966
41,6,resource,0.0,1.776920309640296,0.8131845025921892,8.698033626220381,2.245142961804113,1.4491237541221167,435100.8233198168,1.2407318936355785,0.08268209098515297,0.8152173913043478,0.0329094247900127,8.644450191052966
41,7,resource,0.0,1.7993417408921657,0.8691233489818929,8.694975920648739,2.2481960154172596,1.4389187142265816,498028.3534744428,1.4254652129912184,0.08700267774304404,0.7733585858585859,0.047603032486773486,8.6308356312142
41,8,resource,0.0,1.8192830702680205,0.903135401996532,8.708560713621466,2.2722909818190318,1.4362565205708786,589034.415772398,1.674779156276515,0.09186343068969628,0.7751937984496124,0.047603032486773486,8.6308356312142
41,9,resource,0.0,1.8314589592756174,0.9324036201278508,8.70665227208323,2.267988745037478,1.429183135417544,658745.2945302457,1.875114177419565,0.09426240879661503,0.7466814159292036,0.047603032486773486,8.6308356312142
41,10,resource,0.0,1.8115297804875836,0.9081616897546532,8.705789622886117,2.018805584448479,1.423679091009393,747271.9554914939,2.118725497630437,0.09184774944346463,0.7548309178743962,0.07090440293518456,8.6308356312142
41,11,resource,0.0,1.8145283649158168,0.9181985296671316,8.699504926406183,2.0455152725406798,1.4207036195302862,842156.6558310753,2.3769603084114737,0.0847639386564886,0.7638888888888888,0.07090440293518456,8.6308356312142
41,12,resource,0.0,1.7985542766506397,0.8931111195368587,8.682677937308808,2.0494176525793155,1.4236145784708396,914503.4722735609,2.5833579862291907,0.0877239569540892,0.7575757575757576,0.07090440293518456,8.617221071375434
41,13,resource,0.0,1.8077215042301744,0.9120354593195696,8.683228232815509,2.0884800935175725,1.4199284072616234,974174.3534345061,2.760601012899365,0.09464903684169704,0.7335069444444444,0.07090440293518456,8.617221071375434
41,14,resource,0.0,1.8007607353180743,0.9060603604047116,8.669360049540606,2.069197326902811,1.418455590304507,1043847.2560347544,2.9608486888799357,0.09849000322649118,0.7138694638694638,0.07090440293518456,8.617221071375434
41,15,resource,0.0,1.777518060550183,0.8579954562248931,8.650900247057756,2.082150491827578,1.429133474915404,1118879.208059757,3.1734221785374426,0.09880488389650424,0.718941717791411,0.07957155610053754,8.617221071375434
41,16,resource,0.0,1.778415850046983,0.8657023111464537,8.648035310273174,2.037104327409643,1.425366895132578,1198300.8974804601,3.396092064205059,0.09980452236641506,0.7092198581560284,0.07957155610053754,8.603606511536668
41,17,resource,0.0,1.7764243812875113,0.8659966791515878,8.643711328191912,2.0021244233538837,1.423521076592948,1271811.8932022944,3.6051673543652782,0.10510699874389096,0.6888825324180016,0.07957155610053754,8.603606511536668
41,18,resource,0.0,1.7743332518251862,0.8659789645781221,8.63524947792044,1.995908279158447,1.4224446145117784,1347617.8473009998,3.8195210487923004,0.11104823685811074,0.6804435483870968,0.08997804305332545,8.603606511536668
41,19,resource,0.0,1.7731836368381606,0.8659520732664212,8.631105983240072,2.000136605522819,1.4217263160154476,1421636.685811742,4.029764377367008,0.11589752721155219,0.6727042337507454,0.08997804305332545,8.603606511536668
41,20,resource,0.0,1.7643566233400392,0.8499538559378311,8.628781980477322,1.9694383855189472,1.4235569160489434,1515975.6697909557,4.286744040519194,0.11413902398811314,0.6921373200442967,0.09159706582384802,8.589991951697902
41,21,resource,0.0,1.7576714280403443,0.8356397061003096,8.624869764763803,1.969910587699049,1.4264995682503396,1571656.9928858,4.454811083637333,0.1163956234318875,0.6825780089153046,0.09520606497354697,8.589991951697902
41,22,resource,0.0,1.763163471985448,0.8531159222703677,8.621999275062347,1.9706416467641426,1.4207152082680263,1630951.5468598786,4.631188557777709,0.11655820536493433,0.6740196078431373,0.09520606497354697,8.589991951697902
41,23,resource,0.0,1.7621401073865046,0.854987716471991,8.619521602251808,1.9716560571601023,1.418741636133334,1705422.7251911324,4.842472267939589,0.12094864944235789,0.6703669910786699,0.09872827437003809,8.589991951697902
41,24,resource,0.0,1.7626600521672413,0.8550880117681344,8.619875026648089,1.9711903228229428,1.4187886413926305,1764249.9636400791,5.0177749163721606,0.12175053527260173,0.6711409395973155,0.10059889955269258,8.576377391859136
41,25,resource,0.0,1.749819746098731,0.8259544131719281,8.616690521007795,1.9714145199066302,1.4251605764231303,1849233.4995137316,5.253237048881557,0.11897106795422244,0.6860291534949069,0.12717458858731104,8.576377391859136
41,26,resource,0.0,1.7515055350994218,0.8321471624463987,8.616726138922393,1.9716210260830356,1.4228231629307078,1930337.4691871665,5.479776179130454,0.12416290484974551,0.6803542673107891,0.12717458858731104,8.576377391859136
41,27,resource,0.0,1.7501148799792425,0.831696433156064,8.612710870720193,1.9723995636404037,1.4220260328672816,2009355.7551708268,5.701518236892866,0.12635702004942145,0.682277628032345,0.12717458858731104,8.566358992146228
41,28,resource,0.0,1.750591755224132,0.8340092413624153,8.61286280214762,1.9727341219295131,1.4209239510065343,2073735.9615839052,5.889592711642943,0.13016331424713218,0.6749311294765841,0.12717458858731104,8.555017481074103
41,29,resource,0.0,1.747974281429654,0.8310017856784847,8.609190275145405,1.9737585005084508,1.4205272888983262,2150002.430465028,6.1050055900695215,0.13389479969130935,0.669244970715559,0.12717458858731104,8.54023790090257
41,30,resource,0.0,1.7441271914560668,0.8214048626293718,8.610315891732817,1.9734550737820262,1.4227356061501768,2241562.0933158756,6.355592814626468,0.13582391005421227,0.6725251076040172,0.13350706977222312,8.52672943280012
43,1,resource,0.0,2.23869812579906,1.5464272974756603,8.785250740618485,2.928925053752654,1.3589389599570343,37026.56463216244,0.1251610986539736,0.41830405542531723,0.20833333333333334,0.0,8.512233174957966
43,2,resource,0.0,1.9725721890809944,1.2074183182450344,8.721022537872091,2.510613156780554,1.3741332245063929,98147.56215607603,0.3057393929589749,0.23192599525690016,0.4166666666666667,0.008167007370377318,8.512233174957966
43,3,resource,0.0,1.8307623115705167,0.9690451886436301,8.678550823238758,2.2074435695677517,1.4058239311219334,177480.14689620736,0.5282043378612771,0.1588973349650242,0.625,0.018841526114797093,8.512233174957966
43,4,resource,0.0,1.7896794987406281,0.8702282805463007,8.682529158707993,2.1262961491213246,1.4247887780544413,285380.0751176253,0.8163741727705383,0.10972888820290766,0.7936507936507936,0.03196852361376406,8.49902582625981
43,5,resource,0.0,1.7683446342525875,0.8009239583885189,8.68943269721113,2.2617330102258792,1.4461515393922633,374855.40516701253,1.062167431884129,0.07416326184039762,0.8400537634408602,0.0329094247900127,8.49902582625981
43,6,resource,0.0,1.7745151791667315,0.8063492788544598,8.702672612352467,2.239578673446699,1.4498748865075335,436465.0276150128,1.2438695635145292,0.06750496605527573,0.8152173913043478,0.0329094247900127,8.49902582625981
43,7,resource,0.0,1.8063982055489365,0.8777668442122846,8.71056215770644,2.2411895592503663,1.4386064430110062,497645.846807409,1.4245854476570403,0.07245986690265875,0.7618159203980099,0.0329094247900127,8.49902582625981
43,8,resource,0.0,1.8221203345166024,0.9119647350796323,8.715640966816936,2.2287720925439736,1.4317700141014527,574763.5858192451,1.6419562473842633,0.08576886024430513,0.7575757575757576,0.0329094247900127,8.49902582625981
43,9,resource,0.0,1.836335488869089,0.9375019290223087,8.716956135960656,2.257424579538913,1.4292080905310218,650370.7640922755,1.8558527574122334,0.08321003731624924,0.7466814159292036,0.045770499745716335,8.49902582625981
43,10,resource,0.0,1.8099061571781874,0.9031291049500774,8.706417211542506,2.0339104124448157,1.425353144634392,743066.9221290307,2.1090539208967702,0.0815762305057343,0.7891414141414141,0.07090440293518456,8.485818477561654
43,11,resource,0.0,1.809155736162956,0.9061450394133373,8.698737114148466,2.05108886010457,1.4236053028219406,842728.4318163289,2.378275393177556,0.08377873770808061,0.7977320675105485,0.07090440293518456,8.474224592884047
43,12,resource,0.0,1.7998150933853203,0.894653033211052,8.685475196895675,2.0396728352491755,1.423512853474067,919223.0417475818,2.594212996019438,0.08759656005743531,0.7692307692307693,0.07090440293518456,8.460131305530211
43,13,resource,0.0,1.7966534337037383,0.896154409518983,8.670845610769653,2.04788881561055,1.4208741632591577,977079.4585049069,2.767282754561286,0.09502675338848987,0.7304633471645919,0.07090440293518456,8.45186283934077
43,14,resource,0.0,1.7996841199849116,0.907715738492869,8.665178601891453,2.0425674933806874,1.416612700010212,1046931.9440338038,2.967943471277749,0.0921196413390089,0.7344124700239808,0.07090440293518456,8.445384944334368
43,15,resource,0.0,1.7873708057939905,0.8812502997529522,8.659363438438989,2.047721759644118,1.4226931632777262,1123888.9718900837,3.184944635347193,0.09355433591027196,0.732421875,0.07090440293518456,8.430852999761562
43,16,resource,0.0,1.790438939532488,0.8924452606573742,8.65468138179532,2.0437513468814186,1.4187011278688473,1187626.2621184408,3.371540402872414,0.09902765641970637,0.7092198581560284,0.07090440293518456,8.42302319079109
43,17,resource,0.0,1.7946155487599156,0.8972838710319643,8.656861745100612,2.1140109941203753,1.419402688434371,1248100.2153176265,3.550630495230541,0.0948137234339777,0.7184765314240255,0.07678865784336296,8.419733026037495
43,18,resource,0.0,1.7752059613572617,0.8553705816238011,8.645356119199187,2.1077186697321437,1.4288598621606357,1339482.7561204752,3.800810339077093,0.09065941421849781,0.7417582417582418,0.09590557084129217,8.414338930082494
43,19,resource,0.0,1.7723984991757127,0.8560730618263976,8.639954234743838,2.0457029476654176,1.4260961052094763,1408091.551466324,3.9986105683725444,0.09337032417289938,0.7315985732814526,0.09590557084129217,8.399806985509688
43,20,resource,0.0,1.7610744685159618,0.8356015202654095,8.640604911089742,1.9665813874983071,1.4278769512387495,1492689.7501363032,4.233186425313494,0.0943380724835767,0.7480550568521843,0.10143675820980055,8.372338622518432
43,21,resource,0.0,1.7608428895316572,0.838336634810919,8.634651009787106,1.9674655583677376,1.426509804212753,1559620.601964682,4.4271273845187595,0.09752052951317981,0.7409274193548387,0.10143675820980055,8.372338622518432
43,22,resource,0.0,1.762287427271397,0.843381606683458,8.632534638901348,1.9676707897328338,1.4247530474495658,1626263.2767675803,4.62040553656542,0.09900488433406673,0.7381649585163494,0.103732089471407,8.347887868463987
43,23,resource,0.0,1.7616278000051675,0.8452412646794112,8.62980017258801,1.968522148303808,1.423170593372278,1697956.5704944986,4.825300112137328,0.10360782572554308,0.7288910934744268,0.103732089471407,8.347887868463987
43,24,resource,0.0,1.7607169829126412,0.8472786796212477,8.625859337078586,1.9696974231749547,1.4213600828097326,1766800.611370995,5.023641406153265,0.10753752253046851,0.7159904534606205,0.103732089471407,8.333794581110151
43,25,resource,0.0,1.7543886908812496,0.8348620643007948,8.619381146076408,1.970723444629059,1.4235977580604782,1838290.3054406636,5.228067702513498,0.11112137675718906,0.7130795910916393,0.1115400797143016,8.331385367780777
43,26,resource,0.0,1.756759391485718,0.8418200204322595,8.619162814702708,1.970599008292394,1.4212751416028755,1901892.1746981596,5.414352001805734,0.10918252112293872,0.7119986518368723,0.1115400797143016,8.319877954088135
43,27,resource,0.0,1.7513663869111298,0.8296963967638089,8.618084566115739,1.9704616028519706,1.4238047430355687,1980187.8158748602,5.6344319765121424,0.11019282723372072,0.7136983082706767,0.1115400797143016,8.307915097621802
43,28,resource,0.0,1.7510148575846454,0.8320164156776005,8.616779105605879,1.9713984697563924,1.4221857675354246,2036616.8962986316,5.804218861486811,0.11271633481788737,0.7022069360848381,0.1115400797143016,8.294226035791262
43,29,resource,0.0,1.7502805629565024,0.8336328572733355,8.613070433399756,1.9722960928392976,1.4207028870363767,2105548.076662881,6.002760576324582,0.11491470145944191,0.7008333333333333,0.12245229795405724,8.284457976031264
43,30,resource,0.0,1.7383263933729838,0.8078428743808729,8.612040413771865,1.9735449168606265,1.4254207503359742,2221721.8631631834,6.309960285275273,0.10957126972430578,0.7267441860465116,0.14350860332806567,8.272483550569072
47,1,resource,0.0,2.216237141185868,1.5210881041135913,8.77839489676516,2.8767283725187687,1.3584689169493454,39326.145805537846,0.13045013535273706,0.42273123152037645,0.20833333333333334,0.0,8.547266594297994
47,2,resource,0.0,2.0061642710285903,1.2566508927432103,8.725503752892255,2.562436775260389,1.369330173485318,93629.68403509315,0.2953482732807143,0.24752638256886805,0.4166666666666667,0.007609661182265252,8.535403038760204
47,3,resource,0.0,1.836024257361954,0.9804209453632738,8.67368584816866,2.230852175176999,1.4036159416681366,176783.46416106724,0.5266019675704549,0.19013856634480603,0.625,0.018841526114797093,8.535403038760204
47,4,resource,0.0,1.7863118481750735,0.8625841878024657,8.68440461302477,2.0691291113156436,1.4253895954166103,288816.76743081224,0.8242785650908683,0.12541006649118364,0.8333333333333334,0.031968523613764066,8.535403038760204
47,5,resource,0.0,1.7676077993390156,0.8033369401899138,8.686994850319206,2.2284704878905264,1.444065559148971,379695.3114597808,1.073299216357496,0.09319943429712756,0.8680555555555556,0.0329094247900127,8.535403038760204
47,6,resource,0.0,1.777507050468074,0.8068418579099657,8.714909980977485,2.2474216438575363,1.450477430827054,455451.7024963244,1.2875389157415462,0.07293395204467767,0.872093023255814,0.03432787480928725,8.523539483222415
47,7,resource,0.0,1.8110371257282245,0.873009563901166,8.72235626741812,2.2916395426070792,1.4454541153014218,517291.8071900161,1.4697711565370368,0.07290208121846045,0.8101851851851852,0.03432787480928725,8.523539483222415
47,8,resource,0.0,1.8377249872726147,0.9218311569521183,8.727651054283728,2.3216560244725177,1.4412764661358475,602604.4494113988,1.705990233646217,0.07366147690904562,0.8032128514056225,0.044502356590741046,8.523539483222415
47,9,resource,0.0,1.8263615056452585,0.9136387406653618,8.712412156416681,2.2880185512890057,1.4364826293367532,657350.3864203222,1.8719058887667408,0.07341673204343065,0.7670454545454546,0.04760303248677349,8.511675927684625
47,10,resource,0.0,1.8037610086523697,0.8856942681510335,8.710269413075872,2.0604247346914226,1.430249353989672,734810.1056885289,2.0900632430836166,0.07080817812524255,0.7548309178743962,0.07090440293518456,8.511675927684625
47,11,resource,0.0,1.8106708350103067,0.9054430684609214,8.703683183647597,2.068195236169454,1.4251783477696898,840137.8870031807,2.372317140107315,0.07390568765476199,0.7828674948240165,0.07090440293518456,8.511675927684625
47,12,resource,0.0,1.7894340538491798,0.8726907992467356,8.67952945891296,2.0511626543081656,1.4282696561255526,924425.6391221646,2.6061789699809776,0.07443863753134311,0.7894736842105263,0.07957155610053755,8.511675927684625
47,13,resource,0.0,1.7871018656395685,0.8750124961658741,8.667154239932142,2.055294791733488,1.4259156995046747,1006008.2580551697,2.83381899352689,0.07182947891437874,0.7859002976190477,0.07957155610053755,8.499812372146835
47,14,resource,0.0,1.7923485951977125,0.8912613752055607,8.662110796199707,2.0615306952632717,1.4206739056731033,1056801.9054571204,2.990644382551377,0.07550939246699173,0.7561728395061729,0.07957155610053755,8.499812372146835
47,15,resource,0.0,1.782302886969107,0.872700008902403,8.6499819726094,2.067428889364053,1.4244045148987243,1125447.7587490776,3.188529845122879,0.08168126101230452,0.7370283018867925,0.07957155610053755,8.487948816609045
47,16,resource,0.0,1.7870069191987812,0.8847373491978952,8.653139641348044,2.0510211913536547,1.4205525953933953,1199406.3115420165,3.398634516546639,0.08722040450901013,0.7246376811594203,0.07957155610053755,8.487948816609045
47,17,resource,0.0,1.7890725881136142,0.890879985115736,8.648296762357647,2.0792868719871747,1.4188818666553178,1265288.156792007,3.5901627606216167,0.08708143976722268,0.7342479674796748,0.07957155610053755,8.487948816609045
47,18,resource,0.0,1.7798991413197192,0.874354341018442,8.637470262640573,2.0750206567815828,1.4219306945252133,1329748.7984493517,3.7784222364335105,0.09601939957991062,0.7120253164556962,0.07957155610053755,8.476085261071255
47,19,resource,0.0,1.777353550356473,0.867558657317943,8.638917249565624,2.074334084347236,1.4236450810803412,1430765.6420992464,4.050760976828266,0.0966859514761671,0.7287629198966409,0.08997804305332545,8.476085261071255
47,20,resource,0.0,1.7548307829108114,0.8231825622231502,8.63653522410421,1.9675354505438418,1.4305033381929002,1533051.8760399732,4.326019314891932,0.09290404198124488,0.7507507507507507,0.10143675820980055,8.476085261071255
47,21,resource,0.0,1.7606369199718956,0.8417456484446583,8.635661806276905,1.9679402017920373,1.4243790284363984,1607521.1458543537,4.537298635465004,0.09376657368371777,0.742124394184168,0.10143675820980055,8.476085261071255
47,22,resource,0.0,1.7607378212884248,0.846728524301748,8.629398644242043,1.9694503270315886,1.4218956578199553,1671977.6890346715,4.725548684779731,0.09698327340827198,0.7285645472061657,0.10143675820980055,8.464221705533465
47,23,resource,0.0,1.7609681867349036,0.8516990187996633,8.622803797307274,1.970584942967426,1.4194386298543382,1726888.4502118183,4.891843435487163,0.103062412467845,0.7073705605477107,0.10143675820980055,8.464221705533465
47,24,resource,0.0,1.759951306183129,0.8507884965266882,8.621493424314009,1.9707218658896024,1.4190557708826046,1782490.5275819302,5.059728213438416,0.10029961830742715,0.7075471698113207,0.10143675820980055,8.452358149995675
47,25,resource,0.0,1.7524932414264278,0.83149213112576,8.62136094051746,1.970221309815985,1.424067082044136,1874401.2896864954,5.311122966278914,0.10281094807325565,0.7162174550788413,0.12066789089671323,8.452358149995675
47,26,resource,0.0,1.7432779947986017,0.8096322490227509,8.61975709822777,1.9703251821537664,1.4288964724384217,1977132.08441381,5.587403794151732,0.09844185583674608,0.7412280701754386,0.1267594020788321,8.452358149995675
47,27,resource,0.0,1.7472825872463993,0.8216754246196353,8.619840994010788,1.9704352090646957,1.4251689201304283,2039048.7380330209,5.7698120974759135,0.10314978969826652,0.7280680728667306,0.1267594020788321,8.452358149995675
47,28,resource,0.0,1.7480964545928535,0.8298111474870633,8.614567408586572,1.9722206478241644,1.4212795053775928,2093414.7369339515,5.9348538949480485,0.1063954372351817,0.7113821138211383,0.1267594020788321,8.440494594457885
47,29,resource,0.0,1.7452347643443615,0.822736074776162,8.614715646374314,1.97196920311492,1.4228745438829682,2168966.7959279693,6.148623630634288,0.10899421792801664,0.7076265481960151,0.1267594020788321,8.440494594457885
47,30,resource,0.0,1.7372182482987957,0.807375319576453,8.61510323810996,1.9735516043857788,1.4247124839371776,2260413.3652251284,6.39895074001775,0.108580468327286,0.7151029748283753,0.15081063959921365,8.440494594457885
7,1,utility,0.0,2.0481131804651582,1.3140806735720616,8.733145736602568,2.63448946499539,1.3656101804492289,83230.79040880859,0.23143081794025983,0.40248775360884215,0.20833333333333334,0.022251178295370523,8.511202726156228
7,2,utility,0.0,1.8807085635033163,0.9714986674120244,8.83327161591916,2.4287641653273915,1.438448504492555,166461.58081761718,0.4628616358805196,0.298329026367086,0.20833333333333334,0.044502356590741046,8.511202726156228
7,3,utility,0.0,1.837803975634737,0.8984734533028641,8.750514275976608,2.408504006369161,1.4553084440567785,249692.37122642578,0.6942924538207795,0.3091160071871349,0.20833333333333334,0.06675353488611158,8.511202726156228
7,4,utility,0.0,1.804907196335358,0.8594901903497569,8.748388741551567,2.223995853490741,1.4429328005468358,351814.970198167,0.9691744314557844,0.24679011820470584,0.31446540880503143,0.06675353488611158,8.501835968362016
7,5,utility,0.0,1.8080937361239737,0.8757198731974541,8.727937333771877,2.2174050341735105,1.4386415800857986,409035.1701299521,1.14078089129889,0.19298040004859662,0.4069010416666667,0.07780830670427748,8.495188157163152
7,6,utility,0.0,1.790150355185597,0.8515256938163569,8.706910128987865,2.111342819064623,1.4377131461509807,482141.2751045564,1.3489249327404795,0.15079032427840228,0.47468354430379744,0.07780830670427748,8.484617773621219
7,7,utility,0.0,1.7740969448854491,0.8229195237089948,8.695277410392876,2.0172817144824946,1.4403043724840228,574456.2258144096,1.6012493193731416,0.11308468083195491,0.5488351254480287,0.07780830670427748,8.48230933874159
7,8,utility,0.0,1.775892257310954,0.8300990109514359,8.693228197022226,1.9983346540108564,1.438262928791783,699572.9716397654,1.92901783477146,0.07847191337884671,0.6230529595015576,0.08789479227611528,8.478241286366107
7,9,utility,0.0,1.7642621043386701,0.8074772831207732,8.685990633623337,1.9640322235052012,1.441391263688915,776930.3501498643,2.1469398053446875,0.06767357156420001,0.6392045454545454,0.09958562143593419,8.478241286366107
7,10,utility,0.0,1.7589174730182975,0.8025515724728076,8.676048906823114,1.9666619278119106,1.4411949638934425,870149.1274879273,2.4013429932222325,0.06509978980546274,0.616370808678501,0.10942531382188674,8.478241286366107
7,11,utility,0.0,1.75697335874255,0.7985309716322443,8.67686424173442,1.96606427868199,1.4415136519900607,952712.8279938954,2.6312395043859587,0.07088924902677482,0.5917449139280125,0.1108405738465564,8.4695416813919
7,12,utility,0.0,1.7666877476130396,0.8271414346985619,8.67747442618355,1.9655075382068525,1.4350006064807657,1041316.6750713624,2.875028352664133,0.0708916913579393,0.5747126436781609,0.12826683993668384,8.4695416813919
7,13,utility,0.0,1.7678531648850704,0.8378416815607096,8.661147560604705,1.9663294813526586,1.4320478538701118,1112956.288215502,3.0797994628956533,0.07333259940870594,0.5606422505307855,0.13464209008994316,8.4695416813919
7,14,utility,0.0,1.7635586714594993,0.8280113658124024,8.656342180644387,1.9667219918958831,1.4345099822455687,1196634.0598750242,3.3122583377125543,0.07812349780251346,0.5444444444444444,0.1584436063333299,8.456774024042211
7,15,utility,0.0,1.7584887145616366,0.8200130752699976,8.648458455097195,1.9683258009873554,1.4356576231112372,1282488.246720537,3.549722967457234,0.07680299327703172,0.5363272311212814,0.17407811520633934,8.456774024042211
7,16,utility,0.0,1.7527492180763335,0.8096326619739799,8.647441645065301,1.9696811377360859,1.4365181036801296,1368597.5209896958,3.787774298276298,0.07480736581465793,0.5270092226613966,0.18971262407934877,8.448512075379906
7,17,utility,0.0,1.7517628833815992,0.8109557660785842,8.64758939612659,1.970200541766648,1.4350485812791145,1475966.3779449626,4.07472266927341,0.07567433469010681,0.5244628339140535,0.18971262407934877,8.435744418030216
7,18,utility,0.0,1.7518883334661042,0.8143067370023384,8.643342663722981,1.9703554740821299,1.4338340611961562,1553673.8105109932,4.293449764175277,0.07511253166838888,0.5232558139534884,0.20548929263199134,8.431842100890822
7,19,utility,0.0,1.7507198413296678,0.8158475572682062,8.636642190619773,1.9712338017986215,1.4323273223300774,1639441.2699725162,4.530714920936776,0.07826794187585914,0.5222800925925926,0.22168114769311284,8.421489466532996
7,20,utility,0.0,1.7526987349738237,0.8231655726324713,8.634623661888924,1.970839846414517,1.4301442946036644,1727951.242627813,4.774287858043954,0.07435531104872811,0.5241090146750524,0.22168114769311284,8.421489466532996
7,21,utility,0.0,1.7526382495593487,0.823902747416568,8.634483051758293,1.9707419999676545,1.4296961109252135,1834071.7987405057,5.058365137103142,0.062490792634225203,0.5323001158748552,0.22168114769311284,8.419181031653368
7,22,utility,0.0,1.7492816848856727,0.8157185705112958,8.637330630683246,1.9709189730233676,1.431137743808593,1937660.8565364513,5.336619970033813,0.06367572656802181,0.5346412159773771,0.22168114769311284,8.392153964819974
7,23,utility,0.0,1.7424034152102164,0.8017235120568427,8.635628474126843,1.9728574526477882,1.4329616952511162,2037112.3990558838,5.605358517828503,0.06532077487528076,0.523803865652725,0.23271674681763896,8.37214521352103
7,24,utility,0.0,1.7412533878948326,0.8004917298633691,8.633233479520483,1.972540736958309,1.4328407861793486,2122367.9591500377,5.841446306045052,0.06679929265075238,0.5132591958939264,0.24377151863580487,8.352136462222086
7,25,utility,0.0,1.7387812684962853,0.7966426905464061,8.633233566216127,1.9735335834173302,1.432878497507705,2213225.400004448,6.090418420010193,0.06985679664032793,0.5054671325051759,0.25482629045397076,8.331443799333424
7,26,utility,0.0,1.7396541669324435,0.7977540512653698,8.636427546683334,1.9726343206800758,1.4329310252547338,2303060.468772675,6.337039078177113,0.06782207051255948,0.504778972520908,0.26588106227213665,8.331443799333424
7,27,utility,0.0,1.739851972061227,0.8007372395074409,8.633531176743983,1.9729363793770072,1.4316207432380474,2406576.7400302454,6.615126502069523,0.06888417711065205,0.5009069920844327,0.2881322405675072,8.331443799333424
7,28,utility,0.0,1.7402526975314463,0.8029567466323209,8.629468707029808,1.9725882598728128,1.4309248603853308,2491315.636362521,6.850025963633754,0.06450432611054555,0.5031834052166769,0.2991870123856731,8.321604106947472
7,29,utility,0.0,1.7385766954828867,0.7998706540607304,8.630281682900241,1.973324830648378,1.4311929546530942,2580958.281330715,7.096204047060597,0.06364082981256622,0.5037617404638681,0.31024178420383897,8.301595355648528
7,30,utility,0.0,1.7335671986136114,0.7901491859749848,8.62794876486685,1.9753333152578427,1.4323265828668343,2678947.4003277044,7.36157902075367,0.0663898240485383,0.4957694341618191,0.32129655602200485,8.281586604349584
11,1,utility,0.0,2.028036429280304,1.2884830445079327,8.721002012819394,2.6124015858684286,1.3667428148559753,81802.45175167132,0.22814563902884408,0.3950359246325183,0.20833333333333334,0.022251178295370523,8.542797648947749
11,2,utility,0.0,1.8648299658827467,0.9509600794636957,8.795166186334537,2.4442282200508263,1.440955458291724,164051.08571162508,0.45731749713673775,0.2928798852549504,0.21929824561403508,0.044502356590741046,8.534606706836378
11,3,utility,0.0,1.7998519461439328,0.8401779029494005,8.736103099408862,2.3068460021533097,1.4507068562078236,240267.78431726212,0.6726159039297029,0.28695000859401687,0.2533783783783784,0.055557128408906954,8.526772710491633
11,4,utility,0.0,1.812521408211017,0.8787307454270931,8.733662198249874,2.244678603371822,1.44059729076254,340158.3522485211,0.9423642101715987,0.25008402980886957,0.31446540880503143,0.06675353488611158,8.514935890169639
11,5,utility,0.0,1.7957181294551727,0.8588270035052996,8.711994665567616,2.147517913122761,1.438010333174412,415207.60463446553,1.1549774906592705,0.20451078881246307,0.4200268817204301,0.06675353488611158,8.497689115801506
11,6,utility,0.0,1.7857940391048124,0.8444878381286502,8.702610181096771,2.074842410499643,1.4381210015288501,497007.4983122464,1.3831172461181662,0.16945473587145066,0.487012987012987,0.07780830670427748,8.493174568669856
11,7,utility,0.0,1.779829442746028,0.8361635603481006,8.694684674565421,2.0212902725436566,1.4381627335134137,583385.2646640749,1.621786108727372,0.14409851223505707,0.5208333333333334,0.07805509989016274,8.480469079426834
11,8,utility,0.0,1.7662177419461613,0.8110926126966636,8.684902105987426,1.965167549259938,1.441229688526818,701865.5319841743,1.9342907235636004,0.11405980003908833,0.5649717514124294,0.09106665640335684,8.475954532295184
11,9,utility,0.0,1.7639144150628425,0.8091939750130454,8.68000160951676,1.9650920057686907,1.4409036104077233,787939.2473847404,2.1722602689849024,0.09106202884136269,0.6026785714285714,0.09773448466206783,8.471439985163533
11,10,utility,0.0,1.761612307813302,0.8095752486047926,8.67438058971717,1.967413066450711,1.439623800296091,880611.2863663941,2.4254059586427066,0.08667133221119544,0.5918560606060606,0.11926500620783928,8.463249043052162
11,11,utility,0.0,1.7610369409988977,0.8096461055641697,8.672968524607017,1.966450845832748,1.4394019163908585,953629.2747374906,2.6333473318962284,0.08203940321203315,0.5729166666666666,0.11926500620783928,8.449860179044986
11,12,utility,0.0,1.7691024321278903,0.8339559382649302,8.66791350121055,1.9660175984550419,1.4342789186517766,1039765.1323962149,2.871459804511294,0.08279211621907367,0.5617977528089888,0.12826683993668384,8.436889999078765
11,13,utility,0.0,1.7596935760865895,0.814792350398725,8.663420108674494,1.9677163947005598,1.437407285391717,1133827.236817666,3.127802644680631,0.08942272887392141,0.5367123983739838,0.14971925277484052,8.424184509835744
11,14,utility,0.0,1.753306116890464,0.8069280442536464,8.65329081079348,1.9711584439299623,1.4373874177461705,1220112.5740531057,3.3662589203221414,0.08608385057932391,0.5155723905723906,0.17352076901822727,8.411912591568262
11,15,utility,0.0,1.758418481217722,0.8226388474979338,8.651916215635419,1.9698499673703926,1.4337452742194354,1306227.797125684,3.604323933389071,0.07641843411013036,0.5243288590604027,0.1816877763886046,8.399814462938867
11,16,utility,0.0,1.7645933062538115,0.8423531475744791,8.648785584294636,1.9684899436364267,1.4280462692604416,1374700.880501632,3.8018120251537497,0.07133669195978846,0.5333333333333333,0.18971262407934877,8.388430346130956
11,17,utility,0.0,1.75268655444542,0.8190572316589619,8.644743846090277,1.9717630042928176,1.4314055517306534,1471832.027787557,4.065213663911375,0.07521164394699478,0.51636649514008,0.2053471329523582,8.37904430610103
11,18,utility,0.0,1.7488195279456882,0.8104484297164948,8.645422354297626,1.972962728685317,1.4328747784664566,1565149.004520924,4.319842710398114,0.07718148890667668,0.5,0.22098164182536764,8.369658266071102
11,19,utility,0.0,1.7516197978273889,0.8194778688021203,8.642995735957564,1.9718134390534279,1.4304570673689316,1655953.158537775,4.5686922646368675,0.07265150367664408,0.5102329262777024,0.22098164182536764,8.35695277682808
11,20,utility,0.0,1.74722385015798,0.8074336697045602,8.641176798607248,1.9714579915015484,1.4336376326005782,1741370.125437315,4.805151288505805,0.07244062021930728,0.5056634304207119,0.2367583103780102,8.347566736798154
11,21,utility,0.0,1.7450402403720473,0.8037033510478043,8.636724161298755,1.971476579667672,1.4341245568165621,1843863.7170781477,5.080886549279716,0.06883044421233808,0.5070364238410596,0.2447831580687544,8.338180696768227
11,22,utility,0.0,1.7471487015428955,0.8100049765230052,8.635494932088623,1.9711412149693832,1.432657374965475,1929841.397500275,5.318635214250606,0.06626048282119754,0.5128857239742286,0.2447831580687544,8.3287946567383
11,23,utility,0.0,1.745042589146198,0.8084265733506156,8.633477692616735,1.9724261648121575,1.4317724253842636,2027013.3273604708,5.582130652929052,0.06480473614174853,0.5102237654320988,0.25295016543913174,8.315405792731124
11,24,utility,0.0,1.739675233260699,0.7982299103955323,8.635024709398273,1.9752378940933393,1.432689290538192,2132578.0675979727,5.864929555475302,0.06653503553402987,0.5016722408026756,0.2697248068877523,8.306019752701197
11,25,utility,0.0,1.7400140327071119,0.8031666626709381,8.630717102054033,1.9752932956300182,1.4304838984386794,2225837.3254537145,6.119425848543505,0.06372812345251166,0.5074369966224993,0.27956449927370486,8.296187679578468
11,26,utility,0.0,1.7441713835733719,0.8151079819362004,8.62985848187017,1.974544320228064,1.427343019833009,2287555.855457952,6.30137846755325,0.06190552321936375,0.5055037090212969,0.27956449927370486,8.281484113557463
11,27,utility,0.0,1.7407875790039302,0.8071643051757403,8.626940780187764,1.9741893326458162,1.4290937868031277,2369106.4407945825,6.5289448138275,0.06431851779707654,0.4995888157894737,0.27956449927370486,8.263461098323363
11,28,utility,0.0,1.734861457484324,0.792481117169167,8.623925692926944,1.9751953930551782,1.4322840957702627,2471373.570295259,6.804159211679053,0.06661425906863983,0.49375251914550583,0.2847765293732627,8.250755609080342
11,29,utility,0.0,1.733694526968406,0.7908928034752986,8.62390663528693,1.9755099898099338,1.432155371491374,2559876.792557336,7.047716622881826,0.06470000400501116,0.49438017306245297,0.29238619055552795,8.23805011983732
11,30,utility,0.0,1.7304368515635158,0.7820458326894749,8.621311599910685,1.9759729290144032,1.4342620613820591,2650937.2658189377,7.297155711383507,0.06482092355588173,0.489556135770235,0.30041103824627213,8.2250799398711
19,1,utility,0.0,2.02446372700236,1.283534531006518,8.71976030682719,2.608717015552969,1.36718070061412,78125.28703816391,0.219688160187777,0.39475004685575443,0.20833333333333334,0.012990706239491763,8.610605994374161
19,2,utility,0.0,1.8603795029545833,0.9555209224296246,8.771981864492453,2.435146264059619,1.4357050347501392,158227.23425717815,0.44392263879150984,0.29158470221092114,0.21929824561403508,0.025981412478983525,8.610605994374161
19,3,utility,0.0,1.7997635440777981,0.8326155806038678,8.742119926579065,2.3653365645529627,1.4524887607759094,240287.83207645846,0.6726620137758546,0.2733425821748755,0.26785714285714285,0.038972118718475286,8.610605994374161
19,4,utility,0.0,1.8106035588284857,0.8699891505235977,8.724081372172897,2.3069057693659385,1.4466842387210572,333037.89447036746,0.9259871572818452,0.25909153837422094,0.30864197530864196,0.048536022732305104,8.610605994374161
19,5,utility,0.0,1.8053794266855328,0.8756754678517649,8.712693496343002,2.23417287343431,1.438485122175153,415319.59578928945,1.1552350703153655,0.21998144196369737,0.3567351598173516,0.05837571511825765,8.602859600415444
19,6,utility,0.0,1.7872768835841786,0.8480112034736579,8.694641804997575,2.1809427874598954,1.439194349666213,492760.5888516514,1.3733493543587976,0.16622035169398777,0.436046511627907,0.0682154075042102,8.602859600415444
19,7,utility,0.0,1.7742699948377723,0.8257762894741055,8.68363870827371,2.09727631818793,1.4407167255138602,575540.6606935548,1.6037435195951752,0.13577704300183055,0.4907852564102564,0.07805509989016274,8.602859600415444
19,8,utility,0.0,1.7676466613005677,0.8177216915552731,8.677795522295114,1.9876501349803162,1.4397702401872317,680820.8513370347,1.8858879580751793,0.09847003006404846,0.546448087431694,0.09773448466206783,8.59976385515923
19,9,utility,0.0,1.7572842594945752,0.7999104009140028,8.674706095051928,1.9665309590152875,1.4412850686631526,792456.5224891831,2.1826500017251202,0.07558356593958492,0.5779109589041096,0.11926500620783928,8.59976385515923
19,10,utility,0.0,1.7535347848343088,0.796386126732176,8.665611986771426,1.9678553712665723,1.4411112672612187,860531.914704259,2.379223403819795,0.07369919979678163,0.5630630630630631,0.11926500620783928,8.59976385515923
19,11,utility,0.0,1.7529218452594384,0.7966618124350533,8.662142668864783,1.9676172052067569,1.4409980244935616,953430.9309163628,2.6328911411076326,0.07957715590386896,0.5528143274853801,0.11926500620783928,8.583525220559535
19,12,utility,0.0,1.7559030527865387,0.805491388974072,8.664579651080311,1.9669600263952884,1.4388287514410203,1041465.853773682,2.875371463679467,0.07713803670935726,0.5454545454545454,0.12910469859379184,8.583525220559535
19,13,utility,0.0,1.7583607000480943,0.8175599409854204,8.660792622063981,1.9673112598971867,1.4351323443256319,1115373.4317798726,3.085358893093705,0.07522995128698903,0.5678763440860215,0.1340847439018311,8.583525220559535
19,14,utility,0.0,1.7536621007136997,0.8080545028494225,8.65525078561802,1.967439655881248,1.4369722856647222,1189358.205326992,3.29552387225208,0.07518447928596564,0.5593607305936074,0.14971925277484052,8.583525220559535
19,15,utility,0.0,1.7490087850442917,0.7999368849961589,8.65120832038528,1.9695570489029772,1.4378836301647815,1287664.3936787136,3.561628105461039,0.07724683883914937,0.5375573394495413,0.16535376164784996,8.583180853186677
19,16,utility,0.0,1.748937457839104,0.8047950251502279,8.646258446751036,1.969830998225592,1.4359062495673598,1376808.6153518758,3.806659815309311,0.07866691004491633,0.5312084993359893,0.18154561670897146,8.57004680400241
19,17,utility,0.0,1.7453766157858182,0.8005775059191268,8.643681589592681,1.9718448234622548,1.4353845616927094,1455575.3198602633,4.027823235678602,0.07971859018160915,0.5208333333333334,0.1891552778912367,8.556912754818141
19,18,utility,0.0,1.745682254053755,0.8018905244178777,8.642467833102664,1.971086684420145,1.4351422202068174,1549053.7180086924,4.282823551419986,0.08261178875748831,0.5224458204334366,0.1891552778912367,8.543778705633873
19,19,utility,0.0,1.7481211576975126,0.8074119362374128,8.643036641373035,1.9700223542696849,1.4341820540707086,1643258.3019985484,4.539494094596651,0.07810520683553729,0.5237349117920148,0.1891552778912367,8.523179975026434
19,20,utility,0.0,1.7458610414220026,0.8055820886095203,8.637778208570557,1.970696718154334,1.4337312199119523,1733947.591540004,4.7880794605419945,0.07812071434054477,0.5254308532997057,0.19676493907350195,8.517510607265336
19,21,utility,0.0,1.739231458389382,0.792676646104134,8.63386034934648,1.9732961064348977,1.4351795506067273,1830462.2193020713,5.050063104394745,0.0766839369529706,0.5161516853932584,0.2205664553168887,8.504376558081068
19,22,utility,0.0,1.7380723056734169,0.7922904374868588,8.635632995812067,1.974007183241501,1.4343476400521613,1932290.4974460937,5.324268144125993,0.07104171856745217,0.5192241675248884,0.2205664553168887,8.4912425088968
19,23,utility,0.0,1.7381525621852356,0.7934754982731754,8.632629751314566,1.9731442423839936,1.4340348656047732,2022458.9264523701,5.571655530840425,0.07030065968135954,0.5140314054726368,0.2285913030076329,8.478108459712532
19,24,utility,0.0,1.7373265636565756,0.7893531976356033,8.632643103340666,1.971939025674585,1.4356457456573044,2111566.209501306,5.816602281852973,0.07062683670778329,0.5076142131979695,0.23620096418989814,8.464974410528264
19,25,utility,0.0,1.7397434213437393,0.7976381717279746,8.631169864743988,1.9716407094261315,1.4332998005034372,2193819.680478232,6.045785265099899,0.06846525210452742,0.5062532400207361,0.254684655794932,8.451840361343995
19,26,utility,0.0,1.7371288845658925,0.7924590157963357,8.627609606642286,1.972076500456767,1.4341518816653158,2293621.1870879442,6.315328730302235,0.06901221704175184,0.5026171782060433,0.2657394276130979,8.438706312159727
19,27,utility,0.0,1.7344304524380987,0.7883233870898768,8.621918392593242,1.9735302488463795,1.4342487232161594,2385297.9480046276,6.566185280410603,0.0677238968142912,0.4989323258869908,0.27679419943126377,8.425572262975459
19,28,utility,0.0,1.7317821938237776,0.7823974989099906,8.62116498480085,1.9739137542626939,1.4351709040454355,2479582.4431729997,6.823039619297856,0.07003796257036227,0.49345417925478346,0.28784897124942965,8.41243821379119
19,29,utility,0.0,1.7304682300374317,0.7803423572114387,8.620339448039811,1.9742555780935194,1.4352520640981357,2563085.1490841033,7.055095842893392,0.07202530215624157,0.4905048525569242,0.29890374306759554,8.399304164606923
19,30,utility,0.0,1.726406527959141,0.7731942169187797,8.619438953581575,1.9761919280509848,1.4354462447396108,2661390.7215067474,7.32119865946547,0.07080114901632281,0.4913522012578616,0.29890374306759554,8.386170115422654
23,1,utility,0.0,2.02446372700236,1.283534531006518,8.71976030682719,2.608717015552969,1.36718070061412,78125.28703816391,0.219688160187777,0.39475004685575443,0.20833333333333334,0.012990706239491763,8.508697538188226
23,2,utility,0.0,1.856566819545395,0.9460201753153802,8.776473110313784,2.4238686789763912,1.437422281949424,154070.3232496069,0.43436174347409595,0.27898543151960753,0.23148148148148148,0.025981412478983525,8.484346316605029
23,3,utility,0.0,1.8099723829799879,0.8381074338122692,8.738302696166713,2.4290927934538677,1.4608097223357948,246599.57642255054,0.6871790257718663,0.2700357676592189,0.26785714285714285,0.038972118718475286,8.460712534682672
23,4,utility,0.0,1.8048304082715154,0.8613741879474381,8.73291871335502,2.256139848281908,1.4440071163410544,329211.8468667945,0.9171872477936275,0.23794583350984336,0.32679738562091504,0.048536022732305104,8.43631009584908
23,5,utility,0.0,1.7959071921550014,0.855699791225296,8.716453523965017,2.190489606786147,1.4398429044903964,409223.2551109981,1.1412134867552954,0.1836942659939607,0.4340277777777778,0.05837571511825765,8.427625835140484
23,6,utility,0.0,1.7840183833175904,0.8378913716660255,8.706862701862365,2.100619970053931,1.439863256588765,485671.2279588483,1.357043824305351,0.1433037956333345,0.5067567567567568,0.0682154075042102,8.421096722883687
23,7,utility,0.0,1.7769099694579127,0.8285078179621121,8.697475267593322,2.0270802090893927,1.4395026070194534,584020.0016029056,1.623246003686683,0.11769400485664624,0.5429964539007093,0.07805509989016274,8.397515940333525
23,8,utility,0.0,1.776515440999503,0.8306447972947487,8.693233550622928,2.013680382666657,1.438483996929403,692059.9030244749,1.9117377769562924,0.07384602345742794,0.6349206349206349,0.08789479227611528,8.39422577557993
23,9,utility,0.0,1.7763992127557866,0.8439312548727967,8.685540618115496,1.9647311616282932,1.4329779321158973,783504.2110045279,2.1620596853104144,0.06626026084640593,0.6114130434782609,0.10942531382188675,8.372722424545076
23,10,utility,0.0,1.7660145413412858,0.8216680351062479,8.678015309507863,1.9657027324418939,1.4366894079871515,875484.4733661234,2.413614288742084,0.07354669893627802,0.5819366852886406,0.1192650062078393,8.35663966915132
23,11,utility,0.0,1.7589075490590913,0.808758164789226,8.667840913642694,1.9679727842525623,1.4391477897445781,955691.7695454023,2.638091069954425,0.07631617888876546,0.580837173579109,0.1192650062078393,8.344955595126859
23,12,utility,0.0,1.758193588429689,0.8110087234433698,8.661363066907104,1.9682100441123895,1.43834335728822,1045353.3210643809,2.884312638448076,0.08026887194635296,0.5514705882352942,0.1381065323226364,8.328872839733103
23,13,utility,0.0,1.7660564211468375,0.8378143517645352,8.65507240747682,1.9683153517023204,1.431551601726806,1143144.083111496,3.1492313911564405,0.08388928605446772,0.5484164070612668,0.1381065323226364,8.305265557496844
23,14,utility,0.0,1.765173195125044,0.8390932842877132,8.648992421398116,1.9690106569582169,1.4307671143331637,1209383.497371436,3.3415820439543027,0.07897771572611287,0.5563124432334242,0.14280909746032047,8.302026609993643
23,15,utility,0.0,1.763190230069102,0.8426041842204535,8.643128202618373,1.9705172113261176,1.4273861945816941,1283413.2521705495,3.551850479992263,0.07759760718386544,0.5463286713286714,0.15083394515106466,8.275544957522943
23,16,utility,0.0,1.7547916040326488,0.8234149926544404,8.64039533325471,1.9718039170415342,1.4312077926787266,1366998.8330531733,3.7840973160222973,0.08255528326888623,0.5333333333333333,0.1664684540240741,8.26062193599528
23,17,utility,0.0,1.7511882398718492,0.8160886224688063,8.636953620159915,1.9723317458218455,1.4322840926022538,1448698.2413963035,4.012005955211496,0.0825555874594112,0.5208333333333334,0.18210296289708353,8.245698914467617
23,18,utility,0.0,1.7504812802535863,0.8161135664678318,8.638400771903912,1.9725703031591928,1.4316174578183885,1558504.364897194,4.3045600392635395,0.07796975730844742,0.52734375,0.18210296289708353,8.21756691870472
23,19,utility,0.0,1.7503924807000237,0.8162183722724295,8.637570946945603,1.9719771485598276,1.4316639710550945,1644289.2106383855,4.541865184468275,0.07916730782207076,0.5230064904960593,0.18210296289708353,8.19395963646846
23,20,utility,0.0,1.7533133624440755,0.8256542183324636,8.634746695924962,1.971257081918479,1.4291235629831158,1725693.2886140621,4.769094563812327,0.07467658019883837,0.5221386800334169,0.18210296289708353,8.175746450187201
23,21,utility,0.0,1.7452094168144294,0.8086212159695416,8.633128441067853,1.9730604986166005,1.4315780734916412,1842024.318682943,5.07665593297075,0.07440990461866695,0.5256006864988558,0.1978796314497261,8.154243099152348
23,22,utility,0.0,1.7442476373279638,0.8094626914152594,8.63256198147098,1.9739359473966502,1.4303340324008655,1941933.9026976575,5.346447976204589,0.06708407328688304,0.5192241675248884,0.19912752738602504,8.132739748117494
23,23,utility,0.0,1.7391778862137253,0.7986203470634722,8.632904246168046,1.9759461228122412,1.4319635912873252,2046158.921353015,5.626165519111907,0.06864834941274682,0.5064721200980392,0.22137870568139556,8.105893518378034
23,24,utility,0.0,1.74181040551485,0.8065221067931654,8.633767050276026,1.9749729211393634,1.4299172847662427,2135948.948230238,5.872682580929517,0.06872077332196999,0.5110732538330494,0.23243347749956147,8.082259736455677
23,25,utility,0.0,1.7409735370232062,0.8021601438323763,8.634255243127825,1.97368101899247,1.4315988912368245,2231557.60596949,6.132582493729793,0.06879978082171354,0.5094222743870631,0.2434882493177274,8.064073049860516
23,26,utility,0.0,1.7414546954079968,0.80518459863079,8.634380411074497,1.9739851124830847,1.43031220093606,2315599.4342689044,6.3658786988184435,0.06472529916152832,0.5055037090212969,0.2545430211358933,8.039279534072067
23,27,utility,0.0,1.7422453080576235,0.8051999911699845,8.635130778504582,1.97264059293378,1.4308332228549205,2395262.2476593205,6.589103169616398,0.05894015168782666,0.507943143812709,0.26559779295405916,8.010278155880806
23,28,utility,0.0,1.737010074136323,0.7933555144534693,8.635309817076553,1.9740514509599307,1.4329800340960457,2497327.490782224,6.863853228799073,0.06053324169230326,0.5041152263374485,0.27665256477222505,7.988774804845951
23,29,utility,0.0,1.7301782173909621,0.7794641612686012,8.632180609847454,1.976933247082314,1.4349108354037379,2603641.9786582883,7.148376550914016,0.06091785948792843,0.49860083475621325,0.28770733659039094,7.963981289057499
23,30,utility,0.0,1.729965694315917,0.7809463297296048,8.631507325548926,1.977307067391948,1.4340069790589778,2709030.3444182547,7.430769792161935,0.05905586107777039,0.49186778593913955,0.2987621084085568,7.942477938022644
29,1,utility,0.0,2.032432120617277,1.2941757590366707,8.723811784140254,2.617399711275541,1.3664351093719456,84465.49036104862,0.23427062783041186,0.39651481050287135,0.20833333333333334,0.022251178295370523,8.557365153780513
29,2,utility,0.0,1.8672917668849505,0.9557227243978974,8.80159422621091,2.43942772601327,1.4395155334932006,168930.9807220972,0.4685412556608237,0.3090859424387258,0.20833333333333334,0.044502356590741046,8.54437444754102
29,3,utility,0.0,1.8308352207700926,0.8836852886830331,8.74356925563245,2.4242639933403742,1.4583766262266868,251832.162744181,0.6992139743116166,0.3062481594230164,0.2180232558139535,0.06675353488611158,8.531383741301529
29,4,utility,0.0,1.8151461001338753,0.8802578732577266,8.727044920138649,2.2942131977975926,1.443888433088691,326544.7954234701,0.9110530294739816,0.25620089778804245,0.2976190476190476,0.06675353488611158,8.531383741301529
29,5,utility,0.0,1.803872106462167,0.8700053822947191,8.715329754013485,2.235437294987449,1.439706717587375,413089.11439476244,1.150104963107954,0.19873943160221652,0.38296568627450983,0.07780830670427748,8.531383741301529
29,6,utility,0.0,1.786965373565402,0.8463352199572768,8.696695101843394,2.1506148247917225,1.4390719835793384,483511.23897984665,1.3520758496536478,0.16531361237439646,0.44642857142857145,0.07780830670427748,8.531383741301529
29,7,utility,0.0,1.7827060512974429,0.8427858075814804,8.688493363377631,2.1105854215514044,1.438169720913961,560940.4439793678,1.5701630211525464,0.11817634416786807,0.5262027491408935,0.07780830670427748,8.51952080030938
29,8,utility,0.0,1.7704486769179733,0.8189181568213713,8.685603371015832,2.0058890009452313,1.4404593116357076,672380.1981057911,1.86647445564332,0.09125219224344105,0.5847953216374269,0.07805509989016274,8.51952080030938
29,9,utility,0.0,1.7607437134056583,0.8051482658855418,8.67670211020727,1.9661858988810852,1.4409915003684766,771331.6571454959,2.1340628114346414,0.08098325563858191,0.590034965034965,0.09958562143593419,8.51952080030938
29,10,utility,0.0,1.7605241244871348,0.8097370707808179,8.670655945744619,1.9662520509924764,1.439417091931319,858381.6870413286,2.3742778801950566,0.07564156957317042,0.5952380952380952,0.09991785034060928,8.51840763406456
29,11,utility,0.0,1.757056918378426,0.8022259219637481,8.673133132299228,1.9668763766442554,1.4402555023081076,953979.0921067826,2.634151911845601,0.07429163032741774,0.5862403100775194,0.10942531382188674,8.51840763406456
29,12,utility,0.0,1.7700006486880169,0.843222210678917,8.664999945202942,1.9668906606606245,1.4307206730683284,1034293.9348479762,2.858876050150346,0.07649364458036234,0.5639097744360902,0.11845023502882165,8.506530094069888
29,13,utility,0.0,1.7681891262389222,0.8401732497884844,8.659696385888243,1.966164262825192,1.4312122437493129,1117206.9738048082,3.08957603975106,0.07739420783797582,0.5642361111111112,0.12647508271956584,8.506530094069888
29,14,utility,0.0,1.7602818078043252,0.8242648167118516,8.65730796100288,1.9677549135639731,1.43390845293861,1205342.422031814,3.3322875706731727,0.07689794527575172,0.5563124432334242,0.14210959159257527,8.506530094069888
29,15,utility,0.0,1.7603025521315356,0.827063070889006,8.651039408479647,1.9682268798215992,1.4330849509457224,1283155.6781369918,3.5512580597150807,0.07153260299399106,0.5674939467312349,0.15830144665369678,8.494667153077739
29,16,utility,0.0,1.7517185353605822,0.8090844342398288,8.647808317775493,1.9705058316418977,1.435916362123907,1380776.603969124,3.8157861891289837,0.0736631747547051,0.546448087431694,0.18210296289708353,8.494667153077739
29,17,utility,0.0,1.7521053016195587,0.8112911691152852,8.64599238628834,1.9699920894915537,1.4352909998927277,1473267.5369073653,4.068515334886938,0.07144981874413221,0.5404697785757032,0.18971262407934877,8.494667153077739
29,18,utility,0.0,1.7494873339204087,0.8121451920211011,8.645139247144265,1.9725200967027705,1.4326390112488643,1572598.357211636,4.336976221586757,0.07128797259691666,0.53486529318542,0.18971262407934877,8.494667153077739
29,19,utility,0.0,1.7491027933795142,0.815281912711955,8.640430747187473,1.9732687192437992,1.4309306322130093,1662806.9215699204,4.584455919610807,0.07495937176299661,0.5274076671341749,0.19773747177009296,8.494667153077739
29,20,utility,0.0,1.7507912776198977,0.81888583219685,8.640890258780907,1.9720022289546932,1.4304304548324926,1749330.5495853506,4.823460264046293,0.07066258881501108,0.529436679373147,0.1995524313631412,8.481676446838247
29,21,utility,0.0,1.7525764260597767,0.8237786220974813,8.639036830499542,1.97122251659104,1.4292981158418563,1842294.7803932643,5.077277994904492,0.06762673884620397,0.5329176334106729,0.2106072031813071,8.474622170398524
29,22,utility,0.0,1.7474338760718435,0.814846507380652,8.636010493553073,1.9727786814670583,1.4301218938126146,1929525.111984203,5.317907757563646,0.06804442233132514,0.527370990237099,0.22166197499947302,8.468685740598755
29,23,utility,0.0,1.7410290877879318,0.7977155897798816,8.636888035236824,1.9736676413928227,1.4339588888701855,2028547.339501615,5.585658880853689,0.06975898348349033,0.5159566167290887,0.23271674681763893,8.468685740598755
29,24,utility,0.0,1.7404072408692244,0.8004798742234399,8.63537063246701,1.974754025857748,1.4320958980680198,2129078.583428928,5.8568807418865045,0.07046764516004776,0.5080440304826418,0.24377151863580485,8.455695034359263
29,25,utility,0.0,1.7440151386189258,0.8119139717432646,8.63397131667592,1.9733154939380795,1.4287447114449372,2210914.9695639717,6.085104429997101,0.06677648448608733,0.5241881374127751,0.24377151863580485,8.455695034359263
29,26,utility,0.0,1.7388156245556299,0.8037814064948715,8.625841427149027,1.9748857522145729,1.4292207647184143,2307309.892116508,6.346812751867932,0.06759546094509161,0.5200640078778926,0.25482629045397076,8.455695034359263
29,27,utility,0.0,1.734290661345851,0.7935239763446204,8.626641363382204,1.9767776752908466,1.4310695280847654,2418111.7577721877,6.641657042875991,0.06621042135079432,0.5155295315682281,0.26588106227213665,8.45277632325916
29,28,utility,0.0,1.7334997946221338,0.792485006288998,8.626586337703827,1.9766733751486336,1.4310012560030667,2512944.544603077,6.899772452587035,0.06493564368576767,0.509779442363712,0.27693583409030254,8.45277632325916
29,29,utility,0.0,1.7356369461662036,0.7981977921660209,8.624946482503695,1.9757024093957058,1.4296732585696001,2602571.326477838,7.145914050898984,0.06500787872120398,0.5063824662813102,0.2879906059084684,8.45277632325916
29,30,utility,0.0,1.7335058139572863,0.7933217286020884,8.625378316579425,1.975719668145741,1.4305191221944715,2708663.6348900525,7.429926360247074,0.06408832564105146,0.5051185344827587,0.2990453777266343,8.441806514995823
31,1,utility,0.0,2.02446372700236,1.283534531006518,8.71976030682719,2.608717015552969,1.36718070061412,78125.28703816391,0.219688160187777,0.39475004685575443,0.20833333333333334,0.012990706239491763,8.55795733128446
31,2,utility,0.0,1.8599554077083356,0.9560153465771897,8.779194188288706,2.397714912758107,1.4338131136437529,148404.342449413,0.4213299876336499,0.25973304148000537,0.24509803921568626,0.022109543636331812,8.55795733128446
31,3,utility,0.0,1.8184837957291193,0.8493848684436139,8.748310647339844,2.438599312907881,1.4625721315509865,230628.39115396194,0.6504452996541126,0.275599128953614,0.2533783783783784,0.03316431545449772,8.55664470066325
31,4,utility,0.0,1.7897869548880643,0.828208316919843,8.746536327332263,2.216489678074754,1.4458977395232608,327665.4372208301,0.9136305056079094,0.22189569554129546,0.3787878787878788,0.048536022732305104,8.55664470066325
31,5,utility,0.0,1.7916232341908536,0.8451166728115052,8.72712616316663,2.132326740954006,1.4405544633487226,399144.0165433077,1.1180312380496076,0.1869130171046178,0.4489942528735632,0.05837571511825765,8.55664470066325
31,6,utility,0.0,1.7795910501388235,0.8270356363233609,8.716995275875583,2.036126661233815,1.44054255384053,479560.60533736995,1.3429893922759508,0.14501770389202387,0.5136986301369864,0.0682154075042102,8.55664470066325
31,7,utility,0.0,1.7694836669354048,0.8128411842360129,8.7016508333398,1.962290559298458,1.441014601637807,595387.9801030633,1.6493923542370452,0.11944640609189926,0.5548007246376812,0.07805509989016274,8.54713211284236
31,8,utility,0.0,1.7848983680496577,0.8518278096424866,8.702147165804151,1.9625744277987938,1.4333703977324908,688846.9019879053,1.904347874572182,0.08634783705698602,0.6172839506172839,0.08789479227611528,8.54713211284236
31,9,utility,0.0,1.7700393429805277,0.8221819322117422,8.696032625735972,1.9637482364177516,1.4372779995073544,777486.8172096701,2.148219679582242,0.0625437023360827,0.6392045454545454,0.10942531382188675,8.54713211284236
31,10,utility,0.0,1.7636235310006192,0.811558678298472,8.689227070895296,1.9659012200843025,1.4384862727033676,882278.0191813395,2.4292394441170813,0.0630488296638035,0.6351626016260162,0.1192650062078393,8.54713211284236
31,11,utility,0.0,1.758114586813833,0.8000944970546107,8.683899516839377,1.966101823219048,1.440510545953162,962745.4256874921,2.654314479081232,0.0636972948491762,0.6270729684908789,0.12717458858731104,8.54713211284236
31,12,utility,0.0,1.760148231356737,0.8082069111458671,8.67770407306647,1.9656310443611325,1.4387049991670182,1033518.3959736361,2.8570923107393624,0.06571891371756242,0.6,0.14280909746032047,8.54713211284236
31,13,utility,0.0,1.7623025573112572,0.8196288850147838,8.668982244818565,1.9659344024881198,1.436029576788601,1110108.3350636049,3.0732491706462897,0.0673535950863694,0.5927328843995511,0.15900095252144197,8.54713211284236
31,14,utility,0.0,1.760593731256082,0.8236216046521497,8.659899396577302,1.9682698823185643,1.4340974096016488,1196838.402994302,3.3127283268868934,0.07263323228457141,0.5767419962335216,0.16661061370370722,8.544317994508363
31,15,utility,0.0,1.7534946654576036,0.813296623210824,8.653774047653172,1.9715260646082318,1.4342490729166852,1304936.351754809,3.601353609036059,0.07946035044133729,0.5567102137767221,0.18280246876482872,8.544317994508363
31,16,utility,0.0,1.7509554264363205,0.8090248346340244,8.653153699737977,1.971815825769044,1.4346097054705251,1385701.2942059122,3.8271129766735954,0.08271528589750998,0.5431093007467753,0.19843697763783816,8.544317994508363
31,17,utility,0.0,1.7557954816967896,0.8237488586189484,8.647972790918915,1.9698405348276877,1.4311474146073528,1457067.9432852212,4.031256269556005,0.07419317878192869,0.5483454766241651,0.19843697763783816,8.544317994508363
31,18,utility,0.0,1.7492890029938872,0.807449831912825,8.646054845577654,1.970565142938517,1.4348858046181159,1552985.4594294084,4.291866556687632,0.07669664205975851,0.5408653846153846,0.2060466388201034,8.536306894400262
31,19,utility,0.0,1.7439424383136872,0.7976013870245843,8.643275611902595,1.972484152159835,1.4358275062282442,1664172.6091151668,4.587597000964872,0.07814917962736051,0.5426286676286677,0.22182330737274597,8.536306894400262
31,20,utility,0.0,1.7429582864066004,0.7972247550018489,8.64410511397152,1.973093879904784,1.4351509195083085,1770324.3031662272,4.871745897282307,0.08049646190613116,0.5314625850340136,0.22182330737274597,8.531991288353476
31,21,utility,0.0,1.7449235340315057,0.8055439726026803,8.641979743775888,1.9723888768280604,1.4325080547582654,1849457.9903186515,5.093753377732879,0.07412237104293981,0.5455760095011877,0.22182330737274597,8.531991288353476
31,22,utility,0.0,1.7418064165515703,0.7987469211091123,8.636641930683828,1.9726028826435793,1.434048217402063,1936085.224618118,5.3329960166216495,0.07345410373253108,0.5409513590844063,0.22984815506349016,8.53140323798177
31,23,utility,0.0,1.7398505306133472,0.7982762705930813,8.634047234087038,1.9739786419985184,1.4327994396348191,2029541.4854274215,5.587945416483043,0.07320774727851506,0.5318935006435006,0.23787300275423434,8.53140323798177
31,24,utility,0.0,1.737539545184525,0.793514775223491,8.634319131769981,1.974394494765257,1.4334531255444694,2142197.5235362756,5.887054304133403,0.07295295374122074,0.5240174672489083,0.2454826639364996,8.53140323798177
31,25,utility,0.0,1.739522919023528,0.7975422285462249,8.638551500731127,1.9735204895822231,1.4326296246821146,2238063.0785917398,6.147545080760966,0.07320574585513445,0.5246105291431641,0.25719611907082535,8.53140323798177
31,26,utility,0.0,1.736448619186758,0.7895507976353264,8.639409686237313,1.9740693839730499,1.434349866177966,2339053.5707126814,6.419823212639129,0.07537542406520986,0.5173891746265001,0.27687550384273046,8.520527199105743
31,27,utility,0.0,1.729993769404228,0.7752752619984922,8.634880604325945,1.976236478931617,1.436883593124621,2446684.614609433,6.707374613601654,0.07594332165579268,0.507943143812709,0.29141330049074193,8.520527199105743
31,28,utility,0.0,1.7334734629536537,0.7840794255933192,8.63591185378964,1.9742440166144435,1.4350979448214347,2535686.2610312277,6.9520784003717795,0.07498667552218835,0.5050505050505051,0.3082457177744545,8.509557390842406
31,29,utility,0.0,1.7322653376349735,0.780150973780296,8.6348825713527,1.9735516719115993,1.4363408219956855,2627163.972791823,7.202477137421147,0.07817374780178327,0.49973854344932495,0.31808541016040703,8.509557390842406
31,30,utility,0.0,1.726532951790036,0.7684614254560299,8.628584551337577,1.9757672466886051,1.4379208418756895,2721965.3774464065,7.460520368126685,0.07807049228061294,0.4916098584163608,0.3279251025463596,8.509557390842406
37,1,utility,0.0,2.02446372700236,1.283534531006518,8.71976030682719,2.608717015552969,1.36718070061412,78125.28703816391,0.219688160187777,0.39475004685575443,0.20833333333333334,0.012990706239491763,8.485846065196586
37,2,utility,0.0,1.8559929269311184,0.9435579276194556,8.786818754397084,2.4056781391157926,1.4373894680244113,154686.26573736296,0.4357784111959349,0.2905846131132455,0.21929824561403508,0.025981412478983525,8.459364412725886
37,3,utility,0.0,1.8046885329240943,0.8349716081205968,8.728799172815997,2.4042189762211064,1.4587041226089885,239579.45909683878,0.6710327559227294,0.28191819100824067,0.24671052631578946,0.038972118718475286,8.438742013115254
37,4,utility,0.0,1.8026893325462927,0.8438979778358584,8.743177924283168,2.309142198237941,1.4508981090593065,330205.3970529215,0.9194724132217197,0.24516068852388478,0.31446540880503143,0.044219087272663625,8.419773318491199
37,5,utility,0.0,1.7884812171433484,0.8395000235519297,8.730106568167118,2.0679476297383093,1.439963697624112,416627.83966289787,1.1582440312246651,0.19940326436832573,0.40064102564102566,0.06106471054923201,8.401508914959546
37,6,utility,0.0,1.7782607396680379,0.825968878266986,8.714762064106468,1.9933235385572134,1.4399574122496626,490619.9103154903,1.3684257937256272,0.14542101475020747,0.4934210526315789,0.07090440293518456,8.39282465425095
37,7,utility,0.0,1.7782546221999425,0.8310534483491271,8.706176162716718,1.9622974667997528,1.4380531349353785,580255.4402202037,1.6145875125064684,0.11114214078713971,0.5608974358974359,0.07090440293518456,8.377928132409384
37,8,utility,0.0,1.7688851929554412,0.8155912767054564,8.697347645735306,1.9636135369391507,1.4393444739624048,687798.3910657315,1.9019362994511821,0.07249574872726039,0.6289308176100629,0.09058378770708965,8.371347802902193
37,9,utility,0.0,1.7616128213918685,0.8032311966196516,8.68773626224441,1.965260658649119,1.4408948379726325,776771.6666974982,2.1465748334042463,0.0648563618856865,0.6158759124087592,0.1004234800930422,8.353109899056637
37,10,utility,0.0,1.758953031083029,0.8016409915607593,8.680463460246605,1.966224473215416,1.4405590650731317,861120.6061459995,2.380577394135799,0.06201236880100482,0.5986590038314177,0.10942531382188675,8.334896712775379
37,11,utility,0.0,1.7593967091476073,0.8042613577661222,8.677317942120823,1.9650065483175756,1.4399045373169739,935190.262948076,2.5909376047805748,0.06638256536222055,0.580837173579109,0.11900758121693372,8.32298507355944
37,12,utility,0.0,1.757414880034832,0.8095080255566915,8.671196419903817,1.967572500300471,1.437115158178247,1022531.735259354,2.8318229910965145,0.06629005529038962,0.5681818181818182,0.1309558353676582,8.306902318165685
37,13,utility,0.0,1.765388405446673,0.8331633169520742,8.665565088936656,1.967234540272132,1.4321194002273512,1104414.4391953307,3.060153210149261,0.0742742394432473,0.5501302083333334,0.1422517512722084,8.29739989227912
37,14,utility,0.0,1.757903334615158,0.8231302549236357,8.653235231541487,1.970215400309397,1.4326135314962216,1194699.291935889,3.307808371452545,0.07656176701792433,0.5358705161854768,0.1584436063333299,8.281317136885365
37,15,utility,0.0,1.7508646625049247,0.8080994602532287,8.652200618660608,1.9722043551283228,1.4347109847917676,1282935.3500345626,3.5507513050794937,0.07995296973714303,0.5139802631578947,0.18224512257671666,8.26523438149161
37,16,utility,0.0,1.7521790285098156,0.8177131086870655,8.646079164289398,1.972235236572315,1.431310076856525,1365719.2828795074,3.7811543506228658,0.08071511499421563,0.5098789037603569,0.19026997026746084,8.244452107103879
37,17,utility,0.0,1.750246199920014,0.8153037140208379,8.641673138378172,1.9726843441343982,1.4314554662564163,1436042.7374646969,3.982898296168801,0.0759396584114273,0.5085163288288288,0.1978796314497261,8.224108489935118
37,18,utility,0.0,1.7530018105382978,0.8218713414994632,8.641933825063798,1.9713648212203272,1.4302216051779404,1525774.025991451,4.2292802597803325,0.0709500304226775,0.5136986301369864,0.1978796314497261,8.195107111743857
37,19,utility,0.0,1.7472300152992035,0.809973358109106,8.639512061955198,1.9727623312303102,1.4321063512605137,1627624.283255445,4.5035358514875155,0.072705219142212,0.5130172805820827,0.20548929263199134,8.176893925462599
37,20,utility,0.0,1.7436051080321135,0.8025649508868296,8.63877149683149,1.9733581446846769,1.4330990611132235,1734902.7379435734,4.790276297270206,0.07577985065315328,0.5026135906714918,0.2130989538142566,8.149996478472744
37,21,utility,0.0,1.7416750075503316,0.7993763391540508,8.63714417640241,1.9736245824276388,1.4332875622524128,1819896.6321383056,5.025762253918085,0.07335194208454873,0.49769772481040087,0.22112380150500077,8.12849312743789
37,22,utility,0.0,1.7441250993354414,0.8086496607065697,8.636533342265176,1.9739360246038224,1.4303758351523619,1909864.8691025733,5.272689198935898,0.06517443083655677,0.4996696399074992,0.22112380150500077,8.107040993653431
37,23,utility,0.0,1.7439494525631838,0.8105782185703172,8.634412017237208,1.9738759912055976,1.4293170951016128,2011034.3101492517,5.545378913343255,0.06270598901627106,0.4964339339339339,0.22137870568139556,8.088827807372173
37,24,utility,0.0,1.7432161851656762,0.8079133593566439,8.632940499997344,1.9731795331521014,1.430248824936178,2104756.1871369034,5.80093923041485,0.06311130609066325,0.49586776859504134,0.23243347749956147,8.076035216732013
37,25,utility,0.0,1.7378839986647863,0.7969889808375462,8.630367900152525,1.9748807352382884,1.4319586153680028,2215172.0892139752,6.094895805192112,0.06277085101301641,0.48950501253132833,0.2434882493177274,8.052427934495753
37,26,utility,0.0,1.733733742880897,0.7875564562604762,8.629974829085384,1.9764703242516701,1.4335758854139644,2323673.1775625465,6.384448308393823,0.06441699246502619,0.480988160291439,0.2545430211358933,8.034214748214495
37,27,utility,0.0,1.7325955967460152,0.7865114212483761,8.631308880087065,1.9771972176584123,1.4333108449933933,2420874.991395213,6.648012480208954,0.06511853970633683,0.47910094637223977,0.26559779295405916,8.013592348603863
37,28,utility,0.0,1.7322395375235087,0.7854139667022316,8.629723153631696,1.9762724060987988,1.4336671889393335,2517375.198780865,6.909962957195951,0.06581189594629094,0.47870261821023835,0.2795644992737049,7.992088997569008
37,29,utility,0.0,1.7356328083647885,0.7931834773970526,8.629464389496812,1.9743630602278623,1.432214979056515,2586264.134200555,7.1084075086612355,0.06654272520644261,0.4779278050554646,0.2894041916596575,7.973597028845876
37,30,utility,0.0,1.733277448763047,0.7887151281641311,8.631068642437764,1.975529963155682,1.4326561924033885,2675412.126246601,7.353447890367137,0.0677949982265563,0.4802766393442623,0.3109347132054289,7.948803513057424
41,1,utility,0.0,2.02446372700236,1.283534531006518,8.71976030682719,2.608717015552969,1.36718070061412,78125.28703816391,0.219688160187777,0.39475004685575443,0.20833333333333334,0.012990706239491763,8.644450191052966
41,2,utility,0.0,1.8641320658008438,0.9492423958201501,8.79885569963562,2.442420283254016,1.4408988903487008,156250.5740763278,0.439376320375554,0.3065687997522235,0.20833333333333334,0.025981412478983525,8.6308356312142
41,3,utility,0.0,1.8415407148304321,0.9072434559039185,8.736530626480743,2.43308582757674,1.45563969745116,234375.86111449168,0.659064480563331,0.3208749415167621,0.20833333333333334,0.038972118718475286,8.617221071375434
41,4,utility,0.0,1.8047639180268757,0.8635570468121752,8.731147080906617,2.2415688641527542,1.4424242630426731,328893.1270144885,0.9164541921333238,0.2512382604089887,0.31446540880503143,0.048536022732305104,8.617221071375434
41,5,utility,0.0,1.7998009955522276,0.8650082452980142,8.713750600104856,2.19543602508149,1.4382796734288512,412845.06000804505,1.1495436380185038,0.2048128914573455,0.39457070707070707,0.05837571511825765,8.617221071375434
41,6,utility,0.0,1.7820237498108957,0.8379063365588499,8.695635535077955,2.0843944543302793,1.439086328661785,487545.7963034813,1.361355331498007,0.16179126361532598,0.4573170731707317,0.0682154075042102,8.617221071375434
41,7,utility,0.0,1.7732966020582968,0.824954261592611,8.684967221539951,2.003055948452951,1.4396587528174332,577893.306033741,1.6091546038776041,0.1318689010700057,0.5104166666666666,0.07805509989016274,8.602594103663343
41,8,utility,0.0,1.7739055354927833,0.8304714494219686,8.6792934189239,1.9902169893048658,1.4379818112205995,682800.4131600922,1.890440950268212,0.09223169658139692,0.6006006006006006,0.08789479227611528,8.591711665901542
41,9,utility,0.0,1.7638305515516157,0.8127592393380602,8.677208619929447,1.966381150354019,1.4395114779370735,782159.8219006574,2.158967590371512,0.07165195837909297,0.6158759124087592,0.10942531382188675,8.57349833462087
41,10,utility,0.0,1.7617532032838472,0.8106350930948768,8.672226834281705,1.9667843666743077,1.4396776885382512,853951.0712496326,2.364087463874155,0.0651657044983413,0.6091617933723197,0.10942531382188675,8.57349833462087
41,11,utility,0.0,1.7622297708033403,0.8163135896526117,8.670254820537949,1.967388789626863,1.437589330540146,945886.8961217571,2.615539861080041,0.06819366540534344,0.5835262345679012,0.1192650062078393,8.555285003340199
41,12,utility,0.0,1.7694051151795962,0.8386023214004112,8.6656833367347,1.9662074811016508,1.4323578007564768,1029375.2384043937,2.847563048330105,0.07275044969139406,0.5555555555555556,0.12826683993668384,8.555285003340199
41,13,utility,0.0,1.7645397560977494,0.8280021712918026,8.660328531374807,1.966352093359911,1.4346651211847439,1108100.686474883,3.0686315788922296,0.07354663587688126,0.5416666666666666,0.13449993041031,8.555285003340199
41,14,utility,0.0,1.762261444584347,0.8293489354010313,8.654405453860765,1.9678985538142117,1.4329667790001845,1196488.243224264,3.311922959415805,0.07870779290831234,0.5316840277777778,0.14210959159257525,8.537071672059527
41,15,utility,0.0,1.7523032925238493,0.8099719941937876,8.648019724524492,1.9709791056931927,1.4356897261967283,1293136.8095290372,3.574214661916783,0.08479445815185652,0.5095108695652174,0.165911107835962,8.518858340778856
41,16,utility,0.0,1.7512265798132578,0.8085922091703656,8.64732183291737,1.970625943057349,1.4356800464417745,1366192.498281955,3.782242746048493,0.08600863505999198,0.5031446540880503,0.17393595552670618,8.518858340778856
41,17,utility,0.0,1.7499184164268498,0.8093155056540462,8.646898750447667,1.9714433710906667,1.434146878795363,1464285.088758898,4.047855704145461,0.08078421751850601,0.5102401129943502,0.18154561670897143,8.489762571736383
41,18,utility,0.0,1.7474111181007874,0.8070507975588151,8.641037797026053,1.972465746630724,1.4337217319662818,1540562.068882457,4.2632927584296425,0.07636753528209109,0.5090497737556561,0.19787963144972606,8.489762571736383
41,19,utility,0.0,1.7503606670127518,0.8177543590282794,8.637608359181701,1.9714769005796378,1.4306600089194719,1628042.062192107,4.504496743041833,0.06832883978486501,0.5215557096625058,0.19787963144972606,8.478880133974583
41,20,utility,0.0,1.7535388494042168,0.8235159905732182,8.63978231573626,1.9697018136542117,1.4298623239359958,1702670.2425027213,4.716141557756243,0.06089453609336234,0.5335040546308152,0.19899582341221808,8.467997696212782
41,21,utility,0.0,1.7519165048135776,0.8201906374723419,8.636649550806823,1.9697059572152038,1.4306963415270615,1804094.6202119372,4.9894176264874375,0.06119883563652693,0.534156976744186,0.19926916204506373,8.467997696212782
41,22,utility,0.0,1.7429074867134302,0.8004779270621677,8.633968212808043,1.9716772260961137,1.4342240071613546,1906426.5444672746,5.264781052274709,0.06168460735120429,0.5246271245230663,0.21032393386322965,8.44978436493211
41,23,utility,0.0,1.736737648985896,0.7872510599968747,8.632996795021775,1.97417398214195,1.4360011197315596,2008326.3264972868,5.539150550943733,0.06601626355699365,0.5097517730496454,0.22153898801347968,8.431571033651439
41,24,utility,0.0,1.738222483636464,0.7943765296472405,8.632403275064275,1.9738314582781016,1.4336357701608378,2113562.2928842762,5.821193273633805,0.06471889093776115,0.5110732538330494,0.24735642668487284,8.402475264608967
41,25,utility,0.0,1.7375694865557905,0.793313417862678,8.63287495366066,1.9735460437843528,1.4335717909186778,2214188.0256127254,6.092632458909235,0.06527362108573584,0.5102207419017764,0.26703581145677796,8.373379495566494
41,26,utility,0.0,1.7412185780272664,0.8048500564097189,8.632121813257566,1.9733425230779682,1.4303464965076593,2302132.916510028,6.334905707973029,0.06644567074418195,0.5069594432445405,0.2768755038427305,8.362497057804694
41,27,utility,0.0,1.7386763004852661,0.8003073898354459,8.628685483770443,1.9736074345213221,1.4308598792146157,2388171.811220557,6.572795165807242,0.06469491219641137,0.5022321428571429,0.2867151962286831,8.351614620042893
41,28,utility,0.0,1.7322110953516852,0.7876232898122212,8.627438267777087,1.9769684874100524,1.4324964008274284,2485399.759461656,6.836419446761765,0.0657920981921791,0.49645390070921985,0.30824571777445453,8.333401288762222
41,29,utility,0.0,1.7296554868152278,0.7808473304691353,8.626986420108382,1.9771891189521658,1.4339506939966808,2583053.826893155,7.101023801854208,0.06692567068067345,0.48858988659602154,0.32792510254635965,8.30430551971975
41,30,utility,0.0,1.7310000041875844,0.7865241373603542,8.62450992902418,1.9763755598434698,1.432114778145508,2660411.069796625,7.318945460532185,0.06704202382512454,0.4849974133471288,0.3377647949323122,8.293423081957949
43,1,utility,0.0,2.02446372700236,1.283534531006518,8.71976030682719,2.608717015552969,1.36718070061412,78125.28703816391,0.219688160187777,0.39475004685575443,0.20833333333333334,0.012990706239491763,8.512233174957966
43,2,utility,0.0,1.8671329938771326,0.9612746948978352,8.792755297208208,2.423361956974387,1.4363317248047784,151884.1591849647,0.42933356612541884,0.28285257156349514,0.23148148148148148,0.025981412478983525,8.512233174957966
43,3,utility,0.0,1.798767675416647,0.8331239114256913,8.74060442011928,2.317624303985068,1.4518070501160605,230087.63688260404,0.6492015648299894,0.2764220974650906,0.26785714285714285,0.038972118718475286,8.512233174957966
43,4,utility,0.0,1.8077873827511863,0.8610944398094045,8.737073023115265,2.289919862545576,1.4470284482887505,331626.6870498183,0.9227413802145821,0.2346055304571078,0.3472222222222222,0.048536022732305104,8.505398181767012
43,5,utility,0.0,1.8010411551695882,0.8591868141058995,8.717075487972389,2.2606937608929143,1.4436561896743771,392685.9769997709,1.1031777470994728,0.18402391022676745,0.4413841807909605,0.048536022732305104,8.493740607428647
43,6,utility,0.0,1.7881273243798141,0.8402937793776801,8.70438935706736,2.2278617711604514,1.4432818981005762,464947.45002938516,1.3093791350675854,0.15018988799851102,0.528169014084507,0.05837571511825765,8.490450442675051
43,7,utility,0.0,1.779287380014144,0.8269642960477012,8.702690917774028,2.13735832942719,1.4423474805535372,568354.3732956684,1.5872150585800369,0.12340046847075059,0.5735018726591761,0.07805509989016274,8.466604026251456
43,8,utility,0.0,1.78340171523991,0.8440957807073944,8.693328387570391,2.0931400570444056,1.4376193032015332,683474.7016609245,1.8919918138201262,0.09097334714924893,0.6172839506172839,0.08789479227611528,8.457893265856763
43,9,utility,0.0,1.76727280636297,0.8136217764770068,8.681252169171568,2.0171823503841413,1.4410854142328462,764138.8426167029,2.117519338018417,0.08371232009909464,0.598404255319149,0.09773448466206783,8.445049457966208
43,10,utility,0.0,1.7591657198670645,0.800515485643849,8.677929240407085,1.966077189114647,1.4419039936551925,866884.293056501,2.3938338740299523,0.07498145979177326,0.588512241054614,0.11926500620783928,8.429809585314718
43,11,utility,0.0,1.7578560914582735,0.7988143189585213,8.674845096621254,1.9649828921372852,1.4420974795995707,939497.8545414046,2.600845065445231,0.08005817264281082,0.5729166666666666,0.1260598962110869,8.41789794609878
43,12,utility,0.0,1.7623991103298384,0.8136931837579199,8.674057898234354,1.9647089040014272,1.438295188828948,1038903.9798075844,2.869479153557444,0.08183627101314972,0.5576208178438662,0.13810653232263637,8.398525025951429
43,13,utility,0.0,1.762098223197113,0.8213546089421034,8.663658661946025,1.9655982973818615,1.4355207562820034,1114069.560910526,3.0823599900942096,0.07962942792044103,0.5518547544409613,0.14169440508409634,8.383602004423766
43,14,utility,0.0,1.7614099294445542,0.8245630029990579,8.656432575770548,1.9665144289102396,1.434355057009533,1186441.1033832966,3.2888145377815814,0.0779024119116692,0.5548007246376812,0.14971925277484052,8.3687054825822
43,15,utility,0.0,1.7540641384669606,0.8132970317988004,8.646506840404827,1.9690371993072144,1.4355465566721828,1286986.2923407499,3.560068472383723,0.0823935183220873,0.5314625850340136,0.16535376164784996,8.344633043440874
43,16,utility,0.0,1.7512785667148387,0.8114004273814299,8.648676059545485,1.9707757496187073,1.4339791783719051,1389660.2477390454,3.836218569799802,0.08279468228109732,0.5333333333333333,0.17337860933859414,8.32312969240602
43,17,utility,0.0,1.7498819994056012,0.8081675128237087,8.646320318943731,1.9703773217847522,1.4347881905485336,1461437.6355807004,4.041306561835606,0.08295395596381241,0.5272183304144775,0.1809882705208594,8.301626341371167
43,18,utility,0.0,1.7504239934692096,0.8123536595146149,8.643767016597858,1.970233300804838,1.4332480390367552,1535796.161495948,4.252331171440671,0.08064047584320047,0.5248833592534993,0.19676493907350195,8.283439654776005
43,19,utility,0.0,1.7512579261172452,0.8137592120027158,8.643492001933591,1.969193478244046,1.4332529378434744,1631613.635956699,4.512711362700395,0.08070783987581713,0.5208333333333334,0.20478978676424614,8.265252968180844
43,20,utility,0.0,1.7524439805815548,0.81940831986571,8.641599775783611,1.9696093322985666,1.4313222964578916,1707621.8500209968,4.727530255048276,0.07342719007351009,0.5234505862646566,0.21295679413462346,8.250329946653181
43,21,utility,0.0,1.7505152727642435,0.8164358982835286,8.641478793805835,1.97023835893613,1.4313174540236797,1828730.515595348,5.04608018586928,0.06813325321278221,0.534156976744186,0.21295679413462346,8.23214326005802
43,22,utility,0.0,1.7480172457784822,0.8121019144564648,8.638859754050612,1.9711399072215277,1.4319416563305463,1913874.4664505303,5.281911272836196,0.06733231577617543,0.5279232111692844,0.22098164182536764,8.210691126273561
43,23,utility,0.0,1.7415158636762267,0.7991464289858273,8.634901207553538,1.9725624604025533,1.4337455943256296,2013310.207409603,5.550613477042058,0.06804038028417062,0.5298477564102564,0.23751673429892026,8.193269605484174
43,24,utility,0.0,1.737526053170517,0.7926824494317593,8.631959472881563,1.97412994075734,1.4339314432477521,2109917.509349926,5.812810271504796,0.0723215287507101,0.5217391304347826,0.24735642668487282,8.169357041119946
43,25,utility,0.0,1.738506015449272,0.796616503208057,8.631419362807858,1.973525780008594,1.4327317213199966,2215494.554401748,6.095637475123985,0.07065077031093857,0.5208333333333334,0.2670358114567779,8.151092637588293
43,26,utility,0.0,1.7369722504396041,0.7913865585485977,8.631380703714523,1.9730138389095022,1.4343499263882071,2311262.757209126,6.355904341580953,0.06991845823794425,0.5266766392420843,0.2670358114567779,8.140277945992194
43,27,utility,0.0,1.735965188732629,0.78954239609891,8.62752818216985,1.9726377039935243,1.4346664128175206,2394164.3306246377,6.586577960436626,0.06961867727272425,0.5247926744989634,0.27687550384273046,8.11877459495734
43,28,utility,0.0,1.7322715416325756,0.7845770792769191,8.628265135293788,1.9749807608693914,1.4340909369543215,2496771.195479976,6.8625737496039,0.06753068819451595,0.5175327418673427,0.3082457177744545,8.090690914415296
43,29,utility,0.0,1.7304016298873246,0.7823534545419428,8.628856302797944,1.9766623226854023,1.4337493384759388,2605075.5633509527,7.151673795707142,0.06780057740502712,0.5108114674441205,0.32977623932022593,8.060503302671846
43,30,utility,0.0,1.7326077717995674,0.789470717963473,8.628429659538556,1.9753425696176992,1.4317221080993563,2671145.277643835,7.343634138580768,0.06703839296255232,0.5122950819672131,0.32977623932022593,8.043197567500906
47,1,utility,0.0,2.039467157964498,1.3041905488126082,8.72500205180326,2.6239294658782026,1.365413455125092,76926.52908243296,0.21693101688959582,0.38496639057351345,0.20833333333333334,0.022251178295370523,8.547266594297994
47,2,utility,0.0,1.871455652715425,0.9671372769571914,8.788607760827993,2.4483665361965543,1.4374429677138674,153166.67973633896,0.43228336339357964,0.27120881890353077,0.21929824561403508,0.044502356590741046,8.547266594297994
47,3,utility,0.0,1.8008290974077883,0.8321817162282489,8.737928543039116,2.353239997735769,1.4555529575433825,227480.46374570392,0.6432050666151191,0.2641113671690067,0.2403846153846154,0.055557128408906954,8.547266594297994
47,4,utility,0.0,1.804158963365615,0.8565025292634216,8.732904795944576,2.282026178447089,1.4469679031967972,332892.0673078881,0.9256517548081428,0.23845918689110096,0.30864197530864196,0.06675353488611158,8.547266594297994
47,5,utility,0.0,1.8092908521338822,0.8740183930525842,8.720507327269335,2.273411305423381,1.442840179285554,394914.9487555382,1.1083043821377376,0.20147915383690762,0.36678403755868544,0.07780830670427748,8.547266594297994
47,6,utility,0.0,1.7823842829724572,0.8356468565979263,8.70418071444822,2.0896979834650646,1.4399066185254945,476779.70846784435,1.3365933294760415,0.1466713113845194,0.45180722891566266,0.07780830670427748,8.535403038760204
47,7,utility,0.0,1.7713818447493423,0.8176514898663335,8.694022769508077,2.000536665530568,1.441092868760307,560516.4333239158,1.5691877966450059,0.11343409243628622,0.5208333333333334,0.07990623666402911,8.535403038760204
47,8,utility,0.0,1.7716582233034683,0.8206792687773985,8.691128959808779,1.993493768607531,1.4400800720656415,666445.7305895565,1.8528251803559792,0.06226747093761111,0.6060606060606061,0.08974592904998166,8.535403038760204
47,9,utility,0.0,1.7657001927432547,0.8171731843648924,8.676381098638018,1.9643896057203878,1.4386731231469894,753620.8028903417,2.093327846647785,0.05583142433851579,0.598404255319149,0.0995856214359342,8.535403038760204
47,10,utility,0.0,1.7592416704281573,0.805731100631157,8.672625868781244,1.9659997368728914,1.4400200609379454,851645.1704746443,2.358783892091681,0.05572642319023152,0.5787037037037037,0.10942531382188675,8.535403038760204
47,11,utility,0.0,1.7617684732372931,0.813783712750181,8.677157320672453,1.965195640820767,1.4374742711613675,938007.4021824315,2.5974170250195914,0.061174210531115464,0.5862403100775194,0.1301179767105502,8.535403038760204
47,12,utility,0.0,1.7602806541621134,0.8162455972076993,8.669160374658313,1.9670921216040649,1.436258973304096,1033782.391664687,2.8576995008287787,0.06175239438421616,0.5660377358490566,0.13995766909650276,8.535403038760204
47,13,utility,0.0,1.7593377668944512,0.8197741652212217,8.66067722745714,1.967928304706351,1.434773556006177,1103915.7154627773,3.0590061455643864,0.06267361059646818,0.5535901467505241,0.13995766909650276,8.535403038760204
47,14,utility,0.0,1.7569151576257687,0.8185625382720889,8.653469496382051,1.968627424234268,1.4342744919526442,1175509.0747170579,3.2636708718492313,0.06675587750171022,0.5548007246376812,0.14210959159257527,8.535403038760204
47,15,utility,0.0,1.7500533713604454,0.8063027727575781,8.644741107988196,1.9709999521778379,1.4359772212725441,1268696.6245974721,3.5180022365741834,0.06963427768941371,0.5351027397260274,0.16591110783596202,8.535403038760204
47,16,utility,0.0,1.7456914031733806,0.7954043470843423,8.641892306763484,1.97164858165621,1.4380468397631974,1345653.0137365833,3.7350019315941387,0.07298711813315398,0.5322687957418496,0.18154561670897146,8.523539483222415
47,17,utility,0.0,1.7485430320198418,0.8041813999850748,8.641255700402061,1.970590021469458,1.4363652785605285,1421558.2247252832,3.9495839168681477,0.0757842262999599,0.5300029342723005,0.18154561670897146,8.523539483222415
47,18,utility,0.0,1.7502829601289316,0.8104839734593453,8.639343557775184,1.9695983411070348,1.4347283069452594,1513353.5158323392,4.200713086414374,0.07708171441985921,0.5265210608424337,0.18154561670897146,8.523539483222415
47,19,utility,0.0,1.748060772102931,0.8090155584291673,8.638508958560463,1.9708377720109438,1.4336234482543118,1612330.376570826,4.468359866112888,0.07573654048147328,0.5318835454974069,0.18154561670897146,8.523539483222415
47,20,utility,0.0,1.7450405410787422,0.804235735740836,8.637352224363424,1.9719366125715638,1.433714367912198,1709846.156390342,4.7326461596977705,0.07524769606287254,0.5267593763168984,0.18971262407934877,8.523539483222415
47,21,utility,0.0,1.7458149753952017,0.809877622028869,8.63417261238829,1.9722732410979238,1.4315278355366265,1815343.487442984,5.015290021118843,0.06707695157776178,0.5310693641618497,0.1989958234122181,8.523539483222415
47,22,utility,0.0,1.745842853104775,0.8081843963329719,8.634216230783714,1.971399282208696,1.4325784538120985,1921738.8452628902,5.299999344104624,0.06513545121356032,0.5329457364341085,0.20883551579817067,8.521024468988367
47,23,utility,0.0,1.737914480365212,0.7901754424241052,8.63244969023583,1.9731335586056546,1.4356456791114873,2018535.5649730258,5.5626317994379315,0.0654707113672145,0.523803865652725,0.21867520818412323,8.508559693116522
47,24,utility,0.0,1.7379566351978866,0.7943420735441158,8.629312366522354,1.9737694433203217,1.4336075649914666,2115202.27136777,5.824965224145839,0.06567652008914296,0.5185825410544511,0.23835459295602832,8.496094917244678
47,25,utility,0.0,1.7342505788415732,0.7871332063471687,8.62834668881481,1.9744751199491688,1.4344355791062988,2215735.899718874,6.096192569353376,0.06796606535651242,0.5070417964693665,0.26703581145677796,8.483630141372833
47,26,utility,0.0,1.7354194824374984,0.7903881096343407,8.62963085287902,1.9742400238472815,1.4336949973279591,2317222.41267347,6.369611549148944,0.07064595468365188,0.5033357159876102,0.2885663330025494,8.471165365500989
47,27,utility,0.0,1.7362029246134287,0.7954591313768178,8.628935982697703,1.9744299840952166,1.4316314824710004,2417839.6052667066,6.641031092113385,0.07052053600213587,0.5032306163021869,0.30824571777445453,8.457869189403937
47,28,utility,0.0,1.7361193330786737,0.7927801737995743,8.628869055128037,1.973018116612553,1.4330150429049133,2510473.4006299363,6.894088821448812,0.070252234419004,0.5001020616452337,0.3180854101604071,8.4462358137573
47,29,utility,0.0,1.728787773673157,0.7744824055149325,8.628604310628432,1.9749119996097009,1.4367313472951748,2610869.2663155496,7.164999312525719,0.07216242110915327,0.4927118485189351,0.32792510254635965,8.42802074571904
47,30,utility,0.0,1.7269001989457362,0.7716907175475224,8.625037922066682,1.9753520386805792,1.4366992614207885,2706014.764496649,7.423833958342245,0.07262263530818239,0.48474663908996896,0.34760448731826477,8.398172302034144
7,1,proposed,0.0,2.475311729781727,1.797743411790713,8.850329734032947,3.5425505771190697,1.3743761588806926,28536.270997305808,0.10563342329380339,0.40250759317056045,0.20833333333333334,0.007628975415555607,8.511202726156228
7,2,proposed,0.0,2.1137504945572188,1.3989603430077664,8.760690433326944,2.709406970935978,1.3620365179744378,54898.75799819401,0.20626714339584631,0.2995963982607066,0.21929824561403508,0.011419182896069632,8.511202726156228
7,3,proposed,0.0,1.8290701718973348,0.9672127918566189,8.645216798878955,2.2384143222938104,1.402627655076057,84915.40493011952,0.315305431339275,0.2799701987229459,0.22865853658536586,0.015257950831111214,8.511202726156228
7,4,proposed,0.0,1.7746905393015733,0.8690662988190977,8.613527836200683,2.0582112495913085,1.4155958715640966,137423.45480574438,0.4760739460532122,0.20883580753662193,0.32679738562091504,0.01904815831162524,8.499813622140394
7,5,proposed,0.0,1.7693867034888215,0.8460608550184243,8.620666866007598,1.9948003489403072,1.4285593292742813,188686.21736731994,0.6339782999448361,0.16315870897683393,0.41335978835978837,0.01904815831162524,8.493687647217008
7,6,proposed,0.0,1.7898126199289368,0.905472187118691,8.623477140626191,1.9760676467965343,1.4141149996481213,249960.5284023895,0.8149092153254961,0.13748326017333498,0.46296296296296297,0.034163159342052433,8.487576541199068
7,7,proposed,0.0,1.811176494409626,0.9465320288455302,8.641315687020821,1.9739270508988775,1.4069549819693432,326401.53771319764,1.0307235367403549,0.09995370705942463,0.5262027491408935,0.042849216753598006,8.480144769427556
7,8,proposed,0.0,1.814155402167625,0.9515577512140593,8.642093689097814,1.9735400305451345,1.4064018771899787,400126.69300146605,1.2402913939033726,0.07340158679449095,0.6006006006006006,0.042849216753598006,8.480144769427556
7,9,proposed,0.0,1.8787683472070615,1.0586877141222903,8.699302648514015,1.9777020829314558,1.3864053093712618,429476.4491107354,1.3477958329546922,0.08029155530410803,0.5779109589041096,0.042849216753598006,8.477162047722114
7,10,proposed,0.0,1.9324507224781051,1.1375445522427383,8.715939668514634,2.121239885931342,1.3752433086699973,466122.9084556812,1.4720826894480674,0.07817118665746398,0.5511463844797179,0.04560059310471029,8.477162047722114
7,11,proposed,0.0,1.9418320839424084,1.1474187762505603,8.714233400529055,2.138778992846272,1.377038287188202,495926.87512499903,1.5806318127874985,0.0775222166747628,0.5229944674965422,0.048209619795772665,8.477162047722114
7,12,proposed,0.0,1.900506025761024,1.082895044347957,8.717500844086056,2.030011778462284,1.386281283113561,532710.6661703109,1.705234532191716,0.07648410416255819,0.5244755244755245,0.048209619795772665,8.475767286907663
7,13,proposed,0.0,1.8729608755233238,1.0341174620195794,8.705032391396676,2.0864356419676735,1.3972770909115537,560519.034613052,1.8091937796100204,0.07854638415111917,0.5102657004830918,0.048209619795772665,8.474372526093212
7,14,proposed,0.0,1.852147602657652,1.0007135145057844,8.688460140133092,2.156368253258676,1.403492597124211,593403.0735615233,1.924827069191504,0.07936439059524521,0.4967558799675588,0.05354301477441516,8.474372526093212
7,15,proposed,0.0,1.8132909664154433,0.9248817862577964,8.678931919782467,2.13177443245801,1.4189472799748757,621429.533274446,2.029287926531226,0.08065987335204051,0.4965572033898305,0.05354301477441516,8.47218630189146
7,16,proposed,0.0,1.7878459418654453,0.8764529220924913,8.672611444571288,1.9658903117192335,1.4261634039575912,661128.4336623017,2.160595397423294,0.0714939431763264,0.5079365079365079,0.06092490787582251,8.469203580186019
7,17,proposed,0.0,1.7845394331851174,0.8693494612068734,8.671706985547702,1.9662967236058309,1.427629462149,688486.3431232823,2.2635185891835485,0.06984526288357502,0.5102401129943502,0.06092490787582251,8.467808819371568
7,18,proposed,0.0,1.7729166033551083,0.8455071673368505,8.67241032585674,1.967297554685293,1.4310635358189725,718141.7698226424,2.371726070592077,0.07041320111749615,0.5129179331306991,0.0673848596866101,8.467808819371568
7,19,proposed,0.0,1.7796095790204491,0.8614597559702335,8.67678321941157,1.9667666474563277,1.4272479686265185,745716.0183095876,2.4751468421120504,0.06203252841237246,0.5244653649465365,0.0673848596866101,8.467017355984266
7,20,proposed,0.0,1.780232772922894,0.8754332922886457,8.662794785032336,1.967392822683055,1.420115901755698,765717.8470106191,2.561151048124423,0.05922756120902921,0.5362505362505362,0.0673848596866101,8.464466221836767
7,21,proposed,0.0,1.7639790116196532,0.8390631932740505,8.662166645674962,1.9686769135744928,1.4283694859010425,806344.253254974,2.694591782486439,0.05571670442765941,0.5462247324613555,0.07814036160605832,8.463071461022317
7,22,proposed,0.0,1.7573482144550419,0.8244903079319752,8.652016412046823,1.9695475027290181,1.4321661782217534,834481.1195498023,2.799306574964544,0.05142883652788256,0.5690368698269376,0.07814036160605832,8.461676700207866
7,23,proposed,0.0,1.7569227584350493,0.832399948634103,8.641904070606643,1.9698335711737212,1.4272729727927365,862187.3075005364,2.903030807251232,0.05164193078263839,0.5722135687088958,0.07814036160605832,8.459490476006113
7,24,proposed,0.0,1.7592981263244987,0.8405063411163944,8.643318240196269,1.969908406566997,1.4243519210528297,887164.6384141627,3.000478668352572,0.04815152654614117,0.5870841487279843,0.0846003134168459,8.45571629091337
7,25,proposed,0.0,1.7520829411047074,0.8221872629540548,8.644651159789197,1.9692269649989471,1.4283273748165435,913311.4644195812,3.1006163681650354,0.04500539311891257,0.584418013165769,0.0846003134168459,8.45460306406421
7,26,proposed,0.0,1.7502313716331612,0.8137545923868591,8.652800643528309,1.967374334728916,1.4300123157612323,937152.6069982278,3.1954509960959223,0.045166259044928644,0.5843706777316736,0.0846003134168459,8.45320830324976
7,27,proposed,0.0,1.7422257049704233,0.7898768771941027,8.659815981045888,1.968869324324516,1.4362586713755778,972675.1762306979,3.317152905330603,0.04285375449400486,0.5886627906976745,0.09125634225950191,8.45097893256412
7,28,proposed,0.0,1.7401208694020356,0.7884320472181462,8.652522360214364,1.9703661158251147,1.4363543848876554,1003685.516131836,3.4284766871032204,0.040485878259831715,0.6009320578857003,0.09535581533629413,8.449584171749668
7,29,proposed,0.0,1.737608362144443,0.7847349108515335,8.646952104375439,1.9708706060890622,1.4367964099343273,1035569.9895552087,3.541810975976978,0.03941004993903567,0.6054192582354296,0.09535581533629413,8.445206689229776
7,30,proposed,0.0,1.728575464685926,0.766333193750006,8.639859085522351,1.97429968636541,1.4393685479566027,1066640.2173478883,3.6532724999001416,0.03617486293537209,0.6040592783505154,0.10273770843770148,8.445206689229776
11,1,proposed,0.0,2.4699898626570285,1.7934590107123185,8.841015117660682,3.5384729100972856,1.3720658342051466,28046.55488628731,0.10450707623846084,0.3950693585071444,0.20833333333333334,0.007628975415555607,8.547945703688582
11,2,proposed,0.0,2.0721680222827703,1.348482949910557,8.739356989365158,2.6576473014634416,1.36209096596073,60922.85480904504,0.22012256606080366,0.29610397666741045,0.23148148148148148,0.011419182896069632,8.541936113917243
11,3,proposed,0.0,1.8545721276655314,1.0012066027989528,8.663738949593794,2.3495606245446847,1.4018216331508828,87754.55265017496,0.3218354710954025,0.25187379090430273,0.2757352941176471,0.011419182896069632,8.531663208399788
11,4,proposed,0.0,1.7851567406670479,0.8878146706377837,8.625473770585446,2.0635917929570198,1.4139381016141435,115522.36292028354,0.4257014347166523,0.22801448433972116,0.32679738562091504,0.01904815831162524,8.525840779721525
11,5,proposed,0.0,1.7786186179762797,0.8652449203972014,8.634976905103423,1.9914798407056582,1.4245250214559815,182318.9306459854,0.6193335404857666,0.18210327845626328,0.41335978835978837,0.01904815831162524,8.522622708854122
11,6,proposed,0.0,1.7840089030119453,0.8825982319654526,8.63427483224821,1.9814422481074627,1.4226904241213187,256909.7936123333,0.8308925253083667,0.131623755795068,0.5,0.02769707577414076,8.522622708854122
11,7,proposed,0.0,1.7928550486617987,0.9097005449874659,8.629694054851747,1.978994212907636,1.4147596466384564,316480.2892182473,1.0079046652019688,0.09153791006549705,0.5866858237547893,0.02769707577414076,8.51993676725021
11,8,proposed,0.0,1.838532088110928,1.0035165983698158,8.654558210571905,1.975332391134801,1.393185335083621,340208.49998358724,1.102479549962251,0.07871660833304345,0.5698005698005698,0.030783418766887463,8.515878428854098
11,9,proposed,0.0,1.8720319389533335,1.059192629315444,8.68646733037222,1.9791562436720305,1.382467303801397,375237.9282661738,1.2230472350122001,0.07082961626190132,0.6114130434782609,0.030783418766887463,8.511522261113633
11,10,proposed,0.0,1.9019521348026018,1.0920095726658436,8.710455460693451,2.0196193412824783,1.382530653846443,408621.9528195029,1.3398304914848567,0.06751049672755792,0.616370808678501,0.03425754868820889,8.507485090125861
11,11,proposed,0.0,1.8994732891515775,1.090494069859266,8.700266769225852,2.0090999618575984,1.3815221530470065,438740.06209244137,1.449102142812615,0.0707275546060698,0.5945361635220126,0.03804775616872291,8.501314941778935
11,12,proposed,0.0,1.8743440053477267,1.0476090227506953,8.70422647173904,1.9787972610020614,1.3890967612754852,474952.132040348,1.5723899036928004,0.06464487524061839,0.5769230769230769,0.041837963649236934,8.496273719143161
11,13,proposed,0.0,1.8270845100488264,0.9652475761064031,8.681324521825966,1.9713608464621182,1.4047959487556425,504212.83616389177,1.6796895231769509,0.06989853034830587,0.5484164070612668,0.045628171129750955,8.491917551402697
11,14,proposed,0.0,1.8094598643940984,0.9357158041542486,8.6789862183638,1.9713718114291914,1.4089496354287632,537730.2617485058,1.7967796020215632,0.06315801612242414,0.5518018018018018,0.049418378610264976,8.487237492323414
11,15,proposed,0.0,1.778088560688433,0.8676845815497036,8.661877219347243,1.9716078691387953,1.4253929134840577,571660.0900568735,1.9148182071308089,0.06751992893674247,0.5351027397260274,0.053208586090779,8.484551550719502
11,16,proposed,0.0,1.7790420320980445,0.8679454934020513,8.67431089344413,1.9712747871221532,1.424554124645277,600663.0132993321,2.021524930588463,0.058963023626108634,0.5555555555555556,0.053208586090779,8.481333479852099
11,17,proposed,0.0,1.7737714114193734,0.8542243319236745,8.671860938177693,1.9710141419840383,1.428859988258068,631116.0153675114,2.1315668353452755,0.05431605118136431,0.5648061288305191,0.05699879357129302,8.476742806536627
11,18,proposed,0.0,1.782123785760513,0.8691391494420088,8.66343573010396,1.9706264737404693,1.4276655791392783,657466.6416104371,2.232173275704005,0.05297787459007037,0.56438127090301,0.06078900105180704,8.473524735669224
11,19,proposed,0.0,1.7746013835551153,0.8628918838559313,8.6510273289511,1.9690800032746132,1.4246621221938616,682958.1115368609,2.33080365653478,0.04800010752035637,0.5758677896886166,0.06078900105180704,8.46970069719225
11,20,proposed,0.0,1.7677408454044838,0.8500143419858334,8.64944029208581,1.970345285765419,1.4265759516679475,712753.6197939179,2.4393333255260106,0.044380452879492216,0.5819366852886406,0.06457920853232106,8.4681528524614
11,21,proposed,0.0,1.7653366389849767,0.849156172458643,8.64865565962303,1.971869651572394,1.4254007121648637,742658.8791066891,2.548115421945384,0.039790487249434396,0.5807522123893806,0.06836941601283508,8.462567836742776
11,22,proposed,0.0,1.775834236148129,0.868735683092584,8.658894070571048,1.9687399615883916,1.421194296609415,771721.0182843257,2.654958342053948,0.039540884038509555,0.591051191871825,0.07220818394787666,8.458658151252564
11,23,proposed,0.0,1.780600269585848,0.8795577725292146,8.65795708594241,1.9692928494614839,1.4189468265901761,795725.694418971,2.750169097163632,0.036792263337551215,0.5983079985522982,0.07599839142839068,8.454392384335101
11,24,proposed,0.0,1.7774694017507986,0.8668860119679722,8.670445747924456,1.9680585048300758,1.4229093736709773,823811.1118071534,2.854765557156451,0.035245668912137054,0.6085192697768763,0.07599839142839068,8.45284453960425
11,25,proposed,0.0,1.7690721646154965,0.8542611580487044,8.665969007076,1.970267678695459,1.4235363516430888,858122.5977175124,2.973681974750277,0.03417407286123951,0.6153512917454317,0.08672533006625552,8.449020501127276
11,26,proposed,0.0,1.7619079853874275,0.8369730321763313,8.659502198082375,1.9705967400170914,1.4284323881495395,885325.5346134132,3.076248729610849,0.03521786722596433,0.6176900584795322,0.08672533006625552,8.445802430259873
11,27,proposed,0.0,1.7590690501516133,0.830354844915867,8.653819625351668,1.9713392183579026,1.430617474729889,916720.7428237209,3.1884577084945565,0.03353235715500404,0.6104300643086816,0.08672533006625552,8.440308165646346
11,28,proposed,0.0,1.7490283056233067,0.8091189757294391,8.651434521765932,1.9727217939628365,1.434351595470586,954151.7955637963,3.3145491297967293,0.030472780081253942,0.6229341469616069,0.09009893888429639,8.437298332703616
11,29,proposed,0.0,1.7477740844245357,0.811430587917982,8.646151290139152,1.9729941998023968,1.4323824458229324,974486.787401629,3.4013196110237445,0.028957291978053468,0.62663924654268,0.09009893888429639,8.430873049456284
11,30,proposed,0.0,1.7480053520480952,0.804567507407986,8.646367012060526,1.9708810426975707,1.436238425588517,1001832.1954575485,3.5042140495523593,0.03013368093464511,0.6208609271523179,0.09120778180497432,8.427654978588881
19,1,proposed,0.0,2.466557809773844,1.7889466083896297,8.845790002541944,3.5191380959179615,1.3733189618017656,26785.812698799054,0.10160736920723784,0.39478650614501276,0.20833333333333334,0.004453956424968604,8.610605994374161
19,2,proposed,0.0,2.1121124359460333,1.3971856349450733,8.762203213615262,2.700354918150811,1.361429771688525,57839.91818408025,0.21303181182338468,0.27740391478465715,0.23148148148148148,0.011419182896069632,8.610605994374161
19,3,proposed,0.0,1.8348613806971052,0.9746048003473963,8.655851830431546,2.2626252798468864,1.4033635562241766,89610.72856770054,0.32610467570571133,0.26667148705250127,0.2533783783783784,0.011419182896069632,8.610605994374161
19,4,proposed,0.0,1.7782049811329588,0.8719160725644759,8.61664046505186,2.0685355688328704,1.4176220616458715,129623.19458838979,0.4581333475532966,0.22794721240876287,0.32051282051282054,0.015209390376583656,8.610605994374161
19,5,proposed,0.0,1.7856484835548865,0.8936052206232729,8.617333666320903,1.9790067517177308,1.4175111619346603,181164.32078442024,0.6166779378041666,0.20161888241281534,0.3567351598173516,0.01899959785709768,8.599434325938901
19,6,proposed,0.0,1.7870594622367157,0.901965076344873,8.620364332227448,1.978247836509079,1.4137479744232562,245999.95675619188,0.8057999005392413,0.13777768233776655,0.45180722891566266,0.02432346695609989,8.599434325938901
19,7,proposed,0.0,1.7994605599804436,0.9168531995609277,8.639583318000028,1.972529659012665,1.4150353366783044,336202.2781222161,1.0532652396810973,0.09712845460351674,0.5262027491408935,0.02695438601848659,8.599434325938901
19,8,proposed,0.0,1.8613530398490536,1.0484196942834105,8.649184051403566,1.9780516275972286,1.383691834557418,365562.822550401,1.1607944918659228,0.07672953461841506,0.5376344086021505,0.030783418766887463,8.599434325938901
19,9,proposed,0.0,1.86891862444486,1.0564357741498676,8.666706722977201,1.9776659911562566,1.3821928900858262,396521.8945256176,1.272000357408921,0.06900137181683609,0.5625,0.030783418766887463,8.599434325938901
19,10,proposed,0.0,1.9117021802155765,1.1240469975686376,8.679304220354345,2.012884731994209,1.370284868148134,430354.5945408142,1.389815567443873,0.06997784120245557,0.5570409982174688,0.034157027584928334,8.599434325938901
19,11,proposed,0.0,1.9175709753737256,1.1251447036985913,8.695099565406522,2.044400753500102,1.3731254992255972,459585.43772427837,1.497046506765841,0.0774887232898944,0.5363475177304965,0.034208988233681334,8.599434325938901
19,12,proposed,0.0,1.8700493004302914,1.047926467066701,8.690672378945184,1.9779931481976787,1.386433560462889,494239.9530836115,1.616751892092307,0.07741914528550886,0.5263157894736842,0.037999195714195355,8.599434325938901
19,13,proposed,0.0,1.868071543488561,1.0328272521396125,8.692076026720592,2.100711579343094,1.394549279590716,525491.7821685892,1.7286310989877556,0.0766639833677565,0.5208333333333334,0.041789403194709376,8.599434325938901
19,14,proposed,0.0,1.827298583421731,0.9655825017912232,8.684860703253529,1.9697967921708548,1.4034469928047062,557980.2509417766,1.8433545771660862,0.07317515670973918,0.5248500428449014,0.047998872497123264,8.594747371585855
19,15,proposed,0.0,1.7897961795965756,0.8896608733682019,8.66390656132288,1.9674734598090995,1.4205984800744917,588708.3065989136,1.9540291051775012,0.07119481389871185,0.5196784922394678,0.04936981815573742,8.594747371585855
19,16,proposed,0.0,1.7744035813990526,0.8540332679174901,8.659541369265474,1.9678327401361757,1.4286357448168026,627862.5853013501,2.0840839461931053,0.0712375915035032,0.5301524188204109,0.051372481315164135,8.584464166665475
19,17,proposed,0.0,1.7713781263067336,0.8482529078161302,8.651516872152804,1.9682546989577463,1.4305346373928962,650967.7827236166,2.177225900264318,0.06940861365443413,0.5309376837154615,0.05316002563625144,8.584464166665475
19,18,proposed,0.0,1.7649314730905663,0.8332789355186028,8.647198290797675,1.9690112796323183,1.4342483923844032,678780.2766927399,2.2811946363933018,0.06612089658764339,0.5478896103896104,0.061840717409318194,8.584464166665475
19,19,proposed,0.0,1.763968899098476,0.8381250248360258,8.63599017967635,1.9708627998107437,1.431471682329254,708992.1077506358,2.3906818478264613,0.06460319788996698,0.5497685185185185,0.061840717409318194,8.584464166665475
19,20,proposed,0.0,1.7618083750974523,0.8395357537756846,8.62622955453469,1.9731036869996086,1.429167633442809,731772.0085605248,2.483075619689206,0.05954179692655381,0.5607895917451772,0.061840717409318194,8.576996533551545
19,21,proposed,0.0,1.7590574071475082,0.8470688492385181,8.622213918887631,1.9722126729993734,1.4214601404615261,761706.1764775554,2.5919242058983762,0.05756297697563595,0.57421875,0.06858793504539994,8.576996533551545
19,22,proposed,0.0,1.7542684436219593,0.8370577226512528,8.62231652017524,1.9725866203794682,1.4232536305034011,787819.5861250004,2.6919850480875,0.05111605011576903,0.58829249319331,0.06858793504539994,8.576996533551545
19,23,proposed,0.0,1.7461747146314708,0.8191122283957069,8.62435037059977,1.9739472312876845,1.4265908516334609,815082.1007948933,2.7946888318282537,0.04528783805508642,0.5887197293447294,0.07596982814680729,8.576996533551545
19,24,proposed,0.0,1.746697888780611,0.81950111556814,8.62737640719801,1.9736135685983531,1.4267813289793418,848046.4339220315,2.910506798020671,0.04728077638099805,0.5882352941176471,0.07596982814680729,8.576996533551545
19,25,proposed,0.0,1.7537201104494913,0.8238119410744016,8.651795057840161,1.9687716120675085,1.4279642609216108,875085.5371133271,3.0126967353606506,0.044162098196113386,0.5961920024420024,0.08242977995759487,8.576996533551545
19,26,proposed,0.0,1.7540957132630601,0.8237839462677928,8.648039111821335,1.9701494778387612,1.429512351014734,902642.2536420486,3.1160771833767096,0.04200359014831358,0.5922343706195683,0.08353024593489117,8.576996533551545
19,27,proposed,0.0,1.7527251819694663,0.8216471944738037,8.642045313943932,1.9702522455477722,1.42994079789423,929713.0232269384,3.218339953421957,0.042039574136785426,0.5993488555643252,0.08580338877563574,8.564813227379988
19,28,proposed,0.0,1.756170577436592,0.8278386318904704,8.641623431831244,1.9680745970739495,1.4291197478196638,956343.0399060864,3.3195889917839967,0.03835587204516148,0.6022615535889873,0.08732045341540519,8.564813227379988
19,29,proposed,0.0,1.7401322524765048,0.7922230799715165,8.637147337369688,1.9712063070938282,1.435956186252428,985507.0916110642,3.426666310705446,0.03718850133280251,0.6008516232281664,0.0931852818770431,8.564813227379988
19,30,proposed,0.0,1.7414820012089955,0.7952955738655342,8.638130796374016,1.970441395438688,1.435522745050571,1018395.3198842678,3.5423092357338137,0.03475992765127901,0.6123448726322664,0.0931852818770431,8.551778062403306
23,1,proposed,0.0,2.466557809773844,1.7889466083896297,8.845790002541944,3.5191380959179615,1.3733189618017656,26785.812698799054,0.10160736920723784,0.39478650614501276,0.20833333333333334,0.004453956424968604,8.528261875221332
23,2,proposed,0.0,2.093213075331785,1.3757505743852245,8.744567794586121,2.6761520739627467,1.3601090071539061,59995.60043314836,0.2179898809962413,0.26100753496310075,0.24509803921568626,0.011419182896069632,8.518802388677422
23,3,proposed,0.0,1.8567504507301786,1.0266618078106133,8.663151934885542,2.3019598839779576,1.3941074418917774,93265.9236187267,0.33451162432307147,0.23085440749612524,0.3024193548387097,0.011419182896069632,8.513668363953515
23,4,proposed,0.0,1.7877248859505632,0.888945070699415,8.62475771731729,2.1247147459361324,1.4155029688811107,129065.66641564293,0.45685103275597877,0.19957753355792854,0.3472222222222222,0.011419182896069632,8.504150694924343
23,5,proposed,0.0,1.7819208601086112,0.8783058102259029,8.617648797987036,2.006188731190075,1.4220640762765535,181755.25766728775,0.6180370926347619,0.16134080370676263,0.4200268817204301,0.013361869274905812,8.495481064179526
23,6,proposed,0.0,1.7843499209815108,0.8912905941569209,8.61673815117516,1.9813163122982878,1.4178786275606425,227310.40645251717,0.7628139348407895,0.10413379099323636,0.5136986301369864,0.02335476780049374,8.491174407846364
23,7,proposed,0.0,1.7950483386199851,0.9206481993909428,8.62002418895511,1.9757669675793808,1.409285881368995,289169.5750715771,0.9450900226646274,0.07248259911808634,0.5735018726591761,0.02396118816646038,8.479420751070174
23,8,proposed,0.0,1.845305919637437,1.0259886314948334,8.625546624204876,1.9771589603691868,1.384319845434669,326948.5796507057,1.0719817331966237,0.05246467667419506,0.5747126436781609,0.026441110793240442,8.47501715979341
23,9,proposed,0.0,1.9353508250155518,1.1583387549157325,8.679033867375352,2.101162820267407,1.363658208353543,358189.1925599438,1.1838351428878715,0.050481122828593905,0.5550986842105263,0.029827546551854607,8.46708085619345
23,10,proposed,0.0,1.9289722231162634,1.1438820838408914,8.685884932813092,2.095623009401719,1.3676638135736676,392095.6513822871,1.301819998179261,0.04887038068554812,0.5540780141843972,0.029827546551854607,8.462677264916685
23,11,proposed,0.0,1.8913257378418986,1.0873251210064965,8.676581990860772,1.9855749879935498,1.3750880051709964,423474.1763919245,1.4139906057014273,0.052464818630005315,0.5386396011396012,0.029827546551854607,8.455534353497898
23,12,proposed,0.0,1.868283626652967,1.0468226584048579,8.671305634335468,1.9775757580578666,1.3838847492906368,457764.4472459303,1.5328582286656407,0.05078276227257636,0.5244755244755245,0.037456521967410214,8.44890976964751
23,13,proposed,0.0,1.8584850030377997,1.0350776034349447,8.669222692926349,1.976268132920265,1.3835383097762741,488068.2881175512,1.6425570626703687,0.05739975704626386,0.5192969518190758,0.037456521967410214,8.442949728924962
23,14,proposed,0.0,1.8127394838083681,0.9521835177076535,8.650696790323288,1.9702659677290317,1.3998591495025003,518466.39278061496,1.7524727033954153,0.05647199356691337,0.5116959064327485,0.041246729447924235,8.437574232969373
23,15,proposed,0.0,1.8032291258027133,0.9312041990686757,8.645907764339954,1.9683131932859332,1.4056747679260293,550673.7224869488,1.866549561719983,0.0546560396786498,0.5185287610619469,0.04887570486347984,8.430949649118986
23,16,proposed,0.0,1.7899263132527123,0.9038411434410134,8.629412552591363,2.0225323258899675,1.4137000284512051,576123.6256305759,1.9650843389503252,0.055439082059030205,0.5079365079365079,0.04887570486347984,8.424989608396437
23,17,proposed,0.0,1.784258529394599,0.8910658410751159,8.636761283023661,1.9680687674876256,1.4158342893371985,613058.5766036155,2.0900347261883168,0.05113398628443465,0.5272183304144775,0.05266591234399387,8.42090165129525
23,18,proposed,0.0,1.7873592540881704,0.8947538915949801,8.633976178341241,2.0290696797896164,1.4168101850446422,636185.9364385939,2.1832276538087667,0.04498510302324468,0.5434782608695652,0.05645611982450789,8.416654211826609
23,19,proposed,0.0,1.7741978391681745,0.8655150113610955,8.636959965071139,1.9702765440080028,1.423210771537361,669624.6677339044,2.300136735787982,0.04446173908198381,0.5497685185185185,0.05645611982450789,8.406684236354236
23,20,proposed,0.0,1.770246797164496,0.8605010208909515,8.637169569761877,1.9685061156328025,1.4228884387953389,696557.7351845666,2.4020827909245046,0.039338310507463156,0.5630630630630631,0.06024632730502191,8.40044880095018
23,21,proposed,0.0,1.764538330831699,0.84538817434382,8.634483826899926,1.9682312591221485,1.4274113870941316,725227.5364590922,2.5080233338559133,0.03956963811790164,0.5829631979695431,0.06024632730502191,8.398301322647312
23,22,proposed,0.0,1.7561296679903975,0.8309107603815954,8.633409672785064,1.9707702104491513,1.428627748223201,759850.0807492048,2.6276551857231722,0.03649860247266568,0.591051191871825,0.06453289289704708,8.393076223452514
23,23,proposed,0.0,1.7540945443026035,0.8263538841198482,8.630780330146802,1.971220155119022,1.429646637077502,794836.8140408053,2.748124672293853,0.03766365168965699,0.5970115565185987,0.06787530272057751,8.389818248862834
23,24,proposed,0.0,1.763458170823222,0.8453939865591306,8.630660224997783,1.9683583157531108,1.4262070078195694,818307.916243422,2.8421082073598707,0.03573499823411339,0.6085192697768763,0.07166551020109153,8.384304161299259
23,25,proposed,0.0,1.760744317466224,0.8407041473867358,8.626306146386415,1.969344241639757,1.4271754225185052,840351.6941609154,2.9328088965701054,0.03295994801956073,0.6044955122253173,0.07929448561664715,8.377981617937177
23,26,proposed,0.0,1.7489413431737326,0.8127796921292527,8.633316607106183,1.968700979055897,1.4328514835061046,874863.763128218,3.0521866551949013,0.031026034554428025,0.6182323675738952,0.08174834662728288,8.372748044148905
23,27,proposed,0.0,1.7507339195898233,0.8188397497192708,8.635609591819033,1.9681100495307857,1.4304907686913357,900993.1607558854,3.1522842697385363,0.031135612086631757,0.629142502071251,0.08308469309716117,8.365622692930254
23,28,proposed,0.0,1.7479623848808632,0.8149919299301689,8.63230470834284,1.9678795666461093,1.4301111291993875,930071.1931996741,3.2591637443592503,0.028895547863620377,0.6405228758169934,0.08308469309716117,8.360497753813009
23,29,proposed,0.0,1.7339274096755517,0.782256781374028,8.62988638849614,1.9711556103681396,1.436077318648765,966996.8931072395,3.3840928541466506,0.029081126840953028,0.6389800632141989,0.09221658272143693,8.352006205435057
23,30,proposed,0.0,1.7376563868643082,0.7926583112416871,8.628736670388056,1.9696345448088857,1.4335441226119225,992206.0401112076,3.482073892255777,0.02635940259205605,0.6381892443839347,0.09221658272143693,8.346889740911287
29,1,proposed,0.0,2.4714318008715908,1.7944224379831182,8.845013979256052,3.538558146090125,1.372985346895454,28959.59669521667,0.10660707239899837,0.39654820218480125,0.20833333333333334,0.007628975415555607,8.562193097730598
29,2,proposed,0.0,2.0993858471878113,1.3824122191615862,8.755370843791786,2.6902555042359517,1.36142030221034,55745.40939401574,0.20821444160623628,0.3109094110309457,0.21929824561403508,0.011419182896069632,8.561447947170066
29,3,proposed,0.0,1.8204529556212492,0.9556772433803319,8.6399104183537,2.199774252100832,1.403007390087942,89650.63118836252,0.32619645173323386,0.27897136713444176,0.2403846153846154,0.015257950831111214,8.556993990745097
29,4,proposed,0.0,1.7703122185638336,0.8620605019066793,8.609972318180125,2.007754750629499,1.4173826365775346,129776.10579878597,0.4584850433372078,0.23301410978630022,0.30864197530864196,0.01904815831162524,8.556993990745097
29,5,proposed,0.0,1.7683983919201094,0.8540398141145371,8.61124853732554,1.983771931143375,1.4241870700992068,198774.73151672396,0.6571818824884651,0.1827703394456418,0.38296568627450983,0.01904815831162524,8.556993990745097
29,6,proposed,0.0,1.7886433287353882,0.9107783149919289,8.612128594660431,1.9779438235151219,1.4099069422350123,245762.84491802828,0.8052545433114651,0.1412641780918192,0.44642857142857145,0.02769707577414076,8.556993990745097
29,7,proposed,0.0,1.8159126690153218,0.9619664556284213,8.634167644195413,1.9750741338157873,1.401385802636863,305360.5868695945,0.9823293498000676,0.10152287410026511,0.5372807017543859,0.02999268101777515,8.552540034320128
29,8,proposed,0.0,1.8849851966611786,1.0881543863265188,8.66748952077727,1.9812393170986775,1.3759614180730428,361808.4009899308,1.1521593222768414,0.08543413856983344,0.5376344086021505,0.03046734120769487,8.53720391853362
29,9,proposed,0.0,1.905462686110907,1.1083265710285528,8.697224136033496,2.0128010718273304,1.375476935269722,389130.9423253322,1.2550011673482648,0.08226344648578729,0.5306603773584906,0.03425754868820889,8.53720391853362
29,10,proposed,0.0,1.8957106045578211,1.0876673166822586,8.703885583705626,2.003676059832431,1.3797178632307825,429868.63784524513,1.3886978670440644,0.0745743188289365,0.5369415807560137,0.03804775616872291,8.529681764295901
29,11,proposed,0.0,1.907097099240456,1.102937279812732,8.698817711029685,2.0373491452803596,1.3797428083926828,458485.11337787664,1.494515760769117,0.07080474371084058,0.5251736111111112,0.03804775616872291,8.529681764295901
29,12,proposed,0.0,1.855340835611247,1.0178489357717428,8.692702558185609,1.9721294191760077,1.3946643109305448,500029.9891397619,1.6300689750214534,0.07262721251407878,0.5119453924914675,0.041837963649236934,8.522159610058182
29,13,proposed,0.0,1.8394059892695367,0.9886847236911855,8.671762129932155,2.109307491215321,1.4019715984012036,526819.3130410431,1.7316844199944004,0.0675309675584054,0.508790944123314,0.041837963649236934,8.522159610058182
29,14,proposed,0.0,1.8197593037977262,0.9514860719448007,8.672477085615922,1.985001643170177,1.4083129509685586,562998.3094583994,1.8548961117543192,0.06166706127211082,0.5221653878942881,0.047998872497123264,8.518398532939322
29,15,proposed,0.0,1.7911152972844118,0.8834644518584929,8.671130540984288,1.9790365039528677,1.4257591947275168,603002.8169053844,1.9869064788823845,0.058871528788104616,0.5255044843049327,0.049418378610264976,8.510876378701603
29,16,proposed,0.0,1.785397425507572,0.8755344222008058,8.666117955010982,1.9667755225839838,1.4262650107359613,632550.3530946895,2.0948658121177863,0.05010167073701058,0.5387205387205387,0.051372481315164135,8.504518879658393
29,17,proposed,0.0,1.791645989601035,0.8911764871179461,8.65908707154351,2.0033122167682778,1.4226364226629962,658386.0787655626,2.1942879811607945,0.04971548679509363,0.5404697785757032,0.05445882430791084,8.504518879658393
29,18,proposed,0.0,1.7729742154843742,0.8575449900324971,8.65212845649332,1.9689644852199275,1.4275745464778644,688018.7652226664,2.302443160012133,0.046372505034649306,0.5461165048543689,0.061840717409318194,8.500757802539534
29,19,proposed,0.0,1.7684478603590001,0.8465240337231678,8.647257592968632,1.9686193729671675,1.4305182986500984,718720.2837242017,2.4130566525656634,0.04390302385321879,0.5521904062652961,0.061840717409318194,8.500757802539534
29,20,proposed,0.0,1.7774812623337732,0.8621790964152237,8.66495259106607,1.965826535319919,1.4271991494164602,749381.0178705294,2.5235763411022165,0.04248975748013724,0.5540780141843972,0.06521432622735907,8.496996725420674
29,21,proposed,0.0,1.7692337228556578,0.8473815177233153,8.660091910872918,1.9680013272636476,1.429208621516359,781650.9283929942,2.6377971353038854,0.036119007902583024,0.5615831295843521,0.06858793504539994,8.493235648301814
29,22,proposed,0.0,1.7758322873703625,0.8738318998676904,8.651855386217091,1.968271344977947,1.4187048868632193,808617.5634386981,2.7398203959090046,0.03466447999783081,0.5768497330282227,0.07196154386344081,8.489474571182955
29,23,proposed,0.0,1.7693744280484032,0.8630926849197299,8.645173404225098,1.9695868340906735,1.4204750716195258,838458.1958779731,2.848453850519337,0.03077856245787465,0.589349376114082,0.07596982814680729,8.483117072139745
29,24,proposed,0.0,1.765598310997089,0.8560977020431696,8.64046679242562,1.9700974783813825,1.421689320244571,865103.9790494816,2.9497391518138056,0.03177704941069622,0.5870841487279843,0.07983715936343228,8.479355995020885
29,25,proposed,0.0,1.769641616385641,0.8652131844019724,8.649112359064569,1.9686332995130236,1.418901192967561,890792.1139318689,3.048821862043297,0.02758758347742408,0.6107332707942464,0.08242977995759487,8.479355995020885
29,26,proposed,0.0,1.76608864636594,0.856869577864828,8.643474970602956,1.9684889894188715,1.4211302425236583,914994.1416042551,3.144486525689785,0.02567572977099441,0.6139203719848881,0.0836273668439463,8.479355995020885
29,27,proposed,0.0,1.7564664353737833,0.826712859827582,8.656000871704043,1.9662649339461913,1.429205342614688,949976.2627006016,3.264945404211382,0.02559032790133261,0.6104300643086816,0.08741757432446032,8.479355995020885
29,28,proposed,0.0,1.7477729360503105,0.8070208462645205,8.646481665249942,1.9669828301407206,1.4334774134295658,978015.1047944506,3.3694347410272347,0.026489515804352062,0.6071871127633209,0.09120778180497434,8.475594917902026
29,29,proposed,0.0,1.742294131234209,0.799316593564809,8.6451020848869,1.9705330433740627,1.4336171544790193,1011848.0770361827,3.4872505771832194,0.0275528493465043,0.6113340311700396,0.0931852818770431,8.475594917902026
29,30,proposed,0.0,1.7428035928501373,0.8000307545961601,8.644222599458399,1.9693698071682548,1.4337102512631894,1041972.5710399497,3.5965369133918825,0.027909128016128167,0.6119451697127938,0.09499798928548836,8.468072763664306
31,1,proposed,0.0,2.466557809773844,1.7889466083896297,8.845790002541944,3.5191380959179615,1.3733189618017656,26785.812698799054,0.10160736920723784,0.39478650614501276,0.20833333333333334,0.004453956424968604,8.55795733128446
31,2,proposed,0.0,2.0880044614497013,1.3659767974313362,8.75528302593922,2.6784690914668516,1.3637449131562218,62078.65053775302,0.22278089623683206,0.27271571219210344,0.24509803921568626,0.007580414961028049,8.55795733128446
31,3,proposed,0.0,1.8188343324884315,0.9445777599202207,8.645691861954704,2.1991422102483194,1.4061054547574954,88864.46323655208,0.3243882654440699,0.27931452164197135,0.2403846153846154,0.011370622441542074,8.55795733128446
31,4,proposed,0.0,1.7843690299113208,0.8865013183335925,8.619694169173702,2.1305919715491894,1.414414487110597,141879.12156383233,0.4863219795968145,0.21556989923473519,0.3401360544217687,0.022198571136299,8.55795733128446
31,5,proposed,0.0,1.7830686883439393,0.881934814048279,8.618323697899687,2.008893496261357,1.4217908425106272,194854.09302603969,0.6481644139598915,0.1865407367316781,0.4200268817204301,0.022198571136299,8.55795733128446
31,6,proposed,0.0,1.7860105467865754,0.9014799454281482,8.612429171229044,1.979859739182963,1.4131853720475174,253668.5439519421,0.8234376510894669,0.12476300351789014,0.5357142857142857,0.022198571136299,8.549667193977998
31,7,proposed,0.0,1.8251630046981029,0.9727317006926601,8.655809875879338,1.9717561860086894,1.4007472719766962,294834.2492968634,0.958118773382786,0.10209080051683095,0.5488351254480287,0.025988778616813025,8.549667193977998
31,8,proposed,0.0,1.842000121266874,1.0079428774936532,8.65454473460312,1.9722182036842946,1.390995485495652,327913.9292033801,1.0742020371677745,0.07154690748928438,0.5899705014749262,0.026441110793240435,8.549667193977998
31,9,proposed,0.0,1.8544328033125823,1.024074243456113,8.652567219994372,2.1139331622180375,1.391109445845649,369828.89955445816,1.2106064689752538,0.05137853416415514,0.6026785714285714,0.03290106260402801,8.549667193977998
31,10,proposed,0.0,1.9051104490951658,1.09463541180566,8.676406400631286,2.255615493179256,1.3857722160185553,398099.3451116115,1.3156284937567062,0.05193879603629697,0.5918560606060606,0.03356919357784108,8.549667193977998
31,11,proposed,0.0,1.9247021423223627,1.1190802420047632,8.69600272032364,2.2207739653146925,1.3837826839856866,434058.6684218118,1.4383349373701668,0.05557432734345995,0.5677552552552553,0.04336929869818207,8.549667193977998
31,12,proposed,0.0,1.8675657275927133,1.0296369658440523,8.676287129038771,2.2110701114475693,1.3966932234956126,463687.29343517986,1.5464807749009135,0.05846139710968257,0.5617977528089888,0.04336929869818207,8.549667193977998
31,13,proposed,0.0,1.8648741922669319,1.021690356081929,8.686682922755118,2.1697882328943514,1.3987338477800175,493686.7384813719,1.6554794985071555,0.05745543617641726,0.5416666666666666,0.04493981601938314,8.549667193977998
31,14,proposed,0.0,1.8214323944388104,0.9561128167704535,8.660855010902567,2.054878719926146,1.4053642579417311,527153.3400655623,1.7724526821507933,0.056893199158136364,0.5275624461670974,0.04873002349989716,8.545640724356188
31,15,proposed,0.0,1.8108839225795132,0.9307000426304152,8.66510124612981,2.0629153421673525,1.4124695020469002,558132.4988560056,1.883704747368813,0.056192705388902336,0.5231584821428571,0.052520230980411184,8.545640724356188
31,16,proposed,0.0,1.7763661099605434,0.8558040447728457,8.660525194650154,1.965557071215926,1.4284636407648448,587138.9025976245,1.9904194759745357,0.0527718587275054,0.5249343832020997,0.056310438460925205,8.545640724356188
31,17,proposed,0.0,1.769447232485963,0.8453636616014805,8.656799494924298,1.965572613648604,1.428799190148892,614099.696923152,2.092429302923249,0.043931574154976366,0.5424174174174174,0.057211143610377,8.538785853674513
31,18,proposed,0.0,1.7674034659898432,0.8394961120815916,8.662840790695363,1.9660502213313162,1.4297802957724006,645631.7729512933,2.2049530777879736,0.043375536476326054,0.5496742671009772,0.06395836124645875,8.538785853674513
31,19,proposed,0.0,1.7609677504653556,0.8220144521193594,8.662197240801328,1.9657995694332444,1.4341444515578188,671941.41000639,2.3054652430146962,0.03954610463063522,0.5680387713997986,0.06395836124645875,8.538785853674513
31,20,proposed,0.0,1.7610388975941813,0.8237088376269239,8.665659573105227,1.9661888739570252,1.4333055487848734,699040.5929521697,2.4077933637899895,0.040273675302211015,0.5615453728661276,0.07041831305724633,8.538785853674513
31,21,proposed,0.0,1.7655655176314669,0.845218153136136,8.658080542708225,1.9665940109613445,1.4246399756487833,722575.2445824925,2.5019230625397326,0.03565869115307853,0.5814873417721519,0.07151982883750886,8.538785853674513
31,22,proposed,0.0,1.7639534627130806,0.8453472546162086,8.652187509073382,1.9672556603646343,1.4235984065136098,751260.4346849472,2.607898999775378,0.03476190163844136,0.5848801237432328,0.07914880425306448,8.538785853674513
31,23,proposed,0.0,1.7605299674137338,0.8417051438894951,8.643620991779827,1.9680360534966348,1.423603044494533,776999.5341670782,2.7070989285842786,0.03447053547301854,0.5931557229996411,0.07914880425306448,8.538785853674513
31,24,proposed,0.0,1.7469211992111309,0.8076408482409625,8.64586685281181,1.9689949986857904,1.4317656744154783,815308.0329279238,2.8352084757342233,0.030198324270672105,0.5988023952095808,0.0829390117335785,8.538785853674513
31,25,proposed,0.0,1.7544504049866652,0.8217225404524808,8.655989218872895,1.9665927053277343,1.428100346306767,835771.5803379795,2.9222746347773514,0.028630124775471298,0.60674899036968,0.08672921921409252,8.538785853674513
31,26,proposed,0.0,1.7464906415095038,0.8005485211079901,8.64926226323551,1.9659640129782208,1.433772349392893,867194.3527504795,3.0345470113261017,0.028467751082819775,0.6107256432494941,0.09051942669460654,8.531930982992838
31,27,proposed,0.0,1.736960619459377,0.7745653106235878,8.647150120842186,1.967926170686638,1.4401197467375502,898931.7351944048,3.14754299094713,0.028636535993216247,0.6138843977364592,0.091007375605523,8.531930982992838
31,28,proposed,0.0,1.7333083939680503,0.7670045402177558,8.64117320324392,1.9689575755296946,1.4419911570222734,926646.3613606198,3.251286631129424,0.02657891525478223,0.6108202443280978,0.09430963417512056,8.531930982992838
31,29,proposed,0.0,1.7326003989519616,0.7717074250991505,8.637293270498182,1.9693100301067208,1.439389871332633,952309.3015007727,3.3503113934517756,0.02539192833451693,0.6100568709377902,0.09809984165563458,8.531930982992838
31,30,proposed,0.0,1.7284617449350563,0.7661033345312124,8.633847213415574,1.9715165846194815,1.4393597437577745,987583.9326051715,3.4714430449918927,0.024114132606813436,0.6067961165048543,0.1018900491361486,8.531930982992838
37,1,proposed,0.0,2.466557809773844,1.7889466083896297,8.845790002541944,3.5191380959179615,1.3733189618017656,26785.812698799054,0.10160736920723784,0.39478650614501276,0.20833333333333334,0.004453956424968604,8.505410402229693
37,2,proposed,0.0,2.1040884803258613,1.3897073001639746,8.743977899884687,2.6918302184608263,1.35933172883165,56625.87183442933,0.21023950521918758,0.2752670475078742,0.23148148148148148,0.011419182896069632,8.49522048223864
37,3,proposed,0.0,1.8510382121447824,1.0048095815174396,8.647089647836713,2.330986211207237,1.3983914644893607,82415.4367610803,0.30955550455048486,0.2654438537402611,0.24671052631578946,0.011419182896069632,8.48725155482121
37,4,proposed,0.0,1.7877996070227593,0.8854111703513596,8.63225131161325,2.135984006464249,1.4172731695146956,129321.90241040813,0.4574403755439388,0.2210323180266731,0.31446540880503143,0.015209390376583656,8.48047771401467
37,5,proposed,0.0,1.7863938159259645,0.8794828199535583,8.62469358860543,2.0841399173596065,1.4239705322567464,186675.64440298596,0.6293539821268679,0.16491556562486587,0.4069010416666667,0.01899959785709768,8.470697586983041
37,6,proposed,0.0,1.7896836857464977,0.8789196015958158,8.646613462466899,1.9860936727063006,1.428841796393365,244881.92118629854,0.8032284187284868,0.11139108170667872,0.4934210526315789,0.02461073278139406,8.465453349743855
37,7,proposed,0.0,1.7998506460239965,0.9147534085128042,8.644691004253385,1.9706925517046034,1.4170279090749152,306739.79441887257,0.9855015271634069,0.08109049776874847,0.5548007246376812,0.02461073278139406,8.454521200885699
37,8,proposed,0.0,1.850274633904396,1.0226735139238365,8.658659752286473,1.9745657278801783,1.392492950882852,358381.4692845036,1.1442773793543586,0.05361865911853574,0.5899705014749262,0.027602931043618377,8.449543327969916
37,9,proposed,0.0,1.8945481412983485,1.0921989407589305,8.687118120759548,1.9878127003693558,1.380006214326381,392072.22585742176,1.2617661194720704,0.05291828236431053,0.5739795918367347,0.02798434159943493,8.44402924040634
37,10,proposed,0.0,1.9330699354205108,1.1503672341196594,8.695345454674138,2.1038110733683832,1.3722944979739502,421740.0152393394,1.370002035050481,0.05276406325447316,0.5511463844797179,0.03107068459218163,8.436656662908675
37,11,proposed,0.0,1.9461536865500761,1.1581434320887627,8.716016700435887,2.1743878219430983,1.3767868748552508,453418.4514761385,1.482862438395119,0.06072045749005414,0.5229944674965422,0.034208988233681334,8.431142575345099
37,12,proposed,0.0,1.9055855769557615,1.0922705729595363,8.71988762963425,2.0957221852440666,1.3873030827498394,488190.7242765439,1.6028386658360512,0.06842126147943703,0.5067567567567568,0.04061697939571591,8.422641941360485
37,13,proposed,0.0,1.8519553869335381,0.9969787935970569,8.708510466692484,2.0851962056548805,1.4055186080912767,517306.1896944512,1.7098042362972383,0.06335399120138133,0.4931139122315593,0.041789403194709376,8.418255910283857
37,14,proposed,0.0,1.815054983880527,0.9284110470152904,8.707902969949483,1.9685009451799154,1.4166145007303317,548151.5148859413,1.8207484842376649,0.06317938153845573,0.48266351457840817,0.05108521548986997,8.410485709746386
37,15,proposed,0.0,1.791624853390794,0.8829405318138559,8.68848990203651,1.9672421318764828,1.4262853442449543,575840.7422061011,1.924433707074032,0.059878301677670165,0.48126283367556466,0.05108521548986997,8.407227735156706
37,16,proposed,0.0,1.7873953111841687,0.8746071414332943,8.688604898692489,1.9670110233934728,1.4275740192803168,603404.4951126588,2.0278303387591152,0.05753766535046617,0.4910988336402701,0.05108521548986997,8.4020937104328
37,17,proposed,0.0,1.7761346682816221,0.854215181870501,8.674579567025004,1.9706878907198875,1.431709893552688,634272.072302836,2.1388257662965224,0.05582166123362161,0.49513432017543857,0.05783243312595171,8.396579622869224
37,18,proposed,0.0,1.7888041333906217,0.8939642670265541,8.656615280397213,1.969508624317365,1.4184993821424556,659847.7681995124,2.2376498668588782,0.05119068697080152,0.5007418397626113,0.05783243312595171,8.386778851324502
37,19,proposed,0.0,1.7853774232201178,0.8899043525900626,8.655216623564877,1.9709323964354273,1.4181927020662388,691414.4339607551,2.3502531981097365,0.051791408126253255,0.5137181238615665,0.06492706040206489,8.379406273826836
37,20,proposed,0.0,1.7787946015221865,0.8775998429602806,8.647833401919831,1.9709501129843097,1.4205431118084957,718403.264926362,2.452327509330632,0.05316754149820237,0.5201831044527674,0.06492706040206489,8.37540939119654
37,21,proposed,0.0,1.7789728101365037,0.8781825714880893,8.646644725574411,1.971185423582909,1.420454289835053,751102.8780053345,2.567536619412269,0.04450869690791833,0.5417158018867925,0.06830066922010576,8.369472029767923
37,22,proposed,0.0,1.7797458047802706,0.8792838608601691,8.65626678724445,1.9695374679958273,1.4186941001834628,776939.3318600862,2.6669604632781976,0.03686064883431554,0.5540293040293041,0.07167427803814663,8.365370478979465
37,23,proposed,0.0,1.7851696945671631,0.8861508029361227,8.651583111668927,1.9674557381470879,1.4196353996616737,804960.7545081178,2.7714097353686706,0.03579552059445302,0.5532546854082999,0.07167427803814663,8.357406059642644
37,24,proposed,0.0,1.7598891748187366,0.8318660361504704,8.648180553620445,1.969716091958343,1.4309428042004837,836163.0789263347,2.8831750815305695,0.03345920384919248,0.5545286506469501,0.08242977995759486,8.35076391559212
37,25,proposed,0.0,1.7631611044037678,0.8434604573591487,8.642417642608764,1.9708546705297796,1.4272898396153408,871440.3980616038,3.004312915541687,0.03322130620701097,0.5564458689458689,0.08242977995759486,8.34750594100244
37,26,proposed,0.0,1.7600696959015654,0.838900711363265,8.639329708980377,1.9710541504590353,1.4276522283290658,901879.5297907757,3.1143229185187824,0.034221809360836325,0.5579767564712097,0.08242977995759486,8.343119909925813
37,27,proposed,0.0,1.7527532428584323,0.822882717947076,8.646421862334172,1.972797891238853,1.4301677848911805,937370.1861570302,3.235951428161168,0.03290483793599006,0.5633345697329377,0.09289801605174891,8.333880367900582
37,28,proposed,0.0,1.7542490692263646,0.8271541674795848,8.64319311304011,1.971577294122537,1.4293305059995038,963279.6536575273,3.335543203412311,0.03385071050001699,0.5687093779015785,0.09289801605174891,8.330622393310902
37,29,proposed,0.0,1.7540573514780122,0.8236230742349292,8.64516504283435,1.9705637544063686,1.4313338012911792,989027.6158658079,3.4347635164913557,0.03245826208360502,0.567752214301145,0.09289801605174891,8.326253922434411
37,30,proposed,0.0,1.751111875038546,0.8119130848038719,8.657440927090827,1.970328002438624,1.4340571460371585,1017791.222718679,3.5409198122529593,0.030351269174470553,0.577634011090573,0.09627162486978978,8.317412003448986
41,1,proposed,0.0,2.466557809773844,1.7889466083896297,8.845790002541944,3.5191380959179615,1.3733189618017656,26785.812698799054,0.10160736920723784,0.39478650614501276,0.20833333333333334,0.004453956424968604,8.650768330375584
41,2,proposed,0.0,2.0879305625687414,1.3681356397075959,8.748432989881854,2.6754268269614285,1.3617651678306228,55666.13418766263,0.20803210863162416,0.2832486128447842,0.21929824561403508,0.007580414961028049,8.650768330375584
41,3,proposed,0.0,1.8171671819827984,0.9381291550185783,8.639699390139729,2.2130344500626835,1.4057882251985028,82451.9468864617,0.309639477838862,0.2913352820002263,0.2180232558139535,0.011370622441542074,8.643471909859436
41,4,proposed,0.0,1.7845865050857384,0.8841175685299314,8.616575562287546,2.090201030650093,1.4180909879702226,145925.92408070542,0.4956296253856225,0.2203455316943095,0.30864197530864196,0.022198571136299,8.643471909859436
41,5,proposed,0.0,1.7899563127835998,0.9024314855936031,8.610977491094658,1.9950283360570924,1.41610133074712,199879.1879151119,0.6597221322047574,0.18652550073595886,0.38296568627450983,0.022198571136299,8.636175489343287
41,6,proposed,0.0,1.8045263278935133,0.9330610754453037,8.632516718923338,1.9729348089673242,1.4098731011120813,258171.41286372184,0.8337942495865602,0.1400403447593145,0.44642857142857145,0.02432346695609989,8.636175489343287
41,7,proposed,0.0,1.822850075092444,0.9716708455225946,8.64091539796167,1.9718468372563287,1.401012059822028,348043.81582415634,1.0805007763955599,0.08883396053126308,0.5548007246376812,0.02999268101777515,8.636175489343287
41,8,proposed,0.0,1.8585644758175004,1.045022545097199,8.647244489404018,1.9748079564004748,1.3819602311983772,387197.5739922997,1.2105544201822895,0.06010865167254027,0.5952380952380952,0.030783418766887463,8.636175489343287
41,9,proposed,0.0,1.8935630617274224,1.0946750128454132,8.677266454172255,1.9793335697536367,1.3758967452346387,416854.08890628547,1.3187644044844566,0.055439777525435385,0.5818965517241379,0.030783418766887463,8.636175489343287
41,10,proposed,0.0,1.903188651218656,1.1071659069009512,8.676238173118065,2.0315276843189625,1.374536779082179,451908.9135632956,1.4393905011955799,0.06202018892254159,0.5511463844797179,0.03724337057767504,8.636175489343287
41,11,proposed,0.0,1.903307095204606,1.1010037584839967,8.684842263430339,2.1118760510187227,1.3786165988705974,483171.4517188477,1.5512943389533498,0.06512660118500235,0.5340748587570622,0.0373594010583551,8.628879068827139
41,12,proposed,0.0,1.8805850882407729,1.059412850011268,8.68307409972182,2.175452734881286,1.3891059245074218,517594.4627525686,1.6704672643309078,0.06585232505224234,0.5119453924914675,0.04370332238846261,8.628879068827139
41,13,proposed,0.0,1.8320640450068668,0.973698037210842,8.662792163862788,2.1828540932399876,1.405698455362961,547336.1004394657,1.778873031010771,0.059540615761375607,0.5044173829990449,0.04493981601938314,8.628879068827139
41,14,proposed,0.0,1.8078296489434131,0.9307552903185962,8.664421023583573,1.9675851485476943,1.410860916899736,587958.9059222722,1.9123054836212257,0.05679907081176689,0.5053630363036303,0.05108521548986997,8.62158264831099
41,15,proposed,0.0,1.800170185095692,0.9098467812529951,8.66120428571829,2.0444079906750727,1.4182872098271735,618158.0140357357,2.0217634322821914,0.060841883569641084,0.49032426778242677,0.052520230980411184,8.62158264831099
41,16,proposed,0.0,1.7944247688756305,0.8944398686525831,8.66375688396879,2.0516647021867565,1.4223880114636418,652979.4335194377,2.141852697094706,0.057879510196710324,0.5128205128205128,0.06091877611869841,8.62158264831099
41,17,proposed,0.0,1.7872348974399737,0.880404493379993,8.66025118580686,2.0289593960599173,1.4247648577582832,681542.3420827178,2.247547386790251,0.05116058476446438,0.5337618203309693,0.06091877611869841,8.62158264831099
41,18,proposed,0.0,1.7849722040445726,0.8786743152766299,8.655636782190092,2.0090781767643375,1.4241067886545005,703563.9919349828,2.33819718145046,0.04653895818045803,0.5496742671009772,0.06091877611869841,8.62158264831099
41,19,proposed,0.0,1.7755113092914967,0.8657595602792818,8.652234211829274,1.9699373632361434,1.424044434015901,739693.5195414043,2.461295094945229,0.046489999240040075,0.5562746548323472,0.07167427803814665,8.6189009255965
41,20,proposed,0.0,1.7656770921559344,0.841535844441492,8.648693403216644,1.9711276426824071,1.4309535138789717,763645.9613261805,2.556385711050214,0.040990679715910874,0.5779010633379565,0.07167427803814665,8.6189009255965
41,21,proposed,0.0,1.7665405051862777,0.8549368136985264,8.640397120277653,1.9704091581933603,1.4229980950465118,791503.6369894102,2.660458365075642,0.03886781881960247,0.5919780927835051,0.07167427803814665,8.614286227794842
41,22,proposed,0.0,1.751168929213153,0.8177726176574384,8.64136909782971,1.9701935629097331,1.4313176242238344,827185.6883951942,2.7825270833089455,0.03668037568876563,0.5842023947470065,0.0815078386669751,8.606296661924794
41,23,proposed,0.0,1.7498791400871652,0.8097785782330565,8.64151957349324,1.9670117997846535,1.434331097553084,853396.0471390851,2.8828109084198945,0.03645441413088543,0.5794339291973362,0.0815078386669751,8.606296661924794
41,24,proposed,0.0,1.7543788951079122,0.822847892496211,8.642931228817027,1.96635589816628,1.4305997531870374,879612.2215676348,2.9831081096055585,0.03334594891575646,0.5911330049261084,0.0815078386669751,8.606296661924794
41,25,proposed,0.0,1.7561458983049123,0.8260128685032734,8.654558188513336,1.9658932212399705,1.4286392630891904,904331.6313547599,3.0799627521159456,0.03332102657154085,0.5978344046525864,0.08672921921409249,8.606296661924794
41,26,proposed,0.0,1.7504329583724825,0.8111763243759295,8.650313158643366,1.965872200948211,1.432676010905876,934347.0091896984,3.188998121136304,0.032660128522652855,0.6070402298850575,0.08672921921409249,8.606296661924794
41,27,proposed,0.0,1.7374170833905018,0.7768970563268631,8.647274297030915,1.9675177608394974,1.4410840383717536,967452.5962645598,3.3051409714084854,0.028877869371944788,0.6138843977364592,0.09627162486978981,8.593692398253088
41,28,proposed,0.0,1.7389377238160637,0.7843266472956505,8.640306514845467,1.967515361579047,1.4388668492612313,994650.760124517,3.4076967482863867,0.028454664847145428,0.6182185213222307,0.09627162486978981,8.593692398253088
41,29,proposed,0.0,1.736964459615764,0.7789027803561943,8.639622993907343,1.9669777010222642,1.4394333308840017,1021811.1054254833,3.510165542478609,0.027215936205980385,0.6139044615743985,0.09627162486978981,8.593692398253088
41,30,proposed,0.0,1.7366458787182257,0.7808055608971726,8.637498189730803,1.9674327737430741,1.4384963424924642,1052903.1800727458,3.621677314167312,0.027481721778086374,0.6087662337662337,0.09809984165563455,8.593692398253088
43,1,proposed,0.0,2.466557809773844,1.7889466083896297,8.845790002541944,3.5191380959179615,1.3733189618017656,26785.812698799054,0.10160736920723784,0.39478650614501276,0.20833333333333334,0.004453956424968604,8.512233174957966
43,2,proposed,0.0,2.1056211145479056,1.3918058092719823,8.743011814736837,2.6890711553166815,1.3586292930236639,59572.693852379474,0.21701719586047286,0.26460551129270743,0.24509803921568626,0.011419182896069632,8.512233174957966
43,3,proposed,0.0,1.844170511392569,0.9900733598443364,8.664961732473676,2.294728336445108,1.402494560414208,89632.47870403633,0.3261547010192836,0.2531245166580983,0.26785714285714285,0.011419182896069632,8.512233174957966
43,4,proposed,0.0,1.786452908035611,0.8899177425539851,8.620979508082105,2.1271005856381864,1.41401524922955,128331.43266296231,0.45516229512481343,0.19791427057538835,0.3472222222222222,0.015209390376583656,8.512233174957966
43,5,proposed,0.0,1.79108208156115,0.913276128565023,8.601917990790346,1.9928869245050602,1.4105892937883102,177602.9483802085,0.6084867812744795,0.16887218945260646,0.388681592039801,0.01899959785709768,8.512233174957966
43,6,proposed,0.0,1.7988860777618298,0.9235002920665462,8.630111110661225,1.9743423664534492,1.4103541738827354,237100.2199753206,0.7853305059432375,0.13264605204130392,0.46875,0.02432346695609989,8.512233174957966
43,7,proposed,0.0,1.8225398131089379,0.9717376660901073,8.63669368355886,1.9734944148578433,1.4005663686678635,338683.32006310363,1.058971636145139,0.09625623699909659,0.5488351254480287,0.02999268101777515,8.512233174957966
43,8,proposed,0.0,1.861466454507027,1.054006490191023,8.64439964504623,1.9777657773536899,1.3792832498193657,363146.16409945674,1.1552361774287514,0.07567167170016947,0.5698005698005698,0.030783418766887463,8.512233174957966
43,9,proposed,0.0,1.8705386839336289,1.0639865300459643,8.66154315603799,1.9784330603396734,1.377312113021756,393835.6820471917,1.2658220687085415,0.07027190703838951,0.5739795918367347,0.030783418766887463,8.505076369690027
43,10,proposed,0.0,1.843475911715302,1.014481651841981,8.65785572232747,1.973985057761453,1.3872792742735631,425412.1453401798,1.3784479342824139,0.05658649338593706,0.5787037037037037,0.036174909056853596,8.497919564422087
43,11,proposed,0.0,1.8558619045275844,1.0328874315550303,8.66541863322389,1.9742259713883055,1.38441579169869,457181.284266899,1.491516953813868,0.0542957775802285,0.5703242835595776,0.036174909056853596,8.497919564422087
43,12,proposed,0.0,1.8613359841256718,1.037008970921265,8.684383483714523,1.9769238621060161,1.3857959248773344,490188.37520924164,1.6074332629812562,0.05705010740794916,0.5474452554744526,0.04061697939571591,8.497919564422087
43,13,proposed,0.0,1.8653630876016867,1.0383049234641841,8.677305671337635,2.1005064411551,1.390018959040907,520397.35749229795,1.7169139222322856,0.057634901898795624,0.5334595959595959,0.041789403194709376,8.497919564422087
43,14,proposed,0.0,1.85515823570967,1.0149657408235044,8.68027562852783,2.1303539265243487,1.3964626738699537,550197.2427008977,1.8254536582120653,0.061574259995019566,0.5289291882556131,0.05108521548986997,8.496872533832907
43,15,proposed,0.0,1.8152729085025068,0.9405613477298481,8.66398963535741,2.14008489452327,1.4119887611664481,582019.3006494758,1.9386443914937945,0.05695034522290365,0.5290632054176072,0.05108521548986997,8.490762759154148
43,16,proposed,0.0,1.812050289306488,0.9292668518731892,8.663280881175066,2.2004751238740625,1.4167232836331862,615825.467037896,2.056398574187161,0.055897327034892044,0.5291005291005291,0.05445882430791084,8.482534087484042
43,17,proposed,0.0,1.8019192886705866,0.9077756640898824,8.650711748005424,2.2321497210143586,1.4221386277779577,644943.3371760917,2.1633696755050114,0.05470686770000421,0.5513583638583639,0.05445882430791084,8.476826392134305
43,18,proposed,0.0,1.7752071851672369,0.8607079690436169,8.645172978895879,1.9949586350959498,1.4271916972465875,676144.383688277,2.2751320824830374,0.04818070697145717,0.5587748344370861,0.06492706040206489,8.471294744370592
43,19,proposed,0.0,1.7685071301657858,0.8453351295079083,8.638934962624763,2.0409644207042756,1.431023680289296,704367.5054887835,2.3800452626242024,0.0507359779464059,0.5570987654320988,0.06492706040206489,8.466178279846822
43,20,proposed,0.0,1.7670763299623895,0.844948801389394,8.637281279960396,2.0051548821556735,1.4300809338575013,734121.1810100751,2.4884787163231725,0.048790238369738316,0.5731315910132967,0.06492706040206489,8.464030801543954
43,21,proposed,0.0,1.7544609180783748,0.8140061107098403,8.64896527307412,1.9677623205388113,1.4356986640268998,767021.1044109266,2.604148540145131,0.040513839294250426,0.5822243346007605,0.07230895350347225,8.455539253166002
43,22,proposed,0.0,1.7659015885436484,0.8544949986533846,8.63881714425779,1.9683141895096616,1.4218726483574737,789656.6497898443,2.6962102945166415,0.040591603285294875,0.5869227784245247,0.07230895350347225,8.450344766290868
43,23,proposed,0.0,1.756885488650304,0.8368920298683423,8.634161428443306,1.969112674989707,1.4248252776868475,819948.6624818483,2.8058819237082506,0.03836490114708329,0.5989583333333334,0.07905617113955399,8.448088653316972
43,24,proposed,0.0,1.7539047524659332,0.8281615225143565,8.633364936047675,1.9698372102608728,1.4280639590092896,850307.0696156075,2.9157062601158965,0.036131229524509215,0.5982053838484547,0.07905617113955399,8.442981274399864
43,25,proposed,0.0,1.760957534858187,0.8370941504653924,8.65140519002735,1.9658635915505815,1.426384530510592,870198.0864692939,3.0014555988793745,0.03397629154486163,0.6033750386160025,0.07905617113955399,8.436888397116661
43,26,proposed,0.0,1.7588874989310928,0.8340850027901887,8.649720479105412,1.96667666491882,1.4266662775770778,901065.5346745389,3.1124507297514374,0.0318420503338668,0.6166082895504962,0.08214251413230068,8.433901850695623
43,27,proposed,0.0,1.7586976404148171,0.8339069807321331,8.647191632872005,1.966923981501082,1.4267988474231996,928010.8512481609,3.214424957870768,0.03254053560379094,0.616876523151909,0.08952440723370804,8.426529273197957
43,28,proposed,0.0,1.7506198272800322,0.8156783959695784,8.641894002490838,1.9675193813462353,1.4309425226317138,958692.6620123744,3.324993122628459,0.030580243149886575,0.6196256954982297,0.08952440723370804,8.423569372583717
43,29,proposed,0.0,1.7450097126305355,0.8034524000896636,8.63701418281462,1.9679115381777632,1.43344436349007,990771.6892719069,3.438774885325383,0.02945142986408254,0.6230737316263633,0.09289801605174891,8.417333937179661
43,30,proposed,0.0,1.7487427258775814,0.8117688042215888,8.633473481376218,1.9673464594655363,1.431949544691924,1012259.5800344903,3.5281970340793247,0.028155513021035253,0.6175889328063241,0.09289801605174891,8.412121890104391
47,1,proposed,0.0,2.478149451313914,1.8014129736708335,8.846191619480754,3.55853032824523,1.373117510002097,26374.809971119867,0.1006620629335757,0.3850000980235875,0.20833333333333334,0.007628975415555607,8.547266594297994
47,2,proposed,0.0,2.1067610920586266,1.392609379055908,8.748321167720004,2.6916256025816585,1.3595686580925368,56926.8763751509,0.21093181566284713,0.2859893446815015,0.23148148148148148,0.011419182896069632,8.547266594297994
47,3,proposed,0.0,1.8500415539578186,1.001405750407709,8.65056224842137,2.326490142267922,1.3996118989534856,81345.70092735601,0.30709511213291885,0.26373664065953484,0.24671052631578946,0.011419182896069632,8.547266594297994
47,4,proposed,0.0,1.7881724340691607,0.8871934587606305,8.634942210697663,2.0894429088663857,1.4133339021177522,107766.19824941423,0.40786225597365283,0.2204409019881355,0.31446540880503143,0.01904815831162524,8.547266594297994
47,5,proposed,0.0,1.777096520303003,0.8650824198213284,8.61988638927816,1.9827654398479413,1.4253001696541288,156048.85999494707,0.5589123779883783,0.17462869803068753,0.36678403755868544,0.01904815831162524,8.547266594297994
47,6,proposed,0.0,1.7784741809826101,0.8777130892792355,8.617992762081895,1.9794199700766921,1.4201579262768347,190337.02206547235,0.6777751507505866,0.1107421794588056,0.47468354430379744,0.022838365792139263,8.54057051811361
47,7,proposed,0.0,1.806209955036619,0.9322409580743064,8.645305502528286,1.9716693592882668,1.411561101178828,270955.37405100185,0.9031973603173047,0.07171006841662067,0.5372807017543859,0.02999268101777515,8.54057051811361
47,8,proposed,0.0,1.8477311974233832,1.0211915574325368,8.64711029107179,1.975656188092148,1.390870466617301,316347.76214367175,1.0475998529304458,0.06260879454847866,0.5649717514124294,0.02999268101777515,8.54057051811361
47,9,proposed,0.0,1.8851166803260595,1.0926256480587144,8.652933455248018,1.9809158945450396,1.3723427438905929,351820.59505644854,1.1691873686298324,0.05167044227289502,0.5662751677852349,0.03046734120769487,8.54057051811361
47,10,proposed,0.0,1.879749549561828,1.077155552197024,8.647931095174302,2.0537023332982574,1.3778384151861907,380918.64734209736,1.2761128888868247,0.04642290522625321,0.5600358422939068,0.03237216638292333,8.54057051811361
47,11,proposed,0.0,1.8755788753687768,1.0642285664144222,8.647508678775615,2.1745821999399513,1.383098639881687,411942.56068366586,1.3874678895724322,0.04263664994361381,0.5652092675635276,0.03425754868820889,8.54057051811361
47,12,proposed,0.0,1.862900438408821,1.0384861485669472,8.662288795314835,2.0818867352025783,1.3877705349901643,443533.0321074318,1.5001259738470938,0.04569343245182569,0.5415162454873647,0.04284040247707739,8.54057051811361
47,13,proposed,0.0,1.833713835908122,0.9854739585913884,8.651738651527976,2.085076299980713,1.3986401661405754,473859.56734411523,1.6098770048914657,0.04389432868288181,0.5400051124744376,0.04284040247707739,8.54057051811361
47,14,proposed,0.0,1.824688509694504,0.9641346338287345,8.668371427967513,1.9679143809909727,1.4028751206429877,506275.5035043929,1.7244336580601047,0.04976943589752006,0.5289291882556131,0.04621401129511826,8.54057051811361
47,15,proposed,0.0,1.8150505023858299,0.9432832890427311,8.668212304319123,1.9945650427862867,1.4084291669326232,531577.2069792316,1.8226275760522335,0.05112002637524991,0.5219933184855234,0.04621401129511826,8.54057051811361
47,16,proposed,0.0,1.7955624319079413,0.9028071459461328,8.671290889588235,1.9667288943694983,1.4161346099605154,567660.9747404135,1.9456202419029511,0.05234690231030496,0.5291005291005291,0.05604757192394671,8.54057051811361
47,17,proposed,0.0,1.777596300757662,0.8630776901214139,8.666653608230664,1.9655285481916949,1.4253777961338283,594865.3554902511,2.048190317627578,0.051524971553304544,0.5337618203309693,0.05604757192394671,8.54057051811361
47,18,proposed,0.0,1.784450358923416,0.8782950155929296,8.671693882319648,1.9663844541601037,1.4212319394558097,616592.7796437084,2.1381633931805295,0.051042647309053835,0.528169014084507,0.05699879357129302,8.54057051811361
47,19,proposed,0.0,1.778397463783768,0.8790037180817273,8.662219250335763,1.968024431340868,1.415223654993356,649223.7422840004,2.2532146072532018,0.04941008661297171,0.5505734504636408,0.05942118074198758,8.54057051811361
47,20,proposed,0.0,1.7689115676412968,0.8594726138101746,8.662345010568423,1.9690766580450245,1.4194840932926296,678124.9631619048,2.359687415272382,0.044062038110652624,0.5615453728661276,0.06651580801810077,8.54057051811361
47,21,proposed,0.0,1.7679916432754204,0.857251817223757,8.653279651049836,1.9677474242706896,1.4202939406771486,700235.2578269505,2.450541093001987,0.041108805378059554,0.5771042713567839,0.06651580801810077,8.533874441929225
47,22,proposed,0.0,1.7600851027279758,0.8361567854757427,8.648684660234364,1.9669615344502434,1.42649248689801,733948.3762141125,2.5680812652924594,0.04157893036375486,0.5788365862992728,0.07326302565418251,8.533874441929225
47,23,proposed,0.0,1.7565444242115151,0.8254657837297766,8.648140785525683,1.9662609874138797,1.430061131245151,763401.1829071763,2.6758227206865053,0.03956008322340171,0.5831128747795414,0.07326302565418251,8.533874441929225
47,24,proposed,0.0,1.7535521640729332,0.8196456778049976,8.655078952711259,1.967598327360709,1.430825478835647,788007.3181547885,2.772416831756013,0.03599642217436057,0.5905511811023622,0.077271309937549,8.533874441929225
47,25,proposed,0.0,1.7518058861442987,0.8111985010507263,8.660611636564969,1.966219375338413,1.4326239541613772,808705.0603592967,2.860021638826382,0.035314346931333236,0.5902462979752191,0.077271309937549,8.533874441929225
47,26,proposed,0.0,1.7514838957478323,0.8102585553859883,8.657988770188146,1.9654317365832723,1.433042024962234,838952.9295281351,2.9695917379147105,0.03456873321212501,0.5922343706195683,0.08064491875558986,8.533874441929225
47,27,proposed,0.0,1.7423473549993336,0.7933523252817114,8.652479504928346,1.9702141780004279,1.4357451149767957,871585.8028537899,3.0846473465637163,0.031672921735643886,0.6017234548335975,0.08802681185699722,8.533874441929225
47,28,proposed,0.0,1.7401291814481843,0.7924781281195854,8.639689586201435,1.9705803156609285,1.4350673872381017,896178.5095795785,3.18121057203303,0.02791874797831799,0.6044905008635578,0.08802681185699722,8.52717836574484
47,29,proposed,0.0,1.7395482767696515,0.7910390460082569,8.64268763031193,1.9704511830133946,1.4350253397515804,921005.4771420902,3.278312597426807,0.02820457115635704,0.597165416950693,0.09111315484974392,8.52717836574484
47,30,proposed,0.0,1.7358752063239475,0.7887405870580132,8.637798018434813,1.9731051699093336,1.4336492329533066,951983.7363919824,3.3895625937015583,0.02889707028711125,0.6025064267352185,0.09448676366778479,8.52717836574484
7,1,random,0.5,2.162239875971211,1.4492602028369501,8.791693251089916,2.726896477749296,1.363642770891453,66718.32746703996,0.19345215317419193,0.41950564490755005,0.20833333333333334,0.010661507955917856,7.180432062924231
7,2,random,0.5,1.9539896600049542,1.1679299000442882,8.739261003936681,2.461727405633002,1.3841509696917476,138060.58484250036,0.39753934513775097,0.27842588771103477,0.32051282051282054,0.01577666855264257,7.180432062924231
7,3,random,0.5,1.8136139003594383,0.9132735553885111,8.704448567719632,2.2383024693690787,1.4224824385071444,217175.93549154903,0.6195046516305628,0.2402222510130427,0.4076086956521739,0.029992681017775146,7.180432062924231
7,4,random,0.5,1.7726606219655132,0.8110667507214885,8.7122846308561,2.181830455349948,1.4426457728834297,280183.84264724475,0.8044228380886629,0.21114453558155172,0.49019607843137253,0.029992681017775146,7.180432062924231
7,5,random,0.5,1.7648617278606775,0.7865503321237488,8.711101133883203,2.1729852373238767,1.4479394389676847,363392.660635372,1.0358031194613555,0.16689798254188393,0.5787037037037037,0.030532355274616004,7.180432062924231
7,6,random,0.5,1.7691842413876973,0.8025682992363341,8.70300218932115,2.128761864566904,1.4464841277082645,449910.78000290587,1.2747947940066835,0.15568938334281565,0.6147540983606558,0.042223184434434916,7.180432062924231
7,7,random,0.5,1.7724143269621022,0.8132273828811959,8.69704260612465,2.1337902751843676,1.4443830662300676,535961.0411974017,1.5127103947540244,0.12311514680447114,0.6992009132420092,0.05206287682038746,7.180432062924231
7,8,random,0.5,1.7858422611220595,0.8420907230798909,8.70041574959382,2.1833494465797423,1.440633270029111,622842.2285230168,1.752537125602939,0.11863108656330074,0.7092198581560284,0.06106471054923201,7.180432062924231
7,9,random,0.5,1.795829230823711,0.8696876254222983,8.696515443852784,2.1774685599408747,1.4347880122247187,707627.2682593361,1.9875427169964732,0.11326083025257878,0.7336956521739131,0.07090440293518456,7.180432062924231
7,10,random,0.5,1.811564295675644,0.9035400873494365,8.699121907547358,2.198841131814477,1.4286065377452903,777892.0063758859,2.1891516146645373,0.11152274645526639,0.7548309178743962,0.0799062366640291,7.180432062924231
7,11,random,0.5,1.8142868346294339,0.9090921169806667,8.695352131179238,2.229731460697019,1.4283621811536849,857915.1879124391,2.4132049321986098,0.10851103856598426,0.7780349794238683,0.0799062366640291,7.168105356769344
7,12,random,0.5,1.8071984867138189,0.9044648994514036,8.678621037584042,2.224296426343657,1.4261211475089957,913059.7970733846,2.580037533268785,0.10486923784662923,0.7772020725388601,0.08890807039287366,7.168105356769344
7,13,random,0.5,1.8008507975178676,0.8946960435401613,8.67206948213797,2.216963035963572,1.4266901510108339,1002240.0488499241,2.825152112354826,0.0996570962514914,0.8038432267884322,0.08890807039287366,7.168105356769344
7,14,random,0.5,1.8053660125369912,0.9177660896180045,8.67137969918942,2.0316111434120923,1.4146121912008882,1066659.4370461963,3.0133167052062526,0.10041161300600632,0.8101851851851852,0.10059889955269256,7.168105356769344
7,15,random,0.5,1.7863115777420282,0.8806336417916143,8.673573680225648,1.9644514099584942,1.4201095236069734,1154086.85729309,3.254399771774108,0.09455527421705429,0.819493006993007,0.12212942109846403,7.168105356769344
7,16,random,0.5,1.7837514265775265,0.8779009872941306,8.669363677577032,1.9645271903511061,1.4197282623576617,1236027.1487812658,3.4828624421969123,0.09408742927049324,0.8333333333333334,0.12212942109846403,7.168105356769344
7,17,random,0.5,1.7762418820862331,0.8663348760387791,8.659417620882701,1.9650908741168132,1.4211644105061434,1317992.9654509705,3.711383820537232,0.0946582491281216,0.8247716894977168,0.14499422872565165,7.168105356769344
7,18,random,0.5,1.7726904630550437,0.8642889524142768,8.654246544703835,1.966731711899111,1.4199664538160819,1385060.9211150752,3.9056401185646723,0.09157238132420037,0.8272058823529411,0.14499422872565165,7.168105356769344
7,19,random,0.5,1.7707121209598982,0.8636594725632802,8.64807774086707,1.9674317153537004,1.4192404146151718,1454229.922189424,4.104728821035673,0.09140778325939937,0.8264652014652014,0.14875412417357808,7.168105356769344
7,20,random,0.5,1.773260666468987,0.8720644256863752,8.642903857185683,1.9681442308487995,1.4167278348341483,1525089.2392961276,4.307705250381087,0.0890002020290167,0.8366800535475234,0.14875412417357808,7.155778650614456
7,21,random,0.5,1.772741981830571,0.8756245673075366,8.635352421111225,1.9696633356020896,1.4149899872545786,1588230.3695297076,4.492929849918317,0.08977918510387978,0.8367486338797814,0.14875412417357808,7.155778650614456
7,22,random,0.5,1.7672321333993244,0.8680350712586907,8.631137809704326,1.971041809058666,1.4151390743176666,1680064.3752789914,4.744148063141666,0.09470020095201807,0.8388796450360511,0.1553507718040544,7.155778650614456
7,23,random,0.5,1.7584141868613097,0.8535091971181303,8.627778156809695,1.9732250639873543,1.4164420879864497,1770531.484679449,4.992222414762715,0.09477426266177585,0.843861664114344,0.17688129334982586,7.155778650614456
7,24,random,0.5,1.753061210784056,0.8395743972941065,8.627243648908456,1.9728388534082189,1.419869544454138,1847093.2126935427,5.208314389195128,0.0907035139655892,0.846262341325811,0.1984118148955973,7.155778650614456
7,25,random,0.5,1.7489189624533545,0.8285828630835425,8.627337834389685,1.972068039177,1.4225981900263132,1925017.8780363002,5.427541119483467,0.09220782307881223,0.8400537634408602,0.21994233644136876,7.155778650614456
7,26,random,0.5,1.7469395779516759,0.827546430139639,8.626378214931883,1.9732105380036316,1.4216404318105724,2018509.2863525732,5.6825713586108915,0.08771514323419122,0.8545711974110033,0.22978202882732132,7.155778650614456
7,27,random,0.5,1.744549164396582,0.8240655512908782,8.625949973355896,1.9741945234317528,1.4217293222324698,2113757.4547037994,5.94164214581871,0.08891864327410653,0.8541901012373453,0.24147285798714024,7.155778650614456
7,28,random,0.5,1.7439115977244093,0.8227613570378818,8.623480472652272,1.9736928985057862,1.4218059404281265,2174114.9362270706,6.120464353322229,0.08694765333430149,0.8632840028188865,0.24147285798714024,7.155778650614456
7,29,random,0.5,1.7450324336966951,0.8262134137932668,8.622478851592618,1.9733181994999094,1.4206724511098756,2250413.7407439128,6.335951603710961,0.08355416030150373,0.8665100560501154,0.2513125503730928,7.155778650614456
7,30,random,0.5,1.7408437815295699,0.8172571399215061,8.623605306260878,1.974048376449433,1.4222491464421496,2343348.221130974,6.589700908601196,0.08190260548935913,0.872093023255814,0.2630033795329117,7.155778650614456
11,1,random,0.5,2.2766375411476467,1.5751228664212034,8.839254338235296,2.978864354123754,1.3690737015306016,58192.93791478696,0.17384375720401002,0.4252541402535266,0.20833333333333334,0.018841526114797093,7.1037041481467424
11,2,random,0.5,2.014760959673464,1.254807138728203,8.762243918468718,2.545790299151769,1.3760969038786237,141026.3522442903,0.4043606101618677,0.2680393193522903,0.3787878787878788,0.023659356563753602,7.1037041481467424
11,3,random,0.5,1.8845701830325212,1.0302833221058074,8.757345151045797,2.3669436332583653,1.4130090396865134,250462.46089614253,0.6960636600611277,0.2238766071379812,0.44642857142857145,0.0329094247900127,7.1037041481467424
11,4,random,0.5,1.8104240158261191,0.875636231489678,8.752869902175625,2.3053909105953414,1.4383246213332341,333354.1136149632,0.9267144613144151,0.1680270862084251,0.5555555555555556,0.05484904131668783,7.1037041481467424
11,5,random,0.5,1.7804783937852378,0.8083893389531025,8.738797096325522,2.262124192018605,1.4475343051215257,425503.716515493,1.1786585479856342,0.13617321724230758,0.6056201550387597,0.0658188495800254,7.090089588307976
11,6,random,0.5,1.789525712021128,0.8161944041147808,8.74322867023421,2.284072540464686,1.4530178076197484,505654.00006306067,1.4030042001450396,0.14419655669024864,0.646551724137931,0.0658188495800254,7.090089588307976
11,7,random,0.5,1.7898372875039563,0.8256044168780566,8.734391846010483,2.262809624718948,1.4507770537239544,605956.9258028043,1.6737009293464504,0.12558265941630709,0.6897522522522522,0.06720212938745182,7.090089588307976
11,8,random,0.5,1.7940463961541093,0.843395659129776,8.73455615021966,2.1816246394511314,1.443531105394233,717229.6418394353,1.9696281762307017,0.1351132180682357,0.6600660066006601,0.08688151415935691,7.090089588307976
11,9,random,0.5,1.8019051295850224,0.8634136781365286,8.72875463589752,2.1623084749494454,1.4397368681293616,799203.1161387842,2.198167167119204,0.12411382563866527,0.6915983606557377,0.09672120654530945,7.090089588307976
11,10,random,0.5,1.7954194370359902,0.8605717803969744,8.718892170611204,2.0488048380049184,1.4360280014056883,897641.0045597297,2.464574310487379,0.12471772038143611,0.6898454746136865,0.106560898931262,7.090089588307976
11,11,random,0.5,1.7902435871603237,0.8570952033131461,8.717545991507928,1.9637255976654664,1.432916043737475,990431.7788886563,2.7179930914439105,0.1197361260939234,0.7080992509363296,0.12809142047703345,7.090089588307976
11,12,random,0.5,1.792385472908642,0.8672133397526302,8.709630068332835,1.9636706900420515,1.429994017485775,1084781.3024757951,2.9749969956943296,0.1026970647419072,0.7614213197969543,0.137093254205878,7.07647502846921
11,13,random,0.5,1.7979897421252469,0.8804306828407176,8.705547900568208,1.9634951528294562,1.427835090162625,1170354.2078739428,3.21181467811007,0.09693578990676456,0.7929804804804805,0.14693294659183057,7.062860468630444
11,14,random,0.5,1.7966649671092927,0.8877916704616536,8.693225502345769,1.963888022540246,1.4232697652999975,1254621.654383579,3.4456298050822323,0.0935737066247975,0.8101851851851852,0.14693294659183057,7.062860468630444
11,15,random,0.5,1.7915168109993824,0.8817301344292764,8.68718850868201,1.9638849257718678,1.4227837171618565,1331362.6252520448,3.662134038079703,0.09763767297884998,0.8109861591695502,0.15593478032067512,7.062860468630444
11,16,random,0.5,1.7889104985549662,0.8821534833500273,8.67804693997582,1.9639593371539479,1.421022317090355,1403048.1480030802,3.8670107404070846,0.08626759196978628,0.8255933952528379,0.15593478032067512,7.062860468630444
11,17,random,0.5,1.773808293480878,0.850696615871925,8.67135216120099,1.963118780127051,1.4275395832504298,1504429.6304202776,4.140188149966636,0.08588043949791851,0.8202770208900999,0.15593478032067512,7.062860468630444
11,18,random,0.5,1.7642825064980354,0.8334961669861656,8.666134705882554,1.9642034595146982,1.4297977964062711,1589903.7140991979,4.376778542428147,0.08523981194726599,0.8171912832929782,0.1747763064354722,7.062860468630444
11,19,random,0.5,1.7566778887093055,0.8172491392311243,8.660750965556495,1.9645280069064304,1.4329636545395186,1685297.8469902277,4.636185048077512,0.08554176020709289,0.8319505899705014,0.1747763064354722,7.049245908791678
11,20,random,0.5,1.7570025582754176,0.823590398744199,8.65563281534734,1.9655434476681477,1.4301771807733321,1763309.2506027475,4.855611276386303,0.07898613330280332,0.8417508417508418,0.1936178325502693,7.049245908791678
11,21,random,0.5,1.760247332202908,0.8318607015557058,8.657044079761858,1.964960943097461,1.4277024112733103,1823225.9273247824,5.033419632846979,0.07223794314598292,0.8618667917448405,0.20345752493622185,7.049245908791678
11,22,random,0.5,1.7587832130614087,0.8291331624286151,8.651494672724633,1.9651941623607596,1.4285988747559857,1915161.1122079657,5.284870558078295,0.07447391114114615,0.8632990867579908,0.2132972173221744,7.049245908791678
11,23,random,0.5,1.7538045503260888,0.8234655857944081,8.647115783190827,1.9670075208458562,1.4280965388316629,2006920.2732588637,5.5359166284953565,0.0714722003711976,0.8746693121693122,0.23398988021083786,7.049245908791678
11,24,random,0.5,1.7512452405884302,0.8173424906795046,8.646959687750659,1.9670533603276812,1.4294520633206416,2094728.5921225096,5.777875761881738,0.06959434855663749,0.8888888888888888,0.23398988021083786,7.035631348952912
11,25,random,0.5,1.7453687985129904,0.8072342847937863,8.645003788104443,1.9693652703981006,1.4306791284971496,2199001.744706465,6.057704012824831,0.06619480376578046,0.8992288213627992,0.25552040175660934,7.035631348952912
11,26,random,0.5,1.7460890060154666,0.8131716781320066,8.643432064651329,1.9700348057935997,1.427918874547294,2264534.9737297385,6.248430439578352,0.0672959803723186,0.8981717687074829,0.26721123091642823,7.035631348952912
11,27,random,0.5,1.7425705498442494,0.804369342074631,8.642216324430237,1.970121960826837,1.4298733660276366,2374455.529767586,6.5412477184653985,0.06524482160908052,0.907258064516129,0.26721123091642823,7.022016789114146
11,28,random,0.5,1.7453008860187262,0.8121267850953299,8.640015325343407,1.9687835567591367,1.4277668578092797,2452329.766121869,6.7603584620802435,0.06461722712918827,0.9064002959674435,0.2770509233023808,7.022016789114146
11,29,random,0.5,1.7415615654826386,0.8038940360857983,8.636724758395202,1.9692262887808767,1.4294638513333227,2531624.393424628,6.982736104876584,0.06437933386736737,0.9040677674578603,0.28605275703122535,7.022016789114146
11,30,random,0.5,1.7367971504703639,0.7928913000739556,8.63319693265312,1.9696385362462565,1.4318339397470856,2605934.4239200973,7.193649175016161,0.059758875893022846,0.9110787172011662,0.2950545907600699,7.022016789114146
19,1,random,0.5,2.208940118462095,1.4882892839667887,8.846676647177368,2.79711182941607,1.37475900825288,97488.9484385001,0.2642245814085502,0.4194447956819357,0.20833333333333334,0.023801516243386743,7.793210751639609
19,2,random,0.5,1.9516190554206752,1.1372579677198855,8.783061306835629,2.5015956289943033,1.4008922027509332,168471.76566636396,0.46748506103263715,0.26211997966508077,0.3472222222222222,0.03108216025264654,7.793210751639609
19,3,random,0.5,1.8537570772393561,0.9442290844273497,8.79115179893616,2.3428575727196144,1.4335662838752066,242319.97654521617,0.6773359460539972,0.220180382119397,0.44642857142857145,0.03108216025264654,7.783899298859887
19,4,random,0.5,1.8045614613918677,0.8517139808005617,8.76967297710951,2.287706855344487,1.4426516907775047,328350.6767100137,0.9152065564330316,0.15845257405304355,0.5952380952380952,0.037683052229594186,7.783899298859887
19,5,random,0.5,1.7946369290215407,0.82469692742168,8.75894518877577,2.292309127542421,1.4483470552932718,402330.72088697803,1.1253606580400495,0.15524363678741238,0.6351626016260162,0.04662324037896981,7.783899298859887
19,6,random,0.5,1.8026695525521284,0.855468827674488,8.75053365896392,2.2042096902082777,1.4421421225010778,491804.2512758837,1.3711497779345325,0.13725592352059177,0.646551724137931,0.06216432050529308,7.783899298859887
19,7,random,0.5,1.8159099926761866,0.8783887165325278,8.756077207916244,2.2139946997222606,1.4409057847945979,578416.5850916601,1.6103581457108185,0.15166796042321018,0.6805555555555556,0.07770540063161635,7.778868060734502
19,8,random,0.5,1.8396429632669689,0.9332690584693828,8.742130267278934,2.212283861310624,1.4317373897706114,647173.0436218593,1.808498000330277,0.12318396226311054,0.7246376811594203,0.07770540063161635,7.764754130818874
19,9,random,0.5,1.8347851026648154,0.926223178532143,8.744887145174422,2.1162923243537572,1.4306391160767837,751018.1046802175,2.0873416407645013,0.10287604094169295,0.7670454545454546,0.07805509989016274,7.764754130818874
19,10,random,0.5,1.8421129241555216,0.9406505667700454,8.737981363483517,2.2188054790666287,1.4298668845573708,843828.6970153583,2.3408060031353255,0.10077195035080973,0.7716049382716049,0.07805509989016274,7.764754130818874
19,11,random,0.5,1.8346630197113991,0.9368283769820386,8.72242549301093,2.21527502308659,1.4268794932186493,913931.5509017366,2.5420425670739952,0.11055844293568853,0.7780349794238683,0.09689662600495982,7.7510000844007925
19,12,random,0.5,1.8248209675237945,0.9252268989041372,8.715976471368064,2.1258238223981953,1.4250942124282224,993584.5822679176,2.7652445392162117,0.10110012229936408,0.8064516129032258,0.10858745516477873,7.7510000844007925
19,13,random,0.5,1.812547747473924,0.9099886245868385,8.708486207878183,1.9999836061353844,1.4233541139838892,1070668.3373834547,2.982537175981948,0.1062828075398006,0.7929804804804805,0.12027828432459764,7.7510000844007925
19,14,random,0.5,1.8130978896976255,0.9175120524712504,8.697537814724111,2.0353924439968765,1.420108921085629,1156521.3118250489,3.2199990171976145,0.10502286537582729,0.8038057742782152,0.1292801180534422,7.723132108067083
19,15,random,0.5,1.7983715433841434,0.8967786243799301,8.684469302457499,1.9642484662695228,1.4207319886813397,1233973.5091588225,3.4381390710652933,0.10206817419551287,0.8223684210526315,0.15081063959921365,7.7093780616490015
19,16,random,0.5,1.793187889322029,0.8895069636380737,8.677982217693971,1.964302791074984,1.4211483252249357,1307094.1495232603,3.6463165439035,0.0935954062439939,0.8385744234800838,0.15081063959921365,7.7093780616490015
19,17,random,0.5,1.7883148559834603,0.8839745466042268,8.670733490167219,1.9648295854811997,1.4207043970546442,1383163.7335197886,3.8612765870955155,0.08524905136573557,0.8601190476190477,0.15081063959921365,7.67902549713368
19,18,random,0.5,1.7830958285804728,0.8771664580841163,8.66687438536466,1.9651884340336256,1.4201184140741225,1466513.106582318,4.09298014513933,0.08355500010943574,0.872093023255814,0.1606503319851662,7.662786862533987
19,19,random,0.5,1.777377627958297,0.8657412993061292,8.660534198074597,1.9649457028390425,1.4225479194181285,1536350.4006786977,4.293605921561,0.0773909616977408,0.882726917057903,0.1606503319851662,7.646548227934294
19,20,random,0.5,1.771968154363944,0.8556669357615129,8.6554863597043,1.9651138790832188,1.4241930881578992,1599964.8239740331,4.479919095140267,0.08248991866787317,0.8771929824561403,0.1606503319851662,7.632434298018666
19,21,random,0.5,1.765450758115791,0.8458234410788025,8.653005657677207,1.9663425952220117,1.424537366271114,1690115.444121046,4.727265521478394,0.08027361194584925,0.8851156069364162,0.17234116114498513,7.6161956634189725
19,22,random,0.5,1.7632052326501482,0.8447360925339268,8.650252614886458,1.9675698551439402,1.4237694365460607,1779755.2132500645,4.973436990475132,0.08287389383997432,0.8829538820782253,0.19303382403364858,7.602441617000891
19,23,random,0.5,1.7573550959199373,0.8346500326254704,8.643624469857112,1.968957996451753,1.425338823136362,1879630.1760389486,5.24314940488956,0.08074222223410335,0.9003948801742919,0.20287351641960114,7.602441617000891
19,24,random,0.5,1.7458582913605725,0.8074494082212179,8.640357856650315,1.9702016672878913,1.431353841312858,1973435.636503377,5.49890196395774,0.07670032609272687,0.9077155824508321,0.2127132088055537,7.602441617000891
19,25,random,0.5,1.7458555742624862,0.8107975489607951,8.641470464797926,1.9708530236911348,1.4292009746810739,2076790.30655938,5.776617705086542,0.07157792492928138,0.9195503766478342,0.23155473492035078,7.602441617000891
19,26,random,0.5,1.7476527154977535,0.818375920481085,8.641703241915218,1.971387403193051,1.4263656500603914,2161368.7161352104,6.011148047110946,0.07175198329595808,0.9168836805555556,0.23155473492035078,7.602441617000891
19,27,random,0.5,1.7476915614535153,0.8203728762651287,8.640034173745498,1.9712103348071277,1.425330543257686,2265763.776032768,6.291256684875325,0.07332530279495526,0.9149096385542169,0.23155473492035078,7.58868757058281
19,28,random,0.5,1.7459112650119712,0.8203804555944642,8.636281156990254,1.9730233915548077,1.424282731905932,2363579.385023245,6.556232585553418,0.072194188939533,0.920706501315295,0.24139442730630334,7.58868757058281
19,29,random,0.5,1.7406231411863131,0.8064410540375304,8.634968503692921,1.973377250436764,1.4276968788100588,2444094.5014299015,6.781417353288726,0.06979304564356478,0.9250703977472721,0.2503962610351479,7.5745736406671815
19,30,random,0.5,1.740619900337317,0.8127809177810675,8.630053627739892,1.9748359771320525,1.4244911781229461,2517362.7491051015,6.989934322941681,0.0662711749239103,0.9291377601585729,0.2620870901949668,7.5608195942491
23,1,random,0.5,2.1043381324946737,1.361304707219184,8.811438666294492,2.6733204434326816,1.377480752652699,68688.22961630886,0.1979829281175104,0.4224429292774383,0.20833333333333334,0.022251178295370523,7.741873045426017
23,2,random,0.5,1.8909684240212585,1.0528265018386345,8.734639686425776,2.3783778033133425,1.4045887284397895,139291.61731299828,0.400370719819896,0.27437262473736485,0.3472222222222222,0.02421670275186567,7.741873045426017
23,3,random,0.5,1.8333748242769223,0.9059708418886645,8.778866469123155,2.354479907005086,1.4391791837725973,237404.84180951977,0.6660311361618956,0.21860368307982947,0.44642857142857145,0.044502356590741046,7.7256344108263235
23,4,random,0.5,1.806874440626367,0.8385977605888266,8.762534887407403,2.340919706244237,1.4513421697304176,312947.2560814437,0.8797786889873207,0.18398467417222877,0.5050505050505051,0.05569876306794566,7.7256344108263235
23,5,random,0.5,1.8129776555962898,0.8570541016301292,8.75612951957278,2.3315641977974506,1.4521407244902813,389334.216738662,1.0954686984989228,0.18226025838384924,0.5540780141843972,0.05569876306794566,7.7256344108263235
23,6,random,0.5,1.8109707051516266,0.8700630467506284,8.749408063292181,2.2287542387387833,1.442093733932366,472210.2708880409,1.3260836230424944,0.1677204992688459,0.6048387096774194,0.05569876306794566,7.711520480910695
23,7,random,0.5,1.8164531359701004,0.8845748738476538,8.753321887189422,2.1148016753481738,1.4374501310575767,559135.955605946,1.5660126978936764,0.15540558026693965,0.6301440329218106,0.06689516954515028,7.711520480910695
23,8,random,0.5,1.830481702221675,0.9075984516513917,8.753272042828629,2.2216855705323866,1.437667712559293,620903.3557271825,1.7480777181725202,0.16112812540910013,0.6410256410256411,0.06689516954515028,7.695281846311002
23,9,random,0.5,1.8438498731964557,0.9388023087281424,8.74252283670364,2.2411999502262647,1.4325706188490597,690937.0086722678,1.9491551199462163,0.1411278685154007,0.6973140495867769,0.07006654427807656,7.681167916395374
23,10,random,0.5,1.8420856706598026,0.9455434564858232,8.727163700579762,2.2415213803865766,1.4279971930417423,762116.1836823653,2.1528672224694407,0.12988235529395564,0.7183908045977011,0.07006654427807656,7.681167916395374
23,11,random,0.5,1.8279347112782076,0.9272364247384448,8.72566054065238,2.0780352013635643,1.4250258748038276,850769.1832582883,2.3967691214940636,0.13734563191192734,0.7161458333333334,0.09075920716674002,7.681167916395374
23,12,random,0.5,1.8071464784594673,0.900408220002983,8.715292971411502,1.9656460937675864,1.4226706037781425,949627.035359261,2.6641421813263015,0.12978533777982915,0.7425742574257426,0.11228972871251147,7.681167916395374
23,13,random,0.5,1.7963312196967145,0.8817268159308124,8.704609644428963,1.9638492755660755,1.4254739681251762,1022718.0981960857,2.8722516258509985,0.12207581030469472,0.7588002873563219,0.11228972871251147,7.667053986479746
23,14,random,0.5,1.7833286382416826,0.8555463809181216,8.694500703891189,1.9624560222062333,1.4304380488002184,1106364.242583368,3.1046377579417475,0.11021000529813277,0.791343669250646,0.12129156244135603,7.667053986479746
23,15,random,0.5,1.7749262180411727,0.8429077317080035,8.680659148169488,1.9624967968556182,1.4319149491320777,1168087.6446047395,3.286601582590902,0.11019719459406356,0.7838628762541806,0.13029339617020058,7.667053986479746
23,16,random,0.5,1.7721360118849665,0.8441952262566056,8.674943934373857,1.9636532395044868,1.4294060750254074,1261418.6998615055,3.5412630096814635,0.10701514232630305,0.8105369807497467,0.14013308855615314,7.636701421964425
23,17,random,0.5,1.771708020760435,0.8505409004820681,8.67156684111467,1.9651724819783511,1.4256278286928317,1341855.7339731369,3.7662681881382154,0.10997737818037653,0.8114330637915543,0.15182391771597206,7.636701421964425
23,18,random,0.5,1.763282173963148,0.8336077086776692,8.662543433777063,1.965343353705072,1.4290843849963237,1427192.6179376405,4.002543021256574,0.11264054117423576,0.8074162679425837,0.15182391771597206,7.6204627873647315
23,19,random,0.5,1.7651593173296087,0.8428431255730063,8.659035299300172,1.9660970684319516,1.4256842282189675,1500115.4226944575,4.210265472197248,0.10818276351292652,0.821051673944687,0.16166361010192462,7.6204627873647315
23,20,random,0.5,1.760586895782549,0.8327645047967495,8.65715952939097,1.966301713362225,1.4278067915169215,1590741.9511893871,4.458706487735582,0.10991246224325554,0.8185985592665357,0.16166361010192462,7.6204627873647315
23,21,random,0.5,1.7621844018390391,0.8408968092283701,8.654009618078918,1.966568302182151,1.4243588899844477,1678748.256299947,4.701120989489865,0.10172283124626799,0.8398080438756855,0.16166361010192462,7.60670874094665
23,22,random,0.5,1.7598527715209573,0.8339522370410285,8.653974483068248,1.9656288955476318,1.426117818056857,1767192.317876828,4.944542331116686,0.0934596269438866,0.8662657502863689,0.17150330248787718,7.60670874094665
23,23,random,0.5,1.758687879051402,0.832530749138046,8.6528037268135,1.9659673070966088,1.4259283082725052,1859702.282498994,5.197315249747664,0.09378853498676928,0.8719013713080169,0.18134299487382974,7.592954694528569
23,24,random,0.5,1.7570322225345776,0.8331274891886332,8.650082366762051,1.9679305211446092,1.4250023183037621,1943451.2897766216,5.429937966486204,0.09184945628127944,0.8797653958944281,0.19303382403364866,7.5788407646129405
23,25,random,0.5,1.7520271196646096,0.8220889040997149,8.64421500224416,1.9682981257317935,1.4276415042176878,2018377.2006888173,5.64226756158425,0.08797794351416238,0.884567481884058,0.19303382403364866,7.562602130013247
23,26,random,0.5,1.7516354731961405,0.8228874979405865,8.642565853778077,1.9679526396822382,1.4266621279397491,2091123.4557407398,5.849583948203668,0.08483602011235482,0.8924799324038868,0.20287351641960122,7.562602130013247
23,27,random,0.5,1.7472783502828764,0.8142425200299508,8.641638740172137,1.9688531606150534,1.4280102625329518,2175146.7528659226,6.082837531591584,0.07941209521103923,0.9083433014354066,0.2217150425343983,7.562602130013247
23,28,random,0.5,1.739201115016361,0.7957782026690237,8.63908366651984,1.970655638860292,1.431733564338293,2272161.1264624684,6.345970590863636,0.07278911546576605,0.9155455904334828,0.24324556408016976,7.562602130013247
23,29,random,0.5,1.738598627768849,0.7965418065786338,8.637119368272504,1.9711237742615197,1.4309509302505956,2354646.1136306813,6.57568606135052,0.07413542396458253,0.9163615760111576,0.2522473978090143,7.562602130013247
23,30,random,0.5,1.7399347204731583,0.802926425695143,8.635372434839034,1.9713629296057937,1.428595809537534,2442427.685600784,6.817583676881753,0.07370086559105704,0.9191176470588235,0.2639382269688332,7.546363495413554
29,1,random,0.5,2.180635055072779,1.4708737618984378,8.79271963903656,2.768287328258913,1.3655562788856899,85853.18016661199,0.23746231438320758,0.4334493623843564,0.20833333333333334,0.018213331280671367,7.502255880192798
29,2,random,0.5,1.943627634397365,1.1313879617027487,8.769571116571363,2.5022718549105365,1.3991064242355264,174888.1705235038,0.4822427922040588,0.2816910643217023,0.3472222222222222,0.025981412478983525,7.488641320354032
29,3,random,0.5,1.8333904422062193,0.9215999222202789,8.758066458590761,2.322347882057246,1.4322003232759188,265129.30865813146,0.7297974099137023,0.24148159756957838,0.44642857142857145,0.03432787480928725,7.488641320354032
29,4,random,0.5,1.791346059776344,0.8319452940322725,8.735429303120126,2.29758194978231,1.445783159054244,342919.39977660147,0.9487146194861835,0.20954340784102082,0.5208333333333334,0.03432787480928725,7.488641320354032
29,5,random,0.5,1.807357808403253,0.8408369033639,8.759565408503212,2.3397967481208517,1.4544692738825753,432136.55418616993,1.1939140746281909,0.20179023697290627,0.5661231884057971,0.048715903799080806,7.488641320354032
29,6,random,0.5,1.8033938320890877,0.8475406704119385,8.760786394389095,2.2557862511173217,1.4476839120289222,517377.94115381525,1.4299692646537752,0.19166874719959892,0.5952380952380952,0.05484904131668783,7.488641320354032
29,7,random,0.5,1.8514086377660264,0.9244285765475545,8.771191119363971,2.3378983358951255,1.4484699429085208,596527.640795641,1.6520135738299742,0.17868420195425988,0.6224593495934959,0.05484904131668783,7.488641320354032
29,8,random,0.5,1.827124074012035,0.8992548090963933,8.748552868281699,2.259023261297386,1.441237372964429,682355.5520245791,1.8894177696565317,0.15389105058664196,0.6600660066006601,0.05903815431571528,7.488641320354032
29,9,random,0.5,1.795157150838283,0.8548253254983729,8.729385507610909,2.0567538302034603,1.4376883435084113,779429.9866170358,2.152688969219182,0.12988153997121105,0.6973140495867769,0.08957050959033128,7.488641320354032
29,10,random,0.5,1.7971131268349083,0.8736112603525783,8.706530658952035,2.033608911660473,1.431700660194028,843996.0147814997,2.3411908339974494,0.12564846449447578,0.7038288288288288,0.08957050959033128,7.475026760515266
29,11,random,0.5,1.785404192772917,0.8544407448503784,8.696863316158556,1.9850472521205238,1.4330956622462565,926266.8413258969,2.570413735049563,0.11411634993496453,0.7328003875968992,0.09941020197628382,7.475026760515266
29,12,random,0.5,1.7882676391279222,0.8602446193971625,8.695964545393776,2.0246948047721025,1.432631332524563,1012246.9868291742,2.8081680697071008,0.11724694903023142,0.75,0.10924989436223637,7.475026760515266
29,13,random,0.5,1.7789281385619793,0.8432634320486498,8.693002063941604,1.9622567159941384,1.4341058609706923,1105305.4721663916,3.0622025859827007,0.10413220127467693,0.7555436337625179,0.11908958674818891,7.4614122006765
29,14,random,0.5,1.7855331466312856,0.8606049862113885,8.690660552695935,1.9748229717357912,1.4305083578233944,1178610.7144488005,3.2708046432322417,0.1044917087314475,0.7704402515723271,0.12892927913414146,7.4614122006765
29,15,random,0.5,1.7833538727222424,0.8605772152579421,8.684417382571077,1.9627766058578309,1.4291735272603017,1263610.6908665204,3.5063045889929962,0.10393086515541042,0.7838628762541806,0.12892927913414146,7.4614122006765
29,16,random,0.5,1.7802433430225313,0.8611370028390213,8.672810081452885,1.9634308131031322,1.4272376059895895,1337484.2395190164,3.7162137508937367,0.09910084809870086,0.8008008008008008,0.1316376991600508,7.4614122006765
29,17,random,0.5,1.7765418775253576,0.8595274998551898,8.670044326672897,1.964874583948089,1.4249079591968474,1426011.1557207091,3.9598256581576297,0.09705671231482658,0.8114330637915543,0.14260750742338837,7.4477976408377335
29,18,random,0.5,1.77847652529918,0.865401379225314,8.669588196874654,1.9650595755284992,1.4229493485063551,1502499.8786450934,4.1757497208837115,0.0917380784307841,0.8191747572815534,0.15045980067991294,7.4477976408377335
29,19,random,0.5,1.7728482743038156,0.8551169929659942,8.664765130593253,1.9653313210993244,1.4246281905326843,1574881.4077089685,4.3822272377306195,0.08906954812348351,0.8319505899705014,0.16930132679471002,7.4477976408377335
29,20,random,0.5,1.762788924681602,0.8350436563207938,8.662890084479226,1.9661351867005759,1.4277904254101335,1669782.8319635633,4.640500513516183,0.08965132073593934,0.8366800535475234,0.1881428529095071,7.4341830809989675
29,21,random,0.5,1.7551398721441147,0.8225147336008721,8.663151554720232,1.9692103153903273,1.4291868054956944,1754966.7805379643,4.8764235952373,0.08044236765689687,0.8459944751381215,0.20967337445527856,7.4341830809989675
29,22,random,0.5,1.751415983548692,0.8173306600686076,8.657603474760613,1.9701604302655376,1.4293587424668739,1850212.6539977812,5.135489104194875,0.08067662895219802,0.845917225950783,0.21951306684123112,7.4205685211602015
29,23,random,0.5,1.7579499857244434,0.8383796606362038,8.653818454108976,1.9703921924714107,1.4230465003416597,1902589.457182846,5.295955751520519,0.07865909395084394,0.8569854847071021,0.21951306684123112,7.4205685211602015
29,24,random,0.5,1.7532630281439752,0.8303519663327117,8.64540208237422,1.9709721907104742,1.4243576036994403,1990465.7209593763,5.538071158206534,0.0773330900858869,0.8571428571428571,0.2391924516131362,7.4205685211602015
29,25,random,0.5,1.7467539227427271,0.815273694886072,8.6405078107374,1.9711222982890124,1.4275732608981637,2078304.4985375712,5.780100346636377,0.07799929149260311,0.8645971668880036,0.2391924516131362,7.4205685211602015
29,26,random,0.5,1.7481872784840613,0.8207914168696686,8.640386264380838,1.9712368722240934,1.4256151658232108,2165855.8393611466,6.021468430530597,0.08122775093231666,0.8608394458027709,0.2391924516131362,7.4205685211602015
29,27,random,0.5,1.7462593189619766,0.8155889548307607,8.64007964025603,1.9704807704943441,1.4268301488247486,2247733.798842297,6.249787737337239,0.08746757085425325,0.848463687150838,0.24903214399908877,7.4205685211602015
29,28,random,0.5,1.7469803368590904,0.8175343131532729,8.639506244930613,1.9697965428080562,1.4260840267466124,2311034.129432048,6.435378497693664,0.08674725885706955,0.8542538354253836,0.2588718363850413,7.4205685211602015
29,29,random,0.5,1.7439899767323266,0.8113210817122969,8.63535335286732,1.9703416538445164,1.427409560825864,2401845.094692294,6.684243717792226,0.08876539008263723,0.8546747967479674,0.2588718363850413,7.4205685211602015
29,30,random,0.5,1.737273467414982,0.7951397632697959,8.632381783619126,1.971098719799398,1.4310719425172962,2494590.0771890627,6.93755717753479,0.08707223002867534,0.8616727941176471,0.2588718363850413,7.4205685211602015
31,1,random,0.5,2.293959977305752,1.5958553425123783,8.836546339581796,3.009015879555078,1.3694365524182261,76275.69806729339,0.2154341055547748,0.43088669175631034,0.20833333333333334,0.019679384771905093,7.123025574665228
31,2,random,0.5,1.9986551522358504,1.226633142063536,8.766689043872972,2.512250122983035,1.3817954376348165,162930.2981079649,0.45473968564831924,0.2677766491333462,0.3787878787878788,0.02868121850074964,7.123025574665228
31,3,random,0.5,1.8430789294263783,0.9553551275867932,8.73965419576294,2.3103337937854587,1.4220585102295817,255625.46152769477,0.7079385615136979,0.20902439984024676,0.46875,0.06005143243247364,7.11069886851034
31,4,random,0.5,1.7850839576216555,0.8265503831455387,8.732893865088599,2.2529682941822347,1.443442157295052,343907.6472483269,0.9509875886711516,0.17114754903458704,0.5208333333333334,0.06989112481842619,7.11069886851034
31,5,random,0.5,1.7722691194430162,0.798468046582909,8.720191467446801,2.2156828914622144,1.4466311253774728,437673.2308160952,1.2066484308770187,0.14460293887090467,0.5918560606060606,0.0815819539782451,7.11069886851034
31,6,random,0.5,1.805296248473141,0.8505477537838287,8.743764406237023,2.2993612659196505,1.4504869990324083,508142.50133371644,1.4087277530675477,0.12229303119153712,0.646551724137931,0.0815819539782451,7.098372162355453
31,7,random,0.5,1.8033443952940553,0.8603406965967682,8.732330461287662,2.231694747548407,1.4429175918227046,577369.8157426263,1.6079505762080404,0.10125592660888813,0.6992009132420092,0.093272783138064,7.098372162355453
31,8,random,0.5,1.805354503625729,0.8648960667397733,8.747067314419548,2.0928669264264843,1.4393787967413239,686117.8216286378,1.8980709897458665,0.08126383700727796,0.7326007326007326,0.11480330468383546,7.098372162355453
31,9,random,0.5,1.8079454669465733,0.8763576316259578,8.747946277518789,1.965526165504225,1.4344083437029957,759067.5620179556,2.1058553926412977,0.07777861171533618,0.7090336134453782,0.1363338262296069,7.098372162355453
31,10,random,0.5,1.8055207955000645,0.8803862103870943,8.73265527621969,1.9645821058842698,1.4314544643329732,839919.7743443662,2.3318154809920424,0.08257919267393803,0.7387706855791962,0.1363338262296069,7.086045456200566
31,11,random,0.5,1.815838435053594,0.9042706801703787,8.728359984235993,1.9659172428529703,1.4269761475992564,925329.9809114276,2.5682589560962845,0.09358586858854637,0.7285645472061657,0.155175352344404,7.073718750045678
31,12,random,0.5,1.794369917552564,0.8739952879388567,8.70496892193987,1.9626114288159002,1.4282406741786897,1001485.392520458,2.783416402797055,0.09722453378801307,0.7317073170731707,0.155175352344404,7.073718750045678
31,13,random,0.5,1.791574030733694,0.8717374991735379,8.701329989262716,1.9628040092856631,1.4273104072163776,1069546.2837549068,2.979956452636288,0.09430385208102218,0.7274449035812672,0.155175352344404,7.073718750045678
31,14,random,0.5,1.7813070903683448,0.8566807370524613,8.692653840084198,1.9633156427193783,1.4278982068073556,1169383.6274280318,3.2495823430844766,0.09226196151927632,0.7317801672640383,0.16686618150422292,7.061392043890791
31,15,random,0.5,1.7757246775036493,0.847785538202086,8.690999993018888,1.9641525954880632,1.4284873773130458,1272913.0025109067,3.527699905775088,0.0888873724048385,0.7634364820846905,0.17670587389017547,7.061392043890791
31,16,random,0.5,1.7712659075025643,0.8421282868433656,8.683534994241683,1.9640631358298193,1.4285836886391987,1356157.1824171331,3.7591615195594086,0.0862337396792639,0.7751937984496124,0.19554740000497256,7.061392043890791
31,17,random,0.5,1.7725670286068145,0.8481582814670414,8.67572609005052,1.9639414031346207,1.4271036404314492,1432601.5382189634,3.974983537903618,0.08892942064976943,0.777885443583118,0.20538709239092512,7.061392043890791
31,18,random,0.5,1.7721673748976154,0.8519090418768448,8.670930981131624,1.964517344660415,1.4248313779009452,1506236.500144778,4.184343950332988,0.08706043084517442,0.7867132867132867,0.21438892611976967,7.049065337735904
31,19,random,0.5,1.7613862196842027,0.8268485550816982,8.665819335776304,1.9639029725578168,1.430398578642021,1568023.1951724556,4.366453348896642,0.08538731251352265,0.8069563662374821,0.21438892611976967,7.049065337735904
31,20,random,0.5,1.7662979534675967,0.8386443330840356,8.66815998969879,1.9636589619574694,1.4273301046421059,1663641.6035578449,4.6263756881830345,0.08066587705730136,0.8267195767195767,0.21438892611976967,7.049065337735904
31,21,random,0.5,1.7583213513824199,0.8259762185771894,8.663162788471091,1.965201625373448,1.4283296658341065,1773321.752347705,4.9186400303997075,0.07869775590275857,0.8367486338797814,0.23406831089167476,7.049065337735904
31,22,random,0.5,1.7501440167965443,0.8108446567147897,8.651773519453787,1.9662193985288823,1.4312891717640042,1845419.8895641274,5.124465745997475,0.07387318983855877,0.8588869960249857,0.23406831089167476,7.049065337735904
31,23,random,0.5,1.7464746425548372,0.8022251586130887,8.653405271451295,1.9663314212231902,1.4329241806537412,1946056.3376990778,5.395929576707856,0.07462986980696032,0.8516872746007212,0.25374769566357985,7.049065337735904
31,24,random,0.5,1.7417286621197658,0.7932078906993527,8.65360320798404,1.968577347274206,1.434354216016836,2041012.0715412896,5.654327764544939,0.0736266482832216,0.8583690987124464,0.2752782172093513,7.049065337735904
31,25,random,0.5,1.7395342970849323,0.7957834041733545,8.640678372566786,1.970489239264261,1.4318966180628556,2108819.7309278683,5.850285381134063,0.07684834420081227,0.8555081033727552,0.2752782172093513,7.049065337735904
31,26,random,0.5,1.7435812555530366,0.8097236601076716,8.63923794786387,1.9707032287836235,1.4275802690553028,2188886.56457693,6.074439098526901,0.07644609293402949,0.8597883597883598,0.29597088009801475,7.049065337735904
31,27,random,0.5,1.74267307317656,0.8083037473099821,8.638246966462619,1.9705476736588936,1.4276050192952008,2270028.410384886,6.301065343885197,0.07512858436806594,0.8748559907834101,0.3049727138268593,7.049065337735904
31,28,random,0.5,1.741665769998323,0.8060115233950883,8.638424755918182,1.9701668648883708,1.4279612896665808,2359808.1043987214,6.547558640117013,0.07231607916191427,0.8800287356321839,0.31481240621281187,7.0367386315810165
31,29,random,0.5,1.7364605325375377,0.7945939819011189,8.636670197036693,1.9715012123652018,1.4299719745631518,2439295.6834766446,6.770380071996231,0.07112830187913556,0.8813296445338699,0.32650323537263076,7.0367386315810165
31,30,random,0.5,1.7339616303734258,0.7873619930754776,8.634296243349095,1.9713983269512783,1.432015278820681,2510562.4463648126,6.974293626639012,0.07156783710683773,0.8861058601134215,0.32650323537263076,7.0367386315810165
37,1,random,0.5,2.231359454820569,1.5226953408738013,8.829096940212915,2.8783370701142252,1.3693064303598115,101367.11473365285,0.2731443638874016,0.42878362487683297,0.20833333333333334,0.018213331280671367,7.315612293074343
37,2,random,0.5,1.999203453057675,1.2240276745503453,8.77711958224133,2.4882599211646568,1.3830472641069198,196341.8754753122,0.5315863135932182,0.27715802739890094,0.3787878787878788,0.02417868467727668,7.315612293074343
37,3,random,0.5,1.8491907146805378,0.9568160073820328,8.755305929045623,2.335792604103844,1.4256407321075808,302933.42536045384,0.8167468783290439,0.25814601742571536,0.44642857142857145,0.039358769543810186,7.301997733235577
37,4,random,0.5,1.8025858572153501,0.8550240059076977,8.764635197319958,2.2810775259228824,1.4415126897276485,408345.0822563969,1.0991936891897132,0.23581102074644206,0.47619047619047616,0.05903815431571528,7.301997733235577
37,5,random,0.5,1.7861651862598293,0.8083982303827336,8.753793218294257,2.2749523299971925,1.4505258699747825,487629.20246137533,1.3215471656611637,0.20696452520873967,0.5425347222222222,0.06803998804455982,7.301997733235577
37,6,random,0.5,1.78323985029618,0.8109518332936998,8.763917901489567,2.140802902470799,1.4463163242738013,570021.6920745429,1.551049891771449,0.2084172255028958,0.5514705882352942,0.08957050959033128,7.301997733235577
37,7,random,0.5,1.803918378688376,0.8489984098704528,8.762112447686599,2.227440226626685,1.4476680338393244,635769.3476391686,1.7422694995700878,0.18049464230849102,0.6301440329218106,0.08957050959033128,7.288383173396811
37,8,random,0.5,1.8370170422755192,0.9001652030122123,8.768911978422755,2.2912243352303236,1.4491083706816825,724223.6209982638,1.9857143282960068,0.1627023626503119,0.6472491909385113,0.09154099949143267,7.288383173396811
37,9,random,0.5,1.815137353847614,0.8803916463713624,8.75856604171417,2.028150637501581,1.4382228991453658,815569.6726752786,2.2358102471531405,0.14737105452517346,0.6859756097560976,0.11110103113610273,7.288383173396811
37,10,random,0.5,1.8420321698005384,0.9399260350285845,8.743650433464909,2.1075265565374997,1.428399524162426,886162.7545430679,2.438174335449056,0.1425367660925552,0.7038288288288288,0.11110103113610273,7.288383173396811
37,11,random,0.5,1.840923097096107,0.9503293428900736,8.725102415430971,2.1299935479984837,1.4222227061790262,977689.0895850412,2.6886849060455944,0.13060140788472252,0.7202380952380952,0.11110103113610273,7.288383173396811
37,12,random,0.5,1.826247361655526,0.9287713716398791,8.722172728891884,2.007936084488311,1.4221441077744048,1071388.270983135,2.9441930232612106,0.12694664743904555,0.7246376811594203,0.12994255725089982,7.288383173396811
37,13,random,0.5,1.814425960394384,0.9131976731175069,8.710404578745843,1.9925722260343612,1.42226691495033,1152610.0696736681,3.171003160249437,0.1236249836582893,0.739670868347339,0.12994255725089982,7.288383173396811
37,14,random,0.5,1.7928933877518478,0.8836155064761616,8.691530028235482,1.9645454301750331,1.4223556599536786,1218935.5789309558,3.3635518315411983,0.1210317756869868,0.7675438596491229,0.14163338641071874,7.274768613558045
37,15,random,0.5,1.7808739873102084,0.8563622331677058,8.687168208833002,1.9631631141292438,1.4286544215543777,1320560.109542877,3.6372882519486156,0.12103975939260989,0.7786544850498339,0.16047491252551582,7.261154053719279
37,16,random,0.5,1.7691849997091982,0.8326712659632959,8.677140065852305,1.9625067709300363,1.4330696766397768,1418919.8907656923,3.903515748761092,0.11323794998283591,0.7960199004975125,0.16047491252551582,7.247539493880513
37,17,random,0.5,1.7667580241623435,0.8306695082197146,8.673534139630291,1.9626013412621257,1.4324100790726613,1513323.7893452565,4.160644715494087,0.10796776185182042,0.7964065255731922,0.16047491252551582,7.233924934041747
37,18,random,0.5,1.7653608922629191,0.8329505152123838,8.666613636331274,1.9631497253886259,1.4306362433867037,1603659.3186774612,4.408416432958154,0.11203495058389765,0.7959905660377359,0.16047491252551582,7.220310374202981
37,19,random,0.5,1.7648696190175825,0.8347720839009539,8.66319487016661,1.963453957488998,1.4294371671177302,1691909.4264434648,4.651391680819957,0.11393427686433019,0.7983899504600142,0.16047491252551582,7.220310374202981
37,20,random,0.5,1.7624757874355896,0.8328560946074784,8.654079011775126,1.963671960558277,1.4292791876730564,1776324.7730551723,4.88554697802688,0.10332982640158486,0.8185985592665357,0.16047491252551582,7.220310374202981
37,21,random,0.5,1.7554946733416423,0.8160504702500587,8.651520450569823,1.963704246076758,1.4330159018171094,1862589.9045182082,5.1239567803918575,0.09774096082523293,0.8188502673796791,0.16047491252551582,7.220310374202981
37,22,random,0.5,1.75165114776323,0.8101868168662828,8.644358881757105,1.9644671514604313,1.433742654627063,1933924.4588548355,5.328026255366096,0.08994367969925769,0.8347130242825607,0.16047491252551582,7.220310374202981
37,23,random,0.5,1.7492839003759661,0.8082680645627397,8.639977714717867,1.9653666341336415,1.4331791128184854,2020171.4251193847,5.566394277774553,0.08968493710400174,0.8349116161616161,0.16047491252551582,7.206695814364215
37,24,random,0.5,1.7476433043396264,0.8106070807998407,8.636485558601683,1.9672114836476493,1.4310175706692905,2081495.5670645277,5.747439804248379,0.08765651634845514,0.8438818565400844,0.18200543407128728,7.206695814364215
37,25,random,0.5,1.7434888282911867,0.8034392472255296,8.632836538535924,1.968086977777083,1.4317441135761986,2165079.253853249,5.979682283862434,0.09082914286688974,0.844412019022914,0.21068665257203692,7.193081254525449
37,26,random,0.5,1.7453716297706272,0.8104666179236669,8.632193069884044,1.96845779011604,1.429310631013165,2234780.9693210614,6.1799962294384,0.08600409601246745,0.8463541666666666,0.21068665257203692,7.193081254525449
37,27,random,0.5,1.7464203362641655,0.8154889360534898,8.629398018090159,1.968896694996305,1.427478320116671,2319256.1475541606,6.4142891393745245,0.08340854546485432,0.8580508474576272,0.21068665257203692,7.193081254525449
37,28,random,0.5,1.7439013075545284,0.8149268823739794,8.625861724752426,1.9705751419184891,1.425756424953324,2392820.1076143156,6.623486247512875,0.08173383463709681,0.8605549701440113,0.22237748173185584,7.193081254525449
37,29,random,0.5,1.740412529607697,0.8097438177307582,8.623582766685006,1.9720512359205473,1.4258649309865936,2486522.612814831,6.879002009474058,0.07989377086904256,0.856345715216683,0.23406831089167476,7.193081254525449
37,30,random,0.5,1.7342576998898651,0.798549487074855,8.619009853126599,1.973732723624904,1.4271372890633343,2575979.746927412,7.124753417932989,0.07468139369657406,0.8688600556070436,0.24390800327762732,7.193081254525449
41,1,random,0.5,2.1120841686608465,1.3732171824297095,8.809529513102595,2.6757337586970626,1.3757995436438708,87006.9257407061,0.24011592920362407,0.40499926545641174,0.20833333333333334,0.022251178295370523,7.149878170285416
41,2,random,0.5,1.9634966371783538,1.1602590001405138,8.784817451829158,2.463283649827456,1.3953216882251664,181375.45074004564,0.497163536702105,0.25846915416567173,0.3472222222222222,0.044502356590741046,7.149878170285416
41,3,random,0.5,1.850073415435319,0.9515839377169273,8.77392627312589,2.298533855840009,1.4280300703057105,285010.0299809439,0.775523068956171,0.23555200571167745,0.44642857142857145,0.044502356590741046,7.149878170285416
41,4,random,0.5,1.7988689735085577,0.8468862510394124,8.745054347835534,2.295497633651789,1.4434493182068031,351440.0701718651,0.9683121613952899,0.17942201479801667,0.5376344086021505,0.057500773853938245,7.13626361044665
41,5,random,0.5,1.7925899043993723,0.824552967542383,8.74492122811097,2.273139178999883,1.4490275811357276,457285.16202780744,1.2517558726639573,0.1615616718225567,0.5918560606060606,0.057500773853938245,7.122649050607884
41,6,random,0.5,1.8066735613486085,0.8545856026122942,8.735624783195142,2.3143754660752793,1.4507416750486257,538071.7145955928,1.4775649435698635,0.1460668936758607,0.646551724137931,0.057500773853938245,7.109034490769118
41,7,random,0.5,1.810043957063411,0.8714379426485882,8.736557261501556,2.246127456710117,1.44243200973134,620052.6183871159,1.7061210222903664,0.128466912303361,0.6992009132420092,0.07373940845363185,7.109034490769118
41,8,random,0.5,1.8122988100454527,0.8798344390500008,8.746379518796804,2.111266689397262,1.4373508539740263,703266.6360778876,1.9375132629791414,0.10790770975235014,0.7490636704119851,0.08074409532113709,7.095419930930352
41,9,random,0.5,1.8217661919267067,0.9086034505632807,8.730735053946356,2.1181386478984847,1.4310614453345663,775172.4349239313,2.1428966003250425,0.0980287974560039,0.7533482142857143,0.08974592904998163,7.095419930930352
41,10,random,0.5,1.8346048326109405,0.9488149293487123,8.714839549875768,2.0839680359799324,1.4186106165052739,846415.7216048839,2.346756159691234,0.09797785322355251,0.7387706855791962,0.08974592904998163,7.095419930930352
41,11,random,0.5,1.8202288412302845,0.9238902751203302,8.711984984596231,2.0108874915136443,1.4213365361675339,950608.3027111777,2.6263990962357098,0.09748578394771065,0.7780349794238683,0.09958562143593418,7.095419930930352
41,12,random,0.5,1.8096112200363754,0.907582040119452,8.70300119401597,1.9921517057490548,1.4226799731295954,1031453.9425488275,2.8523440678623033,0.09406786641649252,0.7936507936507936,0.10858745516477872,7.081805371091586
41,13,random,0.5,1.8028467125965892,0.9030215081813368,8.695472075305801,1.964815977735127,1.4195236477050615,1122912.4925700333,3.102698732911077,0.08937771579514919,0.8226246105919003,0.12027828432459763,7.081805371091586
41,14,random,0.5,1.7871149508031683,0.87465487254434,8.688415326290453,1.9649302990875042,1.423713774713637,1231647.862838153,3.3927900845277517,0.08475129915257017,0.8333333333333334,0.13011797671055017,7.081805371091586
41,15,random,0.5,1.7886288029442632,0.885127445624886,8.681222494874076,1.9657821750109323,1.4193344094409142,1292330.64536459,3.572360484338556,0.08513418053738686,0.8311170212765957,0.13011797671055017,7.081805371091586
41,16,random,0.5,1.7787892372825407,0.8673412735413044,8.677367206506426,1.9666707291859213,1.4221854334012267,1391717.486272223,3.840950218426113,0.08140266441136729,0.8438818565400844,0.15164849825632162,7.081805371091586
41,17,random,0.5,1.77876710052804,0.8697023776272298,8.671383825965359,1.9664616626289613,1.4211498883308578,1469782.7936786674,4.0605004254609325,0.08101751351927852,0.85280925401322,0.16148819064227418,7.081805371091586
41,18,random,0.5,1.7789949060242043,0.8754943065986016,8.668432591957204,1.9677748730409477,1.4180822829890118,1537364.570508414,4.2559385121693465,0.08500732893258521,0.8479899497487438,0.1920205459168902,7.081805371091586
41,19,random,0.5,1.7754144344790999,0.8685494265054459,8.664961345178547,1.9673786312722021,1.4192533775343539,1626000.4273053817,4.499800982802366,0.082906091424385,0.8469406906906907,0.20186023830284275,7.081805371091586
41,20,random,0.5,1.7727639853449069,0.8666883539591552,8.662558963952533,1.9690365288877845,1.4188729216363836,1725570.4541659772,4.768812044581732,0.07887562960185895,0.862663906142167,0.21355106746266167,7.081805371091586
41,21,random,0.5,1.7685103757059237,0.8588452498232524,8.660508939852924,1.9695240546448132,1.420086131326344,1820786.449844692,5.027808834642771,0.07511781915986643,0.8667452830188679,0.23424373035132512,7.081805371091586
41,22,random,0.5,1.7668220177446923,0.8598352866150873,8.653361641444109,1.9705706816752433,1.4186633197090028,1884094.710564841,5.2134178342991095,0.07668945436683886,0.8647798742138365,0.24593455951114404,7.081805371091586
41,23,random,0.5,1.7588152183684453,0.8439641964895639,8.647863034525686,1.972068643300857,1.4214624816962051,1966742.9330693115,5.443508746059387,0.07014727923815353,0.8705239599789363,0.25577425189709657,7.06819081125282
41,24,random,0.5,1.7472355671469821,0.8168432001764246,8.641180082737655,1.973105833206356,1.4276817151159082,2057807.343681275,5.692956890466898,0.06796050716867572,0.8836524300441826,0.25577425189709657,7.054576251414054
41,25,random,0.5,1.7505980401014103,0.827654851697506,8.641083104640847,1.9725623792351878,1.4242254021622123,2138466.2172281374,5.918472299624676,0.06852790986819268,0.891837899543379,0.2647760856259411,7.054576251414054
41,26,random,0.5,1.7485003179587093,0.8236607422184299,8.639919541483835,1.9724823069445117,1.424696516279479,2233047.0474342788,6.176008209098797,0.06718516719522707,0.8924799324038868,0.28361761174073824,7.054576251414054
41,27,random,0.5,1.7481352033902118,0.8248375228524842,8.635387338759044,1.9720446950562127,1.4237610331226382,2297692.58262129,6.3646929400289185,0.06100634535513865,0.9094311377245509,0.28361761174073824,7.054576251414054
41,28,random,0.5,1.7481002838327726,0.8284912833445843,8.63199345860436,1.9728572659129904,1.421878044650792,2370317.356918903,6.571729920913424,0.06056603325274709,0.9064002959674435,0.28361761174073824,7.054576251414054
41,29,random,0.5,1.7490484938692201,0.8286799471475126,8.631914140142896,1.9713915705124507,1.4223358959011358,2443600.2944614105,6.780280677261187,0.05861234596461615,0.9115938258758238,0.2934573041266908,7.054576251414054
41,30,random,0.5,1.7426377698129538,0.8155479886215474,8.631402563689253,1.9732120190116507,1.4246562246380752,2544620.957566929,7.052628202403876,0.058667443308960655,0.9110787172011662,0.31498782567246225,7.054576251414054
43,1,random,0.5,2.2083941810409398,1.4860063040772458,8.845802384161482,2.798112330520843,1.376913767596968,93765.65448705363,0.2556610053202234,0.42331891725404636,0.20833333333333334,0.018841526114797093,7.305937490178558
43,2,random,0.5,1.952168983513913,1.1401947940930754,8.768253034332455,2.573250819368375,1.4022972539259917,180532.55742520172,0.4952248820779641,0.24512338994365246,0.3472222222222222,0.02784335984364164,7.305937490178558
43,3,random,0.5,1.8521502118687274,0.955350376667206,8.76546814922,2.340990773186925,1.4280333229447013,275366.9733790102,0.7533440387717238,0.21453353170498807,0.42613636363636365,0.03953418900346055,7.305937490178558
43,4,random,0.5,1.7967402126667096,0.8511094619709152,8.743893651087276,2.2434583234172547,1.4393375091279668,364058.48218390986,0.997334509022993,0.18946149651565758,0.49019607843137253,0.060226851892124005,7.290193468209751
43,5,random,0.5,1.7786011417525236,0.8097037393652107,8.727210475233507,2.2030274992896652,1.4449094197199464,430625.47602126887,1.190438594848919,0.1463960572971284,0.6200396825396826,0.060226851892124005,7.290193468209751
43,6,random,0.5,1.8045154357399003,0.852892038684708,8.74050185623019,2.289295212818484,1.4487320750646016,524361.7398958029,1.4460320017603467,0.14637404339121074,0.6696428571428571,0.0658188495800254,7.290193468209751
43,7,random,0.5,1.8111752112841746,0.8678240645041619,8.742076259657157,2.269161989946832,1.445941695583156,623817.3227321532,1.7147798422839524,0.12355770177493908,0.7089120370370371,0.07678865784336297,7.290193468209751
43,8,random,0.5,1.8289651210794207,0.9043838404333112,8.731815071620625,2.3043688049767446,1.4428599951141103,698207.2329506385,1.925876635786468,0.12620841912067127,0.7246376811594203,0.08775846610670054,7.290193468209751
43,9,random,0.5,1.8295316432114457,0.9081375134455774,8.73823637212525,2.2617968275760107,1.4394364846512977,805358.2304566036,2.2123239300501876,0.11366754665713749,0.7670454545454546,0.08775846610670054,7.290193468209751
43,10,random,0.5,1.816731197215066,0.8921071226101024,8.722836998064391,2.2494961875713737,1.4385910529047048,892494.6402286121,2.4527376725258065,0.1092750861798524,0.7659313725490197,0.08775846610670054,7.290193468209751
43,11,random,0.5,1.7970654550934688,0.8639795561162756,8.711683152957098,2.154922075814802,1.4372336669902888,983424.2113475158,2.7018756860992847,0.10278609063816495,0.7732617586912065,0.09494721941654956,7.290193468209751
43,12,random,0.5,1.8056098612590508,0.8845807789692943,8.705819223282045,2.2057173781372414,1.4340828252469655,1060204.1150525166,2.918469464620787,0.09231200669944623,0.7936507936507936,0.09874776277882619,7.274449446240944
43,13,random,0.5,1.8005043592555334,0.8771448000547407,8.696409125340661,2.225204192976325,1.4351973250494594,1129972.3323178783,3.1189363643311188,0.0851208369214759,0.8038432267884322,0.10969808263337569,7.274449446240944
43,14,random,0.5,1.7741015958381123,0.8347225011995293,8.69063705940955,1.9606690975754608,1.435007534461721,1237605.5959744302,3.406492870741188,0.08379745476453958,0.8166666666666667,0.1292801180534422,7.274449446240944
43,15,random,0.5,1.7668684687949756,0.8253735463052021,8.687130630909476,1.9616192458081771,1.4341095527655747,1320133.1814100505,3.636306317243115,0.08089054591861844,0.8252640845070423,0.14097094721326112,7.274449446240944
43,16,random,0.5,1.7607513491101503,0.8190457168555662,8.677904743516136,1.9628734082694779,1.4333875255481416,1422941.0750565238,3.912764472630004,0.08568336223818876,0.8205128205128205,0.1598124733280582,7.274449446240944
43,17,random,0.5,1.759240004567459,0.8241569650920471,8.670366151375491,1.964687394247952,1.4302073694947028,1493035.3915656323,4.113981400600951,0.08841457272776733,0.8158310749774165,0.18050513621672165,7.274449446240944
43,18,random,0.5,1.7560369920124288,0.819302644188075,8.665301143952112,1.9653728664909043,1.4308453254289688,1601671.4495991315,4.403844334077995,0.08414653076589605,0.8312807881773399,0.1864867404767387,7.258705424272137
43,19,random,0.5,1.765765685647378,0.8506482733752424,8.661484033286946,1.9666122554444445,1.4209658080672474,1687262.4133184762,4.640703550632484,0.08494275387570982,0.8393787202380952,0.19745654874007626,7.258705424272137
43,20,random,0.5,1.762905641464323,0.8443117389896502,8.659102907683279,1.9663430092907022,1.4225400792352838,1771110.041008795,4.873553094320213,0.08735730921371827,0.8417508417508418,0.20842635700341383,7.258705424272137
43,21,random,0.5,1.7543883096805706,0.8222806957645328,8.657318420063222,1.965906987988455,1.4284632105154327,1853905.8887726315,5.103983544177034,0.08441493689147914,0.8554469273743017,0.20842635700341383,7.24296140230333
43,22,random,0.5,1.7494270322006493,0.813127645755874,8.651691156793136,1.9668001724655249,1.4301066451029891,1953230.981877,5.372431258317078,0.086135708227596,0.8545197740112994,0.23036597353008897,7.24296140230333
43,23,random,0.5,1.75640865546948,0.8346693041515021,8.64967187670388,1.9672126556613512,1.423394760109735,2029772.8534637853,5.588477562966679,0.08274893553427948,0.8719013713080169,0.24133578179342655,7.24296140230333
43,24,random,0.5,1.756398580008192,0.8399074429661759,8.642427618538408,1.9685702898224118,1.42118137395841,2096200.7343650416,5.781261689039564,0.08208662782134904,0.8823529411764706,0.2523055900567641,7.24296140230333
43,25,random,0.5,1.758139746340461,0.8462074255021717,8.640269472708475,1.9687785684459433,1.418844052875866,2158121.525728033,5.96367950917444,0.08077480802536924,0.88818781264211,0.26327539832010166,7.24296140230333
43,26,random,0.5,1.7504395678046691,0.8271693119945626,8.636726053797316,1.9687727886376538,1.4237896378513395,2233763.2164327903,6.177655397795377,0.08335034779997369,0.883521539104977,0.2742452065834392,7.24296140230333
43,27,random,0.5,1.7426870147790954,0.8087536919080395,8.634138535520036,1.9696456757390466,1.4278958248910074,2326238.2506366936,6.430347976464349,0.07752230787651665,0.8965466351829988,0.2742452065834392,7.24296140230333
43,28,random,0.5,1.7412173670350013,0.8100135712437512,8.62872206091009,1.9710329412126935,1.426253051657392,2402237.8952639615,6.645147159107063,0.07600023956773469,0.9013980868285504,0.2742452065834392,7.24296140230333
43,29,random,0.5,1.7373708378141706,0.8004528256547777,8.628719996561315,1.9710939527383848,1.4282946680790762,2507913.880295138,6.928201924678764,0.07514752293335597,0.9022056299347752,0.28521501484677675,7.24296140230333
43,30,random,0.5,1.7337697912821048,0.794210984498351,8.62719220244535,1.9721426016790846,1.4288777218219235,2610122.6792437383,7.203282162260542,0.07522526725274513,0.8937082936129648,0.2961848231101143,7.24296140230333
47,1,random,0.5,2.2220883735951142,1.5180449684981985,8.80947638319558,2.8610435104987477,1.3655277995838402,84181.79774468495,0.2336181348127754,0.4077018833461994,0.20833333333333334,0.013959945334708332,7.727396924741992
47,2,random,0.5,1.9734620993872816,1.1948373299027526,8.745109998992012,2.509819209409518,1.3825874039201904,162279.23774275222,0.4532422468083301,0.23683502097572479,0.3787878787878788,0.022885249872858168,7.727396924741992
47,3,random,0.5,1.8620031633506988,0.9872969670035655,8.743391139209011,2.355467571019625,1.4196531082522543,232147.36437249076,0.6539389380567289,0.19967395369324378,0.46875,0.022885249872858168,7.71808547196227
47,4,random,0.5,1.8220110600561596,0.8991984866488991,8.747813128076338,2.321013065374501,1.4353090945012617,323899.46137271164,0.9049687611572368,0.16971079020244256,0.5952380952380952,0.03432787480928725,7.71808547196227
47,5,random,0.5,1.7885821067574885,0.8239739209039793,8.738457234705994,2.2872620074133385,1.4464936720338397,401801.99247622536,1.1241445826953185,0.14955399949196624,0.6510416666666666,0.03943602511639617,7.71808547196227
47,6,random,0.5,1.788534672486954,0.8222198462748159,8.729696638655959,2.2716356129133164,1.450144082854002,472553.1349972668,1.3268722104937138,0.12149384132635116,0.6944444444444444,0.04746087280714034,7.71808547196227
47,7,random,0.5,1.8093322691496183,0.85894766879575,8.74054233313048,2.3072533755297573,1.450204446540477,559245.1861365235,1.5662639281140043,0.11783084913556788,0.7089120370370371,0.055485720497884514,7.71808547196227
47,8,random,0.5,1.820556827581722,0.888029724817569,8.737267893037593,2.276947268110018,1.443125369855563,639331.8948119766,1.7904633580675462,0.1200297763559431,0.7092198581560284,0.06365272786826183,7.71808547196227
47,9,random,0.5,1.8266843416955716,0.9002963520279175,8.73403546597909,2.289319882544632,1.4423394938723584,704701.0777268095,1.9808124787716617,0.11742075603906892,0.7273706896551724,0.07126238905052708,7.71808547196227
47,10,random,0.5,1.8259966963624428,0.9123457678263407,8.726278836658054,2.238497646275682,1.434262024363804,789718.308881225,2.216352110426817,0.11872592308409513,0.7335680751173709,0.08749345487171338,7.71808547196227
47,11,random,0.5,1.8112608960122751,0.897031780363655,8.71932153269966,2.063509416695604,1.4293164390317816,869564.7054228524,2.4399988224725604,0.12262891905075701,0.7458086785009862,0.10124750128979493,7.715760383707469
47,12,random,0.5,1.7981964986600154,0.8788538612015288,8.702913252275561,2.0601276118787215,1.4300807123979336,942105.1937233682,2.646841945563746,0.12051984698814756,0.7425742574257426,0.10124750128979493,7.715760383707469
47,13,random,0.5,1.78765854158064,0.861183200896422,8.692353345866236,2.0488963357682763,1.4320113180752623,1043135.561808334,2.919211792159167,0.12375095485342716,0.7365760111576011,0.11748613588948853,7.715760383707469
47,14,random,0.5,1.7750756802229317,0.8425770017069452,8.682544172772353,1.9624903437583556,1.4324155451216645,1139187.107622156,3.1801303475309566,0.1250969059103999,0.7451338199513382,0.14747881690726367,7.694229862161698
47,15,random,0.5,1.7750687767929318,0.845874466628169,8.679267255758218,1.9627253826237145,1.4308060153318942,1232433.521509103,3.434597099470935,0.11691949579982244,0.7560483870967742,0.1612328633253452,7.694229862161698
47,16,random,0.5,1.771853032334075,0.8422665548982685,8.675047164635453,1.963350802806908,1.4305214076760724,1324523.9901526514,3.686405177351096,0.10870865650853757,0.7774538386783285,0.1612328633253452,7.6753883360469
47,17,random,0.5,1.7945118626444274,0.8947807093458426,8.677476325494716,1.9646186997754582,1.4184154709617036,1377514.2527279707,3.8482827812743308,0.10330631048465076,0.8006427304964538,0.1612328633253452,7.6753883360469
47,18,random,0.5,1.7812669350979766,0.8695529510108639,8.674389424722097,1.96438520513949,1.4222777410990843,1484479.1629875945,4.134302074871464,0.09981767793538397,0.8074162679425837,0.1612328633253452,7.663697506887082
47,19,random,0.5,1.7793586933817018,0.869160289402173,8.669602461350589,1.9649131307058918,1.4210836700618765,1564022.6073197818,4.35725199683549,0.09854451639156585,0.8121850251979842,0.1612328633253452,7.6535284479740895
47,20,random,0.5,1.775883272676305,0.8656520214027266,8.662163712924064,1.9652693433748467,1.4207029142979486,1640302.6300126568,4.572696049029098,0.10206466744155934,0.8074935400516796,0.1612328633253452,7.643359389061097
47,21,random,0.5,1.7769499563666773,0.8699703633360927,8.659664323573688,1.9656385359323099,1.4192174527566572,1728123.4807978603,4.814684005835062,0.09947921159508966,0.8291967509025271,0.1774714979250388,7.643359389061097
47,22,random,0.5,1.7669796126093793,0.8513358172831501,8.647235140000564,1.9666131037760786,1.4230051579744447,1798070.2834747315,5.015561651991861,0.0958424789034122,0.8305875892366832,0.1774714979250388,7.643359389061097
47,23,random,0.5,1.766460232211731,0.848636277162674,8.650824340746158,1.965601286696442,1.4236040368714311,1902002.0849606297,5.294604795409424,0.09609104318967546,0.8361785533636823,0.1774714979250388,7.643359389061097
47,24,random,0.5,1.7685136022440393,0.856884240367179,8.646228530654454,1.9664411287584844,1.420630323224624,1963768.6742725594,5.476667950826857,0.0937465340827088,0.847457627118644,0.1774714979250388,7.634357555332253
47,25,random,0.5,1.7575129360121833,0.8345550170788125,8.64069197671842,1.9676506952947075,1.425102075350792,2053527.6737466718,5.723113649617313,0.09029964942274527,0.8566337719298246,0.1774714979250388,7.622666726172434
47,26,random,0.5,1.7582143170842892,0.8381664464597881,8.638718246680217,1.9680809596035977,1.4236208037411267,2133689.240969844,5.947485254230606,0.09154649286058932,0.858739837398374,0.1937101325247324,7.622666726172434
47,27,random,0.5,1.7513486329225931,0.8268440527647082,8.62980003921721,1.9702872578485209,1.4254773694529264,2219990.323594301,6.185977744266848,0.0935222338870028,0.8619466515323496,0.1937101325247324,7.612827033786481
47,28,random,0.5,1.7490911409884835,0.8224455863567309,8.628921727389603,1.9706701772318724,1.4261497918999042,2294219.578648973,6.396705030892589,0.09044511304022215,0.8669497523000708,0.19745654874007623,7.612827033786481
47,29,random,0.5,1.748979194908014,0.8216999236250716,8.630612296660944,1.9701931148110017,1.4262870990001673,2389088.2596180215,6.654902997121398,0.09097950797171073,0.8639464168310322,0.22370281354250754,7.602987341400529
47,30,random,0.5,1.743934064059011,0.8133366958678699,8.624079302917464,1.9713285308792596,1.4269478218153284,2462269.328919363,6.863219456514478,0.0917695268322771,0.8600917431192661,0.22370281354250754,7.602987341400529
7,1,resource,0.5,2.2641500193534685,1.5741939233531994,8.796491039120076,2.986120582477496,1.3600267929287224,39614.928355780154,0.13111433521829435,0.4440874777598526,0.20833333333333334,0.0,7.192758769079118
7,2,resource,0.5,1.9808823867624419,1.2252579420235459,8.707430713435592,2.536322628454794,1.3698805865765111,94044.96740828898,0.2963034250390647,0.2586243064890097,0.4166666666666667,0.007303423746407736,7.192758769079118
7,3,resource,0.5,1.8280364552301738,0.9555532620256391,8.689190512608015,2.2056134072294187,1.410383712848159,176300.40728587893,0.5254909367575216,0.17951004846012425,0.625,0.023801516243386743,7.192758769079118
7,4,resource,0.5,1.7810071636132743,0.8570897688744591,8.67025477398441,2.058660962585665,1.4238002156173333,289838.3516270041,0.8266282087421093,0.11214778622095062,0.8333333333333334,0.023801516243386743,7.180432062924231
7,5,resource,0.5,1.7745931237606345,0.8050166025068205,8.696786281395225,2.291198647271009,1.4490547314861482,350925.12421414885,1.0071277856925422,0.10946071706157864,0.7659313725490197,0.023801516243386743,7.180432062924231
7,6,resource,0.5,1.7826726717698114,0.825410414263597,8.68109131663304,2.2965517381141485,1.450572737156999,415409.76021945087,1.195442448504737,0.10194346724138871,0.7211538461538461,0.023801516243386743,7.180432062924231
7,7,resource,0.5,1.7882313081686696,0.8430530680026413,8.708074424265904,2.186061960494327,1.4411850841576206,521184.8297421517,1.4787251084069493,0.10112665345370123,0.7733585858585859,0.0437467274358567,7.168105356769344
7,8,resource,0.5,1.799166664828645,0.8705532156941868,8.704313110944755,2.196633285024616,1.4362294225224623,610697.1201403181,1.724603376322731,0.08834896376057788,0.8130081300813008,0.0557700398571508,7.168105356769344
7,9,resource,0.5,1.8138280716172681,0.9065244011306489,8.69764590476746,2.2237571125200373,1.42917601475802,677615.4067425638,1.9185154355078957,0.09057486392920623,0.78125,0.0557700398571508,7.168105356769344
7,10,resource,0.5,1.824808475325897,0.9334804273077225,8.694280522236674,2.2254146922965705,1.4222519618043579,733022.0499374485,2.0859507148561307,0.08592672852762963,0.7548309178743962,0.0557700398571508,7.168105356769344
7,11,resource,0.5,1.8150505719996322,0.9204804240869247,8.681504935806668,2.2247120004417487,1.4227926244513696,817549.8654360261,2.32036469050286,0.0958527190938389,0.7370857699805068,0.0557700398571508,7.168105356769344
7,12,resource,0.5,1.8200522889781066,0.9291014426976949,8.67955734169076,2.2499520898356904,1.4224207239228452,886251.5597327615,2.5183785873853513,0.09181074042258222,0.7246376811594203,0.0557700398571508,7.168105356769344
7,13,resource,0.5,1.8101346833581637,0.9189792112749812,8.664986090559491,2.230269102348649,1.420291198495563,941504.3534193808,2.685460012864577,0.10198275768952778,0.6958168642951251,0.0557700398571508,7.155778650614456
7,14,resource,0.5,1.8019907887023723,0.9077552594278258,8.656800576408612,2.205114250244679,1.4202214703845921,1001005.6097925367,2.8623129025228353,0.09973003686012025,0.6851230425055929,0.0557700398571508,7.155778650614456
7,15,resource,0.5,1.7877064118202313,0.8832286732270161,8.658679205865468,2.0352361591529924,1.4217725913464807,1101467.4178222218,3.133375060991111,0.09787204914135764,0.718941717791411,0.07373940845363185,7.155778650614456
7,16,resource,0.5,1.7737177170269227,0.8524002149803562,8.651725102055511,2.020932092300948,1.4286036872130528,1197950.0898219044,3.3952852065903807,0.08968878917893156,0.7532956685499058,0.08773856347091485,7.155778650614456
7,17,resource,0.5,1.7634530171312157,0.8424338490733805,8.644297568383369,1.9672414650782053,1.4261023076065704,1280787.302661009,3.625810796120321,0.08734466191663169,0.7507273482959268,0.10143675820980057,7.155778650614456
7,18,resource,0.5,1.7690134027945676,0.8609779352368985,8.641597770963795,1.9680770892612924,1.4197871596758473,1356250.4209397084,3.8393759681613306,0.09513726857905593,0.7385120350109409,0.10143675820980057,7.143451944459569
7,19,resource,0.5,1.7718432173839893,0.8701048412879059,8.636136873141886,1.968630923306444,1.4170182821558415,1413800.5304446178,4.011741220022623,0.09834051764898866,0.7231570512820513,0.10143675820980057,7.143451944459569
7,20,resource,0.5,1.7654686388288676,0.8572575647527426,8.632544173491958,1.9692822718068774,1.4196328622037575,1493987.0680175691,4.236170256440406,0.10085991759719222,0.720876585928489,0.10143675820980057,7.143451944459569
7,21,resource,0.5,1.7693694836272589,0.8654888564667226,8.633391709298081,1.9688055301227132,1.4176956556119644,1565591.7342813371,4.440860988847068,0.10468910906204501,0.7177734375,0.10143675820980057,7.143451944459569
7,22,resource,0.5,1.766541089589325,0.8614153006136122,8.628758645031807,1.9695417544565355,1.4180596332232536,1643574.921939621,4.660222320461118,0.10904582576758343,0.7080992509363296,0.10143675820980057,7.143451944459569
7,23,resource,0.5,1.762429383595703,0.8581593245971803,8.618798789042847,1.9717379799817711,1.4170865870411569,1707255.2867958883,4.846687159630527,0.11469080196416503,0.6984051542036332,0.10143675820980057,7.131125238304682
7,24,resource,0.5,1.7517754560062213,0.8321563859130422,8.618272744997334,1.9714118870039956,1.4233462479816492,1780708.183507198,5.055628822066535,0.11426982052108725,0.7001166861143524,0.11970708708467892,7.131125238304682
7,25,resource,0.5,1.7489913315390946,0.8254635209898357,8.620036440143469,1.9711660739181327,1.4247228526738784,1888906.5547299823,5.344485075878935,0.11431844393445934,0.7130795910916393,0.11970708708467892,7.131125238304682
7,26,resource,0.5,1.7538370465949267,0.8416729942847649,8.616960732862779,1.9718228221350453,1.4192868597738308,1944501.4974407854,5.512353444113777,0.119322213168322,0.6958168642951251,0.11970708708467892,7.131125238304682
7,27,resource,0.5,1.7529952844396968,0.8435131925871243,8.613831761640855,1.973166012662422,1.4175623743790855,2001202.3218614985,5.682765340281414,0.12068751467463053,0.6865958408679927,0.11970708708467892,7.131125238304682
7,28,resource,0.5,1.7530232879819676,0.8468639774953582,8.61096234116544,1.9740815827327383,1.4156613081763216,2074046.0332924863,5.89030587657268,0.1239474828613951,0.6845487566359318,0.11970708708467892,7.131125238304682
7,29,resource,0.5,1.7529348100604454,0.8472380376868672,8.610210069242328,1.9741457326601735,1.415264027585196,2140487.4008783638,6.083121022020196,0.12541785242682407,0.6806850556850557,0.11970708708467892,7.131125238304682
7,30,resource,0.5,1.7510738529605392,0.84738271058767,8.607370804988241,1.9753963350902892,1.4136391310478331,2208107.882280685,6.278648129245531,0.125729510380236,0.6778741865509761,0.14097094721326112,7.131125238304682
11,1,resource,0.5,2.2771502566438677,1.5890715640903221,8.798021051883284,3.004429813325767,1.3601119309939613,37998.924159521164,0.12739752556689865,0.4295940727292691,0.20833333333333334,0.0,7.1037041481467424
11,2,resource,0.5,1.9837390350474902,1.229290338950831,8.707486793598921,2.541249906448162,1.369595555786816,95177.52804509837,0.29890831450372624,0.24877558063825286,0.4166666666666667,0.007303423746407736,7.1037041481467424
11,3,resource,0.5,1.8292589703380568,0.9662241513855442,8.674057746280228,2.2092468566684107,1.4060015200705749,175858.15729696007,0.5244737617830082,0.1662527762110571,0.625,0.022251178295370523,7.1037041481467424
11,4,resource,0.5,1.7824296911769486,0.8449174031492777,8.679607646201104,2.284937300944788,1.433259538769613,268711.34742121503,0.7780360990687947,0.14694452088260695,0.6944444444444444,0.022251178295370523,7.090089588307976
11,5,resource,0.5,1.763541719630208,0.8020485321370483,8.673740037712728,2.2369240752120936,1.4417043749977738,380898.75829514844,1.0760671440788414,0.09331134942242394,0.8400537634408602,0.04037204766056855,7.090089588307976
11,6,resource,0.5,1.7799490785355983,0.8065377717094775,8.701845738106863,2.312787188175406,1.455640590141414,451351.83081769076,1.2781092108806889,0.08519425905921699,0.8152173913043478,0.04037204766056855,7.090089588307976
11,7,resource,0.5,1.7934742132159978,0.8454332057653737,8.698826273035484,2.2885033969889617,1.447376138534734,521454.2536354197,1.4793447833614652,0.07300189492516146,0.7618159203980099,0.04037204766056855,7.07647502846921
11,8,resource,0.5,1.825494066463128,0.9135512134614747,8.703715850509996,2.3086940270482623,1.4370693774675976,604251.2427331168,1.7097778582861685,0.07500135373743708,0.7407407407407407,0.044502356590741046,7.07647502846921
11,9,resource,0.5,1.8427202010967825,0.9420913292715756,8.712594881151315,2.325080991652498,1.4346633447480763,677835.6404777654,1.9190219730988602,0.07223443360743004,0.7601351351351351,0.044502356590741046,7.07647502846921
11,10,resource,0.5,1.8341845975774684,0.929353129895838,8.701435879861958,2.33403898237393,1.4362247423241392,723938.8783711216,2.06505942025358,0.07757322400119697,0.7335680751173709,0.04760303248677349,7.07647502846921
11,11,resource,0.5,1.8241974219357826,0.920422451345042,8.682548451163377,2.3330604743563748,1.434316421254818,811356.2946213481,2.306119477629101,0.07847533750424515,0.7458086785009862,0.0599853620355503,7.07647502846921
11,12,resource,0.5,1.82612767650892,0.9257749894251477,8.685876629351023,2.31606963411184,1.431709230082906,903777.6678423405,2.5586886360373833,0.07555095744816268,0.7653061224489796,0.0658188495800254,7.062860468630444
11,13,resource,0.5,1.8033790926502662,0.8834923476362482,8.666961164994378,2.319289646666351,1.4388131835993416,984419.2381567004,2.7841642477604114,0.08003565761178558,0.762085137085137,0.07140454873016024,7.062860468630444
11,14,resource,0.5,1.7850659534626647,0.8631658585161334,8.663821262528689,2.1896007216174396,1.4320377258689718,1061090.5503611506,3.0005082658306477,0.07967956518774585,0.7675438596491229,0.07140454873016024,7.062860468630444
11,15,resource,0.5,1.7858959581408895,0.8735680757162135,8.651954914004422,2.173764861496733,1.4273503263040022,1120311.6839224016,3.1767168730215256,0.08872072729279812,0.7301401869158879,0.07140454873016024,7.062860468630444
11,16,resource,0.5,1.7775944518877702,0.8598857007556021,8.648043782039128,2.1077636717365564,1.428170605747671,1186443.426733818,3.3688198814877834,0.09238473291772448,0.7130124777183601,0.07140454873016024,7.049245908791678
11,17,resource,0.5,1.779254177039513,0.8668967548633364,8.64186869772987,2.125496354502048,1.4257904060549436,1252384.846401515,3.5604851467234857,0.09319887809027019,0.6984725444702243,0.07140454873016024,7.049245908791678
11,18,resource,0.5,1.7797051295340724,0.8716932365775162,8.639242249061478,2.1011629824313336,1.4231566099379929,1305911.2849421685,3.7235959553669895,0.09367155583719441,0.6944444444444444,0.07140454873016024,7.049245908791678
11,19,resource,0.5,1.7761001964488428,0.8648480043531616,8.635325703134573,2.101313235293246,1.4246171420427665,1385235.8601673772,3.9460424783849692,0.09504939107036636,0.7015702736318408,0.08997804305332545,7.049245908791678
11,20,resource,0.5,1.769925980872599,0.8586353131137068,8.636487686061127,1.9676472456438525,1.4226574899865767,1479030.5531143632,4.201770272163034,0.09282323149838351,0.7309941520467836,0.10059889955269255,7.049245908791678
11,21,resource,0.5,1.7664606503198568,0.8542548078581372,8.632449351317014,1.9683402595682054,1.4224554982667899,1553251.6963493752,4.412478901603556,0.09689425494818563,0.7188967136150235,0.10059889955269255,7.035631348952912
11,22,resource,0.5,1.767611705176514,0.8625437113866079,8.626128721144191,1.969744581667706,1.418632595239978,1610251.2797267751,4.583577943371571,0.10275031262196949,0.6934892251260889,0.10059889955269255,7.035631348952912
11,23,resource,0.5,1.7649031236697892,0.8583054961076583,8.624072414120945,1.9702736639538772,1.4188354533712586,1699399.7771650655,4.828619487479635,0.10385703674545,0.7028592687074829,0.10969808263337567,7.035631348952912
11,24,resource,0.5,1.7625816565788037,0.857223158596744,8.618632178528408,1.9715546617132356,1.4178424572392656,1757184.420023343,5.001524166053669,0.10669356751800971,0.6960556844547564,0.10969808263337567,7.035631348952912
11,25,resource,0.5,1.7580576962784036,0.8495121769700676,8.615066675100374,1.9722225878798336,1.4186930559694764,1831068.5636719181,5.211457696445388,0.10836808234836726,0.696301247771836,0.11098273352618956,7.022016789114146
11,26,resource,0.5,1.7557296986327946,0.8454880777481227,8.613971890497353,1.9723575619173603,1.419063184945409,1917897.8954562268,5.451165159549293,0.1094560725045472,0.7027611443779108,0.11098273352618956,7.022016789114146
11,27,resource,0.5,1.7583444021865309,0.8512216853949007,8.614945031058824,1.9719624567869602,1.4174394738921166,1976031.141498441,5.6248716254463815,0.1095062621037505,0.6998847926267281,0.11098273352618956,7.022016789114146
11,28,resource,0.5,1.7595345866226388,0.8584582093855785,8.61048009689674,1.973430285400464,1.4143119687379428,2032028.5154482115,5.793665585530849,0.1081131299280388,0.6968145620022753,0.12245229795405724,7.022016789114146
11,29,resource,0.5,1.7584666179364032,0.8544050822268272,8.610667947366773,1.973090952177641,1.4155978973546444,2082935.995982832,5.950752790760473,0.10559585424211859,0.688170987169416,0.12245229795405724,7.022016789114146
11,30,resource,0.5,1.7461998372398406,0.8227880753622423,8.610447704087507,1.9723051573591777,1.4238306585180616,2166696.6263101553,6.183402240513312,0.10741643971616277,0.6944444444444444,0.126617242399199,7.00840222927538
19,1,resource,0.5,2.2674227689417568,1.5780771800671254,8.796120593963735,2.991585968476305,1.3600116509854556,39633.946721105276,0.1311580774585421,0.4293663522550203,0.20833333333333334,0.0,7.802522204419332
19,2,resource,0.5,1.9863921693691797,1.2197011708010648,8.7387523168234,2.527584703749027,1.376983287191696,98842.42037795637,0.3073375668692996,0.2519268336623738,0.4166666666666667,0.015634508873009427,7.802522204419332
19,3,resource,0.5,1.8326238858443116,0.9628226241589732,8.690570920205461,2.2279205020059334,1.4097644396883042,183301.04447578214,0.541592402294299,0.18137301711655407,0.625,0.022251178295370523,7.793210751639609
19,4,resource,0.5,1.7847319704407067,0.8638777977882366,8.671687990322576,2.072762521228963,1.4229220529289013,296443.4907408946,0.8418200287040576,0.12033776726156634,0.8333333333333334,0.02999268101777515,7.778508177236955
19,5,resource,0.5,1.7674482597427372,0.8060513279382149,8.68327486357078,2.184068023281345,1.442658545585087,388062.26552911085,1.0925432107169548,0.08292834522563253,0.8979885057471264,0.0329094247900127,7.778508177236955
19,6,resource,0.5,1.7805166920302424,0.8184299740231614,8.697156622800646,2.2656840582749194,1.4497432740679081,454365.11875955964,1.2850397731469871,0.07642788233880775,0.8333333333333334,0.0329094247900127,7.778508177236955
19,7,resource,0.5,1.8093830540270448,0.8875896104339016,8.697770966835947,2.2661669240806024,1.4372469932461267,519806.8227319119,1.4755556922833974,0.07704209769288428,0.7733585858585859,0.0329094247900127,7.778508177236955
19,8,resource,0.5,1.835479457917953,0.9269886842011682,8.713711049376112,2.3198818634355765,1.4371693021707443,607721.1498105635,1.7177586445642958,0.07725869445597675,0.7751937984496124,0.044502356590741046,7.778508177236955
19,9,resource,0.5,1.831653930789914,0.9307733991871592,8.714936113968967,2.2440310703464257,1.4290147970540061,674082.5720384826,1.9103899156885098,0.07843195940408695,0.7740825688073395,0.04760303248677349,7.778508177236955
19,10,resource,0.5,1.8211924552577712,0.9232058953962734,8.6960316389238,2.231818555509317,1.425605666231673,721651.1538964657,2.059797653961871,0.07932209071348731,0.7387706855791962,0.04760303248677349,7.778508177236955
19,11,resource,0.5,1.8222995312627275,0.9284002785250277,8.691406104968149,2.23443725065879,1.4237727843378445,824258.5476386262,2.33579465956884,0.07427465094552771,0.7592871485943775,0.0599853620355503,7.748515496219181
19,12,resource,0.5,1.8191847667893766,0.9205548875176954,8.6892247754441,2.24877746232435,1.4264387821403186,902718.1319338044,2.55625170344775,0.08145216479644196,0.7537688442211056,0.0599853620355503,7.748515496219181
19,13,resource,0.5,1.7936255785775799,0.8731109094855896,8.667591488408117,2.2542759811860558,1.434567030824614,993637.7365988075,2.805366794177257,0.0864566560103075,0.7755139500734214,0.07957155610053755,7.748515496219181
19,14,resource,0.5,1.781358485731037,0.862168945740958,8.662271240269495,2.092781325212807,1.4289589994335496,1056112.6546712457,2.9890591057438654,0.08091595149897532,0.764669163545568,0.07957155610053755,7.748515496219181
19,15,resource,0.5,1.7769229019783688,0.8593329628220958,8.648393582281034,2.079603055379538,1.4279292958456642,1119676.4373317703,3.175255805863072,0.08534645253390538,0.7416930379746836,0.07957155610053755,7.748515496219181
19,16,resource,0.5,1.7761412547604334,0.8613164193442732,8.642967045340468,2.0733264942967806,1.426314759181686,1188210.9733442732,3.37288523869183,0.09097894937353138,0.730593607305936,0.07957155610053755,7.748515496219181
19,17,resource,0.5,1.775758081143456,0.8644210280517363,8.642501369215063,2.0293106119312236,1.4238000510740694,1272129.0905837766,3.6058969083426877,0.097708112993782,0.7236578525641025,0.08775846610670053,7.748515496219181
19,18,resource,0.5,1.772342903777236,0.8593207852533953,8.63738304770827,2.0256133392206803,1.4243288486220969,1348924.2561945678,3.822525789247508,0.10141283330677062,0.7135306553911205,0.08997804305332545,7.718522815201406
19,19,resource,0.5,1.7738299088723617,0.8690303794114418,8.63630795346457,1.9681157031021277,1.4198559271549487,1433150.9095819644,4.056247092038518,0.10215678632727677,0.721769033909149,0.10059889955269256,7.718522815201406
19,20,resource,0.5,1.7830286625728828,0.8818747820665203,8.643679161852264,2.054492235518113,1.4192700241464304,1493352.3358229562,4.234710372392795,0.09538506701161051,0.7233796296296297,0.10059889955269256,7.718522815201406
19,21,resource,0.5,1.7676761795674578,0.8452291705559419,8.637540011488596,2.0560678342398577,1.4285815518528455,1558208.472628812,4.423879487046259,0.09362652776794772,0.7314888535031847,0.1115400797143016,7.718522815201406
19,22,resource,0.5,1.766510187546089,0.8463254095389432,8.63507394230017,2.027852281496576,1.4268154414702947,1649134.3704645482,4.673009052068447,0.09266347884438425,0.7360097323600974,0.1115400797143016,7.718522815201406
19,23,resource,0.5,1.7659578501213804,0.8510203954008481,8.62818074049074,2.0059301749336798,1.4239616555489827,1705182.1883644979,4.841919033238327,0.09881082053330004,0.7175021701388888,0.1115400797143016,7.718522815201406
19,24,resource,0.5,1.7635243914605585,0.8471958794157686,8.626742157731067,1.9873482047403261,1.4241166393816935,1778089.7047960889,5.049606321030981,0.09924652935940212,0.7237635705669482,0.1115400797143016,7.718522815201406
19,25,resource,0.5,1.7608583945829617,0.8473534767682052,8.620128014667594,1.970113377759513,1.4219657624641426,1840225.8287084808,5.232519406029479,0.100636722950456,0.7107441775836972,0.1115400797143016,7.718522815201406
19,26,resource,0.5,1.758528362332861,0.8450610759154585,8.617835095873028,1.9708615183812033,1.4212838812818602,1920285.2031999258,5.456655967359798,0.10432576928106319,0.7084171696847753,0.1115400797143016,7.702284180601713
19,27,resource,0.5,1.7579064399469009,0.8438929961270363,8.616297444267454,1.971044553518865,1.4215097691392213,2000836.9473153865,5.681924978825353,0.10728714538863082,0.7143697083725306,0.11442624936429084,7.702284180601713
19,28,resource,0.5,1.7542958673496332,0.8380529258517658,8.619675815957967,1.9706398212756833,1.4214890307531016,2080254.9493554188,5.904586383517422,0.10343847569083685,0.7278669043374926,0.1316376991600508,7.702284180601713
19,29,resource,0.5,1.7482439706564394,0.8245235730718495,8.618411377694807,1.970859119274724,1.424297442112736,2156296.656653598,6.119482310303229,0.10663895144232248,0.7270055325034578,0.1316376991600508,7.688530134183631
19,30,resource,0.5,1.7486730181933552,0.8306376535760515,8.61367342918747,1.9724356977053177,1.4212557123390086,2219189.884308973,6.304136733910589,0.10990863226100492,0.7161955691367456,0.1316376991600508,7.688530134183631
23,1,resource,0.5,2.23869812579906,1.5464272974756603,8.785250740618485,2.928925053752654,1.3589389599570343,37026.56463216244,0.1251610986539736,0.41830405542531723,0.20833333333333334,0.0,7.741873045426017
23,2,resource,0.5,1.9895697319243735,1.2301505638391421,8.72636183817435,2.5387775856122006,1.3732129026593913,95248.10319988155,0.29907063735972755,0.2474271996202994,0.4166666666666667,0.008024847690744175,7.727759115510389
23,3,resource,0.5,1.8466806456226585,0.9961052117698795,8.68669671533404,2.2609288886422694,1.4030113060108655,184493.3483557496,0.5443347012182241,0.16887066859207722,0.625,0.018841526114797093,7.714005069092307
23,4,resource,0.5,1.7906640626335888,0.870813518709688,8.681688375161848,2.1390968226242255,1.4248073453258263,286778.9843599339,0.8195916640278479,0.11054349401849317,0.7936507936507936,0.031968523613764066,7.714005069092307
23,5,resource,0.5,1.7723975677820745,0.8093070544496902,8.688564411715559,2.282819088683761,1.4449843940808536,356539.1596226,1.0200400671319798,0.09172531250737823,0.7891414141414141,0.0329094247900127,7.714005069092307
23,6,resource,0.5,1.7827825353546836,0.809747137613273,8.723605770954697,2.278414331194676,1.4522882837837219,437779.33036433434,1.2468924598379685,0.07293081713001892,0.8152173913043478,0.03432787480928725,7.714005069092307
23,7,resource,0.5,1.7982104522667957,0.8537844583528843,8.717163920852267,2.251651256269327,1.4442407672215,509777.79918476526,1.4524889381249595,0.07135150405093994,0.7733585858585859,0.03432787480928725,7.697766434492614
23,8,resource,0.5,1.8187862876365488,0.8998352228436105,8.716328823893912,2.253344645648316,1.4364395749294616,571288.5933527682,1.633963764711366,0.08349106937522742,0.7326007326007326,0.03432787480928725,7.697766434492614
23,9,resource,0.5,1.8312456151809373,0.928450379437919,8.71205881503948,2.2646135342043254,1.43094713889499,628370.0193615993,1.8052510445316778,0.08850630005255006,0.703125,0.03432787480928725,7.697766434492614
23,10,resource,0.5,1.8174139214183886,0.9173095845500612,8.691726830478036,2.233055912541348,1.4262353419047398,687410.661207959,1.981044520778305,0.08780474610873537,0.6944444444444444,0.05577003985715081,7.697766434492614
23,11,resource,0.5,1.8010495639627966,0.8923589588770473,8.697895859112569,1.9700148165900744,1.4243941209833373,817148.764901254,2.319442159272883,0.07829211082305418,0.7638888888888888,0.07090440293518456,7.667773753474839
23,12,resource,0.5,1.8026056000299218,0.9050895691164627,8.682387144216767,1.9972191693663495,1.4194038916864007,894406.9094669456,2.537135891773973,0.07876462795294985,0.75,0.07090440293518456,7.667773753474839
23,13,resource,0.5,1.794081845850802,0.889993873501032,8.67451821476628,2.001605436994805,1.4218992034333506,971454.2510861575,2.754344777498161,0.08715143044742642,0.7244513031550068,0.07090440293518456,7.667773753474839
23,14,resource,0.5,1.7969108456057725,0.9010052350694259,8.670519922364491,1.9826679357266235,1.4176225054335367,1028510.9332857911,2.925575146557319,0.09636494680441929,0.7016036655211912,0.07090440293518456,7.667773753474839
23,15,resource,0.5,1.7847237954106485,0.8804789203761404,8.657524046379654,1.9695740071294885,1.4206883585208745,1110405.2349665228,3.153932040423001,0.09449884675114278,0.7145579268292683,0.08012890228864962,7.667773753474839
23,16,resource,0.5,1.7927451658043239,0.8972468967749998,8.6551227239412,2.0505227597820403,1.4174621869883688,1184937.3455695445,3.365355894809952,0.09143270436917296,0.7226738934056007,0.08012890228864962,7.667773753474839
23,17,resource,0.5,1.7801249973878022,0.8727046196015055,8.646340389399171,2.0283472521675727,1.4222262742183722,1251483.698867959,3.5584125073963064,0.09416329926655354,0.7150633412509897,0.08012890228864962,7.667773753474839
23,18,resource,0.5,1.7781355743627814,0.8713469571664256,8.64111565956782,2.020487833662222,1.4217429717635486,1336273.0225394694,3.7934279518407807,0.09652467744995477,0.7105263157894737,0.08997804305332545,7.637781072457065
23,19,resource,0.5,1.7786178036919487,0.8762858887247479,8.63824195630059,1.996461945039811,1.4192267106673533,1414541.8613619572,4.013446281132502,0.10127911459855583,0.7041978776529338,0.08997804305332545,7.637781072457065
23,20,resource,0.5,1.7666786642808694,0.8549454222212816,8.63558503018294,1.968129398491682,1.421697745190656,1494957.8180115975,4.238402981426671,0.09743442528955067,0.7110352673492605,0.10143675820980055,7.637781072457065
23,21,resource,0.5,1.7717332607043608,0.8723328403981415,8.630832845548383,1.9696110999920373,1.4156162634160685,1552523.3691850884,4.410803749125694,0.10404794733464456,0.687687125748503,0.10143675820980055,7.637781072457065
23,22,resource,0.5,1.7660006595316626,0.8602858883038743,8.626751976696688,1.9702926078807936,1.4183532455976768,1620017.5603529788,4.606040388811839,0.10540707992000506,0.6813063063063063,0.10143675820980055,7.637781072457065
23,23,resource,0.5,1.7533661638315272,0.8326850029983538,8.62024616132175,1.9710938309105739,1.4243720039186216,1688854.469471151,4.804365279783631,0.10539727397508913,0.679459515002055,0.1115400797143016,7.637781072457065
23,24,resource,0.5,1.7526146940801928,0.833367112588296,8.61881304750794,1.9712779229877513,1.4232133712640391,1771266.0954750935,5.033912019592694,0.10886823988124901,0.6818181818181818,0.1115400797143016,7.637781072457065
23,25,resource,0.5,1.7544742429542084,0.8423460737551488,8.615675668118657,1.972347917046722,1.419447023754827,1825613.4503370314,5.198910935775146,0.11344913869785297,0.6643282312925171,0.1115400797143016,7.624027026038983
23,26,resource,0.5,1.7577859876263853,0.8450678032768407,8.620237523527303,1.9704020906836974,1.4201474799949216,1908416.8186239135,5.429358682834973,0.11087455041132482,0.6731994901210963,0.1115400797143016,7.624027026038983
23,27,resource,0.5,1.7586296929102896,0.8511719285661544,8.616095044236594,1.9719123756911208,1.4174327684935817,1970530.4290048084,5.612219986711026,0.11669538591199177,0.6591796875,0.12066789089671323,7.624027026038983
23,28,resource,0.5,1.7435264277644669,0.8195788624382311,8.611729013951315,1.973114653204823,1.4233706962157153,2076513.3506681698,5.895980706536752,0.11587963213827593,0.6782945736434108,0.1301179767105502,7.60778839143929
23,29,resource,0.5,1.744742039991191,0.8244212011557144,8.612958329294598,1.9730518290405574,1.421413738622828,2143941.1298676245,6.091064598695494,0.11846553638595836,0.6702690640142821,0.1301179767105502,7.60778839143929
23,30,resource,0.5,1.7450162983792157,0.8289855601952103,8.60874148771916,1.9742368293882955,1.4190537789523117,2205950.639897183,6.273686471763475,0.1206003293548048,0.6616090331686661,0.1301179767105502,7.60778839143929
29,1,resource,0.5,2.27647364018319,1.587765153722757,8.800275452289549,3.0025937687954825,1.360564047884362,41597.507303668775,0.1356742667984382,0.42774417161268685,0.20833333333333334,0.0,7.515870440031564
29,2,resource,0.5,2.0074042610002096,1.258519378371547,8.725200953710608,2.5642010694851054,1.3690652440698614,93629.68403509315,0.2953482732807143,0.2507077429240877,0.4166666666666667,0.007609661182265252,7.515870440031564
29,3,resource,0.5,1.8365385036801958,0.9814220419303574,8.67384165780678,2.2331534697128896,1.4034267212678326,179582.6989641368,0.5330402076175147,0.18921978746086954,0.625,0.022251178295370523,7.515870440031564
29,4,resource,0.5,1.785985759374109,0.8602307093384018,8.683373381510451,2.1156135253083463,1.4266494013594448,289132.2212097139,0.825004108782342,0.13954597904599375,0.7936507936507936,0.031968523613764066,7.502255880192798
29,5,resource,0.5,1.7656998362864,0.7980012628745774,8.702697675377092,2.1099255841929607,1.4436012807388303,398269.618504352,1.1160201225600097,0.08880223763623118,0.8979885057471264,0.0329094247900127,7.502255880192798
29,6,resource,0.5,1.787373242299261,0.8189364393222465,8.72784203494302,2.2818436492701206,1.4523494323281587,451468.8569102219,1.2783783708935104,0.08865537687043243,0.8333333333333334,0.0329094247900127,7.502255880192798
29,7,resource,0.5,1.8097384111541273,0.8713581638704408,8.7205509701709,2.2893581549549236,1.4452785727972728,524578.7190257953,1.4865310537593293,0.09000778652666933,0.7852564102564102,0.0329094247900127,7.488641320354032
29,8,resource,0.5,1.8266114935295183,0.9033233656409845,8.730452283547436,2.2790319812208932,1.4406344630309131,603191.5581948338,1.7073405838481175,0.09386381344427872,0.7662835249042146,0.03816647817905503,7.488641320354032
29,9,resource,0.5,1.8309401653150572,0.9193290353500658,8.718213347166738,2.287519102311139,1.4364385101339119,662215.4078934127,1.8830954381548486,0.09674380782157907,0.7336956521739131,0.044502356590741046,7.488641320354032
29,10,resource,0.5,1.8300005489659485,0.9297429318424512,8.7047312397398,2.2697797133241644,1.4296359269741234,727559.6671328597,2.0733872344055766,0.10095906969411313,0.6991051454138703,0.044502356590741046,7.488641320354032
29,11,resource,0.5,1.8257798317775151,0.9323372680262649,8.705788854012114,2.1472379157459236,1.421995982503364,831517.0557256757,2.3524892281690533,0.09505977892975881,0.7502480158730159,0.061902569206340005,7.488641320354032
29,12,resource,0.5,1.7954337216468224,0.8830592494271026,8.67562354049575,2.161301347961441,1.4282525194705105,911526.4002915139,2.5765107206704814,0.09025404120639792,0.7614213197969543,0.07154670840979338,7.488641320354032
29,13,resource,0.5,1.7906656845233684,0.8792950656773214,8.66381722008692,2.1473478428018984,1.4271160310669044,982542.2452089711,2.779847163980633,0.08886460430918483,0.762085137085137,0.07154670840979338,7.475026760515266
29,14,resource,0.5,1.791401469316822,0.8881262148135995,8.654609728321141,2.13074276417159,1.4227752058743584,1041641.8496679303,2.9557762542362402,0.09108836013136326,0.7344124700239808,0.07154670840979338,7.475026760515266
29,15,resource,0.5,1.7923076411273409,0.8946322372651666,8.654577067591703,2.075671610266841,1.419136963437329,1112276.299749848,3.1582354894246505,0.09729815115759849,0.7301401869158879,0.07154670840979338,7.475026760515266
29,16,resource,0.5,1.7888291201009143,0.8918833175021249,8.646012894303684,2.0606447519346505,1.4184581681203186,1189134.3447269422,3.3750089928719675,0.10344093122232181,0.7111111111111111,0.07678865784336296,7.475026760515266
29,17,resource,0.5,1.7716174291409559,0.8590121580747805,8.642112009280178,1.967382620049949,1.4234159539826483,1269047.7223385703,3.5988097613787122,0.10602762018037867,0.7150633412509897,0.08259523209500347,7.4614122006765
29,18,resource,0.5,1.7658687079872188,0.8489430016189967,8.634849142037297,1.9683957009300745,1.425048194240246,1325625.7882300199,3.7689393129290467,0.11093531947073901,0.7016632016632016,0.08718121728280281,7.4614122006765
29,19,resource,0.5,1.7687735443052477,0.8602300729741976,8.631339062628104,1.9695671114804323,1.4208927364589128,1398686.4562450133,3.976978849363532,0.11589758504644881,0.6912530637254902,0.08718121728280281,7.4614122006765
29,20,resource,0.5,1.768518523837977,0.8618401533547961,8.62660235981074,1.9700389109735092,1.4199756402966741,1474583.0603820928,4.191541038878811,0.11411334595408433,0.6921373200442967,0.08900471318148209,7.4614122006765
29,21,resource,0.5,1.7668422951135978,0.8596152788691388,8.625080360911996,1.9701130419750206,1.4197324975117198,1542375.8900467562,4.387464547107532,0.11705908716685065,0.6960227272727273,0.08900471318148209,7.4477976408377335
29,22,resource,0.5,1.766402480828195,0.8606344811502329,8.62282937750012,1.9706726852649092,1.4187520818872068,1627245.8371621906,4.622665425473026,0.11953861589604162,0.6973259566620562,0.10969808263337566,7.4477976408377335
29,23,resource,0.5,1.7497903235311327,0.825892400516327,8.622761349309348,1.9714915669478745,1.425132326100354,1737426.2608430905,4.916080399939092,0.11358493336392837,0.7288910934744268,0.12296727975557202,7.4477976408377335
29,24,resource,0.5,1.7525115752328502,0.8347747181625816,8.622415543391606,1.9718556698466696,1.4222279561781912,1813282.0557001876,5.130548728110412,0.11572925592116566,0.7228915662650602,0.12296727975557202,7.4477976408377335
29,25,resource,0.5,1.7512295019179025,0.8343316291082971,8.619343284678509,1.9724406700205053,1.4213792192125325,1871757.4878227334,5.305042221992262,0.12192299578698496,0.708424011606819,0.12296727975557202,7.4341830809989675
29,26,resource,0.5,1.7491338336730833,0.8315294657870627,8.617811390119366,1.9728712333686675,1.4212050064371626,1953688.1708294873,5.533482792907792,0.12587097264058159,0.7062855232363758,0.12296727975557202,7.4341830809989675
29,27,resource,0.5,1.750964928864796,0.8402503216503493,8.612907124739385,1.9740355260772993,1.4177907631130775,2009011.4626280714,5.70072636404453,0.12949168736839875,0.6909690627843494,0.12296727975557202,7.4341830809989675
29,28,resource,0.5,1.75601945271303,0.8497113829316277,8.616992132198904,1.973016050071381,1.4160529787902998,2075178.7488234816,5.892911122293969,0.13006314433199484,0.6868516961031679,0.12296727975557202,7.4341830809989675
29,29,resource,0.5,1.752255803587233,0.8434757022108761,8.612973688169756,1.9737747187254628,1.4166437072960782,2149132.8429709296,6.103005538833097,0.13171375722144618,0.6806850556850557,0.13372477048918213,7.4205685211602015
29,30,resource,0.5,1.7493159115570047,0.8401375352604357,8.608856233199258,1.974884592405264,1.4161995905778697,2218140.5695564314,6.301723309979745,0.13501871147246114,0.6798404641044234,0.13372477048918213,7.4205685211602015
31,1,resource,0.5,2.2361521159292104,1.5434674080194117,8.78458999791705,2.9223581565437304,1.3590123415837303,39614.03412903749,0.13111227849678625,0.41616089500931497,0.20833333333333334,0.0,7.123025574665228
31,2,resource,0.5,1.9998384408418617,1.2514983432291884,8.714544596111692,2.5601154942359448,1.3679071252235369,94044.96740828898,0.2963034250390647,0.2512941590891969,0.4166666666666667,0.007303423746407736,7.123025574665228
31,3,resource,0.5,1.843402835640025,1.0015373193265071,8.669804774120502,2.2525008159866386,1.3976748493022655,188593.7965286224,0.5537657320158316,0.17746281738881342,0.625,0.030532355274616,7.123025574665228
31,4,resource,0.5,1.7872175227643716,0.8745843422702421,8.668150243650572,2.0726577237225987,1.4192809935942163,287942.79173092433,0.8222684209811261,0.13094053661646532,0.8333333333333334,0.030532355274616,7.123025574665228
31,5,resource,0.5,1.7692697261602721,0.8044614687818065,8.688431258092008,2.254574446274476,1.444940825169225,362457.9861415166,1.0336533681254885,0.1174425207728836,0.8138020833333334,0.030532355274616,7.123025574665228
31,6,resource,0.5,1.7814143898277668,0.8170704878313405,8.697117936808628,2.2860042763755275,1.4516808649403485,424489.51241874415,1.2163258785631115,0.12803341177652092,0.7653061224489796,0.030532355274616,7.11069886851034
31,7,resource,0.5,1.8073715361684928,0.869149472724377,8.708218000133911,2.310038202367377,1.4460335930399744,508034.7067738357,1.4484798255798221,0.11882868035055001,0.7852564102564102,0.0437467274358567,7.11069886851034
31,8,resource,0.5,1.8291361210569663,0.9171886992688093,8.71180699271233,2.3071222573188734,1.437364754814759,584440.4995177842,1.6642131488909033,0.12163884104019744,0.7575757575757576,0.0437467274358567,7.11069886851034
31,9,resource,0.5,1.834497307618544,0.9302417474865959,8.70723298073117,2.316084432778062,1.43488049294994,651209.2369269849,1.857781244932065,0.1137570648905834,0.78125,0.047603032486773486,7.11069886851034
31,10,resource,0.5,1.8163499897454538,0.9144087352525467,8.70598290206015,2.0935237285791,1.4247222525602339,728537.2566917248,2.0756356903909667,0.10771755819827514,0.7716049382716049,0.07090440293518455,7.11069886851034
31,11,resource,0.5,1.8193770579827218,0.9242050202087138,8.696715146011476,2.157057179040807,1.4225489958444495,820062.9597087599,2.326144807330148,0.10790892524299651,0.7780349794238683,0.07090440293518455,7.098372162355453
31,12,resource,0.5,1.8112987220056591,0.9172966591598108,8.684726456481558,2.1080403644897867,1.4200832885866486,899704.8389553481,2.5493211295973004,0.11294611116395117,0.7614213197969543,0.07090440293518455,7.098372162355453
31,13,resource,0.5,1.8025521210480802,0.9068878985451935,8.670162236756747,2.1008041236770034,1.4199868543809986,969599.6675988805,2.7500792354774255,0.12080508310157587,0.739670868347339,0.07090440293518455,7.098372162355453
31,14,resource,0.5,1.792250073080379,0.8890863379846098,8.661516382109454,2.0652087175031,1.4225059055770608,1025613.4471050795,2.918910928341684,0.1247275880379885,0.7344124700239808,0.07090440293518455,7.098372162355453
31,15,resource,0.5,1.7918478631627757,0.8951092779480231,8.65546325376188,2.0273787795853586,1.4186088496182716,1087972.788091236,3.102337412609844,0.12641217569041413,0.7080815709969789,0.07090440293518455,7.098372162355453
31,16,resource,0.5,1.7881919223941969,0.8847786296622048,8.652583618701717,2.087015254639851,1.4220296493313263,1168734.137672907,3.3280885166476875,0.11798457691874034,0.7326007326007326,0.07090440293518455,7.086045456200566
31,17,resource,0.5,1.7876400862956006,0.886551896927383,8.64545573535169,2.0975898258247265,1.4211226068193603,1232758.501153694,3.5153445526534983,0.11120824069006077,0.720195374800638,0.07678865784336296,7.086045456200566
31,18,resource,0.5,1.7802834277417698,0.8733793929418883,8.64002603160521,2.0727319065424106,1.4228995117640362,1319393.2556563166,3.7546044880095297,0.1126333169855743,0.7336956521739131,0.08997804305332545,7.086045456200566
31,19,resource,0.5,1.7739877084270534,0.8687553351009173,8.638885802711544,1.9682026630886946,1.4198059589094936,1399761.7683728705,3.979452067257604,0.1165457140748088,0.7301779935275081,0.08997804305332545,7.086045456200566
31,20,resource,0.5,1.7732362614057107,0.8711628263316884,8.633318934157545,1.9694469948701445,1.4180724513364698,1473185.4747069094,4.1883265918258905,0.11989109079355761,0.7259001161440186,0.08997804305332545,7.086045456200566
31,21,resource,0.5,1.768556984469038,0.862623072059539,8.629701784207466,1.9699169147511477,1.4193798059139178,1549032.9971849548,4.40277589352539,0.12520253630874356,0.7245662460567823,0.08997804305332545,7.073718750045678
31,22,resource,0.5,1.7672073435923095,0.8628809552571406,8.626414238346522,1.9708897603763886,1.4181245679340215,1598273.9883387012,4.5560301731790025,0.1262653627117025,0.7080992509363296,0.091597065823848,7.073718750045678
31,23,resource,0.5,1.764726979273212,0.8614655339943877,8.620408130309814,1.9722179643147255,1.4171339765238686,1684170.770891636,4.793592773050748,0.12934383321713733,0.7101052405498282,0.10969808263337566,7.073718750045678
31,24,resource,0.5,1.7524811626349694,0.8346070634291851,8.621837763081505,1.9723135769778388,1.422487942419061,1778575.4088954565,5.0507234404595325,0.12479677820244123,0.7343941248470012,0.11914974089656685,7.073718750045678
31,25,resource,0.5,1.7511598513579345,0.8332659368658617,8.621434747325456,1.9727162622168075,1.4220518574240852,1863825.2537218004,5.286798083560118,0.12846278790291846,0.7306864945753835,0.1199707240711006,7.061392043890791
31,26,resource,0.5,1.752914203564198,0.8413003055577994,8.616522308732241,1.973544953893125,1.4189425483727662,1912650.3856491314,5.439095886992975,0.13103889146321673,0.7077051926298158,0.1199707240711006,7.061392043890791
31,27,resource,0.5,1.7546425910033157,0.8485670314042282,8.615206608605158,1.9743059453502567,1.4160533676540252,1991975.2271998203,5.661543022559555,0.1355824733131345,0.7011772853185596,0.1199707240711006,7.061392043890791
31,28,resource,0.5,1.7509708953201637,0.8416518243199912,8.61207014846796,1.9745987792502635,1.4170240873739517,2056266.5714675393,5.849413114375305,0.13350531446127656,0.7046304285303423,0.1199707240711006,7.049065337735904
31,29,resource,0.5,1.755227121322241,0.8468586277931857,8.615884612304006,1.9727960314973214,1.4170989454277934,2128568.59669488,6.055707772398182,0.1323911468360144,0.7036479250334672,0.1199707240711006,7.049065337735904
31,30,resource,0.5,1.753681191125842,0.844292984565913,8.613313528172966,1.9731593387507294,1.4173304256487789,2180309.042420108,6.214710797566201,0.13392415090464005,0.6934171597633136,0.122129421098464,7.049065337735904
37,1,resource,0.5,2.23869812579906,1.5464272974756603,8.785250740618485,2.928925053752654,1.3589389599570343,37026.56463216244,0.1251610986539736,0.41830405542531723,0.20833333333333334,0.0,7.315612293074343
37,2,resource,0.5,1.9908502523087053,1.2353361852490268,8.719664851129538,2.544260445300468,1.3710497757122708,94336.59203398552,0.29697416167816676,0.24527660901648204,0.4166666666666667,0.007609661182265252,7.315612293074343
37,3,resource,0.5,1.8343825518272252,0.979140804107418,8.665866485656945,2.2304384958947314,1.4029566812949452,179582.6989641368,0.5330402076175147,0.18319704454195596,0.625,0.022251178295370523,7.315612293074343
37,4,resource,0.5,1.782587669756138,0.8487918703520656,8.687353965979785,2.138066279885341,1.4302654938810713,286306.72791459627,0.8185054742035716,0.12473908899775507,0.7936507936507936,0.02999268101777515,7.301997733235577
37,5,resource,0.5,1.76463118131099,0.7995446679499694,8.679721748034657,2.2349382454190603,1.4444690770163364,364817.99647641677,1.0390813918957587,0.09862096912759158,0.8400537634408602,0.030532355274616,7.301997733235577
37,6,resource,0.5,1.7812516665494582,0.8219319326217338,8.694686479163265,2.2647224194078395,1.4490968696313435,425965.82020641485,1.219721386474754,0.09400785952876153,0.78125,0.03432787480928725,7.301997733235577
37,7,resource,0.5,1.7977952904146004,0.8652136553172317,8.691504311522426,2.26157289006978,1.4404340157105797,495111.9981770202,1.418757595807146,0.08702953619067325,0.7618159203980099,0.04774519216640663,7.288383173396811
37,8,resource,0.5,1.8123992515342866,0.8898932512412003,8.70354566624704,2.2773364755700927,1.4385334325996373,594169.9543172362,1.6865908949296429,0.08203117819057737,0.7843137254901961,0.04774519216640663,7.288383173396811
37,9,resource,0.5,1.8140651640350518,0.9073391544715081,8.69787389684012,2.2197208506180877,1.428872060714869,675186.5601829239,1.9129290884207246,0.07375646310342696,0.7740825688073395,0.0502117400465211,7.288383173396811
37,10,resource,0.5,1.8264747553625105,0.9322815997595211,8.695493041755382,2.249563284006096,1.4251829000624503,735132.2886898444,2.090804263986642,0.07833297914845835,0.749400479616307,0.0502117400465211,7.288383173396811
37,11,resource,0.5,1.8184827933015806,0.9223556398121934,8.68097692873108,2.259619181842994,1.4256863772673443,815453.5614872054,2.315543191420573,0.07650053420702263,0.7547405189620758,0.0502117400465211,7.288383173396811
37,12,resource,0.5,1.8081447956558498,0.9096723277674783,8.673009444177952,2.2272185580622423,1.4241037294289622,880898.463577158,2.506066466227464,0.08058165966309316,0.7246376811594203,0.0502117400465211,7.288383173396811
37,13,resource,0.5,1.8039944735643372,0.9050654271014463,8.666496735522827,2.2202675374599226,1.4234882487624871,947186.0208856654,2.6985278480370307,0.08557937869187096,0.7244513031550068,0.0502117400465211,7.274768613558045
37,14,resource,0.5,1.795284187741761,0.8926108807416554,8.654803465897624,2.2112708414970155,1.4240058106333018,1026062.5643007339,2.919943897891688,0.08310198846563543,0.7291666666666666,0.07154670840979338,7.274768613558045
37,15,resource,0.5,1.793276512032902,0.8894144498040987,8.648218049769977,2.224560063358981,1.424874176723432,1117066.1627941523,3.1692521744265503,0.07943823293283842,0.7488019169329073,0.07373940845363185,7.274768613558045
37,16,resource,0.5,1.7913362505806834,0.8905643823791562,8.643639003719414,2.184169033704139,1.4223522465766945,1184904.5785751718,3.365280530722895,0.08353404878842143,0.730593607305936,0.07373940845363185,7.274768613558045
37,17,resource,0.5,1.7881236133669969,0.8852609784241179,8.649476091675204,2.1059290861557667,1.4217843159017878,1262815.0125725404,3.584474528916844,0.0847493413151034,0.7396601146601146,0.0799062366640291,7.261154053719279
37,18,resource,0.5,1.7826445210386879,0.8757658993734612,8.643678961750108,2.104575705369449,1.4231440466055745,1318850.4121918287,3.7533559480412073,0.09021796203533089,0.7211538461538461,0.0799062366640291,7.261154053719279
37,19,resource,0.5,1.7816265026393687,0.8781011410984908,8.636795185182503,2.091426191814812,1.421324337110879,1400129.8004899723,3.9802985411269383,0.09205005796609153,0.7162698412698413,0.08900471318148209,7.261154053719279
37,20,resource,0.5,1.7848612583944146,0.885430837308401,8.635420858484109,2.120526309135302,1.419638717145219,1465205.2449442674,4.169972063371813,0.09289070033333863,0.7098239636570131,0.08900471318148209,7.261154053719279
37,21,resource,0.5,1.7704053447833912,0.8562902160454356,8.62999714092899,2.0688643698787113,1.4249422954769309,1540343.5486470577,4.3827901618882255,0.09522871943848182,0.7122093023255814,0.08900471318148209,7.247539493880513
37,22,resource,0.5,1.7656984482768572,0.8515327754894755,8.631679684142155,1.9678046830935216,1.4230620763233837,1612659.2347942912,4.589116240026858,0.09687522053509898,0.7161458333333334,0.10059889955269255,7.247539493880513
37,23,resource,0.5,1.7550874157584255,0.8284163157040225,8.62630848043698,1.9683831993711773,1.4279395559842192,1673765.823483799,4.769661394012721,0.09945540891947446,0.7110215053763441,0.10281572615581222,7.247539493880513
37,24,resource,0.5,1.7555473611548957,0.8345593524142131,8.621449671008364,1.9697912196482055,1.4249592881362645,1742015.7613505377,4.966636251106217,0.09842727719085612,0.7050528789659224,0.10298362442786176,7.247539493880513
37,25,resource,0.5,1.7534946259282704,0.8318403093053731,8.6198540667701,1.9701305375325926,1.4247370055990307,1839865.2046501383,5.231689970695295,0.09799397765259836,0.7130795910916393,0.11748613588948854,7.233924934041747
37,26,resource,0.5,1.746164681724153,0.8166053056659173,8.615882137422055,1.9712139278589,1.4276413908632164,1939776.7559758774,5.501486538744491,0.09809204995938323,0.7192713653387811,0.11900758121693372,7.233924934041747
37,27,resource,0.5,1.744335293155251,0.8221238667691197,8.6149336088696,1.973425177427019,1.422680488603797,2020218.2375673023,5.726501946404763,0.10039396906975442,0.7177457466918714,0.1409709472132611,7.233924934041747
37,28,resource,0.5,1.747838193904216,0.833734333272772,8.613091754986055,1.9738148360917316,1.4188975490887166,2077085.4925552998,5.897296632877152,0.10189612934752448,0.7058484586574474,0.1409709472132611,7.233924934041747
37,29,resource,0.5,1.7471310330886858,0.8348333936342458,8.610524844175089,1.9743192553143585,1.4176232056780533,2137335.2123458227,6.075870988395351,0.10500592553586785,0.6991553604682096,0.1409709472132611,7.233924934041747
37,30,resource,0.5,1.7374452436579897,0.8088141386128535,8.611584487813452,1.9741441985486803,1.4242730585994203,2235105.0387987522,6.340741589237085,0.10334928870052931,0.714013709063214,0.1409709472132611,7.220310374202981
41,1,resource,0.5,2.2396748871999206,1.5471896026953689,8.78714048859749,2.930153261263182,1.3591827584321747,37549.919683357075,0.12636481527172128,0.4179047528323236,0.20833333333333334,0.0,7.149878170285416
41,2,resource,0.5,1.9903169187381409,1.2344467427327916,8.72016444586738,2.5434863064228845,1.371214096627362,94336.59203398552,0.29697416167816676,0.24545331890203143,0.4166666666666667,0.007609661182265252,7.149878170285416
41,3,resource,0.5,1.827567756977227,0.9631896144937638,8.670456090978092,2.207163110008072,1.406200149688512,177535.13577445832,0.5283308122812543,0.18643805193287855,0.625,0.022251178295370523,7.149878170285416
41,4,resource,0.5,1.7842032393929002,0.8626802094915577,8.67476608030282,2.0627574007947787,1.4235170273161104,290860.66862813715,0.8289795378447156,0.12692920295743537,0.8333333333333334,0.0329094247900127,7.13626361044665
41,5,resource,0.5,1.7669307473652784,0.8026589907432478,8.683762413191664,2.243230262145257,1.4443212667196947,378958.6533122092,1.0716049026180814,0.09286795735747996,0.8680555555555556,0.0329094247900127,7.13626361044665
41,6,resource,0.5,1.777286239476535,0.8136038359613269,8.698743895611317,2.245945815837826,1.44914902601892,430878.82313755504,1.2310212932163764,0.08990781036401878,0.7978723404255319,0.0329094247900127,7.13626361044665
41,7,resource,0.5,1.8016370732051772,0.879246440126254,8.690031630680583,2.24002222207593,1.4356623245653983,487789.31601428153,1.4019154268328475,0.08780803796004172,0.7397342995169082,0.03999337130450824,7.13626361044665
41,8,resource,0.5,1.8241667778066035,0.9108802002257835,8.70950521007414,2.2869792260305486,1.4363015959420764,597124.6861352479,1.6933867781110699,0.08626648132371646,0.7751937984496124,0.03999337130450824,7.122649050607884
41,9,resource,0.5,1.8348713368632488,0.9358797530447435,8.701613590859301,2.310909872889756,1.431993237294542,648317.4967825459,1.8511302425998553,0.09006107294877413,0.7273706896551724,0.03999337130450824,7.122649050607884
41,10,resource,0.5,1.8074454585178792,0.9001722538719467,8.68921753220742,2.1931876726000987,1.4278475855754178,731373.3814281491,2.082158777284743,0.08874267602739194,0.7233796296296297,0.0502117400465211,7.122649050607884
41,11,resource,0.5,1.8099784409023836,0.9049698067192098,8.688096581614978,2.220121613120344,1.427464663966465,830979.7330195674,2.3512533859450047,0.08014739374876491,0.7458086785009862,0.05618522636562973,7.122649050607884
41,12,resource,0.5,1.7959102043247268,0.8797954647507763,8.673953597493211,2.2249071142644254,1.4314846633322733,904047.4466674104,2.559309127335044,0.085250583719755,0.7352941176470589,0.05618522636562973,7.109034490769118
41,13,resource,0.5,1.7981813696365725,0.8925426289744652,8.669780224284645,2.1799026671162482,1.4254639206977064,976185.6916123413,2.765227090708385,0.0919769626146621,0.7127192982456141,0.05618522636562973,7.109034490769118
41,14,resource,0.5,1.8016019289205132,0.9021476333061609,8.66307364040044,2.2179217959188775,1.4232543239785624,1045663.3828259906,2.9650257804997784,0.09226298826019039,0.7016036655211912,0.0599853620355503,7.109034490769118
41,15,resource,0.5,1.7934541708410752,0.8916710169623465,8.648819471184492,2.2093188421650813,1.4232387340837163,1099890.4330573583,3.129747996031925,0.10056306351645974,0.6813226744186046,0.06379488754789499,7.109034490769118
41,16,resource,0.5,1.7826435701096626,0.8744924375209276,8.643431656112835,2.116692268509019,1.4240352397605163,1169979.1953936552,3.330952149405408,0.10656612955847244,0.6717044500419815,0.06379488754789499,7.095419930930352
41,17,resource,0.5,1.7929976621234485,0.8970973643927913,8.644366029746928,2.1588665641312965,1.4191103865220387,1228784.1109323443,3.5062034551443935,0.11226671540334525,0.6704714179658501,0.06689516954515028,7.095419930930352
41,18,resource,0.5,1.7655958369098403,0.8448326210174381,8.639372708214768,1.9677224278027947,1.4270097861912028,1350481.177232671,3.826106707635145,0.10715341951442084,0.7045929018789144,0.08773856347091488,7.095419930930352
41,19,resource,0.5,1.7657356636766701,0.8494666641181947,8.635302898267419,1.9685352370875195,1.4247154571828997,1437689.0469578877,4.066684808003141,0.10721933338535142,0.7041978776529338,0.08997804305332545,7.095419930930352
41,20,resource,0.5,1.7652968381511627,0.8520920629226071,8.631923814472744,1.9692136873258488,1.4228165272009865,1504642.891299992,4.260678649989975,0.11181887021826548,0.6898454746136865,0.08997804305332545,7.081805371091586
41,21,resource,0.5,1.7637745551135318,0.8490413796392057,8.63316604383392,1.9687649667990557,1.4230009694540726,1587096.9293579406,4.490322937523253,0.11561652860596754,0.6856343283582089,0.09154099949143267,7.081805371091586
41,22,resource,0.5,1.7603593476482067,0.8428318716353516,8.630572111731649,1.9692779362656456,1.423858286510988,1663188.2205164104,4.705332907187731,0.11543571085577604,0.6896944824441404,0.1002011196586867,7.081805371091586
41,23,resource,0.5,1.7586977622421172,0.8452590424601331,8.622389337090958,1.9710712281048213,1.4214069621075955,1720878.4901817925,4.878020527418105,0.11550411776700656,0.6786227422003284,0.1002011196586867,7.081805371091586
41,24,resource,0.5,1.7574438434506647,0.8480061012462585,8.616379052495398,1.9729635270625698,1.4189939800695808,1774560.0803717084,5.041488184854908,0.12026996079281382,0.6703910614525139,0.1002011196586867,7.06819081125282
41,25,resource,0.5,1.75939540075255,0.851801754813264,8.617950819941473,1.9724146377703307,1.418012180553007,1847382.81515636,5.2489804748596,0.12222108696708232,0.6691075710859884,0.1002011196586867,7.06819081125282
41,26,resource,0.5,1.7494271201856793,0.8250702606026297,8.617870715806573,1.9715595230824883,1.4252661834578106,1947586.693843461,5.519449395839929,0.12383809745219738,0.6890084801043705,0.11970708708467895,7.06819081125282
41,27,resource,0.5,1.7488823371366917,0.8309830723343915,8.616563388045105,1.9729912931195057,1.4213030663723334,2016443.0590176762,5.717819035740619,0.12363695498379529,0.6853564981949458,0.12928011805344222,7.06819081125282
41,28,resource,0.5,1.748890416095959,0.8326542462888153,8.61538180538773,1.9734644005025437,1.4202909090518405,2084944.698164872,5.915372805779166,0.12530105644402253,0.6799888981404385,0.12928011805344222,7.06819081125282
41,29,resource,0.5,1.749286184694936,0.836960350307818,8.611518937482709,1.9743592246844461,1.418187388452171,2156906.521170269,6.120884998691574,0.12761334126460067,0.6764800514800515,0.13372477048918213,7.06819081125282
41,30,resource,0.5,1.7501992969379652,0.835868663279967,8.614961554842044,1.9728543873101945,1.419314910816208,2236356.546718566,6.343620057452654,0.13008917570633258,0.6754322766570605,0.13372477048918213,7.054576251414054
43,1,resource,0.5,2.23869812579906,1.5464272974756603,8.785250740618485,2.928925053752654,1.3589389599570343,37026.56463216244,0.1251610986539736,0.41830405542531723,0.20833333333333334,0.0,7.305937490178558
43,2,resource,0.5,1.9725721890809944,1.2074183182450344,8.721022537872091,2.510613156780554,1.3741332245063929,98147.56215607603,0.3057393929589749,0.23192599525690016,0.4166666666666667,0.008167007370377318,7.305937490178558
43,3,resource,0.5,1.8307623115705167,0.9690451886436301,8.678550823238758,2.2074435695677517,1.4058239311219334,177480.14689620736,0.5282043378612771,0.1588973349650242,0.625,0.018841526114797093,7.290193468209751
43,4,resource,0.5,1.7896794987406281,0.8702282805463007,8.682529158707993,2.1262961491213246,1.4247887780544413,285380.0751176253,0.8163741727705383,0.10972888820290766,0.7936507936507936,0.03196852361376406,7.290193468209751
43,5,resource,0.5,1.7701242495906417,0.8007530646054333,8.696235086652178,2.2636578301492487,1.4471102890542697,373493.3464921238,1.059034696931885,0.07320964552519041,0.8400537634408602,0.0329094247900127,7.290193468209751
43,6,resource,0.5,1.7751194542954747,0.8080955047855374,8.703056064961853,2.237325157385727,1.4494870868972733,429619.46614707645,1.2281247721382758,0.0774627144187244,0.78125,0.0329094247900127,7.290193468209751
43,7,resource,0.5,1.7992395512091446,0.8584829798595267,8.712579101198127,2.2531050150652736,1.4432749827811193,507954.1240803595,1.4482944853848267,0.06966218604649949,0.7852564102564102,0.03330595011353643,7.274449446240944
43,8,resource,0.5,1.8165048178730892,0.8937204829377985,8.720681483615495,2.2436426999365313,1.4375101348099883,578435.0227269102,1.650400552271893,0.0837453487338713,0.7662835249042146,0.03330595011353643,7.274449446240944
43,9,resource,0.5,1.8321606228187624,0.9267604234633977,8.719671401355154,2.2560243421782475,1.4319619575720162,642803.3984269312,1.8384478163819418,0.086138195963541,0.7401315789473685,0.045770499745716335,7.274449446240944
43,10,resource,0.5,1.804043014936113,0.8888204341291286,8.708302322434436,2.031842873529308,1.4285601513138821,734137.4977887976,2.0885162449142345,0.08421656951424597,0.7832080200501254,0.07090440293518456,7.274449446240944
43,11,resource,0.5,1.8086273855360153,0.8998441807480961,8.705521455578833,2.0620227709931025,1.426426920486133,851316.2264067779,2.3980273207355887,0.08208758038090114,0.8184523809523809,0.07090440293518456,7.274449446240944
43,12,resource,0.5,1.7960557846757856,0.8856527482026187,8.686389212901211,2.0399586727778316,1.425554186098842,913045.9809533218,2.58000575619264,0.08927720134343181,0.7731958762886598,0.07090440293518456,7.258705424272137
43,13,resource,0.5,1.79819907025252,0.8981688762650871,8.6746239300452,2.0491898174908285,1.4205222116867564,973925.6062913812,2.760028894470177,0.09521266641049445,0.749113475177305,0.07090440293518456,7.258705424272137
43,14,resource,0.5,1.7908651453766846,0.8852367130985139,8.667309772468231,2.048572647199473,1.4226116974009344,1043174.0057062531,2.959300213124383,0.10239524767484923,0.7397342995169082,0.07090440293518456,7.258705424272137
43,15,resource,0.5,1.7910614937951979,0.8910754075274507,8.66074515298385,2.031020008321611,1.419647123528147,1111074.7624352395,3.155471953601052,0.09838454123347445,0.7393533123028391,0.07090440293518456,7.258705424272137
43,16,resource,0.5,1.7897843045331074,0.8900040534364285,8.656635384591786,2.041346481815734,1.4195243168903366,1185623.899995036,3.366934969988583,0.09929565918798061,0.7285974499089253,0.07090440293518456,7.24296140230333
43,17,resource,0.5,1.7824655202793227,0.8733346842723928,8.652637216588763,2.060756065268759,1.4235608480070994,1253143.915512803,3.5622310056794473,0.10163335942063659,0.7324614760746148,0.07957155610053754,7.24296140230333
43,18,resource,0.5,1.7785156195986098,0.8657077966776425,8.64598201703691,2.083933909503458,1.425305234583897,1348283.1215539353,3.8210511795740514,0.10046466567631229,0.7516703786191536,0.08997804305332545,7.24296140230333
43,19,resource,0.5,1.7835772306634388,0.87553185471211,8.650077872221784,2.1078985837975592,1.4233252984340603,1409937.6279483498,4.002856544281205,0.10426533681039016,0.740239501312336,0.08997804305332545,7.24296140230333
43,20,resource,0.5,1.76831373001231,0.8493582082570967,8.649214609086162,1.965273810227882,1.425109352323899,1493862.7390588017,4.2358842998352415,0.10837433231954546,0.7453786523553966,0.10143675820980055,7.24296140230333
43,21,resource,0.5,1.7636451231784873,0.8393881907673235,8.64205361033732,1.9657506430183636,1.4276285612425705,1571225.215628786,4.453817995946201,0.10924933026322775,0.7457386363636364,0.10351523202355742,7.227217380334523
43,22,resource,0.5,1.7627472896397596,0.8447064924960169,8.632448614853365,1.9678091328724086,1.4244004642709152,1613744.4845015586,4.591612314353573,0.11397726739774289,0.7181861348528015,0.10351523202355742,7.227217380334523
43,23,resource,0.5,1.7649507895390248,0.8546242181294117,8.629530947776106,1.9687805449414475,1.4203208334527069,1696594.2918695142,4.822166871299868,0.1161033046565961,0.7241020586946999,0.10351523202355742,7.227217380334523
43,24,resource,0.5,1.7547301841649467,0.8321413500215231,8.62414505959534,1.969031484838378,1.4252472642031522,1780129.5016896029,5.054297853886066,0.11961760002892997,0.7228915662650602,0.10351523202355742,7.227217380334523
43,25,resource,0.5,1.7549229868863108,0.8365477500645209,8.620806006651975,1.9700776934913578,1.4228589778399947,1838356.2482352478,5.228219370941044,0.12291894404729728,0.7107441775836972,0.10351523202355742,7.227217380334523
43,26,resource,0.5,1.7529066114315075,0.8307221043578077,8.62216353783045,1.9693246787242673,1.4242238019886235,1917848.9057577427,5.451052483242778,0.12566841986298613,0.7163445235673109,0.1199707240711006,7.227217380334523
43,27,resource,0.5,1.7444867476855836,0.8109885779086011,8.620385124095938,1.9695818827063982,1.4286058239787267,1994631.6932680795,5.667652894516548,0.1240468027250225,0.7273706896551724,0.13548375563732148,7.2114733583657165
43,28,resource,0.5,1.7442005302491594,0.8144793111196983,8.616665682755043,1.9709045465568946,1.4265564296733257,2066953.0730548454,5.873992068026106,0.12353496584188267,0.717003219198127,0.13548375563732148,7.2114733583657165
43,29,resource,0.5,1.7413897744833677,0.8100266893154046,8.614445029339187,1.9714788017309521,1.426708625412626,2138787.491294154,6.079211229976512,0.12591237968641456,0.7157203159041394,0.13548375563732148,7.2114733583657165
43,30,resource,0.5,1.7440895407901638,0.8194851777150539,8.611772240679919,1.972054233210759,1.423563291445809,2204913.977567687,6.271302148405633,0.12922591046327045,0.7096896290688872,0.13548375563732148,7.1957293363969095
47,1,resource,0.5,2.216237141185868,1.5210881041135913,8.77839489676516,2.8767283725187687,1.3584689169493454,39326.145805537846,0.13045013535273706,0.42273123152037645,0.20833333333333334,0.0,7.727396924741992
47,2,resource,0.5,2.0061642710285903,1.2566508927432103,8.725503752892255,2.562436775260389,1.369330173485318,93629.68403509315,0.2953482732807143,0.24752638256886805,0.4166666666666667,0.007609661182265252,7.727396924741992
47,3,resource,0.5,1.836024257361954,0.9804209453632738,8.67368584816866,2.230852175176999,1.4036159416681366,176783.46416106724,0.5266019675704549,0.19013856634480603,0.625,0.018841526114797093,7.71808547196227
47,4,resource,0.5,1.7903417137863447,0.871288374407234,8.686265306615763,2.0787639968403795,1.4242323805676858,294175.24471696507,0.8366030628490198,0.12748847186169138,0.8333333333333334,0.031968523613764066,7.71808547196227
47,5,resource,0.5,1.7676874983689619,0.8036018480284212,8.686807872367272,2.2307624961125176,1.4439758189909053,379695.3114597808,1.073299216357496,0.09233923417055756,0.8680555555555556,0.0329094247900127,7.71808547196227
47,6,resource,0.5,1.7777926538881794,0.8133724281866523,8.711503305744499,2.221384280040438,1.447692896574429,449040.6880333873,1.2727935824767909,0.07599660693811655,0.8333333333333334,0.03432787480928725,7.71808547196227
47,7,resource,0.5,1.8092263022508768,0.8776025489264822,8.713876796833047,2.266865012458359,1.4413515714528906,508968.1830102347,1.4506268209235398,0.07671014869433837,0.7975260416666666,0.03432787480928725,7.71808547196227
47,8,resource,0.5,1.830759296215688,0.9125148463749185,8.72391764912209,2.30352158974303,1.440297955880518,597393.5008079525,1.6940050518582903,0.07786342951394393,0.8032128514056225,0.03816647817905503,7.71808547196227
47,9,resource,0.5,1.8210999621069264,0.9032623221296375,8.7074884281653,2.2986827950166995,1.4387473696029343,650547.1775401412,1.8562585083423242,0.08156441929453387,0.7601351351351351,0.04760303248677349,7.71808547196227
47,10,resource,0.5,1.7989480664980675,0.8774125063383318,8.707124769011093,2.051084206609182,1.4310811301811095,724297.6235906621,2.065884534258523,0.07774624251782289,0.7440476190476191,0.061064710549232,7.708774019182547
47,11,resource,0.5,1.8021557334380796,0.8908939261262755,8.698430510722634,2.052629470683523,1.426753832718775,822867.0593491492,2.3325942365030423,0.0769226773221174,0.7547405189620758,0.061064710549232,7.708774019182547
47,12,resource,0.5,1.8023186315065454,0.8945888970140771,8.691706430639197,2.0822453544413224,1.425410706859553,901180.7757278407,2.5527157841740324,0.07758229334361429,0.7575757575757576,0.061064710549232,7.708774019182547
47,13,resource,0.5,1.7858341666511848,0.8687136728250414,8.668570361851408,2.1003599016667334,1.4286084761887594,971006.8593024706,2.7533157763956817,0.07649757331419021,0.7653985507246377,0.07957155610053755,7.708774019182547
47,14,resource,0.5,1.7946058103875349,0.8888906741774244,8.669547785048774,2.121188047959804,1.424023186566402,1068205.6769827867,3.0168730570604088,0.0803557314308051,0.7822477650063857,0.07957155610053755,7.708774019182547
47,15,resource,0.5,1.7862255631631667,0.8766176883540815,8.65491739624053,2.117160752777061,1.4252169581308378,1121213.8870355044,3.17879194018166,0.08844388342947404,0.7464171974522293,0.07957155610053755,7.708774019182547
47,16,resource,0.5,1.7831091867290452,0.874578512600726,8.651882795464685,2.067328676991965,1.4236102686911463,1206129.9193093167,3.414098814411428,0.09464753295353118,0.7490636704119851,0.07957155610053755,7.708774019182547
47,17,resource,0.5,1.78570387834436,0.8856592982394941,8.645211050801102,2.0595594421466563,1.4195657763085376,1270396.5382900627,3.6019120380671437,0.09623343167231835,0.7396601146601146,0.0799062366640291,7.699462566402825
47,18,resource,0.5,1.779191534106823,0.873885365211331,8.639338360743832,2.0382319068778436,1.421449847628707,1333167.1857121428,3.786284527137929,0.103694450481224,0.715042372881356,0.0799062366640291,7.699462566402825
47,19,resource,0.5,1.7778302560582726,0.8695870173218637,8.641384923846365,2.047503185563578,1.422679810999466,1407091.4368973295,3.996310304863858,0.10502876406373468,0.7301779935275081,0.08997804305332545,7.699462566402825
47,20,resource,0.5,1.7747202222900291,0.8665492221580137,8.636536595958543,2.020600319334581,1.422081629555625,1488084.6857619858,4.222594777252563,0.10925672721203547,0.7246376811594203,0.09154099949143267,7.699462566402825
47,21,resource,0.5,1.7628430452534016,0.8363150479193747,8.634993329107152,2.020992434333088,1.4299545145733643,1582477.948744596,4.47969928211256,0.1092779773872748,0.7457386363636364,0.1115400797143016,7.699462566402825
47,22,resource,0.5,1.756436186298375,0.832797321402495,8.63379638579841,1.9687543018443048,1.4262330708240425,1671622.5513998265,4.724731868219586,0.11073423099768173,0.7491332342743933,0.12027828432459765,7.677393419888156
47,23,resource,0.5,1.7552653401659095,0.8358217747218198,8.627872190946645,1.9702147520840674,1.4239429746997754,1737396.8523109155,4.916012760315087,0.11394797281688623,0.7308244916003537,0.12027828432459765,7.677393419888156
47,24,resource,0.5,1.754604724517456,0.8367043381899667,8.626148058471273,1.9707603615621798,1.4228644525242413,1818354.0824021066,5.142214389524822,0.11536841025708178,0.7343941248470012,0.12027828432459765,7.677393419888156
47,25,resource,0.5,1.7559641117273694,0.844349375844703,8.621147983466308,1.9718509823989963,1.4196413162429455,1877301.1719769575,5.317792695546976,0.1207792107604865,0.7193830570902394,0.12027828432459765,7.677393419888156
47,26,resource,0.5,1.7552102716068785,0.8455822230035627,8.617250329105847,1.9727374701800091,1.418381609768552,1942865.634751037,5.508590959927354,0.1221973365389215,0.7244513031550068,0.12027828432459765,7.677393419888156
47,27,resource,0.5,1.7561152092200354,0.8468831166382343,8.617616902954923,1.9723589442329137,1.4181194431473692,2015631.4971018713,5.715952443334269,0.12454651554163446,0.7211538461538461,0.12066789089671325,7.677393419888156
47,28,resource,0.5,1.7492699292157199,0.8332411931717199,8.612881173176547,1.97332094871386,1.4205627377919492,2086336.7466795566,5.918574517362941,0.12403154465998467,0.720164609053498,0.12731674826694417,7.677393419888156
47,29,resource,0.5,1.7459426874020245,0.8251654544560822,8.614078358618402,1.9730053324331702,1.4222669133206929,2178173.750090288,6.16979962520762,0.12513472424427538,0.7216158704008786,0.13372477048918213,7.677393419888156
47,30,resource,0.5,1.7485271527868256,0.833149702349799,8.612560152562843,1.9731558412382406,1.4197490132609305,2258072.219665875,6.393566105231466,0.12610690684439324,0.7228218966846569,0.13372477048918213,7.677393419888156
7,1,utility,0.5,2.05464805469225,1.3077978814689193,8.771724192990312,2.6166288158883315,1.3739736877392916,83616.62380906614,0.23231823476085217,0.39074998137429284,0.20833333333333334,0.012990706239491763,7.180432062924231
7,2,utility,0.5,1.8755094411933424,0.9615703658726104,8.845957381990749,2.3978250829583456,1.437352400759545,167233.24761813227,0.4646364695217043,0.2777065455470886,0.20833333333333334,0.025981412478983525,7.168105356769344
7,3,utility,0.5,1.847307602608299,0.9043723681670801,8.786776727344698,2.4001130718511847,1.4568500771090453,247133.22938998824,0.6884064275969731,0.2783448706129735,0.2180232558139535,0.038972118718475286,7.155778650614456
7,4,utility,0.5,1.8184827217997395,0.8747816610829099,8.777966734006617,2.2301776583055832,1.4436017059497943,354895.63330962113,0.9762599566121289,0.23139177851616544,0.31446540880503143,0.044219087272663625,7.155778650614456
7,5,utility,0.5,1.8202606628748907,0.8869570266279049,8.756843586231785,2.211304223654177,1.4400105474633058,412516.17943672155,1.14878721270446,0.171868036699881,0.4069010416666667,0.044219087272663625,7.155778650614456
7,6,utility,0.5,1.8008164878831443,0.8637142809667293,8.73443916225559,2.076604280871323,1.437228833266773,484536.90850220236,1.3544348895550657,0.1331743678585772,0.47468354430379744,0.044219087272663625,7.155778650614456
7,7,utility,0.5,1.7885871769695645,0.845139216133243,8.725932732590357,1.9764048211253546,1.4372540334089288,600384.6483629587,1.6608846912348052,0.08939064623134249,0.5608974358974359,0.05541549374986824,7.155778650614456
7,8,utility,0.5,1.779154487307435,0.830710083761399,8.709713231657595,1.981527624760965,1.4387394998398997,692951.0508125706,1.9137874168689128,0.061484056818667865,0.6230529595015576,0.07285332512268547,7.155778650614456
7,9,utility,0.5,1.7713433506704674,0.8188141558336802,8.702568650624134,1.9633985426115321,1.439387075301156,774852.2366947004,2.142160144397811,0.050215406605501035,0.625,0.0815819539782451,7.155778650614456
7,10,utility,0.5,1.7695144678457948,0.8194041219689189,8.69516418949725,1.9647576434718053,1.4384848237022634,879192.4479018231,2.4221426301741924,0.04574176852186654,0.6390593047034765,0.10337307234392432,7.155778650614456
7,11,utility,0.5,1.7705049672335351,0.8257559265508166,8.689414745587536,1.964398819264515,1.4368029705791334,945573.5959076341,2.614819270587558,0.052742465419707285,0.6148373983739838,0.11900758121693375,7.155778650614456
7,12,utility,0.5,1.7709407233318237,0.8355117721976005,8.680966009184274,1.9654735748365244,1.4334760072892514,1027652.6701814507,2.8436011414173357,0.051251243265391086,0.6024096385542169,0.11900758121693375,7.155778650614456
7,13,utility,0.5,1.762653516559783,0.8201069320278656,8.672482177003545,1.9682090934824399,1.4359504606099454,1132166.558635637,3.123983084861963,0.05621479412704498,0.5734256243213898,0.13464209008994318,7.143451944459569
7,14,utility,0.5,1.7624880621994334,0.8220107927637155,8.666818524908019,1.9672012726940968,1.4356970114532395,1210512.5782884327,3.3441789300633933,0.05917364952551206,0.5687093779015785,0.15844360633332993,7.143451944459569
7,15,utility,0.5,1.7633667445645835,0.8319850938706052,8.664129923600958,1.9681140005039888,1.4315023832532887,1288146.7560911293,3.5627375390095954,0.06072033165184651,0.5744485294117647,0.15844360633332993,7.143451944459569
7,16,utility,0.5,1.7578143749470134,0.8214281455501001,8.658118237330147,1.9687553035691359,1.4331865714006105,1373188.4596581205,3.7983334572136744,0.05850910923319108,0.5685856432125089,0.17407811520633937,7.143451944459569
7,17,utility,0.5,1.7522472332479542,0.8139237259844115,8.650144281727473,1.9709171165349835,1.4334439046721916,1477248.1164305122,4.077670667790174,0.05762103763955035,0.5574845679012346,0.18168777638860462,7.131125238304682
7,18,utility,0.5,1.755347697850928,0.8217203765945074,8.64871603885059,1.9692969658289434,1.4319799163396767,1546733.001589961,4.2774859036569035,0.05698966997079799,0.5606312292358804,0.18168777638860462,7.131125238304682
7,19,utility,0.5,1.7519057100177744,0.8163234186322155,8.648011445223517,1.9704291384618742,1.4321504754894958,1655424.0905430068,4.567475408248905,0.057188522567850626,0.558754333828628,0.18985478375898193,7.131125238304682
7,20,utility,0.5,1.7489518080924558,0.8106133690945465,8.647033500974027,1.9710048516241434,1.4328607198412773,1760349.496508213,4.8488038419688735,0.05456904584744784,0.5577867023650156,0.19787963144972612,7.131125238304682
7,21,utility,0.5,1.7444035719280895,0.7992911284023224,8.646756093539368,1.9717775547412157,1.4351078822023855,1857519.199663301,5.112294159225571,0.055819145335210485,0.5514705882352942,0.20548929263199137,7.131125238304682
7,22,utility,0.5,1.7451879564629011,0.8042208327718443,8.641578394811335,1.9711114454577172,1.4335736539585797,1947572.9065615002,5.359417685091425,0.0563147887367316,0.5528143274853801,0.22168114769311287,7.131125238304682
7,23,utility,0.5,1.7423560499424593,0.8013748211709676,8.637746650230822,1.9727242552690187,1.4329417715387802,2049601.7913277373,5.634084120053766,0.05624310066174931,0.5499417831004657,0.23019061788429168,7.118798532149794
7,24,utility,0.5,1.7493561498297416,0.822211682191207,8.634446650848362,1.9720399474834407,1.4274104115946524,2136334.6740109916,5.873569750225248,0.05838433630222282,0.539568345323741,0.24003031027024424,7.118798532149794
7,25,utility,0.5,1.7430953383708716,0.8115379902723072,8.633548657857414,1.9748219464846968,1.4282381949945044,2237802.5654928535,6.146945900633527,0.05762633510866131,0.5362781438769907,0.2615608318160157,7.118798532149794
7,26,utility,0.5,1.7431519101809971,0.8092187164555577,8.635093827944122,1.973171648056678,1.4293428081793174,2336176.861944674,6.413206782472711,0.059308607864366245,0.5433384773662552,0.27140052420196825,7.118798532149794
7,27,utility,0.5,1.7397528280902892,0.7993579057222541,8.636051174299212,1.9728989021649392,1.4318637468661017,2426228.6710137664,6.660325943331619,0.06109836941876273,0.5400960170697012,0.2812402165879208,7.118798532149794
7,28,utility,0.5,1.736848147282973,0.795392460575771,8.634667562047069,1.9745595453677218,1.4316698037525746,2529933.4139306736,6.938846852040503,0.06333314053592974,0.5344677137870855,0.3126104305196448,7.118798532149794
7,29,utility,0.5,1.7346021609898756,0.7874359467486728,8.638193862093269,1.973939747092761,1.4338011525272947,2636394.6964727133,7.2237078018871905,0.06483655142147358,0.5338462319723746,0.33228981529154994,7.118798532149794
7,30,utility,0.5,1.7326899633753554,0.7840643530595443,8.635135274918744,1.973471956312126,1.4341243514971336,2729297.097670006,7.47738332464096,0.06290529557945329,0.5308607021517554,0.35196920006345506,7.118798532149794
11,1,utility,0.5,2.0336481506833546,1.2817150044485113,8.75858802168837,2.596264485387382,1.3747640249252229,91298.17978909294,0.24998581351491383,0.3886076877230534,0.20833333333333334,0.022251178295370523,7.090089588307976
11,2,utility,0.5,1.8684880104512835,0.9483369127810587,8.821100474033255,2.4387650519901443,1.4435556101836056,182596.3595781859,0.49997162702982767,0.2993416671880751,0.20833333333333334,0.044502356590741046,7.07647502846921
11,3,utility,0.5,1.8418525656491118,0.899989202793632,8.761486112364397,2.420913648065855,1.4572932013298763,261602.82136403568,0.7216864891372822,0.25474476769653875,0.2403846153846154,0.06675353488611158,7.062860468630444
11,4,utility,0.5,1.8162025550778595,0.8713685265800668,8.743480472396891,2.3223824677916407,1.4489422874795772,351436.46769426804,0.9683038756968165,0.20998978224491946,0.3333333333333333,0.06675353488611158,7.062860468630444
11,5,utility,0.5,1.8056395141512045,0.873501654245667,8.729645266981917,2.1263032421838917,1.4365369033652446,446503.6158703311,1.2269583165017615,0.1887869234543923,0.38296568627450983,0.07780830670427748,7.062860468630444
11,6,utility,0.5,1.7945341841639133,0.8584571199599118,8.716790998260654,2.044639500092771,1.4361709418362525,527152.9293752963,1.4524517375631814,0.155052504792106,0.45180722891566266,0.0799062366640291,7.062860468630444
11,7,utility,0.5,1.7813144541786727,0.8380262955290142,8.699826109261455,1.9669944581040888,1.4377290370675253,613414.7280529323,1.6908538745217438,0.12916483823833114,0.5053630363036303,0.08974592904998165,7.062860468630444
11,8,utility,0.5,1.7830300408363304,0.8452556163602124,8.696253863651203,1.9635040400110233,1.4358245680805921,711951.4377173608,1.9574883067499294,0.07670453733782057,0.6006006006006006,0.08974592904998165,7.062860468630444
11,9,utility,0.5,1.7732971236624713,0.8265365742528487,8.693298087828202,1.96519552216415,1.4379598998051983,812728.2433259843,2.2292749596497634,0.05893892010178188,0.6204044117647058,0.10942531382188674,7.062860468630444
11,10,utility,0.5,1.7658394330444098,0.8158567608047362,8.678429847197844,1.9672573601202281,1.43941967002939,895662.3346456086,2.4600233696848988,0.05372699516076569,0.6127450980392157,0.11168223939393476,7.062860468630444
11,11,utility,0.5,1.7618857756852089,0.8112463475898736,8.67495932341934,1.9683040548598185,1.4391659384994255,987608.4292869007,2.7114993873598707,0.05822479998858177,0.6030701754385965,0.1273167482669442,7.062860468630444
11,12,utility,0.5,1.771425934135502,0.839808918119194,8.668757690276491,1.9663317646910834,1.4331525517877415,1067780.9516606985,2.9358961888196053,0.06288605154490894,0.5769230769230769,0.13534159595768838,7.049245908791678
11,13,utility,0.5,1.7709668970433226,0.84391171397295,8.660489646919734,1.9672024296941237,1.4315861001344685,1149688.2733371533,3.164283028675451,0.065304472632816,0.5588624338624338,0.15111826451033095,7.049245908791678
11,14,utility,0.5,1.7670971715065946,0.8433165782540607,8.659378194261599,1.9698921218976588,1.4287363818553391,1246602.583163406,3.4271859412758316,0.07078273426600813,0.5444444444444444,0.1587279256925962,7.049245908791678
11,15,utility,0.5,1.7647765056540274,0.8422248748008412,8.655466677032775,1.9713721243220856,1.4277261802462018,1326242.2109950029,3.6503570852885043,0.07078242626271952,0.5412817551963048,0.17450459424523876,7.049245908791678
11,16,utility,0.5,1.7567975534516294,0.8250841143106304,8.653642064998165,1.9729215380454816,1.4306953054154672,1415065.0699917825,3.894649660981096,0.06957127434879237,0.5431093007467753,0.19069644930636026,7.049245908791678
11,17,utility,0.5,1.756653171847233,0.8274585675306407,8.648631558446567,1.9724620318800004,1.4297231911552213,1485711.110201439,4.0971355534633025,0.06880882880473994,0.5356613285883749,0.1983061104886255,7.049245908791678
11,18,utility,0.5,1.7574640128186785,0.8286741279237847,8.64793170780885,1.9710330925885966,1.4298541470343547,1570172.564830416,4.331396899109946,0.06727912001701795,0.5340189873417721,0.20647311785900282,7.049245908791678
11,19,utility,0.5,1.755178815344753,0.8273315523506909,8.641869086425148,1.972113977046462,1.4291978139968977,1651123.30750569,4.557583607263072,0.06578522466036324,0.5387416427889207,0.214497965549747,7.049245908791678
11,20,utility,0.5,1.7546924974012377,0.8265737196389337,8.641429460458284,1.971881107405484,1.4292349785262326,1747495.1628604983,4.819238874579128,0.06224804949282252,0.541829215431296,0.214497965549747,7.035631348952912
11,21,utility,0.5,1.752351859389285,0.8232890288859017,8.637564897235881,1.972350441193667,1.4293583262930054,1836636.7074255785,5.064264427078808,0.06136035212535746,0.5398061104582844,0.2225228132404912,7.035631348952912
11,22,utility,0.5,1.7483673093044938,0.818649419625738,8.6325022173947,1.9737422356607603,1.42871118691367,1917567.2748591152,5.290404732175938,0.062429379150674494,0.5374911158493249,0.23013247442275644,7.035631348952912
11,23,utility,0.5,1.746691889207465,0.8134689378153821,8.63494386637494,1.9734981942877157,1.43008977228848,2017919.6560349225,5.561215208880291,0.06315389607757699,0.5298477564102564,0.2402057297298946,7.022016789114146
11,24,utility,0.5,1.7426690840882355,0.8073522396919506,8.633337860127726,1.9756758826975056,1.4301402417936733,2114900.9921764475,5.824272282005794,0.06468917262351775,0.5190311418685121,0.2590472558446917,7.022016789114146
11,25,utility,0.5,1.7444207116360992,0.8125450098221402,8.632710139583782,1.9741104989231777,1.4287492163645474,2233808.674354492,6.137759951015292,0.06515427802888618,0.5288721906309234,0.2787266406165968,7.00840222927538
11,26,utility,0.5,1.7446329269796035,0.812560469800073,8.634258576367786,1.9737921573848614,1.4287985078177086,2326716.9614553065,6.391449011347162,0.06412759977222976,0.5239335317460317,0.30025716216236825,7.00840222927538
11,27,utility,0.5,1.7401686204898668,0.8024726845027208,8.632823054319731,1.9749051176555534,1.4307780346377155,2416086.73232168,6.6369994843398175,0.06528250321000445,0.5162304554724677,0.30025716216236825,7.00840222927538
11,28,utility,0.5,1.7421813372496173,0.806917718200893,8.629731506047497,1.9736657101646728,1.4301836371251555,2505524.588490127,6.882706553527244,0.06610583801983802,0.5104166666666666,0.3100968545483208,7.00840222927538
11,29,utility,0.5,1.7368817098724714,0.7948001895726522,8.629936841708089,1.9746797301831525,1.4323425477331782,2594218.1634988375,7.126701776047274,0.06739451519425416,0.5057977290223249,0.32977623932022593,7.00840222927538
11,30,utility,0.5,1.7342241593214127,0.7895043951869926,8.627497926357313,1.9751853173253116,1.432949085439128,2669713.9283471387,7.340342035198363,0.06583290900686486,0.5059363194819212,0.32977623932022593,7.00840222927538
19,1,utility,0.5,2.032432120617277,1.2941757590366707,8.723811784140254,2.617399711275541,1.3664351093719456,84465.49036104862,0.23427062783041186,0.39651481050287135,0.20833333333333334,0.022251178295370523,7.793210751639609
19,2,utility,0.5,1.8717381686997525,0.9650067308674029,8.791176106615385,2.447346656973874,1.4392699619922689,168930.9807220972,0.4685412556608237,0.31141198600793674,0.20833333333333334,0.044502356590741046,7.783899298859887
19,3,utility,0.5,1.8231223800956837,0.8720649039799531,8.71838545286521,2.4461283102318734,1.4619889685067555,252161.7711309058,0.6999720736010836,0.3102763572751936,0.2180232558139535,0.06675353488611158,7.7745878460801645
19,4,utility,0.5,1.7976933261185397,0.8529664901918551,8.71879255360505,2.2482393069567785,1.4439010847134663,342673.63670556305,0.9481493644227954,0.26737289440797823,0.2976190476190476,0.06675353488611158,7.7745878460801645
19,5,utility,0.5,1.80142819024848,0.8695386371688717,8.707547325880574,2.2329912201685196,1.4389491527766358,415588.2970181544,1.1558530831417555,0.2154001991319841,0.3616898148148148,0.07780830670427748,7.7745878460801645
19,6,utility,0.5,1.7808870535085406,0.8374183831055189,8.68804091325838,2.141859856661412,1.4399079305242606,488222.79994985013,1.3629124398846553,0.16189867580381173,0.44642857142857145,0.07780830670427748,7.7745878460801645
19,7,utility,0.5,1.770397396497192,0.8186641202026611,8.681564206963893,2.0605073737327766,1.441469236770837,582488.4760011814,1.619723494802717,0.12714456497340063,0.5155723905723906,0.07780830670427748,7.7745878460801645
19,8,utility,0.5,1.764215041505026,0.8099382538126485,8.678270784424297,1.9631304266405665,1.4411337349493216,693267.9485254018,1.914516281608424,0.09395184343712072,0.5847953216374269,0.08789479227611528,7.7745878460801645
19,9,utility,0.5,1.7541594735361106,0.7921591670673376,8.673327858342507,1.9667456965793773,1.4430625613028136,793884.4375729467,2.1859342064177767,0.08473284196080239,0.5859375,0.10942531382188675,7.7745878460801645
19,10,utility,0.5,1.7523117064941653,0.7917696839039654,8.668503606002977,1.9675923935292505,1.4423079100292868,868631.8136489957,2.39785317139269,0.07602576616719338,0.5952380952380952,0.10942531382188675,7.7745878460801645
19,11,utility,0.5,1.7623926323094483,0.819756565908561,8.665526980135512,1.9661565332337716,1.4367503442528107,961749.9136680916,2.65202480143661,0.07686768400554937,0.5729166666666666,0.1184271475507313,7.765276393300442
19,12,utility,0.5,1.767006817851851,0.830642102589109,8.670986932480407,1.964694902848448,1.434081970476371,1043431.1098521309,2.8798915526599003,0.07629504822807484,0.5576208178438662,0.1332238004541457,7.765276393300442
19,13,utility,0.5,1.762301108545294,0.8230103847845124,8.66329989119501,1.9653600667871371,1.4351538245552253,1119332.5819437131,3.0944649384705385,0.07525944084411912,0.5678763440860215,0.1442785722723116,7.762269542637262
19,14,utility,0.5,1.7535577078741276,0.8076227973812014,8.657065827462418,1.9677744787739946,1.4369986946838815,1213139.8229854433,3.350221592866517,0.07737734909147803,0.5563124432334242,0.15533334409047753,7.762269542637262
19,15,utility,0.5,1.7497287377697188,0.8009274669082234,8.651512142212644,1.9687635152984213,1.4380444443030098,1284818.8140362657,3.5550832722834085,0.07710203983042854,0.5580357142857143,0.17337860933859414,7.762269542637262
19,16,utility,0.5,1.7469409572405503,0.8006874099419093,8.646317959160914,1.9712315419083548,1.4363397368521158,1379981.0352961638,3.8139563811811725,0.07978150790486294,0.546448087431694,0.18140345702933833,7.762269542637262
19,17,utility,0.5,1.7511378033616847,0.8115235798440433,8.647098595672816,1.969591925226668,1.4341954212506631,1457229.5861007704,4.031628048031767,0.0700363138961457,0.5680031446540881,0.18957046439971564,7.748155612721634
19,18,utility,0.5,1.7493450941801627,0.8116828888985829,8.642831728322237,1.9701617515905063,1.4328905495849302,1542967.6360966882,4.268825563022375,0.0716854854893744,0.56438127090301,0.1971801255819809,7.731916978121941
19,19,utility,0.5,1.7495589812713248,0.8147715369601974,8.641175348523062,1.9704162665531215,1.4314853104438867,1642596.9970054,4.537973093112409,0.0664471112763372,0.5723617453069508,0.1995524313631412,7.718162931703859
19,20,utility,0.5,1.7426801327005557,0.7976884971137629,8.639406719357122,1.9708581636312241,1.4352246654971312,1736612.402066501,4.7942085247529365,0.06575379934333955,0.5707762557077626,0.21281463445499033,7.718162931703859
19,21,utility,0.5,1.7370903603489385,0.7841938003002275,8.637240379298136,1.9720589704268494,1.4376953832052173,1837239.6027853314,5.065651086406241,0.06905844215622128,0.5541314837153196,0.22844914332799976,7.701924297104166
19,22,utility,0.5,1.7375534209212002,0.7878587307014837,8.637771142764372,1.971945141402502,1.4362518547439531,1934367.8702970056,5.329046101683087,0.06601643122544767,0.567116610423697,0.23661615069837708,7.701924297104166
19,23,utility,0.5,1.741357088918503,0.799950907546068,8.635227709362969,1.9715475878568367,1.4331344222403477,2024713.9989028235,5.576842197476464,0.06478275363949892,0.5634372869802318,0.2447831580687544,7.701924297104166
19,24,utility,0.5,1.7426933748034505,0.8029739024172861,8.634908412636655,1.9704967482672324,1.4326575094405305,2113161.8493304173,5.820272253459926,0.06475285797382418,0.5597014925373134,0.24735642668487282,7.701924297104166
19,25,utility,0.5,1.7361691683019236,0.7891402820516792,8.635869965483531,1.973074167520553,1.4346396648450057,2221475.3897857177,6.109393396507114,0.06691082688436692,0.5489390106801574,0.2688869482306443,7.685685662504473
19,26,utility,0.5,1.7320721096792773,0.7800065106780522,8.632656633481464,1.974043565866883,1.4362831629678259,2320339.831103516,6.376781611538046,0.06756242064102105,0.5400051124744376,0.2805777773904632,7.685685662504473
19,27,utility,0.5,1.7304018568844755,0.7783677541610354,8.630372530960836,1.974854758210279,1.435862960435364,2395035.1833314346,6.588580921662254,0.06395647549145167,0.5347711267605634,0.2805777773904632,7.685685662504473
19,28,utility,0.5,1.7294705066558511,0.7781945328422174,8.626038389803595,1.9751002598535545,1.4352534829749488,2467695.744412575,6.795700212148874,0.0661417762159474,0.5275624461670974,0.2879906059084684,7.685685662504473
19,29,utility,0.5,1.730808550791098,0.7878438526784068,8.622478466821292,1.9759398877453371,1.4313786361738952,2549721.835070604,7.024360220662338,0.06563025372036416,0.5309343434343434,0.2990453777266343,7.671571732588845
19,30,utility,0.5,1.7333325831767858,0.7953300568322862,8.62386315577393,1.9749162684524466,1.429225675555002,2645608.909505581,7.284900491862784,0.06625397247633136,0.5344925883694412,0.3102417842038389,7.671571732588845
23,1,utility,0.5,2.0366723927337156,1.3004288289381554,8.723270036506687,2.6222307184807083,1.365694621098262,74730.68201231997,0.21188056862833599,0.4114910769678733,0.20833333333333334,0.022251178295370523,7.741873045426017
23,2,utility,0.5,1.8641594151492058,0.9740533731466294,8.747480178838494,2.447126458995795,1.4294319182944566,149273.12650776302,0.42332819096785507,0.27781444637053454,0.24509803921568626,0.044502356590741046,7.741873045426017
23,3,utility,0.5,1.7938047922339795,0.8296617514750703,8.718882975700383,2.3750428503778345,1.4517987784303226,246774.5232133037,0.6875814033905986,0.2548321389130449,0.3125,0.05569876306794566,7.741873045426017
23,4,utility,0.5,1.8027977027901976,0.8382556033471853,8.721807333547238,2.382347576411193,1.4586089073434396,312737.490444417,0.8792962280221591,0.21235282218254276,0.3875968992248062,0.05569876306794566,7.741873045426017
23,5,utility,0.5,1.7917892654945387,0.8413074564088939,8.723427979285903,2.224537892810358,1.4440382943961458,394726.96715304785,1.10787202445201,0.16910931569833798,0.45687134502923976,0.05837571511825765,7.727759115510389
23,6,utility,0.5,1.7862696973813255,0.8406526139218231,8.7103210132333,2.121463988387476,1.4401431499818804,480303.3937829652,1.3446978057008199,0.13218808382790595,0.5067567567567568,0.07805509989016274,7.727759115510389
23,7,utility,0.5,1.7733934420150554,0.8189179232150896,8.698227170324923,2.0571806418180616,1.4417242369564478,583730.6008748001,1.6225803820120401,0.09205824765583198,0.5866858237547893,0.08789479227611528,7.711520480910695
23,8,utility,0.5,1.767000158183993,0.808160434546046,8.69724651252435,1.9717364870277359,1.4420252813042167,705807.9436488468,1.9433582703923475,0.06048742079565868,0.6472491909385113,0.09773448466206783,7.697766434492614
23,9,utility,0.5,1.776755183788738,0.842363593375612,8.692479328054374,1.9643433675206454,1.4331604630837087,795538.2293881631,2.1897379275927755,0.054177521642461646,0.6204044117647058,0.11926500620783928,7.697766434492614
23,10,utility,0.5,1.7793148917317387,0.8515499139870156,8.684055733567815,1.9641317908827862,1.431268502572215,866206.0402748326,2.3922738926321157,0.059768481358007025,0.6056201550387597,0.12826683993668384,7.697766434492614
23,11,utility,0.5,1.757867594379671,0.8037146419933876,8.675700320058043,1.9669562713491429,1.4394940336162658,972286.385633773,2.676258686957678,0.06560955724951853,0.5835262345679012,0.1381065323226364,7.697766434492614
23,12,utility,0.5,1.755161757326607,0.8002210873502997,8.669300888067013,1.9682310937895304,1.4401467807608905,1058407.2669969623,2.914336714093013,0.06826327633637538,0.5597014925373134,0.1381065323226364,7.697766434492614
23,13,utility,0.5,1.7545578408755675,0.8037516383100755,8.659656978109755,1.9673331856863765,1.4392589952178012,1148934.479210331,3.162549302183762,0.07053222957725291,0.5734256243213898,0.1381065323226364,7.681527799892921
23,14,utility,0.5,1.7584063056905048,0.8201463521423665,8.654738083667255,1.9678729489132902,1.4345627081000762,1225848.1296314637,3.3794506981523664,0.07061446438415274,0.5767419962335216,0.14794622470858895,7.681527799892921
23,15,utility,0.5,1.7544380888367834,0.8131564670643029,8.655140911249243,1.9687318366120758,1.4350140840574583,1326300.6742725,3.6504915508267484,0.0755058494314138,0.568871359223301,0.16391998152604234,7.665289165293228
23,16,utility,0.5,1.7508178664667984,0.8137043259179466,8.640863869103182,1.9710309778812454,1.4331545500200813,1403073.316048234,3.8670686269109367,0.07567771744625851,0.5649717514124294,0.16947674625436043,7.665289165293228
23,17,utility,0.5,1.745572344308391,0.803879292725536,8.63846680669357,1.97263999641737,1.4340550315277505,1491180.2620735997,4.109714602769276,0.07657633505655802,0.5453653381642513,0.18213331280671372,7.665289165293228
23,18,utility,0.5,1.7467838579743553,0.8053827158924678,8.640200413752488,1.9709572359804768,1.4343541240787638,1583519.5397683366,4.362094941467165,0.07196892001692723,0.5550986842105263,0.18915613102626555,7.6511752353775995
23,19,utility,0.5,1.744967948050265,0.8019698238424123,8.63683671722466,1.9709250227254198,1.4349899704416378,1670396.8686524217,4.601912797900557,0.07221599676935694,0.5489659367396593,0.1989958234122181,7.637421188959518
23,20,utility,0.5,1.746276965407265,0.8073384673501396,8.635576137336658,1.9707288203630788,1.4332894975448571,1760574.0174643307,4.849320240167944,0.06594925444830951,0.5577867023650156,0.1989958234122181,7.621182554359825
23,21,utility,0.5,1.7422549166420787,0.7991983417697142,8.63536450457673,1.971597167755173,1.4342667911868183,1888055.7749028741,5.18252828227659,0.06120713126618289,0.5706521739130435,0.20883551579817067,7.621182554359825
23,22,utility,0.5,1.7390965539072012,0.7914795997506185,8.63669711448809,1.9721086340910985,1.435629740709314,1989838.1134492597,5.456627660933272,0.06160412824950919,0.5570902394106814,0.22851490057007576,7.621182554359825
23,23,utility,0.5,1.7366255213866613,0.7890920301528984,8.635715844897742,1.9740592484524158,1.4348604675301655,2083403.425478727,5.711827878601042,0.06542177050421438,0.5439700559394538,0.24735642668487284,7.621182554359825
23,24,utility,0.5,1.7380936173316075,0.7916423992662208,8.634828157693752,1.972188314298943,1.4349309182130918,2171496.3931688056,5.954441704288221,0.06288967177936138,0.5494505494505495,0.24735642668487284,7.621182554359825
23,25,utility,0.5,1.7356665881650102,0.787236317655108,8.631653565622516,1.9723440086886053,1.4353894825291755,2250808.5989553253,6.176859777597214,0.06188173379173737,0.5448047419804742,0.2549679251130095,7.621182554359825
23,26,utility,0.5,1.7341076488791278,0.7848959866504127,8.631309863359748,1.9733372527444235,1.4353092505219198,2356799.045858969,6.4606378054755895,0.0604230794693887,0.5354879594423321,0.26703581145677796,7.604943919760132
23,27,utility,0.5,1.7339241406641772,0.7862008605921409,8.630073679952526,1.9731010983274608,1.4344854178662094,2422356.992790124,6.651421083417242,0.05901267347815706,0.5359033168666196,0.27707746874934125,7.604943919760132
23,28,utility,0.5,1.7298419168206591,0.7817171734709509,8.624852277641686,1.9756751762364915,1.4336463319011485,2514936.4575131275,6.904353852280146,0.05925228638782061,0.5372807017543859,0.28813224056750714,7.604943919760132
23,29,utility,0.5,1.7263284227189672,0.7725736188276584,8.62703897741366,1.9771306753484579,1.435537505528257,2617886.850266354,7.181139755612563,0.05916340000765476,0.5351506821421299,0.299187012385673,7.604943919760132
23,30,utility,0.5,1.7248421098970828,0.7696732434010726,8.626990722884964,1.9778172749182379,1.4358999916068926,2718418.0941936667,7.452361616645378,0.06154727180465393,0.5246222719641858,0.3102417842038389,7.604943919760132
29,1,utility,0.5,2.032432120617277,1.2941757590366707,8.723811784140254,2.617399711275541,1.3664351093719456,84465.49036104862,0.23427062783041186,0.39651481050287135,0.20833333333333334,0.022251178295370523,7.502255880192798
29,2,utility,0.5,1.8691814988950548,0.9650200784853721,8.785280551625375,2.449487749432364,1.4368416821364398,163368.67962433188,0.4557479631359635,0.27271451497197463,0.21929824561403508,0.044502356590741046,7.502255880192798
29,3,utility,0.5,1.799589933230934,0.8312366536555449,8.747901250432765,2.3489077379041654,1.4517406153980996,245779.21805888237,0.6852922015354298,0.25652952289532455,0.26785714285714285,0.055557128408906954,7.488641320354032
29,4,utility,0.5,1.8013771396189662,0.8506519131731343,8.721948315050758,2.305181639708072,1.4491781365193395,319755.3465114698,0.8954372969763809,0.2150824974469799,0.3333333333333333,0.06675353488611158,7.488641320354032
29,5,utility,0.5,1.8106420791407403,0.8867933156957197,8.727748232596484,2.104870108128428,1.434008348107937,414951.5485480719,1.1543885616605658,0.19383484470103945,0.36678403755868544,0.07780830670427748,7.488641320354032
29,6,utility,0.5,1.7942218740832485,0.8633611779991252,8.707523763411054,2.0530733475517957,1.434648583354393,485324.1538814383,1.3562455539273084,0.1445903499504694,0.45180722891566266,0.07780830670427748,7.488641320354032
29,7,utility,0.5,1.7921177480940242,0.8683620929674334,8.690246013589588,2.0530342925487775,1.4322928172263656,560853.9307641486,1.5699640407575421,0.12315606217300132,0.5104166666666666,0.07780830670427748,7.475026760515266
29,8,utility,0.5,1.7788536024407346,0.8408464318045845,8.68817285803166,1.963124151780527,1.435917373933182,673194.6120139519,1.8683476076320897,0.09011857128520584,0.5747126436781609,0.08974592904998166,7.475026760515266
29,9,utility,0.5,1.7680630894868865,0.8226996782527997,8.674737273893992,1.965913874130702,1.438195781569629,767926.6138436326,2.1262312118403557,0.08100418338157925,0.5859375,0.0995856214359342,7.4614122006765
29,10,utility,0.5,1.7603093776688508,0.8103029076752104,8.668061241363729,1.9683156124925116,1.4393184277512558,879297.7835458122,2.4223849021553683,0.07166591756757185,0.588512241054614,0.10942531382188675,7.4614122006765
29,11,utility,0.5,1.762063096543621,0.8121799696863955,8.673452753987847,1.9659088220770817,1.4389690810452143,959452.003136169,2.646739607213189,0.07636926972657052,0.580837173579109,0.10942531382188675,7.4477976408377335
29,12,utility,0.5,1.7630165573486107,0.8222527614509498,8.66839007539752,1.9674105470671208,1.4356631044815649,1044498.070100022,2.882345561230051,0.07586502700536431,0.5660377358490566,0.12111614298170566,7.4477976408377335
29,13,utility,0.5,1.762539170863164,0.8302072741040516,8.653633641639829,1.9687474827862081,1.4329757799056624,1114480.3898670785,3.08330489669428,0.0751459407835322,0.5697141316073355,0.126617242399199,7.4477976408377335
29,14,utility,0.5,1.7531009269263842,0.8117761692112281,8.649131521830151,1.971501292264425,1.4352436142834972,1221253.5499652752,3.368883164920132,0.07960923940486195,0.5639963167587477,0.15041875864258575,7.4477976408377335
29,15,utility,0.5,1.7567996877947316,0.8216951105008196,8.647976467539529,1.9698493460773492,1.4333077247188801,1291659.7263962985,3.5708173707114845,0.07418622636796199,0.5744485294117647,0.16661061370370725,7.4477976408377335
29,16,utility,0.5,1.755428922656986,0.8243122562413432,8.645274962971284,1.9712824250836913,1.4308743108810182,1379332.5574910091,3.812464882229318,0.07143893660118011,0.5649717514124294,0.16661061370370725,7.4341830809989675
29,17,utility,0.5,1.7535826517212552,0.8182843284795804,8.645169166184543,1.970536250305936,1.432713794602537,1473396.1219472778,4.068811080478735,0.07319844197638482,0.5544045426642111,0.1742202748859725,7.4205685211602015
29,18,utility,0.5,1.7506033851334724,0.8143910059637106,8.639855265759882,1.9713069801230363,1.4327303184698852,1551672.8491668177,4.288847553083672,0.0657902028019125,0.556013179571664,0.18999694343861506,7.4205685211602015
29,19,utility,0.5,1.7509296568508035,0.8152784451999314,8.640094276049552,1.9704713273601708,1.4325425196322639,1650551.8477899833,4.556269249916949,0.06475004780233673,0.551380742913001,0.18999694343861506,7.4069539613214355
29,20,utility,0.5,1.7485003392802645,0.8119915755108507,8.638731563041775,1.9713624067653672,1.4323439226347734,1738486.7593745012,4.7985195465613355,0.05966643798940444,0.5475251861585633,0.18999694343861506,7.4069539613214355
29,21,utility,0.5,1.7447041088016777,0.8069616638911109,8.635047540198237,1.9731346134770802,1.432066038642583,1834496.4363760906,5.059341803664988,0.0600165280517327,0.5398061104582844,0.19802179112935925,7.4069539613214355
29,22,utility,0.5,1.7424985307236935,0.8044898869715372,8.632664875115593,1.9736122594275165,1.4316370293748117,1928740.297077903,5.316102683279151,0.06274976731306489,0.5357775416223876,0.19955243136314116,7.393339401482669
29,23,utility,0.5,1.7406102678571882,0.8050312952857183,8.632513605901623,1.9761488882613059,1.4298341975550897,2027462.7050922704,5.583164221712193,0.06361957318180107,0.5253018748013981,0.21068665257203698,7.393339401482669
29,24,utility,0.5,1.7422745176689673,0.8096132502430937,8.633345596212843,1.9756096537342518,1.428705782240809,2120240.1934574964,5.836552444952209,0.06236190220975904,0.5221932114882507,0.22196546705237913,7.393339401482669
29,25,utility,0.5,1.7377590960350615,0.7948170880716979,8.636294132422645,1.975221948774934,1.4328376844954696,2204617.990723252,6.070621378663443,0.06476863793081923,0.5323316980103571,0.22999031474312331,7.379724841643903
29,26,utility,0.5,1.7337850446353371,0.7870197706866224,8.633753052795086,1.9768076751587444,1.4338778295929255,2297585.3204474505,6.324446237029096,0.06591751397518167,0.5342690945877593,0.2380151624338675,7.366110281805137
29,27,utility,0.5,1.737857130636502,0.7996766310624855,8.632021366485361,1.9753999015463704,1.4304830276374414,2401898.511069564,6.604366575459954,0.06289677866981622,0.5359033168666196,0.24377151863580482,7.366110281805137
29,28,utility,0.5,1.7379083835945945,0.7986909957095167,8.629226189924747,1.9738392630571602,1.4311140425279223,2463115.4534805217,6.785165543005153,0.060345978556213195,0.5351681957186545,0.2548262904539707,7.366110281805137
29,29,utility,0.5,1.734678977437179,0.7929133732042369,8.626245259022271,1.974448243325275,1.4316656764677527,2546184.091858031,7.016223411273421,0.05913159369557779,0.5407664609053497,0.26140149216877534,7.366110281805137
29,30,utility,0.5,1.732960328500037,0.7901540768981348,8.625146355262054,1.9745448347986416,1.4317143545096624,2627829.326983565,7.244007452062146,0.05582479285987194,0.5447414294015107,0.27073808500451063,7.366110281805137
31,1,utility,0.5,2.028036429280304,1.2884830445079327,8.721002012819394,2.6124015858684286,1.3667428148559753,81802.45175167132,0.22814563902884408,0.3950359246325183,0.20833333333333334,0.022251178295370523,7.11069886851034
31,2,utility,0.5,1.8639359482574795,0.9737625814978424,8.767812712437175,2.377064915773732,1.4277233424917553,161848.49452555375,0.4522515374087737,0.25983235589243725,0.2777777777777778,0.03330595011353643,7.098372162355453
31,3,utility,0.5,1.79456448905188,0.8250070858423943,8.738674580045547,2.3170625678224788,1.4506903935444384,240170.30665242445,0.6723917053005765,0.24548188043326255,0.2840909090909091,0.055557128408906954,7.086045456200566
31,4,utility,0.5,1.817690773962252,0.8612644601355394,8.752459987580368,2.3745465249208055,1.4564444030795423,318395.4664197774,0.8923095727654884,0.21231111924020804,0.3787878787878788,0.06661190022707286,7.086045456200566
31,5,utility,0.5,1.795129358853707,0.8456666653149638,8.742018756279021,2.1542062727901143,1.441574734503405,394990.81660660927,1.1084788781952015,0.17370695449922277,0.4734848484848485,0.07006654427807656,7.086045456200566
31,6,utility,0.5,1.784679150406806,0.8338201559176938,8.724025934685317,2.0631883316555992,1.4403621295183135,476505.60572567483,1.3359628931690524,0.11802495782628493,0.5597014925373134,0.0799062366640291,7.086045456200566
31,7,utility,0.5,1.7774230376671163,0.8245443533293564,8.716969163371862,1.9652431546685374,1.4397395192329052,592026.0562789544,1.6416599294415954,0.08651898240603151,0.6149598393574297,0.08974592904998165,7.086045456200566
31,8,utility,0.5,1.7703156909887816,0.8170617540502929,8.70189911452079,1.9637139743957057,1.4394426914716183,696727.1510490456,1.9224724474128059,0.07132596771926401,0.6535947712418301,0.09958562143593419,7.086045456200566
31,9,utility,0.5,1.7774807624701132,0.836750822061288,8.695774240553925,1.9625219745785036,1.435791456421301,775538.6719920438,2.143738945581702,0.07025559023321,0.6440839694656488,0.09958562143593419,7.086045456200566
31,10,utility,0.5,1.7636523023087292,0.8099638866082622,8.689286182272342,1.9647147297476466,1.4392036414248865,871313.0118528637,2.4040199272615874,0.06203595198790179,0.6390593047034765,0.10942531382188674,7.086045456200566
31,11,utility,0.5,1.7647816130611789,0.8166847815411173,8.690828492253774,1.9655761856883873,1.436745369950702,970824.8478404179,2.6728971500329624,0.06524268011457299,0.6208949096880131,0.13995766909650273,7.086045456200566
31,12,utility,0.5,1.7683455173819758,0.8310444267857579,8.679931836182467,1.96554910584512,1.4337611009474995,1052939.7220683568,2.9017613607572215,0.06176251930619834,0.6198347107438017,0.13995766909650273,7.073718750045678
31,13,utility,0.5,1.771684525023894,0.8482408302636774,8.668707415393312,1.9658311106222937,1.4282978328320848,1122461.0941976467,3.1016605166545874,0.06353334302842137,0.6198650234741784,0.1497973614824553,7.073718750045678
31,14,utility,0.5,1.7574230757978888,0.8134681939231038,8.663755062257641,1.9679439263529017,1.4361298035165107,1218737.5509362945,3.3630963671534766,0.0662665091321006,0.6094527363184079,0.15963705386840785,7.073718750045678
31,15,utility,0.5,1.7527191364430947,0.8087597745400953,8.655864564163322,1.9709144270931833,1.4357197045451284,1320266.470888345,3.636612883043192,0.06839353210768323,0.5874060150375939,0.1694767462543604,7.073718750045678
31,16,utility,0.5,1.7479600521734477,0.7979473729006835,8.652797428296678,1.9712485842516656,1.4376964673463124,1400371.7370083875,3.8608549951192885,0.07027261513322004,0.5698005698005698,0.17477762107408454,7.073718750045678
31,17,utility,0.5,1.747442671655761,0.7995576793959271,8.650460928427517,1.9708198585253025,1.4368533707371853,1489503.4237645112,4.105857874658372,0.06823618110079788,0.5701546717171717,0.1823872822563498,7.061392043890791
31,18,utility,0.5,1.7519312488277023,0.8108191451074417,8.650239619517265,1.9683854428497645,1.4346789990552675,1570385.2482936257,4.33188607107533,0.06895599207511566,0.5681818181818182,0.1823872822563498,7.061392043890791
31,19,utility,0.5,1.7486374633580049,0.8053411932472878,8.649040207168493,1.96908676589034,1.4350647919083557,1674689.068685595,4.611784857976856,0.0664909476128209,0.5830103359173127,0.19899582341221805,7.061392043890791
31,20,utility,0.5,1.7460410832570687,0.8007800317900164,8.649169601027083,1.970195668471653,1.4353048880412809,1778189.7299008507,4.889836378771941,0.06273136224791649,0.5787037037037037,0.2088355157981706,7.061392043890791
31,21,utility,0.5,1.744070864763932,0.7999882115826684,8.645851534939911,1.9714740020863029,1.4344338761184645,1891885.1749416154,5.1913359023656955,0.06178303283049664,0.5800189393939394,0.21867520818412317,7.061392043890791
31,22,utility,0.5,1.7426992214975263,0.7997061839077625,8.644199498946868,1.9725952890929508,1.433621701837642,1997732.0239646337,5.474783655118634,0.06012385039029963,0.5709701774254435,0.22851490057007573,7.061392043890791
31,23,utility,0.5,1.7427629426006452,0.8039968452126279,8.641241131166526,1.9734685023584704,1.4316161885938035,2067995.7528889612,5.676390231644584,0.06108833131433406,0.5674991417782355,0.24920756345873918,7.061392043890791
31,24,utility,0.5,1.7397011466865908,0.7959491503186211,8.639214543279117,1.973057797027804,1.4336594246725387,2133749.3171788193,5.867623429511254,0.060628161082131427,0.5597014925373134,0.24920756345873918,7.061392043890791
31,25,utility,0.5,1.7376957571710097,0.7928264375030735,8.63608239939343,1.97324654751123,1.4337605552853214,2219230.9522174587,6.104231190100121,0.06408983720171668,0.5573986872146118,0.2548262904539707,7.061392043890791
31,26,utility,0.5,1.7312303902821558,0.778946641759076,8.63324401386827,1.975858773838995,1.435927852762008,2318887.047700928,6.373440209712097,0.06662273651781517,0.5450206398348814,0.2658810622721366,7.061392043890791
31,27,utility,0.5,1.7326035761304754,0.7814544746186265,8.633887736402393,1.974264899107511,1.4357026829710984,2412049.966934139,6.62771492394848,0.06748994403418032,0.5347711267605634,0.27872664061659685,7.061392043890791
31,28,utility,0.5,1.7353775721869635,0.790537573978214,8.63077740842822,1.9728495955530032,1.4332651229909297,2496025.3229904925,6.860858242878092,0.06796415688617527,0.5303030303030303,0.2885663330025494,7.061392043890791
31,29,utility,0.5,1.7336090497355419,0.788845176125634,8.62893265357496,1.9737194349607436,1.4328308746604113,2582203.152835102,7.099067251520693,0.06929733711166158,0.5277359437751004,0.29904537772663425,7.061392043890791
31,30,utility,0.5,1.7292021702635798,0.7756641534328863,8.629755225182503,1.9742485680504274,1.4362333317667606,2681988.626189389,7.36857384023555,0.0708278153227981,0.5179558011049724,0.3180854101604071,7.061392043890791
37,1,utility,0.5,2.0255086263186275,1.2847391794176313,8.721305280584843,2.609419903761557,1.3671576687891254,81254.13022795823,0.22688449952430398,0.3949328401179008,0.20833333333333334,0.022251178295370523,7.301997733235577
37,2,utility,0.5,1.8487548848763076,0.9439431898185306,8.772345711349379,2.3377479272979174,1.4316313221315504,155531.17839800782,0.437721710315418,0.2710866123899137,0.24509803921568626,0.03330595011353643,7.288383173396811
37,3,utility,0.5,1.8069716892003798,0.846825921168013,8.74520557240758,2.335925890574274,1.4523607676063317,240689.03784256036,0.6735847870378889,0.2623329215325323,0.2757352941176471,0.055557128408906954,7.288383173396811
37,4,utility,0.5,1.8152683648636363,0.8724869076845699,8.744771203466383,2.2966258151635497,1.4466240430371222,334751.7529146015,0.9299290317035835,0.23722473976602995,0.3333333333333333,0.06661190022707286,7.274768613558045
37,5,utility,0.5,1.8146214080863778,0.8789800594234657,8.734568880975303,2.268398818403905,1.4428226492883744,402460.4450477286,1.1256590236097757,0.17063665382276988,0.4489942528735632,0.06661190022707286,7.274768613558045
37,6,utility,0.5,1.793412604333754,0.8493037793967643,8.714816853355877,2.2156326260773467,1.4414760304032148,486760.2327268934,1.3595485352718546,0.1199581470838358,0.5597014925373134,0.06661190022707286,7.274768613558045
37,7,utility,0.5,1.7809738633579026,0.8311712628043998,8.70510400131408,2.105376580702549,1.440875525974236,602498.7802235619,1.6657471945141924,0.0906770043480845,0.6149598393574297,0.06905326616131818,7.274768613558045
37,8,utility,0.5,1.7700076710079902,0.8132437458710792,8.69449009999648,2.0174869737926415,1.4419020464140158,698145.5208364885,1.9257346979239234,0.06885754715712888,0.6734006734006734,0.07889295854727073,7.274768613558045
37,9,utility,0.5,1.7659152983915136,0.8116602323258163,8.693600325097472,1.964578720489856,1.439531921472364,797565.7993879374,2.1944013385922565,0.06528708254154927,0.6343984962406015,0.1004234800930422,7.274768613558045
37,10,utility,0.5,1.7636852117143085,0.8110839876221525,8.68858357431112,1.9654045416863632,1.4387103621176096,887604.5991031097,2.4414905779371523,0.06793802605756587,0.5952380952380952,0.11926500620783928,7.274768613558045
37,11,utility,0.5,1.765317159307463,0.8180540797493815,8.681012643582731,1.9648296959487312,1.4374794373465105,966237.9022545426,2.6623471751854475,0.061345864500791776,0.5889797507788161,0.11926500620783928,7.274768613558045
37,12,utility,0.5,1.7615792082367014,0.8147983778523279,8.669969683710379,1.9654352494791525,1.4375224490831815,1043467.7334725587,2.8799757869868845,0.06089331580247205,0.5747126436781609,0.12202739397694108,7.274768613558045
37,13,utility,0.5,1.7634142717409242,0.8213937860651067,8.66975379627934,1.9652859025629312,1.4358319863705147,1129269.684338637,3.117320273978864,0.06863839349600764,0.5553364879074658,0.13464209008994316,7.274768613558045
37,14,utility,0.5,1.7638361414770982,0.8297418245187841,8.654893532204259,1.9664138139968292,1.433580022931004,1199036.0042126635,3.317782809689125,0.07032156507375581,0.5488351254480287,0.15041875864258572,7.274768613558045
37,15,utility,0.5,1.75461480909101,0.8125696441858684,8.647907003290904,1.9690246943349863,1.4361926547569546,1282975.6230238187,3.5508439329547814,0.06965961867842431,0.5463286713286714,0.17422027488597247,7.274768613558045
37,16,utility,0.5,1.7524854284489453,0.8093555052544611,8.645110317605466,1.9697582010377086,1.4363895199809569,1360252.5200678464,3.7685807961560447,0.07267698884625713,0.5301524188204109,0.1898547837589819,7.261154053719279
37,17,utility,0.5,1.748668858181544,0.8043731904738439,8.643413347885762,1.9713163432684486,1.435959685523842,1466199.5371465131,4.052258935436977,0.07763091321403527,0.5208333333333334,0.19802179112935922,7.247539493880513
37,18,utility,0.5,1.7509309487261218,0.8128742614316409,8.64571824026939,1.9706117364386844,1.433209627761321,1548402.5428015762,4.281325848443617,0.07555004024752131,0.5240683229813664,0.19802179112935922,7.247539493880513
37,19,utility,0.5,1.749742311919269,0.8123542700891019,8.645712179894991,1.9713310449626666,1.4324266505053582,1656661.8168517433,4.570322178758998,0.0751747656263824,0.5266690009337068,0.19941079670410247,7.247539493880513
37,20,utility,0.5,1.7482245562671923,0.8111797190606512,8.640241509768805,1.9711414364085602,1.4323668776666887,1737430.896609039,4.796091062200774,0.0754664729590992,0.518887505188875,0.2104655685222684,7.233924934041747
37,21,utility,0.5,1.7479450434803554,0.8108342790252058,8.638194399635601,1.9706553573910628,1.4325030386608308,1821584.1269820007,5.029643492058582,0.07125520148441988,0.5178974069898534,0.2327167468176389,7.233924934041747
37,22,utility,0.5,1.7447174231694196,0.8047304531560884,8.637929823751904,1.9713964399341197,1.433204418470754,1916329.7172412125,5.287558349654765,0.06988589946408338,0.5202958376332989,0.24377151863580482,7.220310374202981
37,23,utility,0.5,1.734621171049311,0.7781047003982413,8.639404308773136,1.9736628590720142,1.4385326540844952,2028800.806822059,5.586241855690707,0.0714381335921769,0.5183835058011916,0.2548262904539707,7.206695814364215
37,24,utility,0.5,1.7366290538992766,0.7881123332271467,8.637633366913873,1.9738486352917104,1.4351852912698526,2126069.0987984748,5.849958927236457,0.07365833415959092,0.5128205128205128,0.2658810622721366,7.206695814364215
37,25,utility,0.5,1.7382915026366461,0.7926841808641496,8.638612690313998,1.9728776169502598,1.4341704572909857,2225472.9867594996,6.118587869546811,0.0701784696423768,0.5130351983188862,0.2769358340903025,7.206695814364215
37,26,utility,0.5,1.7345096246387581,0.7845921565411953,8.631997806687691,1.9732233966179826,1.435782431198107,2313840.665280783,6.361833530145761,0.0724592492636292,0.504778972520908,0.28799060590846837,7.193081254525449
37,27,utility,0.5,1.7335209768859743,0.7816442722641538,8.631568047144835,1.9732572810234394,1.4365875946968676,2409527.063439402,6.621912245910582,0.07541338522218477,0.5012376237623762,0.29904537772663425,7.193081254525449
37,28,utility,0.5,1.7386013951623536,0.7962637480859103,8.633538993072323,1.9720992417835395,1.4327701758106195,2503695.1759580723,6.8784989047035205,0.07211510086452012,0.5053630363036303,0.31010014954480014,7.193081254525449
37,29,utility,0.5,1.7365350910314876,0.7929873188742583,8.630623991180444,1.9730890525784375,1.4330646595046503,2596310.0614317097,7.131513141292883,0.07241108013317851,0.5046322964669739,0.32115492136296603,7.193081254525449
37,30,utility,0.5,1.7329126381610191,0.7856538098597378,8.628836917277475,1.9742673539204945,1.4341472620198796,2702492.6652631895,7.4157331301052825,0.07282582244821661,0.5026809651474531,0.3322096931811319,7.179466694686683
41,1,utility,0.5,2.009223323912338,1.2624338988049733,8.7150687553877,2.590527837741423,1.3689534018664318,82935.0123884807,0.23075052849350564,0.41632059994749676,0.20833333333333334,0.022251178295370523,7.13626361044665
41,2,utility,0.5,1.865887822144706,0.9457835806829075,8.801765264836565,2.443098568268592,1.4451760573642032,165870.02477696136,0.46150105698701127,0.34026669703060836,0.20833333333333334,0.044502356590741046,7.122649050607884
41,3,utility,0.5,1.8435818905992876,0.9121909780559315,8.727022658362825,2.4477293648814618,1.4562194067018093,247124.1550049196,0.6883855565113153,0.289557696822267,0.2180232558139535,0.06675353488611158,7.109034490769118
41,4,utility,0.5,1.8149532211203245,0.8840538278498149,8.729920589707115,2.253520908860938,1.4403139696316762,339111.6380951498,0.939956767618845,0.24051700527411363,0.31446540880503143,0.06675353488611158,7.109034490769118
41,5,utility,0.5,1.799492773636909,0.8661579205455019,8.709622073320137,2.196506488046726,1.437842501543878,422882.6047333565,1.1726299908867202,0.19893613990882467,0.4069010416666667,0.07780830670427748,7.109034490769118
41,6,utility,0.5,1.7822678922424025,0.8393914219925976,8.693979223513864,2.0833567984116743,1.438741910119395,503618.05701167014,1.3983215311268413,0.16158236223724726,0.47468354430379744,0.07780830670427748,7.109034490769118
41,7,utility,0.5,1.7761121686317927,0.8327689210613577,8.683356201256098,2.0075447013119287,1.4380753923509597,586672.9004274358,1.629347670983102,0.13416504086333375,0.5429964539007093,0.07805509989016274,7.109034490769118
41,8,utility,0.5,1.7735602755815467,0.828921333693773,8.679907582741304,2.002254793139013,1.4384520364657658,689045.9627797939,1.904805714393526,0.09956127381924047,0.6349206349206349,0.08789479227611528,7.109034490769118
41,9,utility,0.5,1.7615456412331496,0.8082181036869763,8.675562290978334,1.9670112710921148,1.4402048831134364,793957.2976554788,2.1861017846076005,0.08108680859046302,0.6540697674418605,0.10942531382188675,7.109034490769118
41,10,utility,0.5,1.7560424974930955,0.7959535241103189,8.672968270657584,1.9676357994430698,1.4425267506826815,865748.5470044541,2.3912216581102435,0.07630718434283686,0.6430041152263375,0.10942531382188675,7.109034490769118
41,11,utility,0.5,1.7584565539603834,0.8078008498129619,8.669137347083582,1.9678449191102383,1.4389790713490607,964144.5307417068,2.6575324207059245,0.07675199265092904,0.6302083333333334,0.1192650062078393,7.109034490769118
41,12,utility,0.5,1.7665269698932369,0.8330342740568253,8.662079365048058,1.967767099490223,1.4336069260159012,1039815.9606655346,2.8715767095307285,0.08017013610429646,0.5976095617529881,0.1192650062078393,7.095419930930352
41,13,utility,0.5,1.7686891749199247,0.8392854205972761,8.66208105179263,1.9664879222347924,1.43181596594857,1110129.4627253462,3.073297764268295,0.08325077708471279,0.5848560354374308,0.12826683993668384,7.095419930930352
41,14,utility,0.5,1.7660719048357865,0.8358007757693344,8.658979285973139,1.9665109053320757,1.4317950360656393,1195503.410950754,3.3096578451867327,0.07730504803757116,0.5850047755491882,0.1442785722723116,7.095419930930352
41,15,utility,0.5,1.7542513715193049,0.8103675788946983,8.65276550017116,1.9692342623564807,1.4367451121100134,1297893.1201983844,3.5851541764562818,0.08239018603978732,0.5607057416267942,0.1654959213274831,7.095419930930352
41,16,utility,0.5,1.7509058944597125,0.8119624097584408,8.647651334775082,1.9723188249252335,1.433449828758791,1385357.9959294894,3.8263233906378225,0.08226505061648662,0.5498281786941581,0.16638811590864344,7.095419930930352
41,17,utility,0.5,1.746733797707914,0.8002007799283758,8.646823133360902,1.9718985573294894,1.4362337975487411,1469435.7939705548,4.059702326132272,0.07856794742138189,0.5595570012391574,0.18929743757086984,7.095419930930352
41,18,utility,0.5,1.7492007310775313,0.8091879494586207,8.645603450431501,1.9713683401846909,1.4337549484605432,1549044.2048969024,4.282801671262866,0.07318034280982717,0.5597014925373134,0.19746444494124715,7.081805371091586
41,19,utility,0.5,1.7488974952273946,0.8106396782709806,8.640785318896201,1.9705525791310237,1.4331359008832596,1643001.6838721633,4.538903872905962,0.06689015701955564,0.577636968766001,0.20548929263199134,7.081805371091586
41,20,utility,0.5,1.7509693762907497,0.816553161115313,8.639891852324926,1.9699155963937127,1.43164763258643,1724362.9645499613,4.7660348184648935,0.06095553106805744,0.5835667600373483,0.2130989538142566,7.081805371091586
41,21,utility,0.5,1.7453745660063895,0.8049489106527661,8.639397868808226,1.971763408126354,1.4335089196222905,1828601.6407184515,5.045783773652418,0.05840426620962913,0.5763801756587202,0.22112380150500077,7.081805371091586
41,22,utility,0.5,1.7418522257940612,0.8005478257986748,8.634404883688731,1.973294403637512,1.43315006198522,1919132.7208717698,5.294005258005046,0.06251025619992324,0.5614328136599851,0.22914864919574496,7.081805371091586
41,23,utility,0.5,1.7394302943875664,0.7968285447354513,8.63322779730922,1.9743361439354676,1.4331850384115543,2035664.301702173,5.602027893914969,0.0603528787060688,0.5605713801288572,0.23731565656612227,7.081805371091586
41,24,utility,0.5,1.7384547941519761,0.7953622215599485,8.633280611910786,1.9740470521236875,1.4332275958130771,2140086.1789358105,5.882198211552333,0.06303054702929023,0.5560704355885079,0.24735642668487284,7.081805371091586
41,25,utility,0.5,1.739061124630721,0.7947501375741158,8.634762060500007,1.9724467444641318,1.4340264852973208,2230334.0765237063,6.12976837600449,0.06641915207783097,0.5550227337311736,0.2571961190708254,7.06819081125282
41,26,utility,0.5,1.734820765113099,0.7836566018755465,8.63348671214247,1.972956533879094,1.4364727653737703,2316925.466127292,6.3689285720927336,0.0688778925350256,0.5450206398348814,0.26588106227213665,7.06819081125282
41,27,utility,0.5,1.7379916291200517,0.7960673053200719,8.630946073715984,1.9730132679514347,1.432615521539423,2397213.6575300368,6.593591412319043,0.06759428290655567,0.5451363962670496,0.27872664061659685,7.06819081125282
41,28,utility,0.5,1.7327143444014828,0.7889337472598149,8.626512236960998,1.9757245967523993,1.4321891786098775,2480969.581442785,6.826230037318361,0.06887032989106154,0.541915505419155,0.31009685454832087,7.06819081125282
41,29,utility,0.5,1.7324769439091794,0.791779617007913,8.624236719222067,1.9770200130755518,1.4305491593502815,2569354.490431843,7.069515327993191,0.06873525443641396,0.5367902369281046,0.3316273760940923,7.06819081125282
41,30,utility,0.5,1.7316727153989493,0.7914787887519689,8.623283979703935,1.977098287588702,1.4300656578894508,2662629.8052320126,7.324048552033578,0.06830954128496888,0.5296610169491526,0.3414670684800449,7.06819081125282
43,1,utility,0.5,2.026811873647381,1.273157843020781,8.753823535142262,2.5892312188096818,1.3749360664819634,87640.63744772012,0.24157346612975633,0.38103019819489925,0.20833333333333334,0.022251178295370523,7.290193468209751
43,2,utility,0.5,1.8761813559628708,0.9596965864394247,8.840908957968269,2.431197758249015,1.4404322547079595,173541.29303908045,0.4791449739898851,0.2750865965090704,0.21929824561403508,0.044502356590741046,7.290193468209751
43,3,utility,0.5,1.8129470967526664,0.853494612226844,8.767603684729506,2.3276913142289466,1.4532200319787991,257962.3220208782,0.71331334064802,0.26781107599575915,0.2533783783783784,0.055557128408906954,7.274449446240944
43,4,utility,0.5,1.8202402405763867,0.8808075531061127,8.757453842271259,2.2691392652480578,1.44472972431647,362817.7799817212,0.9944808939579588,0.2295835113977978,0.3333333333333333,0.06675353488611158,7.258705424272137
43,5,utility,0.5,1.8121425551935904,0.8774823654693704,8.734700474399418,2.2428728394482467,1.441169689248696,427127.75725758995,1.1823938416924569,0.18821199438351968,0.4069010416666667,0.06675353488611158,7.24296140230333
43,6,utility,0.5,1.7931309945035636,0.8496461745796237,8.719197103259724,2.17094977542452,1.4404761255177958,511822.9036056719,1.4171926782930448,0.1549365423461514,0.47468354430379744,0.06675353488611158,7.24296140230333
43,7,utility,0.5,1.785528711679526,0.8381771154985065,8.709248523942776,2.1518061240575808,1.441083094910395,596034.8450641382,1.6508801436475171,0.11441149520689985,0.5208333333333334,0.07780830670427748,7.24296140230333
43,8,utility,0.5,1.785039213311535,0.8391477903799286,8.706155680124882,2.1426670672143238,1.4404329580029231,713080.4266612171,1.9600849813207988,0.07940071435041168,0.5899705014749262,0.07985587545980383,7.24296140230333
43,9,utility,0.5,1.77224413039518,0.8206824812477287,8.686881655452643,2.056617769629183,1.4409548785627389,800380.7308069058,2.2008756808558827,0.08042685342014776,0.5550986842105263,0.10365739170319058,7.227217380334523
43,10,utility,0.5,1.7587912820426417,0.7971502549906675,8.681211255041012,1.9660806658691825,1.4429615369861974,889363.4782305198,2.4455359999301947,0.06651523637184148,0.5755064456721916,0.12745890794657733,7.227217380334523
43,11,utility,0.5,1.7553093842158207,0.7926828433430073,8.677627335602836,1.9669428527419839,1.4429793652180718,989307.450269971,2.7154071356209326,0.06947231636232332,0.5528143274853801,0.15126042418996408,7.2114733583657165
43,12,utility,0.5,1.7731619335229512,0.8377918927049839,8.681069364416398,1.9641580866089454,1.4337761476138693,1088883.7556774726,2.984432638058186,0.0688454303111107,0.5725190839694656,0.15126042418996408,7.1957293363969095
43,13,utility,0.5,1.7721253645565544,0.8431395668187529,8.670235322598232,1.9646087007116135,1.4313028528320295,1150673.2296629276,3.166548428224732,0.06979765649457689,0.5697141316073355,0.15887008537222932,7.1799853144281025
43,14,utility,0.5,1.7748062834685054,0.8598351289869577,8.663668453877088,1.9669667873814827,1.424957080364546,1218179.637324297,3.3618131658458825,0.06752052344774785,0.5850047755491882,0.15887008537222932,7.1799853144281025
43,15,utility,0.5,1.762588700739606,0.8330381141022661,8.657931896748158,1.9685638183985465,1.4305955527567513,1303992.3479840397,3.59918240036329,0.0712660408630316,0.5702554744525548,0.17450459424523876,7.1642412924592955
43,16,utility,0.5,1.7593540924787743,0.8279350503066116,8.654709778737784,1.969444641717527,1.4309749058186862,1379985.127218204,3.813965792601867,0.064884573618344,0.5784526391901663,0.18252944193598294,7.1484972704904886
43,17,utility,0.5,1.753629540801538,0.8144495653047753,8.649089381689029,1.9699479361636112,1.4343423858874893,1465594.2352048105,4.050866740971061,0.06535150464138939,0.5626947040498442,0.2063309581793697,7.132753248521682
43,18,utility,0.5,1.7526974528767627,0.8129024934154271,8.647752937831262,1.9695029974431122,1.434480099431563,1559516.6348677033,4.306888260195709,0.06905315417364419,0.5587748344370861,0.21394061936163494,7.117009226552875
43,19,utility,0.5,1.751763576807557,0.8146400868057178,8.644354728421686,1.9701348434221833,1.4330740084396218,1670807.607268074,4.602857496716558,0.07205459288959874,0.551380742913001,0.21394061936163494,7.101265204584068
43,20,utility,0.5,1.7532210618106865,0.8212407539707601,8.642882158575778,1.9704677795468502,1.430743185489774,1759603.3243949101,4.847087646108276,0.06703604322093541,0.5518763796909493,0.22210762673201226,7.085521182615261
43,21,utility,0.5,1.7527223188273056,0.8214389315801287,8.642501302571135,1.9703675387933914,1.430096843790316,1859865.713901489,5.117691141973404,0.0627289485029459,0.5568181818181818,0.22210762673201226,7.069777160646454
43,22,utility,0.5,1.7520180952727775,0.8222687387623114,8.638151885093395,1.9705145596324531,1.429311558719155,1929483.4684447213,5.317811977422834,0.06123537166187786,0.5614328136599851,0.23013247442275644,7.054033138677647
43,23,utility,0.5,1.7446052720444767,0.8055932206360388,8.637632850468362,1.9718025744551453,1.4323897380975141,2045374.4841496653,5.6243613135442,0.058083515756268925,0.5657511978097194,0.23013247442275644,7.054033138677647
43,24,utility,0.5,1.7382434232130475,0.7912209418036698,8.636559825476876,1.9736194524562616,1.434813973224196,2152173.6433934043,5.909999379804796,0.06072158227252697,0.5529953917050692,0.2539339906661432,7.03828911670884
43,25,utility,0.5,1.7388507644871134,0.7930128736053818,8.640223322753586,1.973687330988127,1.4342430374670905,2268977.774648512,6.21864888169154,0.06177649531115893,0.5573986872146118,0.26888694823064424,7.03828911670884
43,26,utility,0.5,1.740016421446932,0.7973542771416073,8.636646533810945,1.972469121876113,1.4330658366015123,2351797.5883350824,6.449134453170649,0.058843820394530635,0.5674187483212463,0.26888694823064424,7.03828911670884
43,27,utility,0.5,1.7429354805704198,0.8080114545915927,8.6304603662087,1.971730747548395,1.4299938200556965,2425039.706036991,6.657591323885036,0.05880673575726651,0.5654318689501117,0.2787266406165968,7.022545094740033
43,28,utility,0.5,1.737779357188523,0.7935863358998884,8.62866676067124,1.9717832502941144,1.433696959124496,2513308.074118075,6.900608570471526,0.06258252450486858,0.5532971996386631,0.28856633300254936,7.006801072771226
43,29,utility,0.5,1.7351388501370517,0.7903033895177469,8.624788727540775,1.9728825291362118,1.4332708281990092,2586397.4554056954,7.10871414743305,0.06167549321971885,0.5478684594538253,0.28856633300254936,6.991057050802419
43,30,utility,0.5,1.7336773121072957,0.7913339529738292,8.6226080761491,1.9747545845399466,1.4314951302921555,2668300.783225744,7.337091801419159,0.06183974743634574,0.5403458213256485,0.2984060253885019,6.975313028833612
47,1,utility,0.5,2.037132251543454,1.2877055064445753,8.756420595554886,2.5997381204946106,1.3735836124112588,79635.87158868743,0.2231625046539811,0.39886384335749475,0.20833333333333334,0.011054771818165906,7.71808547196227
47,2,utility,0.5,1.8794503336211168,1.0048195238857545,8.762836352765643,2.4187738108839865,1.4237561004540997,146764.13484954156,0.41755751015394565,0.23644045482566145,0.2777777777777778,0.022109543636331812,7.708774019182547
47,3,utility,0.5,1.814783516889429,0.8476225889012072,8.757717048770266,2.3904541637414924,1.4571676267947447,231631.32874142338,0.6527520561052739,0.25792374342143676,0.2840909090909091,0.03316431545449772,7.699462566402825
47,4,utility,0.5,1.79723451943673,0.8408045998840251,8.747474147622489,2.241686614498399,1.4459844344066628,323482.6984447502,0.9040102064229256,0.20859615964503803,0.3787878787878788,0.048536022732305104,7.699462566402825
47,5,utility,0.5,1.8014705343951567,0.85700824073736,8.733079909715526,2.2336127605888976,1.4428400969806883,387103.8983742201,1.0903389662607061,0.1502274703789595,0.4734848484848485,0.048536022732305104,7.699462566402825
47,6,utility,0.5,1.7942937058816808,0.8498017231898609,8.719198225825743,2.213928397916692,1.4417558947578428,472601.30115695053,1.3269829926609866,0.11620524837253764,0.5514705882352942,0.05837571511825765,7.699462566402825
47,7,utility,0.5,1.7806191698444773,0.8281195410216168,8.711590607246855,2.104324268974467,1.4417621751582252,584780.1536097779,1.6249943533024898,0.0773454575172598,0.6543803418803419,0.07805509989016274,7.699278486496606
47,8,utility,0.5,1.7896336646517053,0.8522688343794574,8.708763733794662,2.0568250920845297,1.4365796713349872,676170.8620790639,1.8751929827818477,0.04963362283935027,0.7017543859649122,0.07915636959205863,7.699278486496606
47,9,utility,0.5,1.7722187485647283,0.8238658157565073,8.69242099576582,1.9636472025414342,1.4383540667480554,765101.0430637662,2.1197323990466637,0.04775111746087064,0.6696428571428571,0.10295788583544538,7.677747964950835
47,10,utility,0.5,1.7698245390789444,0.8181926260270502,8.698716165150831,1.9641959980010582,1.4388334834328338,861247.0603649382,2.3808682388393594,0.05806397283904767,0.6275100401606426,0.12675940207883213,7.667908272564882
47,11,utility,0.5,1.776413055061327,0.8352244163776488,8.69554914837138,1.9631385808643222,1.4358362544467633,943012.0982845324,2.6089278260544257,0.05229072485261699,0.6398054145516074,0.12675940207883213,7.648737379923046
47,12,utility,0.5,1.763817671572563,0.8159588290094469,8.676030280629245,1.9643184114719123,1.4376015407831961,1033523.7625633114,2.8571046538956177,0.056111732051304264,0.5976095617529881,0.15056091832221888,7.638897687537093
47,13,utility,0.5,1.7602350912239868,0.8113132630723873,8.669496830969392,1.9663116051947789,1.4382539701982147,1116656.2049261008,3.0883092713300333,0.0651205967492061,0.5752995642701525,0.17436243456560563,7.638897687537093
47,14,utility,0.5,1.7590612115615323,0.8160864631064566,8.663733153854032,1.967805394762385,1.4360384916575963,1206054.4728122142,3.333925287468093,0.06482024771303041,0.5800189393939394,0.18252944193598294,7.629057995151141
47,15,utility,0.5,1.748116298211875,0.7958202687284366,8.655115333905751,1.9708101969784277,1.4385522441384169,1296317.528669169,3.5815303159390885,0.0710458486734189,0.5593675417661098,0.19816395080899238,7.607527473605369
47,16,utility,0.5,1.7424516099807068,0.7829809222206573,8.650339950120546,1.9723361011370124,1.440721936630857,1385654.2726977828,3.8270048272049,0.07602479142954183,0.5521048999309869,0.22196546705237913,7.607527473605369
47,17,utility,0.5,1.7457139327777087,0.7932718816377499,8.648383389992057,1.9702446188198597,1.4388010625507706,1452120.9592623562,4.019878206303417,0.07480344001731605,0.5533854166666666,0.22196546705237913,7.587518722306425
47,18,utility,0.5,1.7485099729247473,0.8038254240930748,8.644767098490247,1.9694140863466396,1.4362122314487253,1535004.7642269637,4.25051095772201,0.07377314347842268,0.5550986842105263,0.22196546705237913,7.577679029920472
47,19,utility,0.5,1.751000084237926,0.8131019998212544,8.642015098871378,1.9690118853243859,1.4334359904071263,1612889.2225564632,4.469645211879855,0.067735069679886,0.5688981341401916,0.22196546705237913,7.577679029920472
47,20,utility,0.5,1.7461237419301179,0.8026802874025003,8.640521615191325,1.9700062388451678,1.435259591066513,1712302.8897642205,4.738296646457692,0.0671525745289678,0.5630630630630631,0.22196546705237913,7.56783933753452
47,21,utility,0.5,1.7480864491192551,0.8085010308908476,8.640954651729956,1.969401874316045,1.433612677131847,1835447.3383050375,5.061528878101567,0.06480715000114701,0.5657327586206896,0.22196546705237913,7.548159952762615
47,22,utility,0.5,1.7429923987601728,0.8037285843188046,8.633944593252222,1.9722943966564255,1.4325393769051336,1922632.7764463478,5.302055385826576,0.065346885220688,0.563944817300522,0.23759997592538856,7.5293184266478175
47,23,utility,0.5,1.7348978484834605,0.7823419741395594,8.634619121480824,1.974090335734373,1.4370799783379724,2031821.035819443,5.59318838238469,0.06808390399176809,0.5549261497146694,0.253234484798398,7.519478734261865
47,24,utility,0.5,1.735383406580531,0.7886482727079057,8.631382957527341,1.9746861185557874,1.4344248676307734,2129001.662903427,5.856703824677847,0.06932913753717912,0.547945205479452,0.2612593324891422,7.489630290576968
47,25,utility,0.5,1.7329268419595376,0.7821134433998711,8.631005136252051,1.9745262213144206,1.435892970955475,2222143.6287217,6.110930346059871,0.06985673604416906,0.540283540802213,0.26886899367140743,7.489630290576968
47,26,utility,0.5,1.7328365190104622,0.7783900666011363,8.633925896647241,1.9728102150866087,1.4376976100540309,2325370.4120200286,6.388351947646024,0.07006949473328551,0.5358954845256215,0.26886899367140743,7.479790598191015
47,27,utility,0.5,1.7333456443642459,0.7829448463691354,8.629810543657536,1.9732139415619643,1.4359573768071152,2416548.7945354157,6.638062227431411,0.06703697166759261,0.5389460610361959,0.2770360010417848,7.469950905805063
47,28,utility,0.5,1.7322234806653185,0.7811644172003801,8.629836493586756,1.9735399139821785,1.4360150249399555,2523923.899356288,6.925024968519414,0.06608964512402789,0.539409951563188,0.2965548886146356,7.450271521033158
47,29,utility,0.5,1.7293894280272697,0.7788941203107146,8.628328726847935,1.976546170836236,1.434937790256297,2637278.944229073,7.225741571726816,0.06656228747768281,0.5328720600162206,0.31808541016040703,7.4287409994873865
47,30,utility,0.5,1.72854239411797,0.7802566626382598,8.627843910885773,1.978034613749559,1.4336273530489207,2729779.852058593,7.47849365973471,0.06433950761744228,0.5269814502529511,0.3396159317061785,7.397041419028623
7,1,proposed,0.5,2.4823353712645253,1.797503619848095,8.882141705034785,3.5572283410157004,1.3800397198276035,28668.556734536967,0.10593768048943505,0.39079048138013905,0.20833333333333334,0.004453956424968604,7.185903898397443
7,2,proposed,0.5,2.0882323819696533,1.3487707821846218,8.796755569215536,2.6732651499093163,1.3746027857699255,59335.05622320007,0.21647062931336022,0.280928653074734,0.21929824561403508,0.007580414961028049,7.179049027715768
7,3,proposed,0.5,1.8366030944881369,0.9576228348441427,8.687852193138534,2.3111957779653087,1.4136916496672813,87034.7610694022,0.32017995045962516,0.25825058500745474,0.22865853658536586,0.011370622441542074,7.1721941570340935
7,4,proposed,0.5,1.7873915574127868,0.8691738683973744,8.650945003628246,2.2008627877044913,1.4244442112091857,135587.34664388685,0.4718508972809398,0.1988590551090929,0.32679738562091504,0.01899959785709768,7.1721941570340935
7,5,proposed,0.5,1.7781963416829336,0.8499507254474551,8.632670372763368,2.07632965748814,1.4344262833956452,183927.47284630584,0.6230331875465034,0.15753282456457918,0.40064102564102566,0.01899959785709768,7.1721941570340935
7,6,proposed,0.5,1.7773706132746399,0.8504047576710457,8.64662714913761,1.970132771102441,1.4328641641524826,265816.6956906067,0.8513784000883954,0.10856663618207353,0.487012987012987,0.0235340741462628,7.1721941570340935
7,7,proposed,0.5,1.7991428543799701,0.8991489633225505,8.66832943066167,1.9666026795978784,1.4213790136819773,338703.5342430365,1.059018128758984,0.07836724393882441,0.5429964539007093,0.0235340741462628,7.1721941570340935
7,8,proposed,0.5,1.8654108206714486,1.0449179333278775,8.677444516451981,1.9749028278384753,1.385605212565063,368836.66634140303,1.168324332585227,0.06172630184993324,0.5649717514124294,0.028302960246793574,7.165339286352419
7,9,proposed,0.5,1.8788506550989164,1.0726210814861492,8.667860606013127,1.9782525744000203,1.3777605966984883,398516.1595751586,1.2765871670228648,0.04128135996976151,0.6070143884892086,0.03366336328896823,7.165339286352419
7,10,proposed,0.5,1.9024535602401713,1.1040380639407463,8.68811795623077,2.009311590572025,1.373595956830666,435203.5913274799,1.4009682600532036,0.039099889111167845,0.6021194605009634,0.04462399995654448,7.158484415670744
7,11,proposed,0.5,1.9195750708214974,1.123711024950244,8.70441983895498,2.066184176421958,1.3733678170841608,465684.7037593939,1.5110748186466056,0.04307661317994825,0.5889797507788161,0.04462399995654448,7.158484415670744
7,12,proposed,0.5,1.896436105408881,1.0896045212717949,8.703329848409565,2.007711156616345,1.3768650593243503,497425.4455201466,1.6240785246963367,0.04518791539352034,0.5928853754940712,0.04462399995654448,7.158484415670744
7,13,proposed,0.5,1.8866949693628992,1.0757526307478085,8.696095575408947,1.9821014243187993,1.378661127943268,529210.4086894762,1.737183939985795,0.04112302491642755,0.5752995642701525,0.04737537630765677,7.151629544989069
7,14,proposed,0.5,1.8653216811845184,1.0350184243219978,8.69424095368352,1.9769045920549977,1.3885059497746106,558864.8831718974,1.8453892312953635,0.042890696991354844,0.5702979515828678,0.04737537630765677,7.144774674307394
7,15,proposed,0.5,1.8384106061196213,0.9920459497957351,8.680363514959955,1.9727781088439285,1.3944767454214515,590260.3680122357,1.9575988464281415,0.04040142277431247,0.568871359223301,0.049369818155737426,7.144774674307394
7,16,proposed,0.5,1.8106452432020108,0.9397045501902623,8.669664568615417,1.9697082428160626,1.4053279022126415,616982.7280114167,2.0590602744262574,0.04191901415926701,0.5710206995003569,0.058336012975233026,7.144774674307394
7,17,proposed,0.5,1.78807271838852,0.8943483706477592,8.664867755072786,1.9683077867682335,1.4150759053953603,653740.0546968321,2.1836021258027127,0.03968423249836464,0.5658677944862155,0.058336012975233026,7.137919803625719
7,18,proposed,0.5,1.7724871262454087,0.8567170905831175,8.661878759507267,1.967786862347423,1.425156499285717,676351.6359557234,2.275608762698163,0.0384605420027781,0.5681818181818182,0.0609450396662954,7.137919803625719
7,19,proposed,0.5,1.7734755991087834,0.8590083393676139,8.652901167053367,1.9674898488142856,1.4252271695451935,704536.1531885276,2.380433152333613,0.040220855557547855,0.5758677896886166,0.0609450396662954,7.137919803625719
7,20,proposed,0.5,1.7548055097604556,0.8179205965849035,8.650821327317306,1.96981319172507,1.4337624673604847,732585.6559489308,2.4849470086825396,0.03642008711167198,0.5827505827505828,0.06649653283010848,7.137919803625719
7,21,proposed,0.5,1.7575315353848042,0.8311617531569238,8.651030024326834,1.9684493543697539,1.427753724177616,760449.8791919894,2.589034722141575,0.03863318188951538,0.5874360613810742,0.06929664964280928,7.137919803625719
7,22,proposed,0.5,1.754684543910739,0.8258563993019957,8.64971353759981,1.9698584882569146,1.4286426860716666,793697.4336128826,2.7055040973096287,0.036273966541396696,0.6016308671439936,0.06929664964280928,7.137919803625719
7,23,proposed,0.5,1.755791265971775,0.8288334183197911,8.647485858612866,1.9695512043884755,1.4280476545642227,825709.7819422017,2.819132498467062,0.03460275066734111,0.6143162393162394,0.06929664964280928,7.131064932944044
7,24,proposed,0.5,1.7610987694657256,0.8395487317156654,8.658126887300355,1.9675124972985727,1.42443247244218,851919.6941829624,2.919415296620811,0.031733758157255404,0.6172839506172839,0.07215962349334913,7.131064932944044
7,25,proposed,0.5,1.7475836849740147,0.8005255777972741,8.65648297855752,1.9664056201162508,1.4355636110966643,876949.0484553544,3.016982811447313,0.031111211680571016,0.6248000639795266,0.07745716949768473,7.131064932944044
7,26,proposed,0.5,1.7479618185676558,0.8022589363718751,8.653920380524237,1.966091865596582,1.4349882339931521,904279.0962411446,3.1198419213546305,0.0284097037854866,0.6430745814307458,0.07978859890890473,7.131064932944044
7,27,proposed,0.5,1.7454802778141236,0.798497083360328,8.650579610687055,1.9665055293450389,1.4354058666354341,929375.4391160577,3.21756350996693,0.026676826527818137,0.6473785166240409,0.07978859890890473,7.131064932944044
7,28,proposed,0.5,1.7353376979991864,0.7713717631369506,8.639343191003338,1.9670195023478991,1.442020775097221,965423.5188163788,3.3404740932776686,0.02575220327981461,0.6512493354598617,0.08593593725641843,7.131064932944044
7,29,proposed,0.5,1.7369797814806904,0.7801855649958611,8.634523188883486,1.9677015240983935,1.4390205237200056,989248.6816313297,3.435271967752056,0.023599609363950044,0.6616628902316214,0.08741757432446033,7.131064932944044
7,30,proposed,0.5,1.7283205276717297,0.7570901762090188,8.634638180816195,1.9699246091463432,1.4437900954470182,1028065.6822908656,3.564551069268989,0.025856219450455922,0.6588193956430077,0.09268315489250017,7.131064932944044
11,1,proposed,0.5,2.47693789895534,1.800859168974649,8.841727136624455,3.556120516635365,1.3722077403900985,28616.94629957898,0.10581897648903166,0.39371165809824454,0.20833333333333334,0.007628975415555607,7.096407727630594
11,2,proposed,0.5,2.107470953524783,1.39378415238466,8.756224172785243,2.6895622622389506,1.3595040680832478,55060.10860274035,0.20663824978630282,0.304226796488411,0.21929824561403508,0.011419182896069632,7.089111307114446
11,3,proposed,0.5,1.8405757604259385,0.9740600884715473,8.659737668503045,2.2953817524591047,1.4052067331595448,88632.63678419683,0.3238550646036527,0.2797195493956013,0.2403846153846154,0.015257950831111214,7.0818148865982975
11,4,proposed,0.5,1.7831252206614374,0.8795345751365804,8.621799228121667,2.0991460893225673,1.419716518999653,129015.30176376524,0.4567351940566601,0.23654256193792203,0.32051282051282054,0.01904815831162524,7.0818148865982975
11,5,proposed,0.5,1.7826307408521798,0.8678416006631441,8.632960231944955,2.0067990134856974,1.4282706286127422,198315.3934998167,0.6561254050495785,0.19326985249710257,0.388681592039801,0.01904815831162524,7.0818148865982975
11,6,proposed,0.5,1.8020988777056974,0.9255802176079997,8.625878090821095,1.9785491710828307,1.4130463583066708,257494.98375560076,0.8322384626378818,0.14563166932935395,0.46875,0.02769707577414076,7.0818148865982975
11,7,proposed,0.5,1.8185714550276737,0.9635808849433958,8.629502230156472,1.9785496167338144,1.403734474811834,330343.2316033112,1.0397894326876158,0.09734058335446998,0.5548007246376812,0.02999268101777515,7.074518466082149
11,8,proposed,0.5,1.8602495827009902,1.0440085130398224,8.651006861118022,1.9784374426269806,1.3861521497915732,380740.9025150784,1.1957040757846806,0.07872701600088695,0.5555555555555556,0.03046734120769487,7.074518466082149
11,9,proposed,0.5,1.8856188377987828,1.088168098571736,8.66425462036143,1.9787488770649697,1.3756029409668111,419100.7231884477,1.32393166333343,0.06050509476173248,0.5779109589041096,0.03425754868820889,7.067222045566001
11,10,proposed,0.5,1.9108350305793458,1.1141721732949734,8.695941686281401,2.040555842770703,1.3740340164618896,454334.9636592273,1.4449704164162231,0.04987603969482601,0.569216757741348,0.03804775616872291,7.0599256250498525
11,11,proposed,0.5,1.9154186022366386,1.1158227750174328,8.696833607758206,2.0564633429088923,1.3776469413171901,484809.71413242194,1.5550623425045706,0.05423122543110316,0.5480072463768116,0.041837963649236934,7.0599256250498525
11,12,proposed,0.5,1.881367944581076,1.057860965218269,8.69623060357357,2.0272213676443176,1.3885115294024764,520006.7973807933,1.6760156339758248,0.056429286226620634,0.5263157894736842,0.045628171129750955,7.052629204533704
11,13,proposed,0.5,1.851606059303305,1.0075480848897733,8.682412104907277,2.0533936892560516,1.3977608019220549,550400.1234585951,1.7859202839547688,0.059711939499072435,0.5223788328387735,0.049418378610264976,7.052629204533704
11,14,proposed,0.5,1.8275315319156205,0.962601798365413,8.690818835824157,1.9687355683707939,1.4049569775923452,588041.698345009,1.91249590619352,0.05356711332927365,0.5168776371308017,0.05417155848261667,7.052629204533704
11,15,proposed,0.5,1.796555746436647,0.8975456253597074,8.683067120897206,1.9657142055536794,1.4204527357543288,614498.3756024481,2.01334626388563,0.05114608585466707,0.5095108695652174,0.05699879357129302,7.045332784017556
11,16,proposed,0.5,1.801272114102395,0.9085291634894752,8.67684471256033,1.9659679252360838,1.4179798573399447,640813.5130959597,2.113871080120707,0.04530706468397687,0.5344021376085505,0.05699879357129302,7.045332784017556
11,17,proposed,0.5,1.787106799081203,0.8789000775051804,8.67639136737405,1.9664491628933127,1.4236240207242439,672418.8617273752,2.2265633819729627,0.045609568876935826,0.5375744047619048,0.06078900105180704,7.045332784017556
11,18,proposed,0.5,1.7749251800029824,0.8498046212731039,8.668505263653666,1.9657205226843242,1.4303619893943866,703105.1967219495,2.3371419524604833,0.04628180774080963,0.5505709624796085,0.06078900105180704,7.038036363501408
11,19,proposed,0.5,1.7685712326460794,0.8414917933357356,8.663950288715302,1.9679569002570536,1.4301960892155008,738492.1599568881,2.4585319679008415,0.041546338392970644,0.5637806096951524,0.07138701221285247,7.038036363501408
11,20,proposed,0.5,1.7688344161970804,0.8560684105855528,8.649677146091568,1.9685720204419965,1.422726164023539,764851.6458275624,2.559158785403392,0.03815480403681454,0.5661231884057971,0.07138701221285247,7.038036363501408
11,21,proposed,0.5,1.7733267729801714,0.8680867621647117,8.655349522898254,1.9685200597939891,1.4184743480337467,785401.576253575,2.646423625383221,0.03555585450693777,0.5785579345088161,0.07138701221285247,7.038036363501408
11,22,proposed,0.5,1.776185457260255,0.8764500239830134,8.648240885773296,1.9674602600149733,1.4154679497867797,813565.5468651033,2.751200757789736,0.03286515693731969,0.5835262345679012,0.07604695188291824,7.038036363501408
11,23,proposed,0.5,1.7741647950960628,0.8673593355565306,8.660293297213213,1.967220595261046,1.4175107455577234,843148.35304431,2.8592412120019115,0.03049815261703074,0.5957207207207207,0.07813422984893421,7.038036363501408
11,24,proposed,0.5,1.7612127510466264,0.8460920743141802,8.642981815608366,1.9685312315545922,1.4217467291242545,868266.5537871717,2.957013073710493,0.028438839936997737,0.6054490413723511,0.0821425141323007,7.038036363501408
11,25,proposed,0.5,1.7481667722774383,0.8035656084012877,8.648357587177973,1.9687194728165172,1.4346975680184326,904530.0766368206,3.080419176264686,0.02861935247561915,0.6147702234812716,0.08888973176838244,7.038036363501408
11,26,proposed,0.5,1.7469805929080604,0.8056740112322108,8.641239912722718,1.9697769262540445,1.4332767937834505,928365.5957138382,3.175240870141826,0.027191782734384565,0.6117868520127425,0.08888973176838244,7.038036363501408
11,27,proposed,0.5,1.7431024673626496,0.797208277527343,8.639613223559033,1.9699664700795607,1.4348980954563773,951383.0920443453,3.2681811117019928,0.025286491842425096,0.606529552715655,0.09598435904449562,7.038036363501408
11,28,proposed,0.5,1.7444316829316655,0.8035354972787001,8.635594507223951,1.9698759804651806,1.4328631882998455,983048.7438132227,3.3810121107704094,0.02594135610846397,0.6058358061325421,0.09598435904449562,7.038036363501408
11,29,proposed,0.5,1.7435091040419801,0.804331133330323,8.632745680819129,1.9708754837318716,1.4318409044025833,1010781.3351111264,3.4847970707555875,0.024724024070770546,0.607097482097482,0.09935796786253649,7.038036363501408
11,30,proposed,0.5,1.7485434746827084,0.8145276527646965,8.63524026085285,1.968795637862164,1.4296309747838045,1042177.4913346197,3.597008230069622,0.024783962353714137,0.6131458469587966,0.09935796786253649,7.030739942985259
19,1,proposed,0.5,2.4714318008715908,1.7944224379831182,8.845013979256052,3.538558146090125,1.372985346895454,28959.59669521667,0.10660707239899837,0.39654820218480125,0.20833333333333334,0.007628975415555607,7.796701134894856
19,2,proposed,0.5,2.083468763150758,1.3603777429512578,8.757764049922816,2.672927042671962,1.3639616553062468,60424.70490817707,0.21897682128880733,0.3059965329420007,0.21929824561403508,0.011419182896069632,7.79088006537038
19,3,proposed,0.5,1.8570278159861153,1.0215053642492875,8.666796583348928,2.3161104003386206,1.3965268616243465,89623.27905034306,0.32613354181578913,0.26154183763286065,0.2604166666666667,0.011419182896069632,7.785058995845904
19,4,proposed,0.5,1.7650999332903232,0.8423649589015285,8.629212788969841,1.993597312328753,1.4224594061417852,114543.54005310666,0.42345014212214543,0.24496420984291611,0.30303030303030304,0.01904815831162524,7.785058995845904
19,5,proposed,0.5,1.7627881087057578,0.8305069290320954,8.62406615690314,1.9808262703878432,1.4316828906081678,197293.3370662705,0.6537746752524222,0.18582159998476652,0.4069010416666667,0.01904815831162524,7.785058995845904
19,6,proposed,0.5,1.7729100464369907,0.8506545070745699,8.645731941331972,1.9697493414138487,1.4309406392764492,263776.17070339824,0.8466851926178159,0.14080507897671843,0.47468354430379744,0.022838365792139263,7.785058995845904
19,7,proposed,0.5,1.7911676123882414,0.8994517197045943,8.648545389170465,1.9696686750121228,1.4176259872209098,335984.3103182233,1.0527639137319138,0.1058436331087132,0.5548007246376812,0.03050841645584149,7.785058995845904
19,8,proposed,0.5,1.8234511899037045,0.9708736633546392,8.654903736559598,1.9723432206826774,1.4019072116080862,380241.97361719335,1.194556539319545,0.07845460505261277,0.6006006006006006,0.030948720299619627,7.785058995845904
19,9,proposed,0.5,1.9021151342393945,1.1113526101689002,8.681706208028976,1.9861714127871894,1.3713368812980202,410715.6665734331,1.3046460331188967,0.08533534860024221,0.5662751677852349,0.03359475944858819,7.779237926321428
19,10,proposed,0.5,1.9128365864830719,1.1214797581708094,8.692103494726435,2.029122995020121,1.371940284454259,441233.9834185441,1.4148381618626522,0.0728505440239012,0.5819366852886406,0.03650021346343271,7.779237926321428
19,11,proposed,0.5,1.926937545337861,1.1346469588930972,8.702521342342862,2.078863767952702,1.3736164928598387,473811.75706941047,1.529767041259645,0.08198747786099986,0.5480072463768116,0.03804775616872291,7.773416856796952
19,12,proposed,0.5,1.8708005954397753,1.04223678072688,8.703650782942667,1.9760733769078889,1.3885035653984732,509740.5054980883,1.652403162645604,0.0854339339835828,0.5454545454545454,0.041837963649236934,7.773416856796952
19,13,proposed,0.5,1.8394850720874318,0.9798949230428512,8.706982755377764,1.9690493015894144,1.4031224563393578,540835.1845521056,1.7639209244698435,0.07236670698670183,0.5518547544409613,0.045628171129750955,7.773416856796952
19,14,proposed,0.5,1.821319215444519,0.9409026785094549,8.705130711242592,1.9656199097980542,1.4132480063148019,575292.1040446757,1.8831718393027543,0.07823474599276359,0.5401234567901234,0.05052294735352982,7.767595787272476
19,15,proposed,0.5,1.8001768703140615,0.902907468266956,8.685242941683054,1.975072466639923,1.420420021722559,600040.2999264308,1.9800926898307911,0.07445954752804959,0.5567102137767221,0.05052294735352982,7.767595787272476
19,16,proposed,0.5,1.7808711546670912,0.8658442455035407,8.676950842581643,1.963883006823503,1.4268019190224173,635647.4204062832,2.1019890669344514,0.07245381030289486,0.5509641873278237,0.05389655617157069,7.767595787272476
19,17,proposed,0.5,1.7768175905331358,0.868962721924507,8.65739109633784,1.9656268789647464,1.4222601712307636,665046.8992435607,2.20960786826019,0.07069663523669853,0.5544045426642111,0.05699879357129302,7.767595787272476
19,18,proposed,0.5,1.7745272743981977,0.8638756409694737,8.667051463277879,1.966850422376371,1.4226124299913565,698769.6530702474,2.327170202061569,0.0654674086893813,0.5672268907563025,0.06773840108376562,7.761774717748
19,19,proposed,0.5,1.7735948213186792,0.8639556012633551,8.662847179830601,1.9674988828005684,1.4225722169758541,726326.5404260585,2.430551042979934,0.061180760793425326,0.5732342479674797,0.06773840108376562,7.761774717748
19,20,proposed,0.5,1.7706592753136792,0.8606302575413651,8.65219957560039,1.9681171918847469,1.4229784765623799,749516.6153331704,2.5238882152662923,0.0522791967792547,0.5943889681407513,0.06773840108376562,7.761772348480583
19,21,proposed,0.5,1.7707310230763242,0.8627454241994778,8.651934271740851,1.9686599968049672,1.42185408480361,772771.5484284242,2.6173745613853763,0.04961678922990574,0.5989243807040417,0.06836941601283508,7.761772348480583
19,22,proposed,0.5,1.7588201445461276,0.839177296607634,8.639666675074862,1.9704450995825904,1.426056387898502,800443.2797442357,2.7210195434117423,0.04439719475359728,0.6224279835390947,0.0711120099018065,7.761772348480583
19,23,proposed,0.5,1.754937924584479,0.8195946003065523,8.652426166488452,1.9661884206130555,1.4324088330038844,830187.0862156529,2.829430298296002,0.042202057668464646,0.6205424174174174,0.07785922753788824,7.761772348480583
19,24,proposed,0.5,1.7590963625508909,0.8298983050108218,8.65716734560904,1.9654989302319588,1.4297348434910064,861262.6795612021,2.9409041629907646,0.042542598821948094,0.6172839506172839,0.07978859890890472,7.761772348480583
19,25,proposed,0.5,1.7546545415211472,0.8207642288391493,8.657056425935004,1.96663595670928,1.4314595611459868,895146.5545898352,3.0588370755566205,0.042551777616380154,0.6260016025641025,0.08186751182125472,7.751489143560202
19,26,proposed,0.5,1.754368893843811,0.8212919648373738,8.659875585786656,1.9657783317670516,1.430355074970048,922197.1499178429,3.1610534448110377,0.04282175704693392,0.6204111600587372,0.0883274636320423,7.751489143560202
19,27,proposed,0.5,1.7579329224181215,0.829499676976913,8.666574820134976,1.966368180428032,1.4277481943092032,946719.3331373525,3.25745446621591,0.03740764058285492,0.6158759124087592,0.09120778180497435,7.751489143560202
19,28,proposed,0.5,1.7545725013414541,0.8227657849761858,8.655478061142082,1.9658403672031755,1.4292868669805425,976699.2763363048,3.3664083355735,0.03487629931315496,0.6306306306306306,0.09120778180497435,7.744021510446273
19,29,proposed,0.5,1.7450173028719629,0.8022691072856902,8.652770521567701,1.9683678117175711,1.433725122072096,1008489.2050057743,3.47952517151328,0.03182961903836322,0.6399135622108595,0.09570935673344966,7.744021510446273
19,30,proposed,0.5,1.740648495285981,0.7940064011678399,8.645333978690338,1.9694444168723895,1.435240921862466,1034686.3950825084,3.5797787086897683,0.029303089567869617,0.6474447513812155,0.09570935673344966,7.744021510446273
23,1,proposed,0.5,2.4757150320047616,1.7990489407779766,8.844747760362027,3.5529837681265484,1.3727647339043116,25621.948118509703,0.09893048067257233,0.411474986922137,0.20833333333333334,0.007628975415555607,7.741873045426017
23,2,proposed,0.5,2.0983509874028394,1.3835405713196776,8.737486650441435,2.6817399587872424,1.358126661151345,61560.60823446034,0.22158939893925886,0.27779990080363043,0.2604166666666667,0.011419182896069632,7.741873045426017
23,3,proposed,0.5,1.9043549269722821,1.1093415465211407,8.681694586193146,2.3939307299446084,1.3818414929543146,96465.63165748309,0.3418709528122112,0.2235968230232764,0.3472222222222222,0.013361869274905812,7.741873045426017
23,4,proposed,0.5,1.7827045213920416,0.8676501757011454,8.651491365287095,2.1230623445872436,1.4196685351408331,131614.3317745406,0.46271296308144344,0.1826005329261534,0.4065040650406504,0.015257950831111214,7.741873045426017
23,5,proposed,0.5,1.7716682762107985,0.8491429748564586,8.63465375536714,1.985756915261119,1.427306601912354,180814.0659323423,0.6158723516443876,0.1429697831086661,0.48225308641975306,0.01998115898245286,7.727759115510389
23,6,proposed,0.5,1.7735366319272308,0.8510393156501801,8.644369240029958,1.9739091182265862,1.4307049136750525,214989.78980341036,0.7344765165478442,0.10540063875363632,0.5357142857142857,0.01998115898245286,7.727759115510389
23,7,proposed,0.5,1.7922742846409476,0.903589013335382,8.64237893196635,1.9711419735854498,1.415931433909029,274234.78146280954,0.9107399973644622,0.06458083297073516,0.6301440329218106,0.022838365792139263,7.71755197376201
23,8,proposed,0.5,1.8322982547127107,0.9960287160489597,8.63805416732233,1.9740230829306769,1.3919194104642518,302112.76752173493,1.0148593652999907,0.059262565552484686,0.6535947712418301,0.026677133727180845,7.712836300704382
23,9,proposed,0.5,1.8709580466371805,1.0658332116347349,8.650387334591093,1.976893569936325,1.3769220685958055,338839.03301340685,1.1393297759308356,0.05658601566141547,0.6392045454545454,0.03262606029298204,7.712836300704382
23,10,proposed,0.5,1.8953833077602975,1.1080832417341075,8.655742836732607,1.9830006335058332,1.3687947356777468,366249.0115646364,1.242372726598664,0.05025066037968929,0.6469979296066253,0.03262606029298204,7.712836300704382
23,11,proposed,0.5,1.871518183836397,1.06876455131749,8.6514554576323,1.978695825168687,1.3756044661372016,399227.5236182589,1.3582233043219958,0.05368181293765944,0.6270729684908789,0.03262606029298204,7.708120627646753
23,12,proposed,0.5,1.8642477139732252,1.04930450669819,8.661667543523153,1.977620327473834,1.38090114068219,431824.2905086252,1.4731958681698385,0.05240722888491482,0.6024096385542169,0.03937327792906378,7.708120627646753
23,13,proposed,0.5,1.8388098510537751,1.0001015039586918,8.660523147733498,1.9726778277317178,1.3918119235889803,467565.49209098425,1.5954006318092644,0.04622315707227539,0.6049541809851088,0.03937327792906378,7.708120627646753
23,14,proposed,0.5,1.8438458265328708,1.0021944025991336,8.65412304540662,2.164524524675464,1.3962923092357304,496862.9379790947,1.7027847573519184,0.047237114262368166,0.5900770712909441,0.04646790520517697,7.708120627646753
23,15,proposed,0.5,1.8245406414979353,0.9621136363722776,8.650543890725135,2.1887784378011936,1.4066440959750734,525119.2010158179,1.807774162336382,0.04980587874992582,0.5874060150375939,0.04646790520517697,7.708120627646753
23,16,proposed,0.5,1.7991227085777701,0.9114063634076238,8.638691526742429,2.179208177717791,1.4177350961920794,559577.074632508,1.927027271654769,0.04917320421246202,0.5784526391901663,0.04646790520517697,7.697837422726373
23,17,proposed,0.5,1.7745356962676753,0.8635224388061292,8.63894532230555,1.9683737252881293,1.4246237193981248,595029.1418324524,2.0485670262146405,0.05028043697641521,0.5745069974554707,0.053849798306584325,7.697837422726373
23,18,proposed,0.5,1.7747043576317207,0.856750809310833,8.651123507047505,1.9670346354631978,1.4278281184738786,616650.1456498391,2.1382953349946296,0.047603002372984295,0.5798969072164949,0.053849798306584325,7.697837422726373
23,19,proposed,0.5,1.7715365278476232,0.8490256631613012,8.651642133552537,1.971746512536766,1.429632059070602,649559.4336447216,2.2539866973828597,0.04675885889505281,0.5821078431372549,0.0603097501173719,7.697837422726373
23,20,proposed,0.5,1.775675238272979,0.8585226631145724,8.648798412318401,2.0363512919908664,1.4280066504214715,673862.3261032082,2.3498833500373797,0.04120511232355119,0.6047411707789067,0.0603097501173719,7.690369789612443
23,21,proposed,0.5,1.7664811392960738,0.842234314327043,8.651203178649315,1.9676738050197076,1.4293252744565494,707838.8215046643,2.4680292894607283,0.034201588896362614,0.6275614754098361,0.07106525203682013,7.690369789612443
23,22,proposed,0.5,1.7660469587496759,0.8426518485967162,8.652506028438067,1.966417491038506,1.427944474465268,731865.5034257622,2.5632906578792536,0.03287115578237712,0.6286367414796342,0.07106525203682013,7.690369789612443
23,23,proposed,0.5,1.7630356776555165,0.837845703505408,8.64899307905822,1.9671009579032654,1.4287065843745228,765180.7062061484,2.6799156242741415,0.02951882866355566,0.631204658266514,0.07106525203682013,7.680086584692063
23,24,proposed,0.5,1.7565425679507927,0.8288200563367786,8.646855917282547,1.9694653857513653,1.4282005392787593,793313.5361391243,2.7846211331199857,0.025113765901698178,0.6451612903225806,0.07844714513822748,7.680086584692063
23,25,proposed,0.5,1.7533276137676812,0.8210723050147876,8.648782788410738,1.9690537911088304,1.4293698306045146,823429.6448333384,2.8938881831166783,0.024338238347750285,0.642686739058901,0.07844714513822748,7.672618951578134
23,26,proposed,0.5,1.766788496763261,0.8457678090874259,8.66040227243655,1.967002801801232,1.42460072658233,848126.0097252111,2.9906898223679854,0.024666927511659865,0.6490015360983102,0.08490709694901505,7.672618951578134
23,27,proposed,0.5,1.760711623417825,0.8338965660837162,8.654163763785558,1.9667752641725835,1.426836652747493,873395.6174195496,3.088809920064964,0.024223945780991726,0.6632096069868996,0.08490709694901505,7.672618951578134
23,28,proposed,0.5,1.7473121336270736,0.7982590728578753,8.656301940592451,1.9661212661567646,1.4355599523141365,908609.1627250486,3.209801074267612,0.021378219597989936,0.6688506688506689,0.09165431458509679,7.672618951578134
23,29,proposed,0.5,1.7462749485001778,0.7995929567625789,8.649274151335476,1.9662610877107265,1.434283470763395,937161.0824109007,3.315470489545072,0.02135719507407279,0.6738782051282052,0.09165431458509679,7.672618951578134
23,30,proposed,0.5,1.735258400434381,0.7746224996559102,8.650397057590915,1.9690287718813693,1.4394942208572221,971365.8682775254,3.434141497038308,0.02013208960701613,0.6667852062588905,0.09903620768650415,7.667051419715381
29,1,proposed,0.5,2.4714318008715908,1.7944224379831182,8.845013979256052,3.538558146090125,1.372985346895454,28959.59669521667,0.10660707239899837,0.39654820218480125,0.20833333333333334,0.007628975415555607,7.508574019515415
29,2,proposed,0.5,2.109246660741742,1.394822518502819,8.755334516258975,2.6962205690482657,1.3603818763590692,57839.91818408026,0.21303181182338468,0.2753269561056485,0.23148148148148148,0.011419182896069632,7.508574019515415
29,3,proposed,0.5,1.8440485081147067,0.9979417367289368,8.651034820022009,2.2877674606793077,1.398516274075377,89510.27046060885,0.32587362205940046,0.2559837048460646,0.2604166666666667,0.011419182896069632,7.501277598999267
29,4,proposed,0.5,1.7758449840411559,0.8619423262934556,8.627946709170796,2.0659663333969474,1.4212530994058725,133984.01002637733,0.4681632230606679,0.21873505258019899,0.31446540880503143,0.01904815831162524,7.501277598999267
29,5,proposed,0.5,1.769647211070741,0.8505872123161767,8.620900810074723,1.9795186744684274,1.4273115803720509,195071.6152656201,0.6486647151109262,0.1851008488020875,0.3774154589371981,0.01904815831162524,7.493981178483119
29,6,proposed,0.5,1.7751711619746045,0.8731493240946389,8.619991071197523,1.9760395302871325,1.42029709292207,270923.08891141857,0.8631231044962625,0.12304486427774372,0.487012987012987,0.02432346695609989,7.493981178483119
29,7,proposed,0.5,1.790024874673013,0.8973749981901966,8.64658607147263,1.970069002611672,1.4178395520167708,326999.3235739693,1.0320984442201293,0.0861421607067106,0.5671296296296297,0.02695438601848659,7.493981178483119
29,8,proposed,0.5,1.8801151174112898,1.081603371423664,8.661918075803175,1.980678922349134,1.3770423586253078,369785.28558689554,1.1705061568498603,0.08147989103687489,0.5649717514124294,0.02769707577414076,7.493981178483119
29,9,proposed,0.5,1.9008079455492415,1.1090171729188694,8.683615207382367,1.985626225722286,1.372549525693832,402261.508212256,1.2852014688881892,0.06320295431207079,0.5859375,0.03107068459218163,7.493981178483119
29,10,proposed,0.5,1.9036937598171957,1.1083747538409594,8.693890974538174,1.9989285671948969,1.3741624236632057,432802.88561012596,1.39544663690329,0.05947205633464914,0.5787037037037037,0.03425754868820889,7.48668475796697
29,11,proposed,0.5,1.9032527560284926,1.1046599859106072,8.697252519896404,2.011157329298577,1.3752792846532862,470456.1036161687,1.5220490383171885,0.0628368775078315,0.5626860119047619,0.037530636402969206,7.479388337450822
29,12,proposed,0.5,1.89322235275203,1.0868812631989475,8.692646950001766,1.9805387178358518,1.3794854319500716,499998.5817175435,1.6299967379503506,0.06353497967385247,0.5434782608695652,0.04061697939571591,7.479388337450822
29,13,proposed,0.5,1.8503561792180154,1.0136582366187807,8.677926266210056,1.9876159657802652,1.3938755509278498,527023.4940544623,1.732154036325264,0.061484408947588894,0.5367123983739838,0.04061697939571591,7.472091916934674
29,14,proposed,0.5,1.821470480538583,0.9602310217755696,8.675681909448269,1.969059433841898,1.4038640489200107,564715.8351001638,1.8588464207303774,0.05067959828514165,0.5415561450044208,0.051372481315164135,7.472091916934674
29,15,proposed,0.5,1.798035424519491,0.9087604341503117,8.66287716795418,1.96696976657813,1.4177298923125925,596919.7422182786,1.9729154071020414,0.053289666795068906,0.5412817551963048,0.051372481315164135,7.4647954964185255
29,16,proposed,0.5,1.796902986520049,0.9080950675757612,8.65071050608968,1.9747972834492908,1.418128520289542,625053.9393662547,2.077624060542387,0.05173660282125979,0.5509641873278237,0.051372481315164135,7.4647954964185255
29,17,proposed,0.5,1.7797173071671113,0.873614371935984,8.640515590620376,1.9742574288103811,1.425041918855023,658488.65290647,2.1945239016848817,0.04988935591123196,0.5443791440626884,0.05783243312595171,7.4647954964185255
29,18,proposed,0.5,1.7785638750552133,0.8736438944056597,8.637334892017678,1.9711266146985094,1.424084342743437,684941.043279719,2.2953643995433537,0.04850582677010208,0.5541871921182266,0.05783243312595171,7.4647954964185255
29,19,proposed,0.5,1.7780261405386204,0.8718566625100956,8.642942533266783,1.9710812109002491,1.4243553178463548,716284.8984053242,2.4074552663322453,0.04706744283022963,0.5604197714853453,0.06492706040206489,7.4647954964185255
29,20,proposed,0.5,1.7812591499876478,0.8923426314602557,8.630838475743891,1.9723066633306128,1.4140886840903042,734908.5442277801,2.4902896517238937,0.03980139490149985,0.5755064456721916,0.06492706040206489,7.4647954964185255
29,21,proposed,0.5,1.7654065849280485,0.8590601598019694,8.627567849541963,1.972537012516724,1.4203454652795025,765722.0045872382,2.6011606105506475,0.036564649415658824,0.572786783042394,0.06830066922010576,7.457499075902377
29,22,proposed,0.5,1.764453596778448,0.8601260070608459,8.623416875050463,1.9729405068108343,1.4189686806075166,800276.9713253768,2.7206370340483663,0.03352798134535599,0.5848801237432328,0.06830066922010576,7.457499075902377
29,23,proposed,0.5,1.7517529000994372,0.8335092802904932,8.623269878553717,1.9752371043388026,1.423338872689924,836553.9605675867,2.8440741093054487,0.03522054372456572,0.584349593495935,0.07568256232151312,7.457499075902377
29,24,proposed,0.5,1.7538195119342799,0.8365917675529313,8.628107083137118,1.9737967257668716,1.4233329197200124,861285.1792633747,2.9409559123057605,0.03200830039089864,0.5830903790087464,0.07568256232151312,7.457499075902377
29,25,proposed,0.5,1.7564559762382466,0.8398947126165622,8.627505595623495,1.9722564462701735,1.4238848401006634,887008.528478296,3.04011961550008,0.0281476662073912,0.607314987562189,0.07905617113955399,7.450202655386229
29,26,proposed,0.5,1.7595614542026503,0.838049144693851,8.638965708494831,1.9678881206490921,1.4260419072183719,913281.4005836888,3.1405472213424837,0.026632336326039542,0.6117868520127425,0.07905617113955399,7.450202655386229
29,27,proposed,0.5,1.7546890437082725,0.8243363272966882,8.642660935462898,1.9673954214099376,1.4296430584172395,947177.8284609797,3.2585090054602524,0.025861270061268454,0.6104300643086816,0.08362736684394631,7.450202655386229
29,28,proposed,0.5,1.7541405871802933,0.8245300497862954,8.642763116234512,1.9675373346714364,1.4290151599619567,974372.5615728872,3.3610568916176393,0.02545956057881657,0.6131131131131131,0.08551612295034156,7.450202655386229
29,29,proposed,0.5,1.7446570958077714,0.8055351654665427,8.643239856148972,1.9697215668820962,1.4320469124322455,1013327.2828577175,3.490652750572749,0.02370851463288736,0.6226308931532812,0.09289801605174891,7.450202655386229
29,30,proposed,0.5,1.7375420110395596,0.7873811701652531,8.639897888196971,1.970844623583398,1.4365109469174624,1039515.9239171477,3.5908866250094387,0.021836767996274726,0.6296171927468099,0.09289801605174891,7.450202655386229
31,1,proposed,0.5,2.4699898626570285,1.7934590107123185,8.841015117660682,3.5384729100972856,1.3720658342051466,28046.55488628731,0.10450707623846084,0.3950693585071444,0.20833333333333334,0.007628975415555607,7.116170703983553
31,2,proposed,0.5,2.107119609947367,1.392951226721978,8.745477743578446,2.6897443268285772,1.3590775939940738,65123.96819356412,0.22978512684519753,0.2575553665799432,0.2777777777777778,0.011419182896069632,7.109315833301878
31,3,proposed,0.5,1.866446061431009,1.0434646256064992,8.657163780928379,2.3322391725288254,1.3919262152045557,94445.16795546842,0.3372238862975774,0.2166993844836635,0.3125,0.011419182896069632,7.102460962620203
31,4,proposed,0.5,1.795582622863037,0.900194768413123,8.645129354508265,2.1003054368148195,1.4123522968971307,121389.3084049726,0.439195409331437,0.18570898422389756,0.4065040650406504,0.01904815831162524,7.102460962620203
31,5,proposed,0.5,1.7743367593302346,0.8609783537106165,8.647867458911664,2.0042756808245388,1.4184197388189224,167739.64407815711,0.5858011813797614,0.15217559026484154,0.5106209150326797,0.01998115898245286,7.102460962620203
31,6,proposed,0.5,1.7642497830969612,0.8313781658623347,8.647210149596967,1.9825974741498016,1.431891927418193,209157.4356394188,0.7210621019706632,0.1070683573750999,0.5681818181818182,0.022838365792139263,7.102460962620203
31,7,proposed,0.5,1.7815238083981815,0.875851373940266,8.653809780413756,1.9720300012204237,1.4239105179851066,255378.11128487272,0.8673696559552072,0.07576175660539465,0.6301440329218106,0.022838365792139263,7.102460962620203
31,8,proposed,0.5,1.85517675674957,1.0425612186233046,8.650647057959109,1.9783353624723305,1.3822087917223387,293280.7630949779,0.9945457551184492,0.07104554162765744,0.6535947712418301,0.026677133727180845,7.095606091938528
31,9,proposed,0.5,1.8728389336682196,1.0706130902562934,8.660992190182007,1.9797104579212452,1.3766541925530718,331437.71193976706,1.1223067374614641,0.053166638186990196,0.6643700787401575,0.03046734120769487,7.095606091938528
31,10,proposed,0.5,1.8935949770461398,1.095320027773171,8.683149048181592,1.9824696779119941,1.373980807055506,358273.9580250568,1.2240301034576304,0.04875651081976401,0.6720430107526881,0.03425754868820889,7.088751221256853
31,11,proposed,0.5,1.907142109715721,1.1149489460492685,8.690495978105968,2.025575565611197,1.3709983970870188,394731.28210708685,1.3478819488462994,0.043816617194679164,0.6564670138888888,0.03804775616872291,7.081896350575178
31,12,proposed,0.5,1.8850694815760645,1.077866762732436,8.68658045593207,1.9811353283565702,1.3777091093620468,425028.78870973847,1.4575662140323984,0.04312980124313819,0.6329113924050633,0.041837963649236934,7.075041479893503
31,13,proposed,0.5,1.8823820121202703,1.0637899113439875,8.693273280252596,1.9873170422266835,1.384448254587626,449730.07035758556,1.5543791618224467,0.04666621154752923,0.6133855981416957,0.045628171129750955,7.075041479893503
31,14,proposed,0.5,1.8424878243502874,0.996617072686006,8.67628839598459,2.0017085171052695,1.3969686502326535,474796.7147437516,1.6520324439106286,0.04590733160798552,0.6058358061325421,0.049418378610264976,7.068186609211828
31,15,proposed,0.5,1.8106379475894956,0.940062533871383,8.663399554525506,1.9689633818092531,1.407309950002616,512345.09771997435,1.778393724755941,0.04332279683089188,0.5844763092269327,0.053208586090779,7.0613317385301535
31,16,proposed,0.5,1.7844400500800823,0.8820788702434909,8.658716650214613,1.9675543064161258,1.4215607374795574,538890.350648258,1.879447806490993,0.04387193446521086,0.5673758865248227,0.05699879357129302,7.0613317385301535
31,17,proposed,0.5,1.7765727970960619,0.8643424544382589,8.649260180187273,1.9671256834592517,1.425995043560486,571048.1397864668,1.993410721508873,0.04208979546728055,0.5701546717171717,0.05699879357129302,7.054476867848479
31,18,proposed,0.5,1.7837388902581475,0.8814735440498749,8.650409739904278,1.9665571142487268,1.4215709290423577,596150.0306891991,2.091145070585157,0.042897590272991094,0.5769230769230769,0.06078900105180704,7.054476867848479
31,19,proposed,0.5,1.7816639382232509,0.8888291153679323,8.643207272845252,1.9682733379420094,1.4150422751794411,626434.3503776719,2.2007990058686446,0.034577590034316985,0.6007055378061767,0.06078900105180704,7.054476867848479
31,20,proposed,0.5,1.7809892361304238,0.8898191408915274,8.639002273192157,1.9688066993008366,1.41426524135069,657746.9769582811,2.3128180470040456,0.03217920666021526,0.5986590038314177,0.06457920853232106,7.054476867848479
31,21,proposed,0.5,1.77787024074941,0.8842428850590293,8.635719967588807,1.9689693435794164,1.4151448551417707,686869.4994566169,2.419799848750218,0.029400392893598436,0.6060356200527705,0.06836941601283508,7.054476867848479
31,22,proposed,0.5,1.7770709098058295,0.8808267821254855,8.643055812185889,1.9688241475058086,1.4163495099606744,717985.1489923088,2.531365842682309,0.02742218459053812,0.6023496614894465,0.07599839142839068,7.054476867848479
31,23,proposed,0.5,1.7793839775560352,0.8897052460571465,8.640814050264785,1.9700536722695658,1.413259968892544,741597.051953469,2.6256732194929775,0.02452268085633051,0.6156890130353817,0.07599839142839068,7.054476867848479
31,24,proposed,0.5,1.776018838675479,0.8774413508689053,8.647268729855949,1.9676232420063686,1.416412535006832,768394.1617608663,2.727306572049991,0.026391272065489937,0.6141248720573184,0.0797885989089047,7.054476867848479
31,25,proposed,0.5,1.7624722938654094,0.8444647896187185,8.642706044461429,1.9671957423157558,1.4250284195028542,802527.7055162429,2.845813722687357,0.0254079202587474,0.6136113729186302,0.08357880638941872,7.054476867848479
31,26,proposed,0.5,1.7621233343430995,0.8429915811446373,8.644474181216918,1.966280412658154,1.4248410343681095,827048.2212895282,2.9422109089659134,0.02504441621764402,0.6128517551494053,0.08736901386993275,7.054476867848479
31,27,proposed,0.5,1.7574785609565924,0.8321350138838404,8.641844050787936,1.9666840663649259,1.4275359986880527,855450.2850721659,3.04753565566598,0.023543583743157473,0.6173780487804879,0.08736901386993275,7.054476867848479
31,28,proposed,0.5,1.7469186738072986,0.8066252351425482,8.641252766488696,1.9695244664087317,1.4339976059225596,890582.6581450055,3.1683401137335103,0.024529668538006543,0.6099078914612895,0.09115922135044677,7.047621997166804
31,29,proposed,0.5,1.7429533275015987,0.7995460354659633,8.63812608733087,1.9711449228174214,1.4345275827851935,921936.6153818353,3.280454215378219,0.024639875986233323,0.618673493408663,0.09115922135044677,7.047621997166804
31,30,proposed,0.5,1.7423049550469394,0.8026074545984837,8.633091405595263,1.9725779367338494,1.4325412636283645,944457.162794464,3.372251474427265,0.02199577802225223,0.621684350132626,0.09494942883096079,7.047621997166804
37,1,proposed,0.5,2.46663789707963,1.7893323260615706,8.842707818370464,3.520458869008192,1.372905843881299,27858.558935299967,0.10407468555118994,0.39496880743987267,0.20833333333333334,0.007628975415555607,7.308315872558195
37,2,proposed,0.5,2.0820734645335777,1.3594796152677648,8.747424295519775,2.6724204500765456,1.3628966317544022,63795.67046865456,0.2267300420779056,0.28448073818537367,0.24509803921568626,0.011419182896069632,7.301019452042047
37,3,proposed,0.5,1.8316008430087414,0.9837998854927875,8.643115399676153,2.2182445781167406,1.3981027751072195,97630.62356600625,0.3445504342018145,0.24050514428627506,0.3024193548387097,0.011419182896069632,7.301019452042047
37,4,proposed,0.5,1.7627350994378552,0.840159614733252,8.622488677876634,2.0085027617876228,1.4233418403828242,132164.3536488545,0.4639780133923655,0.21369785428401059,0.3546099290780142,0.01904815831162524,7.293723031525898
37,5,proposed,0.5,1.7582014276215265,0.8273114626686227,8.62111646011655,1.985734056566852,1.4286540943213153,200455.80024379975,0.6610483405607394,0.15341853585285942,0.4734848484848485,0.01904815831162524,7.293723031525898
37,6,proposed,0.5,1.760613256213596,0.8165233265800382,8.648921533987192,1.9735451926930851,1.4382870940290946,282292.984466984,0.8892738642740631,0.11452902787704497,0.5681818181818182,0.02396118816646038,7.293723031525898
37,7,proposed,0.5,1.7835821563814331,0.8809577110375378,8.653525371521408,1.9704620340556858,1.422441358585384,332362.17260022287,1.0444329969805126,0.07631235690914077,0.6301440329218106,0.034318996459126574,7.293723031525898
37,8,proposed,0.5,1.8581898786512945,1.0402125502458395,8.66318927688255,1.9778508644842188,1.385391828262833,363245.36683280504,1.155464343715452,0.06003084045958506,0.6472491909385113,0.034318996459126574,7.293723031525898
37,9,proposed,0.5,1.8862284651248318,1.079044476512875,8.686837216362708,1.9807398309767899,1.3796870278456568,390792.0690303955,1.25882175876991,0.04138118668273248,0.6392045454545454,0.034318996459126574,7.293723031525898
37,10,proposed,0.5,1.9115623257581615,1.114873723134223,8.69209606395382,2.049532472718897,1.376048197324852,417041.35163239995,1.3591951087545202,0.04026497024593249,0.6056201550387597,0.034318996459126574,7.293723031525898
37,11,proposed,0.5,1.8900285913082397,1.0772665665586707,8.69512611835531,2.0099037978422074,1.3828072665784,455286.0372909935,1.4871578857692853,0.039956013907570136,0.5781727828746177,0.03804775616872291,7.293723031525898
37,12,proposed,0.5,1.8507924525472468,1.0081097041500928,8.68919677801957,2.008111923383804,1.396142482931025,479360.88700115157,1.5825300401026492,0.04127771148304374,0.5681818181818182,0.041837963649236934,7.293723031525898
37,13,proposed,0.5,1.8416465140900993,0.9935456212720795,8.686738629200445,1.9725959954399348,1.3985899771906185,509975.3930101178,1.6929434039232718,0.04508790927686772,0.5400051124744376,0.045628171129750955,7.28642661100975
37,14,proposed,0.5,1.8403937860276511,0.9861068724626273,8.698361106195396,1.9718432508105637,1.4013462899849551,540761.6936143546,1.8037518953130167,0.04654628836985549,0.5303030303030303,0.049418378610264976,7.279130190493602
37,15,proposed,0.5,1.8162228546811958,0.9436955669517992,8.67744775020512,1.9813930961612876,1.410439280181415,572304.5865952161,1.916300549168998,0.04444627642320604,0.5326704545454546,0.053208586090779,7.279130190493602
37,16,proposed,0.5,1.814434050030916,0.9371700848310179,8.674488179531265,2.038062059465506,1.4130988102338284,602045.7763713145,2.024705285654024,0.04648880046079535,0.5188067444876784,0.05699879357129302,7.271833769977453
37,17,proposed,0.5,1.7802157649835075,0.8661694813525038,8.658769924224575,1.9680753832756552,1.4278247293369961,630643.7800661379,2.1304806941521175,0.04445220539329321,0.5253781268179174,0.05699879357129302,7.271833769977453
37,18,proposed,0.5,1.7805274638169424,0.8819494229114812,8.649696169717725,1.969484319675248,1.4180970584205572,658188.3843330552,2.233833283966027,0.04282734611316438,0.5323343848580442,0.06078900105180704,7.271833769977453
37,19,proposed,0.5,1.7789727211335375,0.8814912373416207,8.651996824875628,1.971158530294606,1.4172029626677873,690551.777735878,2.3482690887925193,0.039910697029091544,0.5441992281717318,0.06457920853232106,7.271833769977453
37,20,proposed,0.5,1.774917868015893,0.8716637385031768,8.649158247599964,1.9712474492606742,1.4197658950079195,717702.3520650705,2.450715409749662,0.03792193445963948,0.5570409982174688,0.06836941601283508,7.271833769977453
37,21,proposed,0.5,1.7705939496684144,0.8596819352284218,8.645816941651457,1.9688136913093934,1.4232653873831889,747495.04607462,2.559238605971626,0.035616219556592034,0.5699441687344913,0.06903716974489235,7.271833769977453
37,22,proposed,0.5,1.7741542570983828,0.8652676225207916,8.65027944840877,1.9671917738328895,1.4219051509957952,774560.115989163,2.661488266775075,0.032581277461303675,0.5821785989222479,0.0721596234933491,7.271833769977453
37,23,proposed,0.5,1.770372965674254,0.8613352122374999,8.648163350010723,1.968596177360465,1.4213553826131617,800782.0598135338,2.7617987375711275,0.0300101167720425,0.5963654401154401,0.07978859890890472,7.271833769977453
37,24,proposed,0.5,1.7622865885258368,0.8414825367253338,8.641715214015777,1.9691706996179095,1.4265787003998107,828430.4764756636,2.8653900958940257,0.03129313611171072,0.594059405940594,0.07978859890890472,7.264537349461305
37,25,proposed,0.5,1.7527143714197895,0.8201037801199144,8.63867061618663,1.9704633834652703,1.4315050438610435,865300.1382935048,2.9901903180750606,0.030149768180767988,0.5923946011525629,0.08357880638941874,7.264537349461305
37,26,proposed,0.5,1.7519945982297902,0.8217805150185026,8.637243273422204,1.9708288311951778,1.4299838256457877,895811.2378853746,3.1003658471363607,0.029590974106727938,0.6070402298850575,0.08357880638941874,7.264537349461305
37,27,proposed,0.5,1.7560722594172051,0.8333680373312644,8.632254235066448,1.9711902699181905,1.426735377202471,917374.2334004348,3.189960736820999,0.028282051733755788,0.6089615076182838,0.08736901386993276,7.264537349461305
37,28,proposed,0.5,1.7605370747549833,0.8372167807336722,8.638883249014391,1.969273434657685,1.4276211078068795,946118.5708060847,3.2960727128539933,0.027812942883146216,0.6200961781827385,0.09120778180497434,7.264537349461305
37,29,proposed,0.5,1.759599463114901,0.8371576121280714,8.633226421962636,1.970051128187487,1.427200675982848,969991.1206819322,3.3909795775684426,0.02611469968049581,0.6217471019635675,0.09499798928548836,7.264537349461305
37,30,proposed,0.5,1.7498026729772902,0.8137552201708663,8.631937198931844,1.9700144037903153,1.4322422094486147,1003532.0779459516,3.508123779275687,0.02592159007955913,0.6338742393509128,0.09499798928548836,7.257240928945157
41,1,proposed,0.5,2.4611221610440275,1.783921653370118,8.839062073590542,3.506209021314763,1.3721010461246284,28434.861390336242,0.10540018119777338,0.4163045099017605,0.20833333333333334,0.007628975415555607,7.142581749769268
41,2,proposed,0.5,2.0612396647551443,1.3325741992535256,8.742259211049594,2.643358204774339,1.3641832485164518,61508.79330821965,0.22147022460890523,0.3190090949520831,0.21929824561403508,0.011419182896069632,7.1352853292531195
41,3,proposed,0.5,1.8204469827168717,0.9417821168044009,8.65151931999287,2.220482186116913,1.4069945622269797,91072.29207905398,0.32946627178182425,0.287688698562225,0.2403846153846154,0.011419182896069632,7.1352853292531195
41,4,proposed,0.5,1.7689055589088567,0.8541208752570083,8.621652383785008,1.9957997070699358,1.4197585229888596,116646.89448796239,0.4282878573223136,0.23324401423790933,0.32051282051282054,0.01904815831162524,7.127988908736971
41,5,proposed,0.5,1.7691889240598069,0.8495621063578802,8.61664945991533,1.984687190473816,1.4261297115869573,192095.7040403466,0.6418201192927973,0.17853483860837252,0.4200268817204301,0.01904815831162524,7.127988908736971
41,6,proposed,0.5,1.7797366334961124,0.8846763831427527,8.616504941537345,1.9780529892072445,1.4178217669431314,263774.87031636154,0.8466822017276318,0.1312677767749424,0.5,0.02769707577414076,7.127988908736971
41,7,proposed,0.5,1.791576285290007,0.9110317954734559,8.623715365542605,1.9743214908342508,1.412150157256629,340478.28164542955,1.0631000477844885,0.09630582101173715,0.5935077519379846,0.02769707577414076,7.127988908736971
41,8,proposed,0.5,1.8384037887746667,1.0098496185309793,8.636348437586477,1.9744239045395986,1.3884879097089424,367541.544256882,1.1653455517908293,0.07306846213271749,0.6116207951070336,0.030783418766887463,7.127988908736971
41,9,proposed,0.5,1.869511636681502,1.0558461385835651,8.677161798469966,1.9786180485125922,1.3805367322898872,400663.00951406505,1.2815249218823503,0.0606832075104548,0.6114130434782609,0.031754365801081055,7.120692488220823
41,10,proposed,0.5,1.892733962509723,1.0893424892671075,8.686972213932417,1.9856424749010788,1.3758907245302177,440287.0400015487,1.4126601920035626,0.06362642390111078,0.5986590038314177,0.03455448261378185,7.113396067704675
41,11,proposed,0.5,1.8965321299690021,1.0923981233952214,8.683137801887474,1.9954520697822964,1.3773687793746154,467983.36292227864,1.5163617347212413,0.0650590050330913,0.5781727828746177,0.03804775616872291,7.113396067704675
41,12,proposed,0.5,1.8538718583815676,1.019830354720506,8.681954587756438,1.975707295401944,1.3901199624760396,507386.8548331011,1.6469897661161332,0.07044249862259092,0.5617977528089888,0.041837963649236934,7.106099647188526
41,13,proposed,0.5,1.8288011516737097,0.9669794952103049,8.676586873064691,1.9975049613322708,1.4044327650207709,539533.4626285642,1.7609269640456986,0.07301232631174939,0.5416666666666666,0.045628171129750955,7.098803226672378
41,14,proposed,0.5,1.8192116113316372,0.9504464620865287,8.671070383529482,1.99199373505261,1.4075289938565914,572198.3396280996,1.8760561811446297,0.06937853027107263,0.5532971996386631,0.049418378610264976,7.098803226672378
41,15,proposed,0.5,1.788665333835853,0.8861972467568786,8.66131069659246,1.9653673123537825,1.4215163063944813,602898.7516024397,1.9866671286856115,0.06524514667510581,0.5463286713286714,0.053208586090779,7.098803226672378
41,16,proposed,0.5,1.7924658379199645,0.8941138178074104,8.662626976522839,1.972499939058509,1.4188879536487868,633553.1597946372,2.0971722675276667,0.06617129723892011,0.5614035087719298,0.054746090133205014,7.09150680615623
41,17,proposed,0.5,1.7781704875766564,0.8674508543893864,8.643627408308907,1.9852039497095135,1.424580672001153,665738.1330620325,2.2111977060426757,0.061632960128887734,0.584546925566343,0.054746090133205014,7.09150680615623
41,18,proposed,0.5,1.7695769860227342,0.85357211225786,8.637743668679162,1.9685432823251119,1.425670088353021,702186.6510335599,2.3350292973771887,0.05576629176671487,0.598404255319149,0.06212798323461237,7.09150680615623
41,19,proposed,0.5,1.7727950439830964,0.8720639464664842,8.625741538959556,1.9695991231415793,1.4173937360515205,723458.9825943107,2.4239556599669156,0.0510777228802802,0.6184895833333334,0.06212798323461237,7.09150680615623
41,20,proposed,0.5,1.7664265816786082,0.8579904800234383,8.624303934260215,1.970807976181676,1.4206395289475418,756466.1457603412,2.539872135248786,0.0488719955099776,0.6265664160401002,0.06550159205265324,7.09150680615623
41,21,proposed,0.5,1.7623695810043412,0.8445167656927022,8.62240351233147,1.969744903525727,1.4256378743636666,782464.9616643989,2.6396694118281188,0.0462743623570253,0.6310096153846154,0.07196154386344081,7.09150680615623
41,22,proposed,0.5,1.758854711952236,0.8390486262531236,8.618585492694834,1.9701694971219808,1.4259006490829322,816038.1227064133,2.756887682224751,0.04443896937334327,0.6294215563878485,0.07196154386344081,7.084210385640081
41,23,proposed,0.5,1.7629587460830183,0.8501944348074161,8.627184124696702,1.9702368635346412,1.4223953112104253,839849.0202132638,2.851652746490507,0.04097291718792336,0.6407461240310077,0.07934343696484816,7.084210385640081
41,24,proposed,0.5,1.7594565685798813,0.8445880041192653,8.623345119074875,1.9704859799838712,1.4228463828511388,862515.0442736052,2.9437846018292917,0.03993011775556285,0.6500541711809318,0.07934343696484816,7.084210385640081
41,25,proposed,0.5,1.7566429591091413,0.8333049749850236,8.630692582765333,1.96780748673541,1.4259686239877252,896267.3380447248,3.0614148775028673,0.03912905886051514,0.6490943835161183,0.08271704578288903,7.084210385640081
41,26,proposed,0.5,1.7494043286891618,0.8173648614623544,8.630585403609546,1.970226246032827,1.4296331421906563,928490.1679198474,3.175527386215649,0.03972874793842015,0.64960024600246,0.08672533006625552,7.084210385640081
41,27,proposed,0.5,1.7466159435816782,0.8116126395458325,8.625861383045184,1.9695778873606946,1.4306138152049916,951477.1922325337,3.2683975421348275,0.03853806837260443,0.6473785166240409,0.09009893888429639,7.084210385640081
41,28,proposed,0.5,1.7431255304239914,0.7998859453410514,8.62265558126499,1.9689853217370528,1.4343976666180618,982766.3441906943,3.380362591638597,0.03783692592037122,0.647120972002113,0.09009893888429639,7.076913965123933
41,29,proposed,0.5,1.7436023228816175,0.7982050045306889,8.634619233774899,1.9677865734420694,1.4345594571641027,1017340.6124627021,3.499883408664214,0.03500306912408803,0.6489197530864198,0.09655889069508397,7.076913965123933
41,30,proposed,0.5,1.7410691468360437,0.7963718988751536,8.627666641269332,1.9692420125007428,1.4343824605618907,1040807.0360896261,3.5938561830061393,0.03288632370388514,0.6447730398899587,0.09655889069508397,7.076913965123933
43,1,proposed,0.5,2.471546637283186,1.7879494354375685,8.868451580302224,3.530497042903214,1.377535310258301,30048.218553504044,0.10911090267305933,0.3810648113248044,0.20833333333333334,0.007628975415555607,7.297910968360682
43,2,proposed,0.5,2.104750753153016,1.3756743217483598,8.785552661272996,2.6502095368170124,1.3671872203599835,62259.534862021144,0.22319693018264872,0.277495795663557,0.23148148148148148,0.011419182896069632,7.297910968360682
43,3,proposed,0.5,1.8505102895670293,0.9916800082274684,8.702853565808436,2.305860282343986,1.4074968921541333,93684.67415411821,0.335474750554472,0.24444653154515802,0.2757352941176471,0.011419182896069632,7.289884446542806
43,4,proposed,0.5,1.790386517683112,0.8742934505293514,8.672726027942504,2.094871037498951,1.4221419607881822,117716.03823549648,0.4307468879416421,0.19989247217927947,0.3546099290780142,0.01904815831162524,7.28185792472493
43,5,proposed,0.5,1.7743779472101557,0.8446030769687293,8.642745750218378,1.9778719569098724,1.4333592936055148,181399.75827205635,0.6172194440257297,0.16009048824112512,0.41335978835978837,0.01904815831162524,7.273831402907054
43,6,proposed,0.5,1.7734826653705626,0.8471637422743676,8.645257589145972,1.9766432933613838,1.432041775150781,247153.79182361384,0.8084537211943119,0.10576585574009033,0.528169014084507,0.038661304432773595,7.273831402907054
43,7,proposed,0.5,1.7707044084129533,0.839646322963739,8.647980890930528,1.974714275882568,1.4337158878113192,315664.3289374871,1.0060279565562202,0.079627958371431,0.6149598393574297,0.038661304432773595,7.273831402907054
43,8,proposed,0.5,1.8072781167388292,0.9303551955221745,8.650376790094048,1.9731240439187172,1.4125063498378803,353622.15985972254,1.1333309676773622,0.07252244389389301,0.6349206349206349,0.038661304432773595,7.265804881089178
43,9,proposed,0.5,1.8920439263982387,1.0962178631413408,8.656677456471288,1.9826108726744562,1.3756165408933705,386709.73296261235,1.2494323858140088,0.06878521872579905,0.6026785714285714,0.0417476474255203,7.257778359271302
43,10,proposed,0.5,1.930233818396232,1.1511197564880487,8.672258439375392,2.0692010473782165,1.3674676229940272,415347.77475870645,1.355299881945025,0.061987111817690996,0.5852059925093633,0.04214270003492093,7.2497518374534256
43,11,proposed,0.5,1.957986228593034,1.178474883799276,8.708921461678885,2.1807741735426642,1.3682084133611854,449715.21264806984,1.4743449890905607,0.05942607471105183,0.5626860119047619,0.04512125624356117,7.241725315635549
43,12,proposed,0.5,1.9243232990917605,1.1174760307243712,8.719803514551964,2.1100518959286787,1.3806668123847297,479985.4630465395,1.5839665650070414,0.06288765648515691,0.5576208178438662,0.04512125624356117,7.233698793817673
43,13,proposed,0.5,1.905883729765071,1.0921010036699859,8.715513037183145,2.0527387112352784,1.3820796164091194,508096.54810827924,1.6886220606490427,0.06274259150617456,0.5535901467505241,0.045628171129750955,7.225672271999797
43,14,proposed,0.5,1.876232084736746,1.0374781890772078,8.71206794607288,2.0076694918543687,1.395516644824595,540587.5560032744,1.8033513788075313,0.06418945843225372,0.538698328935796,0.049418378610264976,7.225672271999797
43,15,proposed,0.5,1.8296680620596513,0.9520800665549751,8.706805223141266,1.9705711408087492,1.4113858512548285,576415.063917015,1.9257546470091345,0.05962403628950034,0.5351027397260274,0.053208586090779,7.217645750181921
43,16,proposed,0.5,1.8180686752053414,0.9331402598032363,8.700314656129997,1.9698418270769533,1.4134682792190294,600717.1768401463,2.0216495067323366,0.061359509068050225,0.5365526492287056,0.05699879357129302,7.209619228364045
43,17,proposed,0.5,1.7991984456530086,0.8987781690758945,8.683255475786055,1.9670835843406207,1.4197185262411829,639726.1184261249,2.1513700723800873,0.05349144110396054,0.5473484848484849,0.06141476868317719,7.201592706546169
43,18,proposed,0.5,1.7724496117620046,0.8398554652127072,8.669970881903033,1.9650792137666822,1.4326904104417457,668527.9040598262,2.2576141793376,0.05165929084263579,0.5452342487883683,0.06141476868317719,7.193566184728293
43,19,proposed,0.5,1.7672363001537437,0.8378214012968999,8.661165552142483,1.9644861600410475,1.42992698439269,691034.0157523014,2.349378236230293,0.04755590145560629,0.5530024509803921,0.06141476868317719,7.185539662910417
43,20,proposed,0.5,1.7668878808972897,0.8411914021423679,8.65968926793449,1.965482441112228,1.4282676150807663,719186.1575231934,2.4541281623033444,0.04550618980776209,0.5577867023650156,0.06879666178458455,7.177513141092541
43,21,proposed,0.5,1.7720431391227163,0.8556832072739681,8.657428574768991,1.965456648403656,1.4243360105488316,747411.2576642286,2.559045892627725,0.0397645405144449,0.5851910828025477,0.06879666178458455,7.1694866192746645
43,22,proposed,0.5,1.7761170456761075,0.8592451943781271,8.676446489036406,1.9647761940451305,1.42361438433061,774685.9764892898,2.661777745925365,0.035893254559509875,0.596646942800789,0.07280494606795103,7.161460097456788
43,23,proposed,0.5,1.7724180075701164,0.8603047512057796,8.665157845288055,1.9677407802318576,1.4209528012844506,804979.6168317833,2.7714531187131,0.030712861788345452,0.6163777032065623,0.0761785548859919,7.161460097456788
43,24,proposed,0.5,1.7616344668875372,0.8372421480550251,8.659574706978342,1.9680221028063123,1.426179289453679,835224.7908430351,2.8810170189389788,0.030450321128504796,0.6141248720573184,0.08356044798739926,7.153433575638912
43,25,proposed,0.5,1.7568527301151893,0.8236904989435411,8.655384704290856,1.9678887284893696,1.4303388570911486,857745.6852366662,2.9728150760443306,0.029168297691257526,0.6290257648953301,0.08356044798739926,7.153433575638912
43,26,proposed,0.5,1.7501394523615081,0.8048457904147741,8.652998728277748,1.9668900462908212,1.4351210974905502,888110.5265386131,3.0826542110388084,0.027732117030542004,0.6326744534291704,0.08664679098014595,7.153433575638912
43,27,proposed,0.5,1.7462132457795339,0.7998674053751149,8.648576136880902,1.9668133779486183,1.4350158173065932,926233.9630090576,3.2103381149208303,0.0273298704303317,0.6333402835696413,0.0933940086162277,7.145407053821036
43,28,proposed,0.5,1.7389986032790212,0.7853652785650518,8.640080463643262,1.968188526718357,1.4378669621376163,953008.3851623381,3.3119192858733753,0.02517808768869572,0.6286887349243008,0.0933940086162277,7.13738053200316
43,29,proposed,0.5,1.7373218653568998,0.7795489472268202,8.643885262310198,1.9677323231104311,1.4391685608303884,984123.1752357567,3.4234833030422376,0.024497453725498573,0.6288884900693946,0.09676761743426857,7.129354010185284
43,30,proposed,0.5,1.7392573454476088,0.7883913540722967,8.638598467729473,1.9674225467856232,1.4362864970815234,1012254.1219426572,3.5281844804681084,0.022596460759663862,0.6338742393509128,0.10014122625230944,7.121327488367408
47,1,proposed,0.5,2.4794372807588787,1.8025458913605896,8.848608993583248,3.5615486910726775,1.3734676692783931,24618.440630868507,0.09662241345099758,0.3751888178328089,0.20833333333333334,0.0037902074805140247,7.721575855217516
47,2,proposed,0.5,2.194845725109756,1.4992250884109688,8.767513474305654,2.8386622239903416,1.3557748256348094,49453.62177028613,0.19374333007165814,0.2594146837999862,0.2604166666666667,0.011419182896069632,7.71575478569304
47,3,proposed,0.5,1.911230357993905,1.112241328780235,8.673715505735395,2.480208293820269,1.3864948389203295,73765.12567377705,0.2896597890496873,0.23408242056788275,0.2840909090909091,0.011419182896069632,7.709933716168564
47,4,proposed,0.5,1.7960351335199296,0.904890835019457,8.621952402825595,2.1237542137258236,1.4081182229812934,100100.69560136211,0.39023159988313305,0.2012314769425273,0.3333333333333333,0.015209390376583656,7.709933716168564
47,5,proposed,0.5,1.7799823332598261,0.8759976064803192,8.615202601623551,2.074221080831735,1.4196191346728975,156459.53095285912,0.5598569211915762,0.1580175274363126,0.4200268817204301,0.01899959785709768,7.709933716168564
47,6,proposed,0.5,1.7789233487699192,0.8691429809275727,8.625018881877176,1.9790986681000553,1.4250276369824002,228591.2447674505,0.7657598629651363,0.10628911816062753,0.5136986301369864,0.034163159342052433,7.709933716168564
47,7,proposed,0.5,1.7905193514278015,0.9008799963656674,8.63268303024311,1.9750121206773372,1.4174592796724608,277894.6209868893,0.9191576282698455,0.06947885309413901,0.6224593495934959,0.034163159342052433,7.709933716168564
47,8,proposed,0.5,1.838141661220728,1.0071225597810611,8.6404286256473,1.9760023417123012,1.39034205865125,320529.11708784685,1.057216969302048,0.06141081574249637,0.6230529595015576,0.034163159342052433,7.709933716168564
47,9,proposed,0.5,1.887251276789792,1.0941676396980191,8.6628858118458,1.9834760964032863,1.370981026668982,347506.9534329306,1.1592659928957405,0.05435043018937003,0.6343984962406015,0.03724950233479914,7.704112646644088
47,10,proposed,0.5,1.8951403928592443,1.0995096984212096,8.670760908968008,1.9847171618019583,1.3711623639395287,378317.60521795624,1.2701304920012997,0.04619454626962477,0.6275100401606426,0.03724950233479914,7.704112646644088
47,11,proposed,0.5,1.89457277170925,1.0915850308180965,8.678579314185448,1.9837294309260871,1.3753400303527992,409579.2509683068,1.3820322772271056,0.04720908850931078,0.6302083333333334,0.03724950233479914,7.704112646644088
47,12,proposed,0.5,1.8685278064508377,1.0487433207077566,8.663588397175833,2.0490841035837883,1.3837160509276647,431618.8601418031,1.472723378326147,0.04738629322173685,0.6048387096774194,0.03724950233479914,7.704112646644088
47,13,proposed,0.5,1.8579670478162247,1.0265226603719702,8.653822567797143,2.1839940427386173,1.3912576402118424,465223.30693216354,1.5900136059439762,0.045691619448348264,0.5907438478747203,0.04183796364923694,7.698291577119612
47,14,proposed,0.5,1.8426017956912037,0.9961932333399941,8.649780836348949,2.223755334939459,1.3990015387350434,499236.9968261833,1.7082450927002217,0.04912500089589257,0.5767419962335216,0.046795797138333414,7.692470507595136
47,15,proposed,0.5,1.8044475878552098,0.9284362574713335,8.640007577846594,2.0794920091345794,1.41004196637052,532034.6403792163,1.8236796728721978,0.048563502700790906,0.5593675417661098,0.050169405956374286,7.692470507595136
47,16,proposed,0.5,1.7918435946654516,0.9052283436049874,8.646409357255033,1.967883800734775,1.4119392729250946,563726.9673469982,1.9365720248980958,0.04450665245040314,0.5747126436781609,0.05755129905778164,7.692470507595136
47,17,proposed,0.5,1.7768471272311885,0.8696592714982548,8.64709814444039,1.9666080943626836,1.4204838748374682,588386.0249914358,2.0332878574803024,0.04727993802664198,0.5690768746061752,0.05755129905778164,7.6891384049377125
47,18,proposed,0.5,1.785016043215888,0.8874355238444347,8.651224193644659,1.9666519992687048,1.4163573230495123,620294.810022784,2.1466780630524025,0.04818402537234315,0.5681818181818182,0.060886121960862176,7.686052061944966
47,19,proposed,0.5,1.7726709881561502,0.8563673662996804,8.642993374444831,1.9943333793907307,1.425765448971233,661848.0052061866,2.2822504119742284,0.05023379557272077,0.5714918946301925,0.06401125086856922,7.682678453126925
47,20,proposed,0.5,1.7795356124455701,0.8752356170623115,8.653523304347848,1.9672658125508875,1.4191378107044836,683361.4563896814,2.371731349696266,0.042078226761802895,0.5918560606060606,0.0680195351519357,7.678670168843559
47,21,proposed,0.5,1.7729507992033202,0.8637559453901286,8.643868157450743,1.9659633481879628,1.4199248835827591,714339.4307302218,2.482980690679509,0.038011340908307906,0.6052371541501976,0.07476675278801745,7.6719229512074785
47,22,proposed,0.5,1.7645052850846898,0.8439686144458185,8.638764930683134,1.965553725885169,1.4253690970165596,734617.8120877049,2.5696209678017206,0.03481298363469219,0.6133414436334145,0.07476675278801745,7.665807845294453
47,23,proposed,0.5,1.7529968213680238,0.8201133988407966,8.637034121235875,1.9681559609832482,1.4299026169102103,770352.1381780318,2.6918099178094717,0.03316453512053474,0.6136321455085375,0.08552225470746568,7.655052343375006
47,24,proposed,0.5,1.7509267368222743,0.8154803828979648,8.6339810787763,1.9684558982856817,1.4309272715950705,798037.1344199708,2.7954854091659307,0.030011560246508563,0.6191950464396285,0.08552225470746568,7.655052343375006
47,25,proposed,0.5,1.7533708884873793,0.8200652226165416,8.639175428312308,1.9677668477902084,1.429559745517737,823638.7190347299,2.8943690537798763,0.027290834482397996,0.6171011058451816,0.08552225470746568,7.655052343375006
47,26,proposed,0.5,1.755874149120122,0.8263610791760081,8.639009584285649,1.9667373268871555,1.4279001458439349,851786.0483483921,2.9991079112012993,0.027222474279613974,0.6123188405797102,0.09198220651825326,7.648592391564219
47,27,proposed,0.5,1.756070457312123,0.82955587601292,8.63700927824951,1.9665460298575932,1.4259556392270147,878147.1322575113,3.099738404192273,0.02603033386452769,0.6275826446280992,0.09198220651825326,7.648592391564219
47,28,proposed,0.5,1.7427660979730961,0.7989700943199225,8.630487594334575,1.9681319349373194,1.4332212252858005,911229.3103793798,3.215827413872571,0.023912234678165098,0.6311179804224627,0.09535581533629413,7.645218782746179
47,29,proposed,0.5,1.73834834395454,0.7894319281688237,8.618497239721888,1.9685362399055104,1.4353059445075271,939092.1872304693,3.3199120306300762,0.024108059677507093,0.6329780828516378,0.098729424154335,7.635730068015113
47,30,proposed,0.5,1.7350866967468275,0.7849502185293883,8.617027721395106,1.9698871590740388,1.4352907334797826,968169.4109830706,3.426789645261059,0.023830663094238,0.6351626016260162,0.10273770843770148,7.631721783731747
7,1,random,0.9,2.1776496655131767,1.4670846333239533,8.798006411378285,2.764271601262766,1.363790700721667,60738.80195204689,0.17969924448970787,0.42274656443561054,0.20833333333333334,0.009541619544763758,6.004761842713204
7,2,random,0.9,1.9835902633748068,1.2047697072686918,8.763708864990196,2.4790965935705205,1.3836173679158197,132451.5531930688,0.3846385723440583,0.2830809045083548,0.32051282051282054,0.016238634599693602,6.004761842713204
7,3,random,0.9,1.8119294771799985,0.9004908261180821,8.719143297032447,2.2474799552936644,1.4275867635273696,207336.04311918182,0.5968728991741181,0.21320438551734766,0.44642857142857145,0.018841526114797093,6.004761842713204
7,4,random,0.9,1.7850690855617153,0.8238144323358779,8.746948605981414,2.2294985581197846,1.4430004418176283,283040.96914206847,0.8109942290267574,0.19048169984160887,0.49019607843137253,0.04037204766056855,6.004761842713204
7,5,random,0.9,1.7796496447582104,0.8062956591157634,8.739271346299931,2.2099447526258897,1.4461126951522678,374528.39660556935,1.0614153121928094,0.17711238624862485,0.5425347222222222,0.061064710549232015,6.004761842713204
7,6,random,0.9,1.795405623496081,0.8405541878972754,8.740525800267733,2.2339428086237096,1.445754441068986,460085.9834240786,1.2981977618753808,0.14976992688480567,0.6147540983606558,0.061064710549232015,6.004761842713204
7,7,random,0.9,1.8114016577939076,0.8714936036449528,8.743068829092682,2.2442013995363763,1.4430827182497454,545035.0553382974,1.5335806272780843,0.14426738691277768,0.6543803418803419,0.07090440293518456,6.004761842713204
7,8,random,0.9,1.8150028214128073,0.8835238294214509,8.733096300170107,2.244884640546264,1.4405845301796312,638352.0617821728,1.7882097420989977,0.14610406544056875,0.6666666666666666,0.07090440293518456,6.004761842713204
7,9,random,0.9,1.8187835187447252,0.8987797959390428,8.72084930958594,2.245864305395337,1.4364856704552589,723137.1015184921,2.023215333492532,0.15195040106436528,0.675,0.0807440953211371,6.004761842713204
7,10,random,0.9,1.8096840044692166,0.88908573848609,8.710349428922367,2.222739805823269,1.4347131522406444,786134.7894387066,2.208110015709025,0.13978169616294447,0.6853070175438597,0.09058378770708965,6.004761842713204
7,11,random,0.9,1.798870998245556,0.8752975803330811,8.706675923128433,2.0952629592385796,1.4326373142601712,867167.3173545918,2.434484829915562,0.11801731805912116,0.7328003875968992,0.10227461686690856,5.992435136558317
7,12,random,0.9,1.7900047611556007,0.8671703234197788,8.687549965652796,2.085417797910851,1.431470626719378,931993.2124927281,2.6235843887332764,0.10988124104363331,0.7575757575757576,0.10227461686690856,5.98010843040343
7,13,random,0.9,1.7892271827925517,0.8685780872917687,8.684555816782495,2.0626123115557617,1.4300008387582537,1021261.6134169837,2.868901710859064,0.10252683323528294,0.7755139500734214,0.10227461686690856,5.98010843040343
7,14,random,0.9,1.7889217303209537,0.8739084928015066,8.683464299183434,1.9805914821555708,1.4262634746184712,1097085.4648331418,3.0832965691162277,0.10675052268487266,0.7704402515723271,0.12380513841268001,5.98010843040343
7,15,random,0.9,1.7822938627889697,0.8683592207209039,8.667171882946565,1.967839247277059,1.4252929646574426,1161188.9298711987,3.2707345387037576,0.10070617806269737,0.7864932885906041,0.12380513841268001,5.98010843040343
7,16,random,0.9,1.7760568827136534,0.8609176160054756,8.662925569944484,1.9648539267080773,1.4244144258960014,1241594.3637731336,3.4956670366782086,0.09848192372552395,0.7912957467853611,0.13549596757249893,5.98010843040343
7,17,random,0.9,1.7761831806305686,0.8657018257669401,8.656797544856186,1.965660829001369,1.4221842911726854,1323560.1804428382,3.7241884150185283,0.09813599892318524,0.8070822162645219,0.13549596757249893,5.98010843040343
7,18,random,0.9,1.7673032324866955,0.8523464959480707,8.653865253856237,1.9679387438855078,1.4232026196987755,1413172.6947688712,3.9702971979684034,0.09725431333477598,0.8035714285714286,0.16686618150422294,5.98010843040343
7,19,random,0.9,1.7693054175494378,0.8581814676403403,8.653939769812123,1.9676464296487095,1.4211137406508951,1473294.904998212,4.148578281495882,0.09769888922481428,0.8035078347578347,0.16686618150422294,5.98010843040343
7,20,random,0.9,1.7690611558916411,0.8620008714419365,8.648628756490329,1.9687006099249698,1.4190943812574435,1553559.2701230329,4.373186321282966,0.08600190803981,0.8250825082508251,0.1767058738901755,5.98010843040343
7,21,random,0.9,1.7600307861610724,0.8411393290885022,8.645464629779049,1.9687738095680487,1.4238998174044422,1619620.4289655266,4.565126986620697,0.08743372086377713,0.8367486338797814,0.1767058738901755,5.98010843040343
7,22,random,0.9,1.756003821545116,0.8314480098153566,8.643540641493079,1.9680211954244609,1.4258592454652081,1703767.520519515,4.798665297194866,0.08798664276305426,0.8347130242825607,0.18654556627612806,5.98010843040343
7,23,random,0.9,1.7520080919436645,0.8268701862988727,8.641407490916155,1.9698694081807175,1.4253504570073827,1791740.2133981106,5.0410024908156315,0.08896827492371126,0.8400025406504065,0.21707792155074407,5.98010843040343
7,24,random,0.9,1.7493926941301354,0.8219442218167315,8.64039765372132,1.9705295427201557,1.4260149151420418,1872488.4412304403,5.266723414829988,0.08823697660360044,0.8403361344537815,0.23860844309651552,5.98010843040343
7,25,random,0.9,1.7469970875891399,0.8151145618197979,8.640430324441775,1.9695628875949327,1.4277862444033393,1960943.0610370252,5.5101690403851284,0.08787651653299708,0.845508658008658,0.25828782786842064,5.98010843040343
7,26,random,0.9,1.7470966284943132,0.8197389006325131,8.638960960177078,1.9706971351782432,1.425243299630636,2057618.5020223164,5.772522554651294,0.08851285998412609,0.849416968234821,0.27796721264032576,5.98010843040343
7,27,random,0.9,1.7441262019520354,0.81248128662303,8.638684749465575,1.971060443113484,1.4267772916157895,2148879.635299607,6.0224231611890575,0.08910802592941909,0.8561161217587373,0.27796721264032576,5.98010843040343
7,28,random,0.9,1.7436334551003771,0.8105989554025645,8.63896568505531,1.9705411670718136,1.4273922410327684,2213611.010035295,6.2113053230811355,0.08719740349406835,0.8623724040830694,0.2869690463691703,5.98010843040343
7,29,random,0.9,1.7420237736408233,0.8093186840831146,8.637789458614812,1.971639268030624,1.4268121767494486,2307381.2591294516,6.466976895997691,0.08011682877808443,0.8708167660702452,0.29680873875512287,5.98010843040343
7,30,random,0.9,1.7368070912998246,0.8011259232827852,8.630744814596495,1.9735351103696093,1.4276306562399874,2367267.834955615,6.644716020397862,0.08375617048976655,0.8664510166358595,0.29680873875512287,5.98010843040343
11,1,random,0.9,2.289252505499709,1.588454764141336,8.84559356264022,2.993408520615947,1.3701069890250737,59676.34005762365,0.1772555821325344,0.43243322847677246,0.20833333333333334,0.010969808263337566,5.904946797191247
11,2,random,0.9,2.038381359197562,1.2890592409179629,8.770596199192697,2.577494851132611,1.371220670977178,134068.8404396585,0.38835833301121453,0.2688494123474756,0.3787878787878788,0.023659356563753602,5.904946797191247
11,3,random,0.9,1.9013054488104606,1.0599189095187718,8.77291554401251,2.3356982748198876,1.407424108085632,235903.5686117532,0.6625782078070321,0.24253185219624965,0.42613636363636365,0.0329094247900127,5.904946797191247
11,4,random,0.9,1.8000677255009423,0.8658048173896178,8.745433772207027,2.180835183421406,1.4353674706239081,328600.9788673015,0.9157822513947932,0.18187447949589539,0.5208333333333334,0.045770499745716335,5.904946797191247
11,5,random,0.9,1.773549264872262,0.8008336945437009,8.741654642471634,2.159089316999252,1.4441881034855415,419156.30633659096,1.1640595045741589,0.1615128325469757,0.5661231884057971,0.05484904131668783,5.904946797191247
11,6,random,0.9,1.771760603960624,0.7954675551429037,8.734495828667928,2.137394310667244,1.4473650137495437,511755.66613356234,1.4170380321071927,0.1756968271842318,0.5859375,0.08158195397824511,5.904946797191247
11,7,random,0.9,1.7936120529351767,0.8372288749016841,8.740320163852125,2.2250796480897397,1.4464548521893104,591578.2121556749,1.6406298879580519,0.15660302085891648,0.6004901960784313,0.09058378770708966,5.891332237352481
11,8,random,0.9,1.7884292783774485,0.8304794506774366,8.742737630167243,2.138149403538769,1.4446080571900757,702850.928192306,1.9365571348423032,0.14531712392470922,0.6230529595015576,0.11026317247899475,5.891332237352481
11,9,random,0.9,1.7861077313844065,0.8372512301890553,8.729555573478372,1.9835355970261628,1.4392784864452242,792062.9354708077,2.1817447515828574,0.14378327788022394,0.6440839694656488,0.1309558353676582,5.891332237352481
11,10,random,0.9,1.7893620836733475,0.8572086281515184,8.713634309256049,1.9626175537073363,1.432547929750109,884508.4458502363,2.4343694254555435,0.13615331065815506,0.6390593047034765,0.1497973614824553,5.891332237352481
11,11,random,0.9,1.8004111830884606,0.8777790044303628,8.719421387003065,1.9637516157336645,1.4298780282753951,967019.555492995,2.6641449776338884,0.12769228111912545,0.6813063063063063,0.17049002437111874,5.891332237352481
11,12,random,0.9,1.788125658530366,0.8579932312108312,8.707894651409015,1.961868739645457,1.4317002184199399,1061369.0790801337,2.9211488818843074,0.11468862245479793,0.7177033492822966,0.1794918580999633,5.877717677513715
11,13,random,0.9,1.8002715085435945,0.8908753580464928,8.700965358273296,1.963412058121586,1.4236395140120237,1141394.9210012595,3.1452083183028967,0.10814602865853576,0.7459392655367232,0.18933155048591585,5.864103117674949
11,14,random,0.9,1.7882486005132483,0.8742638860443236,8.688879334929428,1.9627972672287388,1.4242066047014825,1217331.7655859962,3.3598630608477897,0.10645588750789041,0.7618159203980099,0.1991712428718684,5.864103117674949
11,15,random,0.9,1.7914733248469583,0.8848379684966361,8.684366149130453,1.9634777875146407,1.4208274067658853,1300504.8795951873,3.5911612230689287,0.09708776320080717,0.7971938775510204,0.1991712428718684,5.864103117674949
11,16,random,0.9,1.7885517748679631,0.8785563198813825,8.682017230116443,1.9627354943130815,1.4225003209244516,1375545.6927127014,3.8037550932392112,0.08958693250941262,0.8179959100204499,0.1991712428718684,5.850488557836183
11,17,random,0.9,1.7915271453203667,0.878932784160909,8.69209599879844,1.9630811936778245,1.4238420331524946,1483362.7648619348,4.091734359182447,0.08496887303470038,0.833910433979686,0.20901093525782097,5.850488557836183
11,18,random,0.9,1.7776987949300755,0.8513454221392844,8.684102681864552,1.961730781855142,1.4290837285945692,1556133.529803232,4.299107118547425,0.08211198552178028,0.8501259445843828,0.21885062764377353,5.850488557836183
11,19,random,0.9,1.7657015451662352,0.8302184082609578,8.671602544140999,1.961407950655637,1.4319655842217138,1650634.5310006568,4.556459421301498,0.0812632627307161,0.8393787202380952,0.21885062764377353,5.836873997997417
11,20,random,0.9,1.7673823661284518,0.8394043403028458,8.664389060982925,1.9622342681132277,1.428764980753722,1729342.6173483168,4.777488019901111,0.08449306449099975,0.8451656524678837,0.2376921537585706,5.836873997997417
11,21,random,0.9,1.7500483350068945,0.799539939369743,8.661021994296144,1.9631135495915621,1.436504647861513,1813763.6918372966,5.01165649122576,0.07853171570172636,0.860252808988764,0.24938298291838953,5.823259438158651
11,22,random,0.9,1.7511945702024312,0.8071889172195842,8.6571593603617,1.963442087370116,1.4335925365673505,1913243.535574013,5.2804601318202025,0.07686390889798159,0.8692528735632183,0.24938298291838953,5.823259438158651
11,23,random,0.9,1.748794798736808,0.8074164847100145,8.652790488007145,1.9655533831231407,1.432251894905544,2001828.027308752,5.524204462810099,0.07828578867905839,0.8774548832271762,0.270075645807053,5.809644878319885
11,24,random,0.9,1.748345071726788,0.807712401090211,8.653203763264596,1.9657238886656423,1.431551422695812,2090157.0450281957,5.767361203564816,0.0754002039424513,0.8915304606240714,0.2817664749668719,5.796030318481119
11,25,random,0.9,1.7441063812105793,0.8025502479827032,8.647692780876838,1.9672900896752636,1.4315139476514283,2182433.474675223,6.019596991752974,0.07148590052084709,0.9080079033007903,0.29160616735282446,5.796030318481119
11,26,random,0.9,1.7435340810290947,0.8043567045915049,8.643749962225083,1.9680190973564666,1.4302960768244795,2247966.703698497,6.210323418506495,0.07252609140618564,0.9074312714776632,0.30329699651264336,5.796030318481119
11,27,random,0.9,1.7408330725083787,0.797703202132596,8.642644195779019,1.9680045477981003,1.431809166867596,2358910.01085176,6.505493024958998,0.06914660214330973,0.9215716019417476,0.30329699651264336,5.796030318481119
11,28,random,0.9,1.7417879957818647,0.8023229398652695,8.641286389037788,1.9680587156287237,1.429987656417985,2429867.688812381,6.708695684268422,0.06839747189656674,0.9196696696696697,0.30329699651264336,5.796030318481119
11,29,random,0.9,1.737928694669723,0.7945265737824042,8.636710255621146,1.96869091255388,1.4313792533099678,2503052.0139095774,6.917019631991967,0.06793831432695291,0.9211794602173151,0.30329699651264336,5.796030318481119
11,30,random,0.9,1.7327240027193593,0.7810773617957317,8.633955401894672,1.9690055118059506,1.4345967267816488,2577362.044405047,7.127932702131544,0.06213881976775762,0.9291377601585729,0.3122988302414879,5.796030318481119
19,1,random,0.9,2.2787800317651192,1.5780967231237029,8.845614348115214,2.9809437322105596,1.3682341755782936,93846.95121518728,0.2558479877949308,0.44196718944017643,0.20833333333333334,0.021939616526675133,6.771626440281607
19,2,random,0.9,1.9772141324710624,1.1906463756393417,8.767524855667371,2.4945971989862694,1.3877770308056165,164829.76844305114,0.45910846741901773,0.26938991506426546,0.3472222222222222,0.03108216025264654,6.771626440281607
19,3,random,0.9,1.853606872547215,0.9705053182575796,8.759898141222466,2.291979431513507,1.4198129843591574,251352.70768841327,0.6981112276833505,0.2109444285206596,0.46875,0.042223184434434916,6.771626440281607
19,4,random,0.9,1.7940191338912788,0.8474528015745433,8.741215174239436,2.197667442330705,1.4392473449717662,308126.17104278243,0.8686901933983997,0.1890768547679876,0.5376344086021505,0.05206287682038746,6.771626440281607
19,5,random,0.9,1.777241035886957,0.8069490800018339,8.728354283607425,2.183673092381101,1.4451208342090125,377544.5008597826,1.0683523519775004,0.1763156811973193,0.5661231884057971,0.061902569206340005,6.771626440281607
19,6,random,0.9,1.7892343550038445,0.8322624441739198,8.734772027264224,2.210860955447075,1.444930665560231,459543.17866115016,1.2969493109206456,0.1524320787193094,0.625,0.07359339836615891,6.771626440281607
19,7,random,0.9,1.8017619069231738,0.8563974380300499,8.740372847359755,2.213810642821838,1.4426686029546874,546155.5124769266,1.5361576786969315,0.14771540493962115,0.6543803418803419,0.07359339836615891,6.771626440281607
19,8,random,0.9,1.817775041101621,0.8863282506627823,8.740484121853303,2.2382498767998293,1.4403766651691101,610981.8385336526,1.7252582286274019,0.12142070080579642,0.7168458781362007,0.07359339836615891,6.771626440281607
19,9,random,0.9,1.8318935801841556,0.916004159155526,8.735398267818121,2.25614220344688,1.4366233580420582,712676.4868828184,1.9991559198304834,0.11178451240999547,0.7533482142857143,0.07359339836615891,6.769105385066082
19,10,random,0.9,1.831604072442846,0.9240472959814464,8.721698568823117,2.259068262096907,1.4328753509403114,789116.6639541531,2.2149683270945535,0.09270128820486423,0.8012820512820513,0.07359339836615891,6.7558824183128
19,11,random,0.9,1.8342686782802267,0.9318216130837131,8.717636858070897,2.2639029609056167,1.4309241850667058,861553.1114856926,2.421572156417094,0.09219413289805958,0.8079594017094017,0.08259523209500347,6.7558824183128
19,12,random,0.9,1.8341639432025678,0.9374044837406844,8.719642103808955,2.204341085510555,1.4257018160897816,949068.5033927299,2.6628575578032803,0.09047529848654931,0.819672131147541,0.09428606125482238,6.7558824183128
19,13,random,0.9,1.8248344941503563,0.9310734968999964,8.713424212890054,2.0578847715155546,1.4205643362929237,1027541.6186885493,2.883345722983666,0.09273419626186413,0.8150077160493827,0.10597689041464128,6.7558824183128
19,14,random,0.9,1.813445955503547,0.91644466715835,8.707889818882787,1.9648118862028643,1.4193537573041906,1121661.8781172798,3.1398223196697463,0.09076516919507252,0.8038057742782152,0.12750741196041274,6.7558824183128
19,15,random,0.9,1.806436306228242,0.9073305438180073,8.698465248809296,1.9641327280523206,1.419456873408252,1188643.4850125099,3.333880015528774,0.0897975898845703,0.819493006993007,0.12750741196041274,6.740138396343993
19,16,random,0.9,1.8063070229777254,0.9078001281590082,8.696698464132814,1.9640769887118297,1.4190990937430819,1254125.349173134,3.524488303098211,0.09514124410993031,0.8105369807497467,0.12750741196041274,6.740138396343993
19,17,random,0.9,1.79238381389112,0.8879383153860487,8.685842925590887,1.9641275458108063,1.4196952874515532,1333230.9829487382,3.7464312607821015,0.09105446690361174,0.8136261261261262,0.13919824112023166,6.740138396343993
19,18,random,0.9,1.7789672102934577,0.8620233649128047,8.67571026533954,1.9634618785556284,1.4245285122321114,1419499.2529673923,3.984848281825006,0.09375084703220386,0.8132530120481928,0.13919824112023166,6.724394374375186
19,19,random,0.9,1.7688316863918938,0.8407618010439012,8.673602879702752,1.9639479422597206,1.4283211698112792,1482635.1330483975,4.170060806011314,0.09582174613716272,0.8174818840579711,0.13919824112023166,6.724394374375186
19,20,random,0.9,1.7660955531060394,0.8411694571348464,8.664505851478477,1.965217251133283,1.4267500966829345,1548465.6026429355,4.361470886078747,0.10024919796423243,0.8300132802124834,0.13919824112023166,6.724394374375186
19,21,random,0.9,1.7597056555626724,0.8273416887502555,8.65974299544501,1.965559826451713,1.4297645216783295,1644293.821777862,4.621875790089075,0.09658826345034158,0.8367486338797814,0.13919824112023166,6.724394374375186
19,22,random,0.9,1.7605282070842503,0.8335949256872796,8.656242696246053,1.9658547218927749,1.4270968305253589,1730555.3586626681,4.860277324924125,0.09645930396588612,0.8416805787423484,0.1482000748490762,6.724394374375186
19,23,random,0.9,1.754558037614502,0.8220884157109659,8.65217528731134,1.9672100470046472,1.429278468850405,1829564.7478883674,5.127998920143227,0.09146307484886204,0.854328165374677,0.1670416009638733,6.724394374375186
19,24,random,0.9,1.7499072127022102,0.8172280227648449,8.648917812158626,1.968973689800755,1.4282295450447393,1919809.1178594045,5.375560971076608,0.08097022685727527,0.8683068017366136,0.17688129334982586,6.724394374375186
19,25,random,0.9,1.7497289075275422,0.818605638397324,8.6473394260316,1.9688480890273194,1.427333493298511,1997413.3738052319,5.5940507597520055,0.08145291611627725,0.8738814317673378,0.17688129334982586,6.724394374375186
19,26,random,0.9,1.7504365300472349,0.8235296734784309,8.64673522727816,1.9697047310040234,1.4251915040230267,2081991.7833810614,5.828581101776409,0.08099310673875734,0.8780133000831255,0.17688129334982586,6.724394374375186
19,27,random,0.9,1.7491784625264106,0.822662413611783,8.646146130249097,1.9705475342001604,1.4246768555366256,2189357.7346624793,6.115522789723667,0.07840422021479876,0.8871203271028038,0.19656067812173095,6.724394374375186
19,28,random,0.9,1.7480222368241183,0.8216429483027662,8.641618154218822,1.9709627830826193,1.424528691544389,2271809.161496426,6.345161071441741,0.0746264235005539,0.8896151053013798,0.19656067812173095,6.724394374375186
19,29,random,0.9,1.742992541605611,0.8095266122968082,8.637302244762326,1.9716192492974547,1.4274076965374143,2347541.4293459854,6.559345287495726,0.06921672096621562,0.8966649607642443,0.2055625118505755,6.724394374375186
19,30,random,0.9,1.7385753830540338,0.8003935590483993,8.632909225558755,1.9719087580923087,1.4289226558345456,2432244.7032425054,6.794162817457718,0.06735922509357195,0.8988494726749761,0.21725334101039442,6.724394374375186
23,1,random,0.9,2.151495345369655,1.430542661419608,8.800769302878972,2.6950169498849106,1.3686186740290984,72527.51722581743,0.20681328961938011,0.43197570843390015,0.20833333333333334,0.022251178295370523,6.471220788430501
23,2,random,0.9,1.91758501023429,1.0942731985945544,8.746716176336816,2.4421149792787173,1.4008921668292327,156517.02075473825,0.439989147735898,0.2594623192309867,0.3787878787878788,0.022251178295370523,6.457606228591735
23,3,random,0.9,1.8369051353409644,0.9163998351808789,8.774598716294191,2.341958625407408,1.4364728625506027,254194.67916180886,0.7046477620721603,0.19625165847747483,0.4934210526315789,0.03344758477257514,6.457606228591735
23,4,random,0.9,1.7920763506832194,0.8266051693293223,8.736555422205752,2.2990609024027533,1.4475660443882634,328171.15756722365,0.9147936624046145,0.1529767457315094,0.5555555555555556,0.04464399124977975,6.457606228591735
23,5,random,0.9,1.794950497424149,0.832910236970936,8.720893544618942,2.319450166338332,1.4529910026919175,417557.81314007525,1.160382970222173,0.15196640810088566,0.6200396825396826,0.04816037867488556,6.457606228591735
23,6,random,0.9,1.7968525015473134,0.8524893494496962,8.720125376413678,2.2324707226130442,1.4427760085953663,500433.86728945415,1.3909978947657446,0.12898967607226824,0.6696428571428571,0.04816037867488556,6.457606228591735
23,7,random,0.9,1.8168343451469096,0.8916865380686575,8.73896641587214,2.1543325422135973,1.4358199757392358,587359.5520073592,1.6309269696169266,0.12461675770682837,0.6897522522522522,0.05584039772698437,6.457606228591735
23,8,random,0.9,1.8200741875195812,0.9051076462915735,8.731352903401778,2.1105840666399893,1.4314289774221964,659501.2354476048,1.8368528415294918,0.1244580576934792,0.7017543859649122,0.06393704722752813,6.457606228591735
23,9,random,0.9,1.8347307563631277,0.9330625094886698,8.730055820277578,2.1836918047679763,1.4282664948223176,729534.8883926901,2.0379302433031885,0.11261491414211378,0.7466814159292036,0.0719176810519429,6.457606228591735
23,10,random,0.9,1.819452437174927,0.9114831306675747,8.716358800471172,2.151264639045419,1.4285521351451569,806421.6943994832,2.254769897118813,0.09775792806265676,0.7659313725490197,0.07210405459790545,6.457606228591735
23,11,random,0.9,1.8040874630022363,0.8897539584729793,8.709659827075285,2.00577833483402,1.4275122079942844,888085.1027317967,2.482595736283135,0.10202749650722534,0.7592871485943775,0.08360851021176181,6.457606228591735
23,12,random,0.9,1.7944219472327478,0.8731620221242973,8.708372273509104,1.9626517622082227,1.428437456417454,976720.198030878,2.7264564554710224,0.10263680815434208,0.75,0.09529933937158072,6.457606228591735
23,13,random,0.9,1.7804715246064808,0.8501325774398438,8.699711835333519,1.9629156841849653,1.4303077529890225,1054822.417784446,2.9460915609042293,0.10581316961299052,0.7459392655367232,0.11599200226024417,6.457606228591735
23,14,random,0.9,1.7780083706896133,0.8485668951447333,8.697351995715596,1.9638843920072013,1.4293804297098436,1127762.6565527292,3.1538541100712805,0.10110580851388629,0.7675438596491229,0.13567138703214926,6.457606228591735
23,15,random,0.9,1.7711008990763228,0.841205309280406,8.681234041995824,1.9643192010026387,1.429692609440964,1193164.5986223393,3.3442785768313836,0.1032285553012805,0.7634364820846905,0.13567138703214926,6.457606228591735
23,16,random,0.9,1.770871610895016,0.8503189895907037,8.67614616951406,1.967065891147104,1.4250795139819898,1276777.37857713,3.576587970727402,0.10306335653607257,0.7751937984496124,0.16620374230676527,6.457606228591735
23,17,random,0.9,1.7691386007745094,0.8507670196097594,8.671448386566176,1.9675226775645784,1.423767611391509,1353830.9505893097,3.7938111863554163,0.10959247579246009,0.7621308016877637,0.18689640519542872,6.457606228591735
23,18,random,0.9,1.765694123110787,0.8432170716990517,8.666974680543952,1.96694835262553,1.4253764051516336,1446545.7759410618,4.047055284664445,0.1134166987694048,0.7758620689655172,0.18689640519542872,6.457606228591735
23,19,random,0.9,1.7660878114647331,0.8486968950873863,8.660055612592622,1.9676535811987022,1.4231532181579658,1526878.1798039894,4.2718198135491745,0.10297244350718945,0.7950140944326991,0.18689640519542872,6.457606228591735
23,20,random,0.9,1.7614722639350955,0.839125026130606,8.656049763124392,1.9679209307205927,1.4250493997014055,1625570.3730067115,4.538811857915431,0.09116940549288441,0.8028259473346179,0.18689640519542872,6.457606228591735
23,21,random,0.9,1.7661347421662414,0.8514597794014699,8.656563906314883,1.9672390285142964,1.4211540839078596,1705531.7079472041,4.762722928278559,0.0907182194411789,0.8159413854351687,0.19673609758138128,6.457606228591735
23,22,random,0.9,1.7703953435115607,0.8616092884993322,8.659249696129194,1.96704440209964,1.4180130266204714,1798297.208256592,5.016083578990146,0.0849697160132199,0.8416805787423484,0.20657578996733383,6.443991668752969
23,23,random,0.9,1.76694880703435,0.8554399239951817,8.65589456120204,1.9670762402965298,1.419064519275941,1876088.3097419026,5.235003112406356,0.08660944189310447,0.843861664114344,0.2164154823532864,6.443991668752969
23,24,random,0.9,1.7631902789556575,0.8528107718309269,8.64783779014673,1.9688666430899244,1.4186375040862376,1967688.6329803485,5.485683855854778,0.08695524634196788,0.851063829787234,0.22810631151310531,6.443991668752969
23,25,random,0.9,1.7572362137386575,0.8368104148098838,8.643527921770913,1.9681413076288763,1.4230967171819295,2045561.7318757726,5.704791983314251,0.086535962037196,0.8499238468233247,0.22810631151310531,6.443991668752969
23,26,random,0.9,1.7500165715139742,0.8223720492530057,8.63817264618078,1.9692274215051842,1.4258674951694732,2124447.0030995263,5.92622810712888,0.08359832371220016,0.8597883597883598,0.23794600389905787,6.443991668752969
23,27,random,0.9,1.7388064905022595,0.7922439053696443,8.639103272896637,1.9692477671383144,1.4331054918927426,2201482.9933379083,6.143410884677153,0.08299292830945115,0.8668664383561644,0.23794600389905787,6.430377108914203
23,28,random,0.9,1.7349839128299196,0.7835580560718544,8.635571219019154,1.970155351605881,1.4349861811425624,2280682.132269581,6.365568904219997,0.08149970250908586,0.8660303994344292,0.24778569628501043,6.430377108914203
23,29,random,0.9,1.7348815610596824,0.7868195514458387,8.632448813798653,1.9708800941613769,1.4332716695521608,2369646.4033512967,6.61018672770794,0.0837226122948444,0.8647992760776572,0.24778569628501043,6.430377108914203
23,30,random,0.9,1.736448522815779,0.7937726637102356,8.632743950128267,1.9710242853274005,1.4305796884348336,2458382.1796480515,6.854279013190471,0.08282846964745891,0.8729050279329609,0.25947652544482935,6.416762549075437
29,1,random,0.9,2.159126115058232,1.4445167632862728,8.793038828923661,2.7161555027003312,1.3645732029231832,80442.60645787531,0.22501799485311322,0.4330403367582688,0.20833333333333334,0.022885249872858168,6.233945045321182
29,2,random,0.9,1.9637587120503446,1.1794942370593628,8.75062751095481,2.4673793474140338,1.3839279859760758,178675.94764120018,0.4909546795747605,0.2673519523041344,0.3787878787878788,0.03953418900346055,6.233945045321182
29,3,random,0.9,1.8228046654128272,0.9214833159963848,8.721050962605295,2.24380927401708,1.4240647628454213,268917.0857758278,0.7385092972844041,0.19040146558404786,0.5208333333333334,0.03953418900346055,6.233945045321182
29,4,random,0.9,1.8014304886379018,0.8449243231643274,8.75759472141308,2.3234797487128027,1.4461706097036733,341431.696015234,0.9452929008350384,0.1754082222760013,0.5747126436781609,0.043879233053350265,6.233945045321182
29,5,random,0.9,1.7893094146185837,0.8131107014254474,8.735418681748282,2.320219998964106,1.453068668418884,427756.2595749155,1.183839397022306,0.17810615933750984,0.6056201550387597,0.05484904131668783,6.233945045321182
29,6,random,0.9,1.7805764686504808,0.8127567417098629,8.736644529911226,2.166757258613675,1.4456706184566555,518371.13462961337,1.4322536096481113,0.16289147037275373,0.646551724137931,0.0807440953211371,6.233945045321182
29,7,random,0.9,1.809012975933982,0.8714076426883347,8.739036259271748,2.217781604808681,1.4407695447906386,600006.9750689117,1.6600160426584971,0.1423718959055773,0.6992009132420092,0.08974592904998166,6.233945045321182
29,8,random,0.9,1.7997604764237245,0.8661211673529785,8.72174301378845,2.1036281944768906,1.43640392660295,687933.5467604893,1.902247157549126,0.12333276813940441,0.7490636704119851,0.0995856214359342,6.233945045321182
29,9,random,0.9,1.8028358860951923,0.8771561940326968,8.721968835187157,2.011268015360883,1.4324857655294587,764088.437456979,2.1174034061510523,0.12009641988648596,0.7533482142857143,0.1301179767105502,6.233945045321182
29,10,random,0.9,1.79540747735765,0.8723660193774361,8.705175436904538,1.9883416018572782,1.4304147152122562,838558.9412937596,2.328685564975648,0.11355591029237541,0.7659313725490197,0.1301179767105502,6.233945045321182
29,11,random,0.9,1.7801861629887359,0.8459499611371422,8.695459048986606,1.9619875291987343,1.4330361626304036,934525.5885106325,2.589408853574456,0.09552033826091996,0.7927148846960168,0.13995766909650276,6.233945045321182
29,12,random,0.9,1.7816078578458854,0.857364777170014,8.684061744024826,1.9629182668188385,1.4292383944663987,1017020.2064929979,2.8191464749338966,0.09660302650202301,0.7936507936507936,0.14979736148245532,6.233945045321182
29,13,random,0.9,1.7838331748742156,0.8704334618774678,8.68053093742884,1.965064724969001,1.4236187206174047,1105904.0992338965,3.0635794282379636,0.09805471749462508,0.7824074074074074,0.1694767462543604,6.233945045321182
29,14,random,0.9,1.7829680923217255,0.8705734769266332,8.679450657824027,1.965518321276246,1.4228312005130592,1182396.3393656695,3.2795115805410417,0.10675018367377292,0.7675438596491229,0.19100726780013186,6.233945045321182
29,15,random,0.9,1.7772818407662048,0.8643571503481371,8.67194484538294,1.966719607500075,1.422621182161217,1263792.3666690772,3.5067224433388797,0.10442891418635022,0.7891414141414141,0.20269809695995078,6.233945045321182
29,16,random,0.9,1.778863817591913,0.8706191730083578,8.668043324277216,1.9668433124548887,1.4203366138132687,1340617.726250805,3.723420770376854,0.10704119189536401,0.8008008008008008,0.20269809695995078,6.233945045321182
29,17,random,0.9,1.7758433357192123,0.865799049036449,8.66430491640796,1.966902560747552,1.4208177861902398,1428939.370937634,3.966560553156561,0.1046685272026387,0.8092517921146953,0.20269809695995078,6.233945045321182
29,18,random,0.9,1.7732308286707261,0.8634088919441395,8.661764557647494,1.9678761545917514,1.4205152368573795,1516669.4214860126,4.208339669417829,0.10026331533435535,0.8132530120481928,0.2143889261197697,6.233945045321182
29,19,random,0.9,1.773682915234377,0.865638636022979,8.662114035616543,1.9680564963808644,1.4191978098791018,1589050.9505498877,4.414817186264737,0.09912995106252527,0.8228482859226842,0.2332304522345668,6.233945045321182
29,20,random,0.9,1.7702451301113922,0.857636543537208,8.664339380684911,1.9681325428000185,1.4208207503905093,1682077.758479277,4.668778844502328,0.0933095724946072,0.8350033400133601,0.2520719783493639,6.233945045321182
29,21,random,0.9,1.7648084766866958,0.8480520361897155,8.656611659125284,1.9678239354355258,1.4223856932762728,1755827.3606057994,4.878402929393326,0.0814638800612591,0.8506944444444444,0.26191167073531646,6.233945045321182
29,22,random,0.9,1.7635730099854934,0.8451635732132042,8.658717949822472,1.967802189717164,1.4227506370123997,1851065.0251438762,5.137449557830898,0.07860564069849342,0.85307388606881,0.271751363121269,6.220330485482416
29,23,random,0.9,1.7654922560274033,0.8559404149791824,8.651538056214838,1.9688451748840199,1.4185340222998635,1903441.828328941,5.297916205156542,0.08232307763605182,0.859659386375455,0.271751363121269,6.220330485482416
29,24,random,0.9,1.76338676096815,0.8545492665830167,8.642788360001775,1.9694774500800676,1.4182823286047697,1963380.6331773961,5.475775456307984,0.08501963034422336,0.860832137733142,0.2815910555072216,6.220330485482416
29,25,random,0.9,1.7563231135484787,0.8388164582841768,8.63900185406015,1.969742811076128,1.4218770084261263,2050945.629590002,5.7171749480569725,0.07916834273028586,0.8738814317673378,0.2815910555072216,6.220330485482416
29,26,random,0.9,1.7551080010151254,0.8376203857767026,8.637507113360503,1.9701358071825563,1.4216321480690397,2138496.9704135773,5.9585430319511925,0.08136454923255068,0.8758291873963516,0.2815910555072216,6.220330485482416
29,27,random,0.9,1.7491654341069858,0.8247101790036044,8.638218715992737,1.9709937479552075,1.4239361278887401,2225130.7206671615,6.197800657534433,0.08279416625894313,0.8758650519031141,0.29143074789317414,6.220330485482416
29,28,random,0.9,1.7438665541040748,0.819570191481651,8.63251543578385,1.9743156051102526,1.4230595129207368,2306039.7018486653,6.423891314251887,0.08478126935455421,0.8715759516186411,0.3129612694389456,6.220330485482416
29,29,random,0.9,1.7403235369279866,0.8116643246342113,8.629800128659522,1.9745404320496331,1.424581061008883,2394197.8427664964,6.666655038362894,0.08479488865266807,0.8725514608233732,0.3129612694389456,6.20671592564365
29,30,random,0.9,1.735058706583263,0.7984350542286618,8.62668721147406,1.9750244976441873,1.4277324610302886,2486942.825263265,6.919968498105458,0.0810666857378333,0.8844339622641509,0.3129612694389456,6.20671592564365
31,1,random,0.9,2.2936643627715947,1.5963362327562964,8.834880457403193,3.010323579354792,1.3687807275500374,81139.99233540284,0.22662198237142653,0.4294270741598317,0.20833333333333334,0.019679384771905093,5.946546179095078
31,2,random,0.9,2.025742130954491,1.2709290506467437,8.763343596709136,2.5516954991084106,1.3745352605996504,164662.57055101835,0.45872391226734205,0.2680776901103643,0.3787878787878788,0.031370213931724004,5.946546179095078
31,3,random,0.9,1.8654081065541934,1.003835806400153,8.745335097271175,2.301010982400584,1.4125652200215792,265082.4228048469,0.7296895724511478,0.22527304028158435,0.46875,0.0437467274358567,5.946546179095078
31,4,random,0.9,1.7974612846834706,0.8445419094028775,8.746999439464334,2.3045410047329047,1.4441075787631383,339056.3941103135,0.9398297064537211,0.21433857431472522,0.5376344086021505,0.0599853620355503,5.946546179095078
31,5,random,0.9,1.7826884093600184,0.8089631889993506,8.736930519655521,2.248022566735712,1.4480003395907548,435207.9294706422,1.2009782377824767,0.1907064715956689,0.5661231884057971,0.07373940845363185,5.946546179095078
31,6,random,0.9,1.7871531319349094,0.8231280470574969,8.743032797372093,2.2180669893639418,1.447130146600199,495777.06980917783,1.3802872605611083,0.1664792573373921,0.5952380952380952,0.0874934548717134,5.946546179095078
31,7,random,0.9,1.8041509960740298,0.8562199498255214,8.757873494339602,2.14393290001536,1.4427272028343976,571148.8273535165,1.5936423029130873,0.16017184093080525,0.6149598393574297,0.0874934548717134,5.946546179095078
31,8,random,0.9,1.8157300540417223,0.8778242226562897,8.756004988512537,2.1541598181474306,1.4411419424301608,681595.2812251286,1.8876691468177944,0.13202786805249442,0.6734006734006734,0.103732089471407,5.946546179095078
31,9,random,0.9,1.8157590478508445,0.8845549174186684,8.74603848134291,2.1214095080198248,1.4379742652281169,760412.0377015364,2.1089476867135324,0.1051768612427828,0.7211538461538461,0.103732089471407,5.934219472940191
31,10,random,0.9,1.8043532076321354,0.8699782227505085,8.734755287389158,2.061618185276995,1.4369176266411785,853227.2778478686,2.3624227390500967,0.09777426341887538,0.7387706855791962,0.10496361229788292,5.921892766785303
31,11,random,0.9,1.7972128865152834,0.8647419357654474,8.720705443037348,2.0182072957334314,1.4346875530435805,944261.86954826,2.6118022999609973,0.101273547917924,0.7328003875968992,0.12380513841268001,5.909566060630416
31,12,random,0.9,1.788425911357086,0.8545963007221311,8.70608734863052,2.0100422711669657,1.434221806702338,1022962.9487745137,2.8328147821813814,0.09953661409173165,0.7352941176470589,0.1362093586707942,5.909566060630416
31,13,random,0.9,1.7826816590173307,0.8455846994869992,8.69885186235079,2.014319414257175,1.435055693493688,1103421.7792167808,3.0578700921985957,0.0973913826567247,0.7427918424753868,0.1362093586707942,5.909566060630416
31,14,random,0.9,1.7843064662045327,0.8556563947314452,8.699387418861656,1.962027193170153,1.4302316348933886,1184786.0094234662,3.285007821673973,0.10093978504542617,0.764669163545568,0.1362093586707942,5.909566060630416
31,15,random,0.9,1.776269545995201,0.8470951632118494,8.68905731773935,1.9630105477117652,1.429293190954062,1295095.0428966975,3.5787185986624044,0.09080209363879514,0.7838628762541806,0.1453356599584515,5.909566060630416
31,16,random,0.9,1.7839345645985145,0.866079530781093,8.690085696269382,1.963869786847341,1.4246012996219268,1382386.768452032,3.8194895674396734,0.09061533969100694,0.8032128514056225,0.15433749368729605,5.909566060630416
31,17,random,0.9,1.7681399397755244,0.835358037546662,8.680376326210938,1.9636267422872398,1.4298774559791074,1473697.0557922495,4.069503228322172,0.09151152636529095,0.8114330637915543,0.1641771860732486,5.909566060630416
31,18,random,0.9,1.7690987207736806,0.8432817073804245,8.676235984010962,1.964954011484308,1.4267674632046354,1550410.3052023323,4.2859437019653575,0.08982284873736021,0.8152173913043478,0.17586801523306753,5.909566060630416
31,19,random,0.9,1.759361217327145,0.8228037691466864,8.667695460152787,1.9647100553770307,1.4310007597828909,1625822.5247283606,4.499391806875219,0.08433862477384206,0.8375092798812175,0.17586801523306753,5.897239354475529
31,20,random,0.9,1.7641705856003398,0.8348082120305802,8.669400420052561,1.9643278186154103,1.427790752779875,1721440.9331137498,4.7593141461616115,0.07788953410615676,0.8573388203017832,0.17586801523306753,5.897239354475529
31,21,random,0.9,1.7597520287039727,0.8285482132308608,8.66532096199344,1.9656727758211965,1.4284515747760107,1828901.6370743916,5.046473765271084,0.07596027317771026,0.8651129943502824,0.19554740000497262,5.897239354475529
31,22,random,0.9,1.7515839808458247,0.8120386087106989,8.658887322972172,1.9667379080188694,1.4317937157993097,1900999.774290814,5.252299480868851,0.07721773572227073,0.8768115942028986,0.19554740000497262,5.897239354475529
31,23,random,0.9,1.7525434157596858,0.8178694509240273,8.653996854182106,1.9664316231654224,1.4295814835008867,2000015.9852912808,5.5200367661699214,0.07679299116223423,0.8816666666666667,0.2152267847768777,5.897239354475529
31,24,random,0.9,1.7437504933572165,0.8000933852918124,8.648762412746922,1.968370771818354,1.4326180789960778,2088355.287202651,5.763217160566068,0.076769226564505,0.8928571428571429,0.23591944766554115,5.897239354475529
31,25,random,0.9,1.7464963768469814,0.8122168873234207,8.642665258137418,1.9691352153493924,1.4285402523690105,2169022.492485417,5.988751732716424,0.07965116989579663,0.891837899543379,0.23591944766554115,5.897239354475529
31,26,random,0.9,1.7453493902208272,0.8141798443151774,8.639249639082701,1.9703863131339596,1.4266075437067665,2261892.856991831,6.242353571081173,0.08227759375191042,0.8913502109704642,0.25744996921131263,5.897239354475529
31,27,random,0.9,1.7462898999520786,0.8157873978833401,8.640650006939424,1.969753826021952,1.4263667382995233,2355247.488544019,6.497069223651202,0.08107083821112442,0.8976063829787234,0.2672896615972652,5.8849126483206415
31,28,random,0.9,1.7454429528467064,0.8141185358469042,8.641908455272372,1.969814012963734,1.4265172912885522,2462776.8447344494,6.784386742889189,0.07987874723205125,0.9023941068139963,0.2672896615972652,5.872585942165754
31,29,random,0.9,1.7456091077237987,0.8175414915034782,8.635131475814237,1.9704940111295743,1.4250548668986849,2533671.1003292575,6.9874435307572424,0.07996229621848039,0.9059376077214754,0.2672896615972652,5.872585942165754
31,30,random,0.9,1.7435644000114534,0.8134304168783317,8.63321618288576,1.9704634754297476,1.4256887651340717,2609580.452292139,7.202035040271866,0.07987813276815871,0.9200196270853778,0.2672896615972652,5.872585942165754
37,1,random,0.9,2.282390366927211,1.5792424013085538,8.847084254371797,2.9811009083641378,1.3710497200578982,92325.27982166829,0.25234814358983715,0.4323971601274257,0.20833333333333334,0.018213331280671367,6.081095225615792
37,2,random,0.9,1.9763734006437665,1.1917423795813034,8.768094743879397,2.471507911179425,1.3855845801974371,211651.12432754284,0.5667975859533487,0.25129667169929154,0.3472222222222222,0.036426662561342735,6.081095225615792
37,3,random,0.9,1.8434756477750724,0.9421074444058838,8.757404795201055,2.323254271806981,1.428872705662054,315167.49470404146,0.8448852378192956,0.2247784923558285,0.4076086956521739,0.0546399938420141,6.067480665777026
37,4,random,0.9,1.7968701209327793,0.8459488002800765,8.753087522697722,2.250538814189076,1.4412582014827553,417012.67524731386,1.1191291530688223,0.19639767811114134,0.47619047619047616,0.07285332512268547,6.05386610593826
37,5,random,0.9,1.785572705455515,0.8136767082157695,8.746491232754439,2.2669204866876407,1.4478370075290448,491915.9702342148,1.3314067315386944,0.1779874545352702,0.5425347222222222,0.07285332512268547,6.05386610593826
37,6,random,0.9,1.8013287294460674,0.8379024017078602,8.750090841234229,2.3051977102971093,1.4521411392934716,576542.35235783,1.5660474104230095,0.148334948023392,0.6048387096774194,0.07285332512268547,6.05386610593826
37,7,random,0.9,1.8040764793737296,0.8550967463506558,8.756541561846866,2.2151155517323917,1.4440496037907202,645809.7640632492,1.7653624573454734,0.13026691763736822,0.6628787878787878,0.08009837455500358,6.040251546099494
37,8,random,0.9,1.829541670689629,0.8981988390289046,8.758015111279537,2.2619357294547147,1.4433535422263761,744505.6488052995,2.0323629922521893,0.1135353956871334,0.7017543859649122,0.09154099949143267,6.040251546099494
37,9,random,0.9,1.817644825743968,0.8853620071460109,8.747736714530935,2.2126845954986094,1.440046336278428,840818.5763607934,2.2938827256298246,0.10574509195922838,0.7090336134453782,0.09154099949143267,6.040251546099494
37,10,random,0.9,1.8214901068526668,0.9053495832313693,8.738595433279926,2.0620325227429404,1.4316844033803768,909504.6621270493,2.491860722892213,0.10135301884540893,0.7387706855791962,0.09225950502130564,6.026636986260728
37,11,random,0.9,1.8107887233825135,0.8932346147079406,8.728999674841367,1.9644354092176983,1.4296224635425065,996418.120265416,2.7317616766104567,0.09742574073029694,0.7370857699805068,0.10927998768402822,6.026636986260728
37,12,random,0.9,1.8106471118695724,0.9010701738854858,8.718838037493756,1.9646531952473625,1.4255714760001654,1078814.5802123642,2.961273534488438,0.07976400860777023,0.7653061224489796,0.11442624936429084,6.026636986260728
37,13,random,0.9,1.8053810651096003,0.892717920170087,8.713162166489779,1.9636170769408399,1.4265551821025972,1164640.399562855,3.1986729189945677,0.07924897092022531,0.7755139500734214,0.1258688743007199,6.026636986260728
37,14,random,0.9,1.8005528674536504,0.8920467915339065,8.699564559304543,1.9638605661498345,1.4236312470786006,1229821.4507324558,3.3885893366846487,0.0795529053849907,0.7852564102564102,0.1258688743007199,6.013022426421962
37,15,random,0.9,1.7888324057821152,0.8661623219068307,8.699684559873559,1.9626509513652468,1.4286637341235078,1339362.0561879752,3.680532729232342,0.07450918892062408,0.802654109589041,0.13978224963685237,5.999407866583196
37,16,random,0.9,1.7782149524877775,0.8510538533427859,8.689831299558053,1.9628656816179069,1.4289335746295104,1425602.2967079077,3.918885282428187,0.07522399926186425,0.8032128514056225,0.14875412417357808,5.98579330674443
37,17,random,0.9,1.7716941988224684,0.8400435186134539,8.681509453774133,1.962277186490177,1.430464023248595,1521405.811205558,4.17923336577278,0.07448437227654585,0.8114330637915543,0.14875412417357808,5.972178746905664
37,18,random,0.9,1.7674305985731704,0.8357519264667437,8.673203316025525,1.9627109935700655,1.4301206856972957,1607964.9546405931,4.4183193956733575,0.06959508796684064,0.8191747572815534,0.14875412417357808,5.958564187066898
37,19,random,0.9,1.7678702032823137,0.8386675596865462,8.672645503469157,1.963028749090157,1.4287013286710868,1699329.4423297446,4.668457717358401,0.07442666432960321,0.8228482859226842,0.14875412417357808,5.958564187066898
37,20,random,0.9,1.758220113512439,0.8198988576129614,8.66112958453398,1.9631327010937236,1.4323078413439958,1772850.4980262246,4.8775561454603,0.0716406891666535,0.8383635144198525,0.14875412417357808,5.958564187066898
37,21,random,0.9,1.752984135452551,0.8108303737495626,8.655074651250086,1.9637802883989368,1.4334086398779777,1857301.1364408717,5.111792613813983,0.0753567742467286,0.8337114337568058,0.14875412417357808,5.944949627228132
37,22,random,0.9,1.7495425175786936,0.8061130838727371,8.649446964965557,1.9645686724738838,1.4336759386755489,1927100.1674598756,5.312330385157686,0.07579759227706595,0.8360972913211719,0.14878408336569693,5.944949627228132
37,23,random,0.9,1.7450116449975555,0.7922494883478489,8.650099263192189,1.964148532589516,1.4373153280904933,2018808.8266097335,5.563260301202355,0.07592889345509096,0.8425713557594292,0.17163937404643625,5.944949627228132
37,24,random,0.9,1.7455295117252403,0.8028057056147874,8.644752704794486,1.966116601224055,1.4326483877771987,2081247.7111898756,5.746869735736679,0.07377517185608515,0.8522727272727273,0.17163937404643625,5.944949627228132
37,25,random,0.9,1.7385911895415123,0.7872954969825523,8.63745768998497,1.9672965148422803,1.4363606271830904,2158971.747831997,5.965635020013552,0.07169686945258277,0.8566337719298246,0.17163937404643625,5.931335067389366
37,26,random,0.9,1.7381371014692075,0.7913627131742254,8.633958581146855,1.9685362311130503,1.4339732628262525,2230820.3649277342,6.170886839333746,0.07129318080923217,0.858739837398374,0.18308199898286534,5.931335067389366
37,27,random,0.9,1.739427808815887,0.7987607992469024,8.633293762977084,1.9696400185130054,1.4308100976488067,2311806.3362064534,6.397154573274794,0.06721878743435399,0.868850114416476,0.19100726780013189,5.931335067389366
37,28,random,0.9,1.7359404473962479,0.798034787575937,8.629257154402204,1.9725636480495268,1.4285539815641286,2400649.364628468,6.641493538645422,0.06620314674926114,0.8734402852049911,0.21253778934590334,5.931335067389366
37,29,random,0.9,1.7360536923662313,0.8014613256281294,8.626836148638056,1.9733775213019253,1.4269715251882857,2488949.314598973,6.884583423577581,0.0620586521804965,0.879559906291834,0.2332304522345668,5.931335067389366
37,30,random,0.9,1.7316420065516631,0.7935174169708555,8.622797647241185,1.9748738054879549,1.42791987286751,2569732.311471984,7.110384316385501,0.060934738439305414,0.8861058601134215,0.2520719783493639,5.931335067389366
41,1,random,0.9,2.126891096722553,1.3913322449059942,8.81432336350548,2.693063921958349,1.3754276474806313,73191.76841725135,0.20834106735967814,0.40828171705798044,0.20833333333333334,0.016191855061121495,5.943328905800363
41,2,random,0.9,1.9627457467072573,1.1674659158351133,8.766068531631078,2.4782997120224173,1.3906263447721356,169340.72953127904,0.4694836779219418,0.258124798127113,0.4166666666666667,0.0329094247900127,5.943328905800363
41,3,random,0.9,1.849375301473533,0.9470051345514788,8.768072558234234,2.345070289819637,1.430389187705696,270058.1775839555,0.7411338084430975,0.23210144727939191,0.42613636363636365,0.043879233053350265,5.943328905800363
41,4,random,0.9,1.8009633216838978,0.8456099890328472,8.76934479122378,2.281727736237816,1.4433195599741953,334551.0632281001,0.9294674454246302,0.17250324579785947,0.5555555555555556,0.04937388138941309,5.929714345961597
41,5,random,0.9,1.8039751705984097,0.8335419230559268,8.789917869395238,2.271708243548923,1.4484155746964902,430699.9633725717,1.190609915756915,0.16255138181193643,0.5787037037037037,0.06905326616131818,5.929714345961597
41,6,random,0.9,1.8220316174551103,0.8628065073574002,8.800781246956644,2.3013971281485834,1.4522796105731617,515377.3853454193,1.4253679862944646,0.1668587797811452,0.6048387096774194,0.06905326616131818,5.929714345961597
41,7,random,0.9,1.8172769179003707,0.871853084282819,8.7852634835026,2.168083939753244,1.4428886786259794,589076.5442133301,1.6348760516906595,0.16169509257971368,0.6224593495934959,0.09058378770708964,5.929714345961597
41,8,random,0.9,1.8285099406168672,0.8982326731263901,8.781547304438734,1.9701573310615086,1.4370084194633492,671844.3796958193,1.865242073300385,0.1489338411290236,0.6535947712418301,0.10227461686690854,5.916099786122831
41,9,random,0.9,1.8331992358597187,0.9187311290264448,8.763165904550473,1.9707097522077148,1.4308416667357535,748994.7881276852,2.082688012693677,0.1379619693787431,0.6643700787401575,0.122967279755572,5.916099786122831
41,10,random,0.9,1.8257034746888725,0.9157044879879621,8.7461409735558,1.9692639770873903,1.4273930291631844,817462.3213365421,2.280163339074049,0.1349326450267925,0.6634819532908705,0.13465810891539093,5.916099786122831
41,11,random,0.9,1.8127810776044166,0.8961405070107316,8.736972410214493,1.9672339602253135,1.428571401006989,921005.823573499,2.5583133942190495,0.13346197914895355,0.6850090579710145,0.1444978013013435,5.902485226284065
41,12,random,0.9,1.8013995513846068,0.885289985388308,8.718638869768428,1.966090987689488,1.4268175715308673,999152.6256241783,2.7780510389356117,0.11182152840776677,0.7281553398058253,0.1444978013013435,5.888870666445299
41,13,random,0.9,1.799092006200926,0.8884350521060874,8.71107070667298,1.9669377169811282,1.42366780635526,1086193.692203424,3.018245492067877,0.0979164368326319,0.7588002873563219,0.1561886304611624,5.888870666445299
41,14,random,0.9,1.795758084733926,0.8841125109250253,8.706957902589236,1.966669206992597,1.423750369123317,1196744.3965525108,3.3125121120707757,0.09405360728028309,0.7733585858585859,0.16602832284711497,5.875256106606533
41,15,random,0.9,1.790795336524882,0.8799653843425517,8.69729936915214,1.96654331998226,1.4229500930296874,1267471.8360111187,3.5151852228255738,0.09460405893906115,0.7786544850498339,0.16602832284711497,5.875256106606533
41,16,random,0.9,1.7782580522441438,0.8630562051603905,8.685088396232777,1.9687934831378957,1.4240369529656902,1366858.6769187518,3.7837749569131307,0.09915583072630524,0.7751937984496124,0.18755884439288642,5.875256106606533
41,17,random,0.9,1.7762896571300228,0.8616605205837654,8.678391778813612,1.9680591697469563,1.423633907892834,1444923.9843251961,4.0033251639479515,0.09220902404499245,0.7922149122807017,0.19739853677883898,5.875256106606533
41,18,random,0.9,1.772567393549564,0.8575244609929311,8.674884878666976,1.969595170146933,1.4234192307212692,1523932.7932862781,4.225045424558436,0.0814343728399344,0.8132530120481928,0.2090893659386579,5.875256106606533
41,19,random,0.9,1.7724590429526326,0.8593143816202419,8.670825127554357,1.9689247080598165,1.4223620022371668,1614289.2199810739,4.47286520595646,0.08074130400983905,0.8121850251979842,0.21892905832461046,5.875256106606533
41,20,random,0.9,1.7716920984754596,0.8615505681002162,8.665648065460406,1.969284521616963,1.4207166629066545,1700644.21072239,4.711481684661482,0.07836056692365828,0.83166999334664,0.21892905832461046,5.875256106606533
41,21,random,0.9,1.7669358959232895,0.8530669882913395,8.662168476970624,1.9699265404194006,1.4219685340330097,1801081.7354509716,4.982487991537216,0.08206633230362748,0.8262140287769785,0.23061988748442938,5.875256106606533
41,22,random,0.9,1.7658458009818263,0.8565158212645448,8.653696470489988,1.9709984491796622,1.4196660775396297,1864389.9961711208,5.168096991193554,0.08254095695986571,0.82380174291939,0.2423107166442483,5.875256106606533
41,23,random,0.9,1.7580016450690705,0.8406547988947738,8.648668848176266,1.9723775857547825,1.4224907170821093,1949690.579868306,5.404288333697074,0.08119817543042662,0.8298820281124498,0.25215040903020086,5.861641546767767
41,24,random,0.9,1.750662666406951,0.8193625766362521,8.648552632357559,1.9720553669065841,1.428313951307379,2032779.590109787,5.635393057252475,0.08117350785080782,0.8298755186721992,0.25215040903020086,5.848026986929001
41,25,random,0.9,1.7541812654443933,0.8310795220572487,8.649140903454159,1.9715876646472479,1.4245651869034155,2108347.7983651278,5.849199936239753,0.08270037255418015,0.8304102891156463,0.2611522427590454,5.848026986929001
41,26,random,0.9,1.7595472050049787,0.8498995602817662,8.645976224691335,1.971467408979513,1.4183184280052712,2199677.991388203,6.099259380192823,0.07898834278999274,0.8412982875348467,0.27999376887384253,5.848026986929001
41,27,random,0.9,1.7531988661795468,0.8366993836659332,8.636571887239347,1.9717575295006076,1.4209986335453586,2271039.2496537454,6.303390274203567,0.0717925458872333,0.860969387755102,0.2889956026026871,5.848026986929001
41,28,random,0.9,1.7495784491156086,0.8298994254274537,8.63618859348567,1.9724323775198032,1.421909238539027,2360909.0088613997,6.550090720381168,0.06873077832241829,0.8762517882689557,0.29883529498863964,5.848026986929001
41,29,random,0.9,1.7488895257298969,0.8275411064900954,8.63666762723287,1.9714039072896494,1.4224045993896324,2434191.946403907,6.758641476728931,0.064438345435886,0.8939200680272109,0.3086749873745922,5.848026986929001
41,30,random,0.9,1.7456788504713805,0.8248998660198694,8.633940289532314,1.9738139686869716,1.4216905633648818,2530642.344571469,7.0204773925143185,0.06536743886358612,0.8903133903133903,0.33020550892036366,5.848026986929001
43,1,random,0.9,2.1952198483408725,1.478943752257099,8.824708311661936,2.7827955245820277,1.3697169290411328,71517.36602115995,0.20448994184866795,0.41398334401399417,0.20833333333333334,0.011442624936429084,6.066142037299773
43,2,random,0.9,1.958257647124699,1.1748973351628376,8.743793692125314,2.4791568126770005,1.3820907998711949,156588.3859244489,0.44015328762623257,0.24301385512507628,0.3787878787878788,0.030532355274616008,6.066142037299773
43,3,random,0.9,1.824905366878038,0.9273331188204675,8.720254977591663,2.285485612514791,1.4232812856923223,246496.70006604813,0.686942410151911,0.2041496519432717,0.46875,0.030532355274616008,6.066142037299773
43,4,random,0.9,1.7890916245835442,0.8363730753582305,8.73005996173759,2.2831746275121843,1.4424000701732906,329390.7873705539,0.9175988109522744,0.19343897123569148,0.5208333333333334,0.030532355274616008,6.066142037299773
43,5,random,0.9,1.7807264653757344,0.8059692816122858,8.728806613512662,2.296283386624887,1.4504207725880562,402907.4970351263,1.1266872431807908,0.15624969179320786,0.6351626016260162,0.043879233053350265,6.066142037299773
43,6,random,0.9,1.8037221006524329,0.8445731260358857,8.746162558220975,2.3091881571199693,1.4526305397145802,503923.3629915428,1.3990237348805485,0.15878891985573323,0.646551724137931,0.0658188495800254,6.066142037299773
43,7,random,0.9,1.810517930908704,0.8560218697952888,8.755666610371517,2.3000740307538927,1.451599534669956,616305.7564378625,1.6975032398070837,0.14212941756497552,0.6805555555555556,0.07678865784336297,6.066142037299773
43,8,random,0.9,1.8049990970159524,0.8544874070364752,8.741931414778772,2.266999885650271,1.4478448932106571,702063.3185299989,1.9347456326189976,0.11027222026375455,0.7407407407407407,0.08775846610670054,6.066142037299773
43,9,random,0.9,1.8163584283941325,0.8808148043033994,8.737121814671665,2.2537367403832023,1.443262733173738,815663.47863395,2.2360260008580846,0.11237490143303469,0.7401315789473685,0.08775846610670054,6.066142037299773
43,10,random,0.9,1.8222647843482127,0.8987454373519881,8.732487605581092,2.237527141960897,1.4382725213558205,910111.7108524501,2.4932569349606344,0.11274729345509985,0.7548309178743962,0.08775846610670054,6.066142037299773
43,11,random,0.9,1.8119090516604752,0.8909147447690543,8.712461598935993,2.23101471335693,1.4355944123594149,991760.1060873129,2.7210482440008184,0.11576513290849973,0.7592871485943775,0.08997804305332543,6.066142037299773
43,12,random,0.9,1.8162703480370042,0.9055748802729808,8.70464767772443,2.2354527546107485,1.4314997971145973,1071917.7562471654,2.945410839368479,0.10932907926536764,0.7575757575757576,0.09872827437003812,6.050398015330966
43,13,random,0.9,1.8000669671827594,0.8807818057780546,8.686672887032689,2.2333687254951777,1.4336712727939638,1137773.2101404017,3.136878383322922,0.10873611420664839,0.7789454277286135,0.10373208947140698,6.050398015330966
43,14,random,0.9,1.7852736630316932,0.8521966324298639,8.676378908570204,2.2250677283685834,1.4378862458652097,1225179.6073722357,3.3779130969561404,0.09697992187938526,0.8038057742782152,0.11748613588948853,6.050398015330966
43,15,random,0.9,1.7824714333393323,0.8495979903929498,8.672425098168047,2.2160955588063764,1.4371311904750155,1319786.0397698283,3.635507891470603,0.09307966987524702,0.7999146757679181,0.13372477048918213,6.050398015330966
43,16,random,0.9,1.7817810162372028,0.8519356362626891,8.667331371006359,2.209652935828053,1.43553788380465,1400145.3329375533,3.8603342657563706,0.09808389480170807,0.7912957467853611,0.13372477048918213,6.050398015330966
43,17,random,0.9,1.7768483139984637,0.8517116776786334,8.664358894235061,2.049285730425047,1.430653343618418,1484628.0354469854,4.094644481528063,0.10467477903916518,0.7819264069264069,0.16371745150695727,6.050398015330966
43,18,random,0.9,1.772530384933098,0.843090510488338,8.661133690933127,2.0458958197961885,1.4321662320137467,1596843.654486706,4.392740405319417,0.1081910191533092,0.7830626450116009,0.17995608610665087,6.050398015330966
43,19,random,0.9,1.776220776107471,0.8542735323924426,8.666144262132978,1.994903949314304,1.4279866577826934,1695824.1219766005,4.66039548054617,0.10629655583065012,0.7966984463276836,0.17995608610665087,6.034653993362159
43,20,random,0.9,1.7771365590943833,0.8602017265901378,8.664511757125018,1.9632922052713802,1.4251521854702212,1780576.2600490747,4.895325398112857,0.10300783297780883,0.8074935400516796,0.1864867404767387,6.034653993362159
43,21,random,0.9,1.7707079374450476,0.8426363449082886,8.664241617747106,1.9851024958698449,1.4300803008049012,1862202.8920452467,5.123066651704049,0.09274175965122126,0.8159413854351687,0.1864867404767387,6.018909971393352
43,22,random,0.9,1.769019579455373,0.84368199399224,8.660485264882796,1.9634431688914247,1.4281619608649787,1958409.163191917,5.3843410753413865,0.09480607405433339,0.8265027322404371,0.20842635700341383,6.018909971393352
43,23,random,0.9,1.7675151056229326,0.8495103291734304,8.657738820706726,1.9651334334081008,1.4230745749428322,2029009.1987365999,5.5867211570941535,0.08948739183299839,0.8464541730670763,0.2193961652667514,6.018909971393352
43,24,random,0.9,1.7607225596373859,0.83763211153279,8.653158031638183,1.9661261168715054,1.4246213731879143,2096777.109305099,5.7825873514016966,0.08991068633648729,0.8450704225352113,0.23036597353008897,6.018909971393352
43,25,random,0.9,1.768693256038331,0.8599564236408063,8.653410886637758,1.967257282873918,1.4179279553921482,2169155.7293103375,5.989058177413743,0.0896045239720678,0.8477105034722222,0.24133578179342655,6.003165949424545
43,26,random,0.9,1.7580086156104329,0.8357218905054838,8.646636776816868,1.9666401212186027,1.4239356503751623,2248452.588099052,6.211440952627783,0.08626945818138598,0.8535353535353535,0.24133578179342655,6.003165949424545
43,27,random,0.9,1.7496674996300585,0.8192702689335074,8.643078958951783,1.9687229464543121,1.4272629718807353,2338067.7926665973,6.457555923133132,0.08630798311049465,0.8561161217587373,0.24133578179342655,5.987421927455738
43,28,random,0.9,1.7484129007161153,0.8199015809514192,8.637038888840678,1.9695957601347072,1.4261851994698007,2409106.78500877,6.660945605520126,0.08405442553578227,0.8614627285513361,0.2523055900567641,5.971677905486931
43,29,random,0.9,1.7450145047601362,0.8143824991390245,8.634923742525004,1.9710603842043624,1.426640784395416,2508807.420203018,6.930257066466892,0.08462699758516853,0.8699520026481298,0.26327539832010166,5.971677905486931
43,30,random,0.9,1.740653363016663,0.8060347203438163,8.633736011829482,1.9723159612456973,1.427797446745631,2618616.6316345828,7.222818252759486,0.08327692049199631,0.8761682242990654,0.2742452065834392,5.971677905486931
47,1,random,0.9,2.2220883735951142,1.5180449684981985,8.80947638319558,2.8610435104987477,1.3655277995838402,84181.79774468495,0.2336181348127754,0.4077018833461994,0.20833333333333334,0.013959945334708332,6.96171378431482
47,2,random,0.9,1.9756876067201057,1.1982971422792112,8.74575829849247,2.511934866393378,1.3821159432727366,163969.2906503,0.45712936849569,0.2442278813294821,0.3787878787878788,0.022885249872858168,6.96171378431482
47,3,random,0.9,1.8573798148153025,0.9787786094756328,8.74648705308037,2.33106174706008,1.4203014608685283,244552.4198797398,0.6824705657234016,0.21335622150125172,0.44642857142857145,0.022885249872858168,6.952402331535097
47,4,random,0.9,1.8033652357881476,0.8650290769153147,8.738899703304096,2.2856609310779534,1.4386198993444455,337870.5156644006,0.9371021860281215,0.1820817672735329,0.5376344086021505,0.03432787480928725,6.952402331535097
47,5,random,0.9,1.784273844767293,0.8148316473153261,8.743143708992097,2.247178064833264,1.4457968363389446,429942.7822896804,1.1888683992662652,0.16633605752225658,0.5787037037037037,0.04623131561746875,6.952402331535097
47,6,random,0.9,1.7948549764967723,0.8265553621730757,8.742530801246973,2.2991969191147223,1.4520823903508544,499419.6611331188,1.3886652206061734,0.13624407546153824,0.646551724137931,0.04623131561746875,6.952402331535097
47,7,random,0.9,1.817197628391951,0.8692046633109874,8.745067436485735,2.330856491175113,1.4519871837448812,581450.9640279381,1.6173372172642577,0.11772428563526055,0.7089120370370371,0.062469950217162354,6.9435733037832765
47,8,random,0.9,1.8091595065521129,0.8653994588829755,8.743136337412697,2.2488887987151025,1.4447115963286263,681055.4327929857,1.8864274954238671,0.11124994187745985,0.7490636704119851,0.0762239966352439,6.9238939190113715
47,9,random,0.9,1.8150228194796878,0.8873897996968733,8.735351741877857,2.1795853237429794,1.4372782184160298,748340.4949082631,2.0811831382890045,0.10220716454787061,0.7885514018691588,0.08997804305332545,6.903201256122708
47,10,random,0.9,1.8162299476867954,0.900406301643503,8.727833768349885,2.0710235587962025,1.4308499114365978,839866.5917261725,2.331693160970196,0.09966025931234682,0.7951653944020356,0.103732089471407,6.883521871350803
47,11,random,0.9,1.80351301587648,0.8849920922270871,8.72254895862356,1.9644629100556503,1.428210787096319,915058.5273076214,2.544634612807529,0.09649586061411894,0.8184523809523809,0.103732089471407,6.861661983277992
47,12,random,0.9,1.8075374285487944,0.9063913048589234,8.707119963421581,1.9658449109849474,1.4198964306883743,978880.0336219893,2.731424077330575,0.10363177575512934,0.8108108108108109,0.103732089471407,6.861661983277992
47,13,random,0.9,1.7916000417560085,0.8840183296116002,8.68668275931218,1.9646170916098264,1.4215941920614628,1076545.0912754463,2.9960537099335265,0.10378865273496216,0.8226246105919003,0.103732089471407,6.851492924365
47,14,random,0.9,1.7805752703035294,0.8670644920334521,8.67271339631416,1.9648503876132284,1.4236042315348618,1169878.0951928722,3.250719618943605,0.1067795441375609,0.8199464524765729,0.13372477048918213,6.8416532319790475
47,15,random,0.9,1.7819290419263585,0.8719814064091762,8.673074170503487,1.9654166258608854,1.4218249224193424,1254234.231634327,3.4847387327589505,0.10649879365275751,0.8340747330960854,0.13372477048918213,6.831813539593095
47,16,random,0.9,1.7689027677921274,0.8442554893030167,8.668956547218807,1.9656701163831114,1.4275224692502952,1348642.7366857147,3.741878294377141,0.10869526237228141,0.8255933952528379,0.14163338641071874,6.81213415482119
47,17,random,0.9,1.7764807902573063,0.8647976839841998,8.667006198132274,1.9655083956781374,1.42167013400858,1412527.0523655259,3.9288122204407068,0.1037298441451297,0.8432539682539683,0.14163338641071874,6.81213415482119
47,18,random,0.9,1.7685141425208708,0.8471628416817092,8.666060437573021,1.9657140751672246,1.425495793930968,1519491.9626251496,4.214831514037839,0.10201508626828176,0.8565989847715736,0.15332421557053766,6.800443325661371
47,19,random,0.9,1.7677581803230489,0.849584775526548,8.661812721330833,1.966233565985573,1.4236904763211138,1599995.8296918818,4.43999040829132,0.09187549878745412,0.8724864655839134,0.15332421557053766,6.790274266748379
47,20,random,0.9,1.7626369415457468,0.8398169158100155,8.65543893068665,1.966569224336357,1.4255272695488115,1682056.1879415605,4.6687292322655765,0.090177361559138,0.8644536652835408,0.15332421557053766,6.780105207835387
47,21,random,0.9,1.7576939104330742,0.8295186594569534,8.652894753809566,1.9672793392171806,1.4278283707090682,1766023.093545461,4.901853115154544,0.08806894908896724,0.8667452830188679,0.15332421557053766,6.769936148922395
47,22,random,0.9,1.7595455765549883,0.8384963620964294,8.647902413559754,1.9684693441467838,1.4245832779336223,1833973.726605486,5.098139571192599,0.08969150040267043,0.8632990867579908,0.1612328633253452,6.769936148922395
47,23,random,0.9,1.7547887807774811,0.8270208509118959,8.648085797760116,1.9689478688008173,1.4271749210299616,1943285.868187389,5.389557496830972,0.08664804266402408,0.8705239599789363,0.16316390795649022,6.760096456536442
47,24,random,0.9,1.7549222556128556,0.8310361941901131,8.64225205264332,1.9693483957046136,1.4252297103690243,2016622.9633896593,5.598232815796188,0.08873665647511618,0.8708272859216255,0.17216574168533477,6.751094622807598
47,25,random,0.9,1.7495454499701097,0.8198310645364808,8.638565334328355,1.970445065469218,1.4273924780693354,2106381.9628637717,5.8446785145866444,0.08762002023012067,0.8785987404408457,0.1838565708451537,6.739403793647779
47,26,random,0.9,1.7543574535125888,0.8354795447627192,8.637185428430639,1.9705658921517324,1.4225347838794815,2171320.806745309,6.034037855514177,0.08967875825940513,0.8791094465251769,0.19369626323110625,6.729564101261826
47,27,random,0.9,1.7478311318609507,0.8208517920821694,8.631780993842414,1.9713914152717318,1.4256311914678488,2247885.6236313293,6.250136934352017,0.08739281406375554,0.8799246813441484,0.19369626323110625,6.719395042348834
47,28,random,0.9,1.7450620441151443,0.8170538525887677,8.626576951652789,1.9719766281426436,1.4257008390460713,2322114.878686001,6.460864220977757,0.0852517711816044,0.8819294456443485,0.19369626323110625,6.719395042348834
47,29,random,0.9,1.740732415909109,0.8070958117494337,8.627207293629416,1.972449766518115,1.4276088113357184,2431929.22298399,6.753437212863125,0.08511988588537137,0.879559906291834,0.21337564800301134,6.699715657576929
47,30,random,0.9,1.7402490017788774,0.807883375391616,8.624953171618607,1.9725911271054917,1.426689666347331,2504109.129904076,6.959450998779318,0.0825461471629608,0.8861058601134215,0.21337564800301134,6.699715657576929
7,1,resource,0.9,2.2641500193534685,1.5741939233531994,8.796491039120076,2.986120582477496,1.3600267929287224,39614.928355780154,0.13111433521829435,0.4440874777598526,0.20833333333333334,0.0,6.004761842713204
7,2,resource,0.9,1.9808823867624419,1.2252579420235459,8.707430713435592,2.536322628454794,1.3698805865765111,94044.96740828898,0.2963034250390647,0.2586243064890097,0.4166666666666667,0.007303423746407736,6.004761842713204
7,3,resource,0.9,1.8280364552301738,0.9555532620256391,8.689190512608015,2.2056134072294187,1.410383712848159,176300.40728587893,0.5254909367575216,0.17951004846012425,0.625,0.023801516243386743,6.004761842713204
7,4,resource,0.9,1.782614555191961,0.8581164989706089,8.676450037165113,2.057100377705838,1.4246799883512808,290389.338135114,0.8278954777107621,0.11274908542439763,0.8333333333333334,0.02999268101777515,6.004761842713204
7,5,resource,0.9,1.7678398906520478,0.80039780143092,8.686463628108669,2.2568082045125997,1.4462181439928679,360794.3929875475,1.0298271038713593,0.10234846938712186,0.8138020833333334,0.02999268101777515,5.992435136558317
7,6,resource,0.9,1.7691817269262604,0.8009448125925153,8.688752746533503,2.226623800446339,1.4494098264912778,429907.5030144215,1.2287872569331693,0.0930208528055325,0.78125,0.030532355274616004,5.992435136558317
7,7,resource,0.9,1.800544287192752,0.8698356323198908,8.699859847416196,2.245951546831543,1.4390916491120882,489012.6932662101,1.404729194512283,0.09780588683390236,0.7397342995169082,0.030532355274616004,5.992435136558317
7,8,resource,0.9,1.8210680594561792,0.9089489512968187,8.709371817821644,2.2601412662870484,1.4339952128261315,565817.8926017081,1.6213811529839284,0.08872492405818722,0.7490636704119851,0.03196852361376406,5.992435136558317
7,9,resource,0.9,1.8300472496919211,0.9263734514021402,8.707386335011032,2.281955819293775,1.4320994234347237,640848.9779948586,1.8339526493881744,0.08293581705974307,0.7273706896551724,0.044502356590741046,5.992435136558317
7,10,resource,0.9,1.8272831087996522,0.9227717553523612,8.710924835960718,2.250948279694681,1.4305917320913974,751127.7333328339,2.127593786665517,0.07099869594556472,0.8012820512820513,0.05921357377536564,5.98010843040343
7,11,resource,0.9,1.8188888806776482,0.9186448630481556,8.6938955690935,2.2358552779756207,1.4266056048101605,825221.8458514092,2.338010245458241,0.08160660456430738,0.7685467479674797,0.05921357377536564,5.98010843040343
7,12,resource,0.9,1.8110822803607973,0.9056098196167385,8.689026244417398,2.229526820152493,1.4280378279348682,883608.2853830437,2.512299056381,0.08473997036666668,0.7389162561576355,0.05921357377536564,5.98010843040343
7,13,resource,0.9,1.8037258009007529,0.9049246592423044,8.664220382356971,2.226169767643948,1.4234765168576473,933353.7568832889,2.666713640831565,0.08657528203223759,0.7041666666666667,0.05921357377536564,5.98010843040343
7,14,resource,0.9,1.7916025258200523,0.8842651070892377,8.65494004491788,2.196574633951271,1.4258626846234568,1008188.9582839273,2.878834604053033,0.08842918076464387,0.6897522522522522,0.05921357377536564,5.98010843040343
7,15,resource,0.9,1.7967964341800606,0.8953352201661093,8.657402391002304,2.2086454381218914,1.4234037515367182,1081324.2461487234,3.0870457661420647,0.08720995643312673,0.7145579268292683,0.0658188495800254,5.9677817242485425
7,16,resource,0.9,1.7796915795353916,0.8608853738210827,8.64870715060403,2.169191249367676,1.4296745312052954,1166425.7421996172,3.3227792070591198,0.08863350586690842,0.7207207207207207,0.08773856347091485,5.9677817242485425
7,17,resource,0.9,1.7682844881178823,0.842910819285344,8.647982045222834,1.9987524813841577,1.4296677887035674,1262200.737319749,3.583061695835423,0.0883444567938695,0.7451526402640264,0.08974592904998165,5.9677817242485425
7,18,resource,0.9,1.7693354208493424,0.8513865535376886,8.641180639067468,1.9789815662015326,1.4260218104988125,1334077.9225071613,3.788379221766471,0.09264075770256708,0.7305194805194806,0.08974592904998165,5.955455018093655
7,19,resource,0.9,1.7665544550921346,0.8504258906505101,8.633757616318151,1.96762413407696,1.4247048291300195,1411711.1652038554,4.006935679968867,0.09783667188894873,0.7231570512820513,0.08974592904998165,5.955455018093655
7,20,resource,0.9,1.7682142772361438,0.8575873558108456,8.63294704851837,1.9682984261377028,1.4217858390023375,1492309.7440308311,4.232312411270908,0.10304552034794323,0.715922107674685,0.08974592904998165,5.955455018093655
7,21,resource,0.9,1.7645379794151868,0.8525388646538631,8.628503724128032,1.9693543778921294,1.4218897844108989,1557726.6551409662,4.422771306824215,0.10564120114365216,0.7100077279752705,0.08974592904998165,5.955455018093655
7,22,resource,0.9,1.7635019748897531,0.8539856265098854,8.62396579861026,1.97037816803228,1.4203365323217503,1617401.7702675776,4.600024071615418,0.10733427419334535,0.6992602866389274,0.10005948499964801,5.955455018093655
7,23,resource,0.9,1.7620317350413868,0.8541991868632327,8.617949375726377,1.9717046006593755,1.4192215008753197,1691690.9509979368,4.810889187295238,0.1110642192657281,0.6948823034888608,0.10005948499964801,5.943128311938768
7,24,resource,0.9,1.7517850067891305,0.8343866807190121,8.620066170597589,1.9720120845521953,1.421926171698343,1765934.0130210114,5.0216482299483065,0.10970596668788771,0.6976744186046512,0.11168223939393473,5.943128311938768
7,25,resource,0.9,1.7488760528149674,0.8290142378813103,8.61958761368982,1.9724576615188993,1.422501002464298,1861317.6130346854,5.281030509979753,0.11417864315505973,0.7023103200287666,0.11748613588948854,5.943128311938768
7,26,resource,0.9,1.7514718421038598,0.8390086723162021,8.617041352760843,1.9732116138595102,1.4187911126786987,1918834.47501829,5.453319292542039,0.11753931661393674,0.690359477124183,0.11748613588948854,5.943128311938768
7,27,resource,0.9,1.7513019155077554,0.8423251190713641,8.612349031720058,1.974367378593918,1.4168115446845821,1974205.9144375983,5.620673603206443,0.12198185796797009,0.6744005328596803,0.11748613588948854,5.943128311938768
7,28,resource,0.9,1.7528375636580413,0.8478416064408567,8.611106580583193,1.974769940596755,1.4149005357381257,2050951.1237791893,5.8371875846921,0.11913954270720417,0.6839754327191513,0.12231066329501852,5.943128311938768
7,29,resource,0.9,1.7508030612484349,0.8455647547023494,8.607824993125517,1.9755611725435736,1.4144854472068549,2113051.9137911797,6.020019401719673,0.12363673926870342,0.6723266820158609,0.12231066329501852,5.943128311938768
7,30,resource,0.9,1.7482005396522717,0.8414472738677764,8.609246715423522,1.9758112890999744,1.414560556875616,2193428.7407613317,6.244886103751019,0.1263046048231261,0.6759192501802451,0.14097094721326112,5.943128311938768
11,1,resource,0.9,2.2771502566438677,1.5890715640903221,8.798021051883284,3.004429813325767,1.3601119309939613,37998.924159521164,0.12739752556689865,0.4295940727292691,0.20833333333333334,0.0,5.904946797191247
11,2,resource,0.9,1.9805641576435253,1.2170991920983079,8.723614284924318,2.527756480943031,1.3744376736253365,95281.2278075012,0.2991468239572527,0.24502446713103085,0.4166666666666667,0.008024847690744175,5.904946797191247
11,3,resource,0.9,1.8193450097265949,0.9444193419330631,8.666126419665089,2.1874962565573672,1.4090491736154473,180227.62734461916,0.5345235428926242,0.1637391075139795,0.625,0.022251178295370523,5.904946797191247
11,4,resource,0.9,1.783804733502274,0.860061751846212,8.6665002415682,2.1817224813807146,1.425028149840052,276816.2276499936,0.7966773235949854,0.1277961038879959,0.7575757575757576,0.023801516243386747,5.891332237352481
11,5,resource,0.9,1.7626176001670386,0.7995042755697603,8.682617376175969,2.1556041176163756,1.4419428939110845,380898.7582951485,1.0760671440788414,0.09896170556819002,0.8400537634408602,0.04037204766056855,5.891332237352481
11,6,resource,0.9,1.775808308821797,0.8008434691246421,8.707665692633393,2.275992363856437,1.4530820149233539,457909.65355540876,1.2931922031774399,0.07898638105300425,0.8522727272727273,0.04037204766056855,5.891332237352481
11,7,resource,0.9,1.796506262657946,0.8576038922660177,8.701267657601251,2.2539180865508692,1.4422306969877257,515044.9567733366,1.4646034005786737,0.084156588716714,0.7506127450980392,0.04037204766056855,5.891332237352481
11,8,resource,0.9,1.8244509321260403,0.9117179045739698,8.70970030648952,2.285246689406613,1.4360092572691716,594728.4839128115,1.6878755129994656,0.07771222749322357,0.7575757575757576,0.044502356590741046,5.891332237352481
11,9,resource,0.9,1.839109595600079,0.9342797047845208,8.717879791028821,2.303970644188491,1.4351242903417312,674660.8859190491,1.9117200376138122,0.06982332679049849,0.7670454545454546,0.044502356590741046,5.877717677513715
11,10,resource,0.9,1.8358291038111847,0.9369337190459032,8.70247873577117,2.3119146235475667,1.4319840509399564,733462.0808603041,2.0869627859786988,0.07187176565885667,0.7603406326034063,0.06393704722752813,5.877717677513715
11,11,resource,0.9,1.8318499265203303,0.9346711647698084,8.691155992577398,2.3207744391085616,1.4310797434887539,818953.1450058441,2.3235922335134402,0.08273366494596693,0.7592871485943775,0.06393704722752813,5.877717677513715
11,12,resource,0.9,1.828477969810959,0.933808403728045,8.683571358359153,2.3128763501294287,1.42874420075611,902271.8799709112,2.555225323933095,0.07649473016342466,0.7653061224489796,0.0658188495800254,5.877717677513715
11,13,resource,0.9,1.8128664860383903,0.9141525391958257,8.670882312254957,2.2739161160703065,1.4268562908729852,966959.9721212646,2.744007935878908,0.08036336530340908,0.7365760111576011,0.0658188495800254,5.877717677513715
11,14,resource,0.9,1.8075820313991893,0.9111266196251686,8.663327208058531,2.246719196924608,1.4236093668433125,1052423.9852992597,2.9805751661882964,0.08248972155998593,0.7451338199513382,0.07090440293518456,5.877717677513715
11,15,resource,0.9,1.791499865009466,0.8846453297764044,8.651483284561275,2.2167275934360435,1.4258410422317171,1104462.8713935495,3.140264604205164,0.08975246655193846,0.7059487951807228,0.07090440293518456,5.864103117674949
11,16,resource,0.9,1.7967592246953326,0.8963854973696437,8.648521078534126,2.234797436618744,1.4237055147001854,1170108.1669174396,3.3312487839101115,0.09084811148648948,0.7130124777183601,0.07090440293518456,5.864103117674949
11,17,resource,0.9,1.7894406040075403,0.8826135048011969,8.647520665848667,2.218332293150816,1.4254264905859377,1246137.845835922,3.54611704542262,0.09058490702752472,0.7184765314240255,0.07154670840979338,5.864103117674949
11,18,resource,0.9,1.7876299862758391,0.8852652058704814,8.6387229570025,2.183612771239409,1.4224324907687154,1300646.9537610381,3.7114879936503873,0.09500915351613659,0.7045929018789144,0.07154670840979338,5.864103117674949
11,19,resource,0.9,1.7810369451198003,0.8744175014374604,8.630794589281855,2.1734229320479153,1.4237801542873498,1381970.969863133,3.9385332306852057,0.09387740538317066,0.7135515496521189,0.08997804305332545,5.864103117674949
11,20,resource,0.9,1.76301267402467,0.8398397612542903,8.63166949109264,1.994287949578675,1.4282261957752111,1487046.526643547,4.220207011280157,0.09204280992922614,0.7427213309566251,0.09549038433281326,5.864103117674949
11,21,resource,0.9,1.7622580315250291,0.8424136706401081,8.628163062375645,1.9679524091055558,1.426135597193655,1553457.746707134,4.412952817426402,0.0981002267491749,0.7280110935023771,0.09549038433281326,5.850488557836183
11,22,resource,0.9,1.7645986060086734,0.8523565794445239,8.625253660696465,1.968644312631173,1.4222341628322919,1608436.9269684702,4.57940493202747,0.10078814998051243,0.7090951711204876,0.09549038433281326,5.850488557836183
11,23,resource,0.9,1.7643509121581886,0.8527150781542281,8.627618546945119,1.9682894596957865,1.4213765504928966,1694803.4144124624,4.818047853148649,0.09901250629500857,0.7110215053763441,0.10969808263337567,5.850488557836183
11,24,resource,0.9,1.757478070419035,0.8392033350689826,8.624883615135222,1.9687894170608564,1.4234879931081073,1777854.0976534812,5.049064424602987,0.1011119325166573,0.7220216606498195,0.11043859193864511,5.850488557836183
11,25,resource,0.9,1.755910092576031,0.8411589552293175,8.618984144117672,1.9703208085113397,1.4211370535374181,1842337.648671709,5.2373765919449085,0.10322587769220476,0.708424011606819,0.11043859193864511,5.836873997997417
11,26,resource,0.9,1.7546351493248995,0.8425687925602686,8.61494966865304,1.971592295925148,1.4193464484528502,1902784.9603112799,5.416405408715916,0.1067339039710689,0.69376026272578,0.11043859193864511,5.836873997997417
11,27,resource,0.9,1.7494928075948328,0.8330049681755871,8.61019335643442,1.9727328691006005,1.420843752779034,1968166.0390399697,5.6067818897918995,0.10599776099908462,0.6909690627843494,0.11929190057620001,5.836873997997417
11,28,resource,0.9,1.7517696921610895,0.8427034203836075,8.607149142480083,1.9738766645135646,1.417051117322514,2027025.5216528517,5.782158699801524,0.10671745675217073,0.6851230425055929,0.12245229795405724,5.836873997997417
11,29,resource,0.9,1.7487112581657422,0.8368997117480946,8.604993095310212,1.9743148411862539,1.4178077732333692,2110105.2386566577,6.013242048910275,0.11048963348274235,0.6838732760863908,0.12245229795405724,5.836873997997417
11,30,resource,0.9,1.7444273650113677,0.8264929464052441,8.605987035749989,1.9739993091896721,1.4200619630794058,2179241.1221794593,6.212254581012716,0.11217471074797633,0.6873167155425219,0.12245229795405724,5.823259438158651
19,1,resource,0.9,2.2824806408961735,1.594644166915741,8.80133130911311,3.010613815056971,1.3606356681152343,41952.59541520056,0.1364909694549613,0.42982100775033577,0.20833333333333334,0.0,6.771626440281607
19,2,resource,0.9,1.98533879532159,1.2179687459074842,8.738984943479409,2.5259757586868012,1.3772575682389154,98842.42037795637,0.30733756686929964,0.24955335190351596,0.4166666666666667,0.015634508873009427,6.771626440281607
19,3,resource,0.9,1.832206666158186,0.961728126166681,8.690910851622995,2.2266914498562502,1.4100135314109226,183301.04447578214,0.5415924022942991,0.18297462275155157,0.625,0.022251178295370523,6.7558824183128
19,4,resource,0.9,1.7845802518993985,0.8633888300642903,8.672061115769957,2.0723275781876023,1.4230832294990898,296443.4907408946,0.8418200287040577,0.12260945505172495,0.8333333333333334,0.02999268101777515,6.7558824183128
19,5,resource,0.9,1.7678397407067332,0.8095353504075183,8.674930565497313,2.2281688809526905,1.4417899697508563,385518.4211437813,1.0866923686306968,0.08678329772680675,0.8680555555555556,0.0329094247900127,6.7558824183128
19,6,resource,0.9,1.7763513923478893,0.8157548030797303,8.685882508775697,2.250085218508749,1.448634779236659,451186.41769851756,1.2777287607065901,0.09301932356820505,0.7978723404255319,0.0329094247900127,6.7558824183128
19,7,resource,0.9,1.8082396720001763,0.8883325995069327,8.691994191210723,2.26674004004002,1.4364184382862337,519110.1399967718,1.4739533219925751,0.08685477523680918,0.7618159203980099,0.0329094247900127,6.740138396343993
19,8,resource,0.9,1.831217889376592,0.922542872115636,8.70882423391185,2.311568962388573,1.436257991608006,607024.4670754236,1.7161562742734735,0.08665742197167352,0.7662835249042146,0.044502356590741046,6.740138396343993
19,9,resource,0.9,1.8261145010144852,0.926380725054214,8.704605445662876,2.241743776361965,1.4275942167764457,669544.826933881,1.8999531019479257,0.0817383133647035,0.7466814159292036,0.044502356590741046,6.740138396343993
19,10,resource,0.9,1.8269814463625031,0.9338579251860633,8.69642873425897,2.24366625040487,1.4243433443201625,731637.2790975324,2.082765741924324,0.085450896919408,0.7335680751173709,0.044502356590741046,6.740138396343993
19,11,resource,0.9,1.829184279929501,0.9442449748785587,8.687976300157901,2.245563767250394,1.420225894936108,824867.9258734671,2.3371962295089737,0.07865810547602822,0.7458086785009862,0.0599853620355503,6.740138396343993
19,12,resource,0.9,1.806986462011057,0.8977112894952194,8.677297905031098,2.2644515738662583,1.4311499009165143,910742.5818857783,2.5747079383372893,0.07666948899013674,0.78125,0.0632375413597829,6.740138396343993
19,13,resource,0.9,1.8013167982201936,0.8953584513700239,8.668916007443148,2.233420020392593,1.427340467154817,973688.6664516468,2.759483932838787,0.08424878697554254,0.7588002873563219,0.0632375413597829,6.724394374375186
19,14,resource,0.9,1.7931521613241952,0.8829158323159575,8.656369376900003,2.233383862585693,1.4284286167225433,1035711.2320856733,2.9421358337970482,0.08126491433677971,0.7424242424242424,0.0632375413597829,6.724394374375186
19,15,resource,0.9,1.7818555203787712,0.8698756456116659,8.650399528732889,2.086322513477376,1.425754102331474,1104992.629953688,3.141483048893483,0.08044576436904907,0.7416930379746836,0.0799062366640291,6.724394374375186
19,16,resource,0.9,1.7837789458833906,0.8808148884642992,8.643051356787232,2.0669513854736974,1.4211767475829,1172319.034647111,3.3363337796883568,0.08565330250178287,0.7266121707538601,0.0799062366640291,6.708650352406379
19,17,resource,0.9,1.778193295569388,0.8678104638771643,8.642915660593466,2.0573309239425934,1.4241090842005182,1283669.3965640587,3.632439612097336,0.0858263771369481,0.7582913518052057,0.08775846610670053,6.708650352406379
19,18,resource,0.9,1.7717506005575636,0.8534229138675341,8.640284781812673,2.0485925575259896,1.427237558164669,1354754.4777823412,3.835935298899386,0.09342467581334801,0.7433920704845814,0.08997804305332545,6.708650352406379
19,19,resource,0.9,1.7731937599346348,0.8630244324258691,8.63368523826039,2.0350810673502178,1.4231156831021723,1417225.4512983796,4.019618537986274,0.09687832753166803,0.7203863346104725,0.08997804305332545,6.708650352406379
19,20,resource,0.9,1.7813726392761229,0.8780884749193111,8.636404207647216,2.105892375768604,1.4207694876651293,1474920.9435402881,4.192318170142659,0.09653726596056578,0.7183908045977011,0.08997804305332545,6.708650352406379
19,21,resource,0.9,1.768590330924526,0.8503586726507627,8.626698461255124,2.1224317475357095,1.4274451590906694,1541370.8937027077,4.38515305551622,0.09717586231530494,0.7200235109717869,0.10337307234392429,6.708650352406379
19,22,resource,0.9,1.7614239952056934,0.8430191930802129,8.628024998360658,1.9687880311468384,1.4251053675926708,1646632.0863825844,4.667253798679932,0.09612490232913423,0.7469135802469136,0.11043859193864511,6.692906330437572
19,23,resource,0.9,1.7642555474548551,0.8560011617129252,8.622880540725607,1.970408209746432,1.4199002808527657,1699924.217822196,4.829825700991033,0.10268312801042291,0.7184376358105171,0.11043859193864511,6.692906330437572
19,24,resource,0.9,1.7635891973724667,0.8570629260451536,8.621332654102007,1.970947490920885,1.418594092116085,1768656.9368012827,5.027910954642929,0.10503502419785204,0.7177033492822966,0.11043859193864511,6.692906330437572
19,25,resource,0.9,1.7623990816779629,0.8594865829126754,8.61464741650828,1.972738627939621,1.4165049598255366,1835078.9234439635,5.22068152392109,0.10910231412533289,0.7076539855072463,0.11125589147685261,6.692906330437572
19,26,resource,0.9,1.7593398358880319,0.8542514213045194,8.614432860217644,1.9728383834201646,1.4169107798723177,1915588.0889844736,5.44585260466426,0.10853038807645671,0.7134414049307667,0.11125589147685261,6.677162308468765
19,27,resource,0.9,1.7581605868010184,0.8529916265158995,8.612806973729738,1.9732929979379656,1.4166132479804128,1992300.2416024997,5.662290555685715,0.11103172098262823,0.7177457466918714,0.11442624936429084,6.677162308468765
19,28,resource,0.9,1.752934636274614,0.842649662690402,8.610101197468591,1.9736649976341092,1.4182469054670097,2072092.0336051902,5.8858116772918985,0.11617074106070449,0.7291666666666666,0.1316376991600508,6.677162308468765
19,29,resource,0.9,1.745746322324706,0.8290248239868547,8.615026029789513,1.974094938992603,1.419705208680671,2172385.466842517,6.156486573737745,0.11835285667723,0.7380300477393991,0.15081063959921365,6.677162308468765
19,30,resource,0.9,1.7480003425635935,0.8402616392153124,8.611024984279286,1.9754320757312511,1.4151269970733409,2233799.856689191,6.337739670385092,0.12129627186360337,0.7217090069284064,0.15081063959921365,6.677162308468765
23,1,resource,0.9,2.247426129622697,1.5560766125714907,8.78829521507097,2.948506968411255,1.35930744549625,38504.28230457277,0.12855984930051736,0.41811632576594165,0.20833333333333334,0.0,6.471220788430501
23,2,resource,0.9,1.9891649148789416,1.2294545834278818,8.726438652638945,2.53832312302312,1.373341844840445,95248.10319988155,0.29907063735972755,0.24877118398650794,0.4166666666666667,0.008024847690744175,6.471220788430501
23,3,resource,0.9,1.8471194298887375,0.9963915097654981,8.68744880069449,2.2632978302559748,1.4031653981375878,187217.78953558582,0.5506009159318473,0.16921760618060117,0.625,0.021939616526675133,6.471220788430501
23,4,resource,0.9,1.7943215515481066,0.8801657100102446,8.684682954928695,2.093474798807134,1.4226054046131666,299625.6181649393,0.8491389217793602,0.09987232518278971,0.8333333333333334,0.031968523613764066,6.471220788430501
23,5,resource,0.9,1.771926858658216,0.8084024052879406,8.688766384892963,2.278223769058703,1.4450884100659245,355738.62298272527,1.0181988328602678,0.08970726571181134,0.7891414141414141,0.031968523613764066,6.457606228591735
23,6,resource,0.9,1.7958704619133075,0.8341014361641912,8.712089572474923,2.342326204524985,1.455325382704052,417555.29970535816,1.2003771893223232,0.08313815004748851,0.75,0.03344758477257514,6.457606228591735
23,7,resource,0.9,1.7897513371505243,0.8419400409622105,8.721517216353073,2.155021778585922,1.4414948041824092,499692.2288828306,1.4292921264305096,0.08725116798264648,0.7506127450980392,0.0493738813894131,6.457606228591735
23,8,resource,0.9,1.8000434919859263,0.8632957377170715,8.721098744536437,2.180152281653585,1.4390984516013803,587622.3410459859,1.6715313844057667,0.08859278392884035,0.7575757575757576,0.0493738813894131,6.457606228591735
23,9,resource,0.9,1.817744496693774,0.9028162709306854,8.71502235994802,2.223571943280342,1.4331708374420908,656315.209453773,1.869524981743677,0.09010042075816058,0.7336956521739131,0.0493738813894131,6.457606228591735
23,10,resource,0.9,1.8132449963095107,0.9062733961619234,8.701911594065036,2.1710316795612314,1.4277845380763263,727086.7644152313,2.0722995581550308,0.09335084198268956,0.7233796296296297,0.0599853620355503,6.457606228591735
23,11,resource,0.9,1.8139060246939411,0.919378379778747,8.687791673166926,2.1433554142027105,1.4208661544416563,813480.7138221312,2.3110056417909,0.0975228255977188,0.7547405189620758,0.07154670840979338,6.443991668752969
23,12,resource,0.9,1.8125815391560418,0.9210419034325354,8.675632376295791,2.193543419574893,1.4200004669247757,877090.8742474099,2.497309010769041,0.10050219674017623,0.7281553398058253,0.07154670840979338,6.443991668752969
23,13,resource,0.9,1.8054059364994044,0.9109912893448631,8.670079788423047,2.1555792868891457,1.4199473571210428,956205.198433546,2.719271956397155,0.09750455056096421,0.7244513031550068,0.07154670840979338,6.443991668752969
23,14,resource,0.9,1.788811897861904,0.8851658426337589,8.664800699120502,1.974377052660469,1.420957713044067,1020488.504836949,2.907123561124982,0.09620857389035531,0.716374269005848,0.07154670840979338,6.430377108914203
23,15,resource,0.9,1.7865326404698785,0.886533718926861,8.656635706873102,1.9661318618444759,1.418586272931056,1097056.8738744264,3.1232308099111794,0.10208730915515812,0.7059487951807228,0.07154670840979338,6.430377108914203
23,16,resource,0.9,1.784930058186512,0.8824944703986068,8.655802254175708,1.9667377036642135,1.4196992609366497,1157043.8985842739,3.301200966743829,0.10139531450576794,0.6926406926406926,0.07154670840979338,6.430377108914203
23,17,resource,0.9,1.7810023419416519,0.8767685173688061,8.64961874009261,1.9665386672069816,1.4202477993195581,1250743.7196032917,3.5567105550875713,0.10068874179851166,0.71336887835703,0.08775846610670053,6.430377108914203
23,18,resource,0.9,1.7621804547258166,0.8374424053292928,8.64744516856528,1.9672381562823258,1.42747480168134,1360864.883894796,3.84998923295803,0.0962786450973223,0.7450331125827815,0.10143675820980057,6.430377108914203
23,19,resource,0.9,1.7636633990392563,0.8455679480985369,8.643240629598827,1.9677662141815653,1.4241223433370276,1429470.045454883,4.047781104546231,0.1014761248131488,0.7387851997380485,0.10143675820980057,6.430377108914203
23,20,resource,0.9,1.7672769173291305,0.8592676224917835,8.63602301728989,1.9689862724648761,1.419622202246412,1484838.81517592,4.215129274904611,0.10922114359379156,0.7122507122507122,0.10143675820980057,6.430377108914203
23,21,resource,0.9,1.7694653736867798,0.8678725079346206,8.634653182512707,1.969894623348331,1.4162615366424607,1560477.2478134907,4.42909766997102,0.11253062240721837,0.7034839203675345,0.10143675820980057,6.430377108914203
23,22,resource,0.9,1.7637348477544241,0.8554417017451805,8.630480953757113,1.9702413012225173,1.4191069161805634,1637128.2163547105,4.645394897615821,0.11561393158914217,0.6992602866389274,0.10143675820980057,6.416762549075437
23,23,resource,0.9,1.7504525058715283,0.8252453127046115,8.624377397945683,1.9708689288061823,1.4260328078657714,1699806.2377974133,4.8295543469340325,0.11673085892423936,0.6984051542036332,0.11914974089656688,6.416762549075437
23,24,resource,0.9,1.752943865014758,0.8338973652407904,8.624667457374102,1.9710804649131062,1.4229086473231205,1783289.5549870955,5.061565976470298,0.12295324543876311,0.6904487917146145,0.11914974089656688,6.416762549075437
23,25,resource,0.9,1.753039682005553,0.8366607278859514,8.621504006414272,1.9716409920277986,1.4213729847880752,1847668.5164587197,5.249637587855029,0.1277162743878697,0.6795842032011135,0.11914974089656688,6.403147989236671
23,26,resource,0.9,1.7517323899812611,0.8364895978369202,8.618170460479462,1.9725300975410096,1.4204874017023241,1925182.6933540336,5.467920194714248,0.131286923138274,0.6783879254977521,0.11914974089656688,6.403147989236671
23,27,resource,0.9,1.756667915783907,0.8461157258963984,8.61966805864637,1.971346354173246,1.418459653149364,1979874.271397811,5.63371082421493,0.13078598808061556,0.675,0.11914974089656688,6.403147989236671
23,28,resource,0.9,1.7593820966610079,0.8567755996072,8.61630206812442,1.9728088532786963,1.4145497867162957,2028470.2295495297,5.785481527963879,0.13572131694488856,0.6591337099811676,0.11914974089656688,6.403147989236671
23,29,resource,0.9,1.7512447139394307,0.8381283527224447,8.614575574480352,1.9726290886921107,1.4187500645269682,2108353.432894799,6.009212895657994,0.13766683296768212,0.669244970715559,0.13372477048918213,6.389533429397905
23,30,resource,0.9,1.7403794646672426,0.8162058608495073,8.616073391812346,1.9740662897122339,1.4222644380505953,2230653.5597241824,6.330503187365571,0.13378105703181928,0.6918819188191881,0.15081063959921365,6.389533429397905
29,1,resource,0.9,2.2712286166144673,1.5816897709025153,8.799854456334252,2.995370065160183,1.3606377593611108,42359.702741828994,0.13742731630620666,0.43067069583589157,0.20833333333333334,0.0,6.247559605159948
29,2,resource,0.9,2.0061126104670066,1.2566148349621022,8.724994664651916,2.5629625951835244,1.369291302852075,93629.68403509315,0.2953482732807143,0.26393872459033807,0.4166666666666667,0.007609661182265252,6.247559605159948
29,3,resource,0.9,1.8463856948779205,1.0000981662647894,8.677995354228013,2.2607153958598722,1.4007557312108292,182627.85720268896,0.5400440715661847,0.19355737328587141,0.625,0.022251178295370523,6.247559605159948
29,4,resource,0.9,1.7860028979573968,0.8612496452410098,8.685599758866788,2.0647433785159315,1.4258149367677293,297509.1314549925,0.8442710023464829,0.12259293084360842,0.8333333333333334,0.031968523613764066,6.233945045321182
29,5,resource,0.9,1.769064626621971,0.7998466725510236,8.700926716584863,2.230541998521865,1.4457908149748322,391734.8746741912,1.1009902117506396,0.09264370996348244,0.8680555555555556,0.0329094247900127,6.233945045321182
29,6,resource,0.9,1.7851680838083472,0.8126707148151763,8.73371032012547,2.2708785226081907,1.451907140431934,456111.0147103141,1.2890553338337223,0.06555209076807218,0.872093023255814,0.04037204766056855,6.233945045321182
29,7,resource,0.9,1.8124741157620043,0.8786317072934088,8.722313467204696,2.276432717324781,1.4430640780487378,521357.8872698482,1.4791231407206507,0.07195676721569728,0.7975260416666666,0.04037204766056855,6.220330485482416
29,8,resource,0.9,1.8299985860062948,0.9147329790566386,8.729341295248826,2.2581238128493917,1.4365704731762021,602548.8558025119,1.7058623683457772,0.0707311678804527,0.7751937984496124,0.04037204766056855,6.220330485482416
29,9,resource,0.9,1.831525712396372,0.925225544903198,8.716431430137346,2.2685560356539516,1.4329678951513345,661572.7055010907,1.881617222652508,0.07135039103500182,0.7401315789473685,0.044502356590741046,6.220330485482416
29,10,resource,0.9,1.826891128152441,0.9288559116704417,8.695247788231747,2.276346277500218,1.4285090266054679,725559.8049915438,2.0687875514805505,0.07980413669401576,0.6991051454138703,0.044502356590741046,6.220330485482416
29,11,resource,0.9,1.8246197566731996,0.9264576704156728,8.692744314587983,2.271544649686692,1.4279955342440545,826855.087655046,2.3417667016066055,0.07645053028706225,0.7202380952380952,0.05484904131668783,6.220330485482416
29,12,resource,0.9,1.795449558504301,0.8846178222877065,8.679127979293781,2.1112794737646317,1.4266599418421857,903728.0863272359,2.5585745985526422,0.07406316694302936,0.746268656716418,0.07154670840979338,6.220330485482416
29,13,resource,0.9,1.7929995766170443,0.8895174001802542,8.663456014570523,2.0918286756729687,1.4225341845515795,970680.4765644927,2.7525650960983326,0.074826986907232,0.7274449035812672,0.07154670840979338,6.20671592564365
29,14,resource,0.9,1.7990784469830252,0.904494401616436,8.661850873911735,2.1137054689092203,1.4186397707351408,1043660.840445872,2.9604199330255057,0.07518650049647325,0.737063778580024,0.07154670840979338,6.20671592564365
29,15,resource,0.9,1.7973236691104464,0.9047171213845717,8.657125353188272,2.090123537803122,1.4170754569765078,1101679.8707165886,3.1338637026481537,0.08429217063176032,0.7102272727272727,0.07154670840979338,6.20671592564365
29,16,resource,0.9,1.7877037828298217,0.8906057950089633,8.643568438410533,2.0653054402081454,1.418420282212183,1157636.9876729224,3.3025650716477215,0.0870474140850562,0.6837606837606838,0.07154670840979338,6.20671592564365
29,17,resource,0.9,1.7804658483711895,0.8738654383952998,8.642511256019736,2.058116547285634,1.4222767201055917,1257978.589832732,3.573350756615284,0.09019994920137081,0.7083333333333334,0.08775846610670053,6.193101365804884
29,18,resource,0.9,1.7699513352608731,0.8503856004196488,8.635939342298173,2.0592746914559985,1.4278553553469886,1349507.424061733,3.8238670753419854,0.09112582138713024,0.7336956521739131,0.10351523202355745,6.193101365804884
29,19,resource,0.9,1.7635827476058363,0.8441506519820063,8.634137633032687,1.9681426864070697,1.4259751178892117,1429430.0218695342,4.047689050299927,0.09231738757242168,0.7446369636963697,0.10351523202355745,6.193101365804884
29,20,resource,0.9,1.7687086485626855,0.8612598302478456,8.632783135711572,1.9691067935450288,1.4200019981021639,1509676.6544574643,4.272256305252161,0.09820748021167028,0.7335680751173709,0.10351523202355745,6.193101365804884
29,21,resource,0.9,1.7639977416260302,0.8536783843905138,8.625899662465903,1.9699928476299504,1.4208903955500132,1568680.9241524644,4.447966125550656,0.10423510242937978,0.7177734375,0.10351523202355745,6.179486805966118
29,22,resource,0.9,1.7673416933526205,0.8669895979544344,8.62180694700256,1.9715968386748224,1.4157006433062316,1615175.8809143319,4.594904526102946,0.10996808914292386,0.6944444444444444,0.10351523202355745,6.179486805966118
29,23,resource,0.9,1.7655590316439507,0.8667884882843216,8.61752997938307,1.9728408634469556,1.41452668807839,1677234.289863463,4.777638866685944,0.11290556662049092,0.6853752072968491,0.10351523202355745,6.179486805966118
29,24,resource,0.9,1.7644930506603886,0.8655979568513611,8.615700475348362,1.9730367271537244,1.4142988808306625,1743365.8069850926,4.969741356065686,0.11311110753406575,0.6787330316742082,0.10351523202355745,6.179486805966118
29,25,resource,0.9,1.76554262309474,0.8679029603725227,8.617060146456936,1.9727718186521308,1.4134870956028558,1820843.9163485747,5.187941007601691,0.11222825888453028,0.6824336128581412,0.12066789089671323,6.179486805966118
29,26,resource,0.9,1.7531955432951443,0.8408301922532092,8.617084836585402,1.9725875848589942,1.4192682296251344,1920098.6007219013,5.456226781660341,0.11005528342261428,0.7027611443779108,0.12066789089671323,6.179486805966118
29,27,resource,0.9,1.7542498022473434,0.8467681351663582,8.614192471229439,1.9735705589385681,1.4166936114989968,1986918.6600821218,5.649912918188843,0.11265029482043,0.6992403314917127,0.12066789089671323,6.179486805966118
29,28,resource,0.9,1.7523204900513447,0.8456006696198836,8.609990920127032,1.9744934241894425,1.4158375426942278,2062156.6774528068,5.862960358141413,0.11672388134029474,0.6891701828410689,0.12066789089671323,6.165872246127352
29,29,resource,0.9,1.7560819483244692,0.8518778684827651,8.612684661014718,1.9735738881320295,1.4149874726598957,2126956.784256418,6.052000603789715,0.11368279250846136,0.6844075520833334,0.13372477048918213,6.165872246127352
29,30,resource,0.9,1.7474257019264638,0.8390990574501929,8.611018403421506,1.975514752580217,1.4152241914950419,2206706.797193869,6.275425633545848,0.11295439960347636,0.6863103953147877,0.14449780130134346,6.165872246127352
31,1,resource,0.9,2.233848086309722,1.5408038342536456,8.784291508736185,2.916862643087845,1.358985352853955,40271.968873118305,0.1326255284081721,0.41549718068118363,0.20833333333333334,0.0,5.946546179095078
31,2,resource,0.9,2.000131422945281,1.2518633295314066,8.714931340404245,2.5602843275303306,1.367884217634458,94044.96740828898,0.2963034250390647,0.25084604943348066,0.4166666666666667,0.007303423746407736,5.946546179095078
31,3,resource,0.9,1.838795250216323,0.9885451715045929,8.671447406953796,2.234568836631219,1.4014540211775526,188871.64334991275,0.5544047797047995,0.1777755317257968,0.625,0.022251178295370523,5.946546179095078
31,4,resource,0.9,1.7886480886179208,0.8781551093144172,8.661883578790185,2.08030128936637,1.418561842850198,291110.7091754391,0.8295546311035101,0.11650080290262566,0.8333333333333334,0.022251178295370523,5.934219472940191
31,5,resource,0.9,1.7733310195643763,0.8057285869521561,8.692290671982974,2.295772467620804,1.447997167310696,357131.85988213983,1.021403277728922,0.11486925039393,0.7891414141414141,0.022885249872858168,5.934219472940191
31,6,resource,0.9,1.7857010148404255,0.8202692372862334,8.696547634011623,2.325795540842241,1.4548045685506337,422949.1920750352,1.2127831417725812,0.11883356265652197,0.75,0.0437467274358567,5.934219472940191
31,7,resource,0.9,1.78603985460699,0.8362032919768593,8.705011806662531,2.2204909788278546,1.4436869391788218,518120.1427607275,1.4716763283496734,0.10419620496308243,0.7852564102564102,0.059213573775365645,5.934219472940191
31,8,resource,0.9,1.7965249483869885,0.8577519451777595,8.707520698400192,2.2345590624660883,1.441224793048487,627544.5803262881,1.7633525347504626,0.08917000067221255,0.8547008547008547,0.059213573775365645,5.934219472940191
31,9,resource,0.9,1.8235053341230674,0.9142571771909845,8.71083854733471,2.2556719847097653,1.4327818038145848,682414.111895526,1.9295524573597096,0.10037494663931981,0.8191747572815534,0.059213573775365645,5.934219472940191
31,10,resource,0.9,1.8337802777882666,0.9392396516183514,8.705651636727904,2.2628428589038667,1.4269321939276132,743654.3730465762,2.1104050580071254,0.10498347267375752,0.777363184079602,0.059213573775365645,5.934219472940191
31,11,resource,0.9,1.8225924657447696,0.9272991205904572,8.688993156228168,2.2551173244755183,1.4254942827020936,816619.9047646913,2.3182257809587905,0.10706528930828327,0.7780349794238683,0.059213573775365645,5.921892766785303
31,12,resource,0.9,1.8207965364297887,0.9294385507367949,8.684476589729663,2.236879258944051,1.4221662088788232,884186.0299045611,2.5136278687804907,0.10764612676361461,0.7575757575757576,0.059213573775365645,5.921892766785303
31,13,resource,0.9,1.8037878019682922,0.9043126299031514,8.668690226864495,2.213296860124636,1.4235677533650075,950340.2245967702,2.705782516572572,0.11455323842647433,0.7274449035812672,0.0599853620355503,5.921892766785303
31,14,resource,0.9,1.79868119174621,0.899070158621925,8.658964483029532,2.2001900864602346,1.4227517977031057,1019852.4780867269,2.9056606995994727,0.115272547189879,0.7265717674970344,0.06675353488611158,5.921892766785303
31,15,resource,0.9,1.795792304120744,0.8934974847677434,8.656404282835288,2.2103380323285142,1.423705408639318,1089155.0582288103,3.105056633926264,0.11538543234487059,0.7301401869158879,0.07196189491827229,5.921892766785303
31,16,resource,0.9,1.7897290692749483,0.8825714590967699,8.653218681078446,2.1833287893593325,1.42505832405975,1184418.8074905425,3.364163257228248,0.11238148131719708,0.74487895716946,0.07196189491827229,5.909566060630416
31,17,resource,0.9,1.7872683071602578,0.884136819431926,8.647397650966655,2.118988057421248,1.4219594704060827,1250156.871419267,3.5553608042643146,0.11749902766713688,0.7271537842190016,0.08997804305332545,5.909566060630416
31,18,resource,0.9,1.7817074268103705,0.8833986492703736,8.640400126919234,1.97301116487789,1.4177082768593248,1312929.9341882619,3.7397388486330034,0.12026998601841651,0.7135306553911205,0.08997804305332545,5.909566060630416
31,19,resource,0.9,1.7812317156476898,0.8880675067816988,8.636374542049692,1.9697568545699264,1.4144412711563126,1387750.3578638942,3.9518258230869585,0.12788948859042432,0.7028816199376947,0.08997804305332545,5.909566060630416
31,20,resource,0.9,1.7747959563156124,0.8753766673208926,8.631593534313707,1.9702740815160098,1.4170652453856432,1463144.2707855771,4.165231822806827,0.1312533058410931,0.7002801120448179,0.08997804305332545,5.909566060630416
31,21,resource,0.9,1.7598647231791908,0.8402306165964625,8.628525492074377,1.9699423766409963,1.4256368776568262,1554698.5683207528,4.415806707137726,0.12902057151572804,0.7122093023255814,0.08997804305332545,5.897239354475529
31,22,resource,0.9,1.756698854997337,0.8395999090732527,8.632017302747172,1.9710832947585757,1.4228469820131362,1648324.1240384132,4.671145485288341,0.12735536560209915,0.7223018147086915,0.12027828432459765,5.897239354475529
31,23,resource,0.9,1.7500329776867896,0.8260001209953897,8.626108969145346,1.9721548838691987,1.4253285476457271,1723604.6081280382,4.8842905986944745,0.1277149717180282,0.7231517935258093,0.12027828432459765,5.897239354475529
31,24,resource,0.9,1.751115492558313,0.8315315907597791,8.623809229088067,1.9722705421124704,1.4229625782047222,1796425.192859562,5.091777943576975,0.13083183533065418,0.7151370679380215,0.12027828432459765,5.897239354475529
31,25,resource,0.9,1.7521151713324263,0.8364177025856652,8.621712755614006,1.9725466773479994,1.4208966721182534,1871774.8705513426,5.305082202268066,0.13433471557226934,0.7091957153231663,0.12027828432459765,5.897239354475529
31,26,resource,0.9,1.753391394523383,0.8432970278930364,8.617803963539352,1.9736410844531729,1.41809159960244,1931633.833231632,5.482757816432726,0.1391901885203694,0.6951299769661072,0.12027828432459765,5.8849126483206415
31,27,resource,0.9,1.7562254470530767,0.8531982466630991,8.615746753452266,1.9745289117671772,1.4145897451320748,2007427.198947837,5.697082557579995,0.14109060319377373,0.6960357470210816,0.12027828432459765,5.8849126483206415
31,28,resource,0.9,1.7478395328292944,0.8339945302779779,8.614140479413404,1.9746132910539713,1.4186365690176925,2085478.258381774,5.9165999942780445,0.1434179762721322,0.6992009132420092,0.13372477048918213,5.8849126483206415
31,29,resource,0.9,1.747674144692519,0.8379739949933035,8.610270954107525,1.9760766821392244,1.4162569692698728,2150390.167295135,6.10589738477877,0.14696022695664648,0.6897965879265092,0.13372477048918213,5.8849126483206415
31,30,resource,0.9,1.7448567320329342,0.8325519276641047,8.60763099413606,1.9764613061191243,1.4169848245378458,2211698.32748684,6.286906153219689,0.1426165449476297,0.6939304219096966,0.13372477048918213,5.8849126483206415
37,1,resource,0.9,2.23869812579906,1.5464272974756603,8.785250740618485,2.928925053752654,1.3589389599570343,37026.56463216244,0.1251610986539736,0.41830405542531723,0.20833333333333334,0.0,6.081095225615792
37,2,resource,0.9,1.978061262721861,1.2168708884479722,8.715558246150973,2.5292313828993405,1.37288787301246,95469.15267079492,0.2995790511428283,0.24238146003043226,0.4166666666666667,0.007609661182265252,6.081095225615792
37,3,resource,0.9,1.8314339071383308,0.9707056298130301,8.672459154977865,2.2187831800507865,1.4052054476990066,184814.02126733123,0.5450722489148618,0.17875837019305568,0.625,0.022251178295370523,6.081095225615792
37,4,resource,0.9,1.7834359044363006,0.8440384401640907,8.695407533680488,2.19253057237267,1.4339110802913195,283341.348163132,0.8116851007752035,0.11899538301275951,0.7575757575757576,0.02999268101777515,6.067480665777026
37,5,resource,0.9,1.7635145912914827,0.7965743591237935,8.683487260077662,2.204841413994913,1.4445652586962994,364817.9964764168,1.0390813918957587,0.08782218386600324,0.8400537634408602,0.030532355274616,6.067480665777026
37,6,resource,0.9,1.7778097853743051,0.8212753614714846,8.69034161753523,2.2295213266694467,1.4462015089194085,425203.6247682547,1.2179683369669858,0.08682419026037537,0.7653061224489796,0.03432787480928725,6.067480665777026
37,7,resource,0.9,1.7903997040943778,0.8509200142350476,8.687676523220958,2.2507057415947096,1.441926765684246,489896.8564573053,1.406762769851802,0.08263461041098336,0.7618159203980099,0.04774519216640663,6.067480665777026
37,8,resource,0.9,1.809883496476106,0.8845302262375823,8.7042155568173,2.272504263997816,1.4392408319619194,592794.153037707,1.6834265519867253,0.07700588416473328,0.7843137254901961,0.04774519216640663,6.067480665777026
37,9,resource,0.9,1.8138075284184374,0.900315807948302,8.705496061240718,2.230767843037533,1.4324165739086792,675158.9414177308,1.9128655652607804,0.073235666718998,0.7885514018691588,0.0502117400465211,6.067480665777026
37,10,resource,0.9,1.825963946056818,0.928231023770658,8.696955696098817,2.262948696758254,1.4275853491140047,741241.22994568,2.1048548288750637,0.08188864996692735,0.7603406326034063,0.0502117400465211,6.067480665777026
37,11,resource,0.9,1.8241143874892003,0.9274138261513614,8.688765661798966,2.2760268332725233,1.4273863400958737,810185.8394759436,2.3034274307946703,0.08555303364621471,0.7547405189620758,0.0502117400465211,6.067480665777026
37,12,resource,0.9,1.8123972874766987,0.9115608368044322,8.683133509319926,2.236807356718281,1.4261254736679287,884637.8818430698,2.5146671282390605,0.08605389027879179,0.7389162561576355,0.0502117400465211,6.067480665777026
37,13,resource,0.9,1.8125487597478438,0.9142466418665366,8.678046100154889,2.2432366425013623,1.4248939297711822,944204.9786785047,2.6916714509605613,0.08612436347183298,0.749113475177305,0.0502117400465211,6.05386610593826
37,14,resource,0.9,1.7933810791073903,0.8819388159452651,8.661068446061515,2.2307468413020826,1.428793313548899,1023081.5220935731,2.9130875008152186,0.08616910979614509,0.7561728395061729,0.07154670840979338,6.05386610593826
37,15,resource,0.9,1.790154624826591,0.8807680671626865,8.65576231678637,2.205558192849887,1.4264108961898727,1108282.7481008475,3.1490503206319485,0.08862284144002708,0.7709703947368421,0.07373940845363185,6.05386610593826
37,16,resource,0.9,1.7784126538688827,0.8591986281034534,8.648038358405245,2.1539975433597216,1.429386058626099,1187015.2528626237,3.370135081584034,0.0935639397839785,0.7490636704119851,0.07373940845363185,6.040251546099494
37,17,resource,0.9,1.7818728413506304,0.8712908806785405,8.643888481745572,2.145478983108818,1.4251650568034417,1254023.2905903885,3.564253568357894,0.09563012011228053,0.7342479674796748,0.08775846610670053,6.040251546099494
37,18,resource,0.9,1.7714408340474035,0.8580752174911587,8.6380215032318,1.9865546894979014,1.4240851521595284,1314285.823488943,3.7428573940245693,0.09412155421602761,0.7321041214750542,0.08974592904998165,6.040251546099494
37,19,resource,0.9,1.7743972467460871,0.864405508626346,8.639559169985336,2.0075668602050207,1.422668392595411,1403313.951012698,3.987622087329207,0.09702795175590842,0.7373366013071896,0.08974592904998165,6.040251546099494
37,20,resource,0.9,1.7739057216186311,0.8646659165558028,8.635810234910492,2.0274944420742047,1.422253951850385,1478969.0081997241,4.201628718859363,0.09811379321810997,0.7309941520467836,0.08974592904998165,6.026636986260728
37,21,resource,0.9,1.7636893016274058,0.8433256971201705,8.630237810285058,2.001035808555602,1.4265699895533437,1532162.5404120132,4.363973842947623,0.10264208970670664,0.7144245723172629,0.09520606497354697,6.026636986260728
37,22,resource,0.9,1.765263976857964,0.8523400022096184,8.625254136249733,1.9827393939903966,1.4226222910806405,1599281.9580305715,4.5583485034703015,0.10735912819772446,0.7090951711204876,0.09520606497354697,6.026636986260728
37,23,resource,0.9,1.7700534803414858,0.858749982110822,8.63013595862186,2.0375646328101764,1.4224394742774655,1662121.6706468118,4.742879842487651,0.10934372955020055,0.7001800084709868,0.09520606497354697,6.026636986260728
37,24,resource,0.9,1.7608089592283918,0.8404676312608318,8.625539059822291,2.0009536212874,1.4256508799178955,1738706.5140071926,4.959024982216523,0.10783034097572394,0.6993006993006993,0.10298362442786176,6.013022426421962
37,25,resource,0.9,1.7446740919822414,0.8057246383330495,8.620194735645795,1.9693926605029761,1.4322590002010571,1858484.4208413968,5.274514167935188,0.10371854279121451,0.7290500186636805,0.11900758121693372,6.013022426421962
37,26,resource,0.9,1.7510565623480412,0.8264961630426076,8.620170528240031,1.9696315857871785,1.425509854097745,1929250.9606962667,5.477277209601385,0.10656160450808488,0.7185374149659864,0.11900758121693372,6.013022426421962
37,27,resource,0.9,1.7529906607701697,0.8368105106226094,8.614284985755262,1.9712975800859274,1.4213002742232568,1981143.8905599439,5.636630948287837,0.10880977027642627,0.7063953488372093,0.11900758121693372,6.013022426421962
37,28,resource,0.9,1.7515556140114004,0.835550974854278,8.611545852932933,1.9720339943503822,1.4209479116177102,2041746.107718776,5.8160160477531475,0.11340774248473219,0.6938544321721892,0.11900758121693372,5.999407866583196
37,29,resource,0.9,1.7501565991804968,0.8359566372450826,8.60626824287044,1.9733002487454123,1.4195536766449084,2095862.9344622388,5.980484749263106,0.10722711919518597,0.696376523582406,0.11900758121693372,5.999407866583196
37,30,resource,0.9,1.7415884476229948,0.8179845600797799,8.608483421250826,1.973338541865739,1.422508658393456,2209459.5994780567,6.281757078799483,0.1078397795138371,0.7134703196347032,0.13911981043939475,5.999407866583196
41,1,resource,0.9,2.2396748871999206,1.5471896026953689,8.78714048859749,2.930153261263182,1.3591827584321747,37549.919683357075,0.12636481527172128,0.4179047528323236,0.20833333333333334,0.0,5.943328905800363
41,2,resource,0.9,1.9794511378891135,1.2107298539121218,8.734047813619416,2.5217996470208517,1.3774139233195861,96735.86142739336,0.3024924812830047,0.23673273103778106,0.4166666666666667,0.015634508873009427,5.943328905800363
41,3,resource,0.9,1.8291549899661252,0.9576670907977017,8.685340473863967,2.217210149481416,1.4098545383697505,173928.54621573407,0.5200356562961885,0.16966719532979513,0.625,0.018841526114797093,5.943328905800363
41,4,resource,0.9,1.783915070549867,0.8461573005946971,8.693497817606584,2.188542651004641,1.433046724126881,280002.6045162219,0.8040059903873106,0.1207472270332161,0.7575757575757576,0.0329094247900127,5.929714345961597
41,5,resource,0.9,1.7726933234747917,0.8037538481032912,8.701696282961768,2.2573051157187747,1.4471276434653224,373087.6770660138,1.058101657251832,0.08075608211073118,0.8400537634408602,0.0329094247900127,5.929714345961597
41,6,resource,0.9,1.7802485222618687,0.818725176411394,8.70529874665722,2.2403618160316423,1.448085401036368,430878.82313755504,1.2310212932163764,0.0677419973875682,0.7978723404255319,0.0329094247900127,5.929714345961597
41,7,resource,0.9,1.8067366926442272,0.8891713424488752,8.696180436184713,2.2323848229632635,1.4337160996175,487789.31601428153,1.4019154268328475,0.07285181203780475,0.7397342995169082,0.03999337130450824,5.929714345961597
41,8,resource,0.9,1.823896691495693,0.9191995635438966,8.706550206331505,2.2485920898335867,1.4302532309644052,583293.516781741,1.661575088598004,0.08165114357421357,0.7490636704119851,0.03999337130450824,5.929714345961597
41,9,resource,0.9,1.8297439627954974,0.9294665188370789,8.705491104546256,2.269519763499444,1.4297236656659453,650096.649024972,1.8552222927574356,0.0843724636135822,0.7466814159292036,0.03999337130450824,5.916099786122831
41,10,resource,0.9,1.7973480542892577,0.8889816586937276,8.690962847096324,1.964174305018446,1.4240976133805645,725973.9868071389,2.0697401696564195,0.08089596368456552,0.7335680751173709,0.061902569206340005,5.916099786122831
41,11,resource,0.9,1.7919752612980853,0.8811259266508807,8.682311479344184,1.9639277432690567,1.4249193459470693,822328.4917631728,2.331355531055297,0.0819728600536273,0.7458086785009862,0.06435223373600704,5.916099786122831
41,12,resource,0.9,1.794700583528206,0.8894616813362799,8.678560409570592,1.997115167768531,1.4226177904566844,887994.1318527975,2.5223865032614343,0.08984801794680897,0.7281553398058253,0.06435223373600704,5.916099786122831
41,13,resource,0.9,1.7886891039614803,0.8801109475200809,8.669573887406633,2.00796087759652,1.423880675164004,987705.2488655276,2.791722072390713,0.09313554655702055,0.739670868347339,0.06435223373600704,5.902485226284065
41,14,resource,0.9,1.7904780743048363,0.890437243229733,8.659423425431095,2.012341069292367,1.4199125498998446,1053504.158633614,2.9830595648573124,0.09887056472726058,0.716374269005848,0.06435223373600704,5.902485226284065
41,15,resource,0.9,1.789355645846907,0.8950797597674317,8.64779107229538,2.001999649303632,1.4170343095740932,1101720.7254864983,3.133957668618947,0.10511133957879185,0.6833090379008746,0.06435223373600704,5.902485226284065
41,16,resource,0.9,1.7892011866140614,0.8984538628885996,8.64246422969896,1.99210759025694,1.4151600661699326,1163980.0607784712,3.3171541397904845,0.1095206400682123,0.6683375104427736,0.06435223373600704,5.902485226284065
41,17,resource,0.9,1.7890552565732556,0.899014077579045,8.64031736160431,2.0040465092879285,1.4146579470293328,1246856.8936405394,3.5477708553732414,0.11276339243928835,0.6719680059523809,0.0686557496185745,5.888870666445299
41,18,resource,0.9,1.7728010478399798,0.8656488735287986,8.64019289686567,1.9680462989913048,1.4207306933914288,1351649.6554742807,3.828794207590847,0.10200466210166827,0.7105263157894737,0.08829590965902692,5.888870666445299
41,19,resource,0.9,1.7756617691060823,0.876741550304619,8.634633053858233,1.9692430965410064,1.416729293957566,1420981.0414717977,4.028256395385134,0.10722048144506255,0.6938038130381304,0.08997804305332545,5.888870666445299
41,20,resource,0.9,1.7747342873735816,0.8750601398278955,8.6336210804719,1.9694281574296144,1.4169060215329436,1495280.350699065,4.239144806607845,0.11006180134785304,0.6853070175438597,0.08997804305332545,5.888870666445299
41,21,resource,0.9,1.7705186415659144,0.8678330091419562,8.628331871021862,1.9701194858502107,1.4179771016822522,1570794.2624750284,4.452826803692557,0.11744109110234342,0.6775442477876106,0.08997804305332545,5.888870666445299
41,22,resource,0.9,1.7683982278099553,0.8628965095940202,8.626935470486583,1.970091541552724,1.4191234523667846,1629340.603045591,4.627483387004847,0.11728818152715967,0.67311971517579,0.08997804305332545,5.875256106606533
41,23,resource,0.9,1.7724097873608313,0.8716215836073048,8.628948332631927,1.9696822459651226,1.416894475717575,1690037.1638307539,4.807085476810718,0.11726980318596483,0.6711835160373528,0.10298362442786176,5.875256106606533
41,24,resource,0.9,1.75283556645047,0.8349675488389701,8.619761184664702,1.972113877311046,1.4227173169934157,1784524.0582741627,5.064405334030553,0.11454088528444725,0.6896551724137931,0.12296727975557202,5.875256106606533
41,25,resource,0.9,1.7513672976624313,0.8328048515455334,8.619492924437175,1.9721298536207144,1.4225815061585378,1887104.258209355,5.340339793881491,0.11626804739128918,0.7068856315598987,0.12296727975557202,5.875256106606533
41,26,resource,0.9,1.7513073230962681,0.8355188551302406,8.617642843297299,1.9727102715386013,1.4208788616897166,1972837.173690561,5.57752549948826,0.1212333168960821,0.7069946452476573,0.12296727975557202,5.875256106606533
41,27,resource,0.9,1.7545689657955323,0.8488598708002097,8.613297829751936,1.9741354307038084,1.4158798856764043,2028611.485034234,5.745806415578704,0.12574489050114915,0.6934931506849316,0.12296727975557202,5.875256106606533
41,28,resource,0.9,1.7554703095954451,0.8536392148153988,8.610361982596043,1.9750294910440325,1.4138326732863322,2086956.1185511223,5.919999072667542,0.13162360047514615,0.6788584095317263,0.12296727975557202,5.861641546767767
41,29,resource,0.9,1.75807426452015,0.8593264893451603,8.609737639154812,1.9748565750889853,1.412462312067765,2142726.011159591,6.088269825667016,0.1356063759435101,0.6687340966921119,0.12296727975557202,5.861641546767767
41,30,resource,0.9,1.7552967133767299,0.8542619823980865,8.609374604296073,1.9750034894692425,1.413168607825469,2218302.45685271,6.302095650761187,0.13298075962039105,0.6764069264069265,0.1284314406431683,5.861641546767767
43,1,resource,0.9,2.23869812579906,1.5464272974756603,8.785250740618485,2.928925053752654,1.3589389599570343,37026.56463216244,0.1251610986539736,0.41830405542531723,0.20833333333333334,0.0,6.066142037299773
43,2,resource,0.9,1.9613731731865685,1.191075194780978,8.716608696971276,2.497236747266761,1.375794346722149,100158.05270332328,0.3103635212176436,0.23692320711809245,0.4166666666666667,0.009001833728844548,6.066142037299773
43,3,resource,0.9,1.8257689034251925,0.9607920278263112,8.669641910355411,2.197105672814952,1.406306196759036,184463.38068108627,0.5442657755664986,0.1521043144436733,0.625,0.022251178295370523,6.050398015330966
43,4,resource,0.9,1.7870102983941112,0.8667427396686495,8.680112363814017,2.0709350770506765,1.4238759799924976,293335.3884100263,0.8346713933430607,0.0848359898706634,0.8333333333333334,0.03196852361376406,6.050398015330966
43,5,resource,0.9,1.7671552443784768,0.800050643178831,8.687268189238576,2.2460798081119746,1.4458661605993313,378703.885398476,1.071018936416495,0.04966008863651297,0.8680555555555556,0.0329094247900127,6.050398015330966
43,6,resource,0.9,1.7660715687590822,0.7943394755750981,8.697965487523103,2.1688832307519386,1.4487235341275257,458208.97803242796,1.2938806494745845,0.05190532516097997,0.8522727272727273,0.0502117400465211,6.050398015330966
43,7,resource,0.9,1.7781163292662079,0.8281170681763074,8.699551043260803,2.0997238939203644,1.4410662570831163,529944.4472873183,1.498872228760832,0.06519275724370698,0.7975260416666666,0.0502117400465211,6.050398015330966
43,8,resource,0.9,1.811965038320786,0.8847015132425184,8.719489975576078,2.243427898439705,1.4388934869508405,615218.7466586786,1.7350031173149603,0.06982741234427582,0.8032128514056225,0.0502117400465211,6.050398015330966
43,9,resource,0.9,1.8209917503938753,0.905864941085587,8.712372202056745,2.266780618576993,1.4359062067809836,669393.30339943,1.8996045978186886,0.06831143270743643,0.7885514018691588,0.0502117400465211,6.034653993362159
43,10,resource,0.9,1.8192833731501852,0.9114624942484463,8.693470667490587,2.2879307906147344,1.433277756461906,727196.2429244033,2.0725513587261277,0.07189064266105215,0.7659313725490197,0.0502117400465211,6.034653993362159
43,11,resource,0.9,1.8198411395515826,0.9157003047262056,8.68830064876697,2.291452056256903,1.4316606530128464,828671.1030438795,2.345943537000923,0.07337506471224417,0.7780349794238683,0.0599853620355503,6.034653993362159
43,12,resource,0.9,1.80792856622376,0.8905204941220165,8.687228083938209,2.280639341044526,1.4361831533903535,910266.4446246737,2.573612822636749,0.07792373399241981,0.78125,0.0632375413597829,6.034653993362159
43,13,resource,0.9,1.804951764291568,0.8943622070869447,8.677679529423088,2.259832881450287,1.4313527629916112,981494.6245697073,2.7774376365103266,0.07877236208864108,0.7721125730994152,0.0632375413597829,6.018909971393352
43,14,resource,0.9,1.7925792870032162,0.8778874228566004,8.664058009409096,2.2341017307905227,1.4306354081022745,1030413.6641667709,2.929951427583574,0.08707162318282417,0.7397342995169082,0.0632375413597829,6.018909971393352
43,15,resource,0.9,1.7923529889735956,0.8813248585078778,8.660296870107702,2.2263697349249947,1.428289439035404,1108384.9504573857,3.149285386051988,0.09019486684376217,0.734717868338558,0.0632375413597829,6.018909971393352
43,16,resource,0.9,1.7976802401643723,0.8863159378044618,8.667118834769273,2.2491003589582403,1.4300647877487935,1167970.9262127315,3.3263331302892833,0.08797419670279939,0.7386888273314867,0.0682154075042102,6.018909971393352
43,17,resource,0.9,1.8063504594692317,0.9106138032292993,8.664739637573764,2.236242866587697,1.4221070664050588,1244735.180381315,3.542890914877025,0.09146307449557708,0.7378472222222222,0.07780830670427748,6.018909971393352
43,18,resource,0.9,1.7850642298686419,0.8764163663444487,8.660104778038225,2.0570724932014626,1.423198933159494,1345398.7127484116,3.814417039321347,0.08914622420971549,0.7635746606334841,0.0987477627788262,6.018909971393352
43,19,resource,0.9,1.7753600158239309,0.8609774656353414,8.64710339329894,2.0406699822319316,1.425001553520101,1413130.6052381434,4.0102003920477305,0.09340327093142212,0.7520833333333333,0.0987477627788262,6.018909971393352
43,20,resource,0.9,1.7703355266456777,0.8561616782400185,8.64077839697319,1.9715990990640013,1.4238237692537403,1477606.5462398257,4.198495056351596,0.09622595981912205,0.741399762752076,0.0987477627788262,6.003165949424545
43,21,resource,0.9,1.763392316287554,0.8414827232410294,8.635675273968115,1.967295228725164,1.426837407833517,1552743.463192491,4.4113099653427215,0.10105863336023868,0.7385450160771704,0.0987477627788262,6.003165949424545
43,22,resource,0.9,1.7641692517003824,0.8479432204008963,8.629299168624776,1.9688707508073842,1.4241338335646125,1610339.765219317,4.583781460004417,0.10640007524497454,0.7202380952380952,0.0987477627788262,6.003165949424545
43,23,resource,0.9,1.7678055796868697,0.8587374238878813,8.628337722649423,1.969433811224266,1.420603602864193,1687488.8958720663,4.801224460505736,0.10989216184368503,0.7156385281385281,0.0987477627788262,6.003165949424545
43,24,resource,0.9,1.7604338212617978,0.8447089336129255,8.623672933674104,1.969960477010133,1.4228904477603654,1758955.35201823,5.0055973096419075,0.10886421385657677,0.7168458781362007,0.0987477627788262,5.987421927455738
43,25,resource,0.9,1.7612050337890983,0.8501605750622122,8.62031450778585,1.9709590382746238,1.420374645938352,1814254.932368931,5.172786344448516,0.11258419364920731,0.7115209471766849,0.10323091266429114,5.987421927455738
43,26,resource,0.9,1.752247583760997,0.8288367971571344,8.617628824907499,1.9707756403339562,1.4253556613340226,1908090.3999478424,5.428607919880007,0.11545376884442288,0.7200068166325835,0.1199707240711006,5.987421927455738
43,27,resource,0.9,1.7432981120220252,0.8083500777466137,8.616613977397027,1.97090370717631,1.4294973080894744,1998339.44975679,5.676180734440583,0.11743823616545951,0.7322806171648988,0.1351994362780552,5.987421927455738
43,28,resource,0.9,1.7393510802164955,0.8083103555856641,8.617508124497103,1.972984640979195,1.4260038905866095,2085896.147228048,5.917561138624473,0.11915505378560043,0.7344124700239808,0.1481216441682393,5.987421927455738
43,29,resource,0.9,1.7391064951025925,0.8113999655378841,8.615036756339249,1.974070537953082,1.4240472655969136,2153879.1432896694,6.113922029566199,0.12112055997222836,0.7240013774104683,0.1481216441682393,5.987421927455738
43,30,resource,0.9,1.7400653751368873,0.8143540959597957,8.614054184087179,1.9738038531301167,1.4231669567186478,2224226.744104227,6.315721511439677,0.12183501212352174,0.7205995388162951,0.1481216441682393,5.971677905486931
47,1,resource,0.9,2.216237141185868,1.5210881041135913,8.77839489676516,2.8767283725187687,1.3584689169493454,39326.145805537846,0.13045013535273706,0.42273123152037645,0.20833333333333334,0.0,6.96171378431482
47,2,resource,0.9,2.0061642710285903,1.2566508927432103,8.725503752892255,2.562436775260389,1.369330173485318,93629.68403509315,0.2953482732807143,0.24752638256886805,0.4166666666666667,0.007609661182265252,6.96171378431482
47,3,resource,0.9,1.8353832323004078,0.9792607598992005,8.673386935232642,2.2284910691449378,1.403771281599899,176960.50748486564,0.5270091672151911,0.1923638660120588,0.625,0.018841526114797093,6.952402331535097
47,4,resource,0.9,1.787866822167577,0.8536200647925928,8.705029970513932,2.1414801358425684,1.4324430515133633,286489.29848472413,0.8189253865148656,0.13562642498840896,0.7936507936507936,0.031968523613764066,6.952402331535097
47,5,resource,0.9,1.7688151112696586,0.8020470163276351,8.693463623605224,2.24056366305356,1.445379280805014,377703.29814993683,1.0687175857448548,0.08384225936191678,0.8680555555555556,0.0329094247900127,6.952402331535097
47,6,resource,0.9,1.7793497424799498,0.8181726489914377,8.710725084192473,2.216203028624196,1.4465548122789706,444222.8567159001,1.2617125704465701,0.07339478041335909,0.8152173913043478,0.03432787480928725,6.9435733037832765
47,7,resource,0.9,1.805076406155175,0.8689082213201829,8.714616296088195,2.2604650478736716,1.4423786653231305,506135.6136269001,1.4441119113418701,0.06462660668674654,0.7852564102564102,0.03432787480928725,6.9435733037832765
47,8,resource,0.9,1.8240775796509878,0.9047984612437886,8.719870117784762,2.2809410079487957,1.4387102388303228,591594.7199262992,1.6806678558304877,0.07092688226875996,0.7843137254901961,0.03432787480928725,6.9435733037832765
47,9,resource,0.9,1.8198355735313305,0.9090545838096574,8.699007134863734,2.28406441940006,1.4344851072366422,639207.4973139832,1.8301772438221606,0.07929108841544118,0.7401315789473685,0.039578184796029314,6.9435733037832765
47,10,resource,0.9,1.8036544409866355,0.8880835760984818,8.695111341570943,2.188887734495241,1.4310669399122025,727960.8508065261,2.07430995685501,0.08249844647888546,0.7233796296296297,0.04037204766056855,6.933733611397324
47,11,resource,0.9,1.8086402306450517,0.9055932056683702,8.684498681097892,2.210446385749482,1.425882923081348,809145.2126906184,2.3010339891884217,0.08843688765829849,0.7285645472061657,0.04623131561746875,6.933733611397324
47,12,resource,0.9,1.7926684170930356,0.880386247833699,8.66658124047519,2.1916399085257465,1.428333661158043,885409.3798610074,2.5164415736803165,0.08881394741427495,0.7389162561576355,0.07154670840979338,6.933733611397324
47,13,resource,0.9,1.8075214462555749,0.9087587478153724,8.679445239607444,2.1722859468834526,1.4227850575711687,974886.782515768,2.7622395997862657,0.07896472042816072,0.7824074074074074,0.07154670840979338,6.903201256122708
47,14,resource,0.9,1.8063663945316808,0.9101501994872987,8.675462127385341,2.1498160433170455,1.420876852868993,1059863.169412365,2.9976852896484387,0.08691872934684788,0.7792620865139949,0.07678865784336297,6.903201256122708
47,15,resource,0.9,1.8037051459190292,0.9084923150878076,8.6655054508003,2.181665554231265,1.420529622297524,1109676.3389563668,3.152255579599643,0.08977908892482436,0.7488019169329073,0.07678865784336297,6.903201256122708
47,16,resource,0.9,1.7953174382784518,0.8953361928452012,8.656713226930927,2.1611268278324487,1.4217661510807216,1186051.6211790075,3.3679187287117176,0.0905214850894861,0.7428040854224698,0.07780830670427748,6.903201256122708
47,17,resource,0.9,1.788988236535157,0.8869757106983918,8.650534037518222,2.1101022910573795,1.4214306808800683,1253582.3513456364,3.5632394080949634,0.09085234139589185,0.7396601146601146,0.07780830670427748,6.903201256122708
47,18,resource,0.9,1.7805123855178353,0.872238668952547,8.640691816759883,2.09473889773194,1.423748012413677,1327023.7279303176,3.772154574239731,0.09729939646218583,0.7321041214750542,0.07780830670427748,6.903201256122708
47,19,resource,0.9,1.7731967307118746,0.8549452076016074,8.636528758670735,2.113482529855739,1.4283080023667938,1398927.3653631045,3.97753294033514,0.09870010975975307,0.740239501312336,0.09549038433281326,6.903201256122708
47,20,resource,0.9,1.759722455007775,0.8354681500601281,8.63549661267777,1.9675259275218637,1.4276401467053312,1488301.8469726038,4.223094248036985,0.10005715612850338,0.7400828892835998,0.10143675820980055,6.872668900848092
47,21,resource,0.9,1.7597837005308716,0.8372539665959519,8.636898558867031,1.967480627005421,1.4262746098858388,1596348.5831321718,4.511601741203989,0.10343857977758664,0.7555509868421053,0.103732089471407,6.872668900848092
47,22,resource,0.9,1.7668287503895528,0.8603528652344978,8.633005173042882,1.968988337179995,1.4186222356402662,1655150.219918369,4.686845505812237,0.10977967587781828,0.7370857699805068,0.103732089471407,6.872668900848092
47,23,resource,0.9,1.7636374492617093,0.856837258520047,8.625554766857322,1.9702071926511808,1.4184902673792157,1714046.011175955,4.86230582570468,0.11383075034283173,0.7212587260034904,0.103732089471407,6.872668900848092
47,24,resource,0.9,1.7559176221414359,0.8420176010953893,8.618606855542302,1.9710971490209117,1.4210477798027108,1784654.4799629091,5.0647053039146686,0.11294828894376743,0.7220216606498195,0.103732089471407,6.872668900848092
47,25,resource,0.9,1.756409087810749,0.8452272254867279,8.616645337915058,1.9715899012001195,1.4196105399152161,1854994.351890912,5.266487009349073,0.11273661406579683,0.7233796296296297,0.11125589147685261,6.872668900848092
47,26,resource,0.9,1.7555892880819393,0.8461568000888704,8.615810188543566,1.9722560681063905,1.4182166189924892,1912658.5068367806,5.439114565724567,0.11621781520154695,0.7134414049307667,0.11125589147685261,6.872668900848092
47,27,resource,0.9,1.7538314544894267,0.8417630151767937,8.61678442395018,1.9717712145602857,1.4190325336877285,1996389.4228094819,5.671695672461776,0.11622158179091191,0.7252865329512894,0.12066789089671323,6.872668900848092
47,28,resource,0.9,1.7415230211868395,0.8130250038955348,8.61566571771003,1.972483720296202,1.4253356125421115,2091950.509318117,5.931486171431632,0.11472634263685472,0.7285162057686589,0.12690156175846526,6.852989516076187
47,29,resource,0.9,1.7416598548820499,0.8149102535313967,8.615360691611745,1.9726118675634814,1.4243297147715772,2173441.7993180426,6.158916138431458,0.11705494660345378,0.725200055187638,0.13372477048918213,6.852989516076187
47,30,resource,0.9,1.7404254523541975,0.8140476755087013,8.612098622479154,1.9731249471380508,1.42376116530802,2257823.6600390654,6.392994418089805,0.11954348453873104,0.7250580046403712,0.13372477048918213,6.852989516076187
7,1,utility,0.9,2.0638910890500934,1.320969051030796,8.773312516197732,2.6246540049221383,1.3724412280792349,76968.4865600174,0.21702751908804008,0.4048674940298269,0.20833333333333334,0.011054771818165906,5.992435136558317
7,2,utility,0.9,1.869806883931279,0.9594983715137914,8.821993947329728,2.398042300483089,1.4363233444861128,153046.14909046786,0.4320061429080761,0.28592152399561616,0.21929824561403508,0.022109543636331812,5.98010843040343
7,3,utility,0.9,1.8085898057035892,0.8391274377577973,8.78300209006748,2.321496700509294,1.450865142962516,241398.51788216687,0.6752165911289839,0.26207758868480974,0.2533783783783784,0.03316431545449772,5.9677817242485425
7,4,utility,0.9,1.814509388613175,0.8665170280381098,8.7720646293243,2.2558033056166833,1.4461099134968138,333555.0393878565,0.92717659059207,0.22553219859252138,0.32679738562091504,0.044219087272663625,5.9677817242485425
7,5,utility,0.9,1.814990951140438,0.8760260956970943,8.750520721385875,2.244177309719724,1.443024951266215,393781.15703216445,1.105696661173978,0.17043198664071452,0.42691256830601093,0.044219087272663625,5.9677817242485425
7,6,utility,0.9,1.80597918545955,0.8671717376921163,8.733707425965223,2.228262148190314,1.4415042282442505,461535.09345822677,1.3015307149539217,0.11849059099815112,0.5136986301369864,0.044219087272663625,5.9677817242485425
7,7,utility,0.9,1.8006253939414159,0.8629656678481202,8.723704039959587,2.2066826590228303,1.4398413795566247,562916.0426302894,1.574706898049666,0.07709913300311612,0.6076388888888888,0.05541549374986824,5.9677817242485425
7,8,utility,0.9,1.7979115518820368,0.8658592095720116,8.720433645024084,2.0558698078481883,1.4350758998675224,656624.4588706794,1.8302362554025629,0.062021262168497765,0.6472491909385113,0.06190256920634001,5.9677817242485425
7,9,utility,0.9,1.792028384560746,0.8592485287819627,8.705667258961997,2.0792628987802244,1.435284611806628,729677.941087147,2.038259264500438,0.06019081088690117,0.6440839694656488,0.07210405459790545,5.9677817242485425
7,10,utility,0.9,1.7858212282083767,0.8514975597114249,8.702489091697487,1.961529094221473,1.434101270067663,831815.8954207288,2.3131765594676756,0.057884249529046805,0.6469979296066253,0.08788072315054801,5.955455018093655
7,11,utility,0.9,1.7670179598405187,0.8181199601782742,8.68355131752604,1.9638892230970757,1.4381450972167964,927844.7012045454,2.5740428127704535,0.056025796415801035,0.6178513071895425,0.10351523202355745,5.955455018093655
7,12,utility,0.9,1.7647431746680224,0.8181736826554424,8.676853167642967,1.9653350902526001,1.4375577364205487,1023603.824723321,2.834288796863637,0.05354793838449237,0.6198347107438017,0.11154007971430162,5.955455018093655
7,13,utility,0.9,1.7537354034772472,0.7933066562988821,8.670757721342168,1.966462522374403,1.4420211488571741,1104057.6060186038,3.0593324938427875,0.05794515603358867,0.6028824200913242,0.13534159595768835,5.955455018093655
7,14,utility,0.9,1.754120386608508,0.7994193969540685,8.661947385758605,1.9655946326241,1.4404185262876212,1166184.089073616,3.2422234048693155,0.06171670070276066,0.5987292277614858,0.15111826451033092,5.955455018093655
7,15,utility,0.9,1.7525495586181994,0.8012096752099646,8.65841486645569,1.9665184427921656,1.4389841183859706,1269018.7034701388,3.518743017981317,0.06372295993342827,0.5963740458015268,0.15111826451033092,5.943128311938768
7,16,utility,0.9,1.753322473316843,0.808859547854231,8.652301530803063,1.9666486569070638,1.436416965070449,1349617.4818221477,3.7441202081909366,0.05977663083397979,0.5952380952380952,0.1591431122010751,5.943128311938768
7,17,utility,0.9,1.7547034665177044,0.8154629277105805,8.650178587607947,1.9666522774684663,1.4342937739451744,1445364.1310332813,4.004337501376543,0.055268840507359515,0.5984923790589795,0.1591431122010751,5.943128311938768
7,18,utility,0.9,1.7553862418780606,0.820854395903865,8.648364686967911,1.9674875068928208,1.4321964934779077,1534232.334970955,4.24873437043319,0.04929349024112839,0.5962897526501767,0.1659632119315273,5.943128311938768
7,19,utility,0.9,1.7531489506086406,0.8212952697486223,8.644278329887985,1.9692462223629408,1.430428081964155,1641107.0200638075,4.534546146146747,0.0527631902160594,0.5884846113719353,0.17701798374969321,5.943128311938768
7,20,utility,0.9,1.753517063062489,0.8223185769045015,8.646112841480656,1.9690251139269763,1.4299228012362355,1715674.2196722822,4.746050705246233,0.050744285636090264,0.5901794145420207,0.18308678812409498,5.943128311938768
7,21,utility,0.9,1.7476741473436224,0.809316407766151,8.643469638763628,1.9700078098520182,1.432409864364193,1818721.3832491217,5.023059181472959,0.048494985659177606,0.5866858237547893,0.19111163581483917,5.943128311938768
7,22,utility,0.9,1.743262442491414,0.795077511445124,8.645621773166715,1.9693237122202756,1.4362768770287797,1916791.4979596788,5.288620445307236,0.04779080957348576,0.591051191871825,0.20688830436748173,5.943128311938768
7,23,utility,0.9,1.741569613891102,0.7947515900606184,8.642912093476168,1.9707326537046477,1.435385285054453,2008704.3351783163,5.540019970910099,0.048953065163494625,0.5855915692525682,0.21051123311238662,5.943128311938768
7,24,utility,0.9,1.7422261213383468,0.7990092480812727,8.636344236396603,1.9704897354509154,1.434212840169792,2102706.651361389,5.796225298131163,0.048063435369087,0.5819592628516004,0.2213787056813956,5.943128311938768
7,25,utility,0.9,1.7384945682449962,0.7910780551791213,8.634503298445669,1.9709336208975659,1.4354048866660873,2203659.021545158,6.068415749553827,0.049654821827786313,0.5756336575302092,0.24003031027024427,5.943128311938768
7,26,utility,0.9,1.7381994244623036,0.7902643921814652,8.63369681155068,1.970531238718783,1.4356430376771885,2286481.6785253086,6.29890786060817,0.04882760076216354,0.5771857923497268,0.24987000265619683,5.943128311938768
7,27,utility,0.9,1.736619366514435,0.7886460527925053,8.630676369946515,1.9711452241413974,1.435244111192593,2377827.6650932766,6.549003629714492,0.04915729114420364,0.5726809954751131,0.25970969504214936,5.943128311938768
7,28,utility,0.9,1.7344208785698143,0.7890265009041597,8.629094308693626,1.9737205054252298,1.4331472334863853,2478518.395572285,6.820592309816209,0.05122614611025038,0.5655586334256695,0.2812402165879208,5.943128311938768
7,29,utility,0.9,1.7326826142934673,0.7890166019349211,8.628779063000426,1.975349926143509,1.4317764725292672,2583350.867043619,7.101706994200273,0.05236632256201569,0.5637333762333763,0.30277073813369226,5.943128311938768
7,30,utility,0.9,1.7333712901445772,0.7911633612007666,8.629647465854815,1.9747021512312029,1.4311329137444382,2677618.5484647774,7.3585226614689345,0.05263875671878675,0.5664652567975831,0.30277073813369226,5.943128311938768
11,1,utility,0.9,2.0222560237357365,1.2668809188745591,8.75279673211403,2.5835100734035996,1.3754251164597777,90538.97902206083,0.24823965175073995,0.3892432616893262,0.20833333333333334,0.022251178295370523,5.891332237352481
11,2,utility,0.9,1.8575942825776846,0.9387783663523795,8.800924996245353,2.422762698951739,1.4408668060672236,172997.77286487716,0.4778948775892175,0.27906995366681897,0.23148148148148148,0.03330595011353643,5.877717677513715
11,3,utility,0.9,1.8036120519422714,0.8369619800603175,8.763653841975806,2.300216437896227,1.4492840624305035,255554.6747933989,0.7077757520248176,0.23637795287574054,0.2840909090909091,0.055557128408906954,5.864103117674949
11,4,utility,0.9,1.806642890233859,0.8572381225938215,8.739182962818502,2.2938749183518725,1.4482285274782216,333089.73283639754,0.9261063855237146,0.2097981948597847,0.37037037037037035,0.055557128408906954,5.864103117674949
11,5,utility,0.9,1.796446148266574,0.8479241155058241,8.729960372998223,2.230446470975968,1.4439628782670013,417535.74441708723,1.1603322121593003,0.1644998083982182,0.4650297619047619,0.06661190022707286,5.864103117674949
11,6,utility,0.9,1.795049954440933,0.8524228710989376,8.726508615181748,2.1349127387112117,1.4396595406641002,503515.1852000254,1.3980849259600583,0.11319407986476768,0.5681818181818182,0.06661190022707286,5.864103117674949
11,7,utility,0.9,1.7835444904445803,0.8360836246892954,8.715052681768693,2.0389540098491916,1.4392746466470963,609512.9005115713,1.6818796711766144,0.08638509862383625,0.6149598393574297,0.0682154075042102,5.864103117674949
11,8,utility,0.9,1.7736709993272357,0.8218426265758804,8.705592057495052,1.9628496905192676,1.4393206050885223,724047.5762977167,1.9853094254847488,0.07066642479838156,0.6410256410256411,0.08788072315054801,5.864103117674949
11,9,utility,0.9,1.7746115807457934,0.8278749839821443,8.702131966415314,1.9638668208979533,1.4373798018485855,805645.2266049505,2.2129840211913865,0.0511182016711635,0.675,0.09958562143593419,5.864103117674949
11,10,utility,0.9,1.765423714140875,0.8123372209895426,8.688360033527806,1.9656144667226179,1.4394647157819345,901088.1664175354,2.4725027827603316,0.05380923921115756,0.6551362683438156,0.1280162541346894,5.864103117674949
11,11,utility,0.9,1.7582925710391546,0.800097117274552,8.677316907799723,1.966565831730517,1.4415084887029828,987780.8844791244,2.711896034301986,0.05281617693406308,0.6270729684908789,0.15181777037807614,5.864103117674949
11,12,utility,0.9,1.757229832577714,0.798354649745277,8.680096482957817,1.9663798464336026,1.441079391243996,1083899.0017880842,2.972967704112593,0.05650114324596053,0.6048387096774194,0.16745227925108558,5.864103117674949
11,13,utility,0.9,1.7665421357190392,0.8299549323894745,8.670327675520562,1.9660396353157905,1.4340211716219975,1144620.0177853554,3.1526260409063163,0.05361261617549112,0.6091407151095732,0.16745227925108558,5.864103117674949
11,14,utility,0.9,1.7646655662910287,0.8306250037864387,8.661770391215885,1.9668793456098463,1.4331891822834149,1225222.1183588088,3.378010872225259,0.05867068188358414,0.5987292277614858,0.17506194043335083,5.864103117674949
11,15,utility,0.9,1.7617522054914587,0.8279493634604073,8.654465196949843,1.9682187793870252,1.4332574595777734,1302037.4864110695,3.5946862187454576,0.05756120969576946,0.5888819095477387,0.19886345667673758,5.850488557836183
11,16,utility,0.9,1.7620470466604126,0.8322587227926421,8.652178790975888,1.967688634182649,1.4310981172025419,1390838.0142454314,3.8389274327644887,0.05368901212980784,0.5979073243647235,0.20688830436748176,5.836873997997417
11,17,utility,0.9,1.7514021340088226,0.8061874396041896,8.649845850411225,1.9695880469615639,1.4368177391688954,1486373.356165232,4.098658719180028,0.05841275978321418,0.5834140826873385,0.2306898206108685,5.836873997997417
11,18,utility,0.9,1.7472364459131928,0.7993885627310235,8.646669766211879,1.9709488395678414,1.437238330012274,1586669.188847616,4.369339134349508,0.062072849809722455,0.5672268907563025,0.23829948179313376,5.823259438158651
11,19,utility,0.9,1.7455637425279733,0.8023424125051175,8.641272587817358,1.9725271665355288,1.4346963588151673,1676746.951680618,4.616517988865407,0.06346162137225922,0.569760101010101,0.24632432948387795,5.823259438158651
11,20,utility,0.9,1.7457622336617442,0.8032040954197601,8.640835784456897,1.9720372053828756,1.4345364405193006,1769334.1556850548,4.869468558075608,0.06254284302385518,0.5623031938821412,0.2544913368542553,5.809644878319885
11,21,utility,0.9,1.7478814471123258,0.8098436284991162,8.638524728144155,1.970996789159925,1.4328887119091476,1857260.9922570824,5.1117002821912685,0.05730404257206611,0.5636503067484663,0.2544913368542553,5.809644878319885
11,22,utility,0.9,1.7459130075821707,0.8070818275005702,8.63822126214479,1.9716110743366406,1.432747646144719,1964902.3377766588,5.3992753768862904,0.05614796669213003,0.5664794007490637,0.2544913368542553,5.809644878319885
11,23,utility,0.9,1.7453036988078052,0.8085296947619547,8.636595270601758,1.9723977667749562,1.43151212364572,2074309.316054695,5.690911426925769,0.05356148180521196,0.5617142371729528,0.2544913368542553,5.809644878319885
11,24,utility,0.9,1.7436554227050336,0.8070772941062897,8.633024488091616,1.972937315332523,1.4310982154432803,2169260.7523439643,5.949299730391086,0.053542338163480765,0.5514705882352942,0.2544913368542553,5.796030318481119
11,25,utility,0.9,1.743668095483598,0.8099133043964196,8.631600570942911,1.972968438426427,1.4295057140696217,2257294.96334018,6.191778415682378,0.05375260903163755,0.5583547741566609,0.2571961190708254,5.782415758642353
11,26,utility,0.9,1.7392304646246228,0.8029527461165843,8.626320645475554,1.9743280160212011,1.4299161185910485,2364036.5996597726,6.477284179217438,0.05187882562435578,0.5562137967351237,0.26703581145677796,5.782415758642353
11,27,utility,0.9,1.7347195441088272,0.7933515547837147,8.625439376992757,1.9760478897945857,1.4313417956802101,2455038.122301126,6.726587681292547,0.051796119916114824,0.5538840262582057,0.27872664061659685,5.768801198803587
11,28,utility,0.9,1.7349120293312819,0.7936342260065923,8.625411436923812,1.9751505816853423,1.4313513288026398,2544547.002802489,6.972458106445679,0.05277371310321998,0.5477308294209703,0.2885663330025494,5.768801198803587
11,29,utility,0.9,1.734104057156356,0.7934769924342447,8.625156473937732,1.97550301983923,1.4307657757411707,2644020.3950679377,7.241246908656208,0.05434306442463652,0.543113246538541,0.30824571777445453,5.768801198803587
11,30,utility,0.9,1.7316119354370314,0.7873089334165564,8.622634712836602,1.9752661615800322,1.4320628295370792,2721704.3461778834,7.459919996209082,0.053616416170597786,0.5397236614853195,0.30824571777445453,5.755186638964821
19,1,utility,0.9,2.0711084675818756,1.3306290479838871,8.773208067901265,2.6390362359017634,1.3722349167113925,92876.24361410506,0.2536153603124417,0.3832421983512068,0.20833333333333334,0.022251178295370523,6.771626440281607
19,2,utility,0.9,1.8813542555511304,0.9931272741377444,8.778086852567656,2.4575399159982854,1.4317350633293746,172231.96521244993,0.4761335199886349,0.26842408899503334,0.23148148148148148,0.044502356590741046,6.7558824183128
19,3,utility,0.9,1.7978138610268608,0.8309632495259526,8.763066997750961,2.294964988889498,1.4475901899252503,261224.71605356902,0.720816846923209,0.25575154320727544,0.2757352941176471,0.055557128408906954,6.740138396343993
19,4,utility,0.9,1.8320364987165982,0.9070228932083179,8.762836419811164,2.230229585563998,1.438744348375278,362724.9139208682,0.994267302017997,0.2431229508988082,0.30303030303030304,0.07780830670427748,6.724394374375186
19,5,utility,0.9,1.8260294369722303,0.9075715551904999,8.74067862036853,2.2135959550246045,1.4350707907457154,429553.0792249765,1.187972082217446,0.17878305824115964,0.4069010416666667,0.07780830670427748,6.724394374375186
19,6,utility,0.9,1.8085131238969743,0.8840182079409189,8.719595726912194,2.170302980007279,1.4350270979415938,513457.46947520337,1.4209521797929676,0.13009289560976678,0.487012987012987,0.07780830670427748,6.724394374375186
19,7,utility,0.9,1.7910887855213156,0.8552047799113113,8.705711718105015,2.0825339401846725,1.4367230916320344,607222.1059745334,1.6766108437414267,0.09644447926789679,0.5548007246376812,0.07780830670427748,6.724394374375186
19,8,utility,0.9,1.779219355802974,0.8379099945503584,8.691776250850417,2.0102219715987997,1.4372905409694585,713296.071986499,1.9605809655689477,0.07192759122935512,0.6006006006006006,0.08789479227611528,6.724394374375186
19,9,utility,0.9,1.7682806094708454,0.8177738637615954,8.687487303539172,1.9660057653432361,1.4392759736244376,819478.0075416071,2.2447994173456958,0.0661682107143512,0.5859375,0.10942531382188675,6.708650352406379
19,10,utility,0.9,1.7651079261849307,0.8136846996194331,8.682234880188224,1.9661271751739218,1.4395561760729698,893011.9692736816,2.4539275293294667,0.05759245341084312,0.5986590038314177,0.10942531382188675,6.708650352406379
19,11,utility,0.9,1.7643061565347322,0.813848870119984,8.676944940248806,1.9648877710908497,1.439369404819005,979341.9094349276,2.692486391700332,0.0646184167787508,0.5781727828746177,0.11886542153730059,6.692906330437572
19,12,utility,0.9,1.7611470760642656,0.8128219245482741,8.669459363425073,1.9662025023797385,1.4387277877729032,1076934.6460186217,2.9569496858428286,0.065604804128222,0.5747126436781609,0.12826683993668386,6.692906330437572
19,13,utility,0.9,1.760126047386493,0.8180024652877886,8.6646497530108,1.9671088590082295,1.435949186489795,1168856.2516719864,3.2083693788455667,0.06781816313678718,0.5868055555555556,0.13810653232263642,6.677162308468765
19,14,utility,0.9,1.7590841292699844,0.8217516884876062,8.660371807671186,1.9676410217021296,1.433707170935797,1240121.5421944512,3.4122795470472354,0.06729256501045097,0.5883765609990393,0.14979736148245534,6.677162308468765
19,15,utility,0.9,1.7574222718480914,0.8206087560740646,8.653543109187721,1.967999598115107,1.4336644585921046,1315651.2463849164,3.6259978666853048,0.06235993992827413,0.5978954081632653,0.15830144665369678,6.661418286499958
19,16,utility,0.9,1.752110351851776,0.8119229908324533,8.649833670740723,1.970014354587405,1.4343825129652603,1413882.8744498014,3.8919306112345398,0.0635374595154696,0.5873715124816447,0.1664684540240741,6.645674264531151
19,17,utility,0.9,1.7507207167724357,0.8109325872091314,8.650488695973767,1.970841070567169,1.4336161419345068,1508436.8783357209,4.149404820172152,0.060705375171259575,0.5902777777777778,0.17449330171481828,6.629930242562344
19,18,utility,0.9,1.750400415998028,0.8091192128066009,8.651270148622594,1.9699484184873355,1.4343353175499345,1595738.2996457987,4.390198089185327,0.05940945175107541,0.587979094076655,0.18210296289708353,6.614186220593537
19,19,utility,0.9,1.7529735862816143,0.818430925237834,8.648870299609108,1.9692967321797903,1.4316662988571947,1695722.4008807293,4.660161522025664,0.0545140946168,0.5912604821802935,0.18849765954497527,6.59844219862473
19,20,utility,0.9,1.7458371992207278,0.8058681762723406,8.641890810556669,1.97117575466257,1.4331838468771223,1808187.2337531492,4.958830637632225,0.055955708449596867,0.584385226741468,0.20799765714106266,6.59844219862473
19,21,utility,0.9,1.7383754933615658,0.7881438207329404,8.641272472340917,1.973703046677468,1.4363583390924222,1902989.8936030797,5.2168767552870605,0.05905828209447879,0.5650369003690037,0.22209633420159178,6.582698176655923
19,22,utility,0.9,1.745069093971018,0.802120654623403,8.645039692541896,1.9700814247265168,1.434398209297668,1987238.485832677,5.45064851741513,0.05706161323884293,0.5821785989222479,0.22767704191296778,6.566954154687116
19,23,utility,0.9,1.7462688231282644,0.807343317791259,8.643284237482119,1.9701464652262768,1.4325892581138813,2085040.6314294233,5.715593452287642,0.057550461298522364,0.5752000695894224,0.24735642668487287,6.551210132718309
19,24,utility,0.9,1.7406386937826994,0.796548443871964,8.640004323294718,1.971988153025591,1.4341522143692331,2182409.989905456,5.979542976782514,0.05937479865560372,0.5633802816901409,0.2571961190708254,6.5354661107495025
19,25,utility,0.9,1.7346467111537847,0.7867996765434988,8.63248319679407,1.9745730631998175,1.4347140617758127,2273429.988482933,6.228888973510709,0.06018411647448223,0.5517302259887006,0.26703581145677796,6.5197220887806955
19,26,utility,0.9,1.7353993057270485,0.7893412925125568,8.632094070901472,1.9737330069350227,1.4340397970407268,2358021.8643668327,6.463450288043676,0.058535333366982786,0.5471380471380471,0.26703581145677796,6.5039780668118885
19,27,utility,0.9,1.732894225347198,0.7853281833609248,8.629226730882403,1.9745303096301567,1.4341779666356962,2440510.993887196,6.693175285940508,0.05764671052119667,0.5490780911062907,0.27872664061659685,6.4882340448430815
19,28,utility,0.9,1.7334014643947169,0.7901207480120627,8.625952234513646,1.9747887138520892,1.432080259867898,2511742.7965680566,6.897008432106484,0.05610321355064408,0.5455355154753952,0.27872664061659685,6.4724900228742746
19,29,utility,0.9,1.7311198176881486,0.7855652798510346,8.625454618342768,1.9750226700209506,1.4326372764748612,2601006.541204076,7.142315044769324,0.054924183544965186,0.5434501654259719,0.29840602538850197,6.4724900228742746
19,30,utility,0.9,1.7307542167088024,0.7837583967653191,8.625722023620812,1.9743370421348323,1.4332714041794785,2692548.7773608095,7.392862187929808,0.05344068141951962,0.5492091388400703,0.30824571777445453,6.4724900228742746
23,1,utility,0.9,2.070055510131296,1.3431367265540088,8.737623378781015,2.6591094518936425,1.3638070299631513,72990.70015596018,0.20787861035870847,0.4023613072205182,0.20833333333333334,0.022251178295370523,6.457606228591735
23,2,utility,0.9,1.8857077398571997,0.9998224473880076,8.775862097747167,2.46000707399691,1.4313018544784828,153551.3109629217,0.43316801521472004,0.27905095730692464,0.24509803921568626,0.044502356590741046,6.443991668752969
23,3,utility,0.9,1.805607912934899,0.8493162235831103,8.746510664447817,2.3763186297212635,1.4495191746270266,241898.63642033038,0.6763668637667599,0.23246346652710662,0.33482142857142855,0.05569876306794566,6.443991668752969
23,4,utility,0.9,1.8032894661994625,0.8391813712797453,8.742398339003485,2.3398188368840085,1.4536877178772045,328228.62236074905,0.9149258314297228,0.19260116272078143,0.4065040650406504,0.05569876306794566,6.443991668752969
23,5,utility,0.9,1.8018361858915244,0.8565530938069894,8.738531590943609,2.2267393878274078,1.4429032830724635,418984.22269045515,1.1636637121880467,0.1706253957925371,0.4650297619047619,0.0682154075042102,6.430377108914203
23,6,utility,0.9,1.7906814490667233,0.843980338948951,8.719091448229022,2.177904350509125,1.4415345712485124,504078.0989286418,1.3993796275358756,0.12809379821281927,0.5357142857142857,0.07805509989016274,6.430377108914203
23,7,utility,0.9,1.781582216630844,0.8308227964636183,8.710587636207842,2.1022982013589155,1.4412787150823116,606206.6822485776,1.6742753691717283,0.0938265424008595,0.6076388888888888,0.09773448466206783,6.430377108914203
23,8,utility,0.9,1.7793272333043209,0.8323155515633899,8.706145488381203,2.0041601592754525,1.4386828272965266,718049.6250672331,1.9715141376546361,0.06342158948169752,0.6472491909385113,0.10927998768402822,6.430377108914203
23,9,utility,0.9,1.779827749441059,0.8425231688581938,8.699798937350478,1.9635170943926523,1.4345570472865963,807093.5323780224,2.2163151244694523,0.057584901783909945,0.625,0.12910469859379184,6.430377108914203
23,10,utility,0.9,1.771133791998441,0.8268846359847271,8.692383145978964,1.964852704514835,1.4362038873178509,895168.1305547787,2.458886700275992,0.06011386039754865,0.6056201550387597,0.14570665024537097,6.430377108914203
23,11,utility,0.9,1.7653485092729149,0.8141934260596481,8.68840050230372,1.9647652290398778,1.4384417993423113,988784.3692719683,2.7142040493255273,0.059674323778724093,0.6030701754385965,0.14794622470858895,6.430377108914203
23,12,utility,0.9,1.7629860145529472,0.8124401399756208,8.676075933003524,1.9642851069143945,1.4386686126729515,1054990.8911499856,2.9064790496449677,0.06063139379356576,0.5813953488372093,0.14794622470858895,6.430377108914203
23,13,utility,0.9,1.7571903542150562,0.8049681544930464,8.66585159963279,1.9658665404145361,1.439310340525477,1155377.1661129885,3.177367482059874,0.06412071316107858,0.5829194260485652,0.16391998152604234,6.430377108914203
23,14,utility,0.9,1.7581183435229872,0.8103492586749805,8.663973251881378,1.9658255177586528,1.43772976228862,1246184.5792376956,3.4262245322467,0.06461896762847327,0.5767419962335216,0.18213331280671372,6.430377108914203
23,15,utility,0.9,1.7529066444418255,0.807209308916387,8.652990815352133,1.9681192954546445,1.436845179388015,1326079.3961051977,3.649982611041955,0.06368829038853557,0.5772783251231527,0.18213331280671372,6.416762549075437
23,16,utility,0.9,1.7507164935475215,0.8043766099076065,8.648584975303281,1.968120347818431,1.4369299372083744,1398943.5056807469,3.8575700630657175,0.06328618579539777,0.5772005772005772,0.18213331280671372,6.416762549075437
23,17,utility,0.9,1.7480687604491685,0.8010278207377287,8.64739152827378,1.9689603873216968,1.4367918417279868,1499866.3864603816,4.129692688858876,0.0656748515978578,0.5723225602027884,0.2003466440873851,6.403147989236671
23,18,utility,0.9,1.7444476119993186,0.7937858712589655,8.648590041821873,1.9700301380565197,1.4373851123845176,1598538.2579690146,4.396637993328727,0.06733930285716024,0.56438127090301,0.21855997536805646,6.403147989236671
23,19,utility,0.9,1.7462437709627083,0.8010208720240772,8.64663707317134,1.969569624486443,1.4353136450187574,1693504.848493932,4.655061151536033,0.05875345736391496,0.577636968766001,0.21855997536805646,6.403147989236671
23,20,utility,0.9,1.742232790830268,0.7913085069329789,8.64315303906948,1.969975843608373,1.4375314948911984,1790759.1261371684,4.918745990115473,0.057975795971081524,0.5715592135345222,0.2186752081841232,6.403147989236671
23,21,utility,0.9,1.739914022948526,0.7890665097797143,8.642598959099097,1.971209669384998,1.4368003666307492,1905968.4587729003,5.223727455177652,0.058514789922880894,0.5785579345088161,0.23751673429892028,6.403147989236671
23,22,utility,0.9,1.7372727241283417,0.7835807676405739,8.641908633401433,1.971702546749918,1.4376111042825104,2001859.9293239128,5.484277837444976,0.06116346882153417,0.5633147113594041,0.2571961190708254,6.389533429397905
23,23,utility,0.9,1.7394674873700608,0.7923922807513631,8.639082726549773,1.9713027826734466,1.4350737335187165,2093457.3813369751,5.734951977075015,0.06109901596959115,0.5611422267481331,0.2571961190708254,6.389533429397905
23,24,utility,0.9,1.7402333200650493,0.7961399618622765,8.639071521991601,1.9717248101823373,1.4336484518701118,2182275.757329524,5.979234241857875,0.06320760361986559,0.5655042412818096,0.27872664061659685,6.389533429397905
23,25,utility,0.9,1.7370455459301086,0.7870623870620893,8.638254151077424,1.9712777858547499,1.435971033117678,2267890.757790079,6.216148742917148,0.06446942661683083,0.561242816091954,0.2885663330025494,6.375918869559139
23,26,utility,0.9,1.7330837945029662,0.779288350763397,8.638211636423831,1.9731361758415782,1.4367987071592834,2359988.650107366,6.467973895246906,0.06785705549239829,0.5484164070612668,0.29840602538850197,6.375918869559139
23,27,utility,0.9,1.7336578378644563,0.7837802617894741,8.633649582270905,1.9726728762753754,1.4350971595820359,2437407.934032408,6.686038248274499,0.06407481672098782,0.5550986842105263,0.30824571777445453,6.375918869559139
23,28,utility,0.9,1.7302973329087739,0.7752334554502751,8.635454630011232,1.9735174423733646,1.4367861131267536,2522008.3983381665,6.920619316177738,0.062130188612349604,0.5574516496018203,0.32792510254635965,6.375918869559139
23,29,utility,0.9,1.7277606510153753,0.7698145765625055,8.63518628355053,1.9740080298041782,1.4374674341460656,2625931.814617524,7.199643173620254,0.06142257353782837,0.5615651709401709,0.35929531647808366,6.362304309720373
23,30,utility,0.9,1.726811655923484,0.7680295384889951,8.634810953421491,1.9737931749854483,1.4375830653973058,2726897.804955773,7.471864951398224,0.06358462798000429,0.557703747769185,0.3789747012499888,6.348689749881607
29,1,utility,0.9,2.07630103764388,1.3376698950167645,8.774166238244515,2.643011936224788,1.3715015203859706,82040.24598509936,0.2286925657657286,0.3906172583510159,0.20833333333333334,0.022251178295370523,6.233945045321182
29,2,utility,0.9,1.8972079276556768,0.9990729966114393,8.818609309579927,2.4451679442505068,1.4395352471474732,160258.17272879323,0.4485937972762245,0.2898998389462704,0.21929824561403508,0.044502356590741046,6.233945045321182
29,3,utility,0.9,1.8183795343787263,0.8546559203493054,8.780525837270018,2.349661518425868,1.4534963059117727,236646.7227478453,0.6642874623200444,0.2763514547619357,0.2403846153846154,0.06675353488611158,6.220330485482416
29,4,utility,0.9,1.8333056698869306,0.9001726877052337,8.775448748746177,2.264689644018846,1.4430815938356762,327008.45887180977,0.9121194554051626,0.2552974851541914,0.2976190476190476,0.07780830670427748,6.220330485482416
29,5,utility,0.9,1.8222770337567988,0.8922558480184605,8.751793841514026,2.227331898359567,1.4394481382840287,413238.1165179895,1.1504476679913758,0.19635637375595183,0.388681592039801,0.07780830670427748,6.20671592564365
29,6,utility,0.9,1.8019607022196618,0.8644526752047771,8.723773815211333,2.216021661194294,1.4398456592386222,484410.7896184358,1.3541448161224023,0.14640215812522006,0.4573170731707317,0.07780830670427748,6.20671592564365
29,7,utility,0.9,1.7928515427899265,0.8517135909118156,8.707615319153522,2.2130505152474607,1.440458786144289,549423.6420958957,1.5436743768205603,0.10803084465679128,0.5316840277777778,0.07780830670427748,6.20671592564365
29,8,utility,0.9,1.7808354789520915,0.8326013137211701,8.701085514118178,2.098672605699371,1.440453953029736,654089.3363560451,1.824405473618904,0.07922534110754709,0.5797101449275363,0.08788072315054801,6.20671592564365
29,9,utility,0.9,1.7662810673845546,0.8114873299933771,8.688819394346087,1.9641307310706493,1.4405358166258158,760612.0826230008,2.1094077900329027,0.06992677605375737,0.5701013513513513,0.10365739170319058,6.20671592564365
29,10,utility,0.9,1.763411228205477,0.8105562713044071,8.681848605681374,1.965599506362847,1.4396179725680078,874441.07650745,2.4112144759671352,0.06475783531307405,0.5918560606060606,0.1112764505957531,6.193101365804884
29,11,utility,0.9,1.7663296486824422,0.8250936475524046,8.6747765999507,1.9650730512373435,1.4357269047789305,947159.3647852099,2.618466539005984,0.06652581819400208,0.5781727828746177,0.11943406025583314,6.193101365804884
29,12,utility,0.9,1.7632638602975712,0.8169399604132793,8.672468368965633,1.9642653942443824,1.437546663447202,1023680.8284944962,2.8344659055373422,0.06813094352577283,0.5681818181818182,0.13506856912884257,6.193101365804884
29,13,utility,0.9,1.7610787412164226,0.8168170104481733,8.668721223344308,1.9654598542841455,1.4364666546872504,1119480.9009044054,3.0948060720801327,0.07061019047816726,0.5715638528138528,0.14309341681958676,6.193101365804884
29,14,utility,0.9,1.7525336808803393,0.8026869480949307,8.657750874027307,1.9685620074216565,1.4385025454684373,1208621.3068397879,3.3398290057315116,0.0696797320002818,0.5671296296296297,0.1668949330629735,6.193101365804884
29,15,utility,0.9,1.752324108795103,0.8047325579858176,8.65643500579329,1.9679716826009495,1.4375045687564456,1289542.7306248413,3.5659482804371336,0.06925091809595033,0.581575682382134,0.1749197807537177,6.193101365804884
29,16,utility,0.9,1.7501115539622623,0.8029442325425613,8.653301487494307,1.969113077406696,1.4369891198797493,1389972.9623892978,3.8369378134953833,0.06694197078443959,0.5822416302765647,0.183086788124095,6.193101365804884
29,17,utility,0.9,1.7499516222295128,0.8067009471828335,8.652668061115074,1.9705508391670172,1.4349868498333223,1481226.4599138391,4.086820857801827,0.06457547966804103,0.5756054811982154,0.19069644930636026,6.193101365804884
29,18,utility,0.9,1.750037298190608,0.8095140362892395,8.648771035382177,1.9702272868158965,1.433956223571751,1547458.0830430612,4.279153590999034,0.06041846289468175,0.582901554404145,0.19872129699710445,6.193101365804884
29,19,utility,0.9,1.7559497227452376,0.8262648127867973,8.643184626593333,1.9684695277880095,1.4299715750332884,1619349.638754966,4.484504169136412,0.05723429167948922,0.5903322867608581,0.19872129699710445,6.193101365804884
29,20,utility,0.9,1.7497570039145907,0.8135566884237453,8.64256795139436,1.9699152090285692,1.4319709799269165,1713742.2564758386,4.741607189894413,0.05893888739997968,0.5852059925093633,0.20084696018608444,6.179486805966118
29,21,utility,0.9,1.7410564007797098,0.7938061733339634,8.640864218153142,1.9721896155326464,1.4354884623266657,1819141.7344629678,5.024025989264806,0.058776617254033936,0.5859375,0.210686652572037,6.165872246127352
29,22,utility,0.9,1.737324167309884,0.7878857842323407,8.637695272930289,1.973881829060614,1.4356678356885255,1916296.8001003077,5.287482640230683,0.06170094362416208,0.5722663639803254,0.2225228132404912,6.152257686288586
29,23,utility,0.9,1.7386550636128781,0.7947548103490306,8.633614569277821,1.9736770422414436,1.433436090421855,1997147.3628752965,5.513438934613153,0.05913751631768568,0.5674991417782355,0.22952817868683412,6.152257686288586
29,24,utility,0.9,1.7342617382298202,0.7855070068079703,8.63197523712458,1.9752282059435156,1.4347695324816112,2108427.2098832256,5.809382582731385,0.05797013199381591,0.5633802816901409,0.23936787107278668,6.152257686288586
29,25,utility,0.9,1.7380074712736633,0.7951748277610775,8.634185813380155,1.9733934554882253,1.4326432503300628,2191608.188735352,6.040698834091273,0.05683216445373142,0.5776767228630583,0.23936787107278668,6.152257686288586
29,26,utility,0.9,1.7358677358789951,0.7915852596524191,8.634510120463549,1.9741680461024567,1.4327352805885298,2306971.8789710603,6.346035321633398,0.05562156908692118,0.5781335522714833,0.24920756345873923,6.13864312644982
29,27,utility,0.9,1.7377986174091462,0.7991075905681133,8.634603562822534,1.9743727970617893,1.4302103770619707,2420703.3781123366,6.647617769658329,0.05226280422451891,0.5783511043412034,0.2590472558446918,6.13864312644982
29,28,utility,0.9,1.7352204758510925,0.7930801477051824,8.632961482691801,1.9743902282825458,1.4314816480456172,2499699.3297497947,6.869308458424482,0.05377529048599564,0.5698999767387765,0.2590472558446918,6.1250285666110535
29,29,utility,0.9,1.732344248415039,0.7865518254020075,8.629698862265249,1.97422817015554,1.4328205429480207,2581062.152591208,7.096442950959729,0.05359368720831854,0.56959796272215,0.2590472558446918,6.1114140067722875
29,30,utility,0.9,1.727372762664046,0.7745856108163153,8.626458125062214,1.9751146102103283,1.4352770714270513,2676147.125627483,7.355138388943159,0.05471945312674714,0.5657815328907665,0.2641983621474956,6.0977994469335215
31,1,utility,0.9,2.028036429280304,1.2884830445079327,8.721002012819394,2.6124015858684286,1.3667428148559753,81802.45175167132,0.22814563902884408,0.3950359246325183,0.20833333333333334,0.022251178295370523,5.934219472940191
31,2,utility,0.9,1.8639359482574795,0.9737625814978424,8.767812712437175,2.377064915773732,1.4277233424917553,161848.49452555375,0.4522515374087737,0.25983235589243725,0.2777777777777778,0.03330595011353643,5.921892766785303
31,3,utility,0.9,1.8026965941321866,0.8343931356954885,8.734759109470833,2.3708321240520003,1.4554001384376254,232762.7356988397,0.6553542921073315,0.24104326131787263,0.2840909090909091,0.055557128408906954,5.909566060630416
31,4,utility,0.9,1.8075053192042128,0.8476856161792592,8.753576403921736,2.3246747439294286,1.4525314932334603,318395.4664197774,0.8923095727654884,0.2106308642263304,0.3787878787878788,0.06661190022707286,5.909566060630416
31,5,utility,0.9,1.7882065327916417,0.8327906313399651,8.741423402020372,2.119780870228219,1.4423692900885308,392617.1553939709,1.1030194574061332,0.17299370441201595,0.4734848484848485,0.06661190022707286,5.909566060630416
31,6,utility,0.9,1.7797091179774118,0.8242474808915595,8.724363545445007,2.0318050464730435,1.441189915839274,474131.94451303646,1.3305034723799838,0.12641158968777574,0.5514705882352942,0.07006654427807657,5.909566060630416
31,7,utility,0.9,1.7738118778109995,0.8174395280239214,8.718905527152229,1.963006819799434,1.440281335864047,585057.146114301,1.6256314360628923,0.09089937512739907,0.6301440329218106,0.08974592904998166,5.909566060630416
31,8,utility,0.9,1.7719936469017035,0.8194036461070526,8.70677096254147,1.962989671029077,1.4391086067768608,678186.3917744268,1.8798287010811818,0.06637976618439942,0.6872852233676976,0.08974592904998166,5.909566060630416
31,9,utility,0.9,1.7719278893415789,0.8234533329721575,8.69694767273247,1.9626847977722803,1.4379696734008187,768210.8601785982,2.1268849784107764,0.06513793740243995,0.6643700787401575,0.0995856214359342,5.909566060630416
31,10,utility,0.9,1.7660163487586682,0.8118851471869094,8.698358098990965,1.9637518948878414,1.439223675695863,869766.7205091421,2.400463457171027,0.06380103762405412,0.6390593047034765,0.1104253873380775,5.909566060630416
31,11,utility,0.9,1.7651937195642753,0.816903675567131,8.690161069804672,1.9645909745714067,1.437057549289724,949903.5301759982,2.6247781194047963,0.06596770283369793,0.6398054145516074,0.1301179767105502,5.909566060630416
31,12,utility,0.9,1.7701144541440195,0.8362575733308412,8.68145827747575,1.9654726338756645,1.432404677195183,1050032.1045739837,2.895073840520163,0.0539472238105721,0.635593220338983,0.13995766909650276,5.897239354475529
31,13,utility,0.9,1.77066667514092,0.8459301391270022,8.66936353138945,1.965868583200621,1.4286889248160557,1118795.9340060917,3.0932306482140106,0.059699785352581435,0.6264827995255041,0.13995766909650276,5.897239354475529
31,14,utility,0.9,1.7593711968087185,0.8173970922054052,8.66599152051017,1.9666695175493212,1.4352739450774088,1217175.8760798066,3.3595045149835543,0.06686826455761471,0.6131131131131131,0.14979736148245532,5.897239354475529
31,15,utility,0.9,1.7539488419179723,0.8083043719788459,8.658116584913191,1.968337301272701,1.4365996853605991,1301369.2238222035,3.5931492147910666,0.06928122409796647,0.5933544303797469,0.15858576601296306,5.897239354475529
31,16,utility,0.9,1.7474717654856065,0.7952881431780154,8.653639500895197,1.9702037512822588,1.4385546802140674,1399913.715485737,3.859801545617193,0.07607275708302337,0.5710206995003569,0.1742202748859725,5.897239354475529
31,17,utility,0.9,1.747625557983898,0.7974781251000251,8.651365282197041,1.9692779239956257,1.437912599570324,1477671.7616287684,4.078645051746163,0.06946151895651068,0.5745069974554707,0.18999694343861506,5.897239354475529
31,18,utility,0.9,1.747458992321551,0.7985710510341574,8.648868771068509,1.9690682399913961,1.4375660735939548,1579615.1019017047,4.3531147343739125,0.06608214070525173,0.5798969072164949,0.19816395080899238,5.8849126483206415
31,19,utility,0.9,1.7494893167071712,0.8052925789323785,8.651427031566177,1.9681984370754075,1.43552158057476,1691739.2117562816,4.651000187039435,0.052444279285283814,0.6154528096017458,0.19816395080899238,5.8849126483206415
31,20,utility,0.9,1.7451705606485335,0.7979758451226682,8.648343965398455,1.9700217345287727,1.4361433712828042,1801700.4189301245,4.94391096353927,0.053285028247048685,0.6136475208640157,0.20618879849973656,5.8849126483206415
31,21,utility,0.9,1.7426781609724382,0.793773957780882,8.645196427357858,1.9698706504179955,1.436499708081108,1885552.4204159677,5.176770566956705,0.05272175303862149,0.6125,0.20618879849973656,5.8849126483206415
31,22,utility,0.9,1.7401835306971758,0.7910280380834482,8.645610344474632,1.972054986309175,1.4358983712018545,1994573.1056184066,5.4675181429223105,0.05209255658990485,0.5994847403884265,0.221661974999473,5.8849126483206415
31,23,utility,0.9,1.7382098582234342,0.7876216365362302,8.643669618978507,1.9721927952096254,1.436254533635637,2087024.7360128702,5.720156892829572,0.053847845004142386,0.5906127188281529,0.24020572972989462,5.8849126483206415
31,24,utility,0.9,1.7376025403239128,0.7884650895656135,8.640306059420071,1.9720838704454022,1.4356155346747277,2161747.641826241,5.932019576200321,0.0543576322113682,0.5825242718446602,0.2500454221158472,5.8849126483206415
31,25,utility,0.9,1.7384331508949231,0.7946450766447065,8.640673587557943,1.972789816111265,1.4327787949713093,2244756.153244678,6.162939152462722,0.054584083984618295,0.5838938714499252,0.27073808500451063,5.8849126483206415
31,26,utility,0.9,1.7393223879428215,0.7991985801532598,8.63664509833619,1.9725654418738003,1.4312431518126048,2323773.552481671,6.3846791707078046,0.05122304634194827,0.5805166254465512,0.2805777773904632,5.8849126483206415
31,27,utility,0.9,1.7356484843964217,0.7874731966086816,8.633797987806938,1.97161546938146,1.4349702475557222,2417945.8784498097,6.6412755204345215,0.05340750449911098,0.5765945330296127,0.29041746977641575,5.8849126483206415
31,28,utility,0.9,1.7348627020787737,0.7843114520758975,8.634931990520808,1.9708937443135555,1.4359849373243325,2512429.319061341,6.898587433841043,0.055600975188072235,0.5702979515828678,0.3002571621623683,5.8849126483206415
31,29,utility,0.9,1.7311926399567417,0.7780287498705573,8.633673752638916,1.9730949206263164,1.4363378039556287,2625388.775781964,7.198394184298469,0.053150093631948225,0.5744535519125683,0.31009685454832087,5.8849126483206415
31,30,utility,0.9,1.7260368447529062,0.7717197737281226,8.626621680775807,1.977002015613589,1.4357222413383672,2716867.68994145,7.4487956868652825,0.051872479603803825,0.5664652567975831,0.3199365469342734,5.8849126483206415
37,1,utility,0.9,2.0536133243985395,1.3221629206400538,8.731811491920235,2.640600026196517,1.364692687921518,73495.98206007994,0.20904075873818395,0.39710865251352157,0.20833333333333334,0.022251178295370523,6.067480665777026
37,2,utility,0.9,1.861724975031687,0.9718707879711456,8.758383051217733,2.389888157260529,1.427617331689476,146480.90431768566,0.4169060799306772,0.2749918036928301,0.2604166666666667,0.03330595011353643,6.05386610593826
37,3,utility,0.9,1.7846744485909107,0.820597755402493,8.71986000322318,2.2444473907634315,1.4469860191832558,223515.66998207913,0.6340860409587822,0.251057842639502,0.29296875,0.055557128408906954,6.05386610593826
37,4,utility,0.9,1.8055828294788077,0.8562416772947683,8.733352314428558,2.300068113952206,1.4482927433119643,312546.8854803126,0.8788578366047192,0.20819292036562703,0.37037037037037035,0.06661190022707286,6.040251546099494
37,5,utility,0.9,1.803173994309229,0.8582023613874998,8.726357347719025,2.2715702560384092,1.445382688497998,374204.30712204665,1.0606699063807075,0.1518502649415333,0.5208333333333334,0.06661190022707286,6.040251546099494
37,6,utility,0.9,1.7945913358818326,0.8488445063073767,8.710420350687789,2.2512692678422845,1.4440091067773106,464848.6878787411,1.3091519821211046,0.0975867744472165,0.635593220338983,0.06661190022707286,6.040251546099494
37,7,utility,0.9,1.783020696174206,0.8327945617795588,8.70365094616587,2.180710581315265,1.4424412099917912,574212.9937505665,1.600689885626303,0.07291038717171473,0.6992009132420092,0.06661190022707286,6.040251546099494
37,8,utility,0.9,1.7845515174841629,0.8426549299620882,8.699593673535926,2.1126412395550083,1.4386998489339882,672089.8254428171,1.8658065985184793,0.05834218649672385,0.7017543859649122,0.07805509989016274,6.040251546099494
37,9,utility,0.9,1.7722724377596373,0.8218902695428003,8.694443904654372,1.9687025083822411,1.439260654281146,778374.8719084194,2.150262205389365,0.06433745940090782,0.6859756097560976,0.09958562143593419,6.040251546099494
37,10,utility,0.9,1.7613267513780304,0.8024635743397084,8.687612051816126,1.9650520833423308,1.4413619407954508,864872.7031037763,2.389207217138686,0.06568925406286957,0.6313131313131313,0.10942531382188674,6.040251546099494
37,11,utility,0.9,1.7576866446026986,0.7986860430584811,8.676108506357268,1.9658515241400243,1.4417343775890268,941004.0730934901,2.6043093681150276,0.06324301292816358,0.6059695512820513,0.126617242399199,6.040251546099494
37,12,utility,0.9,1.7601897381550433,0.8107861814713773,8.665176408623159,1.9652526868335085,1.4391340843257974,1006283.9669381054,2.794453123957643,0.06479633384582986,0.5976095617529881,0.13464209008994318,6.040251546099494
37,13,utility,0.9,1.7567595865128975,0.8088415210849569,8.660748969767521,1.966352354467761,1.4381507097800323,1098286.6985592241,3.0460594066862154,0.0635535909654727,0.598781179138322,0.15858576601296306,6.040251546099494
37,14,utility,0.9,1.7520936646755836,0.8022017571281307,8.65470465811194,1.9683029316740448,1.438696020772754,1189759.8280299224,3.29644760446882,0.06662582417701293,0.5767419962335216,0.1742202748859725,6.040251546099494
37,15,utility,0.9,1.7536952256740024,0.8135433296762637,8.649898993997706,1.9691259179795233,1.4346272141373486,1283549.6934653574,3.5521642949703205,0.06541519829912723,0.5744485294117647,0.18182993606823775,6.040251546099494
37,16,utility,0.9,1.7509785919879757,0.8105062035680306,8.645079247533525,1.9699365676722032,1.43448408670866,1357880.2282238207,3.7631245249147853,0.06391496910913516,0.5747126436781609,0.18985478375898193,6.026636986260728
37,17,utility,0.9,1.7490768211380208,0.8087752006197495,8.641317652324746,1.9706914238537285,1.4342042336769125,1437793.1535538908,3.9869242531739464,0.061297462222925266,0.5658677944862155,0.20604663882010343,6.026636986260728
37,18,utility,0.9,1.747288541554787,0.8062830818235601,8.638747469321194,1.971141197432324,1.4342256388631576,1515426.3793129914,4.205480672419874,0.06135681516044474,0.556930693069307,0.21407148651084762,6.026636986260728
37,19,utility,0.9,1.744302552667634,0.8007399653787035,8.639501397263151,1.9724153859408886,1.434594292341188,1624621.1268908153,4.496628591848865,0.06300771257298729,0.5562746548323472,0.22168114769311287,6.026636986260728
37,20,utility,0.9,1.7454411747416698,0.801856530317042,8.641901466559046,1.9707684538129049,1.4349409695756528,1721568.6200242185,4.75960782605569,0.0620724825520967,0.5600358422939068,0.22168114769311287,6.013022426421962
37,21,utility,0.9,1.7465951583156514,0.8066325388500907,8.639287588696726,1.9701825823858305,1.433536742486654,1820373.3508946255,5.026858707057622,0.061200494269566225,0.5541314837153196,0.22168114769311287,5.999407866583196
37,22,utility,0.9,1.7400244521639183,0.789797971869682,8.640907987458027,1.9708171375762706,1.4369632884011312,1940579.535330728,5.343332931260654,0.06012965587402472,0.5633147113594041,0.23745781624575543,5.999407866583196
37,23,utility,0.9,1.734086089843355,0.774536611355315,8.641806895988937,1.9720344460166936,1.4399060024502979,2054088.774973256,5.644404182438464,0.06147224434215556,0.5582995609591355,0.25309232511876484,5.98579330674443
37,24,utility,0.9,1.7375519409150464,0.792181542103674,8.635736793699468,1.9734739223073756,1.4339837901323251,2131908.0658598216,5.86338855147756,0.05978862467435944,0.554016620498615,0.25309232511876484,5.98579330674443
37,25,utility,0.9,1.7396055463854962,0.8017864413870908,8.6301313624846,1.9731780471759397,1.4306323969419295,2199963.659106366,6.059916415944611,0.05967302380662841,0.553136505239309,0.2612593324891422,5.98579330674443
37,26,utility,0.9,1.7349126257778198,0.791390291661655,8.62861943343506,1.9744066633040365,1.4325685332014564,2301933.331455343,6.334446662347255,0.060031208981657994,0.5433384773662552,0.26928418017988637,5.98579330674443
37,27,utility,0.9,1.7337283800928165,0.7897143139403549,8.628389579090962,1.9743725519804705,1.4324489947159114,2394863.211224259,6.588185385815757,0.05824286689895575,0.544745337159254,0.27730902787063055,5.98579330674443
37,28,utility,0.9,1.7304984258056781,0.7794921203176559,8.630635755795117,1.9745014606565816,1.4351910561957164,2498614.5752617707,6.8668135231020315,0.05765273745007714,0.5401234567901234,0.293500882931752,5.98579330674443
37,29,utility,0.9,1.7304939019631103,0.7803882369150673,8.62902199106117,1.9741139521062743,1.4347924220886192,2574167.7782748295,7.080585890032063,0.05556607810116232,0.5411004735433395,0.2992438840456099,5.98579330674443
37,30,utility,0.9,1.7279015386246805,0.7706641698787952,8.629423379933987,1.9734859213076974,1.4377775286334478,2678253.701055018,7.359983512426494,0.05617903954226337,0.538174512055109,0.31010014954480014,5.98579330674443
41,1,utility,0.9,2.009223323912338,1.2624338988049733,8.7150687553877,2.590527837741423,1.3689534018664318,82935.0123884807,0.23075052849350564,0.41632059994749676,0.20833333333333334,0.022251178295370523,5.929714345961597
41,2,utility,0.9,1.8726276517036256,0.9589209436687927,8.815183203711253,2.4404724275203504,1.4412241709736406,162449.16076007913,0.453633069748182,0.2980306545128584,0.23148148148148148,0.044502356590741046,5.916099786122831
41,3,utility,0.9,1.8058066998563913,0.8394388538208455,8.760459327611246,2.3308573920644986,1.4498415440096546,240182.15743383416,0.6724189620978186,0.25980249710961456,0.29296875,0.055557128408906954,5.916099786122831
41,4,utility,0.9,1.835680081427982,0.918659805042294,8.732486482824989,2.309105766288902,1.440019594041802,340144.3735938059,0.9423320592657536,0.2512457659958787,0.32051282051282054,0.07780830670427748,5.902485226284065
41,5,utility,0.9,1.7978559175480782,0.8653250371996875,8.718001903671897,2.0638248521385516,1.4353303375299584,429780.0743637836,1.1884941710367023,0.1994842768652267,0.4200268817204301,0.07780830670427748,5.902485226284065
41,6,utility,0.9,1.7848499110464142,0.845356089154228,8.701409268174185,2.01712982532846,1.4367384456559376,506325.88141406333,1.4045495272523454,0.16557754751062323,0.5,0.07990623666402911,5.902485226284065
41,7,utility,0.9,1.7741904379146303,0.8286367610075229,8.690649036299027,1.9632169540331668,1.4378184551635933,585670.576520701,1.627042325997612,0.12169372046739818,0.5800189393939394,0.08974592904998166,5.902485226284065
41,8,utility,0.9,1.7707900611991476,0.8222166042913139,8.687468955932479,1.9633313669956673,1.4387161637611185,690476.9058185982,1.9080968833827756,0.0878454408506825,0.6600660066006601,0.08974592904998166,5.902485226284065
41,9,utility,0.9,1.7636648656683183,0.8140614570079622,8.673309127217504,1.965952520546349,1.4391814512021484,781179.4892614683,2.156712825301377,0.0712260063305073,0.6591796875,0.10942531382188675,5.902485226284065
41,10,utility,0.9,1.76161357178825,0.8116154387202373,8.670614012398744,1.9660032895976336,1.4392255401414198,857157.2384286794,2.3714616483859627,0.06519400173450786,0.6390593047034765,0.10942531382188675,5.902485226284065
41,11,utility,0.9,1.757587872894919,0.8083796774247389,8.668693266083382,1.9679815724371088,1.4381826793468289,951126.293609126,2.62759047530099,0.06213821848885937,0.6239686468646864,0.1309558353676582,5.902485226284065
41,12,utility,0.9,1.7629979459901877,0.8241951455303106,8.664419972244406,1.966582791187905,1.4349639391845943,1021494.5096080034,2.829437372098408,0.06421940907888822,0.6382978723404256,0.1309558353676582,5.902485226284065
41,13,utility,0.9,1.7592646317267107,0.8205574600506532,8.656657767199734,1.9667498809565247,1.4346922184118898,1089749.863607424,3.0264246862970756,0.06637329533925104,0.6176900584795322,0.14196743191294212,5.902485226284065
41,14,utility,0.9,1.753392756820256,0.8074469501722645,8.65496299062526,1.9682702597298987,1.4370857590801087,1193788.5881044613,3.30571375264026,0.06745568315308931,0.6094527363184079,0.15963705386840785,5.888870666445299
41,15,utility,0.9,1.7512100736286331,0.8029697506450516,8.6519205679591,1.968787316997476,1.438084497921368,1278743.9631726565,3.541111115297108,0.07175118657522196,0.5948604060913706,0.17337860933859411,5.888870666445299
41,16,utility,0.9,1.748514222574979,0.8014257388825736,8.648229899134238,1.9707053005062751,1.4370641293030764,1379374.5995966338,3.8125615790722556,0.0747182866305715,0.5860805860805861,0.18154561670897143,5.875256106606533
41,17,utility,0.9,1.7524254042269896,0.8145212092373529,8.64706960695943,1.9695054626446282,1.4334675236023415,1466830.8911476817,4.053711049639665,0.06705705568631015,0.6156271301976823,0.18971262407934875,5.875256106606533
41,18,utility,0.9,1.7514088565824655,0.8167688256424851,8.642754935149094,1.9705329856718028,1.431675491773473,1554268.9150323595,4.29481850457442,0.06065415024343217,0.6092057761732852,0.18971262407934875,5.875256106606533
41,19,utility,0.9,1.7476110216283804,0.8111005055079159,8.640458406525267,1.971521864558505,1.4318196508369592,1669024.7453726404,4.598756914357062,0.06114940671880048,0.6084816612729234,0.19773747177009293,5.875256106606533
41,20,utility,0.9,1.7422845368104618,0.7990232734039727,8.641594329637872,1.9734431895346698,1.433694059567686,1768866.100962924,4.868392032214709,0.0598711703659479,0.6056201550387597,0.21337198064310237,5.875256106606533
41,21,utility,0.9,1.7404975728631606,0.7969925043687527,8.634784045120403,1.9730700039136277,1.4337775359347784,1852201.6357915138,5.100063762320461,0.05583026844232014,0.5997062663185379,0.22139682833384655,5.861641546767767
41,22,utility,0.9,1.744135942940674,0.8082853794513702,8.63443840577231,1.9721990077041935,1.4308553720313903,1946566.5936631039,5.357103165425115,0.057041986015652774,0.5952380952380952,0.22139682833384655,5.861641546767767
41,23,utility,0.9,1.7425117890493633,0.804116309230467,8.636271240710693,1.9725237284037969,1.4316282788681964,2047006.7813792683,5.628115597172288,0.05703600634845408,0.5918814894378804,0.24020572972989462,5.861641546767767
41,24,utility,0.9,1.7437341949055272,0.8107984087319549,8.631186078400477,1.9726593394949434,1.4291393711393834,2144986.985615845,5.893470066916411,0.056383425926027304,0.5911330049261084,0.2500454221158472,5.861641546767767
41,25,utility,0.9,1.737569865699553,0.800497229931783,8.623342556486659,1.974852909231058,1.4299091612512462,2236594.592262005,6.144167562202576,0.05450418573656694,0.5854691247002398,0.25988511450179974,5.861641546767767
41,26,utility,0.9,1.7331566965663403,0.7890306577754482,8.62443398251027,1.97604472047362,1.4323462183700382,2336005.463034992,6.412812564980443,0.05477339279669602,0.5776592835657642,0.27319996921007056,5.861641546767767
41,27,utility,0.9,1.731678715642579,0.7869121915881367,8.623547001686934,1.97649342702202,1.4322777657589072,2435359.598553538,6.681327076673093,0.05889294791711226,0.5662751677852349,0.29141330049074193,5.861641546767767
41,28,utility,0.9,1.7312571553917142,0.7871587789399663,8.625185762482179,1.9766970881420995,1.4318857145620627,2528947.8540671165,6.93658006435432,0.060928912281248644,0.5624426078971534,0.3096266317714133,5.861641546767767
41,29,utility,0.9,1.730508894977322,0.7846548271544107,8.624752546317259,1.9756136874847865,1.4325826115488327,2630157.037146686,7.209361185437327,0.06259111448836788,0.5640963726121485,0.3096266317714133,5.848026986929001
41,30,utility,0.9,1.7320051500076856,0.7888980361555066,8.623935889567676,1.974495374471307,1.4315590559443259,2724193.9811606766,7.465646156669503,0.06260464024815535,0.5587008343265792,0.3096266317714133,5.848026986929001
43,1,utility,0.9,2.060298028649815,1.3185963459529786,8.764678348762715,2.624518667164185,1.371470332233553,73425.13453332713,0.20887780942665243,0.3961923854318779,0.20833333333333334,0.011054771818165906,6.050398015330966
43,2,utility,0.9,1.887732818134911,0.9887045193686489,8.816304814865354,2.4435140935474533,1.436027983664209,149487.3910582959,0.42382099943408064,0.27503514599446377,0.24509803921568626,0.022109543636331812,6.050398015330966
43,3,utility,0.9,1.815938059104734,0.8543411444652296,8.778772183025414,2.331670771439663,1.4531795071801186,229878.89174842008,0.6487214510213664,0.2741519290532387,0.2604166666666667,0.03869633034635256,6.034653993362159
43,4,utility,0.9,1.8129325779851784,0.8618951129276629,8.769973575626953,2.271783556050446,1.4479744810912434,325432.2719960888,0.9084942255910046,0.2225679831054708,0.3546099290780142,0.048536022732305104,6.034653993362159
43,5,utility,0.9,1.8078731165372826,0.867351594615515,8.753124613466895,2.137709336432235,1.4400870574743025,387203.6760838656,1.0905684549928911,0.18008094873093106,0.4413841807909605,0.06022685189212401,6.018909971393352
43,6,utility,0.9,1.7945387885886748,0.8501056483241092,8.735081504454458,2.080811842922742,1.4393538856246384,469681.3298825316,1.3202670587298229,0.14685017112380183,0.5357142857142857,0.07006654427807656,6.018909971393352
43,7,utility,0.9,1.7899185807381122,0.8458658369006834,8.724017289040157,2.0591490286882714,1.4387461873132308,550435.8931906841,1.546002554338574,0.10573644919849157,0.6076388888888888,0.07006654427807656,6.003165949424545
43,8,utility,0.9,1.7850138494830499,0.8400055764417774,8.714700348465135,2.0375394042377337,1.4385324458346398,669743.7685765661,1.8604106677261025,0.07269008212976394,0.6666666666666666,0.08974592904998165,6.003165949424545
43,9,utility,0.9,1.7772272280321382,0.8262202991881763,8.705922282228238,2.044471547085942,1.4402556664668589,747491.9778895145,2.079231549145884,0.07349999470172885,0.6296641791044776,0.09958562143593419,5.987421927455738
43,10,utility,0.9,1.7613583274210667,0.7998754511588353,8.69622086886715,1.9645151818142215,1.4417851178610295,838334.320919549,2.328168938114963,0.06864350111733769,0.616370808678501,0.12111614298170564,5.987421927455738
43,11,utility,0.9,1.7568111226464402,0.7920059119495001,8.693756868005885,1.965257274518571,1.4424183139319318,945322.4058696021,2.6142415335000844,0.06871091403998225,0.5917449139280125,0.13995766909650273,5.971677905486931
43,12,utility,0.9,1.7647764705501814,0.8195369602139019,8.683431737720065,1.9653929098996141,1.4362470038305206,1009598.1315223034,2.8020757025012974,0.060342726138296804,0.6072874493927125,0.13995766909650273,5.955933883518124
43,13,utility,0.9,1.763458722138894,0.8254776099327426,8.669697034095847,1.9659443339681206,1.4337995840891096,1094230.676905532,3.0367305568827225,0.0604639505752764,0.6070402298850575,0.158028419824851,5.940189861549317
43,14,utility,0.9,1.7608330771385743,0.8229042953204777,8.65947772875722,1.9661511022218763,1.4341579713823442,1182064.4549203059,3.278748246316703,0.06067515231010699,0.6224593495934959,0.1661954271952283,5.940189861549317
43,15,utility,0.9,1.754715998950121,0.8101479157872505,8.657913862475155,1.9674202770477358,1.4363225982582148,1275128.938182737,3.5327965578202933,0.06484896850786467,0.6071891191709845,0.1742202748859725,5.92444583958051
43,16,utility,0.9,1.75187943134255,0.8081537345228215,8.652570511451358,1.9690179597896618,1.435632202859264,1368442.6771668876,3.7874181574838386,0.06653344924946185,0.6046863189720333,0.18224512257671668,5.908701817611703
43,17,utility,0.9,1.7495188025932142,0.8035371024455422,8.649769440226235,1.9689827543231182,1.4364790429796623,1452187.1185879721,4.020030372752331,0.06711594969671866,0.5973048941798942,0.19802179112935925,5.8929577956428965
43,18,utility,0.9,1.7490369320210641,0.8095528141826721,8.646954130855452,1.9712703193174799,1.4330407881368756,1548653.6946961943,4.281903497801237,0.06879365751828814,0.5931458699472759,0.20618879849973656,5.8929577956428965
43,19,utility,0.9,1.7501339322464746,0.8120211858090017,8.646626810435816,1.9702804698455503,1.4327015305579365,1644744.0798985313,4.54291138376661,0.0667297937496942,0.5940626645602949,0.21421364619048075,5.8929577956428965
43,20,utility,0.9,1.7523931464017395,0.8200106395555506,8.64424273430106,1.9695560257170435,1.4303546452900202,1744897.0305658935,4.813263170301538,0.06426489639871516,0.588512241054614,0.21421364619048075,5.8772137736740895
43,21,utility,0.9,1.751694888662663,0.8171148132078473,8.643166750830098,1.968733673183402,1.4315930360851745,1824828.9975362017,5.037106694333245,0.05963568862320753,0.5965909090909091,0.221823307372746,5.8614697517052825
43,22,utility,0.9,1.7432344214667403,0.7980115260490653,8.636046159973953,1.9699790515903313,1.4355772027342777,1909232.160598772,5.271233969377152,0.05701363141743977,0.5994847403884265,0.23745781624575543,5.8614697517052825
43,23,utility,0.9,1.7371671416759888,0.7866942904956701,8.638906030861502,1.9726969320587147,1.4362951650365168,2021752.1578247098,5.570029962996805,0.056553689407452666,0.6015738719068413,0.24121900784665296,5.8614697517052825
43,24,utility,0.9,1.7342436206207519,0.7810720131822957,8.63821577364475,1.9740237921408113,1.4368917261883194,2118175.2728789086,5.831803127621457,0.05853658507205684,0.5893909626719057,0.2608983926185581,5.8457257297364755
43,25,utility,0.9,1.7381101767213911,0.7950425473745006,8.639047640694782,1.97426219816144,1.432619288202918,2204859.5460286005,6.071176955865746,0.05800001831512336,0.5907819116757411,0.2922686065502821,5.8457257297364755
43,26,utility,0.9,1.7373239563424125,0.7968820955120607,8.634834107493143,1.9745854878725786,1.4311777938779213,2289023.93691573,6.304755054906139,0.05676200981894597,0.6008248009101251,0.2922686065502821,5.8457257297364755
43,27,utility,0.9,1.737000465346802,0.7996828418444878,8.629280920930924,1.9745368291867584,1.4295793311657852,2376507.451668339,6.5459671388371365,0.05543678065652515,0.6026785714285714,0.30210829893623464,5.8457257297364755
43,28,utility,0.9,1.7336829779282252,0.7904323386460921,8.627016746565095,1.9740790207751195,1.4319334967322284,2452250.129551062,6.760175297967396,0.05472257155290644,0.5978526110297706,0.3119479913221872,5.8299817077676686
43,29,utility,0.9,1.7342064194504687,0.7951545225123008,8.621610640244745,1.974120625326063,1.4299263338412056,2548715.4900036305,7.022045627008301,0.05373263966167853,0.5947329712604662,0.32178768370813976,5.8299817077676686
43,30,utility,0.9,1.7293206108109185,0.7810007847935095,8.62014718004743,1.9741848479060045,1.4335683842572502,2625742.9808026003,7.239208855845928,0.05509211435521248,0.5863039399624765,0.3316273760940923,5.814237685798862
47,1,utility,0.9,2.037132251543454,1.2877055064445753,8.756420595554886,2.5997381204946106,1.3735836124112588,79635.87158868743,0.2231625046539811,0.39886384335749475,0.20833333333333334,0.011054771818165906,6.952402331535097
47,2,utility,0.9,1.8794503336211168,1.0048195238857545,8.762836352765643,2.4187738108839865,1.4237561004540997,146764.13484954156,0.41755751015394565,0.23644045482566145,0.2777777777777778,0.022109543636331812,6.943090878755375
47,3,utility,0.9,1.8021361881652223,0.8341262217137682,8.76364541449288,2.3191495989654616,1.4493244444923523,232370.3815508702,0.6544518775670016,0.25172325014487473,0.3024193548387097,0.03869633034635255,6.925240269798548
47,4,utility,0.9,1.8064178211864357,0.8568628136455455,8.745411619197332,2.2773822447930288,1.4469127499000787,322340.59166605765,0.9013833608319327,0.20878097778682309,0.3787878787878788,0.0485360227323051,6.905231518499603
47,5,utility,0.9,1.796584646337279,0.8463371472802245,8.722556812445669,2.262916025531461,1.4460399355947609,383674.35213929426,1.082451009920377,0.1500296437895794,0.500801282051282,0.0485360227323051,6.905231518499603
47,6,utility,0.9,1.7880325876500462,0.838521613299614,8.71552237124562,2.1956995497810903,1.4426353197591073,470738.65867241466,1.3226989149465542,0.1007397630816885,0.6048387096774194,0.05837571511825764,6.89539182611365
47,7,utility,0.9,1.786249800827027,0.8382369128315206,8.708858600545193,2.185027657179234,1.4420295495937605,581683.3449917055,1.6178716934809234,0.07628071517264565,0.6543803418803419,0.07805509989016274,6.875712441341745
47,8,utility,0.9,1.7939058866933457,0.8604193487241547,8.704996836265511,2.139690370393783,1.4367503142469744,676170.8620790639,1.8751929827818479,0.05185831746285055,0.7017543859649122,0.07915636959205863,6.875712441341745
47,9,utility,0.9,1.7823147805914303,0.8440821315009481,8.698520740957507,1.9808355235728317,1.4356562152718357,751743.6909993658,2.0890104892985426,0.04584882618203239,0.6696428571428571,0.09958562143593419,6.854181919795974
47,10,utility,0.9,1.7769073037166148,0.8335285460508166,8.697252947556851,1.9625144458780834,1.436919730057523,852531.86610063,2.3608232920314505,0.05458113931267744,0.6351626016260162,0.11842714755073128,6.835340393681177
47,11,utility,0.9,1.7770552959216241,0.8403046045788695,8.68693352256313,1.9628039368430465,1.4348763713499533,931020.8686708412,2.581347997942936,0.05067485590031544,0.6496993127147767,0.11842714755073128,6.835340393681177
47,12,utility,0.9,1.762220958695511,0.8114170315103747,8.677378528528024,1.9642149488998615,1.4386190809067485,1021495.9273752463,2.8294406329630677,0.05366921729179622,0.6072874493927125,0.13436906326109738,6.815331642382232
47,13,utility,0.9,1.7549067342828422,0.801618956980939,8.666399194642414,1.9675583543708546,1.4396002603958715,1099315.8852339555,3.0484265360380984,0.05503768068915029,0.5868055555555556,0.16633758687486144,6.8036408132224135
47,14,utility,0.9,1.7534569143587007,0.8067051928510518,8.65951250362481,1.9691820221421936,1.4369899109569932,1188483.085719831,3.2935110971556116,0.05662755458835009,0.5883765609990393,0.16633758687486144,6.783632061923469
47,15,utility,0.9,1.7490275529830923,0.797750704064425,8.655298081816214,1.9697264835040325,1.4383984568151078,1268426.9336737758,3.517381947449684,0.05557280619655651,0.5918560606060606,0.18197209574787088,6.783632061923469
47,16,utility,0.9,1.7469299574436048,0.7951488069692477,8.651200613939354,1.9699652603733462,1.43862915714416,1354383.6254603544,3.7550823385588146,0.057922973463917796,0.5925925925925926,0.19816395080899238,6.783632061923469
47,17,utility,0.9,1.7472760689233091,0.8003738857870499,8.645797915790538,1.9695190774217928,1.436896221668444,1430235.0652846426,3.9695406501546766,0.061557890140928315,0.586825860948668,0.20577361199125763,6.783632061923469
47,18,utility,0.9,1.7451710071417281,0.796904433741091,8.645818361987041,1.9701818453614501,1.4370376885511629,1532648.425774258,4.2450913792807885,0.06124384220452973,0.5890052356020943,0.20577361199125763,6.763952677151564
47,19,utility,0.9,1.7441942279384117,0.7969307562178047,8.647248604019945,1.9710968862235525,1.4360253719569613,1642299.3126615484,4.537288419121551,0.05586847365513829,0.5950026371308017,0.20577361199125763,6.754112984765611
47,20,utility,0.9,1.7458972779710111,0.8027812817695079,8.644608203874293,1.970174041033433,1.4345880812630003,1734488.4362205977,4.789323403307361,0.050551623021212244,0.5960896518836433,0.20577361199125763,6.754112984765611
47,21,utility,0.9,1.7433148652212085,0.799009662396575,8.643032758305443,1.9707927735916997,1.4346614179646373,1843014.734244446,5.078933888762209,0.05452447162483171,0.5896983311938383,0.2137984596820018,6.734433599993706
47,22,utility,0.9,1.7433620509803216,0.8053926308153392,8.63867088171502,1.9726010501027111,1.4314802175474879,1936092.042202528,5.333011697065793,0.05127896883144195,0.6009137862534764,0.22140812086426706,6.715592073878909
47,23,utility,0.9,1.737055102866271,0.7923692465315169,8.63466295249589,1.9742459141696722,1.4336563052703635,2046429.7855422907,5.626788506747242,0.05141290569939761,0.5912464234620887,0.23759997592538856,6.705752381492957
47,24,utility,0.9,1.7333350595931307,0.7848848928864953,8.631937553494335,1.9762409908436858,1.434593482894594,2132848.571618249,5.865551714721941,0.05067748199520049,0.5836575875486382,0.2614014921687753,6.683892493420146
47,25,utility,0.9,1.7330097330656722,0.7858085481308188,8.63306078082856,1.9763969324573456,1.433896144346145,2222909.479226858,6.112691802221738,0.052290698596503336,0.573100058685446,0.2614014921687753,6.663883742121201
47,26,utility,0.9,1.7342822478740114,0.7857128762265709,8.636291588622028,1.9739525203846144,1.4347400429503963,2316562.8877026425,6.36809464171604,0.055687042286513014,0.5729590452942772,0.2614014921687753,6.654044049735249
47,27,utility,0.9,1.7357768877471516,0.7905899985591028,8.634055916825144,1.9729125352586085,1.4334810755922613,2400028.7171729016,6.600066049497634,0.05577377948145423,0.5739795918367347,0.2688869482306443,6.644204357349296
47,28,utility,0.9,1.735148109299158,0.7864413748609018,8.63612522385211,1.9721119901801167,1.4351235002049836,2503497.8006100147,6.87804494140299,0.05416969032025559,0.5771495877502945,0.27872664061659685,6.634364664963344
47,29,utility,0.9,1.7274063957228951,0.7662449499221547,8.631939782131989,1.973355612651379,1.4396412522421722,2590101.422164112,7.11723327097741,0.055443187418803455,0.5688582251082251,0.29392736197065145,6.634364664963344
47,30,utility,0.9,1.7278216409452778,0.7685757949452037,8.630458459152946,1.9729286397168535,1.4389367468534575,2683224.7567279497,7.371416940474234,0.05735675157554297,0.5620503597122302,0.3020943693410288,6.634364664963344
7,1,proposed,0.9,2.4893054065248443,1.8041803340729532,8.888964921270702,3.5779957909108195,1.3810653166779114,26389.19539200597,0.10069514940161374,0.40491092963350656,0.20833333333333334,0.0037902074805140247,5.9979069720315294
7,2,proposed,0.9,2.134308229878344,1.408285498620956,8.812167795824958,2.670844679475376,1.3698592148688469,52472.965402446134,0.2006878204256262,0.29550734822388386,0.21929824561403508,0.007580414961028049,5.9910521013498546
7,3,proposed,0.9,1.8735765869943168,1.0377881103965898,8.70621270645925,2.349608089546182,1.4001572876155342,81764.26720867988,0.30805781457996384,0.2571703576261176,0.2403846153846154,0.011370622441542074,5.98419723066818
7,4,proposed,0.9,1.7868301135469475,0.8694856794609841,8.652359946909325,2.1519119484156315,1.4221164762336471,127364.67846141808,0.4529387604612617,0.20203115523873358,0.32679738562091504,0.01899959785709768,5.98419723066818
7,5,proposed,0.9,1.7790844447858893,0.8510145251935971,8.639090787990009,2.1039571176083065,1.4331721855337916,184029.17760496182,0.6232671084914121,0.1571186744338006,0.4200268817204301,0.01899959785709768,5.98419723066818
7,6,proposed,0.9,1.7800063052949535,0.8531567618498402,8.645355232406834,1.9705664032853505,1.4339033562190286,249461.55816549074,0.8137615837806286,0.11201777558959475,0.5136986301369864,0.02396118816646038,5.98419723066818
7,7,proposed,0.9,1.8057018388719988,0.9160529853876209,8.65475630351304,1.967495997429141,1.4188845932037608,306241.726424196,0.9843559707756506,0.07819854881900004,0.5735018726591761,0.02396118816646038,5.977342359986505
7,8,proposed,0.9,1.8734318316153844,1.068849695756631,8.663592256615148,1.9771134826316121,1.378604875230129,337171.11892050947,1.0954935735171718,0.06418737690672771,0.5952380952380952,0.0256939335557312,5.977342359986505
7,9,proposed,0.9,1.918148249562282,1.1279752845074538,8.696658095577181,2.057109151076847,1.3718988300635706,361999.1851033213,1.1925981257376388,0.0630692341034975,0.590034965034965,0.03124542671954428,5.977342359986505
7,10,proposed,0.9,1.9556713787835358,1.1764438221243079,8.718295285522812,2.1788455903193444,1.3677800983914568,393105.42869047745,1.304142485988098,0.05483958410776315,0.6091617933723197,0.034208988233681334,5.977342359986505
7,11,proposed,0.9,1.9779656501909895,1.2083805983677995,8.711334278436167,2.226699021600823,1.361386934251666,423401.18277330877,1.4138227203786098,0.062100307497994806,0.580837173579109,0.03926359691436982,5.977342359986505
7,12,proposed,0.9,1.9273414231249626,1.1347195687164136,8.70814675201315,2.0989928614240716,1.3710799061916559,452261.27114769607,1.5202009236397003,0.06435378399222985,0.5791505791505791,0.041789403194709376,5.977342359986505
7,13,proposed,0.9,1.8597924403268187,1.0278820548405003,8.694780399181187,1.9764447159335137,1.3880479231486822,479901.6554423633,1.6237738075174346,0.0656193251980393,0.5606422505307855,0.047424116769245274,5.977342359986505
7,14,proposed,0.9,1.8241589303201606,0.9683378581850814,8.685057009825542,1.9712878730066845,1.3979749848798633,512346.3594434777,1.7383966267199977,0.06342879943449804,0.5624426078971534,0.04936981815573742,5.977342359986505
7,15,proposed,0.9,1.770629374501116,0.8574828447850235,8.661699509774309,1.9665686503000352,1.4233172677016748,541581.4735278803,1.8456373891141238,0.06395878747008724,0.5488875878220141,0.05838475343682152,5.977342359986505
7,16,proposed,0.9,1.771260733282316,0.8619521574641593,8.6551757667318,1.9669200215270126,1.4215959494011097,564505.1617028194,1.9383618719164835,0.051581439013239874,0.5673758865248227,0.05838475343682152,5.977342359986505
7,17,proposed,0.9,1.7808660008431254,0.8790500955685282,8.663267891391781,1.9648802554801093,1.4181207779559213,592440.6318040388,2.0426134531492877,0.04868304658615157,0.5690768746061752,0.060789001051807054,5.97048748930483
7,18,proposed,0.9,1.7727911554293427,0.8635173264159556,8.666105064851001,1.9666544754750126,1.4209310193633002,623889.2276516203,2.1549452235987254,0.044677594268857104,0.580895008605852,0.060789001051807054,5.97048748930483
7,19,proposed,0.9,1.7561440808894142,0.8236322831544591,8.656927458229342,1.9675574516554417,1.4310025080457152,652326.2313672749,2.260350332144731,0.043966673842325193,0.5884846113719353,0.06659401375328548,5.97048748930483
7,20,proposed,0.9,1.7526643731137301,0.8147195462450535,8.653827259401725,1.9670312598883422,1.433214162050683,681308.1581565549,2.367008763760075,0.040916003556627334,0.5978000956480153,0.06841797646736265,5.97048748930483
7,21,proposed,0.9,1.7403995664557446,0.7828327556525337,8.647857988804315,1.9682299347964602,1.4408855759023156,716348.1230633238,2.487600683045643,0.03897487604039636,0.6116844207723036,0.06934539010439777,5.97048748930483
7,22,proposed,0.9,1.7415378606324072,0.7829351601452782,8.649638537332775,1.9660612294481232,1.4413431663382024,739965.9590352547,2.581921705781084,0.03337652764186678,0.6278538812785388,0.07220818394787668,5.97048748930483
7,23,proposed,0.9,1.741521229118479,0.7874356764096494,8.644561244188486,1.9665421204924463,1.43928491478281,764902.445825592,2.6792756253988603,0.031991524406532565,0.6326540375047838,0.07983715936343228,5.97048748930483
7,24,proposed,0.9,1.7396260460969495,0.7848084678969415,8.643529475637079,1.9665785133835412,1.4394398843294052,794533.1760431735,2.7874263048992973,0.031333388934948525,0.6389776357827476,0.07983715936343228,5.97048748930483
7,25,proposed,0.9,1.7404443623053623,0.7861456727088268,8.640006551577807,1.966508043775142,1.4395827693609335,822572.9352363632,2.8919177510436334,0.03138217550823463,0.639530124426981,0.0836273668439463,5.97048748930483
7,26,proposed,0.9,1.7377329642301418,0.7799340124586241,8.63655160510054,1.967424735063919,1.4408247164571457,851189.0276084373,2.9977347634994045,0.030119742191742228,0.6544299876084263,0.08741757432446032,5.97048748930483
7,27,proposed,0.9,1.7391082367529953,0.7889701131414789,8.633112370930023,1.9680495517310304,1.4373395729700225,872646.7131633648,3.087087440275737,0.02729782606572932,0.6580372616984402,0.0912563422595019,5.97048748930483
7,28,proposed,0.9,1.7366613448040926,0.7820970538126041,8.63175379999846,1.9692482494151218,1.4391107972676926,905569.8389429954,3.202810629568888,0.02620968803837114,0.6612685560053981,0.09504654974001592,5.97048748930483
7,29,proposed,0.9,1.7310703062803015,0.7738871839268515,8.632886431662097,1.9730188749058846,1.4385331719220351,942553.8140979522,3.327873772425289,0.02595535476795656,0.6672061436912922,0.09504654974001592,5.97048748930483
7,30,proposed,0.9,1.7346221316694523,0.7779866482230624,8.64333601577231,1.9695008047134126,1.4386954748334286,970762.6135706442,3.4327540112124804,0.023937944010862466,0.67012151536812,0.09883675722052994,5.963632618623155
11,1,proposed,0.9,2.4722569260036322,1.7892359232421262,8.866235237030534,3.5386259552707955,1.3767422812499155,31041.935664706576,0.11139645202882513,0.3892165568687129,0.20833333333333334,0.007628975415555607,5.897650376675099
11,2,proposed,0.9,2.11502238578776,1.3878789990068234,8.791898822733605,2.659209279501796,1.3671665825383208,61053.34101734227,0.22042268433988724,0.28391239417872427,0.23148148148148148,0.011419182896069632,5.89035395615895
11,3,proposed,0.9,1.8811501375408324,1.036257273078759,8.71310806041974,2.407443781988527,1.4057934118801079,94369.43724564665,0.3370497056649873,0.23531928354149542,0.29296875,0.011419182896069632,5.89035395615895
11,4,proposed,0.9,1.8041836550782642,0.8968066940350983,8.685103437847586,2.144917333663382,1.4203221677442235,120006.27716789796,0.43601443748616536,0.18829106118017752,0.37037037037037035,0.01904815831162524,5.883057535642802
11,5,proposed,0.9,1.7805112401036214,0.8512915986011167,8.675149506001885,2.0659332502292895,1.4289533944522903,171568.96433444542,0.5946086179692246,0.14337783250074546,0.48225308641975306,0.01904815831162524,5.883057535642802
11,6,proposed,0.9,1.7841467431178755,0.8591354487036037,8.65967880628368,1.9789317666520854,1.4333017389458609,219566.7576047078,0.745003542490828,0.10425671606821582,0.5681818181818182,0.02335476780049374,5.883057535642802
11,7,proposed,0.9,1.7979665081298017,0.899152453851464,8.649244036966866,1.975640001613927,1.4247247212662453,281254.76385193376,0.9268859568594476,0.06487355820807611,0.6460970464135021,0.026677133727180845,5.883057535642802
11,8,proposed,0.9,1.846724022760404,1.0084446237659712,8.675897571144942,1.9732409073746389,1.3962879996439717,305001.3311932853,1.0215030617445562,0.06040321028511652,0.6060606060606061,0.03046734120769487,5.883057535642802
11,9,proposed,0.9,1.8831079770176353,1.0784529921099908,8.680387457316948,1.9795094791297614,1.3816448429289807,337832.93878907344,1.1370157592148686,0.04158546088483993,0.6591796875,0.03046734120769487,5.875761115126654
11,10,proposed,0.9,1.91698679329875,1.129243885205447,8.690704719975393,2.038708101876507,1.372595487438736,370967.9389240571,1.2532262595253305,0.04717805228252922,0.6677350427350427,0.03425754868820889,5.8684646946105055
11,11,proposed,0.9,1.9513613366708475,1.1796774719392442,8.692229188540425,2.1264984012793415,1.3659677764866553,401073.48365173285,1.3624690123989847,0.0500427566636526,0.6463675213675214,0.03804775616872291,5.8684646946105055
11,12,proposed,0.9,1.9311446123713827,1.149199912774644,8.68693346854367,2.0727965494433565,1.3702629885416215,424524.48457999754,1.4564063145339934,0.04949843037899912,0.6302521008403361,0.041837963649236934,5.8684646946105055
11,13,proposed,0.9,1.8927080846361015,1.0828380363921057,8.681696672066876,2.1457196385208057,1.3846361891068502,455469.16509292624,1.5675790797137292,0.050473160608383846,0.6049541809851088,0.045628171129750955,5.8684646946105055
11,14,proposed,0.9,1.8642798634591506,1.028433113358785,8.69939586681669,1.9749398414103432,1.3939172337752237,490527.4261758877,1.6882130802045405,0.050071437258815576,0.5883765609990393,0.049418378610264976,5.8684646946105055
11,15,proposed,0.9,1.8454519728839271,1.0011396446641394,8.688013167847942,1.972170394258225,1.3964684375912093,520054.96809775976,1.796126426624846,0.05057870000485808,0.5744485294117647,0.053208586090779,5.861168274094357
11,16,proposed,0.9,1.8379333420922759,0.9893104148059876,8.682645066145627,1.9714938824058161,1.39828223439172,550098.2866940383,1.9052260593962869,0.04626353800471613,0.6006006006006006,0.053208586090779,5.861168274094357
11,17,proposed,0.9,1.8365746061151313,0.9867035464883965,8.683696620741848,1.972735779793579,1.398038914443015,577427.9682435832,2.0080843269602395,0.04469537316136338,0.6143707482993197,0.05699879357129302,5.861168274094357
11,18,proposed,0.9,1.8120994344829477,0.9374120702393355,8.676879634782116,1.9694026044624948,1.4090552167719221,604670.0520409713,2.1107411196942323,0.04376515336963309,0.6181318681318682,0.05699879357129302,5.853871853578209
11,19,proposed,0.9,1.8121251563878795,0.947939951903808,8.674220229439001,1.9718210350324976,1.4027695590168523,640781.4656841196,2.2337973710734733,0.03904324404556654,0.6373587570621468,0.060584752428417876,5.853871853578209
11,20,proposed,0.9,1.8129554434267114,0.9468558273268441,8.672070807378942,1.9708108085030522,1.4033931075627342,668581.2560719844,2.337736888965562,0.03627106150113761,0.6371049949031601,0.06462776898684863,5.853871853578209
11,21,proposed,0.9,1.8065858085443096,0.928043760209642,8.6844335043293,1.9690821748888276,1.4089050832274594,696475.3683435287,2.441893347190114,0.03388224825052385,0.645189606741573,0.06462776898684863,5.8465754330620605
11,22,proposed,0.9,1.7889816913768424,0.8944515005207263,8.673368378464113,1.9688093698014024,1.4159779242805541,733506.1947112691,2.567064247835917,0.031500383846357685,0.6488631488631489,0.07105298852257193,5.8465754330620605
11,23,proposed,0.9,1.7842733532446147,0.8889344410267288,8.663853606352351,1.9702029252058433,1.4163263807389348,756754.5847445352,2.660535544912429,0.028912594770273685,0.6475225225225225,0.07220818394787668,5.8465754330620605
11,24,proposed,0.9,1.780637340564282,0.8831953185323593,8.654039975175301,1.9698975567298218,1.4168839054211182,777699.4378978603,2.7487087071650764,0.02629473598168829,0.6593406593406593,0.0744265973406128,5.8465754330620605
11,25,proposed,0.9,1.7678763382246045,0.848968883478895,8.647252095235451,1.969371670287334,1.4272060382441163,808542.3033843907,2.859647297784096,0.026183713705650726,0.665686775732788,0.07780020615865367,5.8465754330620605
11,26,proposed,0.9,1.7604696731982106,0.8346587005810683,8.649168713003622,1.9709552119809017,1.429105506384217,836883.1439918138,2.964831231181169,0.02560002174475482,0.6624333646911258,0.08826844225280772,5.8465754330620605
11,27,proposed,0.9,1.7514031093754188,0.8128795902348733,8.646492378829132,1.9717068033932785,1.4337399098504766,865534.7688845382,3.070729968434436,0.026507726292559063,0.6643700787401575,0.08826844225280772,5.839279012545912
11,28,proposed,0.9,1.7571185475527773,0.8261237056825461,8.64157466315732,1.9699188762734974,1.4321735783837894,894648.6126928937,3.1776918091936532,0.025612271107535816,0.6612685560053981,0.08826844225280772,5.839279012545912
11,29,proposed,0.9,1.7541238247172597,0.8171528550442634,8.641225441868428,1.9693193403764764,1.434559961546883,925470.8614719461,3.2885829813854737,0.024417288978027515,0.6586779448621554,0.09501565988888946,5.839279012545912
11,30,proposed,0.9,1.7579783769212094,0.8251815926386308,8.649074401825029,1.9671961467846861,1.4320292387048092,951895.8815067591,3.389360527465543,0.02458432061556145,0.6663113006396588,0.09501565988888946,5.839279012545912
19,1,proposed,0.9,2.491169589417213,1.8144049030923393,8.848523018034104,3.5926883258360363,1.3749908756191844,29157.996753868843,0.10706339253389835,0.39223305000219755,0.20833333333333334,0.007628975415555607,6.771626440281607
19,2,proposed,0.9,2.1253124848159004,1.401662736754573,8.789263868449492,2.6747197763291797,1.3663213335398763,66299.02289705529,0.2324877526632272,0.2837736776907982,0.24509803921568626,0.011419182896069632,6.750513722555631
19,3,proposed,0.9,1.8854781592037484,1.0562627418837578,8.70812204744727,2.4000421323777688,1.398541011625247,93517.17573264988,0.3350895041850947,0.24058005857040765,0.2604166666666667,0.015257950831111214,6.742487200737755
19,4,proposed,0.9,1.7818434048544634,0.8588100852471962,8.664498581769003,2.079637527959658,1.4243893101857064,136909.4665940563,0.4748917731663296,0.20622903367616954,0.32051282051282054,0.01904815831162524,6.734460678919879
19,5,proposed,0.9,1.768418026664313,0.8190777171234604,8.660253449620795,1.9749313263951471,1.4416432988724475,195029.82605020585,0.6485685999154733,0.17322881466452694,0.3774154589371981,0.01904815831162524,6.726434157102003
19,6,proposed,0.9,1.7845559889475673,0.8658495455008094,8.654591238510399,1.9711605188621935,1.4313962102781397,259384.22160185335,0.8365837096842625,0.12824811681542406,0.44642857142857145,0.026677133727180845,6.726434157102003
19,7,proposed,0.9,1.7888543460334037,0.8773423318660601,8.653540643994322,1.9695923536660669,1.428532203463659,345059.574047795,1.0736370203099284,0.0891593890069006,0.5316840277777778,0.02695438601848659,6.726434157102003
19,8,proposed,0.9,1.8332736247147452,0.9776873485431726,8.671633391712879,1.9691567582732656,1.40293218687967,384147.74627523846,1.2035398164330484,0.07501801315429424,0.5420054200542005,0.030783418766887463,6.718407635284127
19,9,proposed,0.9,1.8624492203474385,1.041600676425309,8.673644657187248,1.9753306149104122,1.3843062438122373,402821.6964213353,1.2864899017690712,0.06519697300529312,0.5587748344370861,0.030783418766887463,6.718407635284127
19,10,proposed,0.9,1.879294396273818,1.0714682872272148,8.662820653860502,1.9921036338221556,1.378574881675525,433095.8364326157,1.396120423795016,0.057883688121786375,0.5723443223443223,0.03425754868820889,6.718407635284127
19,11,proposed,0.9,1.9041655966471147,1.1014319135831925,8.68849513260913,2.0513514817651517,1.3776914982270576,461178.3917101926,1.500710300933443,0.05866971614976466,0.5626860119047619,0.03804775616872291,6.718407635284127
19,12,proposed,0.9,1.8901277531060994,1.074706828369331,8.695167029136874,2.0257932747312095,1.383270134561599,494161.2141971455,1.6165707926534347,0.05861602339783897,0.5639097744360902,0.041837963649236934,6.718407635284127
19,13,proposed,0.9,1.8714107252218737,1.042561910433786,8.693958850707281,2.00506147215247,1.388981259461848,525794.5831169001,1.7293275411688702,0.04963278514739131,0.5790844298245614,0.045628171129750955,6.7103811134662505
19,14,proposed,0.9,1.8372810967895046,0.984808928438965,8.686979205059373,1.9714678336474154,1.3980691310412927,562081.6795751153,1.8527878630227654,0.05260763032210773,0.5718954248366013,0.049418378610264976,6.7103811134662505
19,15,proposed,0.9,1.8131758891730514,0.9387811584370415,8.67336191059123,1.9775168713495836,1.4081663835887726,587040.8008113595,1.950193841866127,0.05144159800633469,0.5661231884057971,0.049418378610264976,6.702354591648374
19,16,proposed,0.9,1.795283207382311,0.9058803472181318,8.664830375379067,1.9664936139541238,1.4136050835383465,622857.5849909529,2.0725724454791923,0.04944591488099889,0.5673758865248227,0.053208586090779,6.702354591648374
19,17,proposed,0.9,1.7823633885688317,0.8795843882895777,8.64997489013122,1.9659113320119108,1.4200350606900822,653399.582451552,2.1828190396385705,0.04594121485235241,0.5822856221792392,0.05699879357129302,6.702354591648374
19,18,proposed,0.9,1.7701576905860075,0.8571170862570343,8.646950571282003,1.967805540308539,1.4234425359657366,685328.3945374527,2.296255307436142,0.04421105704008897,0.6005338078291815,0.05875437441657149,6.694328069830498
19,19,proposed,0.9,1.771839262490337,0.8609417328399576,8.653137640236066,1.9671582808594472,1.422335486204167,716628.2987660158,2.4082450871618364,0.04201067132519461,0.6124457111834962,0.06462776898684863,6.694328069830498
19,20,proposed,0.9,1.7800188688129897,0.8824189334381713,8.649649313722579,1.96764070083751,1.4164324732967009,736192.7991506514,2.4932434380464987,0.03733345168148274,0.6313131313131313,0.06462776898684863,6.694328069830498
19,21,proposed,0.9,1.7641624923837973,0.8512893408994107,8.635077629473246,1.9684245464316878,1.423029936884853,765884.6124056607,2.60153460853302,0.03605795507347037,0.6301440329218106,0.06841797646736265,6.686301548012622
19,22,proposed,0.9,1.7614460972733705,0.8499537069885803,8.626393296674756,1.9687886292125,1.4213408718552265,795184.2496890236,2.7089237742847536,0.030476721368316625,0.6471972614462986,0.07225674440240423,6.678275026194746
19,23,proposed,0.9,1.7436935397046107,0.8098599573533872,8.624439787462736,1.9725971691894388,1.4291058203079705,820829.7879052978,2.8079085121821845,0.029865966567898434,0.6422397047397047,0.07604695188291825,6.67024850437687
19,24,proposed,0.9,1.7376843165546736,0.7947003061878688,8.62503531669528,1.9734687609556234,1.4323050059633955,853292.9988360936,2.9225738973230144,0.030816652134173412,0.6342494714587738,0.07983715936343228,6.662221982558994
19,25,proposed,0.9,1.7376785298002169,0.7947861168253582,8.62349208765017,1.9724645031242545,1.432431943355573,883220.1362062792,3.031406313274441,0.029200512122751175,0.6278126004500161,0.0836273668439463,6.654195460741118
19,26,proposed,0.9,1.7379337576297915,0.7963782674046318,8.622065067205254,1.9724813976368536,1.4318937396608915,910315.651029495,3.1337259973678373,0.029926566019120367,0.6209582598471487,0.08741757432446032,6.646168938923242
19,27,proposed,0.9,1.737859158508447,0.7973158254481953,8.621152151229676,1.9723038097851036,1.4313806706246424,940870.6358253532,3.2440024623983112,0.02749315676247808,0.6312344139650873,0.09120778180497434,6.638142417105366
19,28,proposed,0.9,1.7384784408577905,0.8025543392119404,8.618242789952415,1.9726765175848269,1.4290985693480172,968412.9603442336,3.347349808791736,0.027177657559581195,0.626278118609407,0.09499798928548836,6.6301158952874895
19,29,proposed,0.9,1.7464746354670166,0.815487729070906,8.619797693258825,1.9693326068333208,1.428670831172477,995136.3018667075,3.448813494293426,0.024838885512514834,0.6275370105062082,0.09878819676600238,6.6301158952874895
19,30,proposed,0.9,1.7457855687213506,0.8103219628674194,8.62445264516953,1.9690747759498888,1.430700272775634,1020483.6004645333,3.5471122810684252,0.024015814917750258,0.6347325660121869,0.10262696470104396,6.6301158952874895
23,1,proposed,0.9,2.490953911637757,1.81453683292392,8.8471325302492,3.591820317696131,1.3741750352359159,25025.38291061492,0.09755838069441432,0.402379582263128,0.20833333333333334,0.007628975415555607,6.463924367914353
23,2,proposed,0.9,2.1316752599432394,1.4184017749516027,8.759260061590041,2.702064280157536,1.360011736095385,60770.659435230635,0.21977251670103048,0.2684947830955283,0.2604166666666667,0.011419182896069632,6.4566279473982044
23,3,proposed,0.9,1.9289675562761706,1.142160486541227,8.693577683049869,2.46993744909776,1.3809799078176153,96469.06340241512,0.34187884582555483,0.1912682993602228,0.375,0.011419182896069632,6.4566279473982044
23,4,proposed,0.9,1.798038786336945,0.8940321437057751,8.66143763898452,2.206019387036878,1.4168548227128326,139567.48020525635,0.48100520447208966,0.14785908508727835,0.43859649122807015,0.015257950831111214,6.4566279473982044
23,5,proposed,0.9,1.769313023710308,0.8483295054050441,8.63393050917142,1.9886690102391569,1.4254946629600016,180559.8439230943,0.6152876410231171,0.12403023368300131,0.4913522012578616,0.01998115898245286,6.449331526882056
23,6,proposed,0.9,1.774412714144427,0.8408323100952062,8.663419615585992,1.9735332257990927,1.4359305174499606,218643.60416251817,0.742880289573792,0.09314218134106814,0.5357142857142857,0.01998115898245286,6.449331526882056
23,7,proposed,0.9,1.805612217597767,0.9254528653818077,8.656079997246735,1.9712602326133704,1.4139608398036887,279675.2067716704,0.9232529755748421,0.05727214839422742,0.6149598393574297,0.026677133727180845,6.449331526882056
23,8,proposed,0.9,1.8313002520579194,0.986000083570501,8.660939589170226,1.9713369481463838,1.3967818141118538,308191.5712459704,1.028840613865732,0.04449238641585253,0.6600660066006601,0.026677133727180845,6.449331526882056
23,9,proposed,0.9,1.8634337014368674,1.042429606020804,8.671206838732873,1.973468147374579,1.3851318127790224,340967.9065075467,1.1442261849673572,0.04326615223329619,0.6591796875,0.03262606029298204,6.449331526882056
23,10,proposed,0.9,1.8854506039761985,1.0805610197073023,8.672382245234244,1.9781560332004269,1.378384716070483,367356.8066650597,1.2449206553296372,0.03530881438997804,0.6677350427350427,0.03262606029298204,6.449331526882056
23,11,proposed,0.9,1.9120108034503454,1.1248947877290465,8.68095373530168,2.0096123082951602,1.3696415429197852,397108.18288682605,1.3533488206397002,0.036102399478013976,0.6496993127147767,0.03262606029298204,6.442035106365908
23,12,proposed,0.9,1.9087914308298832,1.1122535623280092,8.689707309900921,2.0338334264823033,1.3746091672574656,434155.2021112619,1.4785569648559027,0.038595447869321155,0.6224066390041494,0.042459620921810486,6.4347386858497595
23,13,proposed,0.9,1.8792338725568563,1.0626152563091398,8.67732538347784,2.117531549018754,1.3845466743190558,469428.4533637258,1.5996854427365699,0.03495766652132952,0.622055359246172,0.042459620921810486,6.427442265333611
23,14,proposed,0.9,1.8716548096108883,1.0420877225891045,8.677212268984825,2.228513147573685,1.3928399830907485,493404.70574286237,1.6948308232085842,0.037240044869447576,0.6094527363184079,0.042459620921810486,6.427442265333611
23,15,proposed,0.9,1.816172300061266,0.9433798127704447,8.672546561693776,2.026981476929412,1.4087272937883955,531528.4725787014,1.8225154869310143,0.03782379866077862,0.6040592783505154,0.04984151402321784,6.420145844817463
23,16,proposed,0.9,1.8137650971890074,0.9383200413515153,8.662967192723771,2.1326888185592567,1.41163764004984,556056.1975734147,1.9189292544188543,0.0382778340243828,0.599250936329588,0.04984151402321784,6.420145844817463
23,17,proposed,0.9,1.7791445999237598,0.8714099494929219,8.650119459844879,1.9828262576895819,1.4241256285728765,593816.3695350161,2.0457776499305376,0.03631549118517974,0.5973048941798942,0.0603097501173719,6.420145844817463
23,18,proposed,0.9,1.7755437007808077,0.8618458420082912,8.647279587674923,2.0139496896960836,1.427335715711986,622866.508219184,2.152592968904124,0.03593630597072572,0.6026785714285714,0.0603097501173719,6.4128494243013145
23,19,proposed,0.9,1.7667387366586118,0.8428500810509745,8.64497756244158,1.9754310037674472,1.4309934797173796,652494.0539401049,2.2607363240622425,0.03428210889419628,0.611449864498645,0.06368335893541277,6.4128494243013145
23,20,proposed,0.9,1.7750547924087237,0.8628683784410325,8.654002009702532,1.9639668661878393,1.4250517320693958,678556.9284681053,2.360680935476643,0.029379061971851594,0.6294058408862034,0.06368335893541277,6.4128494243013145
23,21,proposed,0.9,1.767637145000871,0.8511029953334528,8.654099148128946,1.965332094858011,1.425286000358617,715957.0208633688,2.4867011479857486,0.024886030105503897,0.6638367052023122,0.074438860854861,6.4128494243013145
23,22,proposed,0.9,1.7661163508758686,0.8456984277416054,8.656217414643491,1.9658471422045871,1.4269328875432847,741629.2107643166,2.585747184757929,0.022522525664930917,0.6573229030856149,0.074438860854861,6.4128494243013145
23,23,proposed,0.9,1.76765007420324,0.8486191982350554,8.656360641758376,1.9647637266247127,1.426433626572474,767761.2355993291,2.685850841878458,0.023724720261658085,0.6560019841269841,0.074438860854861,6.4128494243013145
23,24,proposed,0.9,1.753504306097582,0.8093942606370755,8.66617802005749,1.9646294841049061,1.4362020587614526,800295.4761668169,2.80067959518368,0.022870357045884394,0.6578947368421053,0.08089881266564858,6.4128494243013145
23,25,proposed,0.9,1.7562203042408246,0.8160327247903933,8.66747571512657,1.9637280026195654,1.4343187591192526,825259.4601386886,2.898096758318984,0.021926363066234095,0.6616277100271003,0.08089881266564858,6.4128494243013145
23,26,proposed,0.9,1.7522217637101045,0.8102617393706136,8.660396625694933,1.964784921706224,1.434546186141638,852348.7947190535,3.000402227853823,0.022137729839147947,0.6630571249215317,0.08427242148368945,6.4128494243013145
23,27,proposed,0.9,1.750392122982307,0.8166918117636303,8.651655639696338,1.9671730318537364,1.4290854301868003,875705.2319706788,3.0941220335325608,0.019461718115646745,0.6738021295474712,0.08828070576705593,6.4128494243013145
23,28,proposed,0.9,1.7409704623754472,0.794652389734879,8.64891404638072,1.9673014145850038,1.433643828905714,906083.8862937165,3.2039929384755474,0.018418588395013633,0.6845487566359318,0.0916543145850968,6.4128494243013145
23,29,proposed,0.9,1.7335567274984212,0.7710601429462356,8.64770060645749,1.966482251528176,1.4399140669875834,936123.1134667702,3.313083160973571,0.01747723226243774,0.6969305224078494,0.0916543145850968,6.405553003785166
23,30,proposed,0.9,1.7313082177615786,0.7669685712786812,8.650407496657985,1.9678679854233043,1.440137884901243,962445.8356345078,3.4136254219593676,0.016382731868838638,0.6996268656716418,0.09903620768650416,6.405553003785166
29,1,proposed,0.9,2.4974025893991603,1.8213636479642081,8.848743472176677,3.6063869378940816,1.3743117103106304,25442.797566781177,0.09851843440359671,0.3964347415399948,0.20833333333333334,0.007628975415555607,6.2402631846437995
29,2,proposed,0.9,2.123653545664935,1.4159343143947278,8.74644169800433,2.699237161687958,1.355931649895736,56125.43228834854,0.20908849426320164,0.27485205605204693,0.23148148148148148,0.011419182896069632,6.2402631846437995
29,3,proposed,0.9,1.8572407787089542,1.020262469951015,8.660498427995245,2.322473920582968,1.397652421557329,84990.25253493233,0.31547758083034444,0.2608436275907717,0.2403846153846154,0.01904815831162524,6.232966764127651
29,4,proposed,0.9,1.7829497083614703,0.8777550380045956,8.629705062181563,2.106474977569595,1.4151485028137352,129945.89349777105,0.4588755550448734,0.2296404429437886,0.31446540880503143,0.01904815831162524,6.225670343611503
29,5,proposed,0.9,1.7710521280425946,0.8527141075807175,8.623776761895726,2.031994600203308,1.4251809154728137,194983.35758645227,0.6484617224488401,0.17343693407798622,0.40064102564102566,0.022838365792139263,6.225670343611503
29,6,proposed,0.9,1.778615854079041,0.850712975853069,8.66012262484231,1.9706634257549667,1.4348375113613898,246715.14626830083,0.8074448364170917,0.13408048239527873,0.45180722891566266,0.02432346695609989,6.225670343611503
29,7,proposed,0.9,1.8018675074137065,0.9030439837181926,8.664851932723343,1.9678250212198987,1.4240835769549005,312860.19180742337,0.9995784411570735,0.10618862442436362,0.5104166666666666,0.03046734120769487,6.225670343611503
29,8,proposed,0.9,1.8360670509932115,0.9868551416075756,8.669512222913882,1.9699765768174742,1.401078596996528,370022.3400657996,1.171051382151339,0.08024325123341952,0.5509641873278237,0.03046734120769487,6.225670343611503
29,9,proposed,0.9,1.86805663875822,1.045820990570584,8.695884885862176,1.9749949863328948,1.3877394606099305,401164.80993024644,1.2826790628395668,0.06899993110445554,0.5739795918367347,0.03107068459218163,6.2183739230953545
29,10,proposed,0.9,1.9009127273860584,1.0957300900984543,8.704471354761262,2.0037777578206786,1.380359483868004,430890.34386305657,1.39104779088503,0.06805391065147182,0.5630630630630631,0.03425754868820889,6.211077502579206
29,11,proposed,0.9,1.8962087751380214,1.0875345012828004,8.69758376833709,2.0427199297811827,1.3822762550490575,465325.89293191355,1.5102495537434013,0.06017401800463549,0.5552496328928047,0.037530636402969206,6.203781082063058
29,12,proposed,0.9,1.8724003627528831,1.0452390848728386,8.689029712874454,2.080449456303527,1.3908610320830428,493749.17095523875,1.615623093197049,0.05781425751052001,0.5474452554744526,0.03804775616872291,6.203781082063058
29,13,proposed,0.9,1.839511443700587,0.9933848559299014,8.677970775425635,1.9698591806889203,1.3964357599255162,525066.1994425672,1.7276522587179046,0.06204852901172754,0.5367123983739838,0.047998872497123264,6.19648466154691
29,14,proposed,0.9,1.8116662420112877,0.9398700396457357,8.667455161544908,1.9677561617570498,1.408269802759329,553622.3336598382,1.8333313674176275,0.05818591136730833,0.5344677137870855,0.047998872497123264,6.19648466154691
29,15,proposed,0.9,1.7997663465382023,0.9127973875244241,8.66486212162214,1.966827601614706,1.4157878992843238,586757.1412824249,1.949541424949577,0.05817973862313182,0.5476051401869159,0.047998872497123264,6.189188241030761
29,16,proposed,0.9,1.7845095071941959,0.880092649516105,8.65601352037665,1.9669689617550135,1.423278675020949,614901.8000682071,2.0542741401568763,0.05604503467308211,0.5532503457814661,0.05445882430791084,6.189188241030761
29,17,proposed,0.9,1.789414648723493,0.8986327701364534,8.654893996538592,1.9676002952719553,1.414324334077033,642741.9500657014,2.1583064851511136,0.05505014124269557,0.5503503960999391,0.05445882430791084,6.189188241030761
29,18,proposed,0.9,1.8014494823707667,0.9235021798925372,8.653291772798335,1.9935087179847086,1.4093846081163908,667461.000626924,2.255160301441925,0.04831389633494754,0.5701013513513513,0.05783243312595171,6.189188241030761
29,19,proposed,0.9,1.7857137474447253,0.8935199653819768,8.649070594925004,1.9677741908804942,1.4147802470560835,698958.4236305077,2.3676043743501674,0.04344274122447821,0.5857346832814122,0.061840717409318194,6.181891820514613
29,20,proposed,0.9,1.769334180714937,0.8620836275481122,8.646011084560175,1.9689940196161357,1.4201313256989925,732122.5484061916,2.483881861334241,0.039914532533613004,0.5926979611190137,0.06922261051072555,6.181891820514613
29,21,proposed,0.9,1.7613970637937002,0.8437060266126556,8.640451123883533,1.9694542735751406,1.4244897640006677,764512.9851167343,2.5983798657684885,0.03941256666637662,0.6060356200527705,0.06922261051072555,6.181891820514613
29,22,proposed,0.9,1.7671460171213123,0.8501139359735356,8.663585021851395,1.967632231360222,1.4228505805945844,791784.0208767233,2.7011032480164636,0.03595525115029416,0.6052420968387355,0.07568256232151313,6.181891820514613
29,23,proposed,0.9,1.760826336935027,0.8387024509412254,8.653773722057354,1.9687123460702651,1.4251452840097119,818801.8981521521,2.8032443657499497,0.03410111862873255,0.605540293040293,0.07568256232151313,6.181891820514613
29,24,proposed,0.9,1.7507985567335627,0.8141104200183797,8.6479416251279,1.9684185721156267,1.4311929339532519,848639.210421482,2.9118701839694086,0.03483432075860322,0.6091370558375635,0.079056171139554,6.174595399998465
29,25,proposed,0.9,1.7603594984660573,0.8332780858651838,8.650377948133878,1.9657858449026249,1.4273533559897447,880011.7743588741,3.0240270810254097,0.0319925515244259,0.6290257648953301,0.079056171139554,6.174595399998465
29,26,proposed,0.9,1.7551295190222311,0.8231577123356943,8.64564255956027,1.9665898154176182,1.4288439693916506,906076.9737748121,3.123977039682068,0.030019673030470168,0.6338133813381338,0.08306445542292049,6.174595399998465
29,27,proposed,0.9,1.7542116146778388,0.8296898383908022,8.63439871564956,1.9680607832759396,1.4246456147280846,927755.8836110425,3.2138385323053975,0.027536773034404022,0.6386669470142977,0.08362736684394631,6.174595399998465
29,28,proposed,0.9,1.7438420120534295,0.804922717830142,8.636060344389278,1.9672270770131295,1.4304709738129597,955489.1716441376,3.3176250947815165,0.026594894141000913,0.6365289685632631,0.08981167305900223,6.174595399998465
29,29,proposed,0.9,1.7462130443694137,0.8100473056525428,8.632927537137206,1.9667168026426172,1.4295630757214843,985698.9687645211,3.427107628158398,0.026265329533714347,0.6494007907091672,0.08981167305900223,6.174595399998465
29,30,proposed,0.9,1.735666506120937,0.782368304644086,8.63292013896211,1.9690813249158656,1.4371451066573526,1019658.7031154189,3.545215017165463,0.02545196032504032,0.6447730398899587,0.09719356616040958,6.174595399998465
31,1,proposed,0.9,2.4699898626570285,1.7934590107123185,8.841015117660682,3.5384729100972856,1.3720658342051466,28046.55488628731,0.10450707623846084,0.3950693585071444,0.20833333333333334,0.007628975415555607,5.939691308413403
31,2,proposed,0.9,2.107119609947367,1.392951226721978,8.745477743578446,2.6897443268285772,1.3590775939940738,64339.59828954919,0.2279810760659632,0.2575553665799432,0.2777777777777778,0.011419182896069632,5.932836437731728
31,3,proposed,0.9,1.8658282223822422,1.037037259813417,8.66841490801534,2.332417560043393,1.3948192567217972,94445.16795546842,0.33722388629757744,0.21888180307962846,0.3125,0.011419182896069632,5.925981567050053
31,4,proposed,0.9,1.8022993687865916,0.9079002149101738,8.659965762325353,2.132525101537857,1.4137127509926997,121581.99737148064,0.4396385939544056,0.18942596072523002,0.4166666666666667,0.015209390376583656,5.925981567050053
31,5,proposed,0.9,1.7691021541224259,0.8424261368249369,8.65915113440977,1.9903991929344118,1.4271209025824925,157590.81627538623,0.5624588774333885,0.16261265631702643,0.48225308641975306,0.022838365792139263,5.925981567050053
31,6,proposed,0.9,1.7674745121114805,0.8274775955650954,8.659832334544504,1.9777918289038183,1.4366516397720266,202877.70725732326,0.7066187266918437,0.11562623532298899,0.5681818181818182,0.022838365792139263,5.925981567050053
31,7,proposed,0.9,1.7851922776699911,0.8840456047049918,8.661464486373132,1.9681633916061507,1.4210867526615083,251988.89556312823,0.8595744597951952,0.08084752324958926,0.6149598393574297,0.023100873890435032,5.925981567050053
31,8,proposed,0.9,1.8386778626861648,1.0047595460510959,8.66161232168557,1.9734247185731169,1.3913472025719746,285122.8738782922,0.9757826099200727,0.06440936890961511,0.6472491909385113,0.027046875430411507,5.919126696368378
31,9,proposed,0.9,1.8702212659818984,1.062647248476432,8.668721656831146,1.9787515584390885,1.3792662168077907,323086.135447219,1.1030981115286043,0.04676193029568155,0.6591796875,0.030482766991842387,5.919126696368378
31,10,proposed,0.9,1.9006559517858534,1.1032790794065852,8.687868262197464,2.0021622033250095,1.3744746453756393,352578.4702279941,1.2109304815243866,0.04892715229961389,0.6551362683438156,0.03425754868820889,5.9122718256867035
31,11,proposed,0.9,1.919713928008163,1.126721579392744,8.700546581411432,2.0712801068806543,1.372451212374775,387311.5748128157,1.3308166220694764,0.04249479873117229,0.6333752093802345,0.03804775616872291,5.905416955005029
31,12,proposed,0.9,1.8977122647712095,1.0857408312175447,8.705571638170563,2.0147734018078887,1.3816735444466368,413777.58011605707,1.4316884342669318,0.03769102134627432,0.6147540983606558,0.041837963649236934,5.898562084323354
31,13,proposed,0.9,1.8718504112414964,1.0422544715172535,8.697512248660871,1.9762131114987502,1.3894127310255089,444999.00564159564,1.5434977129756706,0.0377525531340372,0.5967514124293786,0.045628171129750955,5.898562084323354
31,14,proposed,0.9,1.8270934113270936,0.964989696607522,8.685595092955479,1.9706582149143028,1.40288388018235,477735.1326167082,1.658790805018429,0.037658221080523455,0.5935077519379846,0.049418378610264976,5.891707213641679
31,15,proposed,0.9,1.8038030463106687,0.9240711878260014,8.664810087468764,1.96859362226151,1.4109907237569446,510574.22595563845,1.774320719697969,0.037408578231722986,0.5758599508599509,0.053208586090779,5.884852342960004
31,16,proposed,0.9,1.7867381184909459,0.8892118025214525,8.65983129518982,1.96903444162063,1.4184595520618184,539069.4858837851,1.8798598175327061,0.039185688123027015,0.5673758865248227,0.05699879357129302,5.884852342960004
31,17,proposed,0.9,1.7877528020181546,0.8911904421593876,8.656866134660596,1.9684758580612531,1.4180957541246983,569314.7187855553,1.9894238532067774,0.03333065636313766,0.586825860948668,0.05699879357129302,5.884852342960004
31,18,proposed,0.9,1.792897362998677,0.913544680087874,8.647880009438625,1.9696810130193991,1.4084826755273863,592579.650486909,2.082933196119891,0.03279826747322949,0.5921052631578947,0.06078900105180704,5.884852342960004
31,19,proposed,0.9,1.794912667421708,0.9189023741485399,8.651554670517923,1.9713162167313942,1.4069958670076783,628357.2627654163,2.2052217043604583,0.025648299165161634,0.6267361111111112,0.06078900105180704,5.884852342960004
31,20,proposed,0.9,1.7845409808136006,0.8955923444686829,8.638813572434918,1.9700331771759936,1.4131987848312872,660295.3015382395,2.318679193537952,0.025201990001163292,0.6218905472636815,0.06457920853232106,5.877997472278329
31,21,proposed,0.9,1.7875601146678772,0.9016050377857524,8.649798675097154,1.9695343898632451,1.411350352487712,691653.9753017365,2.430804143193995,0.023612381759364618,0.6327479338842975,0.06836941601283508,5.877997472278329
31,22,proposed,0.9,1.7748468315151384,0.8746960298111581,8.654239044699636,1.9691623975943298,1.4171525528523952,729215.0283087814,2.5571945651101977,0.02305326982634979,0.6333752093802345,0.07599839142839068,5.877997472278329
31,23,proposed,0.9,1.7759719219827492,0.8773465568227939,8.648164685586721,1.9690101679111125,1.4170994064990945,749724.6895265748,2.6443667859111217,0.022476317889653083,0.6414920450135817,0.07599839142839068,5.877997472278329
31,24,proposed,0.9,1.774982692941034,0.867163342641559,8.667172482610166,1.9674279792261535,1.4196227536700268,778971.6442187683,2.7516347817031668,0.023161733603437002,0.6322444678609063,0.0797885989089047,5.871142601596654
31,25,proposed,0.9,1.773100109938634,0.861208203559772,8.665848546311377,1.9665860962106017,1.4212915685967469,809615.8421918881,2.862116437041342,0.02393936643787112,0.6326935536119209,0.08357880638941872,5.871142601596654
31,26,proposed,0.9,1.7667827980438147,0.8522026086801434,8.65012943753202,1.9670055106489346,1.4223958365597573,831734.6105105736,2.952989604174319,0.025566627088482875,0.6281593815046089,0.08736901386993275,5.871142601596654
31,27,proposed,0.9,1.7609141450976897,0.8389793607596918,8.648844134348595,1.9672108072999714,1.42494481364044,866725.978945651,3.073469751574997,0.022007302434834716,0.6429932260795935,0.08736901386993275,5.871142601596654
31,28,proposed,0.9,1.758080372821992,0.8328831221609272,8.643297266051317,1.9677302954189333,1.4268983515938498,897302.5745773072,3.1837959215278064,0.02166148387226274,0.6466086038532595,0.09115922135044677,5.871142601596654
31,29,proposed,0.9,1.7444421406061814,0.8024843778647294,8.640156255915661,1.969683759235102,1.4336999725076025,927321.849721182,3.2928402543587185,0.019028347503429254,0.66568515704154,0.09115922135044677,5.871142601596654
31,30,proposed,0.9,1.7425653840409625,0.8030371612086988,8.632656985796256,1.9705827727521814,1.4321806941559763,951435.0745674543,3.3883006715051445,0.01955109160878675,0.6648936170212766,0.09494942883096079,5.871142601596654
37,1,proposed,0.9,2.4820064679402702,1.8052541278358685,8.847487312586411,3.569768376926966,1.3736642205976366,25198.62242059884,0.09795683156737735,0.3971136024591504,0.20833333333333334,0.007628975415555607,6.073798805099644
37,2,proposed,0.9,2.1047383547813356,1.3839789622985592,8.767206448166332,2.67529389477539,1.362908024437454,60294.56279447319,0.2186774944272884,0.26744970014748487,0.2604166666666667,0.011419182896069632,6.0665023845834956
37,3,proposed,0.9,1.8684346103184903,1.0380075261677386,8.670058252483317,2.347116448496552,1.39563825136982,97308.92225677814,0.3438105211905898,0.21337078785853358,0.3232758620689655,0.011419182896069632,6.0665023845834956
37,4,proposed,0.9,1.7708887352271978,0.8496978168615943,8.63669956974442,2.011013754387252,1.4202105872477404,132270.1705947278,0.46422139236787396,0.18730262129094258,0.3968253968253968,0.01904815831162524,6.059205964067347
37,5,proposed,0.9,1.7595428885423219,0.8234277405899012,8.628365267794146,1.981284243008508,1.4322103125665526,182324.20413544818,0.6193456695115309,0.14502842009476555,0.500801282051282,0.01904815831162524,6.059205964067347
37,6,proposed,0.9,1.771041995272201,0.8403636596042934,8.642815066608138,1.974270732402879,1.4347018269849936,241916.64984541558,0.7964082946444562,0.11263298957304468,0.5859375,0.023107005647559135,6.059205964067347
37,7,proposed,0.9,1.8019410464036407,0.9259433907125263,8.634005699377877,1.9705191861176832,1.4104818241583932,276600.75680721446,0.9161817406565937,0.08234499716119592,0.6301440329218106,0.026677133727180845,6.059205964067347
37,8,proposed,0.9,1.8248699996545945,0.9792234615490855,8.639151165285876,1.9739061034512926,1.3969101710036902,319698.9845856001,1.055307664546881,0.05120460764702164,0.6802721088435374,0.032831711661949654,6.059205964067347
37,9,proposed,0.9,1.848342458441547,1.0252678205857337,8.65534702932134,1.975545712211987,1.3849624868021337,352214.1105152014,1.1700924541849638,0.03828205580011272,0.675,0.032831711661949654,6.059205964067347
37,10,proposed,0.9,1.8812769044904676,1.0779493926987547,8.652767248327285,2.035508355127485,1.3769539865115323,383699.01502243226,1.282507734551595,0.04190484951258926,0.6351626016260162,0.03425754868820889,6.059205964067347
37,11,proposed,0.9,1.8881924901634368,1.0811791181345534,8.664260251628184,2.126980692002489,1.3799628228976248,416931.44877052144,1.3989423321721999,0.039013893512955373,0.6030701754385965,0.03824085516571282,6.059205964067347
37,12,proposed,0.9,1.8651714105761903,1.0423472474159372,8.655745194923961,2.1678397786333155,1.3880983320492488,447628.96500449465,1.5095466195103382,0.04305162963388884,0.5905511811023622,0.041837963649236934,6.059205964067347
37,13,proposed,0.9,1.8751828140800013,1.0609637696655905,8.665697999546111,2.0675301322511475,1.3825799502532186,476311.5688593345,1.6155166083764703,0.040216546002578374,0.5887681159420289,0.041837963649236934,6.051909543551199
37,14,proposed,0.9,1.8809645625847928,1.0585422456415166,8.69616998283014,1.9812811651838966,1.3855666778573614,510666.13991873956,1.734532121813102,0.04508187528984177,0.5718954248366013,0.045628171129750955,6.044613123035051
37,15,proposed,0.9,1.8428052354288227,0.9940528434481212,8.684188839353679,1.9730439712220593,1.3971110946972858,539579.0416474154,1.8410317957890565,0.041014851914860886,0.568871359223301,0.049418378610264976,6.044613123035051
37,16,proposed,0.9,1.825636104906226,0.9588788198696461,8.68340785478836,1.9693802815867134,1.4052720969988495,572387.2520914306,1.9564906798102917,0.039695873766419504,0.5614035087719298,0.053208586090779,6.037316702518902
37,17,proposed,0.9,1.7877818841877828,0.8866455229387378,8.67593393338538,1.9687270643092194,1.4184441102409568,601472.4634028645,2.06338666582659,0.03763780660812045,0.5564540973505854,0.05699879357129302,6.037316702518902
37,18,proposed,0.9,1.78789389606116,0.8810768586875819,8.682428560713277,1.9670473665679586,1.4212411349644942,626450.0378802044,2.160835087124471,0.035532805603151627,0.5578512396694215,0.05699879357129302,6.037316702518902
37,19,proposed,0.9,1.7740598391864741,0.856903485518416,8.668703203311047,1.96734529605583,1.425337987236064,663181.0929117164,2.2853165136969493,0.034250494594285384,0.5758677896886166,0.06078900105180704,6.037316702518902
37,20,proposed,0.9,1.7621781178854654,0.8270606410811403,8.668572414317328,1.9670137702829584,1.4320205837321687,692681.6626138627,2.393167824011885,0.032664125137788734,0.5827505827505828,0.06296224531356612,6.030020282002754
37,21,proposed,0.9,1.760838299581993,0.8230835512459896,8.664799350550695,1.9656850830605042,1.433504409882029,719148.170271655,2.4940407916248075,0.03269638519273467,0.5829631979695431,0.06557127200462849,6.030020282002754
37,22,proposed,0.9,1.7614751956075243,0.8256057875246968,8.661629562428715,1.965518076702921,1.4330449128161844,745971.2391460945,2.5957338500360185,0.030876789435405803,0.6059695512820513,0.06837138881732929,6.030020282002754
37,23,proposed,0.9,1.7580248431976826,0.8128810517200669,8.672945967946575,1.9635576763877385,1.4362837147780816,780707.5317735398,2.7156273230791426,0.02759289397164205,0.6240562476406191,0.07220818394787666,6.030020282002754
37,24,proposed,0.9,1.7515075071580146,0.7987333810791024,8.668751221749492,1.9647265347603426,1.4391708712867048,802518.3174799647,2.8057921302039195,0.028751913122893918,0.6204756980351603,0.07599839142839068,6.030020282002754
37,25,proposed,0.9,1.7585366908078834,0.8184576806048858,8.662284377608799,1.9643191010833876,1.435040498928497,826307.0713321815,2.9005062640640173,0.025208228512037724,0.6308543281653747,0.07599839142839068,6.030020282002754
37,26,proposed,0.9,1.7516707406226015,0.8054085229549578,8.663146530643488,1.965577951453945,1.4365098707616784,853820.0909349772,3.0037862091504475,0.023544044685548826,0.6366787221217601,0.07672299879384317,6.030020282002754
37,27,proposed,0.9,1.7496183313724414,0.8044557154775913,8.661181630424966,1.9666395853069216,1.4353358009013972,885496.900760039,3.1166428717480894,0.02090439448880489,0.6479308873720137,0.08242252576496806,6.030020282002754
37,28,proposed,0.9,1.7472912208985718,0.8005882945220812,8.658035219666335,1.967229949240528,1.4360061046197838,918313.0699647513,3.2321200609189273,0.020115512022623752,0.6522896698615549,0.08242252576496806,6.030020282002754
37,29,proposed,0.9,1.7465837362244578,0.8015855036491143,8.66067111936415,1.9684840570689237,1.4343144761209792,944868.7898674568,3.33319821669515,0.020826944665296263,0.6567028985507246,0.08980441886637541,6.030020282002754
37,30,proposed,0.9,1.747807733630499,0.8090601238903949,8.655856008832224,1.9681633114178732,1.4311890804058738,971522.238587109,3.4345011487503503,0.01880285300792464,0.6648936170212766,0.08980441886637541,6.030020282002754
41,1,proposed,0.9,2.4611221610440275,1.783921653370118,8.839062073590542,3.506209021314763,1.3721010461246284,28434.861390336242,0.10540018119777338,0.4163045099017605,0.20833333333333334,0.007628975415555607,5.936032485284215
41,2,proposed,0.9,2.075153599263797,1.3513527695681673,8.736801185979969,2.6536662779958538,1.3615890633217171,65753.09283610509,0.23123211352304174,0.29713869848928004,0.24509803921568626,0.011419182896069632,5.928736064768066
41,3,proposed,0.9,1.8324159005635963,0.9769238461524662,8.663783407696346,2.2320843253752587,1.4024582360467117,93752.82626854558,0.3356315004176548,0.2676668224825164,0.26785714285714285,0.011419182896069632,5.928736064768066
41,4,proposed,0.9,1.7676747006663989,0.8450101659935609,8.641736557641218,2.001097644738351,1.4209813677905758,120183.9855023304,0.43642316665535996,0.227650454411977,0.3472222222222222,0.01904815831162524,5.921439644251918
41,5,proposed,0.9,1.7648411026123563,0.8385551846160227,8.623781792443616,1.9830733999345953,1.428498229400969,176831.4748970757,0.6067123922632741,0.1777057641492363,0.42691256830601093,0.01904815831162524,5.921439644251918
41,6,proposed,0.9,1.7770320245037117,0.86649453578172,8.641648738329476,1.9725532355372073,1.4256007292668524,240015.1419355664,0.7920348264518028,0.13101768094795824,0.5067567567567568,0.02769707577414076,5.921439644251918
41,7,proposed,0.9,1.7940932327828587,0.9093545577596697,8.6419412354135,1.972260940602045,1.4148627397389493,316718.55326463445,1.0084526725086593,0.09594137696522939,0.6004901960784313,0.02769707577414076,5.921439644251918
41,8,proposed,0.9,1.8432385267455333,1.012952669291735,8.652487865858586,1.9762442506435418,1.3925036342864707,346272.92503999296,1.116427727591984,0.06670519607064226,0.6230529595015576,0.030783418766887463,5.921439644251918
41,9,proposed,0.9,1.8764397404038877,1.0648180028592713,8.687210353392526,1.9786011860333848,1.3830578521273382,378191.36257413734,1.2298401339205158,0.060038842669349494,0.6343984962406015,0.031754365801081055,5.91414322373577
41,10,proposed,0.9,1.9044592191047267,1.100334447874334,8.712417489432571,2.0252546251960966,1.37951287526718,418302.6472521133,1.3620960886798605,0.06912324561675257,0.6091617933723197,0.03425754868820889,5.906846803219621
41,11,proposed,0.9,1.8770178220643505,1.057423582768964,8.694813960542643,1.9780441604035957,1.3860668942483578,450235.0416652557,1.475540595830088,0.0620200476035702,0.5973538704581358,0.03730585896489414,5.906846803219621
41,12,proposed,0.9,1.8810305578728723,1.0585223407305933,8.69950841907623,2.023426052246258,1.3887800468649665,488550.68149128265,1.60366656742995,0.06219120459121686,0.5928853754940712,0.04061697939571591,5.899550382703473
41,13,proposed,0.9,1.843450427891614,0.9896565257568496,8.695879200790468,1.972347702330228,1.402389405406817,525837.56923122,1.729426409231806,0.06229918785887524,0.5734256243213898,0.04462526367908239,5.892253962187325
41,14,proposed,0.9,1.8181557871683052,0.934296619275339,8.69397086835521,2.0087242724527097,1.416547929474051,561616.5046812919,1.8517179607669705,0.05717666270699119,0.5687093779015785,0.05108521548986997,5.884957541671176
41,15,proposed,0.9,1.805463126399603,0.910626425370418,8.674002137624562,2.102223968382728,1.4221960104572917,591641.8403592508,1.9607762328262759,0.05603158118581092,0.5607057416267942,0.05108521548986997,5.884957541671176
41,16,proposed,0.9,1.7935952176720955,0.8901912256257428,8.66319548628533,2.0585714722845476,1.4249570453133,627886.0651169001,2.0841379497688695,0.057772955065599894,0.5532503457814661,0.05445882430791084,5.877661121155028
41,17,proposed,0.9,1.7873005252008514,0.8849146031317603,8.65423291585367,1.968174082195666,1.4231193409915441,656866.9965545448,2.190794092075452,0.05294052487831449,0.5767081736909323,0.06521432622735907,5.877661121155028
41,18,proposed,0.9,1.7883722541432605,0.8905910886039524,8.649816120684326,1.9690411804774437,1.421152077206184,685210.1252067167,2.2959832879754476,0.04969659073149299,0.587979094076655,0.06521432622735907,5.877661121155028
41,19,proposed,0.9,1.7770927178127034,0.8680796738285017,8.64362438847317,1.9700164782242326,1.4253783621369844,715012.5954279116,2.4045289694841956,0.04537515734282041,0.6035981808453719,0.06521432622735907,5.877661121155028
41,20,proposed,0.9,1.7836177618336189,0.887658150681847,8.658897862580485,1.96921990472623,1.4157512811248856,742703.951824028,2.5082190891952636,0.044810752222007214,0.6082725060827251,0.07167427803814663,5.877661121155028
41,21,proposed,0.9,1.7748317136874479,0.8628889706355037,8.656165796480783,1.9684776822437096,1.4243346345587782,772384.2467914877,2.6164837676204207,0.041793466449509264,0.6275614754098361,0.07167427803814663,5.877661121155028
41,22,proposed,0.9,1.764113295734205,0.841934249932953,8.660113057869365,1.9708486984982625,1.4279454906354023,806252.4902028786,2.73438072746662,0.03941679944350456,0.6286367414796342,0.08242977995759486,5.877661121155028
41,23,proposed,0.9,1.761414060635822,0.8360946905786782,8.654039300626842,1.9716680109540945,1.429707297648722,833371.5096166155,2.836754472118215,0.03867245972833469,0.6341100882240123,0.08242977995759486,5.877661121155028
41,24,proposed,0.9,1.7589140465870452,0.8281437922886656,8.64945920346437,1.970838232228893,1.4325460298692458,862921.8315577388,2.9447202125827983,0.03866235907521702,0.6295907660020986,0.08242977995759486,5.87036470063888
41,25,proposed,0.9,1.7671239428288101,0.8430061426529255,8.660861850622675,1.9666815225562704,1.4292623201270684,886960.9250793359,3.040010127682472,0.03632406423592282,0.6389025188092902,0.08580338877563573,5.87036470063888
41,26,proposed,0.9,1.7592012350928363,0.8282408888869909,8.653300869054252,1.9683434372328066,1.4319370900905608,917905.982742986,3.151183760308867,0.035083557400592894,0.6436624009750153,0.0891769975936766,5.87036470063888
41,27,proposed,0.9,1.7618409208880892,0.8332696964544379,8.661145347503949,1.967098415812688,1.4294106071657913,942415.210041817,3.2475549830961783,0.03355830855957302,0.6473785166240409,0.0891769975936766,5.87036470063888
41,28,proposed,0.9,1.7580538431154509,0.8287399078743586,8.669182056089884,1.970522004456584,1.4284699259398161,979416.8031231655,3.372658647183279,0.032352031239604284,0.6522896698615549,0.09964523368783065,5.87036470063888
41,29,proposed,0.9,1.751249124237137,0.8153728995397123,8.660127596689893,1.971421384832924,1.431156097389125,1009184.1964130315,3.481123651749971,0.028975261739751117,0.6626638930912758,0.09964523368783065,5.87036470063888
41,30,proposed,0.9,1.749184221533235,0.8122220476184918,8.65693234730875,1.9716510213363552,1.4314118802037261,1034023.6248637756,3.5782543371866824,0.026877864643061296,0.6602112676056338,0.09964523368783065,5.87036470063888
43,1,proposed,0.9,2.4899167388396655,1.80653364169512,8.879037164791715,3.5828225856359914,1.3791894949936472,25174.331839997874,0.09790096323199513,0.39622641095468925,0.20833333333333334,0.0037902074805140247,6.058115515481897
43,2,proposed,0.9,2.156419968277706,1.438892132460185,8.795795415857253,2.7092399995200167,1.3651459792788467,52607.76226966823,0.20099785322023697,0.28322049063488053,0.24509803921568626,0.007580414961028049,6.058115515481897
43,3,proposed,0.9,1.8567710749549433,1.006498183903603,8.70296185937638,2.3086076725533884,1.4050837761596313,82845.40052606887,0.3105444212099585,0.26318352076572055,0.2604166666666667,0.011370622441542074,6.050088993664021
43,4,proposed,0.9,1.7997603021804982,0.8940419901426444,8.675998759411085,2.1249881025470057,1.4185465243097448,104918.78871095034,0.401313214035186,0.20896831543543729,0.3546099290780142,0.01899959785709768,6.050088993664021
43,5,proposed,0.9,1.7804409255753642,0.859664355809166,8.643339300941253,2.0235294935759542,1.427725656793041,151450.76369223106,0.5483367564921316,0.16634453522010573,0.42691256830601093,0.01899959785709768,6.042062471846145
43,6,proposed,0.9,1.7822465012554038,0.8664045291032059,8.641460954640584,1.974362565075298,1.4290748438121395,204598.63777956678,0.7105768668930037,0.12734617397890763,0.5136986301369864,0.01899959785709768,6.042062471846145
43,7,proposed,0.9,1.7878444905453468,0.8795189669047317,8.646769540680369,1.9692990415008431,1.4268528472435547,259041.26302950093,0.8757949049678522,0.0896635200825225,0.5800189393939394,0.033982180180045486,6.034035950028269
43,8,proposed,0.9,1.8146776013708052,0.9495445254341123,8.648734626070338,1.971313874532956,1.4074187686283923,306391.0403445866,1.024699392792549,0.06885595921416154,0.6600660066006601,0.033982180180045486,6.034035950028269
43,9,proposed,0.9,1.8866490293606015,1.0861276554820933,8.660895757631533,1.9770975771472195,1.377995738122794,334745.6634164711,1.1299150258578834,0.07163928408614592,0.6158759124087592,0.03628080317919298,6.026009428210393
43,10,proposed,0.9,1.9222475938149113,1.141475289924103,8.664948363499407,2.087900588350294,1.367915721610569,361767.5623327076,1.232065393365227,0.0674385441635553,0.6127450980392157,0.04214270003492094,6.026009428210393
43,11,proposed,0.9,1.925556283996427,1.1359082153732902,8.694772505324895,2.0819469200661658,1.3714342568011768,396686.7229200634,1.3523794627161454,0.06418634481738164,0.5862403100775194,0.04214270003492094,6.0179829063925165
43,12,proposed,0.9,1.9386617724011077,1.1472242657033451,8.711479228706498,2.133885122346036,1.3718721049370979,427292.1734238612,1.4627719988748804,0.06274175606143365,0.5952380952380952,0.04494281684762173,6.00995638457464
43,13,proposed,0.9,1.9085854222636158,1.1072123350435952,8.70665090135956,2.055097843734314,1.3746974544615236,459928.4031699853,1.577835327290966,0.056894772211077985,0.6070402298850575,0.04703630509864121,6.001929862756764
43,14,proposed,0.9,1.8755714218887907,1.0428358757168013,8.722097274833555,1.9838349949076581,1.388738297876744,488694.91777381685,1.6839983108797787,0.05601880596034574,0.5900770712909441,0.04703630509864121,6.001929862756764
43,15,proposed,0.9,1.8179025593598985,0.9406417997229295,8.712516809951317,1.973661120250913,1.407075845031118,521744.9743302223,1.8000134409595112,0.05034519532867206,0.5903652392947103,0.05378352273472295,5.993903340938888
43,16,proposed,0.9,1.7943646622659226,0.8974505432271019,8.700861309844655,1.97074234182016,1.4155183457173115,548801.5513123645,1.9022435680184384,0.0483725054631524,0.5847953216374269,0.05378352273472295,5.985876819121012
43,17,proposed,0.9,1.7808769881073607,0.8768963294910962,8.672846225409874,1.9665836061363733,1.4188219993407154,578377.9494499693,2.0102692837349294,0.04511004786676208,0.5961221122112211,0.058463739744671846,5.977850297303136
43,18,proposed,0.9,1.7800070370966021,0.8833370539566349,8.660066653606142,1.9685327345667993,1.4160335828810022,607498.6207633569,2.117246827755721,0.038062612421155904,0.6147540983606558,0.060243474545510524,5.977850297303136
43,19,proposed,0.9,1.778838090199654,0.8760762750341208,8.66799763849372,1.9678229481214213,1.418061493505527,634985.0536820146,2.220465623468634,0.04090764349605144,0.6124457111834962,0.06121511609578413,5.977850297303136
43,20,proposed,0.9,1.7695193697806575,0.853467606033971,8.664050607331374,1.967508123809634,1.4235077415507598,669743.2650212679,2.3404095095489166,0.03700155919863449,0.6118453255017132,0.06762536764691787,5.96982377548526
43,21,proposed,0.9,1.7704496505991096,0.8548717963289005,8.662204084964129,1.9671392648290467,1.4236816556309375,702441.9245418952,2.455616426446359,0.03322379615881185,0.6327479338842975,0.06961546653388652,5.961797253667384
43,22,proposed,0.9,1.7693750219830477,0.8594987897068236,8.655854191809148,1.9678320946426369,1.420248234444355,725443.8286201544,2.5485208058263553,0.03275276093328937,0.6530656303972366,0.0722244932249489,5.961797253667384
43,23,proposed,0.9,1.756221409297229,0.8297193877050276,8.648865987406806,1.968054721352522,1.427314446549112,759943.6363758491,2.6678703636644525,0.0265495813819029,0.6679292929292929,0.07437258528299961,5.961797253667384
43,24,proposed,0.9,1.7571873765859163,0.8314093949069263,8.645366075977543,1.96695714882435,1.4274193781524396,787770.3496989827,2.7718718043076587,0.027890502795349565,0.6688963210702341,0.07437258528299961,5.953770731849508
43,25,proposed,0.9,1.7491482154675149,0.8145526355131262,8.645355369029819,1.9694318810898375,1.4300732406438441,818740.5579540347,2.8831032832942785,0.026387221969151196,0.6767584892584892,0.08175447838440697,5.953770731849508
43,26,proposed,0.9,1.7469115912069837,0.8021988621627049,8.639481566864733,1.9680378873971622,1.4358573111879298,842792.3452625105,2.9784223941037733,0.023135435105348295,0.6876627604166666,0.08175447838440697,5.953770731849508
43,27,proposed,0.9,1.7381909158496474,0.7853146105959955,8.634982260472349,1.9703215209113396,1.4378855961303665,874390.3130338677,3.0910977199778955,0.022220579129948893,0.6847385031559964,0.08850169602048871,5.953770731849508
43,28,proposed,0.9,1.7375981675337029,0.7896680984758793,8.629630054029267,1.9717386642672334,1.435486299942114,904210.148601765,3.1996833417840596,0.022900960354132534,0.6771697070204533,0.08850169602048871,5.945744210031632
43,29,proposed,0.9,1.7379258249851461,0.7953556854637073,8.629589427883982,1.973791653678943,1.4328583017931167,938774.5602362346,3.3191814885433395,0.023761865163426446,0.6743969720297665,0.09588358912189607,5.945744210031632
43,30,proposed,0.9,1.7362743804321557,0.7943803394768508,8.623509342419112,1.9742586301763425,1.4320485055814685,969445.8516027761,3.429725458686385,0.02351089507349221,0.6706008583690987,0.09588358912189607,5.9377176882137555
47,1,proposed,0.9,2.4794372807588787,1.8025458913605896,8.848608993583248,3.5615486910726775,1.3734676692783931,24618.440630868507,0.09662241345099758,0.3751888178328089,0.20833333333333334,0.0037902074805140247,6.955892714790344
47,2,proposed,0.9,2.194845725109756,1.4992250884109688,8.767513474305654,2.8386622239903416,1.3557748256348094,49453.62177028613,0.19374333007165814,0.2594146837999862,0.2604166666666667,0.011419182896069632,6.950071645265868
47,3,proposed,0.9,1.911230357993905,1.112241328780235,8.673715505735395,2.480208293820269,1.3864948389203295,73765.12567377705,0.2896597890496873,0.23408242056788275,0.2840909090909091,0.011419182896069632,6.944250575741392
47,4,proposed,0.9,1.809789882659231,0.9273065175380567,8.628207084502025,2.1827334397719107,1.4059534184633202,96209.29503510668,0.38128137858074557,0.1918289548821859,0.3472222222222222,0.015209390376583656,6.944250575741392
47,5,proposed,0.9,1.7787133476024495,0.8753555283530056,8.613805710036294,2.044266983945519,1.4185601032127635,144262.19406044242,0.5318030463390178,0.15875176501203775,0.4200268817204301,0.01899959785709768,6.944250575741392
47,6,proposed,0.9,1.776692813799334,0.8650378480738073,8.624025268883011,1.9797844723488838,1.425075907795532,217887.3265691372,0.7411408511090157,0.11106478823885302,0.5136986301369864,0.034163159342052433,6.931766240889757
47,7,proposed,0.9,1.7881770352641502,0.8964832725753484,8.632323541454772,1.975292436982981,1.4179193268401922,278482.31987361406,0.9205093357093125,0.08256039052263593,0.6224593495934959,0.034163159342052433,6.931766240889757
47,8,proposed,0.9,1.8297820065580073,0.9902965618941152,8.639541847045525,1.9751083593076166,1.3937918768062192,328056.0646875364,1.0745289487813339,0.06609071884957687,0.6472491909385113,0.034163159342052433,6.925651134976731
47,9,proposed,0.9,1.8868271758148671,1.0955009775026685,8.651225951190694,1.983570901967397,1.3704072876481137,355447.97507171915,1.1775303426649542,0.06549106512709135,0.625,0.03724950233479914,6.9225647919839846
47,10,proposed,0.9,1.8997481464683912,1.1087410443790016,8.664712950633689,1.9854138412135645,1.370149814265304,390260.8202698352,1.2975998866206215,0.054485111592389876,0.616370808678501,0.03724950233479914,6.916449686070959
47,11,proposed,0.9,1.909282007075633,1.1176153346561442,8.671123111691907,2.0735052452909972,1.3714909137428857,414679.90032993787,1.3937637707588575,0.055363217266054414,0.6208949096880131,0.04033584532754584,6.913363343078212
47,12,proposed,0.9,1.889379804165039,1.0837377736908718,8.668345146878394,2.110701876350429,1.378755646625908,445626.8920162275,1.5049418516373232,0.05408382419641626,0.5928853754940712,0.04370945414558671,6.903874628347147
47,13,proposed,0.9,1.8602240734805051,1.0339534005648134,8.658730978191418,2.1161471921980146,1.3882984376935257,480091.7557480711,1.624211038220564,0.052698372571982954,0.5809955995599559,0.04562817112975096,6.903874628347147
47,14,proposed,0.9,1.827869693575492,0.9723189557383441,8.65833431670005,2.0790971709632893,1.4015042545839889,512996.34801132494,1.7398916004260476,0.05454795046211292,0.5624426078971534,0.050169405956374286,6.891299570623334
47,15,proposed,0.9,1.8151049350765966,0.9485517506896614,8.654134391561064,2.0607726658189187,1.405095403491533,538614.6226310374,1.8388136320513861,0.05274390485516389,0.5593675417661098,0.05325714654530657,6.885184464710309
47,16,proposed,0.9,1.7853623975607869,0.8934541049073643,8.653096037711164,1.9664949209436102,1.413311439993326,574386.4560480437,1.9610888489105,0.05173465862285635,0.5661712668082095,0.060637642050528344,6.874716228616156
47,17,proposed,0.9,1.7714413132194526,0.8635928292954761,8.64261722996931,1.9661241866053898,1.420721514163086,603562.4104601534,2.0681935440583525,0.05169797704797231,0.5767081736909323,0.060637642050528344,6.874716228616156
47,18,proposed,0.9,1.7680234294894661,0.8536638446870972,8.647585555780596,1.9657176219329837,1.4232525730310082,638476.2871611093,2.188495460470551,0.049880161896706965,0.5739795918367347,0.06467632944137619,6.86860112270313
47,19,proposed,0.9,1.7630602247518385,0.84089237752612,8.64671958059385,1.9658322625164304,1.4268633619896767,665383.2060846726,2.2903813739947463,0.04381503588995768,0.5921916010498688,0.06467632944137619,6.86522751388509
47,20,proposed,0.9,1.7649157801499675,0.8447277846751686,8.65962770099313,1.9665768932244505,1.425157552963621,692994.2685757072,2.3938868177241255,0.04359170938035612,0.5978000956480153,0.06846653692189021,6.861219229601724
47,21,proposed,0.9,1.7693486045011377,0.8577661456475104,8.652161866314335,1.966450039832308,1.4215473332898552,720162.2885162925,2.4963732635874707,0.04310048026587383,0.6028543307086615,0.07225674440240423,6.861219229601724
47,22,proposed,0.9,1.76302941230176,0.8429833059194082,8.647356356514928,1.9650153006336104,1.4244642937534095,752362.2099674501,2.6104330829251334,0.034877418824785664,0.6201312013120132,0.07785309578076416,6.851385668972896
47,23,proposed,0.9,1.7524250711795128,0.820346884792005,8.632158945191971,1.9656893395038217,1.4294788907598153,783815.4580846042,2.7227755535945874,0.036924386109034125,0.6156890130353817,0.07785309578076416,6.851385668972896
47,24,proposed,0.9,1.767909608375704,0.8508256357258994,8.654056694313358,1.9644780981302696,1.4217756191968234,803987.4225290607,2.809171071816837,0.03545489431471483,0.6237006237006237,0.07988571981795983,6.851385668972896
47,25,proposed,0.9,1.748632445347161,0.804047184382473,8.65677881256763,1.9668287565963485,1.4330019921040933,838528.09586138,2.9286146204811714,0.036027503265436855,0.6147702234812716,0.08523498888217151,6.837888669958464
47,26,proposed,0.9,1.749994022933266,0.8108724927336406,8.650965031080048,1.9661174243356714,1.430826810858649,858920.1441211841,3.015516331478721,0.03246714828551399,0.622055359246172,0.08860859770021239,6.834515061140424
47,27,proposed,0.9,1.7513029940659044,0.8169654145638965,8.643884908638666,1.9664782127221714,1.4291908071629047,881836.054435891,3.108222925202547,0.029896331437618447,0.6296641791044776,0.0912563422595019,6.834515061140424
47,28,proposed,0.9,1.7470110313475296,0.8077536029932032,8.640107228846903,1.967561572612265,1.4308856417189364,919426.9860692392,3.234682067959248,0.028266728437359806,0.6306306306306306,0.09535581533629413,6.827767843504343
47,29,proposed,0.9,1.7376395585101931,0.7892145665143027,8.625653794909512,1.9695806337989337,1.4351939051556155,941239.9298770857,3.3248518387172945,0.028385407334614685,0.6288884900693946,0.09535581533629413,6.821652737591318
47,30,proposed,0.9,1.736115139144811,0.7869611308821783,8.624609788583026,1.9689293392288887,1.4351386621975517,974685.2811895793,3.4417761467360295,0.028285361189111218,0.6283512064343163,0.10267552515557152,6.8149055199552375
