round,alive_nodes,dead_nodes,round_airtime_s,elapsed_channel_time_s,generated_round,delivered_round,channel_drops_round,energy_drops_round,route_drops_round,fallback_direct_round,generated_total,attempted_total,delivered_total,channel_drops_total,energy_drops_total,route_drops_total,pdr,goodput_bps,average_delay_s,frame_attempts,retransmissions,residual_energy_j
1,100,0,0.7331839999999993,0.7331839999999993,100,100,0,0,0,0,100,100,100,0,0,0,1.0,136391.41061452526,0.38494179371965065,256,0,49.96091640495952
2,100,0,0.7331839999999994,1.4663679999999988,100,100,0,0,0,0,200,200,200,0,0,0,1.0,136391.41061452526,0.3828797108457882,512,0,49.92479260137869
3,100,0,0.7372479999999993,2.203615999999998,100,100,0,0,0,0,300,300,300,0,0,0,1.0,136139.87191960862,0.38395971161855313,769,1,49.88498013385267
4,100,0,0.7331839999999993,2.936799999999997,100,100,0,0,0,0,400,400,400,0,0,0,1.0,136202.66957232374,0.3839761113163324,1025,1,49.847263514010145
5,100,0,0.7331839999999994,3.669983999999997,100,100,0,0,0,0,500,500,500,0,0,0,1.0,136240.3759798409,0.384306719039325,1281,1,49.81114013578502
6,100,0,0.7331839999999993,4.403167999999996,100,100,0,0,0,0,600,600,600,0,0,0,1.0,136265.52518550292,0.3847944307333541,1537,1,49.773912477228265
7,100,0,0.7331839999999993,5.136351999999996,100,100,0,0,0,0,700,700,700,0,0,0,1.0,136283.49458915598,0.3853719160963965,1793,1,49.7381925942929
8,100,0,0.7331839999999995,5.869535999999996,100,100,0,0,0,0,800,800,800,0,0,0,1.0,136296.9747523485,0.38528951013509144,2049,1,49.70151156769572
9,100,0,0.7331839999999995,6.602719999999995,100,100,0,0,0,0,900,900,900,0,0,0,1.0,136307.46116751895,0.3847671766753392,2305,1,49.665453164795764
10,100,0,0.7331839999999995,7.335903999999995,100,100,0,0,0,0,1000,1000,1000,0,0,0,1.0,136315.85146152411,0.3839368941582678,2561,1,49.627009299932055
11,100,0,0.7372479999999995,8.073151999999995,100,100,0,0,0,0,1100,1100,1100,0,0,0,1.0,136254.0925774717,0.3836989391610255,2818,2,49.58962276500315
12,100,0,0.7331839999999996,8.806335999999995,100,100,0,0,0,0,1200,1200,1200,0,0,0,1.0,136265.5251855029,0.38288602991355786,3074,2,49.55390180980251
13,100,0,0.7331839999999996,9.539519999999994,100,100,0,0,0,0,1300,1300,1300,0,0,0,1.0,136275.2004293718,0.38232155603463736,3330,2,49.51705486756496
14,100,0,0.7331839999999996,10.272703999999994,100,100,0,0,0,0,1400,1400,1400,0,0,0,1.0,136283.49458915598,0.3819522814484071,3586,2,49.47775423033627
15,100,0,0.7331839999999996,11.005887999999993,100,100,0,0,0,0,1500,1500,1500,0,0,0,1.0,136290.68367768242,0.381739165958499,3842,2,49.44159482479158
16,100,0,0.7331839999999997,11.739071999999993,100,100,0,0,0,0,1600,1600,1600,0,0,0,1.0,136296.97475234847,0.3812949298542682,4098,2,49.40538378087646
17,100,0,0.7331839999999997,12.472255999999993,100,100,0,0,0,0,1700,1700,1700,0,0,0,1.0,136302.52618291357,0.3809973004159626,4354,2,49.36933842409138
18,100,0,0.7331839999999997,13.205439999999992,100,100,0,0,0,0,1800,1800,1800,0,0,0,1.0,136307.46116751892,0.3808218430667332,4610,2,49.33280492539501
19,100,0,0.7331839999999997,13.938623999999992,100,100,0,0,0,0,1900,1900,1900,0,0,0,1.0,136311.87698297919,0.38074926772378664,4866,2,49.29448037533988
20,100,0,0.7331839999999996,14.671807999999992,100,100,0,0,0,0,2000,2000,2000,0,0,0,1.0,136315.85146152411,0.38076414176593004,5122,2,49.25860305427542
21,100,0,0.7331839999999996,15.404991999999991,100,100,0,0,0,0,2100,2100,2100,0,0,0,1.0,136319.44761801895,0.38085397256944115,5378,2,49.22205541927088
22,100,0,0.7331839999999997,16.13817599999999,100,100,0,0,0,0,2200,2200,2200,0,0,0,1.0,136322.7170158512,0.3807481751123789,5634,2,49.186077846079726
23,100,0,0.7331839999999997,16.871359999999992,100,100,0,0,0,0,2300,2300,2300,0,0,0,1.0,136325.7022551828,0.3807213096201577,5890,2,49.14995968324327
24,100,0,0.7331839999999997,17.604543999999994,100,100,0,0,0,0,2400,2400,2400,0,0,0,1.0,136328.43883942696,0.3805248428944612,6146,2,49.114236717161255
25,100,0,0.7331839999999997,18.337727999999995,100,100,0,0,0,0,2500,2500,2500,0,0,0,1.0,136330.9565939685,0.38040824713573673,6402,2,49.07764433537217
26,100,0,0.7331839999999997,19.070911999999996,100,100,0,0,0,0,2600,2600,2600,0,0,0,1.0,136333.28075762713,0.3801419987567072,6658,2,49.04119738593123
27,100,0,0.7331839999999997,19.804095999999998,100,100,0,0,0,0,2700,2700,2700,0,0,0,1.0,136335.4328316728,0.37995487391840377,6914,2,49.00537737446931
28,100,0,0.7331839999999998,20.53728,100,100,0,0,0,0,2800,2800,2800,0,0,0,1.0,136337.4312469811,0.37963382372850973,7170,2,48.96941885180665
29,100,0,0.733184,21.270464,100,100,0,0,0,0,2900,2900,2900,0,0,0,1.0,136339.29189320927,0.3791927025555358,7426,2,48.93249802468136
30,100,0,0.7331840000000001,22.003648000000002,100,100,0,0,0,0,3000,3000,3000,0,0,0,1.0,136341.02854217627,0.37864351741631164,7682,2,48.89650424144616
31,100,0,0.733184,22.736832000000003,100,100,0,0,0,0,3100,3100,3100,0,0,0,1.0,136342.65318932733,0.3781815003673393,7938,2,48.85954511769418
32,100,0,0.733184,23.470016000000005,100,100,0,0,0,0,3200,3200,3200,0,0,0,1.0,136344.17633119633,0.37779847937792704,8194,2,48.823170191324444
33,100,0,0.733184,24.203200000000006,100,100,0,0,0,0,3300,3300,3300,0,0,0,1.0,136345.60719243734,0.37748727301044877,8450,2,48.78726065220053
34,100,0,0.733184,24.936384000000007,100,100,0,0,0,0,3400,3400,3400,0,0,0,1.0,136346.95391280463,0.37724154474433885,8706,2,48.74829072996841
35,100,0,0.7331840000000001,25.66956800000001,100,100,0,0,0,0,3500,3500,3500,0,0,0,1.0,136348.2237020895,0.3768920248440321,8962,2,48.712436087634146
36,100,0,0.7331840000000001,26.40275200000001,100,100,0,0,0,0,3600,3600,3600,0,0,0,1.0,136349.42296924195,0.3764473627294412,9218,2,48.67542353525408
37,100,0,0.7331840000000001,27.13593600000001,100,100,0,0,0,0,3700,3700,3700,0,0,0,1.0,136350.55743055991,0.3760700834167814,9474,2,48.63975734789202
38,100,0,0.733184,27.869120000000013,100,100,0,0,0,0,3800,3800,3800,0,0,0,1.0,136351.6322008014,0.3757548672468611,9730,2,48.60289169720289
39,100,0,0.733184,28.602304000000014,100,100,0,0,0,0,3900,3900,3900,0,0,0,1.0,136352.65187028283,0.3754969400983634,9986,2,48.567077569830126
40,100,0,0.7331839999999998,29.335488000000016,100,100,0,0,0,0,4000,4000,4000,0,0,0,1.0,136353.6205704162,0.3752920053119715,10242,2,48.530643982689305
41,100,0,0.7331839999999998,30.068672000000017,100,100,0,0,0,0,4100,4100,4100,0,0,0,1.0,136354.5420296579,0.37513618540130894,10498,2,48.49390500479436
42,100,0,0.7331839999999998,30.80185600000002,100,100,0,0,0,0,4200,4200,4200,0,0,0,1.0,136355.4196214669,0.3748895911953831,10754,2,48.4581601368524
43,100,0,0.7331839999999998,31.53504000000002,100,100,0,0,0,0,4300,4300,4300,0,0,0,1.0,136356.2564055729,0.37469176509520985,11010,2,48.42180045458166
44,100,0,0.7331839999999998,32.26822400000002,100,100,0,0,0,0,4400,4400,4400,0,0,0,1.0,136357.05516361847,0.3745393819972422,11266,2,48.385191049764494
45,100,0,0.7331839999999998,33.00140800000002,100,100,0,0,0,0,4500,4500,4500,0,0,0,1.0,136357.81843004993,0.3744294123818951,11522,2,48.348714232413435
46,100,0,0.7372479999999999,33.73865600000002,100,100,0,0,0,0,4600,4600,4600,0,0,0,1.0,136342.12340882805,0.3743184988050656,11779,3,48.31296669163163
47,100,0,0.7331839999999998,34.47184000000002,100,100,0,0,0,0,4700,4700,4700,0,0,0,1.0,136343.1717018876,0.3741642845619586,12035,3,48.27633650324436
48,100,0,0.7331840000000001,35.20502400000002,100,100,0,0,0,0,4800,4800,4800,0,0,0,1.0,136344.17633119627,0.3739305758810504,12291,3,48.24013791737208
49,100,0,0.7331840000000001,35.938208000000024,100,100,0,0,0,0,4900,4900,4900,0,0,0,1.0,136345.13996913805,0.3737391377665443,12547,3,48.20414447013697
50,100,0,0.7331840000000001,36.671392000000026,100,100,0,0,0,0,5000,5000,5000,0,0,0,1.0,136346.06507437723,0.373472873983975,12803,3,48.16771537995771
51,100,0,1.0612159999999993,37.73260800000003,100,100,0,0,0,0,5100,5100,5100,0,0,0,1.0,136476.12166113712,0.3759357907334814,13125,3,48.109800723932395
52,100,0,1.2214079999999994,38.954016000000024,100,100,0,0,0,0,5200,5200,5200,0,0,0,1.0,136633.1009362423,0.38007338916492733,13485,3,48.039472492801
53,100,0,1.0427839999999993,39.99680000000002,100,100,0,0,0,0,5300,5300,5300,0,0,0,1.0,136701.93615489232,0.3826052940894228,13804,3,47.979562293135054
54,100,0,1.068288,41.065088000000024,100,100,0,0,0,0,5400,5400,5400,0,0,0,1.0,136814.41520349347,0.3848492795348747,14127,3,47.92053893945912
55,100,0,1.1483200000000002,42.21340800000002,100,100,0,0,0,0,5500,5500,5500,0,0,0,1.0,137044.79865733648,0.387365306231734,14462,3,47.859829607387944
56,100,0,1.0792959999999996,43.29270400000002,100,100,0,0,0,0,5600,5600,5600,0,0,0,1.0,137074.3670804207,0.3896812462709255,14788,5,47.80138464135988
57,100,0,1.1006399999999998,44.39334400000002,100,100,0,0,0,0,5700,5700,5700,0,0,0,1.0,137108.30164089458,0.3921932586152412,15116,5,47.73859413572246
58,100,0,1.0298559999999997,45.42320000000002,100,100,0,0,0,0,5800,5800,5800,0,0,0,1.0,137269.94135155596,0.3938996649895075,15426,5,47.686261236411305
59,100,0,0.9995519999999998,46.422752000000024,100,100,0,0,0,0,5900,5900,5900,0,0,0,1.0,137352.30518001167,0.39562792335008085,15732,5,47.63423159602499
60,100,0,1.0050879999999995,47.427840000000025,100,100,0,0,0,0,6000,6000,6000,0,0,0,1.0,137417.17944565884,0.39717219448099533,16041,5,47.58050184729413
61,100,0,1.1440959999999993,48.57193600000002,100,100,0,0,0,0,6100,6100,6100,0,0,0,1.0,137565.52755072387,0.39964938260032035,16383,5,47.519497451453866
62,100,0,0.9678079999999998,49.53974400000002,100,100,0,0,0,0,6200,6200,6200,0,0,0,1.0,137686.4603902676,0.40096651688920315,16688,5,47.46717734866101
63,100,0,1.0178239999999998,50.55756800000002,100,100,0,0,0,0,6300,6300,6300,0,0,0,1.0,137728.30212086145,0.4027491491326235,16998,5,47.414686607409855
64,100,0,1.1577919999999993,51.71536000000002,100,100,0,0,0,0,6400,6400,6400,0,0,0,1.0,137723.87932714762,0.4053831341301478,17344,6,47.34940549408025
65,100,0,1.0203199999999997,52.735680000000016,100,100,0,0,0,0,6500,6500,6500,0,0,0,1.0,137799.9866504044,0.406707145419303,17655,6,47.29564304146333
66,100,0,0.9540799999999997,53.689760000000014,100,100,0,0,0,0,6600,6600,6600,0,0,0,1.0,137839.76683822015,0.40767006061752104,17954,6,47.24404654302476
67,100,0,0.9954879999999997,54.685248000000016,100,100,0,0,0,0,6700,6700,6700,0,0,0,1.0,137851.29035165018,0.40904394079783635,18262,6,47.187928577477564
68,100,0,0.9753279999999999,55.66057600000001,100,100,0,0,0,0,6800,6800,6800,0,0,0,1.0,137906.87325980957,0.41011718679665377,18565,6,47.13794995486654
69,100,0,1.1068479999999996,56.76742400000001,100,100,0,0,0,0,6900,6900,6900,0,0,0,1.0,137907.82544580495,0.41211082797331455,18895,6,47.08174678870576
70,100,0,1.08112,57.84854400000001,100,100,0,0,0,0,7000,7000,7000,0,0,0,1.0,137877.83492009752,0.41374856855788905,19223,8,47.025451588195644
71,100,0,1.1835839999999995,59.03212800000001,100,100,0,0,0,0,7100,7100,7100,0,0,0,1.0,137982.0832479561,0.41668792545041305,19576,8,46.959268386808844
72,100,0,1.103296,60.13542400000001,100,100,0,0,0,0,7200,7200,7200,0,0,0,1.0,138050.67708510708,0.41842630911982365,19899,8,46.90037918423152
73,100,0,1.285439999999999,61.42086400000001,100,100,0,0,0,0,7300,7300,7300,0,0,0,1.0,138088.84225399367,0.4213136773323365,20268,8,46.83332007029
74,100,0,1.0287679999999997,62.44963200000001,100,100,0,0,0,0,7400,7400,7400,0,0,0,1.0,138167.15525241205,0.4227084053502608,20579,8,46.774639004322296
75,100,0,1.0534079999999995,63.503040000000006,100,100,0,0,0,0,7500,7500,7500,0,0,0,1.0,138164.59810427972,0.4240029731387011,20897,8,46.719478920688566
76,100,0,1.0754239999999997,64.57846400000001,100,100,0,0,0,0,7600,7600,7600,0,0,0,1.0,138199.7565008669,0.42537672387229936,21223,8,46.665264317758314
77,100,0,1.1119999999999994,65.690464,100,100,0,0,0,0,7700,7700,7700,0,0,0,1.0,138284.05900740784,0.4271174525009854,21554,9,46.60872148275305
78,100,0,1.0152319999999995,66.705696,100,100,0,0,0,0,7800,7800,7800,0,0,0,1.0,138339.25066908827,0.42794555117337507,21866,9,46.555101455406714
79,100,0,0.9532799999999992,67.658976,100,100,0,0,0,0,7900,7900,7900,0,0,0,1.0,138388.02408123942,0.4283075126725634,22162,9,46.50766487183841
80,100,0,1.0660799999999997,68.725056,100,100,0,0,0,0,8000,8000,8000,0,0,0,1.0,138378.17753105942,0.4293549491337504,22487,9,46.45113668800324
81,100,0,1.2725439999999995,69.99759999999999,100,100,0,0,0,0,8100,8100,8100,0,0,0,1.0,138391.48770815,0.4316611135689448,22857,9,46.38106599110592
82,100,0,1.0951679999999995,71.09276799999999,100,100,0,0,0,0,8200,8200,8200,0,0,0,1.0,138424.31905309975,0.4329757871881281,23185,9,46.32109545791048
83,100,0,1.4699839999999997,72.56275199999999,100,100,0,0,0,0,8300,8300,8300,0,0,0,1.0,138408.75274410762,0.43671124649069776,23596,10,46.240204853307674
84,100,0,1.131935999999999,73.69468799999999,100,100,0,0,0,0,8400,8400,8400,0,0,0,1.0,138489.22190972575,0.438554928223013,23929,10,46.17741841860465
85,100,0,1.0702079999999994,74.76489599999998,100,100,0,0,0,0,8500,8500,8500,0,0,0,1.0,138476.11049977256,0.4398636112765031,24251,10,46.12355319434576
86,100,0,1.0901439999999993,75.85503999999997,100,100,0,0,0,0,8600,8600,8600,0,0,0,1.0,138458.72337553318,0.4417078952083745,24574,10,46.066909010983885
87,100,0,1.0578879999999988,76.91292799999998,100,100,0,0,0,0,8700,8700,8700,0,0,0,1.0,138479.08637674025,0.4431215151458165,24894,11,46.00622803875958
88,100,0,1.0734399999999995,77.98636799999998,100,100,0,0,0,0,8800,8800,8800,0,0,0,1.0,138528.51821487574,0.4443873382517585,25214,11,45.94837376928523
89,100,0,1.2814399999999997,79.26780799999999,100,100,0,0,0,0,8900,8900,8900,0,0,0,1.0,138563.7912429722,0.4468264561342714,25585,11,45.8780508603255
90,100,0,1.1048319999999996,80.37263999999999,100,100,0,0,0,0,9000,9000,9000,0,0,0,1.0,138617.2209846535,0.4482677909347476,25915,11,45.81808053493265
91,100,0,1.525247999999998,81.897888,100,100,0,0,0,0,9100,9100,9100,0,0,0,1.0,138861.21214749763,0.45228881683776245,26332,11,45.74084049552788
92,100,0,1.2263999999999995,83.12428799999999,100,100,0,0,0,0,9200,9200,9200,0,0,0,1.0,139006.39966985342,0.45426666914267194,26686,11,45.67956399456585
93,100,0,1.2350719999999986,84.35936,100,100,0,0,0,0,9300,9300,9300,0,0,0,1.0,139077.11011558172,0.4563099818330216,27048,12,45.61458306643261
94,100,0,1.3640959999999984,85.723456,100,100,0,0,0,0,9400,9400,9400,0,0,0,1.0,139121.22255080336,0.45935129726491875,27433,13,45.54289874118895
95,100,0,1.220223999999999,86.94368,100,100,0,0,0,0,9500,9500,9500,0,0,0,1.0,139187.57522110865,0.4611617908617103,27790,13,45.48117818115111
96,100,0,1.3746559999999988,88.318336,100,100,0,0,0,0,9600,9600,9600,0,0,0,1.0,139227.0796406309,0.46351303583878545,28182,13,45.4100930080834
97,100,0,1.6308799999999977,89.949216,100,100,0,0,0,0,9700,9700,9700,0,0,0,1.0,139462.4273323294,0.46794707742428915,28625,13,45.32808258043472
98,100,0,1.0509759999999995,91.00019200000001,100,100,0,0,0,0,9800,9800,9800,0,0,0,1.0,139473.72770378328,0.46889935652110126,28942,13,45.27275109163472
99,100,0,0.9566719999999994,91.95686400000001,100,100,0,0,0,0,9900,9900,9900,0,0,0,1.0,139519.67740004705,0.46929128734854536,29242,13,45.223969198107014
100,100,0,0.8884159999999993,92.84528,100,100,0,0,0,0,10000,10000,10000,0,0,0,1.0,139542.17166451542,0.46916525157084926,29527,13,45.17876913399318
101,100,0,1.1824959999999989,94.027776,100,100,0,0,0,0,10100,10100,10100,0,0,0,1.0,139539.70367224255,0.47066833490856436,29869,13,45.11932133819618
102,100,0,0.9621759999999993,94.989952,100,100,0,0,0,0,10200,10200,10200,0,0,0,1.0,139573.33087188,0.4709920981742127,30167,13,45.06754375932054
103,100,0,1.3500799999999986,96.34003200000001,100,100,0,0,0,0,10300,10300,10300,0,0,0,1.0,139573.8793194505,0.4733626575071935,30551,13,44.991749175972544
104,100,0,1.1299199999999994,97.469952,100,100,0,0,0,0,10400,10400,10400,0,0,0,1.0,139582.21709188898,0.4744575183836779,30886,13,44.93312390877745
105,100,0,1.1406719999999997,98.610624,100,100,0,0,0,0,10500,10500,10500,0,0,0,1.0,139662.84200777393,0.47551234001177267,31224,13,44.87121575426221
106,100,0,1.0416959999999993,99.65232,100,100,0,0,0,0,10600,10600,10600,0,0,0,1.0,139675.6242102542,0.47610282462079956,31539,13,44.81734797324089
107,100,0,1.205919999999999,100.85824,100,100,0,0,0,0,10700,10700,10700,0,0,0,1.0,139659.2286361531,0.47773593344615056,31888,13,44.751832111425394
108,100,0,1.0817279999999994,101.939968,100,100,0,0,0,0,10800,10800,10800,0,0,0,1.0,139669.33950773854,0.47866415358807823,32213,13,44.69634542437478
109,100,0,1.1505599999999991,103.09052799999999,100,100,0,0,0,0,10900,10900,10900,0,0,0,1.0,139708.81980544323,0.4798369583329845,32551,14,44.63297202795285
110,100,0,1.020544,104.111072,100,100,0,0,0,0,11000,11000,11000,0,0,0,1.0,139720.77820887294,0.48045420514857495,32864,14,44.58145076074108
111,100,0,1.193375999999999,105.304448,100,100,0,0,0,0,11100,11100,11100,0,0,0,1.0,139749.15855406222,0.48199894229229323,33204,15,44.520832244137054
112,100,0,1.1521919999999992,106.45664,100,100,0,0,0,0,11200,11200,11200,0,0,0,1.0,139773.78959170607,0.48291390343148555,33545,15,44.45699273523511
113,100,0,1.1080319999999995,107.56467199999999,100,100,0,0,0,0,11300,11300,11300,0,0,0,1.0,139795.11786174556,0.48373102808972196,33871,15,44.398629962501325
114,100,0,1.3103039999999992,108.87497599999999,100,100,0,0,0,0,11400,11400,11400,0,0,0,1.0,139807.99407937413,0.48525468178025116,34244,15,44.330335150523425
115,100,0,1.1326399999999994,110.00761599999998,100,100,0,0,0,0,11500,11500,11500,0,0,0,1.0,139830.17321273466,0.4862567665349205,34576,15,44.274750314423294
116,100,0,1.3981119999999991,111.40572799999998,100,100,0,0,0,0,11600,11600,11600,0,0,0,1.0,139845.73575965504,0.4881781863858183,34973,15,44.20041135181549
117,100,0,1.0894719999999996,112.49519999999998,100,100,0,0,0,0,11700,11700,11700,0,0,0,1.0,139819.86786991803,0.4885437091368693,35296,15,44.145641576841555
118,100,0,1.1271999999999993,113.62239999999998,100,100,0,0,0,0,11800,11800,11800,0,0,0,1.0,139755.04830033515,0.48943067049747707,35633,15,44.089900315132546
119,100,0,1.1551039999999992,114.77750399999998,100,100,0,0,0,0,11900,11900,11900,0,0,0,1.0,139732.88702984867,0.49044600698184465,35974,15,44.02786455630075
120,100,0,1.1399679999999996,115.91747199999998,100,100,0,0,0,0,12000,12000,12000,0,0,0,1.0,139714.50309061265,0.49147013049641025,36312,15,43.9735905669026
121,100,0,1.2414719999999988,117.15894399999998,100,100,0,0,0,0,12100,12100,12100,0,0,0,1.0,139733.18161693233,0.49292519678312186,36667,15,43.907456127910045
122,100,0,1.1702400000000002,118.32918399999998,100,100,0,0,0,0,12200,12200,12200,0,0,0,1.0,139758.59074630315,0.4940035072182409,37005,15,43.84319666820534
123,100,0,1.036671999999999,119.36585599999998,100,100,0,0,0,0,12300,12300,12300,0,0,0,1.0,139738.92165612252,0.49438861065472034,37323,16,43.78993566242728
124,100,0,1.138911999999999,120.50476799999998,100,100,0,0,0,0,12400,12400,12400,0,0,0,1.0,139748.76081251825,0.49532871047712834,37661,16,43.73298552677498
125,100,0,1.0371839999999992,121.54195199999998,100,100,0,0,0,0,12500,12500,12500,0,0,0,1.0,139775.21111393705,0.49587687526428187,37973,16,43.681908090029815
126,100,0,1.0391999999999997,122.58115199999997,100,100,0,0,0,0,12600,12600,12600,0,0,0,1.0,139804.7882597808,0.4961550717185124,38289,16,43.62887133877779
127,100,0,1.0809599999999993,123.66211199999998,100,100,0,0,0,0,12700,12700,12700,0,0,0,1.0,139803.46704736858,0.4966997431883329,38614,16,43.57323849740792
128,100,0,1.1014399999999998,124.76355199999998,100,100,0,0,0,0,12800,12800,12800,0,0,0,1.0,139855.3321085312,0.497445511678674,38938,16,43.51631175847331
129,100,0,1.2462080000000002,126.00975999999997,100,100,0,0,0,0,12900,12900,12900,0,0,0,1.0,139923.6376610828,0.4986129804975662,39295,17,43.45337339965619
130,100,0,1.1720639999999993,127.18182399999998,100,100,0,0,0,0,13000,13000,13000,0,0,0,1.0,139958.48966594474,0.4993169177990854,39638,17,43.39510710956397
131,100,0,1.1168319999999992,128.29865599999997,100,100,0,0,0,0,13100,13100,13100,0,0,0,1.0,139927.63883668435,0.4996426991045209,39974,18,43.33653494811855
132,100,0,1.370559999999999,129.66921599999998,100,100,0,0,0,0,13200,13200,13200,0,0,0,1.0,139901.76357663798,0.5011792582671786,40361,18,43.2643875904899
133,100,0,1.0833279999999994,130.75254399999997,100,100,0,0,0,0,13300,13300,13300,0,0,0,1.0,139886.16542711403,0.5014050962382497,40681,19,43.209093368853075
134,100,0,1.142048,131.89459199999996,100,100,0,0,0,0,13400,13400,13400,0,0,0,1.0,139884.12807706327,0.5018310023106449,41015,19,43.14980980774106
135,100,0,1.3713919999999997,133.26598399999995,100,100,0,0,0,0,13500,13500,13500,0,0,0,1.0,139896.82468408448,0.5030677814670924,41397,19,43.08365769020793
136,100,0,1.2198079999999996,134.48579199999995,100,100,0,0,0,0,13600,13600,13600,0,0,0,1.0,139914.67589379262,0.5036940127272211,41751,19,43.012201718857085
137,100,0,1.1941759999999997,135.67996799999995,100,100,0,0,0,0,13700,13700,13700,0,0,0,1.0,139908.3466764969,0.5041885255448646,42102,19,42.95087681622941
138,100,0,1.2709119999999996,136.95087999999996,100,100,0,0,0,0,13800,13800,13800,0,0,0,1.0,139930.57948952212,0.5050900674520359,42468,19,42.88306316489873
139,100,0,1.1152319999999996,138.06611199999995,100,100,0,0,0,0,13900,13900,13900,0,0,0,1.0,139923.2854474819,0.5054613310762085,42802,19,42.81755015988672
140,100,0,1.236063999999999,139.30217599999995,100,100,0,0,0,0,14000,14000,14000,0,0,0,1.0,139962.49419678847,0.5063852634867324,43155,19,42.755583979797464
141,100,0,1.1130879999999996,140.41526399999995,100,100,0,0,0,0,14100,14100,14100,0,0,0,1.0,140010.30543232113,0.5068310850816571,43483,20,42.6939897301509
142,100,0,0.9912639999999997,141.40652799999995,100,100,0,0,0,0,14200,14200,14200,0,0,0,1.0,140044.057937693,0.5067113801797857,43792,20,42.64281934584852
143,100,0,0.979328,142.38585599999996,100,100,0,0,0,0,14300,14300,14300,0,0,0,1.0,140071.60935985105,0.5065967754823385,44095,21,42.593209000594925
144,100,0,1.0262079999999998,143.41206399999996,100,100,0,0,0,0,14400,14400,14400,0,0,0,1.0,140107.26461617625,0.5066911491837672,44407,21,42.54053732756223
145,100,0,1.26768,144.67974399999997,100,100,0,0,0,0,14500,14500,14500,0,0,0,1.0,140163.42190928955,0.5076351011792348,44775,21,42.471529333901806
146,100,0,0.9991680000000002,145.67891199999997,100,100,0,0,0,0,14600,14600,14600,0,0,0,1.0,140205.27555834578,0.5075564171174244,45078,21,42.42242037863231
147,100,0,1.1294399999999996,146.80835199999996,100,100,0,0,0,0,14700,14700,14700,0,0,0,1.0,140229.95094992965,0.5078351812757956,45415,21,42.36413104154073
148,100,0,1.0071359999999998,147.81548799999996,100,100,0,0,0,0,14800,14800,14800,0,0,0,1.0,140268.22412547193,0.5077024615958456,45721,21,42.313660559083
149,100,0,1.0793599999999994,148.89484799999997,100,100,0,0,0,0,14900,14900,14900,0,0,0,1.0,140322.86731640308,0.5077584785555669,46043,21,42.2568491227409
150,100,0,1.029664,149.92451199999996,100,100,0,0,0,0,15000,15000,15000,0,0,0,1.0,140342.414454549,0.5076498702189842,46355,21,42.204464682253956
151,100,0,1.0854399999999997,151.00995199999997,100,100,0,0,0,0,15100,15100,15100,0,0,0,1.0,140381.10547839923,0.5076861600081239,46677,21,42.14475524601597
152,100,0,0.9757439999999996,151.98569599999996,100,100,0,0,0,0,15200,15200,15200,0,0,0,1.0,140391.10627884354,0.5074037028334544,46979,21,42.09143560642502
153,100,0,1.1235839999999993,153.10927999999996,100,100,0,0,0,0,15300,15300,15300,0,0,0,1.0,140401.20886206249,0.5076454252233388,47309,21,42.033204409231345
154,100,0,1.2567359999999994,154.36601599999995,100,100,0,0,0,0,15400,15400,15400,0,0,0,1.0,140399.9699001107,0.5082678504442049,47673,21,41.964348432298685
155,100,0,1.1530559999999994,155.51907199999994,100,100,0,0,0,0,15500,15500,15500,0,0,0,1.0,140419.8193775231,0.5085961334005809,48014,22,41.9024078065577
156,100,0,1.0822399999999994,156.60131199999995,100,100,0,0,0,0,15600,15600,15600,0,0,0,1.0,140403.88116288584,0.5088023429865022,48342,22,41.847201343632555
157,100,0,1.2958399999999992,157.89715199999995,100,100,0,0,0,0,15700,15700,15700,0,0,0,1.0,140395.5911757041,0.5093917641750633,48709,22,41.77521091269328
158,100,0,1.1414400000000002,159.03859199999994,100,100,0,0,0,0,15800,15800,15800,0,0,0,1.0,140410.04588370607,0.5095412686346552,49046,22,41.715151214037995
159,100,0,1.4990399999999995,160.53763199999995,100,100,0,0,0,0,15900,15900,15900,0,0,0,1.0,140447.1195887579,0.5110379562015883,49461,23,41.63247601026822
160,100,0,1.1484159999999992,161.68604799999994,100,100,0,0,0,0,16000,16000,16000,0,0,0,1.0,140426.8103578115,0.5112210911538233,49801,24,41.571961024117215
161,100,0,1.2020479999999993,162.88809599999993,100,100,0,0,0,0,16100,16100,16100,0,0,0,1.0,140435.7504430527,0.5118617613223475,50155,25,41.509445335281534
162,100,0,1.1567999999999998,164.04489599999994,100,100,0,0,0,0,16200,16200,16200,0,0,0,1.0,140478.71382721965,0.5122938681547787,50494,25,41.45078190656553
163,100,0,1.0868159999999996,165.13171199999994,100,100,0,0,0,0,16300,16300,16300,0,0,0,1.0,140480.9271280371,0.5123621258281499,50820,25,41.393278774159974
164,100,0,1.0414399999999997,166.17315199999993,100,100,0,0,0,0,16400,16400,16400,0,0,0,1.0,140496.63088776224,0.5123389091382307,51133,25,41.338901201081555
165,100,0,0.992704,167.16585599999993,100,100,0,0,0,0,16500,16500,16500,0,0,0,1.0,140504.2426845827,0.5121169435836082,51439,25,41.28172667992493
166,100,0,1.1473919999999995,168.31324799999993,100,100,0,0,0,0,16600,16600,16600,0,0,0,1.0,140510.38929508394,0.5124419279736877,51782,26,41.21682505717138
167,100,0,2.0639359999999978,170.37718399999991,100,100,0,0,0,0,16700,16700,16700,0,0,0,1.0,140710.15518134172,0.515216513966628,52316,26,41.122764540486386
168,100,0,1.4638399999999985,171.84102399999992,100,100,0,0,0,0,16800,16800,16800,0,0,0,1.0,140854.18857839215,0.5164932387106784,52720,27,41.05713749324945
169,100,0,1.5263679999999982,173.3673919999999,100,100,0,0,0,0,16900,16900,16900,0,0,0,1.0,140984.98984168842,0.517835541618433,53140,27,40.988588875561895
170,100,0,1.6674239999999987,175.03481599999992,100,100,0,0,0,0,17000,17000,17000,0,0,0,1.0,141083.15456508956,0.5195498795541709,53591,28,40.908388072166105
171,100,0,1.651839999999999,176.6866559999999,100,100,0,0,0,0,17100,17100,17100,0,0,0,1.0,141195.04304841228,0.5211621438204325,54035,29,40.82903114346539
172,100,0,1.6516479999999985,178.3383039999999,100,100,0,0,0,0,17200,17200,17200,0,0,0,1.0,141318.42366292782,0.5228888645475793,54482,30,40.751003821638704
173,100,0,1.5069119999999994,179.8452159999999,100,100,0,0,0,0,17300,17300,17300,0,0,0,1.0,141441.18239986995,0.5241504865409246,54893,30,40.68641242256102
174,100,0,1.634495999999999,181.47971199999992,100,100,0,0,0,0,17400,17400,17400,0,0,0,1.0,141537.54001990048,0.5258612264514934,55342,30,40.613316885646555
175,100,0,1.5268479999999989,183.00655999999992,100,100,0,0,0,0,17500,17500,17500,0,0,0,1.0,141612.49738807185,0.5271699656693822,55766,30,40.543512782392355
176,100,0,1.4673599999999987,184.4739199999999,100,100,0,0,0,0,17600,17600,17600,0,0,0,1.0,141705.7977626323,0.5284445783024317,56172,31,40.47573626093823
177,100,0,1.9255039999999979,186.3994239999999,100,100,0,0,0,0,17700,17700,17700,0,0,0,1.0,141856.7473684898,0.530982707635048,56677,33,40.3917619938663
178,100,0,1.0760959999999995,187.4755199999999,100,100,0,0,0,0,17800,17800,17800,0,0,0,1.0,141844.31119326947,0.5309057209031927,56999,33,40.33436807700406
179,100,0,1.0510719999999991,188.5265919999999,100,100,0,0,0,0,17900,17900,17900,0,0,0,1.0,141831.6202310601,0.5308406048641555,57314,33,40.28087189856586
180,100,0,1.4637119999999997,189.9903039999999,100,100,0,0,0,0,18000,18000,18000,0,0,0,1.0,141836.5855133324,0.5319468718918562,57717,34,40.198433066708326
181,100,0,1.3751679999999993,191.3654719999999,100,100,0,0,0,0,18100,18100,18100,0,0,0,1.0,141802.5086573612,0.5328925852436671,58109,36,40.11936513257039
182,100,0,1.2778239999999987,192.6432959999999,100,100,0,0,0,0,18200,18200,18200,0,0,0,1.0,141800.23165716606,0.5335331773506453,58475,37,40.04634418512986
183,100,0,1.4049919999999994,194.0482879999999,100,100,0,0,0,0,18300,18300,18300,0,0,0,1.0,141826.76015157637,0.5345715387278616,58871,39,39.971053794078955
184,100,0,1.2522239999999991,195.3005119999999,100,100,0,0,0,0,18400,18400,18400,0,0,0,1.0,141818.32764473252,0.5350841474769138,59233,39,39.897896513296715
185,100,0,1.2355519999999995,196.53606399999993,100,100,0,0,0,0,18500,18500,18500,0,0,0,1.0,141832.98185924804,0.5355826523479111,59588,39,39.82502697824489
186,100,0,1.2696639999999988,197.80572799999993,100,100,0,0,0,0,18600,18600,18600,0,0,0,1.0,141848.43019308324,0.5361765315716638,59955,39,39.75479620557881
187,100,0,1.2612799999999995,199.06700799999993,100,100,0,0,0,0,18700,18700,18700,0,0,0,1.0,141836.3810441156,0.5367661417238839,60319,41,39.68095577277106
188,100,0,1.2207039999999991,200.28771199999994,100,100,0,0,0,0,18800,18800,18800,0,0,0,1.0,141833.4041381431,0.5372636172886381,60673,41,39.6129041855648
189,100,0,1.5231039999999987,201.81081599999993,100,100,0,0,0,0,18900,18900,18900,0,0,0,1.0,141801.002380368,0.538660351743565,61092,43,39.52707498764432
190,100,0,0.9965439999999994,202.80735999999993,100,100,0,0,0,0,19000,19000,19000,0,0,0,1.0,141816.62835116047,0.5385142624615387,61399,44,39.474270353938785
191,100,0,0.9747199999999991,203.78207999999992,100,100,0,0,0,0,19100,19100,19100,0,0,0,1.0,141797.90489919434,0.5383429267895334,61704,44,39.42032422288442
192,100,0,1.1213759999999997,204.90345599999992,100,100,0,0,0,0,19200,19200,19200,0,0,0,1.0,141795.98805790767,0.5385899425256128,62038,44,39.35720790781871
193,100,0,1.1954239999999992,206.09887999999992,100,100,0,0,0,0,19300,19300,19300,0,0,0,1.0,141759.45060933864,0.5389279744710237,62386,44,39.295135826709384
194,100,0,1.0477119999999995,207.1465919999999,100,100,0,0,0,0,19400,19400,19400,0,0,0,1.0,141765.6921915472,0.5388464093922516,62704,44,39.237411750882096
195,100,0,0.9650879999999995,208.11167999999992,100,100,0,0,0,0,19500,19500,19500,0,0,0,1.0,141755.65734705524,0.5386622568743988,63005,44,39.18596455019399
196,100,0,1.0592959999999996,209.1709759999999,100,100,0,0,0,0,19600,19600,19600,0,0,0,1.0,141747.84937657896,0.5386732830721989,63320,44,39.12274127377654
197,100,0,1.3861439999999996,210.5571199999999,100,100,0,0,0,0,19700,19700,19700,0,0,0,1.0,141748.89930105433,0.5395894302077154,63711,46,39.0537781266862
198,100,0,1.0546239999999993,211.6117439999999,100,100,0,0,0,0,19800,19800,19800,0,0,0,1.0,141764.19244482013,0.5396234392903226,64029,46,39.0023614586477
199,100,0,0.9494079999999997,212.5611519999999,100,100,0,0,0,0,19900,19900,19900,0,0,0,1.0,141773.52595454513,0.5394020569283159,64325,46,38.95504512647334
200,100,0,0.8904319999999993,213.4515839999999,100,100,0,0,0,0,20000,20000,20000,0,0,0,1.0,141785.9330573064,0.5389893763877857,64607,46,38.91008998963267
201,100,0,0.8804799999999996,214.33206399999992,100,100,0,0,0,0,20100,20100,20100,0,0,0,1.0,141790.56289030096,0.5385848204270495,64890,47,38.86674593657661
202,100,0,1.0213759999999998,215.35343999999992,100,100,0,0,0,0,20200,20200,20200,0,0,0,1.0,141804.4308927687,0.5385038470075981,65201,47,38.81167036888343
203,100,0,0.8806719999999997,216.23411199999993,100,100,0,0,0,0,20300,20300,20300,0,0,0,1.0,141811.8895135288,0.5380521816914104,65479,47,38.76861631335335
204,100,0,0.9956799999999998,217.22979199999992,100,100,0,0,0,0,20400,20400,20400,0,0,0,1.0,141817.78528794067,0.537982136628868,65789,47,38.71702688049696
205,100,0,1.010528,218.2403199999999,100,100,0,0,0,0,20500,20500,20500,0,0,0,1.0,141816.764198293,0.5378413368991468,66096,47,38.66008921093067
206,100,0,1.0661119999999993,219.30643199999992,100,100,0,0,0,0,20600,20600,20600,0,0,0,1.0,141822.45233920004,0.5378725868606444,66421,47,38.60441394503975
207,100,0,2.126207999999997,221.4326399999999,100,100,0,0,0,0,20700,20700,20700,0,0,0,1.0,141838.6738287545,0.5409892747933893,66963,47,38.49169999662913
208,100,0,1.8095679999999978,223.2422079999999,100,100,0,0,0,0,20800,20800,20800,0,0,0,1.0,141810.99660150296,0.543030731496485,67441,47,38.39843634837327
209,100,0,1.8172159999999986,225.0594239999999,100,100,0,0,0,0,20900,20900,20900,0,0,0,1.0,141795.9018681218,0.5448878312949503,67921,48,38.30195894005298
210,100,0,1.8485439999999993,226.9079679999999,100,100,0,0,0,0,21000,21000,21000,0,0,0,1.0,141781.71125308395,0.5468009861487994,68411,48,38.203272000230044
211,100,0,1.7041919999999988,228.6121599999999,100,100,0,0,0,0,21100,21100,21100,0,0,0,1.0,141772.51113851517,0.5483956072106541,68869,48,38.11654551683834
212,100,0,1.8200639999999988,230.4322239999999,100,100,0,0,0,0,21200,21200,21200,0,0,0,1.0,141696.29331008848,0.5501442684548816,69358,48,38.02390940148354
213,100,0,1.762815999999999,232.1950399999999,100,100,0,0,0,0,21300,21300,21300,0,0,0,1.0,141639.78696530304,0.5517263567298412,69829,49,37.936916588137834
214,100,0,2.2808319999999966,234.4758719999999,100,100,0,0,0,0,21400,21400,21400,0,0,0,1.0,141624.43119094154,0.5547901825128593,70411,50,37.81730764220631
215,100,0,1.368063999999999,235.8439359999999,100,100,0,0,0,0,21500,21500,21500,0,0,0,1.0,141628.9456770261,0.5555344549223864,70797,50,37.757656076554305
216,100,0,0.9619839999999991,236.8059199999999,100,100,0,0,0,0,21600,21600,21600,0,0,0,1.0,141597.06818140362,0.5552302803768722,71097,51,37.71053848135273
217,100,0,1.0226879999999987,237.8286079999999,100,100,0,0,0,0,21700,21700,21700,0,0,0,1.0,141586.4654936719,0.5551319514926575,71411,51,37.65918042528129
218,100,0,1.0345599999999993,238.8631679999999,100,100,0,0,0,0,21800,21800,21800,0,0,0,1.0,141551.33369075978,0.555074891678341,71729,51,37.60810224950653
219,100,0,1.1375999999999993,240.00076799999988,100,100,0,0,0,0,21900,21900,21900,0,0,0,1.0,141537.8470788894,0.5552265969832598,72065,52,37.54892061946084
220,100,0,0.9735679999999993,240.97433599999988,100,100,0,0,0,0,22000,22000,22000,0,0,0,1.0,141515.51806745105,0.5549907835085969,72368,52,37.50179845111971
221,100,0,1.200927999999999,242.17526399999988,100,100,0,0,0,0,22100,22100,22100,0,0,0,1.0,141487.31556663036,0.5554252611896726,72719,52,37.442931582069185
222,100,0,0.9617279999999994,243.13699199999988,100,100,0,0,0,0,22200,22200,22200,0,0,0,1.0,141472.2116822109,0.5552241028754192,73019,52,37.39190176023541
223,100,0,1.121215999999999,244.25820799999988,100,100,0,0,0,0,22300,22300,22300,0,0,0,1.0,141442.2233049381,0.5554525169088582,73354,52,37.33765149434611
224,100,0,0.9015359999999993,245.15974399999988,100,100,0,0,0,0,22400,22400,22400,0,0,0,1.0,141438.91421260423,0.5550795915317078,73644,52,37.29294793299539
225,100,0,1.0670399999999993,246.22678399999987,100,100,0,0,0,0,22500,22500,22500,0,0,0,1.0,141427.18121193518,0.5551179625594874,73969,52,37.24242424114628
226,100,0,1.0022399999999991,247.22902399999987,100,100,0,0,0,0,22600,22600,22600,0,0,0,1.0,141407.66902837434,0.5549446382636705,74278,52,37.19438977714636
227,100,0,1.0802879999999995,248.30931199999986,100,100,0,0,0,0,22700,22700,22700,0,0,0,1.0,141379.21657968275,0.5549397753359105,74609,52,37.14094471089776
228,100,0,1.0386879999999994,249.34799999999987,100,100,0,0,0,0,22800,22800,22800,0,0,0,1.0,141336.6379517783,0.5548599403252622,74926,52,37.09121347704474
229,100,0,1.072096,250.42009599999986,100,100,0,0,0,0,22900,22900,22900,0,0,0,1.0,141338.43315833574,0.554734916794348,75250,52,37.04255165836182
230,100,0,0.9989439999999995,251.41903999999985,100,100,0,0,0,0,23000,23000,23000,0,0,0,1.0,141317.379940676,0.5544027439134175,75560,52,36.98989957302085
231,100,0,1.0574399999999997,252.47647999999987,100,100,0,0,0,0,23100,23100,23100,0,0,0,1.0,141305.23365978495,0.5542879993585584,75880,52,36.936867034633785
232,100,0,1.141375999999999,253.61785599999988,100,100,0,0,0,0,23200,23200,23200,0,0,0,1.0,141314.56106939103,0.5542811639929016,76221,53,36.8740212734958
233,100,0,1.1267839999999991,254.74463999999986,100,100,0,0,0,0,23300,23300,23300,0,0,0,1.0,141298.0465457488,0.5542864209306259,76560,54,36.81673254260302
234,100,0,1.1912319999999996,255.93587199999988,100,100,0,0,0,0,23400,23400,23400,0,0,0,1.0,141265.79333122954,0.5543785211611383,76904,54,36.757502567870084
235,100,0,1.1008319999999996,257.0367039999999,100,100,0,0,0,0,23500,23500,23500,0,0,0,1.0,141249.7415155153,0.5543202695528537,77233,54,36.704186057070174
236,100,0,1.0996799999999998,258.13638399999985,100,100,0,0,0,0,23600,23600,23600,0,0,0,1.0,141225.37642736957,0.5542069875245051,77562,55,36.650088952004566
237,100,0,1.0613439999999992,259.19772799999987,100,100,0,0,0,0,23700,23700,23700,0,0,0,1.0,141215.15756496144,0.5540837247645768,77887,55,36.599189199491555
238,100,0,1.1161599999999996,260.31388799999985,100,100,0,0,0,0,23800,23800,23800,0,0,0,1.0,141205.31287212775,0.5540483119470865,78214,55,36.54104464193287
239,100,0,1.1539839999999997,261.46787199999983,100,100,0,0,0,0,23900,23900,23900,0,0,0,1.0,141158.54356285895,0.5540849075964993,78551,56,36.48584377325113
240,100,0,1.1921919999999997,262.6600639999998,100,100,0,0,0,0,24000,24000,24000,0,0,0,1.0,141172.70602660032,0.5542578982771544,78905,57,36.430874184171245
241,100,0,1.0816000000000001,263.7416639999998,100,100,0,0,0,0,24100,24100,24100,0,0,0,1.0,141149.54548857335,0.5541613132739238,79230,57,36.37986439648083
242,100,0,1.2438079999999991,264.9854719999998,100,100,0,0,0,0,24200,24200,24200,0,0,0,1.0,141142.56044950278,0.5544453717934189,79594,58,36.31671926091962
243,100,0,1.1924159999999993,266.17788799999977,100,100,0,0,0,0,24300,24300,24300,0,0,0,1.0,141100.4057557179,0.5544811717069145,79948,59,36.25789580060961
244,100,0,1.0938239999999995,267.27171199999975,100,100,0,0,0,0,24400,24400,24400,0,0,0,1.0,141077.07739755127,0.5544908880236464,80277,59,36.204174229781465
245,99,1,1.1670376133431,268.43874961334285,100,99,0,1,0,0,24500,24500,24499,0,1,0,0.9999591836734694,141086.6652245705,0.554695669350222,80618,59,36.14843639633763
246,98,2,1.1690687895323497,269.6078184028752,99,98,0,1,0,0,24599,24599,24597,0,2,0,0.9999186958819464,141051.22108578455,0.5547469681032514,80964,59,36.09221786019503
247,98,2,1.1689599999999996,270.7767784028752,98,98,0,0,0,0,24697,24697,24695,0,2,0,0.9999190185042718,141047.69332610708,0.5548977007797059,81308,59,36.03633217228291
248,98,2,1.1564799999999995,271.9332584028752,98,98,0,0,0,0,24795,24795,24793,0,2,0,0.9999193385763259,141066.96703927114,0.5549139358257379,81645,59,35.984537077820896
249,98,2,0.9057919999999996,272.8390504028752,98,98,0,0,0,0,24893,24893,24891,0,2,0,0.9999196561282289,141042.44954370533,0.5544975821471031,81934,59,35.94241191004634
250,98,2,0.9782079999999995,273.8172584028752,98,98,0,0,0,0,24991,24991,24989,0,2,0,0.9999199711896283,141022.5499489353,0.554235622372858,82242,59,35.895904281738694
251,98,2,0.9444800000000001,274.7617384028752,98,98,0,0,0,0,25089,25089,25087,0,2,0,0.9999202837897087,141019.6056598925,0.5538785408336876,82539,59,35.84697119589543
252,98,2,1.06848,275.83021840287523,98,98,0,0,0,0,25187,25187,25185,0,2,0,0.9999205939572001,140995.40008773239,0.553686412230942,82863,59,35.79907186159624
253,98,2,1.091488,276.92170640287526,98,98,0,0,0,0,25285,25285,25283,0,2,0,0.9999209017203876,140989.2222143068,0.5535928552144038,83192,60,35.74943554780373
254,98,2,1.2568640000000004,278.17857040287527,98,98,0,0,0,0,25383,25383,25381,0,2,0,0.999921207107119,140981.26948888312,0.5537976404707047,83556,60,35.68946553411603
255,98,2,0.9806719999999998,279.1592424028753,98,98,0,0,0,0,25481,25481,25479,0,2,0,0.9999215101448138,140969.9197535674,0.5535647340515195,83857,60,35.64568077960206
256,98,2,1.233984,280.3932264028753,98,98,0,0,0,0,25579,25579,25577,0,2,0,0.9999218108604715,140943.1765060454,0.5537751653905363,84215,61,35.589447616166034
257,98,2,1.31232,281.7055464028753,98,98,0,0,0,0,25677,25677,25675,0,2,0,0.9999221092806793,140939.67444722896,0.5541188003740606,84590,61,35.5275909261118
258,98,2,1.5314559999999988,283.2370024028753,98,98,0,0,0,0,25775,25775,25773,0,2,0,0.9999224054316198,140904.01911270496,0.5547871450707386,85021,61,35.45120911753376
259,98,2,1.122176,284.35917840287533,98,98,0,0,0,0,25873,25873,25871,0,2,0,0.9999226993390794,140888.54885928627,0.5547379968340094,85355,61,35.39979856214777
260,98,2,1.0275199999999995,285.3866984028753,98,98,0,0,0,0,25971,25971,25969,0,2,0,0.9999229910284548,140869.9432208539,0.5545538236480715,85673,62,35.35267554697224
261,98,2,0.9459200000000001,286.3326184028753,98,98,0,0,0,0,26069,26069,26067,0,2,0,0.9999232805247612,140845.7905527784,0.5542227282280797,85970,62,35.31012870784725
262,98,2,1.1109759999999997,287.4435944028753,98,98,0,0,0,0,26167,26167,26165,0,2,0,0.9999235678526388,140818.52853282823,0.5541510681921819,86309,63,35.257211990811534
263,98,2,2.0289599999999983,289.4725544028753,98,98,0,0,0,0,26265,26265,26263,0,2,0,0.9999238530363602,140724.55360761267,0.5558813663879701,86838,64,35.16156590340469
264,98,2,1.7882239999999987,291.2607784028753,98,98,0,0,0,0,26363,26363,26361,0,2,0,0.9999241360998369,140627.92877434558,0.5571948827382083,87318,65,35.0747408912232
265,98,2,1.7218559999999996,292.9826344028753,98,98,0,0,0,0,26461,26461,26459,0,2,0,0.9999244170666264,140511.31762093265,0.5584045907339756,87787,65,34.99543139733614
266,98,2,1.749919999999999,294.7325544028753,98,98,0,0,0,0,26559,26559,26557,0,2,0,0.9999246959599383,140410.00690894932,0.5596655641955062,88257,66,34.91357088594721
267,98,2,1.6218879999999987,296.3544424028753,98,98,0,0,0,0,26657,26657,26655,0,2,0,0.9999249728026409,140307.47662447247,0.5607329019914156,88700,66,34.83896592718727
268,98,2,1.6052799999999987,297.9597224028753,98,98,0,0,0,0,26755,26755,26753,0,2,0,0.9999252476172678,140206.65499048293,0.5618032547028476,89143,66,34.76180511078423
269,98,2,1.5361599999999989,299.4958824028753,98,98,0,0,0,0,26853,26853,26851,0,2,0,0.9999255204260231,140105.43204582355,0.5627757745818718,89569,67,34.690875903330756
270,98,2,1.7140159999999989,301.2098984028753,98,98,0,0,0,0,26951,26951,26949,0,2,0,0.9999257912507885,140031.01565933588,0.5638844168515076,90039,68,34.607690983435894
271,98,2,1.5939839999999987,302.8038824028753,98,98,0,0,0,0,27049,27049,27047,0,2,0,0.999926060113128,139932.02353867065,0.5645871033408034,90481,68,34.53207006316897
272,98,2,2.110655999999998,304.9145384028753,98,98,0,0,0,0,27147,27147,27145,0,2,0,0.9999263270342947,139840.20645044427,0.5662110639290642,91026,68,34.43293876565535
273,98,2,1.0389119999999994,305.95345040287526,98,98,0,0,0,0,27245,27245,27243,0,2,0,0.9999265920352358,139797.44939525626,0.566060070790336,91347,68,34.38921856141496
274,97,3,0.9946589161349929,306.94810931901026,98,97,0,1,0,0,27343,27343,27340,0,3,0,0.999890282704897,139788.5789073423,0.5658423620296795,91657,69,34.34381109737973
275,97,3,1.2014719999999992,308.1495813190103,97,97,0,0,0,0,27440,27440,27437,0,3,0,0.9998906705539359,139763.9672773524,0.5660918614953465,92012,69,34.291685562054
276,97,3,1.079072,309.2286533190103,97,97,0,0,0,0,27537,27537,27534,0,3,0,0.9998910556705524,139761.0976089424,0.5660403459688781,92345,69,34.245573985046796
277,97,3,1.1479999999999995,310.3766533190103,97,97,0,0,0,0,27634,27634,27631,0,3,0,0.9998914380835203,139756.74889250178,0.5661324654010607,92685,69,34.19692468326813
278,97,3,1.0992639999999998,311.4759173190103,97,97,0,0,0,0,27731,27731,27728,0,3,0,0.999891817821211,139740.1647441701,0.5661102767379409,93021,69,34.15290172647008
279,97,3,1.1127999999999996,312.5887173190103,97,97,0,0,0,0,27828,27828,27825,0,3,0,0.9998921949115999,139731.10857812676,0.5661014544890252,93355,69,34.10821475330767
280,97,3,1.1155839999999997,313.7043013190103,97,97,0,0,0,0,27925,27925,27922,0,3,0,0.999892569382274,139709.5029163506,0.5662184816580729,93694,69,34.06244360823785
281,97,3,1.1518079999999997,314.85610931901033,97,97,0,0,0,0,28022,28022,28019,0,3,0,0.9998929412604383,139672.89405664,0.5662525223069386,94038,69,34.016378326104004
282,97,3,1.2362879999999994,316.09239731901033,97,97,0,0,0,0,28119,28119,28116,0,3,0,0.9998933105729222,139652.73563808412,0.5664557132029587,94404,69,33.96371162455432
283,97,3,1.1083199999999995,317.2007173190103,97,97,0,0,0,0,28216,28216,28213,0,3,0,0.9998936773461866,139627.52787679664,0.5664246916711366,94747,70,33.914166221700754
284,97,3,1.4702719999999998,318.67098931901035,97,97,0,0,0,0,28313,28313,28310,0,3,0,0.9998940416063292,139576.9602217336,0.5671868576471083,95163,71,33.8479060939188
285,97,3,2.2823359999999964,320.95332531901033,97,97,0,0,0,0,28410,28410,28407,0,3,0,0.9998944033790919,139634.1102104341,0.5693388854101782,95746,71,33.755600003704224
286,97,3,1.7984319999999987,322.7517573190103,97,97,0,0,0,0,28507,28507,28504,0,3,0,0.9998947626898657,139676.95907985905,0.5706625750588953,96234,71,33.68005522404631
287,97,3,1.6511039999999988,324.4028613190103,97,97,0,0,0,0,28604,28604,28601,0,3,0,0.9998951195636974,139681.03676940233,0.571766498835571,96693,71,33.617587849420985
288,96,4,1.567389799859881,325.9702511188702,97,96,0,1,0,0,28701,28701,28697,0,4,0,0.999860632033727,139689.45891137497,0.5726580749613266,97125,71,33.557731796729904
289,96,4,1.7106239999999986,327.6808751188702,96,96,0,0,0,0,28797,28797,28793,0,4,0,0.9998610966420113,139706.26751833805,0.573813882635484,97597,71,33.48861832751038
290,96,4,1.6947199999999984,329.3755951188702,96,96,0,0,0,0,28893,28893,28889,0,4,0,0.9998615581628768,139717.98968102568,0.575033632869684,98063,71,33.421645581387054
291,96,4,1.6360319999999993,331.0116271188702,96,96,0,0,0,0,28989,28989,28985,0,4,0,0.9998620166269965,139725.2912309054,0.5761063812736246,98516,71,33.361116039893176
292,95,5,1.8473118712513907,332.8589389901216,96,95,0,1,0,0,29085,29085,29080,0,5,0,0.9998280900807976,139705.9070760905,0.5775153546820262,99016,71,33.293059986458786
293,95,5,1.7775679999999991,334.6365069901216,95,95,0,0,0,0,29180,29180,29175,0,5,0,0.9998286497601097,139672.10099219612,0.5788220233407779,99505,71,33.22576689890473
294,94,6,2.331885481267054,336.96839247138865,95,94,0,1,0,0,29275,29275,29269,0,6,0,0.999795046968403,139681.42131905287,0.5807920350430412,100109,72,33.13469187626076
295,94,6,1.0303679999999993,337.99876047138866,94,94,0,0,0,0,29369,29369,29363,0,6,0,0.9997957029520923,139643.35234298997,0.5805893878055639,100427,72,33.093368637675944
296,94,6,1.0130239999999995,339.01178447138864,94,94,0,0,0,0,29463,29463,29457,0,6,0,0.9997963547500255,139602.7458862399,0.5803993686607591,100740,72,33.05361221293467
297,94,6,1.1253439999999995,340.1371284713886,94,94,0,0,0,0,29557,29557,29551,0,6,0,0.9997970024021382,139557.40795875192,0.5802958715217659,101087,72,33.00632589922416
298,94,6,1.1240639999999993,341.2611924713886,94,94,0,0,0,0,29651,29651,29645,0,6,0,0.9997976459478601,139483.1907351751,0.5802073915990715,101427,72,32.96276455965903
299,94,6,1.2267519999999996,342.4879444713886,94,94,0,0,0,0,29745,29745,29739,0,6,0,0.999798285426122,139424.0958574503,0.5803450592304252,101791,72,32.915649962205215
300,94,6,1.323199999999999,343.81114447138856,94,94,0,0,0,0,29839,29839,29833,0,6,0,0.9997989208753645,139377.77402089944,0.5807738109114998,102170,72,32.85881081770593
301,94,6,1.162975999999999,344.9741204713886,94,94,0,0,0,0,29933,29933,29927,0,6,0,0.9997995523335449,139297.5679866557,0.5809275714027287,102527,72,32.8156106013093
302,94,6,1.0661759999999993,346.04029647138856,94,94,0,0,0,0,30027,30027,30021,0,6,0,0.9998001798381456,139242.39601957434,0.5808464527525824,102860,72,32.77256995940151
303,94,6,1.3566719999999997,347.39696847138856,94,94,0,0,0,0,30121,30121,30115,0,6,0,0.999800803426181,139157.39165116375,0.5812461104025489,103255,72,32.72024655477703
304,94,6,1.1524799999999993,348.5494484713886,94,94,0,0,0,0,30215,30215,30209,0,6,0,0.9998014231342048,139080.06514599113,0.5811975106488081,103604,72,32.676787796987426
305,94,6,1.1592639999999994,349.7087124713886,94,94,0,0,0,0,30309,30309,30303,0,6,0,0.9998020389983173,139026.5848866369,0.5813177860789017,103956,72,32.629322658758966
306,94,6,1.1274559999999991,350.8361684713886,94,94,0,0,0,0,30403,30403,30397,0,6,0,0.9998026510541723,138975.021339558,0.5812583736592195,104296,72,32.587776870017606
307,94,6,1.0004479999999998,351.8366164713886,94,94,0,0,0,0,30497,30497,30491,0,6,0,0.999803259336984,138940.17197603217,0.5810902981478153,104606,72,32.5485946478975
308,94,6,1.2085759999999994,353.0451924713886,94,94,0,0,0,0,30591,30591,30585,0,6,0,0.9998038638815337,138881.61925324504,0.5811581013438344,104966,73,32.50086247014057
309,94,6,1.1483199999999991,354.1935124713886,94,94,0,0,0,0,30685,30685,30679,0,6,0,0.999804464722177,138828.6297422573,0.5810842640948255,105312,73,32.45687236255852
310,94,6,1.0956799999999998,355.2891924713886,94,94,0,0,0,0,30779,30779,30773,0,6,0,0.999805061892849,138809.58116667604,0.581038642534175,105645,73,32.414450891650866
311,94,6,1.536415999999999,356.8256084713886,94,94,0,0,0,0,30873,30873,30867,0,6,0,0.9998056554270722,138728.7426260193,0.5815943539419106,106072,73,32.35412352663283
312,94,6,1.3871359999999997,358.2127444713886,94,94,0,0,0,0,30967,30967,30961,0,6,0,0.9998062453579617,138692.3965346749,0.5817255852061798,106467,74,32.299136349325906
313,94,6,1.0840959999999995,359.2968404713886,94,94,0,0,0,0,31061,31061,31055,0,6,0,0.9998068317182318,138627.83745788696,0.581516940532315,106797,74,32.25775905698043
314,94,6,1.0699199999999998,360.3667604713886,94,94,0,0,0,0,31155,31155,31149,0,6,0,0.9998074145402022,138568.51818042368,0.5812307432306877,107133,74,32.2151477823632
315,94,6,1.246655999999999,361.6134164713886,94,94,0,0,0,0,31249,31249,31243,0,6,0,0.9998079938558034,138501.52045993772,0.5812278502512974,107502,74,32.16666527886696
316,94,6,1.408831999999999,363.0222484713886,94,94,0,0,0,0,31343,31343,31337,0,6,0,0.9998085696965829,138464.85776466582,0.581658469086857,107906,74,32.11057162585391
317,94,6,1.0712959999999994,364.0935444713886,94,94,0,0,0,0,31437,31437,31431,0,6,0,0.9998091420937112,138430.7543084184,0.5814266073072132,108234,74,32.06617364410959
318,94,6,1.1735679999999995,365.2671124713886,94,94,0,0,0,0,31531,31531,31525,0,6,0,0.9998097110779868,138389.81467010538,0.5812989758904201,108579,74,32.0220148065151
319,94,6,1.0961919999999996,366.3633044713886,94,94,0,0,0,0,31625,31625,31619,0,6,0,0.9998102766798419,138363.04941386063,0.5811614849172073,108918,74,31.978610921445497
320,94,6,1.0477439999999993,367.4110484713886,94,94,0,0,0,0,31719,31719,31713,0,6,0,0.9998108389293483,138306.3035567836,0.580986720410536,109242,75,31.938510513577377
321,94,6,1.359647999999999,368.7706964713886,94,94,0,0,0,0,31813,31813,31807,0,6,0,0.9998113978562223,138239.46557520257,0.5812624848878724,109636,75,31.885830981193607
322,94,6,1.0095359999999998,369.7802324713886,94,94,0,0,0,0,31907,31907,31901,0,6,0,0.9998119534898298,138217.03680159425,0.5810488822712381,109950,75,31.846938284461487
323,94,6,1.071039999999999,370.8512724713886,94,94,0,0,0,0,32001,32001,31995,0,6,0,0.9998125058591919,138189.09035549767,0.5808727744258418,110279,75,31.805900973698513
324,94,6,1.0977599999999996,371.9490324713886,94,94,0,0,0,0,32095,32095,32089,0,6,0,0.9998130549929896,138163.10169849155,0.5807869959987109,110613,75,31.760734656930456
325,94,6,1.062783999999999,373.0118164713886,94,94,0,0,0,0,32189,32189,32183,0,6,0,0.9998136009195688,138117.83360474787,0.5806345577213382,110938,75,31.720847083153377
326,94,6,1.6347839999999985,374.64660047138864,94,94,0,0,0,0,32283,32283,32277,0,6,0,0.9998141436669454,138114.60703205192,0.5813070343536418,111386,75,31.65505336443918
327,94,6,1.3414719999999993,375.98807247138865,94,94,0,0,0,0,32377,32377,32371,0,6,0,0.99981468326281,138103.48732259672,0.5815051992303143,111769,76,31.60307435715493
328,94,6,1.611615999999999,377.5996884713887,94,94,0,0,0,0,32471,32471,32465,0,6,0,0.9998152197345324,138049.03338512624,0.5820473582244337,112220,76,31.544006170989846
329,94,6,1.35472,378.95440847138866,94,94,0,0,0,0,32565,32565,32559,0,6,0,0.9998157531091663,138044.59541984624,0.5822709844121371,112612,77,31.490471603396642
330,94,6,1.475743999999999,380.4301524713887,94,94,0,0,0,0,32659,32659,32653,0,6,0,0.9998162834134542,138006.78957472634,0.5825412471141896,113024,78,31.430932867360372
331,94,6,1.382208,381.8123604713887,94,94,0,0,0,0,32753,32753,32747,0,6,0,0.9998168106738314,137995.97251107916,0.5827260656122614,113423,78,31.376745452251743
332,94,6,1.399167999999999,383.21152847138865,94,94,0,0,0,0,32847,32847,32841,0,6,0,0.9998173349164308,137965.97459083854,0.5830201759757717,113825,78,31.318096226524098
333,94,6,1.1531199999999993,384.36464847138865,94,94,0,0,0,0,32941,32941,32935,0,6,0,0.9998178561670866,137943.61216845037,0.5829559398755486,114175,78,31.273592024794155
334,94,6,1.2522239999999998,385.61687247138866,94,94,0,0,0,0,33035,33035,33029,0,6,0,0.9998183744513395,137930.83186199635,0.5830521314166227,114546,79,31.224624607589256
335,94,6,1.7408959999999978,387.3577684713887,94,94,0,0,0,0,33129,33129,33123,0,6,0,0.9998188897944399,137899.08025026604,0.5838372266149198,115016,80,31.158193476964442
336,94,6,1.1376319999999998,388.4954004713887,94,94,0,0,0,0,33223,33223,33217,0,6,0,0.9998194022213527,137842.49680954422,0.5837489025966311,115360,80,31.115012116074194
337,94,6,1.0989119999999994,389.59431247138866,94,94,0,0,0,0,33317,33317,33311,0,6,0,0.9998199117567608,137814.22952354586,0.5836286880012697,115696,81,31.06911352269965
338,94,6,1.1597759999999995,390.7540884713887,94,94,0,0,0,0,33411,33411,33405,0,6,0,0.9998204184250696,137768.59049791296,0.5836514012458541,116046,81,31.02316913048832
339,94,6,1.1706559999999993,391.9247444713887,94,94,0,0,0,0,33505,33505,33499,0,6,0,0.9998209222504104,137760.18167166656,0.5836937664775187,116394,81,30.977909574279636
340,94,6,1.737567999999999,393.6623124713887,94,94,0,0,0,0,33599,33599,33593,0,6,0,0.9998214232566446,137625.20384507885,0.584636350775705,116870,81,30.91130665049875
341,94,6,1.2292479999999988,394.8915604713887,94,94,0,0,0,0,33693,33693,33687,0,6,0,0.9998219214673671,137535.98566443683,0.5848197943458375,117238,81,30.865572626412522
342,94,6,1.252031999999999,396.1435924713887,94,94,0,0,0,0,33787,33787,33781,0,6,0,0.9998224169059106,137449.06906182662,0.5849479967069279,117605,81,30.818411279962817
343,94,6,1.373951999999999,397.51754447138865,94,94,0,0,0,0,33881,33881,33875,0,6,0,0.9998229095953485,137357.76133505974,0.5852857419800914,118006,81,30.765444211858544
344,93,7,1.4485935177112241,398.9661379890999,94,93,0,1,0,0,33975,33975,33968,0,7,0,0.999793966151582,137282.66833887642,0.5856825378869924,118417,82,30.711319298014605
345,93,7,1.4922239999999984,400.4583619890999,93,93,0,0,0,0,34068,34068,34061,0,7,0,0.999794528589879,137181.3831708558,0.5863056539452767,118840,82,30.654718627890823
346,93,7,1.3584639999999992,401.8168259890999,93,93,0,0,0,0,34161,34161,34154,0,7,0,0.999795087965809,137109.9178447408,0.5867257667979657,119230,82,30.603535168277865
347,93,7,1.5151679999999998,403.33199398909994,93,93,0,0,0,0,34254,34254,34247,0,7,0,0.9997956443043148,137049.02369211466,0.5872756709601803,119653,82,30.54173843073075
348,93,7,1.6782719999999989,405.01026598909993,93,93,0,0,0,0,34347,34347,34340,0,7,0,0.9997961976300695,136951.3729844388,0.5881987978851444,120108,82,30.479465290369703
349,93,7,1.0818879999999995,406.0921539890999,93,93,0,0,0,0,34440,34440,34433,0,7,0,0.9997967479674796,136931.5793318493,0.5880874793170735,120438,82,30.436813511605166
350,93,7,1.1744639999999995,407.2666179890999,93,93,0,0,0,0,34533,34533,34526,0,7,0,0.9997972953406886,136894.4802676957,0.5880819732184764,120789,82,30.393871688693654
351,93,7,1.1412480000000003,408.40786598909995,93,93,0,0,0,0,34626,34626,34619,0,7,0,0.9997978397735805,136886.10003777954,0.5880142714544996,121134,82,30.3505456008325
352,93,7,1.067456,409.47532198909994,93,93,0,0,0,0,34719,34719,34712,0,7,0,0.9997983812897837,136867.09061673773,0.5878926960054096,121464,84,30.309914887866608
353,93,7,1.0525439999999997,410.52786598909995,93,93,0,0,0,0,34812,34812,34805,0,7,0,0.9997989199126738,136843.7776194506,0.5876882236391898,121790,84,30.269311912536754
354,92,8,1.2947929465206456,411.8226589356206,93,92,0,1,0,0,34905,34905,34897,0,8,0,0.999770806474717,136816.6194294039,0.5878128454708212,122163,84,30.2217808690961
355,92,8,1.2895679999999992,413.1122269356206,92,92,0,0,0,0,34997,34997,34989,0,8,0,0.9997714089779124,136749.92003759762,0.5880358326327872,122538,84,30.17324694584011
356,92,8,1.4026559999999995,414.51488293562056,92,92,0,0,0,0,35089,35089,35081,0,8,0,0.9997720083216962,136715.03324236887,0.5884269927174571,122945,84,30.124353518624304
357,92,8,1.025663999999999,415.54054693562057,92,92,0,0,0,0,35181,35181,35173,0,8,0,0.9997726045308547,136691.8352947159,0.5883118533905014,123264,84,30.083350094007596
358,92,8,1.3322879999999995,416.8728349356206,92,92,0,0,0,0,35273,35273,35265,0,8,0,0.9997731976299152,136692.96539507117,0.5885800707421868,123658,84,30.034615947877253
359,92,8,0.9491839999999991,417.8220189356206,92,92,0,0,0,0,35365,35365,35357,0,8,0,0.9997737876431501,136664.27668283888,0.5883610908834623,123961,84,29.999457371954108
360,92,8,1.1883519999999996,419.0103709356206,92,92,0,0,0,0,35457,35457,35449,0,8,0,0.9997743745945793,136640.5892822086,0.5883775432358089,124315,85,29.956444864299776
361,92,8,1.1985919999999992,420.2089629356206,92,92,0,0,0,0,35549,35549,35541,0,8,0,0.9997749585079749,136588.9570727541,0.5884988483693337,124671,85,29.911731161785372
362,91,9,1.1905987970904053,421.399561732711,92,91,0,1,0,0,35641,35641,35632,0,9,0,0.9997474818327208,136563.95788209682,0.5886274164690943,125024,85,29.868428112409326
363,91,9,1.2301119999999997,422.629673732711,91,91,0,0,0,0,35732,35732,35723,0,9,0,0.9997481249300347,136523.07820792327,0.5887973580777538,125388,85,29.8223780963117
364,91,9,0.9452479999999995,423.574921732711,91,91,0,0,0,0,35823,35823,35814,0,9,0,0.9997487647600704,136485.03967966486,0.5885276248908873,125694,85,29.788317190354682
365,91,9,1.0672,424.642121732711,91,91,0,0,0,0,35914,35914,35905,0,9,0,0.9997494013476639,136460.73489731303,0.5885012388542666,126023,85,29.749892342508286
366,91,9,1.176576,425.81869773271103,91,91,0,0,0,0,36005,36005,35996,0,9,0,0.9997500347174003,136442.87653256053,0.5886150186718488,126372,85,29.705256133905397
367,90,10,1.4610771352346361,427.27977486794566,91,90,0,1,0,0,36096,36096,36086,0,10,0,0.9997229609929078,136358.18830415432,0.5890273652497785,126778,85,29.652531580229656
368,90,10,1.150463999999999,428.43023886794566,90,90,0,0,0,0,36186,36186,36176,0,10,0,0.9997236500303985,136327.8562090541,0.5890958011159433,127125,86,29.6100870371672
369,90,10,0.9413759999999993,429.37161486794565,90,90,0,0,0,0,36276,36276,36266,0,10,0,0.9997243356489138,136301.32494435893,0.5888884666597433,127424,86,29.576256997792882
370,90,10,0.9808639999999998,430.35247886794565,90,90,0,0,0,0,36366,36366,36356,0,10,0,0.9997250178738382,136268.3913295056,0.5886255232316725,127734,86,29.540312228894393
371,89,11,1.2894566088821704,431.6419354768278,90,89,0,1,0,0,36456,36456,36445,0,11,0,0.9996982664033355,136192.04986433915,0.5888250529511639,128107,86,29.495237248325388
372,89,11,1.0387519999999997,432.6806874768278,89,89,0,0,0,0,36545,36545,36534,0,11,0,0.9996990012313586,136177.873673078,0.5886685293963063,128431,86,29.45855445577714
373,89,11,1.197888,433.8785754768278,89,89,0,0,0,0,36634,36634,36623,0,11,0,0.9996997324889447,136168.75167221832,0.5887522078280434,128782,86,29.41699215845163
374,89,11,1.1255679999999995,435.0041434768278,89,89,0,0,0,0,36723,36723,36712,0,11,0,0.9997004602020532,136123.85281372452,0.5887530207400962,129117,86,29.377981935847593
375,89,11,0.9645439999999994,435.96868747682777,89,89,0,0,0,0,36812,36812,36801,0,11,0,0.9997011843963924,136089.24150809224,0.5885396546806164,129420,86,29.343679424649277
376,89,11,1.3931519999999984,437.36183947682775,89,89,0,0,0,0,36901,36901,36890,0,11,0,0.9997019050974228,136115.7070109545,0.5888387785895244,129819,86,29.296416315876673
377,88,12,1.2197894643053107,438.5816289411331,89,88,0,1,0,0,36990,36990,36978,0,12,0,0.9996755879967559,136111.4922759623,0.5889095581474523,130179,86,29.25475262435054
378,88,12,1.2624639999999998,439.8440929411331,88,88,0,0,0,0,37078,37078,37066,0,12,0,0.9996763579481094,136116.04875642317,0.5890118279656007,130547,86,29.211041839811013
379,87,13,1.2944870080904596,441.1385799492236,88,87,0,1,0,0,37166,37166,37153,0,13,0,0.999650217941129,136093.52418668606,0.5891542352234502,130923,86,29.16687681839749
380,86,14,1.3324158992050887,442.4709958484287,87,86,0,1,0,0,37253,37253,37239,0,14,0,0.9996241913402948,136075.7034131683,0.5893176242704325,131308,86,29.122157300662096
381,86,14,1.349888,443.8208838484287,86,86,0,0,0,0,37339,37339,37325,0,14,0,0.9996250569110046,136062.92582803118,0.5894549475995042,131694,86,29.077635749409577
382,86,14,1.650687999999999,445.4715718484287,86,86,0,0,0,0,37425,37425,37411,0,14,0,0.999625918503674,136002.6987774073,0.5899298622347272,132149,87,29.020784092016406
383,86,14,1.469087999999999,446.9406598484287,86,86,0,0,0,0,37511,37511,37497,0,14,0,0.999626776145664,135971.50015532124,0.5901735343457035,132562,87,28.970568278402403
384,86,14,1.4204159999999992,448.3610758484287,86,86,0,0,0,0,37597,37597,37583,0,14,0,0.9996276298640849,135942.68388410463,0.5903491060984184,132967,87,28.923519242133512
385,86,14,1.2573439999999994,449.6184198484287,86,86,0,0,0,0,37683,37683,37669,0,14,0,0.9996284796857999,135914.75193698864,0.5904292192415082,133333,87,28.88081954747951
386,85,15,1.7039717071113096,451.32239155554,86,85,0,1,0,0,37769,37769,37754,0,15,0,0.9996028488972438,135914.5328211603,0.5910070568465228,133792,87,28.82396435264354
387,85,15,1.1540479999999993,452.47643955553997,85,85,0,0,0,0,37854,37854,37839,0,15,0,0.9996037406879061,135880.50697268007,0.5910075891243253,134135,87,28.78599922323898
388,85,15,1.5221119999999988,453.99855155553996,85,85,0,0,0,0,37939,37939,37924,0,15,0,0.9996046284825642,135871.39383737376,0.5914383740567848,134554,87,28.737335174477973
389,85,15,1.2937919999999994,455.29234355553996,85,85,0,0,0,0,38024,38024,38009,0,15,0,0.999605512308016,135853.0378898294,0.5916598186297876,134927,88,28.69495427065724
390,85,15,1.3261759999999996,456.61851955553993,85,85,0,0,0,0,38109,38109,38094,0,15,0,0.999606392190821,135834.35043408434,0.5918540073191062,135305,88,28.65216981177908
391,84,16,1.2983225795114555,457.9168421350514,85,84,0,1,0,0,38194,38194,38178,0,16,0,0.9995810860344557,135817.49845675615,0.5919901381131617,135680,88,28.610083738858403
392,83,17,1.2510801538626808,459.1679222889141,84,83,0,1,0,0,38278,38278,38261,0,17,0,0.9995558806625215,135810.1491261459,0.5920835469945641,136047,89,28.569694135848007
393,83,17,1.0693119999999996,460.2372342889141,83,83,0,0,0,0,38361,38361,38344,0,17,0,0.9995568415839003,135788.12695708338,0.5920086055569737,136371,89,28.535358107752693
394,83,17,1.4879359999999995,461.7251702889141,83,83,0,0,0,0,38444,38444,38427,0,17,0,0.9995577983560504,135739.70845207092,0.5924250209383715,136785,89,28.485963136097915
395,83,17,1.1426879999999995,462.86785828891414,83,83,0,0,0,0,38527,38527,38510,0,17,0,0.9995587510057882,135719.52961311198,0.5923800412160017,137122,89,28.448973540425353
396,82,18,1.2745995698905794,464.14245785880473,83,82,0,1,0,0,38610,38610,38592,0,18,0,0.9995337995337995,135695.37312003365,0.5925001523158823,137490,89,28.406086765008407
397,82,18,1.0982720000000001,465.24072985880474,82,82,0,0,0,0,38692,38692,38674,0,18,0,0.9995347875529825,135690.2178774391,0.5924830261526824,137819,89,28.37067700501578
398,82,18,1.5503999999999982,466.79112985880477,82,82,0,0,0,0,38774,38774,38756,0,18,0,0.9995357713932016,135679.35624474543,0.592973765632271,138243,89,28.321158315843224
399,82,18,1.0167039999999998,467.80783385880477,82,82,0,0,0,0,38856,38856,38838,0,18,0,0.9995367510809141,135642.4313731182,0.5928198803222281,138552,89,28.28793013470147
400,82,18,1.0813439999999996,468.88917785880477,82,82,0,0,0,0,38938,38938,38920,0,18,0,0.9995377266423545,135584.65198602623,0.5927460325638472,138874,89,28.252820752855012
401,82,18,0.9934399999999994,469.8826178588048,82,82,0,0,0,0,39020,39020,39002,0,18,0,0.9995386981035367,135532.52148419872,0.592554745474257,139181,91,28.21997796073816
402,82,18,1.030208,470.9128258588048,82,82,0,0,0,0,39102,39102,39084,0,18,0,0.9995396654902563,135510.65185710922,0.5924396097167564,139498,91,28.185736392191394
403,82,18,1.2690879999999998,472.1819138588048,82,82,0,0,0,0,39184,39184,39166,0,18,0,0.9995406288280931,135480.08960616213,0.5926119723610646,139862,91,28.144144454155487
404,82,18,1.0487359999999994,473.23064985880484,82,82,0,0,0,0,39266,39266,39248,0,18,0,0.9995415881424132,135447.38917296357,0.5925507969993513,140176,91,28.10997757708316
405,82,18,0.9859519999999994,474.21660185880484,82,82,0,0,0,0,39348,39348,39330,0,18,0,0.9995425434583715,135411.6573487646,0.5923947798689351,140476,91,28.077111137985177
406,82,18,1.0917119999999998,475.3083138588048,82,82,0,0,0,0,39430,39430,39412,0,18,0,0.999543494800913,135396.44505170034,0.5923662955387495,140799,92,28.04075381210669
407,82,18,1.4436479999999996,476.7519618588048,82,82,0,0,0,0,39512,39512,39494,0,18,0,0.9995444421947762,135326.65444826733,0.592735536003812,141207,92,27.99409292324577
408,82,18,1.3764799999999988,478.1284418588048,82,82,0,0,0,0,39594,39594,39576,0,18,0,0.9995453856644946,135325.72910420448,0.593003340973161,141591,92,27.949387824335133
409,82,18,1.1360639999999997,479.2645058588048,82,82,0,0,0,0,39676,39676,39658,0,18,0,0.9995463252343987,135293.2737712539,0.5929850958152387,141926,92,27.9113974720025
410,82,18,1.2348479999999988,480.4993538588048,82,82,0,0,0,0,39758,39758,39740,0,18,0,0.9995472609286181,135246.86657351095,0.5931296218711477,142278,92,27.871691890951855
411,82,18,1.1317439999999994,481.6310978588048,82,82,0,0,0,0,39840,39840,39822,0,18,0,0.9995481927710843,135203.4125069932,0.5931037740073809,142613,92,27.83624981118921
412,82,18,1.0731839999999992,482.70428185880485,82,82,0,0,0,0,39922,39922,39904,0,18,0,0.9995491207855318,135172.3000026871,0.5929659211158392,142935,92,27.801584262589248
413,82,18,1.2632959999999993,483.9675778588049,82,82,0,0,0,0,40004,40004,39986,0,18,0,0.9995500449955005,135132.96962855663,0.5930668293817555,143300,93,27.761780213190864
414,82,18,1.7590719999999989,485.7266498588049,82,82,0,0,0,0,40086,40086,40068,0,18,0,0.9995509654243376,135111.00537530115,0.5937849322932727,143778,93,27.704950517316277
415,82,18,1.2991999999999995,487.02584985880486,82,82,0,0,0,0,40168,40168,40150,0,18,0,0.9995518820952002,135042.80320863336,0.5940085054666331,144152,94,27.664083543863306
416,82,18,1.0498879999999993,488.07573785880487,82,82,0,0,0,0,40250,40250,40232,0,18,0,0.9995527950310559,134997.7531951425,0.5940245969916251,144469,95,27.630740306017273
417,82,18,0.9553919999999991,489.0311298588049,82,82,0,0,0,0,40332,40332,40314,0,18,0,0.9995537042546861,134954.7788891373,0.5938788235800944,144768,95,27.600056013796067
418,81,19,1.0695934792672421,490.10072333807216,82,81,0,1,0,0,40414,40414,40395,0,19,0,0.9995298658880586,134879.27858943614,0.5937756860109958,145102,95,27.566348611022374
419,81,19,1.170047999999999,491.27077133807217,81,81,0,0,0,0,40495,40495,40476,0,19,0,0.9995308062723793,134830.62267186565,0.593822724566336,145445,95,27.530901190517742
420,81,19,1.1585919999999994,492.42936333807216,81,81,0,0,0,0,40576,40576,40557,0,19,0,0.9995317429022083,134780.49227221747,0.5937562784914802,145784,95,27.49507266483651
421,81,19,1.2169279999999991,493.64629133807216,81,81,0,0,0,0,40657,40657,40638,0,19,0,0.9995326757999853,134717.819554033,0.5938897645970052,146139,95,27.45663382020905
422,81,19,1.0666879999999999,494.71297933807216,81,81,0,0,0,0,40738,40738,40719,0,19,0,0.999533604987972,134658.92908072573,0.5938073925422239,146460,95,27.422482752892467
423,81,19,1.1734719999999994,495.88645133807216,81,81,0,0,0,0,40819,40819,40800,0,19,0,0.999534530488253,134588.55312523825,0.5938491444131817,146808,97,27.386398767014768
424,81,19,1.0309119999999992,496.91736333807216,81,81,0,0,0,0,40900,40900,40881,0,19,0,0.9995354523227384,134527.5108741169,0.5937949578331775,147122,97,27.35358034371788
425,81,19,1.1596159999999993,498.07697933807214,81,81,0,0,0,0,40981,40981,40962,0,19,0,0.9995363705131647,134482.1679753549,0.5938429071447244,147458,97,27.317112754927013
426,81,19,1.1868799999999995,499.2638593380721,81,81,0,0,0,0,41062,41062,41043,0,19,0,0.9995372850810968,134432.7708578482,0.5939040595897219,147806,97,27.279952065965478
427,80,20,1.1230549091284834,500.3869142472006,81,80,0,1,0,0,41143,41143,41123,0,20,0,0.9995138905767689,134391.71586085542,0.593925848001191,148139,97,27.244565576281925
428,80,20,1.1489919999999993,501.5359062472006,80,80,0,0,0,0,41223,41223,41203,0,20,0,0.9995148339519201,134351.44156316546,0.5938476375530081,148474,97,27.210439228159373
429,80,20,1.1990719999999995,502.7349782472006,80,80,0,0,0,0,41303,41303,41283,0,20,0,0.9995157736726146,134299.9133169544,0.5938372330718991,148828,97,27.172953273190604
430,80,20,1.1039679999999994,503.8389462472006,80,80,0,0,0,0,41383,41383,41363,0,20,0,0.9995167097600464,134245.08864150912,0.5937084789700758,149156,97,27.138178443785204
431,80,20,1.007456,504.8464022472006,80,80,0,0,0,0,41463,41463,41443,0,20,0,0.9995176422352459,134201.94280561633,0.593529728309355,149469,97,27.107063411494206
432,80,20,1.3747519999999993,506.2211542472006,80,80,0,0,0,0,41543,41543,41523,0,20,0,0.9995185711190814,134135.9669193941,0.5936436499600926,149860,98,27.063902434104715
433,80,20,1.1071999999999995,507.3283542472006,80,80,0,0,0,0,41623,41623,41603,0,20,0,0.999519496432261,134079.42889558166,0.5935676117610508,150185,98,27.028992857970888
434,80,20,1.2898559999999994,508.6182102472006,80,80,0,0,0,0,41703,41703,41683,0,20,0,0.9995204181953337,134010.22343826934,0.5936645255613902,150555,98,26.987940217475217
435,80,20,1.0938559999999995,509.7120662472006,80,80,0,0,0,0,41783,41783,41763,0,20,0,0.9995213364286911,133950.68416310026,0.5935452383599442,150886,99,26.953481319610923
436,79,21,1.0859638129102127,510.7980300601108,80,79,0,1,0,0,41863,41863,41842,0,21,0,0.9994983637101975,133892.10602858363,0.5933999926318925,151214,99,26.92008627308533
437,79,21,1.0633919999999997,511.86142206011084,79,79,0,0,0,0,41942,41942,41921,0,21,0,0.9994993085689762,133842.99157429877,0.5932940713755549,151538,99,26.886803216805376
438,79,21,1.2140799999999996,513.0755020601108,79,79,0,0,0,0,42021,42021,42000,0,21,0,0.9995002498750625,133784.34893965785,0.5932719634463445,151902,100,26.848778387868983
439,79,21,0.9595519999999998,514.0350540601108,79,79,0,0,0,0,42100,42100,42079,0,21,0,0.9995011876484561,133752.06118133737,0.5930652352689417,152199,100,26.819669792398376
440,79,21,1.4356479999999994,515.4707020601109,79,79,0,0,0,0,42179,42179,42158,0,21,0,0.9995021219090069,133656.43425446475,0.593326781091013,152605,100,26.775645683161578
441,79,21,1.217279999999999,516.6879820601108,79,79,0,0,0,0,42258,42258,42237,0,21,0,0.9995030526764163,133616.77917247973,0.5934028619405943,152956,100,26.737856821863197
442,79,21,1.0423359999999997,517.7303180601108,79,79,0,0,0,0,42337,42337,42316,0,21,0,0.9995039799702388,133577.89873910867,0.5932977387798938,153275,101,26.706076743314792
443,79,21,1.042784,518.7731020601108,79,79,0,0,0,0,42416,42416,42395,0,21,0,0.9995049038098831,133539.4755913402,0.593189204684908,153584,101,26.67373799064043
444,79,21,1.0435519999999996,519.8166540601107,79,79,0,0,0,0,42495,42495,42474,0,21,0,0.9995058242146135,133509.31998414706,0.5930600084556092,153905,101,26.641408675966915
445,79,21,0.97792,520.7945740601108,79,79,0,0,0,0,42574,42574,42553,0,21,0,0.9995067412035514,133482.5273966396,0.5929300751837403,154212,102,26.611950750108157
446,79,21,1.2561919999999998,522.0507660601108,79,79,0,0,0,0,42653,42653,42632,0,21,0,0.9995076547956767,133430.8395440212,0.5930133695722772,154573,102,26.572464049071822
447,79,21,0.9535360000000004,523.0043020601108,79,79,0,0,0,0,42732,42732,42711,0,21,0,0.9995085650098287,133408.67699398138,0.5928098235561619,154869,102,26.542482366571992
448,79,21,1.2235839999999991,524.2278860601108,79,79,0,0,0,0,42811,42811,42790,0,21,0,0.9995094718647076,133331.63278533667,0.5928820189855001,155227,102,26.503105551825755
449,79,21,1.0075199999999997,525.2354060601108,79,79,0,0,0,0,42890,42890,42869,0,21,0,0.9995103753788762,133307.15940346717,0.5927430696076038,155536,102,26.471464175778955
450,79,21,1.071808,526.3072140601108,79,79,0,0,0,0,42969,42969,42948,0,21,0,0.9995112755707604,133276.33390939736,0.5926411466326135,155854,102,26.437981005538404
451,79,21,1.054208,527.3614220601108,79,79,0,0,0,0,43048,43048,43027,0,21,0,0.9995121724586508,133240.56910630598,0.5925086811511523,156171,102,26.405511592423537
452,79,21,1.0710080000000002,528.4324300601108,79,79,0,0,0,0,43127,43127,43106,0,21,0,0.9995130660607044,133187.05665357067,0.5923671997920533,156495,103,26.372550261444324
453,79,21,1.2615359999999998,529.6939660601108,79,79,0,0,0,0,43206,43206,43185,0,21,0,0.9995139563949451,133161.76607531062,0.592407218908443,156866,103,26.33436272566952
454,79,21,1.1150400000000003,530.8090060601108,79,79,0,0,0,0,43285,43285,43264,0,21,0,0.9995148434792653,133127.26648047415,0.5923641155476477,157201,103,26.300480006718125
455,79,21,1.0965120000000002,531.9055180601108,79,79,0,0,0,0,43364,43364,43343,0,21,0,0.999515727331427,133086.37266665857,0.5923224258939553,157534,104,26.266630158639366
456,79,21,1.4712319999999988,533.3767500601108,79,79,0,0,0,0,43443,43443,43422,0,21,0,0.9995166079690629,133019.02640488945,0.5925623695803066,157953,104,26.22152553635931
457,79,21,1.1809279999999995,534.5576780601108,79,79,0,0,0,0,43522,43522,43501,0,21,0,0.9995174854096779,132949.94893330906,0.5926073550134096,158301,104,26.18593161206846
458,79,21,1.26336,535.8210380601108,79,79,0,0,0,0,43601,43601,43580,0,21,0,0.9995183596706497,132892.34080430365,0.5926027675247098,158669,104,26.14780747638484
459,79,21,1.0814719999999998,536.9025100601108,79,79,0,0,0,0,43680,43680,43659,0,21,0,0.9995192307692308,132844.40780881172,0.5924786519977497,158996,104,26.113474537480514
460,79,21,1.2619839999999998,538.1644940601108,79,79,0,0,0,0,43759,43759,43738,0,21,0,0.9995200987225485,132795.10036204205,0.5925288192002314,159365,104,26.074843048122503
461,79,21,1.2105599999999999,539.3750540601108,79,79,0,0,0,0,43838,43838,43817,0,21,0,0.9995209635476071,132733.24277993268,0.5925836098523731,159724,104,26.03685536182935
462,79,21,1.1642879999999995,540.5393420601108,79,79,0,0,0,0,43917,43917,43896,0,21,0,0.9995218252612883,132675.91536755292,0.5925895734364062,160074,104,26.001060528338407
463,79,21,1.0968959999999994,541.6362380601108,79,79,0,0,0,0,43996,43996,43975,0,21,0,0.9995226838803528,132618.98475860132,0.592507189033011,160404,104,25.968972262819488
464,79,21,1.6030399999999991,543.2392780601108,79,79,0,0,0,0,44075,44075,44054,0,21,0,0.9995235394214407,132522.5824190753,0.5928826353236043,160847,104,25.91967231101576
465,79,21,1.263712,544.5029900601108,79,79,0,0,0,0,44154,44154,44133,0,21,0,0.9995243919010736,132461.7299016808,0.5928791348695704,161215,104,25.8812813791
466,79,21,1.3249280000000005,545.8279180601108,79,79,0,0,0,0,44233,44233,44212,0,21,0,0.9995252413356543,132428.60910613884,0.5930302728114628,161597,104,25.840771490525796
467,79,21,1.1714559999999998,546.9993740601109,79,79,0,0,0,0,44312,44312,44291,0,21,0,0.9995260877414696,132389.94308619067,0.5930811774818121,161944,104,25.805531643876513
468,79,21,1.1804799999999998,548.1798540601109,79,79,0,0,0,0,44391,44391,44370,0,21,0,0.9995269311346895,132332.3932149564,0.5931424939847764,162295,104,25.770003316931227
469,79,21,1.0509439999999994,549.2307980601108,79,79,0,0,0,0,44470,44470,44449,0,21,0,0.9995277715313695,132288.5611233477,0.5930667734331948,162618,104,25.738116038250375
470,79,21,1.1766079999999994,550.4074060601108,79,79,0,0,0,0,44549,44549,44528,0,21,0,0.9995286089474511,132239.61596194614,0.5931608084596264,162966,104,25.701705831301613
471,79,21,1.221024,551.6284300601109,79,79,0,0,0,0,44628,44628,44607,0,21,0,0.9995294433987632,132191.60584608346,0.593244117769048,163322,104,25.66508183230531
472,79,21,1.0374719999999997,552.6659020601109,79,79,0,0,0,0,44707,44707,44686,0,21,0,0.9995302749010222,132142.7208151821,0.5931187930786249,163640,104,25.63435067391932
473,79,21,1.137792,553.8036940601108,79,79,0,0,0,0,44786,44786,44765,0,21,0,0.9995311034698343,132098.8227139912,0.5931637855972004,163984,105,25.599099456025986
474,79,21,1.2756159999999992,555.0793100601109,79,79,0,0,0,0,44865,44865,44844,0,21,0,0.9995319291206954,132020.8746243201,0.593221987172021,164357,105,25.56080470308017
475,79,21,1.1263999999999996,556.2057100601108,79,79,0,0,0,0,44944,44944,44923,0,21,0,0.9995327518689925,131974.43800436155,0.5932002023695077,164691,105,25.52697511696228
476,79,21,1.0836479999999997,557.2893580601109,79,79,0,0,0,0,45023,45023,45002,0,21,0,0.9995335717300047,131927.9597513321,0.5931611465671693,165021,105,25.49437797585433
477,79,21,1.3590719999999994,558.6484300601109,79,79,0,0,0,0,45102,45102,45081,0,21,0,0.9995343887189038,131891.19316431606,0.5933973356472456,165413,105,25.4513569302627
478,79,21,1.2184319999999997,559.8668620601109,79,79,0,0,0,0,45181,45181,45160,0,21,0,0.9995352028507558,131835.10045299891,0.5934832223798655,165775,105,25.413720559856223
479,79,21,1.0331199999999998,560.8999820601109,79,79,0,0,0,0,45260,45260,45239,0,21,0,0.9995360141405214,131796.30302087904,0.5933869490658443,166091,105,25.383711168568155
480,79,21,1.1144319999999994,562.0144140601109,79,79,0,0,0,0,45339,45339,45318,0,21,0,0.999536822603057,131747.9803855716,0.5934157441970741,166428,106,25.349466459181603
481,79,21,1.0004799999999994,563.0148940601109,79,79,0,0,0,0,45418,45418,45397,0,21,0,0.9995376282531155,131713.37522748127,0.5933234013327412,166737,108,25.31860504120384
482,79,21,1.177664,564.192558060111,79,79,0,0,0,0,45497,45497,45476,0,21,0,0.9995384311053476,131682.02050634718,0.5933914728740375,167081,108,25.28344497041862
483,79,21,1.1546560000000001,565.347214060111,79,79,0,0,0,0,45576,45576,45555,0,21,0,0.9995392311743022,131664.36156185874,0.593384277099797,167422,108,25.247195456216126
484,79,21,1.1952639999999997,566.542478060111,79,79,0,0,0,0,45655,45655,45634,0,21,0,0.9995400284744278,131635.85589444052,0.5934430318138665,167780,108,25.20995036082843
485,79,21,1.2833279999999998,567.825806060111,79,79,0,0,0,0,45734,45734,45713,0,21,0,0.9995408230200726,131571.92787411125,0.5935348637873512,168158,108,25.170968928840193
486,79,21,1.1312959999999996,568.957102060111,79,79,0,0,0,0,45813,45813,45792,0,21,0,0.9995416148254862,131515.29303187164,0.5935090260040733,168497,109,25.13697955722458
487,79,21,1.3704639999999997,570.3275660601109,79,79,0,0,0,0,45892,45892,45871,0,21,0,0.99954240390482,131470.88877008122,0.5937088859000128,168885,109,25.094817420579457
488,79,21,1.2186879999999995,571.546254060111,79,79,0,0,0,0,45971,45971,45950,0,21,0,0.9995431902721281,131426.4514313479,0.5937131287865678,169242,109,25.05840820225858
489,79,21,1.1230079999999993,572.669262060111,79,79,0,0,0,0,46050,46050,46029,0,21,0,0.9995439739413681,131382.64087954917,0.593626542011438,169576,109,25.024111978417906
490,79,21,1.2185279999999998,573.887790060111,79,79,0,0,0,0,46129,46129,46108,0,21,0,0.999544754926402,131329.33877562662,0.593738451644525,169929,109,24.987800196436133
491,79,21,1.6024319999999992,575.490222060111,79,79,0,0,0,0,46208,46208,46187,0,21,0,0.9995455332409973,131243.43230302673,0.5940966972319651,170376,109,24.9411939733486
492,79,21,1.2924799999999992,576.782702060111,79,79,0,0,0,0,46287,46287,46266,0,21,0,0.9995463088988269,131183.2406376751,0.5942360189672237,170748,109,24.901851370096814
493,79,21,1.261312,578.044014060111,79,79,0,0,0,0,46366,46366,46345,0,21,0,0.9995470819134711,131131.81376551292,0.5943004347447667,171114,109,24.86294974608032
494,79,21,1.2493439999999991,579.2933580601109,79,79,0,0,0,0,46445,46445,46424,0,21,0,0.9995478522984175,131084.13370090877,0.5944363741747327,171476,109,24.824438513855927
495,79,21,1.1429439999999995,580.4363020601108,79,79,0,0,0,0,46524,46524,46503,0,21,0,0.9995486200670621,131032.6451499643,0.5945035471510699,171819,109,24.790509230214866
496,79,21,1.477951999999999,581.9142540601108,79,79,0,0,0,0,46603,46603,46582,0,21,0,0.9995493852327103,130943.48431638328,0.5947664096733934,172241,109,24.748447580131774
497,79,21,1.2754559999999995,583.1897100601108,79,79,0,0,0,0,46682,46682,46661,0,21,0,0.9995501478085772,130881.01981794678,0.5948472568179763,172613,109,24.711606655222237
498,79,21,1.4263679999999994,584.6160780601108,79,79,0,0,0,0,46761,46761,46740,0,21,0,0.9995509078077885,130820.15851116618,0.5951221714342115,173014,110,24.66970964754161
499,79,21,1.3820479999999995,585.9981260601108,79,79,0,0,0,0,46840,46840,46819,0,21,0,0.9995516652433817,130744.30888562406,0.5953301866258472,173414,110,24.628551340681867
500,79,21,1.2470079999999992,587.2451340601109,79,79,0,0,0,0,46919,46919,46898,0,21,0,0.9995524201283063,130684.85977807084,0.5953362595064575,173782,110,24.591412068088545
501,79,21,1.355808,588.6009420601109,79,79,0,0,0,0,46998,46998,46977,0,21,0,0.9995531724754245,130627.8167528788,0.5954271180533314,174179,110,24.55200643424406
502,79,21,1.6570559999999994,590.2579980601109,79,79,0,0,0,0,47077,47077,47056,0,21,0,0.9995539222975126,130531.11055371698,0.5957062264362829,174639,110,24.505696863951293
503,79,21,1.3606719999999994,591.618670060111,79,79,0,0,0,0,47156,47156,47135,0,21,0,0.999554669607261,130459.72330818759,0.5957717606422073,175032,110,24.465959246851927
504,79,21,1.3502399999999999,592.9689100601109,79,79,0,0,0,0,47235,47235,47214,0,21,0,0.9995554144172754,130398.02709413829,0.5958246087312309,175430,110,24.427368338743374
505,79,21,1.4283519999999994,594.397262060111,79,79,0,0,0,0,47314,47314,47293,0,21,0,0.9995561567400769,130333.56131469786,0.5960014674307307,175843,111,24.385715178421957
506,79,21,1.2855359999999996,595.6827980601109,79,79,0,0,0,0,47393,47393,47372,0,21,0,0.9995568965881038,130271.198451108,0.5960644406331974,176220,111,24.349101488961765
507,79,21,1.3800319999999995,597.062830060111,79,79,0,0,0,0,47472,47472,47451,0,21,0,0.9995576339737108,130188.36224015863,0.5961536890728114,176631,111,24.30885674371718
508,79,21,1.5729919999999997,598.635822060111,79,79,0,0,0,0,47551,47551,47530,0,21,0,0.9995583689091712,130094.93439933147,0.5964134452900394,177072,112,24.26321543979605
509,79,21,1.3323839999999996,599.968206060111,79,79,0,0,0,0,47630,47630,47609,0,21,0,0.9995591014066765,130046.10446338018,0.5965024972893026,177455,112,24.224278323117485
510,79,21,1.3482559999999997,601.316462060111,79,79,0,0,0,0,47709,47709,47688,0,21,0,0.9995598314783374,129988.19246060534,0.5965741215399255,177850,112,24.184974748482713
511,79,21,1.3551999999999997,602.671662060111,79,79,0,0,0,0,47788,47788,47767,0,21,0,0.9995605591361848,129921.82133194487,0.5966875248328105,178245,112,24.14484891075844
512,79,21,1.3348479999999996,604.0065100601109,79,79,0,0,0,0,47867,47867,47846,0,21,0,0.99956128439217,129879.3550953496,0.5967713419172753,178631,112,24.105919559815256
513,79,21,1.52704,605.533550060111,79,79,0,0,0,0,47946,47946,47925,0,21,0,0.9995620072581655,129840.38950805478,0.5970304583310448,179062,112,24.06205511399892
514,79,21,1.3179520000000002,606.851502060111,79,79,0,0,0,0,48025,48025,48004,0,21,0,0.9995627277459657,129799.1349326802,0.5971317956411912,179443,112,24.022700754771527
515,79,21,1.4707519999999998,608.3222540601109,79,79,0,0,0,0,48104,48104,48083,0,21,0,0.9995634458672875,129749.22990767432,0.5973988455035429,179862,112,23.980405811318242
516,79,21,1.2406399999999997,609.5628940601109,79,79,0,0,0,0,48183,48183,48162,0,21,0,0.9995641616337713,129685.88601819398,0.5973920239837184,180228,112,23.943933046093044
517,79,21,1.5072959999999993,611.0701900601109,79,79,0,0,0,0,48262,48262,48241,0,21,0,0.9995648750569807,129594.7884353677,0.5976367214173126,180652,112,23.900377037603615
518,79,21,1.2997439999999998,612.369934060111,79,79,0,0,0,0,48341,48341,48320,0,21,0,0.9995655861484041,129532.83887417905,0.5977588683948956,181031,112,23.861833045510554
519,79,21,1.4255359999999997,613.7954700601109,79,79,0,0,0,0,48420,48420,48399,0,21,0,0.9995662949194548,129473.60460678738,0.5979573672889194,181443,112,23.820261328346422
520,79,21,1.3864639999999995,615.181934060111,79,79,0,0,0,0,48499,48499,48478,0,21,0,0.9995670013814718,129404.25521699632,0.5980234811219317,181845,112,23.779564884788293
521,79,21,1.2595199999999995,616.4414540601109,79,79,0,0,0,0,48578,48578,48557,0,21,0,0.9995677055457203,129339.90644994043,0.598068459918961,182215,112,23.742143555077554
522,79,21,1.5036799999999992,617.945134060111,79,79,0,0,0,0,48657,48657,48636,0,21,0,0.9995684074233924,129234.29540628377,0.5983756457467547,182638,112,23.699353473386115
523,79,21,1.5250879999999996,619.4702220601109,79,79,0,0,0,0,48736,48736,48715,0,21,0,0.9995691070256073,129142.95659596224,0.598602984483437,183072,113,23.655287766841376
524,79,21,1.4572479999999999,620.927470060111,79,79,0,0,0,0,48815,48815,48794,0,21,0,0.9995698043634129,129077.49111541324,0.5988125948211075,183490,114,23.61239385664135
525,79,21,1.3870079999999996,622.314478060111,79,79,0,0,0,0,48894,48894,48873,0,21,0,0.999570499447785,128997.86656135904,0.5990128650620625,183889,114,23.571978502392763
526,79,21,1.3061439999999993,623.620622060111,79,79,0,0,0,0,48973,48973,48952,0,21,0,0.999571192289629,128933.6579896642,0.5991898572714767,184275,114,23.534580648305187
527,79,21,1.3519999999999999,624.972622060111,79,79,0,0,0,0,49052,49052,49031,0,21,0,0.9995718828997798,128868.070627666,0.5992963876723243,184667,114,23.495623509257797
528,79,21,1.4947520000000003,626.467374060111,79,79,0,0,0,0,49131,49131,49110,0,21,0,0.9995725712890029,128820.729285507,0.5995307949220211,185097,114,23.452850297288343
529,77,23,1.3419201204491553,627.8092941805601,79,77,0,2,0,0,49210,49210,49187,0,23,0,0.999532615322089,128766.40207360474,0.5996366150565576,185488,114,23.41447955138503
530,77,23,1.4386239999999992,629.2479181805601,77,77,0,0,0,0,49287,49287,49264,0,23,0,0.9995333455069288,128672.99781318751,0.5998526114521174,185909,115,23.37375560944941
531,77,23,1.2500479999999998,630.4979661805601,77,77,0,0,0,0,49364,49364,49341,0,23,0,0.9995340734138238,128625.23965188401,0.599972011522287,186280,116,23.33690671380075
532,77,23,1.2511999999999996,631.7491661805601,77,77,0,0,0,0,49441,49441,49418,0,23,0,0.9995347990534172,128573.33313327206,0.6000831123566728,186653,116,23.300417906782794
533,77,23,1.2572799999999995,633.0064461805601,77,77,0,0,0,0,49518,49518,49495,0,23,0,0.9995355224362859,128510.86823971466,0.6001648525271375,187023,116,23.2647855108542
534,77,23,1.1534079999999995,634.1598541805602,77,77,0,0,0,0,49595,49595,49572,0,23,0,0.9995362435729408,128473.3233472752,0.6001679132141848,187368,116,23.231493415373123
535,77,23,1.1794239999999994,635.3392781805602,77,77,0,0,0,0,49672,49672,49649,0,23,0,0.9995369624738283,128424.04491921201,0.60020342523802,187729,116,23.19697419504507
536,77,23,1.0980479999999992,636.4373261805601,77,77,0,0,0,0,49749,49749,49726,0,23,0,0.9995376791493297,128385.65658988182,0.6001443826928327,188065,116,23.165161359394645
537,77,23,1.0886079999999998,637.5259341805602,77,77,0,0,0,0,49826,49826,49803,0,23,0,0.9995383936097619,128347.19281682682,0.6000936166794436,188400,116,23.133711574543415
538,77,23,1.4992319999999995,639.0251661805602,77,77,0,0,0,0,49903,49903,49880,0,23,0,0.9995391058653789,128281.53308885093,0.6002593846257444,188827,116,23.091940058732376
539,77,23,1.5591999999999995,640.5843661805602,77,77,0,0,0,0,49980,49980,49957,0,23,0,0.9995398159263705,128234.28784218252,0.6005645679880252,189265,116,23.047550968779703
540,77,23,1.3943359999999996,641.9787021805602,77,77,0,0,0,0,50057,50057,50034,0,23,0,0.9995405238028647,128192.63897769232,0.6007968180916141,189663,116,23.007687686207674
541,77,23,2.3724479999999972,644.3511501805601,77,77,0,0,0,0,50134,50134,50111,0,23,0,0.9995412295049267,128139.89387132008,0.6017274348218528,190265,116,22.937934960375724
542,77,23,2.176223999999999,646.5273741805602,77,77,0,0,0,0,50211,50211,50188,0,23,0,0.9995419330425604,128071.3722368628,0.6025436046882823,190834,116,22.87451088588827
543,77,23,2.091711999999999,648.6190861805602,77,77,0,0,0,0,50288,50288,50265,0,23,0,0.9995426344257079,128010.94782598845,0.6033647314477204,191387,116,22.81335334644689
544,77,23,2.0753279999999976,650.6944141805602,77,77,0,0,0,0,50365,50365,50342,0,23,0,0.999543333664251,127967.57154410449,0.6041101649461966,191938,117,22.753585451233857
545,77,23,1.884991999999999,652.5794061805602,77,77,0,0,0,0,50442,50442,50419,0,23,0,0.9995440307680108,127926.03506844598,0.6047665327266968,192441,118,22.698572294677966
546,77,23,2.0403199999999986,654.6197261805602,77,77,0,0,0,0,50519,50519,50496,0,23,0,0.9995447257467488,127858.26740716623,0.605578773901032,192981,118,22.64000163199605
547,77,23,2.301887999999997,656.9216141805601,77,77,0,0,0,0,50596,50596,50573,0,23,0,0.9995454186101668,127806.43259048446,0.6065412841006146,193572,118,22.573094402564255
548,77,23,1.3277119999999996,658.2493261805602,77,77,0,0,0,0,50673,50673,50650,0,23,0,0.999546109367908,127753.47676836484,0.6066230898030017,193961,118,22.535089969404265
549,77,23,1.4476159999999987,659.6969421805602,77,77,0,0,0,0,50750,50750,50727,0,23,0,0.9995467980295567,127664.0387654684,0.6068624430418973,194377,118,22.494490690198063
550,77,23,1.4161599999999996,661.1131021805602,77,77,0,0,0,0,50827,50827,50804,0,23,0,0.9995474846046393,127605.10678392151,0.6070338565087102,194784,118,22.453632187023192
551,77,23,1.2191359999999989,662.3322381805602,77,77,0,0,0,0,50904,50904,50881,0,23,0,0.9995481691026246,127535.75189400959,0.6070390883764629,195150,118,22.41900274199058
552,77,23,1.552767999999999,663.8850061805603,77,77,0,0,0,0,50981,50981,50958,0,23,0,0.999548851532924,127464.1349212593,0.6073336407538793,195584,118,22.373802170215484
553,77,23,1.3646079999999994,665.2496141805602,77,77,0,0,0,0,51058,51058,51035,0,23,0,0.9995495319048925,127412.75784790507,0.6075076537195176,195978,118,22.335158767104744
554,77,23,1.2980479999999994,666.5476621805602,77,77,0,0,0,0,51135,51135,51112,0,23,0,0.9995502102278283,127352.76532558771,0.6076120392292276,196358,118,22.299338919428656
555,77,23,1.5797439999999996,668.1274061805602,77,77,0,0,0,0,51212,51212,51189,0,23,0,0.999550886510974,127284.98069875223,0.6079733122163705,196799,118,22.254308712598373
556,77,23,1.0789119999999999,669.2063181805602,77,77,0,0,0,0,51289,51289,51266,0,23,0,0.9995515607635166,127247.27440039533,0.6079221140055977,197132,118,22.223337818019637
557,77,23,1.1031679999999993,670.3094861805602,77,77,0,0,0,0,51366,51366,51343,0,23,0,0.9995522329945878,127199.14272111749,0.6078929133577256,197464,118,22.192060533700566
558,77,23,1.1378239999999997,671.4473101805602,77,77,0,0,0,0,51443,51443,51420,0,23,0,0.9995529032132652,127156.43760199235,0.607902840535124,197804,119,22.159336034806735
559,77,23,1.1631999999999993,672.6105101805601,77,77,0,0,0,0,51520,51520,51497,0,23,0,0.9995535714285714,127101.7783784712,0.607880858581559,198162,119,22.125385436471795
560,77,23,1.2688959999999991,673.8794061805602,77,77,0,0,0,0,51597,51597,51574,0,23,0,0.9995542376494757,127042.58835454183,0.6079240944629742,198535,119,22.090076933803534
561,77,23,1.1365439999999998,675.0159501805601,77,77,0,0,0,0,51674,51674,51651,0,23,0,0.9995549018848937,127005.22406480605,0.6078558491743271,198880,119,22.05727295071459
562,77,23,1.1726719999999993,676.1886221805602,77,77,0,0,0,0,51751,51751,51728,0,23,0,0.9995555641436881,126965.33065455088,0.6078367980825023,199231,119,22.023592613536803
563,77,23,1.3560959999999993,677.5447181805602,77,77,0,0,0,0,51828,51828,51805,0,23,0,0.9995562244346685,126922.3029749645,0.607917087330922,199620,119,21.984444048109513
564,77,23,1.2464,678.7911181805601,77,77,0,0,0,0,51905,51905,51882,0,23,0,0.9995568827665928,126880.17520154189,0.6078753104179551,199989,119,21.94881989780483
565,77,23,1.4922239999999993,680.2833421805601,77,77,0,0,0,0,51982,51982,51959,0,23,0,0.9995575391481667,126822.73201553842,0.6080469313228358,200409,120,21.906289143219745
566,77,23,2.205983999999998,682.48932618056,77,77,0,0,0,0,52059,52059,52036,0,23,0,0.9995581935880443,126746.25768010135,0.6087161241081749,200981,120,21.843941027959765
567,77,23,2.0574719999999993,684.54679818056,77,77,0,0,0,0,52136,52136,52113,0,23,0,0.9995588460948289,126671.02998724168,0.6093195346317817,201531,120,21.78345959898487
568,77,23,1.8285439999999993,686.37534218056,77,77,0,0,0,0,52213,52213,52190,0,23,0,0.9995594966770728,126609.51327872642,0.6097320629672541,202028,120,21.731363212128212
569,77,23,1.8248319999999991,688.20017418056,77,77,0,0,0,0,52290,52290,52267,0,23,0,0.9995601453432779,126548.56430935804,0.6101293689787698,202533,121,21.67836073560192
570,77,23,1.7882559999999992,689.98843018056,77,77,0,0,0,0,52367,52367,52344,0,23,0,0.9995607921018962,126483.08316874561,0.6105140770726519,203024,121,21.6265184539546
571,77,23,1.8113919999999986,691.79982218056,77,77,0,0,0,0,52444,52444,52421,0,23,0,0.9995614369613302,126416.45342483804,0.6109125503940551,203512,122,21.57468174138787
572,77,23,2.238943999999998,694.03876618056,77,77,0,0,0,0,52521,52521,52498,0,23,0,0.9995620799299327,126336.35507499694,0.6115942962733115,204093,122,21.5118269592809
573,77,23,1.1285120000000002,695.16727818056,77,77,0,0,0,0,52598,52598,52575,0,23,0,0.9995627210160082,126292.75680204929,0.6114790349676698,204428,123,21.479867110026373
574,77,23,1.116256,696.28353418056,77,77,0,0,0,0,52675,52675,52652,0,23,0,0.999563360227812,126249.36205543591,0.6113562809578351,204763,123,21.448397236684418
575,77,23,1.4581759999999995,697.74171018056,77,77,0,0,0,0,52752,52752,52729,0,23,0,0.9995639975735517,126202.12711264308,0.6115360062724989,205184,123,21.40652771737322
576,77,23,1.258688,699.00039818056,77,77,0,0,0,0,52829,52829,52806,0,23,0,0.9995646330613868,126138.24002032183,0.6115459066820952,205563,123,21.371841351260763
577,77,23,1.5400319999999992,700.54043018056,77,77,0,0,0,0,52906,52906,52883,0,23,0,0.9995652666994291,126050.05535118138,0.6117941913676729,206002,123,21.327517454234545
578,77,23,1.3813759999999993,701.92180618056,77,77,0,0,0,0,52983,52983,52960,0,23,0,0.999565898495744,126011.28960687596,0.611909342604722,206398,123,21.285726424986088
579,77,23,1.38624,703.30804618056,77,77,0,0,0,0,53060,53060,53037,0,23,0,0.999566528458349,125970.05320945077,0.6120592196778215,206804,123,21.246597263657044
580,77,23,1.0959999999999999,704.40404618056,77,77,0,0,0,0,53137,53137,53114,0,23,0,0.9995671565952161,125938.44751604472,0.6119484201513194,207137,124,21.215299391741205
581,76,24,1.388520468247047,705.7925666488071,77,76,0,1,0,0,53214,53214,53190,0,24,0,0.9995489908670651,125885.21358600535,0.6120942628661737,207539,125,21.17583526835229
582,76,24,1.1413119999999997,706.9338786488071,76,76,0,0,0,0,53290,53290,53266,0,24,0,0.9995496340776882,125841.37029906668,0.6120037417315904,207886,125,21.14342144995738
583,76,24,1.1830719999999997,708.1169506488071,76,76,0,0,0,0,53366,53366,53342,0,24,0,0.999550275456283,125814.55071562773,0.6119809153803741,208239,125,21.110267566078562
584,76,24,1.1024959999999993,709.2194466488071,76,76,0,0,0,0,53442,53442,53418,0,24,0,0.9995509150106657,125768.73409418663,0.6119203941305574,208577,125,21.078905824636486
585,76,24,1.1661759999999999,710.385622648807,76,76,0,0,0,0,53518,53518,53494,0,24,0,0.999551552748608,125725.65259271015,0.6119141703948945,208926,125,21.04631161810919
586,76,24,1.1365759999999996,711.522198648807,76,76,0,0,0,0,53594,53594,53570,0,24,0,0.999552188677837,125683.48839969104,0.6118633321707387,209269,125,21.014931293540894
587,75,25,2.377936269674498,713.9001349184815,76,75,0,1,0,0,53670,53670,53645,0,25,0,0.9995341904229551,125651.69217994747,0.6126826720672721,209873,127,20.947283456994807
588,75,25,1.6605439999999991,715.5606789184815,75,75,0,0,0,0,53745,53745,53720,0,25,0,0.9995348404502744,125646.42335558312,0.6129872055105543,210329,127,20.89999032257649
589,75,25,1.584287999999999,717.1449669184815,75,75,0,0,0,0,53820,53820,53795,0,25,0,0.9995354886659235,125647.35465854923,0.6132410948439245,210763,127,20.853776897354262
590,75,25,1.8794879999999985,719.0244549184815,75,75,0,0,0,0,53895,53895,53870,0,25,0,0.9995361350774654,125621.8079679091,0.6137588834259964,211273,127,20.800005544253253
591,75,25,1.7064959999999987,720.7309509184815,75,75,0,0,0,0,53970,53970,53945,0,25,0,0.9995367796924217,125612.31050869594,0.6141316833622131,211732,127,20.751336933836047
592,75,25,2.028767999999998,722.7597189184816,75,75,0,0,0,0,54045,54045,54020,0,25,0,0.9995374225182718,125573.39545127106,0.6147953773396249,212274,127,20.693907585902565
593,75,25,1.6284799999999988,724.3881989184815,75,75,0,0,0,0,54120,54120,54095,0,25,0,0.9995380635624538,125570.04122348531,0.6151314041746826,212723,127,20.64719023074677
594,75,25,2.0504319999999967,726.4386309184815,75,75,0,0,0,0,54195,54195,54170,0,25,0,0.9995387028323646,125552.39784630181,0.6157353974125324,213257,127,20.58881751304131
595,74,26,1.6492541904991576,728.0878851089807,75,74,0,1,0,0,54270,54270,54244,0,26,0,0.9995209139487746,125451.6575101757,0.616065260958689,213710,127,20.542038958801342
596,74,26,1.118271999999999,729.2061571089807,74,74,0,0,0,0,54344,54344,54318,0,26,0,0.9995215663182688,125407.13638863727,0.6159919471213015,214049,127,20.51144401037494
597,74,26,1.258399999999999,730.4645571089808,74,74,0,0,0,0,54418,54418,54392,0,26,0,0.9995222169135213,125344.47442922252,0.6160580814893569,214411,127,20.47590785100415
598,74,26,1.0378239999999996,731.5023811089808,74,74,0,0,0,0,54492,54492,54466,0,26,0,0.9995228657417603,125311.19838739594,0.6159808704315727,214735,127,20.446969552196393
599,74,26,0.9970239999999995,732.4994051089808,74,74,0,0,0,0,54566,54566,54540,0,26,0,0.9995235128101748,125267.26896979292,0.6158687422301358,215043,127,20.41954310134283
600,74,26,1.0532799999999995,733.5526851089808,74,74,0,0,0,0,54640,54640,54614,0,26,0,0.9995241581259151,125223.11466469936,0.6157740006965828,215371,127,20.39005027009274
601,74,26,1.05296,734.6056451089808,74,74,0,0,0,0,54714,54714,54688,0,26,0,0.9995248016960924,125182.36500395737,0.6156746126883014,215692,127,20.360459215403296
602,74,26,1.1039039999999998,735.7095491089807,74,74,0,0,0,0,54788,54788,54762,0,26,0,0.9995254435277798,125141.49382932909,0.6156229749654301,216031,127,20.330429243487337
603,74,26,1.2879359999999995,736.9974851089806,74,74,0,0,0,0,54862,54862,54836,0,26,0,0.9995260836280121,125081.21922067151,0.6156976874238866,216407,127,20.294450370532896
604,74,26,1.2044159999999997,738.2019011089807,74,74,0,0,0,0,54936,54936,54910,0,26,0,0.9995267220037862,125034.27024685172,0.6157427195879525,216761,127,20.260626826577905
605,74,26,1.366112,739.5680131089807,74,74,0,0,0,0,55010,55010,54984,0,26,0,0.9995273586620614,125001.79342718168,0.6158554413940566,217149,127,20.221330932444307
606,74,26,1.3526079999999994,740.9206211089808,74,74,0,0,0,0,55084,55084,55058,0,26,0,0.9995279936097596,124939.635046794,0.6159984240373783,217540,127,20.183480622605067
607,74,26,1.2276479999999994,742.1482691089808,74,74,0,0,0,0,55158,55158,55132,0,26,0,0.9995286268537655,124900.81006493355,0.6160393271252256,217903,127,20.149738471991903
608,74,26,1.2999999999999994,743.4482691089808,74,74,0,0,0,0,55232,55232,55206,0,26,0,0.999529258400927,124835.45642150838,0.6161059884730591,218279,127,20.11367361403368
609,74,26,1.1534719999999998,744.6017411089807,74,74,0,0,0,0,55306,55306,55280,0,26,0,0.9995298882580552,124784.26905316747,0.6160821454472195,218625,127,20.081496568747607
610,74,26,1.6152319999999987,746.2169731089807,74,74,0,0,0,0,55380,55380,55354,0,26,0,0.9995305164319249,124791.12557843169,0.6163321241668372,219070,127,20.03644242724166
611,74,26,1.6126079999999992,747.8295811089807,74,74,0,0,0,0,55454,55454,55428,0,26,0,0.9995311429292747,124759.0017255598,0.6166537500485232,219513,127,19.991281201550642
612,74,26,1.3368959999999994,749.1664771089808,74,74,0,0,0,0,55528,55528,55502,0,26,0,0.9995317677568074,124752.84313396252,0.6167236421455198,219896,127,19.954585227842426
613,74,26,1.4304959999999993,750.5969731089807,74,74,0,0,0,0,55602,55602,55576,0,26,0,0.9995323909211898,124726.02389032985,0.6168868975695957,220299,128,19.915010882353396
614,74,26,1.323488,751.9204611089807,74,74,0,0,0,0,55676,55676,55650,0,26,0,0.9995330124290538,124708.8606442499,0.6169730844194433,220686,130,19.878840949630124
615,74,26,1.4240319999999993,753.3444931089807,74,74,0,0,0,0,55750,55750,55724,0,26,0,0.9995336322869955,124674.01150354322,0.6170687582449854,221092,130,19.839553452605998
616,74,26,1.3539519999999994,754.6984451089808,74,74,0,0,0,0,55824,55824,55798,0,26,0,0.9995342505015764,124648.94900693173,0.6171310307416201,221483,130,19.801345956943287
617,74,26,1.3788799999999997,756.0773251089807,74,74,0,0,0,0,55898,55898,55872,0,26,0,0.999534867079323,124631.7074598389,0.6171777803229659,221881,130,19.7627472674465
618,74,26,1.712543999999999,757.7898691089807,74,74,0,0,0,0,55972,55972,55946,0,26,0,0.9995354820267276,124643.78827214993,0.6174729687698335,222343,132,19.714531544658616
619,74,26,1.1684799999999997,758.9583491089808,74,74,0,0,0,0,56046,56046,56020,0,26,0,0.999536095350248,124603.97083848479,0.6173481579261219,222692,132,19.682019288951945
620,74,26,1.2223999999999997,760.1807491089808,74,74,0,0,0,0,56120,56120,56094,0,26,0,0.9995367070563079,124542.74869624097,0.617290647410066,223055,132,19.64796001818344
621,74,26,1.1916159999999998,761.3723651089807,74,74,0,0,0,0,56194,56194,56168,0,26,0,0.9995373171512973,124498.7555943563,0.6172216917862885,223405,132,19.61481991274302
622,74,26,1.2006719999999995,762.5730371089808,74,74,0,0,0,0,56268,56268,56242,0,26,0,0.9995379256415725,124460.04170278086,0.6172175446232933,223763,132,19.582284982712206
623,74,26,1.223872,763.7969091089808,74,74,0,0,0,0,56342,56342,56316,0,26,0,0.9995385325334564,124422.64542660033,0.6171739169189726,224125,133,19.547932796339957
624,74,26,1.216511999999999,765.0134211089808,74,74,0,0,0,0,56416,56416,56390,0,26,0,0.9995391378332388,124372.50037008931,0.6171659805278777,224480,133,19.51385889639201
625,74,26,1.0600319999999996,766.0734531089807,74,74,0,0,0,0,56490,56490,56464,0,26,0,0.9995397415471765,124329.27888763495,0.6170514511661581,224804,133,19.483340464051544
626,74,26,1.306048,767.3795011089808,74,74,0,0,0,0,56564,56564,56538,0,26,0,0.9995403436814936,124298.8636810795,0.6171377471361801,225183,133,19.44630961361722
627,74,26,1.0825919999999993,768.4620931089808,74,74,0,0,0,0,56638,56638,56612,0,26,0,0.9995409442423815,124261.04664925605,0.6170994520658741,225515,133,19.41473290499324
628,74,26,1.0244479999999994,769.4865411089808,74,74,0,0,0,0,56712,56712,56686,0,26,0,0.9995415432359994,124223.57363422945,0.6169900103189242,225837,133,19.386538486683964
629,74,26,1.3742079999999994,770.8607491089807,74,74,0,0,0,0,56786,56786,56760,0,26,0,0.9995421406684746,124171.01287183032,0.6171433706420792,226233,133,19.348536586673625
630,74,26,2.3152319999999977,773.1759811089807,74,74,0,0,0,0,56860,56860,56834,0,26,0,0.9995427365459022,124134.03719854016,0.6178651843281091,226825,133,19.283643139034233
631,74,26,1.562687999999999,774.7386691089807,74,74,0,0,0,0,56934,56934,56908,0,26,0,0.9995433308743458,124113.45894298458,0.6180804623358654,227262,133,19.239579215718596
632,74,26,1.6839999999999995,776.4226691089807,74,74,0,0,0,0,57008,57008,56982,0,26,0,0.9995439236598372,124084.45532709864,0.6184246985963927,227718,133,19.191984033810137
633,73,27,1.6358906586851762,778.0585597676659,74,73,0,1,0,0,57082,57082,57055,0,27,0,0.9995269962510073,124052.595769683,0.6186705017863565,228170,133,19.146432978361037
634,73,27,1.3401599999999998,779.3987197676659,73,73,0,0,0,0,57155,57155,57128,0,27,0,0.9995276003849182,124042.66718428707,0.6186901337307947,228556,133,19.108541603864477
635,73,27,1.396448,780.7951677676658,73,73,0,0,0,0,57228,57228,57201,0,27,0,0.9995282029775634,124031.64875735603,0.6187519246174885,228955,133,19.069078179276307
636,73,27,1.5249919999999986,782.3201597676658,73,73,0,0,0,0,57301,57301,57274,0,27,0,0.9995288040348336,124000.00535434169,0.6189354903201887,229382,134,19.02591489321621
637,73,27,1.6802559999999995,784.0004157676658,73,73,0,0,0,0,57374,57374,57347,0,27,0,0.9995294035625893,123950.20977743699,0.619210492906222,229842,134,18.979223859425204
638,72,28,1.7490844114216055,785.7495001790874,73,72,0,1,0,0,57447,57447,57419,0,28,0,0.9995125942172786,123902.93850369685,0.6195399766950568,230318,134,18.93020706699682
639,72,28,2.2463679999999977,787.9958681790873,72,72,0,0,0,0,57519,57519,57491,0,28,0,0.9995132043324815,123858.77127190528,0.6202517312630391,230892,138,18.86713790176278
640,72,28,0.9989759999999991,788.9948441790873,72,72,0,0,0,0,57591,57591,57563,0,28,0,0.999513812922158,123815.47068490884,0.6201692390277391,231202,139,18.838480395213622
641,72,28,1.3474559999999998,790.3423001790873,72,72,0,0,0,0,57663,57663,57635,0,28,0,0.9995144199920226,123743.30461350626,0.6202980052105252,231592,139,18.800464467240957
642,72,28,1.2083519999999994,791.5506521790873,72,72,0,0,0,0,57735,57735,57707,0,28,0,0.9995150255477613,123687.11431223636,0.6202588563959381,231948,139,18.76758259742892
643,72,28,1.1558399999999998,792.7064921790873,72,72,0,0,0,0,57807,57807,57779,0,28,0,0.9995156295950317,123638.99244798646,0.620196053967198,232289,140,18.735301683777916
644,72,28,1.2403519999999995,793.9468441790873,72,72,0,0,0,0,57879,57879,57851,0,28,0,0.9995162321394634,123590.71229945777,0.6201888562369682,232661,140,18.701430852640204
645,72,28,1.8849919999999982,795.8318361790873,72,72,0,0,0,0,57951,57951,57923,0,28,0,0.9995168331866577,123572.33718138133,0.6206654060418693,233157,140,18.648937579319213
646,72,28,1.3121599999999993,797.1439961790873,72,72,0,0,0,0,58023,58023,57995,0,28,0,0.9995174327421884,123567.81769936404,0.6207497005229498,233534,140,18.61254092301691
647,72,28,1.3220479999999992,798.4660441790872,72,72,0,0,0,0,58095,58095,58067,0,28,0,0.9995180308116017,123555.51086887896,0.620832371877091,233917,140,18.576112443246096
648,72,28,1.325471999999999,799.7915161790872,72,72,0,0,0,0,58167,58167,58139,0,28,0,0.9995186274004161,123536.13410657416,0.620926264334427,234302,140,18.53785075025965
649,72,28,1.2968639999999991,801.0883801790873,72,72,0,0,0,0,58239,58239,58211,0,28,0,0.9995192225141228,123518.05674410042,0.6209883616821115,234683,140,18.50219014840563
650,72,28,1.2809599999999992,802.3693401790873,72,72,0,0,0,0,58311,58311,58283,0,28,0,0.9995198161581863,123495.21727473232,0.6210636177605695,235063,140,18.466898295195037
651,72,28,1.3828479999999996,803.7521881790873,72,72,0,0,0,0,58383,58383,58355,0,28,0,0.9995204083380436,123477.81997936744,0.6211856637840745,235461,140,18.428690463131293
652,72,28,1.476895999999999,805.2290841790873,72,72,0,0,0,0,58455,58455,58427,0,28,0,0.9995209990591053,123440.3003479857,0.6213658565065897,235879,140,18.387902483542216
653,72,28,1.8241279999999984,807.0532121790873,72,72,0,0,0,0,58527,58527,58499,0,28,0,0.9995215883267552,123427.02376593204,0.621756406812762,236374,141,18.337622523633044
654,72,28,1.0188479999999993,808.0720601790873,72,72,0,0,0,0,58599,58599,58571,0,28,0,0.9995221761463506,123383.81799502327,0.6216349672388622,236693,141,18.309882148491354
655,72,28,1.2759039999999986,809.3479641790873,72,72,0,0,0,0,58671,58671,58643,0,28,0,0.9995227625232227,123320.68333703108,0.6216882947013042,237066,142,18.275459145605858
656,72,28,1.0545279999999997,810.4024921790873,72,72,0,0,0,0,58743,58743,58715,0,28,0,0.9995233474626765,123285.86963170527,0.6215330352030213,237392,142,18.24640635358291
657,72,28,1.1165439999999993,811.5190361790873,72,72,0,0,0,0,58815,58815,58787,0,28,0,0.9995239309699907,123250.69843207889,0.6214090090992394,237735,142,18.216224529197824
658,72,28,1.1979199999999997,812.7169561790872,72,72,0,0,0,0,58887,58887,58859,0,28,0,0.9995245130504186,123209.35011713325,0.6213887905983454,238094,142,18.182821176854688
659,72,28,2.1299519999999985,814.8469081790872,72,72,0,0,0,0,58959,58959,58931,0,28,0,0.9995250937091877,123160.21450491113,0.6219747212446431,238650,142,18.12296727682227
660,72,28,1.5444799999999996,816.3913881790872,72,72,0,0,0,0,59031,59031,59003,0,28,0,0.9995256729515001,123104.44408797899,0.6221844665870472,239076,142,18.078016594280452
661,72,28,1.5907199999999995,817.9821081790873,72,72,0,0,0,0,59103,59103,59075,0,28,0,0.9995262507825322,123053.43967005535,0.6223900809743861,239514,142,18.032324411850414
662,71,29,1.5974303769779121,819.5795385560652,72,71,0,1,0,0,59175,59175,59146,0,29,0,0.9995099281791296,122994.7738539159,0.6226237503384463,239957,142,17.987922959067344
663,71,29,1.5888640000000003,821.1684025560652,71,71,0,0,0,0,59246,59246,59217,0,29,0,0.9995105154778382,122938.49554581154,0.6228151760676716,240397,142,17.943520295777066
664,71,29,1.4925759999999992,822.6609785560652,71,71,0,0,0,0,59317,59317,59288,0,29,0,0.9995111013706021,122881.4428240328,0.62295554285677,240812,142,17.901917211194256
665,71,29,1.5818239999999997,824.2428025560652,71,71,0,0,0,0,59388,59388,59359,0,29,0,0.9995116858624638,122819.16892215036,0.6231616020558866,241252,142,17.85935502652863
666,71,29,1.3809919999999993,825.6237945560651,71,71,0,0,0,0,59459,59459,59430,0,29,0,0.9995122689584419,122774.72702261928,0.6232641460572379,241653,142,17.820718094059895
667,71,29,2.0835839999999974,827.7073785560651,71,71,0,0,0,0,59530,59530,59501,0,29,0,0.999512850663531,122750.70469619834,0.6238037591257796,242181,142,17.759423320963194
668,71,29,1.3661119999999998,829.0734905560652,71,71,0,0,0,0,59601,59601,59572,0,29,0,0.9995134309827016,122677.94490906116,0.623832372921827,242579,142,17.72158355124235
669,71,29,0.9019839999999999,829.9754745560651,71,71,0,0,0,0,59672,59672,59643,0,29,0,0.9995140099209009,122656.02914887489,0.6236266089781883,242865,142,17.695603540753112
670,71,29,0.8579839999999999,830.8334585560651,71,71,0,0,0,0,59743,59743,59714,0,29,0,0.9995145874830524,122632.77910963498,0.6234079248206138,243140,142,17.67145148738559
671,71,29,1.0742399999999994,831.9076985560652,71,71,0,0,0,0,59814,59814,59785,0,29,0,0.9995151636740562,122578.02178894928,0.6233235940556968,243476,142,17.642701868215
672,71,29,1.0041599999999997,832.9118585560651,71,71,0,0,0,0,59885,59885,59856,0,29,0,0.9995157384987894,122541.45615952916,0.6231473076480737,243791,142,17.614223888774795
673,71,29,1.2180479999999996,834.1299065560651,71,71,0,0,0,0,59956,59956,59927,0,29,0,0.9995163119621056,122496.40157594833,0.6231451366921696,244153,142,17.58017636847441
674,71,29,1.7988799999999983,835.9287865560651,71,71,0,0,0,0,60027,60027,59998,0,29,0,0.9995168840688357,122399.25893871304,0.6234859524329011,244634,142,17.530482490090296
675,71,29,1.2642239999999993,837.1930105560651,71,71,0,0,0,0,60098,60098,60069,0,29,0,0.9995174548237878,122351.11223869967,0.6234858608170466,245002,142,17.4947432404975
676,71,29,1.3562239999999985,838.5492345560651,71,71,0,0,0,0,60169,60169,60140,0,29,0,0.9995180242317473,122279.99952117821,0.6235211121575758,245395,142,17.457982059514787
677,71,29,1.6555199999999988,840.2047545560652,71,71,0,0,0,0,60240,60240,60211,0,29,0,0.9995185922974767,122191.6341740355,0.6237377932548378,245856,142,17.413598253787857
678,70,30,1.138932894842103,841.3436874509073,71,67,0,1,3,0,60311,60311,60278,0,30,3,0.9994528361327121,122137.56819325523,0.6236768178590532,246191,142,17.38029822761592
679,70,30,1.1668159999999994,842.5105034509073,70,70,0,0,0,0,60381,60381,60348,0,30,3,0.9994534704625627,122087.65063306254,0.6236429803596706,246530,143,17.345815219456867
680,69,31,1.2572309014171932,843.7677343523245,70,67,0,1,2,0,60451,60451,60415,0,31,5,0.9994044763527485,122027.1928020974,0.6236632442950182,246891,143,17.31071605245953
681,67,33,1.3693375099646157,845.1370718622891,69,52,0,2,15,0,60520,60520,60467,0,33,20,0.9991242564441507,121930.09090576386,0.6237694642950353,247256,143,17.27163405729201
682,67,33,1.0029439999999996,846.140015862289,67,67,0,0,0,0,60587,60587,60534,0,33,20,0.9991252248832257,121893.27305941531,0.6236630641326787,247570,143,17.244423231427202
683,67,33,0.8766399999999994,847.016655862289,67,67,0,0,0,0,60654,60654,60601,0,33,20,0.9991261911827745,121867.16670277904,0.6234523793805961,247849,143,17.219116292494082
684,66,34,0.8308661694890521,847.847522031778,67,56,0,2,9,0,60721,60720,60657,0,35,29,0.9989459989130614,121832.80285170002,0.6233011142693483,248104,143,17.196029906109317
685,64,36,0.9346030715786608,848.7821251033566,66,60,0,2,4,0,60787,60786,60717,0,37,33,0.9988484379883856,121796.53287044837,0.6231440919924023,248400,143,17.17085715410483
686,63,37,0.7961919999999999,849.5783171033567,64,50,0,2,12,0,60851,60849,60767,0,39,45,0.9986195789715864,121767.90993527025,0.6229566497721802,248642,143,17.148945956524877
687,62,38,1.1131519999999993,850.6914691033567,63,50,0,2,11,0,60914,60911,60817,0,41,56,0.9984075910299767,121711.55790375077,0.6229575893636212,248964,143,17.11983221733725
688,61,39,0.7012480000000002,851.3927171033566,62,45,0,1,16,0,60976,60973,60862,0,42,72,0.9981304119653635,121678.91728327255,0.6227772375146153,249180,143,17.10092162145952
689,59,41,1.0256487340458913,852.4183658374026,61,37,0,2,22,0,61037,61034,60899,0,44,94,0.9977390762979832,121663.47905716307,0.6227128136993988,249454,143,17.073623510707144
690,58,42,1.1149516280266356,853.5333174654293,59,43,0,1,15,0,61096,61093,60942,0,45,109,0.9974793767186068,121616.21096203355,0.6226279877148952,249781,143,17.044483467665657
691,55,45,0.7855071130723059,854.3188245785016,58,30,0,4,24,0,61154,61150,60972,0,49,133,0.9970239068580959,121595.37284134206,0.6225341825960781,249997,143,17.023857661603007
692,55,45,0.690272,855.0090965785016,55,45,10,0,0,26,61209,61205,61017,10,49,133,0.996863206391217,121599.81035997576,0.6223079921130427,250187,186,16.97808418780248
693,55,45,0.8040640000000001,855.8131605785017,55,43,12,0,0,26,61264,61260,61060,22,49,133,0.9966701488639331,121614.3672406789,0.6221337797483085,250399,230,16.92728699212582
694,55,45,0.5502720000000002,856.3634325785016,55,46,9,0,0,26,61319,61315,61106,31,49,133,0.9965263621389782,121607.33169845342,0.6218314675063032,250562,270,16.88736774215406
695,55,45,0.6064320000000003,856.9698645785016,55,43,12,0,0,26,61374,61370,61149,43,49,133,0.9963339524880243,121595.88371436196,0.621581604574169,250735,319,16.838260055086362
696,55,45,0.5773760000000001,857.5472405785016,55,44,11,0,0,26,61429,61425,61193,54,49,133,0.9961581663383744,121587.3960828811,0.6213215486621747,250900,365,16.794283848409542
697,55,45,0.537344,858.0845845785016,55,47,8,0,0,26,61484,61480,61240,62,49,133,0.9960314878667621,121583.18407648253,0.6210348970223932,251058,405,16.753191952834207
698,55,45,0.566496,858.6510805785016,55,44,11,0,0,26,61539,61535,61284,73,49,133,0.9958562862574952,121570.71290199873,0.6207779078835775,251220,450,16.7081098825749
699,55,45,0.6052160000000001,859.2562965785016,55,46,9,0,0,26,61594,61590,61330,82,49,133,0.9957138682339189,121570.58192759664,0.6205348920376785,251391,492,16.66099244626523
700,55,45,0.508704,859.7650005785016,55,45,10,0,0,26,61649,61645,61375,92,49,133,0.9955554834628298,121558.81657159576,0.6202508439937756,251544,535,16.618393988870594
701,55,45,0.5928959999999999,860.3578965785016,55,45,10,0,0,26,61704,61700,61420,102,49,133,0.995397381044989,121544.46006233472,0.6200069402110032,251712,585,16.573851486610085
702,55,45,0.49219200000000024,860.8500885785016,55,47,8,0,0,26,61759,61755,61467,110,49,133,0.9952719441700805,121541.57081260356,0.6197283851518856,251862,620,16.536736044227084
703,55,45,0.6130559999999999,861.4631445785017,55,47,8,0,0,26,61814,61810,61514,118,49,133,0.9951467305141231,121543.09404754653,0.6194744063549914,252038,660,16.490320797955704
704,55,45,0.6255039999999997,862.0886485785016,55,46,9,0,0,26,61869,61865,61560,127,49,133,0.9950055762983078,121543.16632375732,0.6192392535153565,252216,699,16.440147738339252
705,55,45,0.5238399999999999,862.6124885785016,55,45,10,0,0,26,61924,61920,61605,137,49,133,0.9948485239971578,121536.37164790387,0.6189722459512934,252369,740,16.39815854192132
706,55,45,0.5879039999999996,863.2003925785016,55,45,10,0,0,26,61979,61975,61650,147,49,133,0.9946917504315979,121524.11525978328,0.618735868051822,252538,789,16.34928801126501
707,55,45,0.54976,863.7501525785016,55,46,9,0,0,26,62034,62030,61696,156,49,133,0.9945513750523907,121521.372455515,0.6184755238475507,252699,827,16.301814437606797
708,55,45,0.51456,864.2647125785015,55,46,9,0,0,26,62089,62085,61742,165,49,133,0.9944112483692764,121510.20685165514,0.6182137286968878,252853,873,16.258989479303057
709,55,45,0.5273599999999999,864.7920725785016,55,46,9,0,0,26,62144,62140,61788,174,49,133,0.9942713697219362,121503.62998437612,0.6179642319390098,253010,914,16.21362537710104
710,55,45,0.5607360000000001,865.3528085785016,55,45,10,0,0,26,62199,62195,61833,184,49,133,0.9941156610234891,121497.88497561942,0.6177271032714412,253174,960,16.170652837321775
711,55,45,0.5327679999999998,865.8855765785016,55,44,11,0,0,26,62254,62250,61877,195,49,133,0.9939441642304109,121488.90205063131,0.6174892481159764,253332,1003,16.128119427707002
712,55,45,0.5162880000000002,866.4018645785017,55,45,10,0,0,26,62309,62305,61922,205,49,133,0.993789019242806,121484.19838778324,0.6172493440634584,253482,1038,16.087797904516805
713,55,45,0.6196159999999998,867.0214805785016,55,45,10,0,0,26,62364,62360,61967,215,49,133,0.9936341479058431,121485.2484735679,0.6170544300114355,253655,1078,16.043835908695304
714,55,45,0.5920319999999998,867.6135125785016,55,46,9,0,0,26,62419,62415,62013,224,49,133,0.9934955702590558,121479.94293768406,0.6168461549432974,253823,1121,15.998236061073898
715,55,45,0.5834879999999999,868.1970005785016,55,46,9,0,0,26,62474,62470,62059,233,49,133,0.99335723661043,121470.85503604471,0.6166406508069013,253995,1174,15.950874813754226
716,55,45,0.6636159999999999,868.8606165785017,55,44,11,0,0,26,62529,62525,62103,244,49,133,0.993187161157223,121470.09771902165,0.6164680105245172,254179,1220,15.897783823598447
717,55,45,0.5282240000000001,869.3888405785017,55,47,8,0,0,26,62584,62580,62150,252,49,133,0.9930653202096382,121468.23500716942,0.6162251107316543,254336,1259,15.85757597063468
718,55,45,0.569664,869.9585045785017,55,46,9,0,0,26,62639,62635,62196,261,49,133,0.9929277287313016,121464.66233029948,0.6160073946544461,254502,1300,15.813540295733766
719,55,45,0.6066559999999999,870.5651605785017,55,45,10,0,0,26,62694,62690,62241,271,49,133,0.992774428174945,121460.45441301019,0.6158295268300018,254675,1346,15.76347078411963
720,55,45,0.7138559999999998,871.2790165785017,55,44,11,0,0,26,62749,62745,62285,282,49,133,0.9926054598479657,121460.82940867556,0.6156837587293892,254868,1393,15.70873815189815
721,55,45,0.6135039999999999,871.8925205785017,55,45,10,0,0,26,62804,62800,62330,292,49,133,0.9924527100184701,121462.15445194315,0.6154736479685731,255041,1433,15.66489527725663
722,55,45,0.6428799999999999,872.5354005785017,55,45,10,0,0,26,62859,62855,62375,302,49,133,0.9923002274932786,121466.33813336573,0.6152920798941028,255221,1476,15.618209922205256
723,55,45,0.6180160000000001,873.1534165785017,55,46,9,0,0,26,62914,62910,62421,311,49,133,0.9921639062847697,121465.83863302643,0.6150952419425885,255399,1521,15.568694249208379
724,55,45,0.6139520000000002,873.7673685785018,55,46,9,0,0,26,62969,62965,62467,320,49,133,0.9920278232145977,121463.52429326835,0.6148737714185584,255570,1564,15.51890504915725
725,55,45,0.5846720000000003,874.3520405785017,55,44,11,0,0,26,63024,63020,62511,331,49,133,0.9918602437166794,121454.31939489553,0.6146718793850279,255736,1609,15.469619646438733
726,55,45,0.5757440000000001,874.9277845785017,55,44,11,0,0,26,63079,63075,62555,342,49,133,0.991692956451434,121452.60200096636,0.6144594914773259,255899,1646,15.427336742489747
727,55,45,0.6222080000000001,875.5499925785017,55,45,10,0,0,26,63134,63130,62600,352,49,133,0.9915417999809928,121450.49043611971,0.6142688973630913,256074,1687,15.379052794317955
728,55,45,0.5525120000000001,876.1025045785017,55,47,8,0,0,26,63189,63185,62647,360,49,133,0.9914225577236544,121448.51024160734,0.6140295780052275,256236,1728,15.334866345467393
729,55,45,0.570528,876.6730325785016,55,44,11,0,0,26,63244,63240,62691,371,49,133,0.9912560875339953,121439.30980387128,0.6138035954510239,256397,1771,15.291481159141464
730,55,45,0.7026240000000001,877.3756565785017,55,44,11,0,0,26,63299,63295,62735,382,49,133,0.9910899066335961,121451.07423602867,0.6136295292826638,256585,1808,15.24660975011598
731,55,45,0.7173440000000004,878.0930005785017,55,45,10,0,0,26,63354,63350,62780,392,49,133,0.9909397985920384,121458.17804006665,0.6134432586991863,256784,1852,15.198967961115361
732,55,45,1.0821760000000002,879.1751765785017,55,44,11,0,0,26,63409,63405,62824,403,49,133,0.9907741803214055,121484.99507875177,0.61338910216372,257056,1902,15.134233035329402
733,55,45,0.7685120000000003,879.9436885785017,55,47,8,0,0,26,63464,63460,62871,411,49,133,0.9906561200050422,121498.14742430781,0.6132075363315608,257267,1952,15.08417207102114
734,55,45,0.8648960000000003,880.8085845785017,55,46,9,0,0,26,63519,63515,62917,420,49,133,0.9905225208205419,121521.24068048337,0.6130825830643096,257492,1990,15.030254940842926
735,55,45,0.7824640000000004,881.5910485785017,55,44,11,0,0,26,63574,63570,62961,431,49,133,0.9903576933966716,121534.14689584312,0.6129131042341783,257702,2033,14.979481006220647
736,55,45,0.7423040000000004,882.3333525785017,55,47,8,0,0,26,63629,63625,63008,439,49,133,0.9902402992346258,121549.69738657605,0.6127266879460853,257904,2072,14.931723894579559
737,55,45,0.7735360000000002,883.1068885785018,55,45,10,0,0,26,63684,63680,63053,449,49,133,0.9900917027824886,121559.00196044888,0.6125642534326585,258116,2118,14.880464705387569
738,55,45,1.01808,884.1249685785018,55,42,13,0,0,26,63739,63735,63095,462,49,133,0.9898962958314376,121582.1697387744,0.6124847210713545,258371,2167,14.820301415760992
739,55,45,0.6558400000000002,884.7808085785018,55,44,11,0,0,26,63794,63790,63139,473,49,133,0.9897325767313541,121572.30237940491,0.612282253330463,258552,2220,14.766455001826424
740,55,45,0.5647359999999999,885.3455445785019,55,45,10,0,0,26,63849,63845,63184,483,49,133,0.9895848016413726,121567.16963119787,0.6120394713633514,258714,2263,14.7216295290414
741,55,45,0.5884159999999999,885.9339605785019,55,46,9,0,0,26,63904,63900,63230,492,49,133,0.9894529293940911,121561.82829889064,0.6117940108916093,258883,2307,14.673318163831215
742,55,45,0.575456,886.5094165785019,55,45,10,0,0,26,63959,63955,63275,502,49,133,0.9893056489313466,121556.75504937804,0.6115639389046925,259046,2350,14.627457952383951
743,55,45,0.620128,887.129544578502,55,47,8,0,0,26,64014,64010,63322,510,49,133,0.9891898647170931,121555.02728886704,0.6113463533154129,259220,2396,14.578995018975853
744,55,45,0.5552,887.684744578502,55,45,10,0,0,26,64069,64065,63367,520,49,133,0.9890430629477595,121551.83769800377,0.611111818171694,259380,2434,14.53753036326909
745,55,45,0.5423040000000003,888.2270485785019,55,45,10,0,0,26,64124,64120,63412,530,49,133,0.9888965130060507,121540.70760710325,0.6108667561267727,259537,2480,14.493050020190042
746,55,45,0.5590400000000002,888.7860885785019,55,46,9,0,0,26,64179,64175,63458,539,49,133,0.9887657956652488,121542.69445505466,0.6106136003248533,259698,2516,14.449996995082012
747,55,45,0.5376320000000001,889.3237205785019,55,46,9,0,0,26,64234,64230,63504,548,49,133,0.9886353021764175,121537.53858009128,0.6103414038707758,259854,2555,14.406998124438772
748,55,45,0.5467520000000001,889.8704725785019,55,45,10,0,0,26,64289,64285,63549,558,49,133,0.9884894772044984,121532.60877015948,0.6100866311818998,260011,2592,14.363470476547413
749,55,45,0.5103040000000001,890.3807765785019,55,45,10,0,0,26,64344,64340,63594,568,49,133,0.9883439015292801,121523.66588123453,0.6098076486856483,260160,2632,14.322428755541965
750,55,45,0.5812160000000002,890.961992578502,55,46,9,0,0,26,64399,64395,63640,577,49,133,0.9882141027034581,121521.93348523819,0.6095592533064089,260327,2672,14.280107793536843
751,55,45,0.5865279999999999,891.548520578502,55,45,10,0,0,26,64454,64450,63685,587,49,133,0.9880690104570702,121509.34862154961,0.6093109387443483,260494,2720,14.2346014230098
752,55,45,0.6158720000000002,892.164392578502,55,46,9,0,0,26,64509,64505,63731,596,49,133,0.9879396673332403,121508.26114757921,0.6090886292049481,260668,2761,14.19074220270959
753,55,45,0.5722560000000001,892.736648578502,55,44,11,0,0,26,64564,64560,63775,607,49,133,0.9877795675608698,121495.75372838783,0.60884299403911,260831,2808,14.142501728123463
754,55,45,0.5624,893.299048578502,55,45,10,0,0,26,64619,64615,63820,617,49,133,0.9876352156486482,121488.64165107514,0.6086063782868742,260993,2850,14.096255808571836
755,55,45,0.6223039999999997,893.921352578502,55,46,9,0,0,26,64674,64670,63866,626,49,133,0.9875065714197359,121486.37426183761,0.6083986586317145,261168,2894,14.042353800829503
756,55,45,0.5903999999999997,894.5117525785021,55,43,12,0,0,26,64729,64725,63909,638,49,133,0.98733179873009,121475.92212933378,0.6081791068052337,261334,2939,13.99377299790043
757,55,45,0.5342719999999999,895.046024578502,55,45,10,0,0,26,64784,64780,63954,648,49,133,0.9871881946159545,121468.77480540605,0.6079359450602163,261487,2980,13.952011629576647
758,55,45,0.5462720000000001,895.5922965785021,55,46,9,0,0,26,64839,64835,64000,657,49,133,0.9870602569441231,121468.24444069399,0.6076837026930445,261641,3016,13.910151366735263
759,55,45,0.7016640000000002,896.2939605785022,55,46,9,0,0,26,64894,64890,64046,666,49,133,0.9869325361358523,121476.52978686319,0.6074997028753493,261831,3057,13.862463176719526
760,55,45,0.6947520000000001,896.9887125785021,55,45,10,0,0,26,64949,64945,64091,676,49,133,0.9867896349443409,121474.01017653724,0.6073055891134713,262024,3105,13.811645671812844
761,55,45,0.6884160000000004,897.6771285785021,55,45,10,0,0,26,65004,65000,64136,686,49,133,0.9866469755707341,121477.81482711992,0.607115184942349,262212,3148,13.765885116988738
762,55,45,0.6277120000000002,898.3048405785021,55,45,10,0,0,26,65059,65055,64181,696,49,133,0.986504557401743,121470.70245077266,0.6069021968949322,262390,3196,13.719272418553398
763,55,45,0.54848,898.8533205785021,55,44,11,0,0,26,65114,65110,64225,707,49,133,0.9863470221457751,121461.81974355291,0.6066842083312713,262548,3236,13.674959815303852
764,55,45,0.6201919999999999,899.4735125785021,55,47,8,0,0,26,65169,65165,64272,715,49,133,0.9862357869539198,121457.19298261755,0.6064816298006532,262724,3285,13.62665313056922
765,55,45,0.6082240000000001,900.081736578502,55,46,9,0,0,26,65224,65220,64318,724,49,133,0.9861094075800318,121453.00538543444,0.606280017482683,262896,3330,13.580412277083827
766,55,45,0.5863679999999998,900.668104578502,55,45,10,0,0,26,65279,65275,64363,734,49,133,0.9859679223027313,121446.65437130087,0.60608198850217,263065,3377,13.53663826883141
767,55,45,0.6660799999999998,901.334184578502,55,45,10,0,0,26,65334,65330,64408,744,49,133,0.9858266752380078,121446.71962174556,0.6059038099542601,263250,3424,13.485033259857627
768,55,45,0.552288,901.886472578502,55,45,10,0,0,26,65389,65385,64453,754,49,133,0.985685665784765,121441.44005937134,0.6056903899131232,263410,3464,13.440844642956911
769,54,46,0.5843668250602502,902.4708394035622,55,45,9,1,0,26,65444,65440,64498,763,50,133,0.9855448933439276,121440.05015434232,0.6055040759969187,263574,3504,13.392671348722653
770,54,46,0.5963840000000002,903.0672234035621,54,45,9,0,0,25,65498,65494,64543,772,50,133,0.9854194021191487,121437.14350154481,0.6052973681909908,263744,3547,13.342613549863096
771,54,46,0.7250880000000005,903.7923114035622,54,42,12,0,0,25,65552,65548,64585,784,50,133,0.9852483524530145,121431.42026685695,0.6051545285043871,263938,3603,13.27939240225714
772,54,46,0.7033920000000004,904.4957034035622,54,45,9,0,0,25,65606,65602,64630,793,50,133,0.985123311892205,121436.18989751347,0.6049888995960159,264130,3649,13.229136724327104
773,54,46,0.7472000000000004,905.2429034035622,54,43,11,0,0,25,65660,65656,64673,804,50,133,0.9849680170575693,121435.98539870909,0.604803555386418,264333,3698,13.17567972971287
774,54,46,0.6053440000000002,905.8482474035621,54,44,10,0,0,25,65714,65710,64717,814,50,133,0.9848281949051952,121434.22953601382,0.6046003058017045,264500,3740,13.131451627026005
775,54,46,0.5734080000000001,906.4216554035621,54,45,9,0,0,25,65768,65764,64762,823,50,133,0.9847038073227101,121432.57097161301,0.6043803253153202,264661,3778,13.088704176634424
776,54,46,0.5995840000000002,907.0212394035622,54,43,11,0,0,25,65822,65818,64805,834,50,133,0.9845492388563094,121423.80268010234,0.6041632390211514,264828,3826,13.041164318008116
777,54,46,0.6568000000000003,907.6780394035621,54,44,10,0,0,25,65876,65872,64849,844,50,133,0.9844101038314409,121422.3140976517,0.6039468373270597,265009,3870,12.991146986670936
778,54,46,0.5976320000000003,908.2756714035621,54,44,10,0,0,25,65930,65926,64893,854,50,133,0.9842711967237979,121419.09276242174,0.6037321260978372,265175,3913,12.948469881144707
779,54,46,0.5612800000000001,908.8369514035621,54,44,10,0,0,25,65984,65980,64937,864,50,133,0.9841325169738119,121415.56505772099,0.6034967698542618,265335,3952,12.908666187034084
780,54,46,0.6105919999999999,909.4475434035621,54,46,8,0,0,25,66038,66034,64983,872,50,133,0.9840243496168872,121416.11113352698,0.6032836032491472,265507,3995,12.862305893393215
781,54,46,0.6394560000000001,910.0869994035621,54,43,11,0,0,25,66092,66088,65026,883,50,133,0.9838709677419355,121410.23009054482,0.6030915329033216,265683,4044,12.81043602212755
782,54,46,0.5214719999999999,910.6084714035621,54,45,9,0,0,25,66146,66142,65071,892,50,133,0.9837480724458018,121408.57840867164,0.6028547220116854,265835,4078,12.770740520224482
783,54,46,0.5451839999999998,911.1536554035621,54,45,9,0,0,25,66200,66196,65116,901,50,133,0.9836253776435046,121402.44331347886,0.6026157670227442,265994,4124,12.72903549573374
784,54,46,0.5590399999999999,911.7126954035621,54,45,9,0,0,25,66254,66250,65161,910,50,133,0.9835028828448094,121401.45525889269,0.6023885849976414,266154,4163,12.68902290051361
785,54,46,0.569408,912.282103403562,54,44,10,0,0,25,66308,66304,65205,920,50,133,0.9833655064245641,121400.64963107942,0.6021651402204085,266314,4199,12.644345862681737
786,54,46,0.533664,912.8157674035621,54,44,10,0,0,25,66362,66358,65249,930,50,133,0.9832283535758416,121394.87940178145,0.6019244203153231,266473,4242,12.60397979964746
787,54,46,0.639488,913.4552554035621,54,43,11,0,0,25,66416,66412,65292,941,50,133,0.9830763671404481,121386.58718539309,0.6017126359405213,266652,4294,12.552799418879752
788,54,46,0.5718400000000001,914.027095403562,54,45,9,0,0,25,66470,66466,65337,950,50,133,0.9829547164134196,121384.60288314952,0.6014813469745848,266817,4334,12.512080341315626
789,54,46,0.663808,914.6909034035621,54,45,9,0,0,25,66524,66520,65382,959,50,133,0.9828332631832121,121393.13902306333,0.6012832465927235,267003,4373,12.467787560811907
790,54,46,0.5709440000000002,915.2618474035621,54,44,10,0,0,25,66578,66574,65426,969,50,133,0.9826969869927002,121393.23005235057,0.6010438389907412,267165,4409,12.4241022927546
791,54,46,0.6577599999999999,915.9196074035622,54,45,9,0,0,25,66632,66628,65471,978,50,133,0.9825759394885341,121403.07413574815,0.6008425842175934,267347,4446,12.376947551110044
792,54,46,0.668448,916.5880554035622,54,45,9,0,0,25,66686,66682,65516,987,50,133,0.9824550880244729,121405.28271558745,0.6006523767756498,267533,4491,12.331964786279029
793,54,46,0.627584,917.2156394035621,54,43,11,0,0,25,66740,66736,65559,998,50,133,0.9823044650884027,121401.31416905226,0.6004421379439876,267706,4534,12.283665562330958
794,54,46,0.60144,917.8170794035622,54,45,9,0,0,25,66794,66790,65604,1007,50,133,0.9821840285055544,121398.4120587586,0.6002225918997822,267875,4579,12.23614591453315
795,54,46,0.5760639999999998,918.3931434035621,54,44,10,0,0,25,66848,66844,65648,1017,50,133,0.982048827190043,121393.04915412501,0.5999987725468665,268041,4624,12.191591670390405
796,54,46,0.7273280000000002,919.1204714035622,54,43,11,0,0,25,66902,66898,65691,1028,50,133,0.9818988968939643,121397.29172783122,0.5998414688291044,268240,4666,12.14318311199488
797,54,46,0.510592,919.6310634035622,54,44,10,0,0,25,66956,66952,65735,1038,50,133,0.9817641436167035,121390.83643699327,0.5996055390570074,268390,4706,12.102252094273535
798,54,46,0.5798720000000002,920.2109354035622,54,43,11,0,0,25,67010,67006,65778,1049,50,133,0.9816146843754664,121389.06385742087,0.5994065655157287,268553,4745,12.057333413514657
799,54,46,0.5620480000000001,920.7729834035622,54,44,10,0,0,25,67064,67060,65822,1059,50,133,0.981480376953358,121386.70661996705,0.5991770231159848,268710,4785,12.015241056597628
800,54,46,0.6212800000000002,921.3942634035621,54,45,9,0,0,25,67118,67114,65867,1068,50,133,0.9813611847790459,121391.91705712934,0.5989720744693948,268885,4823,11.972714315589641
801,54,46,0.62944,922.0237034035622,54,45,9,0,0,25,67172,67168,65912,1077,50,133,0.9812421842434348,121384.47155627389,0.5987781700847958,269061,4870,11.92866112696602
802,54,46,0.5839360000000003,922.6076394035622,54,46,8,0,0,25,67226,67222,65958,1085,50,133,0.9811382500818135,121383.95046500805,0.5985560794527154,269230,4912,11.881347294154802
803,54,46,0.5548160000000001,923.1624554035621,54,44,10,0,0,25,67280,67276,66002,1095,50,133,0.9810047562425683,121382.38003950742,0.5983506738217864,269392,4951,11.839068490602509
804,54,46,0.6081920000000001,923.7706474035622,54,44,10,0,0,25,67334,67330,66046,1105,50,133,0.9808714765200345,121382.77863143069,0.598162335019242,269562,4994,11.79462073877504
805,54,46,0.6049279999999999,924.3755754035622,54,45,9,0,0,25,67388,67384,66091,1114,50,133,0.9807532498367661,121383.56203431077,0.5979764638483872,269731,5031,11.751411634728145
806,54,46,0.6398719999999999,925.0154474035621,54,43,11,0,0,25,67442,67438,66134,1125,50,133,0.9806055573678123,121384.04857471964,0.5978103243252881,269905,5074,11.709097989925155
807,54,46,0.6810559999999999,925.6965034035621,54,43,11,0,0,25,67496,67492,66177,1136,50,133,0.9804581012208131,121384.63047754839,0.5976727407046786,270092,5119,11.663153099537107
808,54,46,0.7453760000000001,926.4418794035621,54,43,11,0,0,25,67550,67546,66220,1147,50,133,0.9803108808290155,121384.52988804688,0.5975619785902383,270292,5165,11.606180817724384
809,54,46,0.6157120000000001,927.0575914035621,54,45,9,0,0,25,67604,67600,66265,1156,50,133,0.9801934796757589,121377.14964357244,0.597389605187031,270468,5217,11.558569634784474
810,54,46,0.624416,927.6820074035621,54,46,8,0,0,25,67658,67654,66311,1164,50,133,0.9800910461438411,121379.05780360362,0.5972130623521246,270642,5259,11.514457250103844
811,54,46,0.51104,928.1930474035621,54,44,10,0,0,25,67712,67708,66355,1174,50,133,0.9799592391304348,121376.56957800614,0.5970101444457226,270788,5292,11.47522083166738
812,54,46,0.6413119999999998,928.8343594035621,54,45,9,0,0,25,67766,67762,66400,1183,50,133,0.9798423988430777,121374.94146145995,0.5968523123519422,270966,5338,11.426556846388513
813,54,46,0.555616,929.3899754035621,54,43,11,0,0,25,67820,67816,66443,1194,50,133,0.9796962547920968,121366.51673160245,0.5966702948504762,271125,5381,11.385001681873621
814,54,46,0.6862079999999998,930.076183403562,54,45,9,0,0,25,67874,67870,66488,1203,50,133,0.9795798096472876,121356.88023636336,0.5965467243160432,271316,5439,11.334137687223409
815,54,46,0.6520640000000001,930.728247403562,54,44,10,0,0,25,67928,67924,66532,1213,50,133,0.9794488281710046,121356.14484151921,0.5964034221634982,271496,5483,11.28943729516229
816,54,46,0.6720319999999996,931.400279403562,54,43,11,0,0,25,67982,67978,66575,1224,50,133,0.979303345003089,121352.47379609896,0.5962757126243043,271680,5533,11.236670738246803
817,54,46,0.6672000000000001,932.067479403562,54,44,10,0,0,25,68036,68032,66619,1234,50,133,0.9791727908754189,121349.95212189759,0.5961138030456656,271866,5581,11.186320144944016
818,53,47,0.5946907530447301,932.6621701566066,54,43,10,1,0,25,68090,68086,66662,1244,51,133,0.9790277573799383,121341.43704037779,0.5959626614154888,272033,5622,11.144676716590437
819,53,47,0.7534400000000003,933.4156101566066,53,43,10,0,0,24,68143,68139,66705,1254,51,133,0.9788973188735454,121341.53186167212,0.5958266373413603,272235,5671,11.093193070860618
820,53,47,0.642848,934.0584581566065,53,44,9,0,0,24,68196,68192,66749,1263,51,133,0.9787817467300135,121344.139663041,0.5956586633644886,272412,5711,11.047959079335806
821,53,47,0.5719679999999998,934.6304261566065,53,44,9,0,0,24,68249,68245,66793,1272,51,133,0.9786663540857742,121341.64352680415,0.5954549184192346,272571,5751,11.007073703901998
822,53,47,0.6862400000000003,935.3166661566065,53,42,11,0,0,24,68302,68298,66835,1283,51,133,0.9785218588035489,121335.06020622767,0.5952902207854023,272757,5805,10.953782125477153
823,53,47,0.6037760000000001,935.9204421566066,53,44,9,0,0,24,68355,68351,66879,1292,51,133,0.9784068466096116,121336.4415230904,0.5951116672087376,272924,5845,10.910672297033873
824,53,47,0.678528,936.5989701566066,53,45,8,0,0,24,68408,68404,66924,1300,51,133,0.9783066308034148,121346.97946656536,0.5949451256455102,273109,5884,10.861259962309585
825,53,47,0.6235840000000001,937.2225541566066,53,45,8,0,0,24,68461,68457,66969,1308,51,133,0.978206570164035,121349.32892470266,0.594738049220149,273285,5928,10.81452063156112
826,52,48,0.6092877062865588,937.8318418628932,53,46,6,1,0,24,68514,68510,67015,1314,52,133,0.97812125988849,121348.2107559296,0.5945218092257994,273456,5971,10.76676636483189
827,52,48,0.55104,938.3828818628931,52,43,9,0,0,23,68566,68562,67058,1323,52,133,0.9780065921885482,121341.50590423575,0.5943160791234123,273614,6011,10.725590061997488
828,52,48,0.7964479999999999,939.1793298628932,52,44,8,0,0,23,68618,68614,67102,1331,52,133,0.977906671718791,121350.13237209759,0.5942081107393105,273827,6059,10.673813328614814
829,52,48,0.5622079999999999,939.7415378628932,52,45,7,0,0,23,68670,68666,67147,1338,52,133,0.9778214649774283,121354.95070202865,0.5940074237758816,273986,6094,10.632196888842486
830,52,48,0.5572480000000002,940.2987858628932,52,45,7,0,0,23,68722,68718,67192,1345,52,133,0.9777363871831437,121354.29473652272,0.5938099674027576,274147,6133,10.590245109657904
831,52,48,0.6119359999999999,940.9107218628932,52,45,7,0,0,23,68774,68770,67237,1352,52,133,0.9776514380434467,121360.13050623873,0.5936453645351372,274318,6170,10.548014099215242
832,52,48,0.5277439999999999,941.4384658628932,52,44,8,0,0,23,68826,68822,67281,1360,52,133,0.9775520878737687,121356.82590288259,0.5934518593419066,274469,6209,10.510588996668602
833,52,48,0.5215040000000001,941.9599698628932,52,44,8,0,0,23,68878,68874,67325,1368,52,133,0.9774528877145097,121353.76837365862,0.5932595405782992,274622,6245,10.470004301627833
834,52,48,0.6246719999999998,942.5846418628932,52,44,8,0,0,23,68930,68926,67369,1376,52,133,0.9773538372261715,121354.08420609347,0.5931004462960235,274794,6286,10.426115371593385
835,52,48,0.563456,943.1480978628932,52,43,9,0,0,23,68982,68978,67412,1385,52,133,0.9772404395349511,121345.32027295385,0.5929345760866355,274954,6329,10.384091545972508
836,51,49,0.7271915298567496,943.87528939275,52,43,8,1,0,23,69034,69030,67455,1393,53,133,0.9771272126778109,121359.76996886497,0.5928215853368914,275152,6363,10.338283390570343
837,50,50,0.6587963779509343,944.5340857707009,51,44,6,1,0,22,69085,69081,67499,1399,54,133,0.977042773395093,121371.79772232215,0.59263432089119,275332,6396,10.297841411671353
838,48,52,0.6244828563950703,945.158568627096,50,43,5,2,0,21,69135,69131,67542,1404,56,133,0.9769581254068127,121381.13096371188,0.5924523028566457,275499,6427,10.255645579708823
839,47,53,0.5514032378375922,945.7099718649336,48,42,5,1,0,19,69183,69179,67584,1409,57,133,0.9768873856294177,121394.84981173104,0.5922495100222754,275653,6451,10.22540567892093
840,47,53,0.5483840000000001,946.2583558649336,47,43,4,0,0,18,69230,69226,67627,1413,57,133,0.976845298281092,121410.225112346,0.5920476243208246,275808,6474,10.194426747071063
841,47,53,0.4386879999999999,946.6970438649336,47,43,4,0,0,18,69277,69273,67670,1417,57,133,0.9768032680398978,121421.87275742674,0.5918160555434326,275937,6493,10.169574442523269
842,47,53,0.39139200000000013,947.0884358649336,47,43,4,0,0,18,69324,69320,67713,1421,57,133,0.9767612947896832,121430.60314633722,0.5915655415533827,276055,6508,10.146483645443164
843,47,53,0.4181760000000002,947.5066118649336,47,43,4,0,0,18,69371,69367,67756,1425,57,133,0.9767193784146113,121441.75308024416,0.5913302167746831,276180,6526,10.123003658755962
844,47,53,0.48416000000000003,947.9907718649335,47,44,3,0,0,18,69418,69414,67800,1428,57,133,0.9766919242847676,121451.03878332263,0.5911168572991256,276321,6552,10.091632193386479
845,47,53,0.5007360000000002,948.4915078649335,47,43,4,0,0,18,69465,69461,67843,1432,57,133,0.9766501115669761,121462.53608461987,0.5909205650919673,276465,6574,10.062231284181209
846,47,53,0.42800000000000016,948.9195078649335,47,43,4,0,0,18,69512,69508,67886,1436,57,133,0.9766083553918747,121473.40954066147,0.5906919134750376,276589,6592,10.035309025749829
847,47,53,0.4776000000000001,949.3971078649336,47,43,4,0,0,18,69559,69555,67929,1440,57,133,0.9765666556448482,121486.88367018788,0.590487318269717,276726,6610,10.007437894945378
848,47,53,0.44288000000000033,949.8399878649335,47,43,4,0,0,18,69606,69602,67972,1444,57,133,0.9765250122115909,121496.363044688,0.5902657786059154,276856,6629,9.981629849955684
849,47,53,0.5273280000000002,950.3673158649335,47,42,5,0,0,18,69653,69649,68014,1449,57,133,0.976469068094698,121510.07938956935,0.590075978293389,277002,6649,9.952634236363245
850,47,53,0.5414400000000001,950.9087558649335,47,44,3,0,0,18,69700,69696,68058,1452,57,133,0.976441893830703,121525.1739846362,0.5898772650487804,277157,6671,9.917673108188588
851,46,54,0.6180500271678463,951.5268058921014,47,41,5,1,0,18,69747,69743,68099,1457,58,133,0.9763717435875379,121537.59545594318,0.5897248741011277,277323,6697,9.88488521323487
852,46,54,0.5627519999999999,952.0895578921014,46,42,4,0,0,17,69793,69789,68141,1461,58,133,0.9763300044417061,121553.76670260202,0.589525631817525,277479,6716,9.850850131810953
853,46,54,0.560096,952.6496538921015,46,41,5,0,0,17,69839,69835,68182,1466,58,133,0.9762740016323258,121568.02401265241,0.5893257607217736,277631,6738,9.817960785561038
854,45,55,0.5652099372647642,953.2148638293662,46,42,3,1,0,17,69885,69881,68224,1469,59,133,0.9762323817700508,121584.21400859143,0.5891291095450415,277785,6759,9.787264470321025
855,45,55,0.6142719999999999,953.8291358293662,45,42,3,0,0,16,69930,69926,68266,1472,59,133,0.9762047762047762,121607.66707880306,0.5889743667103122,277952,6779,9.752715776605513
856,45,55,0.609536,954.4386718293663,45,41,4,0,0,16,69975,69971,68307,1476,59,133,0.9761629153269025,121620.79704661485,0.5888375774312312,278119,6807,9.71825023800442
857,45,55,0.5730240000000001,955.0116958293663,45,41,4,0,0,16,70020,70016,68348,1480,59,133,0.9761211082547844,121637.27052485796,0.5886749502753594,278275,6828,9.688953964851487
858,45,55,0.6725119999999999,955.6842078293663,45,42,3,0,0,16,70065,70061,68390,1483,59,133,0.9760936273460358,121664.50700706782,0.5885304736016184,278452,6848,9.652395059492047
859,45,55,0.5091840000000001,956.1933918293663,45,42,3,0,0,16,70110,70106,68432,1486,59,133,0.9760661817144487,121681.14211435891,0.5883442930472292,278595,6866,9.62270590524176
860,45,55,0.48384000000000027,956.6772318293663,45,41,4,0,0,16,70155,70151,68473,1490,59,133,0.9760245171406172,121692.75501349538,0.5881539155238118,278734,6886,9.592468861407166
861,44,56,0.7534327940315312,957.4306646233978,45,42,2,1,0,16,70200,70196,68515,1492,60,133,0.975997150997151,121735.428273384,0.5880383688715529,278929,6899,9.555907794653285
862,44,56,0.6739840000000001,958.1046486233978,44,42,2,0,0,15,70244,70240,68557,1494,60,133,0.9759837139115085,121768.0763449235,0.5878783617635671,279108,6918,9.524275647565005
863,43,57,0.6774341662147215,958.7820827896126,44,41,2,1,0,15,70288,70284,68598,1496,61,133,0.9759560664693832,121802.20103844562,0.5877241192973459,279289,6931,9.493787519437314
864,43,57,0.6737280000000001,959.4558107896125,43,42,1,0,0,14,70331,70327,68640,1497,61,133,0.9759565483215082,121840.41691695346,0.5875715203343495,279467,6943,9.462826891598304
865,43,57,0.685152,960.1409627896126,43,42,1,0,0,14,70374,70370,68682,1498,61,133,0.9759570295847898,121879.27037297112,0.587430515010382,279645,6957,9.433235967172212
866,43,57,0.4225280000000002,960.5634907896126,43,42,1,0,0,14,70417,70413,68724,1499,61,133,0.9759575102603064,121897.4249206039,0.5872040688571148,279770,6967,9.40771871635486
867,43,57,0.42694400000000016,960.9904347896127,43,42,1,0,0,14,70460,70456,68766,1500,61,133,0.9759579903491342,121918.29154433786,0.5869832261339436,279893,6975,9.386289312288495
868,42,58,0.3352631771080991,961.3256979667208,43,41,1,1,0,14,70503,70499,68807,1501,62,133,0.9759442860587493,121930.72987429674,0.5867287463574967,279999,6981,9.369067829121501
869,42,58,0.7237760000000001,962.0494739667208,42,41,1,0,0,13,70545,70541,68848,1502,62,133,0.9759444326316535,121972.41324416455,0.5865952453872633,280186,6994,9.337717260039959
870,42,58,0.5830080000000002,962.6324819667208,42,41,1,0,0,13,70587,70583,68889,1503,62,133,0.975944579030133,122003.67866254921,0.586431560716826,280345,7006,9.308859654155176
871,42,58,0.5856960000000002,963.2181779667208,42,41,1,0,0,13,70629,70625,68930,1504,62,133,0.9759447252544988,122034.82314685015,0.5862633842742413,280506,7017,9.282651742742305
872,42,58,0.5471680000000001,963.7653459667208,42,40,2,0,0,13,70671,70667,68970,1506,62,133,0.9759307212293585,122062.82420540793,0.5860922208696695,280655,7028,9.258008072871782
873,42,58,0.6402559999999999,964.4056019667208,42,41,1,0,0,13,70713,70709,69011,1507,62,133,0.9759308755108679,122104.56654322041,0.5859411507901674,280821,7033,9.233909652632292
874,42,58,0.3530240000000001,964.7586259667208,42,41,1,0,0,13,70755,70751,69052,1508,62,133,0.9759310296092149,122116.21521595384,0.5857003049438436,280930,7044,9.212831676937503
875,42,58,0.3000960000000002,965.0587219667209,42,41,1,0,0,13,70797,70793,69093,1509,62,133,0.9759311835247256,122130.03552758355,0.5854441809848383,281024,7047,9.198688660681137
876,42,58,0.40483200000000014,965.463553966721,42,41,1,0,0,13,70839,70835,69134,1510,62,133,0.9759313372577253,122147.70771560886,0.5852323593106803,281141,7056,9.176876991138704
877,42,58,0.3424000000000001,965.805953966721,42,41,1,0,0,13,70881,70877,69175,1511,62,133,0.9759314908085382,122159.81017245351,0.5849904846026256,281247,7066,9.154924466824536
878,41,59,0.3253187731482545,966.1312727398692,42,40,1,1,0,13,70923,70919,69215,1512,63,133,0.9759175443791154,122171.58819967169,0.5847523025380282,281347,7074,9.13741428242361
879,41,59,0.33104000000000006,966.4623127398693,41,39,2,0,0,12,70964,70960,69254,1514,63,133,0.9759032748999493,122184.48918637134,0.5845109151698173,281450,7081,9.122286466143153
880,41,59,0.358688,966.8210007398693,41,40,1,0,0,12,71005,71001,69294,1515,63,133,0.9759031054151116,122199.3563540598,0.5842726676844773,281556,7088,9.102206109538301
881,41,59,0.39753600000000017,967.2185367398693,41,40,1,0,0,12,71046,71042,69334,1516,63,133,0.9759029361258903,122213.877743114,0.5840487986541774,281674,7101,9.080508912033642
882,41,59,0.3400960000000001,967.5586327398693,41,40,1,0,0,12,71087,71083,69374,1517,63,133,0.9759027670319468,122228.40042789982,0.583813412074414,281777,7107,9.060656360849128
883,41,59,0.32025600000000015,967.8788887398692,41,40,1,0,0,12,71128,71124,69414,1518,63,133,0.9759025981329434,122241.76534529089,0.5835720907685488,281876,7113,9.044566142541413
884,41,59,0.31187200000000015,968.1907607398692,41,40,1,0,0,12,71169,71165,69454,1519,63,133,0.9759024294285433,122254.64319608622,0.5833291620924596,281973,7119,9.028095257355577
885,41,59,0.45257600000000014,968.6433367398693,41,40,1,0,0,12,71210,71206,69494,1520,63,133,0.9759022609184104,122275.0165180845,0.5831343592731364,282101,7128,9.003911095062227
886,41,59,0.31968000000000013,968.9630167398692,41,40,1,0,0,12,71251,71247,69534,1521,63,133,0.9759020926022091,122290.54561719309,0.5828937544034432,282200,7132,8.989568951068152
887,41,59,0.3260800000000001,969.2890967398693,41,40,1,0,0,12,71292,71288,69574,1522,63,133,0.975901924479605,122304.16745502202,0.5826504940645874,282302,7139,8.973327191486522
888,41,59,0.3376320000000001,969.6267287398692,41,40,1,0,0,12,71333,71329,69614,1523,63,133,0.9759017565502642,122321.57848427011,0.5824080244413782,282404,7142,8.955748431792507
889,41,59,0.3979520000000002,970.0246807398693,41,40,1,0,0,12,71374,71370,69654,1524,63,133,0.9759015888138538,122338.44597591634,0.5821945429816775,282521,7151,8.932608185143389
890,41,59,0.35116800000000004,970.3758487398693,41,40,1,0,0,12,71415,71411,69694,1525,63,133,0.9759014212700413,122355.25456881848,0.5819570685023591,282626,7157,8.916262147277301
891,41,59,0.36624000000000007,970.7420887398692,41,40,1,0,0,12,71456,71452,69734,1526,63,133,0.9759012539184952,122371.99702982356,0.5817262078123595,282733,7164,8.896447258744141
892,41,59,0.41932800000000026,971.1614167398692,41,40,1,0,0,12,71497,71493,69774,1527,63,133,0.975901086758885,122391.81453379123,0.581527895246763,282854,7170,8.87475166539672
893,41,59,0.36176,971.5231767398692,41,40,1,0,0,12,71538,71534,69814,1528,63,133,0.9759009197908803,122408.71535259552,0.581306166304182,282963,7177,8.856942026715842
894,41,59,0.43676800000000016,971.9599447398692,41,40,1,0,0,12,71579,71575,69854,1529,63,133,0.9759007530141522,122432.34574018215,0.5811018658590464,283086,7182,8.834979110240603
895,41,59,0.42624000000000023,972.3861847398692,41,40,1,0,0,12,71620,71616,69894,1530,63,133,0.975900586428372,122453.80885563898,0.5809073423917694,283207,7189,8.815143747952426
896,41,59,0.38723200000000013,972.7734167398693,41,40,1,0,0,12,71661,71657,69934,1531,63,133,0.975900420033212,122471.06052637794,0.5806945572760435,283320,7197,8.793919718863519
897,41,59,0.32464000000000004,973.0980567398693,41,40,1,0,0,12,71702,71698,69974,1532,63,133,0.9759002538283451,122485.67055957268,0.5804606886547361,283419,7202,8.778274085923119
898,41,59,0.47872000000000015,973.5767767398693,41,40,1,0,0,12,71743,71739,70014,1533,63,133,0.9759000878134452,122509.91483116343,0.580274021414062,283554,7211,8.756635135465674
899,41,59,0.41328000000000015,973.9900567398693,41,40,1,0,0,12,71784,71780,70054,1534,63,133,0.9758999219881868,122530.81145352393,0.5800615522117893,283671,7218,8.733517150876946
900,41,59,0.41600000000000004,974.4060567398693,41,40,1,0,0,12,71825,71821,70094,1535,63,133,0.975899756352245,122551.3482536566,0.5798566491576624,283793,7225,8.714523762430447
901,40,60,0.5474718240863666,974.9535285639557,41,39,1,1,0,12,71866,71862,70133,1536,64,133,0.9758856761194445,122574.53150205268,0.5796906178586495,283940,7237,8.682937924673759
902,39,61,0.3981323787057179,975.3516609426614,40,38,1,1,0,11,71906,71902,70171,1537,65,133,0.9758712763886185,122588.69573712558,0.5794812819360428,284054,7246,8.664048299931805
903,39,61,0.37865600000000016,975.7303169426614,39,38,1,0,0,10,71945,71941,70209,1538,65,133,0.9758704565987908,122607.62417924353,0.5792768227032493,284165,7251,8.646196191089116
904,39,61,0.3781760000000002,976.1084929426614,39,38,1,0,0,10,71984,71980,70247,1539,65,133,0.9758696376972661,122623.30352147754,0.5790685035319773,284277,7259,8.627187900769643
905,39,61,0.35993600000000014,976.4684289426614,39,38,1,0,0,10,72023,72019,70285,1540,65,133,0.9758688196826014,122636.53432161483,0.5788496010535975,284385,7269,8.607782476235661
906,38,62,0.49320452694796435,976.9616334696093,39,37,1,1,0,10,72062,72058,70322,1541,66,133,0.9758541256140546,122660.91512152279,0.5786689291703192,284520,7278,8.584893547843924
907,38,62,0.3633280000000002,977.3249614696093,38,36,2,0,0,9,72100,72096,70358,1543,66,133,0.9758391123439667,122672.72066776952,0.5784766039787094,284628,7288,8.568210368606444
908,38,62,0.3834240000000002,977.7083854696093,38,37,1,0,0,9,72138,72134,70395,1544,66,133,0.9758379772103468,122691.27459961697,0.5782829953361515,284739,7293,8.551643173377148
909,38,62,0.40972800000000015,978.1181134696093,38,37,1,0,0,9,72176,72172,70432,1545,66,133,0.9758368432720018,122709.00860249657,0.5781007527643343,284855,7302,8.532156224003447
910,38,62,0.28729600000000016,978.4054094696093,38,37,1,0,0,9,72214,72210,70469,1546,66,133,0.9758357105270447,122720.20456743965,0.5778788860443028,284945,7307,8.520834964512215
911,38,62,0.33507200000000015,978.7404814696092,38,37,1,0,0,9,72252,72248,70506,1547,66,133,0.9758345789735924,122733.25797215424,0.5776682569800636,285045,7313,8.506140240996158
912,38,62,0.3186240000000002,979.0591054696092,38,37,1,0,0,9,72290,72286,70543,1548,66,133,0.9758334486097662,122744.12374966701,0.5774581664033802,285143,7321,8.49337078618893
913,38,62,0.3211200000000002,979.3802254696092,38,37,1,0,0,9,72328,72324,70580,1549,66,133,0.975832319433691,122754.35104109175,0.5772547913084729,285240,7330,8.480338563627935
914,37,63,0.3190878959171694,979.6993133655263,38,36,1,1,0,9,72366,72362,70616,1550,67,133,0.975817372799381,122767.44748020994,0.5770439180177195,285338,7334,8.468134832635528
915,37,63,0.3775680000000001,980.0768813655263,37,36,1,0,0,8,72403,72399,70652,1551,67,133,0.9758159192298662,122783.82878732478,0.576854452191413,285447,7342,8.451623560597907
916,37,63,0.3542400000000001,980.4311213655263,37,36,1,0,0,8,72440,72436,70688,1552,67,133,0.9758144671452237,122799.75755187545,0.5766549127109725,285549,7348,8.439517340630848
917,37,63,0.34025600000000006,980.7713773655263,37,36,1,0,0,8,72477,72473,70724,1553,67,133,0.9758130165431792,122811.18594992325,0.5764577300952093,285651,7356,8.426819644004743
918,36,64,0.28554881977636537,981.0569261853027,37,36,0,1,0,8,72514,72510,70760,1553,68,133,0.9758115674214635,122822.49967749645,0.5762437618936807,285739,7359,8.417060706142173
919,36,64,0.3176000000000001,981.3745261853027,36,36,0,0,0,7,72550,72546,70796,1553,68,133,0.9758235699517575,122841.94951401974,0.5760287474025138,285833,7359,8.404829578429224
920,36,64,0.2672,981.6417261853027,36,36,0,0,0,7,72586,72582,70832,1553,68,133,0.9758355605764197,122856.73355457418,0.5758060056841525,285916,7360,8.39475629119273
921,36,64,0.385152,982.0268781853026,36,36,0,0,0,7,72622,72618,70868,1553,68,133,0.9758475393131558,122877.98906582512,0.5756092269022608,286026,7364,8.38178295027864
922,36,64,0.377056,982.4039341853027,36,36,0,0,0,7,72658,72654,70904,1553,68,133,0.9758595061796361,122900.23258113934,0.5754173253638004,286133,7366,8.369180241279869
923,36,64,0.2919680000000001,982.6959021853027,36,36,0,0,0,7,72694,72690,70940,1553,68,133,0.975871461193496,122912.79909827479,0.5752022419951405,286223,7369,8.359014546475375
924,36,64,0.37769600000000003,983.0735981853027,36,36,0,0,0,7,72730,72726,70976,1553,68,133,0.975883404372336,122930.85708240187,0.575011667164207,286332,7373,8.346589353602702
925,36,64,0.3036160000000001,983.3772141853027,36,36,0,0,0,7,72766,72762,71012,1553,68,133,0.9758953357337218,122946.33458653407,0.5748002948534934,286424,7375,8.336257517533943
926,36,64,0.43280000000000013,983.8100141853027,36,36,0,0,0,7,72802,72798,71048,1553,68,133,0.9759072552951842,122971.46629492739,0.5746191581420534,286545,7378,8.322170040855267
927,36,64,0.3482880000000001,984.1583021853028,36,36,0,0,0,7,72838,72834,71084,1553,68,133,0.9759191630742196,122991.45750356058,0.5744247686281316,286645,7380,8.309589396993784
928,36,64,0.33523200000000014,984.4935341853028,36,36,0,0,0,7,72874,72870,71120,1553,68,133,0.9759310590882894,123009.45795465834,0.5742236643229828,286745,7382,8.298680479344869
929,36,64,0.5235520000000002,985.0170861853028,36,36,0,0,0,7,72910,72906,71156,1553,68,133,0.975942943354821,123041.36618519538,0.574076833326647,286886,7384,8.280889379688887
930,36,64,0.395296,985.4123821853028,36,36,0,0,0,7,72946,72942,71192,1553,68,133,0.9759548158912071,123060.6416078061,0.573891809440336,286998,7389,8.26664853141031
931,36,64,0.29289600000000016,985.7052781853029,36,36,0,0,0,7,72982,72978,71228,1553,68,133,0.9759666767148064,123078.00585520786,0.5736811454366936,287084,7389,8.255950040668226
932,36,64,0.41155200000000014,986.1168301853029,36,36,0,0,0,7,73018,73014,71264,1553,68,133,0.9759785258429429,123100.8378360088,0.5734955456423051,287200,7392,8.24334223918841
933,36,64,0.3235200000000001,986.4403501853029,36,36,0,0,0,7,73054,73050,71300,1553,68,133,0.9759903632929067,123118.06991389379,0.5732923299599266,287295,7395,8.232189954382477
934,36,64,0.31328000000000017,986.7536301853029,36,36,0,0,0,7,73090,73086,71336,1553,68,133,0.9760021890819538,123135.73346285292,0.5730844715660018,287390,7396,8.221704852033533
935,36,64,0.35484800000000016,987.1084781853028,36,36,0,0,0,7,73126,73122,71372,1553,68,133,0.9760140032273062,123155.1047190773,0.5728867373359836,287493,7398,8.208411743224046
936,36,64,0.28544000000000014,987.3939181853028,36,36,0,0,0,7,73162,73158,71408,1553,68,133,0.9760258057461524,123170.69992036969,0.5726748090218091,287581,7399,8.198961089585277
937,36,64,0.3721600000000001,987.7660781853028,36,36,0,0,0,7,73198,73194,71444,1553,68,133,0.9760375966556464,123189.21522750723,0.5724808357331456,287688,7405,8.183608863279524
938,36,64,0.46918400000000016,988.2352621853029,36,36,0,0,0,7,73234,73230,71480,1553,68,133,0.9760493759729088,123215.17017186529,0.5723166372356919,287816,7409,8.165575260270389
939,36,64,0.29644800000000016,988.5317101853029,36,36,0,0,0,7,73270,73266,71516,1553,68,133,0.9760611437150266,123231.06557417862,0.5721104433014657,287908,7411,8.155392150572283
940,36,64,0.32444800000000007,988.8561581853029,36,36,0,0,0,7,73306,73302,71552,1553,68,133,0.9760728998990533,123249.43217591969,0.5719065462968628,288004,7413,8.144910658270916
941,36,64,0.34588800000000014,989.2020461853028,36,36,0,0,0,7,73342,73338,71588,1553,68,133,0.9760846445420087,123268.43082283517,0.5717106679635342,288107,7416,8.13350202476794
942,36,64,0.28809600000000013,989.4901421853028,36,36,0,0,0,7,73378,73374,71624,1553,68,133,0.9760963776608793,123281.43838865613,0.5715014929588549,288197,7420,8.123594851705818
943,36,64,0.33523200000000003,989.8253741853028,36,36,0,0,0,7,73414,73410,71660,1553,68,133,0.9761080992726183,123300.93285439658,0.5712998484673529,288296,7421,8.112428304788992
944,36,64,0.30502400000000013,990.1303981853029,36,36,0,0,0,7,73450,73446,71696,1553,68,133,0.9761198093941457,123313.61629112375,0.5710972915456933,288389,7428,8.100594467705346
945,36,64,0.3244800000000001,990.4548781853028,36,36,0,0,0,7,73486,73482,71732,1553,68,133,0.9761315080423482,123329.9433325085,0.5708985455887409,288485,7432,8.089057833823064
946,36,64,0.32755200000000007,990.7824301853028,36,36,0,0,0,7,73522,73518,71768,1553,68,133,0.9761431952340796,123349.04240999013,0.5707006620452162,288581,7433,8.078480069960962
947,36,64,0.362752,991.1451821853028,36,36,0,0,0,7,73558,73554,71804,1553,68,133,0.9761548709861606,123369.0827517329,0.5705083702746566,288686,7436,8.066894129925398
948,36,64,0.2764480000000001,991.4216301853028,36,36,0,0,0,7,73594,73590,71840,1553,68,133,0.976166535315379,123381.3790981513,0.5702910774598129,288773,7440,8.056517565348804
949,36,64,0.3237120000000001,991.7453421853028,36,36,0,0,0,7,73630,73626,71876,1553,68,133,0.9761781882384898,123396.90321140345,0.5700856610579522,288870,7445,8.043113980899411
950,36,64,0.29641600000000007,992.0417581853028,36,36,0,0,0,7,73666,73662,71912,1553,68,133,0.9761898297722151,123412.29690165054,0.56987357391933,288961,7447,8.03307503995286
951,36,64,0.3330240000000001,992.3747821853028,36,36,0,0,0,7,73702,73698,71948,1553,68,133,0.9762014599332447,123430.14171547948,0.5696699463116031,289060,7449,8.022177326528878
952,36,64,0.3093440000000001,992.6841261853028,36,36,0,0,0,7,73738,73734,71984,1553,68,133,0.9762130787382354,123447.55070368157,0.5694658355567449,289151,7449,8.012344117144307
953,36,64,0.30627200000000016,992.9903981853029,36,36,0,0,0,7,73774,73770,72020,1553,68,133,0.9762246862038116,123463.83230296029,0.5692662152208433,289243,7451,8.000416160109513
954,36,64,0.33238400000000007,993.3227821853029,36,36,0,0,0,7,73810,73806,72056,1553,68,133,0.9762362823465655,123482.72102463295,0.5690700962264565,289343,7453,7.989583068424347
955,36,64,0.47257600000000016,993.7953581853029,36,36,0,0,0,7,73846,73842,72092,1553,68,133,0.9762478671830567,123510.1844550105,0.5689105843530355,289474,7457,7.974597329410355
956,36,64,0.34691200000000005,994.1422701853029,36,36,0,0,0,7,73882,73878,72128,1553,68,133,0.9762594407298124,123528.74199495588,0.5687160480349457,289576,7460,7.962300941925499
957,36,64,0.30518400000000007,994.447454185303,36,36,0,0,0,7,73918,73914,72164,1553,68,133,0.976271003003328,123543.93536122116,0.5685052570558183,289669,7463,7.951953561930315
958,36,64,0.2886720000000001,994.736126185303,36,36,0,0,0,7,73954,73950,72200,1553,68,133,0.9762825540200665,123556.73908349095,0.5682980287488311,289757,7467,7.942102867870826
959,36,64,0.3131520000000001,995.0492781853029,36,36,0,0,0,7,73990,73986,72236,1553,68,133,0.9762940937964589,123573.61056956764,0.5681021509102259,289851,7468,7.93061168806218
960,36,64,0.3632000000000001,995.4124781853029,36,35,1,0,0,7,74026,74022,72271,1554,68,133,0.9762921135817145,123590.3172765917,0.5679226693742361,289955,7472,7.917714766351717
961,36,64,0.37241599999999997,995.784894185303,36,36,0,0,0,7,74062,74058,72307,1554,68,133,0.9763036374929114,123610.78453665973,0.5677381492778143,290063,7474,7.904821414998944
962,36,64,0.33513600000000016,996.120030185303,36,36,0,0,0,7,74098,74094,72343,1554,68,133,0.9763151502064833,123631.70327685378,0.567539042745964,290158,7474,7.89298341074949
963,36,64,0.30003200000000013,996.420062185303,36,36,0,0,0,7,74134,74130,72379,1554,68,133,0.9763266517387433,123648.43771791457,0.5673289283750919,290248,7475,7.88272959850093
964,36,64,0.46435200000000004,996.884414185303,36,36,0,0,0,7,74170,74166,72415,1554,68,133,0.9763381421059728,123672.84135017388,0.5671689573203107,290375,7482,7.865052960759117
965,36,64,0.3537920000000001,997.2382061853029,36,36,0,0,0,7,74206,74202,72451,1554,68,133,0.9763496213244212,123693.15900145055,0.5669736299269272,290479,7482,7.85339643929755
966,36,64,0.38166400000000017,997.619870185303,36,36,0,0,0,7,74242,74238,72487,1554,68,133,0.9763610894103069,123711.56959521654,0.5667838015558123,290591,7486,7.840071969037237
967,36,64,0.316096,997.935966185303,36,36,0,0,0,7,74278,74274,72523,1554,68,133,0.9763725463798164,123728.95675059041,0.5665857573578821,290685,7487,7.829115881286477
968,36,64,0.3200320000000001,998.2559981853029,36,36,0,0,0,7,74314,74310,72559,1554,68,133,0.9763839922491051,123743.43277131,0.5663895917302345,290781,7491,7.818361591816546
969,36,64,0.35289600000000004,998.6088941853029,36,36,0,0,0,7,74350,74346,72595,1554,68,133,0.9763954270342973,123761.16487609282,0.5662018129601155,290884,7493,7.806699337061221
970,36,64,0.32902400000000004,998.9379181853029,36,36,0,0,0,7,74386,74382,72631,1554,68,133,0.9764068507514855,123778.34272686354,0.5660125152803622,290981,7494,7.795120630389238
971,36,64,0.32803200000000016,999.2659501853029,36,36,0,0,0,7,74422,74418,72667,1554,68,133,0.9764182634167317,123794.51934398497,0.5658209377962422,291081,7497,7.783187425263725
972,35,65,0.37741389881223475,999.6433640841152,36,35,0,1,0,7,74458,74454,72702,1554,69,133,0.9764162346557791,123812.00380737538,0.5656475264986722,291187,7502,7.770379829768297
973,35,65,0.4111680000000001,1000.0545320841152,35,35,0,0,0,6,74493,74489,72737,1554,69,133,0.9764273153182178,123835.4309958605,0.5654837752530094,291303,7505,7.758105631353879
974,35,65,0.32550399999999996,1000.3800360841152,35,35,0,0,0,6,74528,74524,72772,1554,69,133,0.9764383855732074,123852.25167526449,0.5652957738910274,291399,7508,7.747809973655637
975,35,65,0.301088,1000.6811240841153,35,35,0,0,0,6,74563,74559,72807,1554,69,133,0.9764494454354036,123868.98185318496,0.5651007201315075,291489,7509,7.737617103480945
976,35,65,0.46588800000000014,1001.1470120841152,35,35,0,0,0,6,74598,74594,72842,1554,69,133,0.9764604949194349,123895.39448535908,0.5649466610428923,291619,7511,7.723713546511252
977,35,65,0.3489280000000002,1001.4959400841152,35,35,0,0,0,6,74633,74629,72877,1554,69,133,0.976471534039902,123915.96514068423,0.5647593000357599,291719,7512,7.712462697371002
978,35,65,0.2893760000000001,1001.7853160841152,35,35,0,0,0,6,74668,74664,72912,1554,69,133,0.9764825628113784,123930.36113295912,0.5645598138814709,291807,7515,7.703743288855351
979,35,65,0.3546560000000002,1002.1399720841151,35,35,0,0,0,6,74703,74699,72947,1554,69,133,0.9764935812484103,123951.5391664008,0.5643760078789073,291909,7516,7.692680777359847
980,35,65,0.3131840000000001,1002.4531560841151,35,35,0,0,0,6,74738,74734,72982,1554,69,133,0.9765045893655169,123968.36624810066,0.564187813320894,292001,7517,7.683167798034048
981,35,65,0.3410240000000001,1002.794180084115,35,35,0,0,0,6,74773,74769,73017,1554,69,133,0.9765155871771897,123980.46425595667,0.5640066512839792,292104,7527,7.671073343836762
982,35,65,0.3089280000000001,1003.1031080841151,35,35,0,0,0,6,74808,74804,73052,1554,69,133,0.9765265746978933,123996.26618400433,0.5638139171250496,292196,7529,7.661828458889704
983,35,65,0.553312,1003.6564200841151,35,35,0,0,0,6,74843,74839,73087,1554,69,133,0.9765375519420654,124033.74452540929,0.5636808193367078,292340,7529,7.645312896981864
984,35,65,0.5038080000000001,1004.1602280841151,35,35,0,0,0,6,74878,74874,73122,1554,69,133,0.9765485189241165,124065.65059611601,0.5635300398222378,292475,7531,7.62995847956992
985,35,65,0.4851200000000001,1004.6453480841152,35,35,0,0,0,6,74913,74909,73157,1554,69,133,0.9765594756584305,124096.93454287668,0.5633784623877606,292604,7532,7.614830569528107
986,35,65,0.5496000000000002,1005.1949480841153,35,35,0,0,0,6,74948,74944,73192,1554,69,133,0.9765704221593638,124131.44757424571,0.5632406182904993,292748,7535,7.598140455358749
987,35,65,0.511232,1005.7061800841152,35,35,0,0,0,6,74983,74979,73227,1554,69,133,0.9765813584412467,124163.28593064426,0.5630997696333041,292883,7537,7.582890825870448
988,35,65,0.533312,1006.2394920841152,35,35,0,0,0,6,75018,75014,73262,1554,69,133,0.9765922845183822,124191.81813384201,0.5629677323572215,293025,7546,7.565262577679997
989,35,65,0.5443200000000001,1006.7838120841152,35,35,0,0,0,6,75053,75049,73297,1554,69,133,0.9766032004050471,124224.14275921122,0.5628368353547571,293170,7549,7.548319890681241
990,35,65,0.5417280000000001,1007.3255400841152,35,35,0,0,0,6,75088,75084,73332,1554,69,133,0.9766141061154912,124255.80710437283,0.5627041611577125,293311,7553,7.53103689790024
991,35,65,0.47676800000000014,1007.8023080841152,35,35,0,0,0,6,75123,75119,73367,1554,69,133,0.9766250016639378,124285.51809741012,0.5625555278400126,293440,7555,7.516443329688443
992,35,65,0.5152960000000001,1008.3176040841153,35,35,0,0,0,6,75158,75154,73402,1554,69,133,0.9766358870645839,124316.82982849426,0.5624141249019787,293578,7558,7.4994282558125125
993,35,65,0.5501760000000001,1008.8677800841152,35,35,0,0,0,6,75193,75189,73437,1554,69,133,0.9766467623316,124351.38327991817,0.562274671202199,293721,7561,7.482854716494328
994,35,65,0.38070400000000015,1009.2484840841153,35,35,0,0,0,6,75228,75224,73472,1554,69,133,0.9766576274791301,124371.48827021518,0.562095009774046,293830,7563,7.471154237682915
995,35,65,0.2975680000000001,1009.5460520841152,35,35,0,0,0,6,75263,75259,73507,1554,69,133,0.976668482521292,124386.05226652627,0.5619008731024048,293920,7565,7.461705165328465
996,34,66,0.3040977087710211,1009.8501497928862,35,34,0,1,0,6,75298,75294,73541,1554,70,133,0.9766660469069564,124401.23717936291,0.561707394198406,294009,7567,7.452110845555941
997,34,66,0.31686400000000003,1010.1670137928862,34,34,0,0,0,5,75332,75328,73575,1554,70,133,0.9766765783465194,124415.07818405965,0.561524213677232,294101,7573,7.441639289751995
998,34,66,0.352192,1010.5192057928862,34,34,0,0,0,5,75366,75362,73609,1554,70,133,0.9766871002839477,124432.50091554588,0.5613499082709256,294202,7577,7.43092777187463
999,34,66,0.3122560000000001,1010.8314617928862,34,34,0,0,0,5,75400,75396,73643,1554,70,133,0.9766976127320955,124447.27806243801,0.5611616846471752,294297,7581,7.421984107845237
1000,34,66,0.28412800000000005,1011.1155897928862,34,34,0,0,0,5,75434,75430,73677,1554,70,133,0.976708115703794,124462.60474114331,0.5609693070976316,294383,7582,7.413378462724929
1001,34,66,0.2712000000000001,1011.3867897928862,34,34,0,0,0,5,75468,75464,73711,1554,70,133,0.9767186092118514,124475.89910263775,0.5607754872894085,294466,7585,7.405314143295375
1002,34,66,0.28217600000000004,1011.6689657928863,34,34,0,0,0,5,75502,75498,73745,1554,70,133,0.9767290932690524,124488.5948451475,0.5605783799871162,294552,7589,7.39649463200127
1003,34,66,0.30112,1011.9700857928863,34,34,0,0,0,5,75536,75532,73779,1554,70,133,0.9767395678881593,124503.52215824924,0.5603868959021148,294645,7591,7.387388332313956
1004,34,66,0.29568000000000016,1012.2657657928862,34,34,0,0,0,5,75570,75566,73813,1554,70,133,0.9767500330819108,124520.20038558713,0.5601974931424332,294734,7591,7.379164422610716
1005,34,66,0.2818880000000001,1012.5476537928862,34,34,0,0,0,5,75604,75600,73847,1554,70,133,0.9767604888630231,124534.00640222382,0.560009767572612,294821,7593,7.371133923001998
1006,34,66,0.30544000000000004,1012.8530937928862,34,34,0,0,0,5,75638,75634,73881,1554,70,133,0.9767709352441895,124549.26067076404,0.5598225387649731,294913,7593,7.362431086003124
1007,34,66,0.27395200000000003,1013.1270457928862,34,34,0,0,0,5,75672,75668,73915,1554,70,133,0.9767813722380801,124563.9947369433,0.5596296870067948,294996,7593,7.3546875490202535
1008,34,66,0.26016000000000017,1013.3872057928862,34,34,0,0,0,5,75706,75702,73949,1554,70,133,0.9767917998573429,124575.60868969696,0.5594370104223112,295075,7594,7.347221554029508
1009,34,66,0.3138880000000001,1013.7010937928862,34,34,0,0,0,5,75740,75736,73983,1554,70,133,0.9768022181146025,124592.86941028485,0.5592579375839974,295167,7594,7.338408254234758
1010,34,66,0.257984,1013.9590777928862,34,34,0,0,0,5,75774,75770,74017,1554,70,133,0.9768126270224615,124604.0977067984,0.5590608159322896,295249,7596,7.3308465720472125
1011,34,66,0.33900800000000003,1014.2980857928862,34,34,0,0,0,5,75808,75804,74051,1554,70,133,0.9768230265934994,124620.69067318605,0.5588909982231398,295346,7598,7.32105926150854
1012,34,66,0.26873600000000014,1014.5668217928862,34,34,0,0,0,5,75842,75838,74085,1554,70,133,0.9768334168402732,124634.29838612786,0.5586988070194231,295429,7599,7.313236560073682
1013,34,66,0.421152,1014.9879737928862,34,34,0,0,0,5,75876,75872,74119,1554,70,133,0.9768437977753176,124658.88785576742,0.5585408096519684,295544,7599,7.301626756994048
1014,34,66,0.35974400000000006,1015.3477177928862,34,34,0,0,0,5,75910,75906,74153,1554,70,133,0.9768541694111448,124677.64272438387,0.5583701128093486,295647,7600,7.291183651704492
1015,34,66,0.3056640000000001,1015.6533817928862,34,34,0,0,0,5,75944,75940,74187,1554,70,133,0.9768645317602443,124691.47670875902,0.5581866459586591,295738,7602,7.282384378729439
1016,34,66,0.331744,1015.9851257928862,34,34,0,0,0,5,75978,75974,74221,1554,70,133,0.9768748848350839,124704.89654179063,0.558010887919813,295834,7609,7.271507390025668
1017,34,66,0.2431040000000001,1016.2282297928862,34,34,0,0,0,5,76012,76008,74255,1554,70,133,0.9768852286481082,124717.67688035074,0.5578134568830897,295909,7609,7.2645086902793565
1018,34,66,0.37785599999999997,1016.6060857928861,34,34,0,0,0,5,76046,76042,74289,1554,70,133,0.9768955632117403,124739.73722191088,0.5576451904516964,296016,7610,7.253550020394903
1019,34,66,0.3081280000000001,1016.9142137928861,34,34,0,0,0,5,76080,76076,74323,1554,70,133,0.9769058885383807,124753.838897406,0.5574708129922955,296107,7612,7.2446211167317225
1020,34,66,0.3112320000000001,1017.2254457928861,34,34,0,0,0,5,76114,76110,74357,1554,70,133,0.9769162046404078,124768.68380054398,0.5572925462106294,296199,7616,7.2349085376029745
1021,34,66,0.26265600000000006,1017.4881017928861,34,34,0,0,0,5,76148,76144,74391,1554,70,133,0.9769265115301781,124782.28273753724,0.5571055724905591,296280,7616,7.227214237515527
1022,34,66,0.2992960000000001,1017.7873977928862,34,34,0,0,0,5,76182,76178,74425,1554,70,133,0.9769368092200257,124798.04748559817,0.5569230511757801,296369,7616,7.218655207744206
1023,34,66,0.33286400000000005,1018.1202617928861,34,34,0,0,0,5,76216,76212,74459,1554,70,133,0.9769470977222631,124812.82297262685,0.5567434079468933,296466,7620,7.208889456529084
1024,34,66,0.322336,1018.4425977928861,34,34,0,0,0,5,76250,76246,74493,1554,70,133,0.9769573770491803,124829.42904736385,0.5565636851365244,296559,7623,7.199177203087891
1025,34,66,0.2846400000000001,1018.7272377928861,34,34,0,0,0,5,76284,76280,74527,1554,70,133,0.976967647213046,124843.12903573974,0.5563776354540954,296646,7625,7.190572348747639
1026,34,66,0.345056,1019.0722937928861,34,34,0,0,0,5,76318,76314,74561,1554,70,133,0.9769779082261065,124860.46453722972,0.5562009433088029,296747,7626,7.180668606423202
1027,34,66,0.36688000000000004,1019.4391737928861,34,34,0,0,0,5,76352,76348,74595,1554,70,133,0.9769881601005868,124877.74383473312,0.5560270230264748,296853,7629,7.170394963123567
1028,34,66,0.29760000000000003,1019.7367737928861,34,34,0,0,0,5,76386,76382,74629,1554,70,133,0.9769984028486896,124891.0849084145,0.5558414116659917,296942,7632,7.161643382654034
1029,34,66,0.312544,1020.0493177928861,34,34,0,0,0,5,76420,76416,74663,1554,70,133,0.9770086364825962,124907.38808167122,0.5556555030444086,297035,7634,7.152115761248381
1030,34,66,0.2965760000000001,1020.345893792886,34,34,0,0,0,5,76454,76450,74697,1554,70,133,0.9770188610144662,124919.40309201906,0.5554742558384147,297125,7637,7.143238010460499
1031,34,66,0.28691200000000006,1020.6328057928861,34,34,0,0,0,5,76488,76484,74731,1554,70,133,0.9770290764564377,124933.62086371687,0.5552866246262658,297210,7639,7.134894178674925
1032,34,66,0.4507200000000001,1021.0835257928861,34,34,0,0,0,5,76522,76518,74765,1554,70,133,0.9770392828206268,124958.26323407023,0.5551320581756938,297334,7642,7.122433105338818
1033,34,66,0.29363200000000006,1021.3771577928861,34,34,0,0,0,5,76556,76552,74799,1554,70,133,0.9770494801191285,124973.83853368279,0.5549483698189701,297422,7643,7.114274238195084
1034,34,66,0.27264000000000005,1021.6497977928861,34,34,0,0,0,5,76590,76586,74833,1554,70,133,0.9770596683640161,124987.48619718969,0.5547617656735739,297506,7645,7.106339583767158
1035,34,66,0.3241920000000001,1021.9739897928862,34,34,0,0,0,5,76624,76620,74867,1554,70,133,0.9770698475673418,125002.06979425147,0.5545834337052488,297605,7647,7.097315965887885
1036,34,66,0.2943680000000001,1022.2683577928861,34,34,0,0,0,5,76658,76654,74901,1554,70,133,0.977080017741136,125015.34555556733,0.5544008106143188,297694,7650,7.089002207404432
1037,34,66,0.39945600000000003,1022.6678137928861,34,34,0,0,0,5,76692,76688,74935,1554,70,133,0.9770901788974078,125036.56639564176,0.5542475053367119,297808,7654,7.077384731427781
1038,34,66,0.29504,1022.9628537928861,34,34,0,0,0,5,76726,76722,74969,1554,70,133,0.9771003310481453,125049.6863358242,0.554062129533406,297897,7655,7.068994341114558
1039,34,66,0.3759040000000002,1023.3387577928861,34,34,0,0,0,5,76760,76756,75003,1554,70,133,0.9771104742053153,125068.52010182872,0.5538989296634826,298003,7656,7.058441733332296
1040,34,66,0.34675200000000006,1023.6855097928861,34,34,0,0,0,5,76794,76790,75037,1554,70,133,0.9771206083808631,125085.61933821547,0.5537240780695862,298103,7660,7.046997983754513
1041,34,66,0.336608,1024.022117792886,34,34,0,0,0,5,76828,76824,75071,1554,70,133,0.9771307335867132,125104.82905986505,0.5535560831568641,298199,7661,7.037652981550293
1042,33,67,0.2905802968694992,1024.3126980897555,34,33,0,1,0,5,76862,76858,75104,1554,71,133,0.9771278395045666,125118.12090097702,0.5533789570300836,298285,7663,7.029439460628881
1043,33,67,0.34614400000000006,1024.6588420897556,33,33,0,0,0,5,76895,76891,75137,1554,71,133,0.9771376552441641,125136.36220470765,0.5532163738921055,298384,7665,7.019152555056017
1044,33,67,0.348288,1025.0071300897555,33,33,0,0,0,5,76928,76924,75170,1554,71,133,0.977147462562396,125154.41525637651,0.5530564906937455,298483,7669,7.008965629920801
1045,33,67,0.3189120000000001,1025.3260420897554,33,33,0,0,0,5,76961,76957,75203,1554,71,133,0.9771572614700953,125172.32054149377,0.5528896740527983,298574,7670,7.0001615163723105
1046,33,67,0.329344,1025.6553860897554,33,33,0,0,0,5,76994,76990,75236,1554,71,133,0.9771670519780762,125189.81496262872,0.5527236336608846,298670,7672,6.990221707727136
1047,33,67,0.5749760000000002,1026.2303620897555,33,33,0,0,0,5,77027,77023,75269,1554,71,133,0.9771768340971347,125227.68059434995,0.5526125502721182,298815,7672,6.974152017023826
1048,33,67,0.44752,1026.6778820897555,33,33,0,0,0,5,77060,77056,75302,1554,71,133,0.9771866078380482,125253.93820528197,0.5524717387420494,298937,7673,6.961442645403213
1049,33,67,0.45040000000000013,1027.1282820897554,33,32,1,0,0,5,77093,77089,75334,1555,71,133,0.9771834018652796,125275.98961466023,0.5523388312150471,299061,7676,6.949025375638116
1050,33,67,0.4524160000000001,1027.5806980897555,33,33,0,0,0,5,77126,77122,75367,1555,71,133,0.9771931644322278,125299.5820565264,0.5522032189031671,299185,7679,6.935193844420156
1051,33,67,0.5408320000000001,1028.1215300897554,33,33,0,0,0,5,77159,77155,75400,1555,71,133,0.9772029186485051,125330.6775792847,0.5520852442360314,299327,7680,6.919938298176446
1052,33,67,0.4546560000000001,1028.5761860897555,33,33,0,0,0,5,77192,77188,75433,1555,71,133,0.9772126645248213,125350.75354034016,0.5519553597989927,299452,7689,6.905973814167784
1053,33,67,0.3880000000000001,1028.9641860897555,33,33,0,0,0,5,77225,77221,75466,1555,71,133,0.977222402071868,125372.65120007502,0.551808958843203,299560,7690,6.894832399612392
1054,33,67,0.4635840000000001,1029.4277700897555,33,33,0,0,0,5,77258,77254,75499,1555,71,133,0.9772321313003184,125400.60386047736,0.5516771059806582,299684,7690,6.881626705937184
1055,33,67,0.4843520000000002,1029.9121220897555,33,33,0,0,0,5,77291,77287,75532,1555,71,133,0.9772418522208278,125430.75591525264,0.5515430089597977,299815,7690,6.867974339368004
1056,33,67,0.4331840000000002,1030.3453060897555,33,33,0,0,0,5,77324,77320,75565,1555,71,133,0.9772515648440329,125454.79582040213,0.5514055548610083,299932,7692,6.8557933611902255
1057,33,67,0.5945600000000001,1030.9398660897555,33,33,0,0,0,5,77357,77353,75598,1555,71,133,0.9772612691805524,125490.52399214964,0.5512989686686929,300083,7694,6.839372057400419
1058,33,67,0.3124160000000001,1031.2522820897555,33,33,0,0,0,5,77390,77386,75631,1555,71,133,0.9772709652409872,125507.1355941349,0.5511289299062238,300173,7694,6.8307542461870145
1059,33,67,0.29673600000000006,1031.5490180897555,33,33,0,0,0,5,77423,77419,75664,1555,71,133,0.9772806530359196,125521.61238035685,0.5509510272006528,300261,7694,6.8224016900229865
1060,33,67,0.2800960000000001,1031.8291140897554,33,33,0,0,0,5,77456,77452,75697,1555,71,133,0.977290332575914,125535.55451308239,0.5507757471291057,300346,7696,6.814372683155081
1061,33,67,0.35926400000000014,1032.1883780897554,33,33,0,0,0,5,77489,77485,75730,1555,71,133,0.9773000038715173,125551.43106710225,0.5506173892875957,300449,7701,6.803360770726354
1062,33,67,0.403808,1032.5921860897554,33,33,0,0,0,5,77522,77518,75763,1555,71,133,0.9773096669332576,125572.23049596969,0.5504601509852217,300560,7702,6.792528309674594
1063,33,67,0.6455680000000001,1033.2377540897553,33,33,0,0,0,5,77555,77551,75796,1555,71,133,0.9773193217716459,125611.67019524693,0.5503601527707793,300721,7703,6.774860253988668
1064,33,67,0.46255999999999997,1033.7003140897552,33,33,0,0,0,5,77588,77584,75829,1555,71,133,0.9773289683971749,125637.85289584748,0.5502168601951198,300846,7705,6.761932487865231
1065,33,67,0.505472,1034.2057860897553,33,33,0,0,0,5,77621,77617,75862,1555,71,133,0.9773386068203193,125666.32458264045,0.5500856854295098,300980,7709,6.746752741904489
1066,33,67,0.4753920000000001,1034.6811780897553,33,33,0,0,0,5,77654,77650,75895,1555,71,133,0.9773482370515363,125692.74744139436,0.5499485337950483,301107,7713,6.7322002867291735
1067,33,67,0.4579520000000001,1035.1391300897553,33,33,0,0,0,5,77687,77683,75928,1555,71,133,0.9773578591012654,125719.10791230164,0.5498107549875263,301230,7714,6.7192477539978555
1068,33,67,0.6500800000000001,1035.7892100897552,33,33,0,0,0,5,77720,77716,75961,1555,71,133,0.977367472979928,125756.3978569662,0.5497218076251437,301394,7719,6.700892255227959
1069,33,67,0.26032000000000005,1036.0495300897553,33,33,0,0,0,5,77753,77749,75994,1555,71,133,0.977377078697928,125767.52386414546,0.5495396084603428,301475,7722,6.693070376093445
1070,33,67,0.32211200000000006,1036.3716420897554,33,33,0,0,0,5,77786,77782,76027,1555,71,133,0.9773866762656519,125780.77082189258,0.5493697016803636,301568,7726,6.68344568188218
1071,33,67,0.3513600000000001,1036.7230020897555,33,33,0,0,0,5,77819,77815,76060,1555,71,133,0.9773962656934682,125797.09694596805,0.549208613804559,301667,7730,6.6727437939595164
1072,33,67,0.296128,1037.0191300897554,33,32,1,0,0,5,77852,77848,76092,1556,71,133,0.9773930021065612,125808.17866755075,0.549038377305574,301756,7735,6.663337056904493
1073,33,67,0.3634240000000001,1037.3825540897553,33,33,0,0,0,5,77885,77881,76125,1556,71,133,0.9774025807279964,125828.85984094368,0.5488818503022185,301861,7735,6.652858315643008
1074,33,67,0.2363200000000001,1037.6188740897553,33,33,0,0,0,5,77918,77914,76158,1556,71,133,0.9774121512359146,125840.35551063536,0.5486953421909322,301937,7735,6.645567404539104
1075,33,67,0.24176000000000009,1037.8606340897554,33,33,0,0,0,5,77951,77947,76191,1556,71,133,0.9774217136406204,125851.03983113804,0.5485124916978333,302016,7736,6.638640456486558
1076,33,67,0.250848,1038.1114820897553,33,33,0,0,0,5,77984,77980,76224,1556,71,133,0.9774312679524005,125863.0756467282,0.5483324321905613,302094,7737,6.631458830987559
1077,33,67,0.2601920000000001,1038.3716740897553,33,33,0,0,0,5,78017,78013,76257,1556,71,133,0.9774408141815245,125873.41821951722,0.5481526737166943,302175,7741,6.623231663035627
1078,33,67,0.2328960000000001,1038.6045700897553,33,33,0,0,0,5,78050,78046,76290,1556,71,133,0.9774503523382447,125884.2756571938,0.5479652790134446,302252,7741,6.616196257739723
1079,33,67,0.34953600000000007,1038.9541060897552,33,33,0,0,0,5,78083,78079,76323,1556,71,133,0.9774598824327959,125902.24653166693,0.5478081764115185,302352,7741,6.606299068047908
1080,33,67,0.22288000000000008,1039.1769860897552,33,33,0,0,0,5,78116,78112,76356,1556,71,133,0.9774694044753955,125911.872329223,0.5476215539918287,302423,7742,6.599530922744405
1081,33,67,0.3057280000000001,1039.4827140897553,33,33,0,0,0,5,78149,78145,76389,1556,71,133,0.9774789184762441,125925.56492353322,0.5474542553629687,302514,7745,6.589958653429705
1082,33,67,0.3160000000000001,1039.7987140897553,33,33,0,0,0,5,78182,78178,76422,1556,71,133,0.9774884244455245,125941.00591347349,0.5472889461312127,302606,7747,6.580328597084077
1083,33,67,0.29840000000000017,1040.0971140897552,33,33,0,0,0,5,78215,78211,76455,1556,71,133,0.9774979223934028,125956.94596715774,0.5471186356629663,302696,7747,6.570776311053925
1084,33,67,0.28486400000000006,1040.3819780897552,33,33,0,0,0,5,78248,78244,76488,1556,71,133,0.9775074123300276,125969.01787998257,0.5469465447381262,302782,7751,6.5612778883375
1085,33,67,0.27577600000000013,1040.6577540897551,33,33,0,0,0,5,78281,78277,76521,1556,71,133,0.9775168942655306,125978.84701745349,0.5467733619039421,302866,7756,6.55244997642667
1086,33,67,0.25248000000000004,1040.9102340897552,33,33,0,0,0,5,78314,78310,76554,1556,71,133,0.9775263682100263,125989.47700296294,0.546594759289183,302944,7759,6.544224374082882
1087,32,68,0.292795213656875,1041.2030293034122,33,32,0,1,0,5,78347,78343,76586,1556,72,133,0.9775230704430291,125999.82549778974,0.5464287447789858,303031,7762,6.535488253138391
1088,32,68,0.27673600000000004,1041.4797653034123,32,32,0,0,0,5,78379,78375,76618,1556,72,133,0.9775322471580398,126012.64889843175,0.5462634684243503,303114,7764,6.527236323794084
1089,32,68,0.29388800000000004,1041.7736533034122,32,32,0,0,0,5,78411,78407,76650,1556,72,133,0.9775414163829055,126025.4178858201,0.546103665908106,303202,7767,6.518328956651153
1090,32,68,0.32153600000000004,1042.095189303412,32,32,0,0,0,5,78443,78439,76682,1556,72,133,0.9775505781267927,126038.17515729697,0.545944485850039,303295,7771,6.508385769094039
1091,32,68,0.295424,1042.390613303412,32,32,0,0,0,5,78475,78471,76714,1556,72,133,0.9775597323988532,126049.46199928518,0.545780793389746,303383,7775,6.49959260433461
1092,32,68,0.28540800000000005,1042.676021303412,32,32,0,0,0,5,78507,78503,76746,1556,72,133,0.9775688792082234,126061.92270125229,0.5456189369634697,303468,7778,6.491174612263459
1093,32,68,0.3241280000000001,1043.000149303412,32,32,0,0,0,5,78539,78535,76778,1556,72,133,0.9775780185640255,126077.90333282729,0.5454633222054742,303562,7781,6.4809442557399946
1094,32,68,0.24857600000000007,1043.248725303412,32,32,0,0,0,5,78571,78567,76810,1556,72,133,0.9775871504753663,126089.76249814527,0.5452901989898632,303639,7782,6.47326490589257
1095,32,68,0.35232000000000013,1043.6010453034119,32,32,0,0,0,5,78603,78599,76842,1556,72,133,0.9775962749513377,126109.731867638,0.5451408641173952,303740,7782,6.462977421409837
1096,32,68,0.3159040000000001,1043.916949303412,32,32,0,0,0,5,78635,78631,76874,1556,72,133,0.9776053920010174,126123.79566004396,0.5449854649504687,303831,7787,6.453111417584049
1097,32,68,0.28496000000000005,1044.2019093034119,32,32,0,0,0,5,78667,78663,76906,1556,72,133,0.9776145016334676,126136.73929007212,0.5448143028723209,303914,7790,6.444466543323797
1098,32,68,0.3262720000000002,1044.5281813034119,32,32,0,0,0,5,78699,78695,76938,1556,72,133,0.9776236038577364,126153.28754038048,0.5446550840523302,304009,7791,6.43506889818675
1099,31,69,0.2956166693604772,1044.8237979727724,32,31,0,1,0,5,78731,78727,76969,1556,73,133,0.977619997205675,126162.5321472962,0.5444956404174937,304096,7795,6.425351611587523
1100,31,69,0.22873600000000008,1045.0525339727724,31,31,0,0,0,4,78762,78758,77000,1556,73,133,0.9776288057692796,126173.5919616797,0.5443239051822323,304169,7795,6.41863223274439
1101,30,70,0.3511663697284065,1045.4037003425008,31,30,0,1,0,4,78793,78789,77030,1556,74,133,0.9776249159189269,126188.13569990279,0.5441840641886914,304269,7798,6.408166357261271
1102,30,70,0.237856,1045.6415563425007,30,30,0,0,0,4,78823,78819,77060,1556,74,133,0.9776334318663334,126199.23835236007,0.5440199761220637,304342,7799,6.401049549462647
1103,30,70,0.3996480000000001,1046.0412043425008,30,30,0,0,0,4,78853,78849,77090,1556,74,133,0.9776419413338744,126218.86733705562,0.543888157730918,304451,7802,6.389608774256626
1104,30,70,0.258464,1046.2996683425008,30,30,0,0,0,4,78883,78879,77120,1556,74,133,0.9776504443289429,126231.4765035036,0.5437251709411801,304528,7802,6.382068884558743
1105,30,70,0.2754560000000001,1046.5751243425009,30,30,0,0,0,4,78913,78909,77150,1556,74,133,0.9776589408589206,126243.0540597883,0.543568805061791,304610,7803,6.373848491260255
1106,30,70,0.30707200000000007,1046.882196342501,30,30,0,0,0,4,78943,78939,77180,1556,74,133,0.9776674309311781,126256.61269413448,0.5434235658723572,304701,7805,6.365196244337966
1107,29,71,0.2692293677268885,1047.1514257102278,30,29,0,1,0,4,78973,78969,77209,1556,75,133,0.9776632519975181,126267.01043769448,0.5432691143683378,304780,7808,6.357905014992604
1108,29,71,0.24508800000000008,1047.3965137102277,29,29,0,0,0,3,79002,78998,77238,1556,75,133,0.9776714513556619,126276.96031895668,0.5431144957982642,304856,7811,6.350999099377467
1109,29,71,0.25264000000000003,1047.6491537102277,29,29,0,0,0,3,79031,79027,77267,1556,75,133,0.9776796446963849,126286.68245609483,0.5429585537113751,304933,7814,6.34419508253923
1110,29,71,0.27168000000000003,1047.9208337102277,29,29,0,0,0,3,79060,79056,77296,1556,75,133,0.9776878320263092,126297.15885255262,0.5428063519038926,305014,7816,6.336998206618098
1111,29,71,0.325312,1048.2461457102277,29,29,0,0,0,3,79089,79085,77325,1556,75,133,0.9776960133520465,126312.56174120185,0.5426695820489592,305108,7820,6.328169640822695
1112,29,71,0.22192000000000006,1048.4680657102276,29,29,0,0,0,3,79118,79114,77354,1556,75,133,0.9777041886801991,126322.870797483,0.5425083779909021,305177,7821,6.322144516801616
1113,29,71,0.25350400000000006,1048.7215697102276,29,29,0,0,0,3,79147,79143,77383,1556,75,133,0.9777123580173601,126334.25289098248,0.5423542068707694,305253,7821,6.315155401217086
1114,29,71,0.23036800000000007,1048.9519377102276,29,29,0,0,0,3,79176,79172,77412,1556,75,133,0.9777205213701121,126345.56382945683,0.5421988144141752,305324,7821,6.308904273435181
1115,29,71,0.22288000000000008,1049.1748177102277,29,29,0,0,0,3,79205,79201,77441,1556,75,133,0.9777286787450287,126355.5146027288,0.5420384404718368,305394,7823,6.3024962377454
1116,29,71,0.21059200000000003,1049.3854097102276,29,29,0,0,0,3,79234,79230,77470,1556,75,133,0.9777368301486735,126365.58386743462,0.5418775690683616,305461,7823,6.296773499671182
1117,29,71,0.23632000000000003,1049.6217297102276,29,29,0,0,0,3,79263,79259,77499,1556,75,133,0.9777449755876008,126376.88821154698,0.5417220909028045,305533,7824,6.290353348821347
1118,29,71,0.265056,1049.8867857102275,29,29,0,0,0,3,79292,79288,77528,1556,75,133,0.9777531150683549,126390.96120276784,0.5415733112427231,305611,7824,6.282657078324282
1119,29,71,0.25996800000000003,1050.1467537102276,29,29,0,0,0,3,79321,79317,77557,1556,75,133,0.977761248597471,126403.25509840902,0.5414220418173363,305687,7825,6.275338496946078
1120,29,71,0.29113600000000006,1050.4378897102276,29,29,0,0,0,3,79350,79346,77586,1556,75,133,0.9777693761814745,126415.2952790304,0.5412775229600255,305770,7828,6.267172311535479
1121,29,71,0.31116800000000006,1050.7490577102276,29,29,0,0,0,3,79379,79375,77615,1556,75,133,0.9777774978268812,126429.85213757468,0.5411390218839531,305857,7830,6.258969922414319
1122,29,71,0.24684800000000007,1050.9959057102276,29,29,0,0,0,3,79408,79404,77644,1556,75,133,0.9777856135401974,126442.50969769196,0.5409867583161033,305932,7830,6.252449363835869
1123,29,71,0.5453439999999999,1051.5412497102275,29,29,0,0,0,3,79437,79433,77673,1556,75,133,0.9777937233279203,126473.67665001121,0.5408898752184932,306070,7831,6.237723529754265
1124,29,71,0.398368,1051.9396177102274,29,29,0,0,0,3,79466,79462,77702,1556,75,133,0.9778018271965369,126493.7167112708,0.5407676384780121,306178,7832,6.22743991575876
1125,29,71,0.3996160000000001,1052.3392337102273,29,29,0,0,0,3,79495,79491,77731,1556,75,133,0.9778099251525253,126514.02488397606,0.5406427585933518,306286,7833,6.217297738778765
1126,29,71,0.4436800000000001,1052.7829137102274,29,29,0,0,0,3,79524,79520,77760,1556,75,133,0.9778180172023541,126536.33172153358,0.5405245364630813,306405,7835,6.205661859099596
1127,29,71,0.42092799999999997,1053.2038417102274,29,29,0,0,0,3,79553,79549,77789,1556,75,133,0.977826103352482,126555.78599443848,0.5404015989216425,306518,7840,6.1944728152782975
1128,29,71,0.533184,1053.7370257102273,29,29,0,0,0,3,79582,79578,77818,1556,75,133,0.9778341836093589,126586.77900218475,0.5403053627909499,306653,7840,6.180042232517794
1129,29,71,0.19312000000000004,1053.9301457102272,29,29,0,0,0,3,79611,79607,77847,1556,75,133,0.9778422579794249,126594.78101377292,0.5401437197684626,306715,7840,6.174762574806186
1130,29,71,0.20992000000000005,1054.1400657102272,29,29,0,0,0,3,79640,79636,77876,1556,75,133,0.977850326469111,126604.05608440882,0.539985150341785,306782,7841,6.168983724130568
1131,29,71,0.23420800000000003,1054.3742737102273,29,29,0,0,0,3,79669,79665,77905,1556,75,133,0.9778583890848385,126614.58395625598,0.5398325768973663,306853,7843,6.162579880660642
1132,29,71,0.2224000000000001,1054.5966737102274,29,29,0,0,0,3,79698,79694,77934,1556,75,133,0.9778664458330196,126623.50577135617,0.539680646270257,306921,7844,6.1563845084017785
1133,29,71,0.23113600000000006,1054.8278097102275,29,29,0,0,0,3,79727,79723,77963,1556,75,133,0.9778744967200572,126633.60481242425,0.5395219770099604,306994,7844,6.1500547808672135
1134,29,71,0.314784,1055.1425937102274,29,29,0,0,0,3,79756,79752,77992,1556,75,133,0.9778825417523447,126648.86129760332,0.5393767559336456,307081,7845,6.141690425188182
1135,29,71,0.23180800000000004,1055.3744017102274,29,29,0,0,0,3,79785,79781,78021,1556,75,133,0.9778905809362662,126660.47592530365,0.5392200032801856,307152,7845,6.134962321270294
1136,29,71,0.211264,1055.5856657102274,29,29,0,0,0,3,79814,79810,78050,1556,75,133,0.9778986142781968,126669.18502539163,0.5390613524032527,307220,7847,6.128968844625302
1137,29,71,0.29180800000000007,1055.8774737102274,29,29,0,0,0,3,79843,79839,78079,1556,75,133,0.977906641784502,126685.01727759167,0.5389154842950754,307302,7847,6.120831523097178
1138,29,71,0.23155200000000004,1056.1090257102273,29,29,0,0,0,3,79872,79868,78108,1556,75,133,0.9779146634615384,126695.65427680848,0.5387594257364375,307374,7847,6.114651970033916
1139,29,71,0.21724800000000005,1056.3262737102273,29,29,0,0,0,3,79901,79897,78137,1556,75,133,0.9779226793156531,126704.44287057039,0.5386017695147117,307443,7849,6.108330421012276
1140,29,71,0.24697600000000006,1056.5732497102272,29,29,0,0,0,3,79930,79926,78166,1556,75,133,0.9779306893531841,126714.99305582322,0.5384503448525386,307518,7851,6.101345229756397
1141,29,71,0.25990399999999997,1056.8331537102272,29,29,0,0,0,3,79959,79955,78195,1556,75,133,0.97793869358046,126725.19170109373,0.5383031530774345,307597,7855,6.093823755712984
1142,29,71,0.22275200000000006,1057.055905710227,29,29,0,0,0,3,79988,79984,78224,1556,75,133,0.9779466920038006,126736.12367738353,0.5381486697438046,307666,7855,6.0876036123450135
1143,29,71,0.203712,1057.259617710227,29,29,0,0,0,3,80017,80013,78253,1556,75,133,0.9779546846295162,126744.68763898933,0.5379876026374175,307732,7856,6.082022391501043
1144,29,71,0.22537600000000005,1057.4849937102272,29,29,0,0,0,3,80046,80042,78282,1556,75,133,0.9779626714639083,126755.31926907915,0.5378294856587111,307803,7857,6.075800443531926
1145,29,71,0.29584000000000005,1057.7808337102272,29,29,0,0,0,3,80075,80071,78311,1556,75,133,0.9779706525132688,126769.21695551754,0.5376876269682127,307888,7860,6.067515047624284
1146,29,71,0.25238400000000005,1058.033217710227,29,29,0,0,0,3,80104,80100,78340,1556,75,133,0.977978627783881,126780.238800345,0.5375359273258749,307964,7862,6.060385078860676
1147,29,71,0.27792,1058.311137710227,29,29,0,0,0,3,80133,80129,78369,1556,75,133,0.9779865972820186,126792.57282534719,0.5373887184200185,308047,7863,6.052853818612935
1148,29,71,0.267872,1058.579009710227,29,29,0,0,0,3,80162,80158,78398,1556,75,133,0.9779945610139468,126806.1342315346,0.5372438727653738,308125,7864,6.045510652288204
1149,29,71,0.23670400000000005,1058.8157137102269,29,29,0,0,0,3,80191,80187,78427,1556,75,133,0.9780025189859212,126817.49076945442,0.5370929706380746,308196,7865,6.038938956743123
1150,29,71,0.2599040000000001,1059.0756177102269,29,29,0,0,0,3,80220,80216,78456,1556,75,133,0.9780104712041885,126830.7094921263,0.5369447292677884,308274,7865,6.0317695278420755
1151,29,71,0.248096,1059.323713710227,29,29,0,0,0,3,80249,80245,78485,1556,75,133,0.9780184176749867,126842.3525886965,0.5367922910955587,308349,7867,6.024829049707521
1152,29,71,0.2863360000000001,1059.6100497102268,29,29,0,0,0,3,80278,80274,78514,1556,75,133,0.9780263584045442,126856.96972840127,0.5366478206409993,308431,7867,6.01682255250543
1153,29,71,0.35011200000000003,1059.9601617102269,29,29,0,0,0,3,80307,80303,78543,1556,75,133,0.978034293399081,126876.27031473786,0.5365184442274524,308529,7868,6.00690993021333
1154,29,71,0.28064,1060.2408017102268,29,29,0,0,0,3,80336,80332,78572,1556,75,133,0.9780422226648078,126888.74431449106,0.5363781165314131,308612,7871,5.998990235735672
1155,28,72,0.3167528739122242,1060.557554584139,29,28,0,1,0,3,80365,80361,78600,1556,76,133,0.978037702980153,126899.29690121576,0.5362526903493134,308701,7876,5.989766269903092
1156,28,72,0.24124799999999993,1060.7988025841391,28,28,0,0,0,2,80393,80389,78628,1556,76,133,0.9780453522072817,126909.54747690898,0.5361005472384773,308773,7878,5.983059612526894
1157,28,72,0.337984,1061.1367865841391,28,28,0,0,0,2,80421,80417,78656,1556,76,133,0.9780529961079818,126926.41486265213,0.5359679200960518,308867,7881,5.973524664046385
1158,28,72,0.25126400000000004,1061.3880505841391,28,28,0,0,0,2,80449,80445,78684,1556,76,133,0.9780606346878147,126939.14155699217,0.5358253490148697,308943,7881,5.966610509417996
1159,27,73,0.3075762409504936,1061.6956268250897,28,27,0,1,0,2,80477,80473,78711,1556,77,133,0.9780558420418256,126953.47008545743,0.5356960416536937,309030,7882,5.958551579716216
1160,27,73,0.25254400000000005,1061.9481708250896,27,27,0,0,0,1,80504,80500,78738,1556,77,133,0.9780632018284806,126963.55218093525,0.5355624647445444,309103,7884,5.951923539696542
1161,27,73,0.559072,1062.5072428250896,27,27,0,0,0,1,80531,80527,78765,1556,77,133,0.9780705566800363,126994.3568960806,0.5354818520345976,309244,7886,5.937405043063908
1162,27,73,0.347808,1062.8550508250896,27,27,0,0,0,1,80558,80554,78792,1556,77,133,0.9780779066014549,127010.87687846489,0.5353662274597557,309339,7889,5.92843403366779
1163,27,73,0.391616,1063.2466668250897,27,27,0,0,0,1,80585,80581,78819,1556,77,133,0.9780852515976919,127028.82615499292,0.5352513938071307,309444,7892,5.918405455921436
1164,27,73,0.34572800000000004,1063.5923948250897,27,27,0,0,0,1,80612,80608,78846,1556,77,133,0.9780925916736962,127048.76854842699,0.5351274198175722,309538,7892,5.909615295882505
1165,27,73,0.35337600000000013,1063.9457708250898,27,27,0,0,0,1,80639,80635,78873,1556,77,133,0.9780999268344102,127068.97259919244,0.5350079521949953,309635,7892,5.900625942593628
1166,27,73,0.3399040000000001,1064.2856748250897,27,27,0,0,0,1,80666,80662,78900,1556,77,133,0.9781072570847693,127087.46457780605,0.5348881883390496,309729,7893,5.891815561639105
1167,27,73,0.34019200000000005,1064.6258668250896,27,27,0,0,0,1,80693,80689,78927,1556,77,133,0.9781145824297027,127105.91787850308,0.5347683531671823,309822,7894,5.883049067394497
1168,27,73,0.3574080000000001,1064.9832748250897,27,27,0,0,0,1,80720,80716,78954,1556,77,133,0.9781219028741328,127125.79737201564,0.534652509877921,309919,7895,5.8738443072774
1169,27,73,0.380064,1065.3633388250896,27,27,0,0,0,1,80747,80743,78981,1556,77,133,0.9781292184229755,127146.72174601578,0.5345396576819305,310022,7895,5.864105656702243
1170,27,73,0.504576,1065.8679148250897,27,27,0,0,0,1,80774,80770,79008,1556,77,133,0.97813652908114,127173.68645273837,0.5344457971582693,310150,7897,5.851024055001023
1171,27,73,0.24361600000000003,1066.1115308250896,27,27,0,0,0,1,80801,80797,79035,1556,77,133,0.9781438348535291,127185.17723475031,0.5343046495901275,310222,7898,5.844739055910627
1172,27,73,0.18524800000000002,1066.2967788250896,27,27,0,0,0,1,80828,80824,79062,1556,77,133,0.9781511357450389,127193.42184400189,0.5341545762415291,310282,7898,5.83988498518298
1173,27,73,0.18352000000000007,1066.4802988250897,27,27,0,0,0,1,80855,80851,79089,1556,77,133,0.978158431760559,127201.46462100642,0.5340043714961604,310342,7898,5.835102544635954
1174,27,73,0.24243200000000004,1066.7227308250897,27,27,0,0,0,1,80882,80878,79116,1556,77,133,0.9781657229049727,127213.45114211403,0.5338663374249586,310416,7898,5.828514051587028
1175,27,73,0.225248,1066.9479788250896,27,27,0,0,0,1,80909,80905,79143,1556,77,133,0.9781730091831564,127223.59730178815,0.5337236308728023,310485,7899,5.822578932910047
1176,27,73,0.21174400000000004,1067.1597228250896,27,27,0,0,0,1,80936,80932,79170,1556,77,133,0.9781802905999802,127233.86489939193,0.5335799149756001,310550,7899,5.817036442551558
1177,27,73,0.20524800000000007,1067.3649708250896,27,27,0,0,0,1,80963,80959,79197,1556,77,133,0.9781875671603077,127243.38132908073,0.5334367342587903,310615,7899,5.811815161712669
1178,27,73,0.220192,1067.5851628250896,27,27,0,0,0,1,80990,80986,79224,1556,77,133,0.9781948388689962,127252.2068782795,0.5332939306472458,310683,7902,5.805963784576524
1179,27,73,0.19894400000000004,1067.7841068250896,27,27,0,0,0,1,81017,81013,79251,1556,77,133,0.9782021057308959,127261.39594270937,0.533147842677688,310746,7902,5.800742744301461
1180,27,73,0.24019200000000007,1068.0242988250895,27,27,0,0,0,1,81044,81040,79278,1556,77,133,0.9782093677508514,127272.28785855672,0.5330127687189208,310818,7902,5.79473263525598
1181,27,73,0.237824,1068.2621228250896,27,27,0,0,0,1,81071,81067,79305,1556,77,133,0.9782166249337001,127284.11603737384,0.5328720250804189,310890,7902,5.7885648916479715
1182,27,73,0.23766400000000004,1068.4997868250896,27,27,0,0,0,1,81098,81094,79332,1556,77,133,0.9782238772842734,127294.25094613059,0.5327340858601295,310961,7902,5.782578702551609
1183,27,73,0.21622400000000006,1068.7160108250896,27,27,0,0,0,1,81125,81121,79359,1556,77,133,0.978231124807396,127304.59974578494,0.5325914835867361,311028,7902,5.777148577643317
1184,27,73,0.221696,1068.9377068250897,27,27,0,0,0,1,81152,81148,79386,1556,77,133,0.9782383675078864,127314.65933989047,0.5324504616997879,311095,7902,5.771447979040788
1185,27,73,0.18639999999999998,1069.1241068250897,27,27,0,0,0,1,81179,81175,79413,1556,77,133,0.9782456053905567,127322.24363010269,0.5323025121705939,311155,7903,5.766591730219425
1186,27,73,0.22416000000000003,1069.3482668250897,27,27,0,0,0,1,81206,81202,79440,1556,77,133,0.9782528384602123,127332.54097308204,0.5321624976517553,311223,7904,5.760689925592104
1187,27,73,0.25856000000000007,1069.6068268250897,27,27,0,0,0,1,81233,81229,79467,1556,77,133,0.9782600667216526,127345.35773702014,0.5320273770490825,311298,7904,5.753721069252235
1188,27,73,0.2604800000000001,1069.8673068250896,27,27,0,0,0,1,81260,81256,79494,1556,77,133,0.9782672901796702,127358.15659640142,0.53189375714408,311375,7904,5.7469366705504035
1189,27,73,0.3018240000000001,1070.1691308250895,27,27,0,0,0,1,81287,81283,79521,1556,77,133,0.9782745088390518,127371.08936688115,0.5317693067348328,311461,7906,5.738947928825752
1190,27,73,0.24150400000000005,1070.4106348250896,27,27,0,0,0,1,81314,81310,79548,1556,77,133,0.9782817227045774,127382.54606586615,0.5316315797170993,311533,7907,5.732753572893556
1191,27,73,0.29958400000000013,1070.7102188250897,27,27,0,0,0,1,81341,81337,79575,1556,77,133,0.9782889317810206,127398.97462609666,0.5315049976724836,311617,7907,5.72469391453154
1192,27,73,0.22598400000000007,1070.9362028250896,27,27,0,0,0,1,81368,81364,79602,1556,77,133,0.9782961360731491,127409.99476911449,0.5313649126936502,311686,7907,5.718950145837969
1193,27,73,0.35552000000000006,1071.2917228250897,27,27,0,0,0,1,81395,81391,79629,1556,77,133,0.9783033355857239,127430.08938778932,0.5312477308862847,311783,7907,5.709623831343587
1194,27,73,0.22883200000000006,1071.5205548250897,27,27,0,0,0,1,81422,81418,79656,1556,77,133,0.9783105303234998,127441.36300986854,0.5311075303956517,311852,7907,5.703860646385478
1195,27,73,0.23171200000000006,1071.7522668250897,27,27,0,0,0,1,81449,81445,79683,1556,77,133,0.9783177202912252,127450.93827013335,0.5309710067097022,311922,7909,5.697728396355285
1196,27,73,0.22896,1071.9812268250896,27,27,0,0,0,1,81476,81472,79710,1556,77,133,0.9783249054936423,127461.46348539958,0.5308305517262737,311990,7909,5.691841857940062
1197,27,73,0.2676160000000001,1072.2488428250897,27,27,0,0,0,1,81503,81499,79737,1556,77,133,0.978332085935487,127472.83516751374,0.5306929441106442,312070,7909,5.684706475420661
1198,27,73,0.24489600000000003,1072.4937388250896,27,27,0,0,0,1,81530,81526,79764,1556,77,133,0.978339261621489,127483.31393503655,0.5305557036636278,312143,7909,5.678371682465684
1199,27,73,0.191104,1072.6848428250896,27,27,0,0,0,1,81557,81553,79791,1556,77,133,0.9783464325563717,127491.92543806612,0.5304099957329725,312204,7909,5.673468769691654
1200,27,73,0.201184,1072.8860268250896,27,27,0,0,0,1,81584,81580,79818,1556,77,133,0.978353598744852,127501.23739126793,0.5302657230196545,312267,7909,5.668273886314235
1201,27,73,0.28899199999999997,1073.1750188250896,27,27,0,0,0,1,81611,81607,79845,1556,77,133,0.9783607601916409,127516.14005124722,0.5301401611426493,312349,7909,5.660759922626609
1202,27,73,0.222528,1073.3975468250896,27,27,0,0,0,1,81638,81634,79872,1556,77,133,0.978367916901443,127525.12841573083,0.5299990287070313,312416,7909,5.655071130546054
1203,27,73,0.274432,1073.6719788250896,27,27,0,0,0,1,81665,81661,79899,1556,77,133,0.9783750688789568,127537.03803450715,0.5298684192213066,312494,7910,5.64798038990976
1204,27,73,0.2106880000000001,1073.8826668250895,27,27,0,0,0,1,81692,81688,79926,1556,77,133,0.9783822161288743,127546.05342960541,0.5297268345446076,312560,7910,5.642530678435524
1205,27,73,0.273248,1074.1559148250894,27,27,0,0,0,1,81719,81715,79953,1556,77,133,0.9783893586558817,127559.64204908887,0.5295997659664592,312639,7911,5.635572082577817
1206,27,73,0.21923199999999998,1074.3751468250894,27,27,0,0,0,1,81746,81742,79980,1556,77,133,0.9783964964646589,127570.22573076459,0.5294606837555434,312706,7911,5.62996690988144
1207,27,73,0.21510400000000002,1074.5902508250895,27,27,0,0,0,1,81773,81769,80007,1556,77,133,0.9784036295598791,127579.59035524045,0.5293203195379451,312773,7912,5.624316091270037
1208,27,73,0.24640000000000004,1074.8366508250895,27,27,0,0,0,1,81800,81796,80034,1556,77,133,0.9784107579462102,127590.80358371309,0.529185832767629,312847,7912,5.617879491425795
1209,27,73,0.2041920000000001,1075.0408428250894,27,27,0,0,0,1,81827,81823,80061,1556,77,133,0.9784178816283134,127599.96693662232,0.529044978431116,312910,7912,5.612538369560453
1210,27,73,0.28896000000000005,1075.3298028250895,27,27,0,0,0,1,81854,81850,80088,1556,77,133,0.9784250006108437,127613.91680903781,0.5289176055423732,312993,7913,5.605200331295036
1211,27,73,0.23814400000000002,1075.5679468250894,27,27,0,0,0,1,81881,81877,80115,1556,77,133,0.9784321148984502,127625.69245876113,0.5287829854475398,313064,7913,5.598889572632358
1212,27,73,0.2709120000000001,1075.8388588250893,27,27,0,0,0,1,81908,81904,80142,1556,77,133,0.9784392244957757,127639.13747265513,0.5286551825207606,313142,7913,5.591713403623043
1213,27,73,0.2890880000000001,1076.1279468250893,27,27,0,0,0,1,81935,81931,80169,1556,77,133,0.9784463294074571,127653.09590303568,0.5285307838694616,313225,7913,5.583980465174908
1214,27,73,0.25804800000000006,1076.3859948250893,27,27,0,0,0,1,81962,81958,80196,1556,77,133,0.978453429638125,127664.90892733137,0.5284044559140609,313301,7913,5.577464728094797
1215,27,73,0.22323200000000007,1076.6092268250893,27,27,0,0,0,1,81989,81985,80223,1556,77,133,0.9784605251924039,127675.46531749333,0.5282691167494118,313368,7913,5.571519588799118
1216,27,73,0.23020800000000008,1076.8394348250893,27,27,0,0,0,1,82016,82012,80250,1556,77,133,0.9784676160749122,127685.14557821103,0.5281355996440775,313437,7914,5.56535185543027
1217,27,73,0.21788800000000005,1077.0573228250892,27,27,0,0,0,1,82043,82039,80277,1556,77,133,0.9784747022902625,127693.87579043,0.5279928558110198,313505,7915,5.559626568019644
1218,27,73,0.243328,1077.3006508250892,27,27,0,0,0,1,82070,82066,80304,1556,77,133,0.9784817838430608,127705.15630398243,0.5278555544480278,313579,7915,5.553529457482168
1219,27,73,0.22617600000000002,1077.526826825089,27,27,0,0,0,1,82097,82093,80331,1556,77,133,0.9784888607379076,127716.06662034312,0.5277178697494925,313648,7915,5.547741983095554
1220,27,73,0.21555200000000005,1077.742378825089,27,27,0,0,0,1,82124,82120,80358,1556,77,133,0.978495932979397,127726.16787146004,0.5275787217364248,313715,7915,5.542249446656316
1221,27,73,0.268224,1078.0106028250889,27,27,0,0,0,1,82151,82147,80385,1556,77,133,0.9785030005721173,127736.85865346038,0.5274468673480224,313793,7917,5.535426517765249
1222,27,73,0.24374400000000004,1078.254346825089,27,27,0,0,0,1,82178,82174,80412,1556,77,133,0.9785100635206503,127748.94569689567,0.5273112772002045,313866,7917,5.529331245156276
1223,27,73,0.26870399999999994,1078.523050825089,27,27,0,0,0,1,82205,82201,80439,1556,77,133,0.9785171218295724,127762.86227223818,0.5271786670237926,313943,7917,5.522328750896683
1224,27,73,0.228768,1078.751818825089,27,27,0,0,0,1,82232,82228,80466,1556,77,133,0.9785241755034536,127772.89974826813,0.5270375634327045,314013,7917,5.516427510411554
1225,27,73,0.30976,1079.061578825089,27,27,0,0,0,1,82259,82255,80493,1556,77,133,0.9785312245468581,127787.6209346079,0.5269101495239235,314100,7919,5.508338260853858
1226,27,73,0.255008,1079.3165868250892,27,27,0,0,0,1,82286,82282,80520,1556,77,133,0.9785382689643439,127800.61168684115,0.5267789844024,314174,7919,5.501792937296662
1227,27,73,0.3256320000000001,1079.6422188250892,27,27,0,0,0,1,82313,82309,80547,1556,77,133,0.9785453087604631,127818.47689336872,0.5266605221613518,314263,7919,5.4935386204200425
1228,27,73,0.3080319999999999,1079.9502508250891,27,27,0,0,0,1,82340,82336,80574,1556,77,133,0.978552343939762,127835.35528097191,0.5265377007593465,314348,7919,5.485391356241057
1229,27,73,0.25689600000000007,1080.2071468250892,27,27,0,0,0,1,82367,82363,80601,1556,77,133,0.9785593745067807,127845.98250983581,0.5264039368678749,314424,7920,5.478952905235584
1230,27,73,0.2866560000000001,1080.4938028250892,27,27,0,0,0,1,82394,82390,80628,1556,77,133,0.9785664004660534,127861.07207536134,0.526279608398319,314506,7920,5.47157439401213
1231,27,73,0.30489600000000006,1080.7986988250893,27,27,0,0,0,1,82421,82417,80655,1556,77,133,0.9785734218221085,127874.18059462945,0.526159735371506,314593,7921,5.463718446682478
1232,27,73,0.29196800000000006,1081.0906668250893,27,27,0,0,0,1,82448,82444,80682,1556,77,133,0.9785804385794683,127888.43363714752,0.5260375113016641,314678,7921,5.456407845964787
1233,27,73,0.269504,1081.3601708250894,27,27,0,0,0,1,82475,82471,80709,1556,77,133,0.9785874507426493,127899.11421878226,0.5259112598259676,314758,7922,5.449728788766757
1234,27,73,0.24988800000000003,1081.6100588250895,27,27,0,0,0,1,82502,82498,80736,1556,77,133,0.978594458316162,127912.02048387492,0.5257812695668117,314830,7922,5.443572515055822
1235,27,73,0.21785600000000008,1081.8279148250895,27,27,0,0,0,1,82529,82525,80763,1556,77,133,0.9786014613045111,127921.82389042428,0.5256461265950767,314897,7923,5.437786733970375
1236,27,73,0.23046400000000009,1082.0583788250894,27,27,0,0,0,1,82556,82552,80790,1556,77,133,0.9786084597121953,127930.90900539707,0.5255128183271474,314966,7926,5.431377327203871
1237,27,73,0.17689600000000005,1082.2352748250894,27,27,0,0,0,1,82583,82579,80817,1556,77,133,0.9786154535437075,127938.36166759375,0.5253697738730636,315024,7926,5.426724289862394
1238,27,73,0.20288000000000006,1082.4381548250894,27,27,0,0,0,1,82610,82606,80844,1556,77,133,0.9786224428035347,127947.74406522968,0.5252323383992804,315087,7926,5.421252518464691
1239,27,73,0.3796480000000001,1082.8178028250895,27,27,0,0,0,1,82637,82633,80871,1556,77,133,0.9786294274961579,127969.26651785312,0.52512393362269,315189,7926,5.41143410539258
1240,27,73,0.23577600000000007,1083.0535788250895,27,27,0,0,0,1,82664,82660,80898,1556,77,133,0.9786364076260524,127979.82547674589,0.5249893415715176,315259,7927,5.4050379577404035
1241,27,73,0.3432000000000001,1083.3967788250895,27,27,0,0,0,1,82691,82687,80925,1556,77,133,0.9786433831976877,127997.15368397643,0.5248786733506552,315353,7930,5.395726300919864
1242,27,73,0.23120000000000007,1083.6279788250895,27,27,0,0,0,1,82718,82714,80952,1556,77,133,0.9786503542155275,128007.5549086481,0.5247477907822633,315423,7930,5.389655713800791
1243,27,73,0.28496000000000005,1083.9129388250894,27,27,0,0,0,1,82745,82741,80979,1556,77,133,0.9786573206840292,128021.8244745876,0.5246221148428337,315504,7931,5.38195591890226
1244,27,73,0.22128000000000003,1084.1342188250894,27,27,0,0,0,1,82772,82768,81006,1556,77,133,0.978664282607645,128031.37986957503,0.5244846207479817,315571,7931,5.376307321486194
1245,27,73,0.22345600000000007,1084.3576748250894,27,27,0,0,0,1,82799,82795,81033,1556,77,133,0.9786712399908212,128040.29816305364,0.5243482311991788,315641,7932,5.370388065067884
1246,27,73,0.21782400000000002,1084.5754988250894,27,27,0,0,0,1,82826,82822,81060,1556,77,133,0.9786781928379977,128048.2918436248,0.5242085284139926,315709,7933,5.364678490233437
1247,27,73,0.32559999999999995,1084.9010988250893,27,27,0,0,0,1,82853,82849,81087,1556,77,133,0.9786851411536094,128063.27152812631,0.5240894299671001,315800,7934,5.35624753385782
1248,27,73,0.21120000000000003,1085.1122988250893,27,27,0,0,0,1,82880,82876,81114,1556,77,133,0.9786920849420849,128072.11949442772,0.523949952094477,315866,7934,5.350687540209972
1249,27,73,0.259648,1085.3719468250893,27,27,0,0,0,1,82907,82903,81141,1556,77,133,0.9786990242078474,128084.81406457745,0.5238183031099378,315942,7935,5.343659456392075
1250,27,73,0.33251200000000014,1085.7044588250892,27,27,0,0,0,1,82934,82930,81168,1556,77,133,0.9787059589553139,128102.63315166741,0.5237037671384365,316035,7935,5.3352028854041444
1251,27,73,0.29590400000000006,1086.0003628250893,27,27,0,0,0,1,82961,82957,81195,1556,77,133,0.978712889188896,128114.33657173517,0.5235791880971216,316120,7937,5.3276354415963665
1252,27,73,0.28230400000000005,1086.2826668250893,27,27,0,0,0,1,82988,82984,81222,1556,77,133,0.9787198149129994,128126.94545407008,0.5234540760877329,316202,7937,5.320538824888318
1253,27,73,0.23792000000000002,1086.5205868250894,27,27,0,0,0,1,83015,83011,81249,1556,77,133,0.9787267361320243,128137.55182202785,0.5233178961272996,316273,7938,5.313992596734344
1254,27,73,0.21251200000000003,1086.7330988250894,27,27,0,0,0,1,83042,83038,81276,1556,77,133,0.9787336528503648,128144.91446939346,0.5231798813539315,316338,7941,5.308311071921992
1255,27,73,0.31964800000000004,1087.0527468250893,27,27,0,0,0,1,83069,83065,81303,1556,77,133,0.9787405650724097,128158.98437945475,0.52306247645685,316429,7945,5.299421027943271
1256,27,73,0.22048000000000004,1087.2732268250893,27,27,0,0,0,1,83096,83092,81330,1556,77,133,0.9787474728025416,128169.66017541628,0.5229300525002639,316495,7945,5.293687646770819
1257,27,73,0.310912,1087.5841388250892,27,27,0,0,0,1,83123,83119,81357,1556,77,133,0.9787543760451379,128185.55459130417,0.5228095127437786,316582,7946,5.285475241049344
1258,27,73,0.23756800000000008,1087.8217068250892,27,27,0,0,0,1,83150,83146,81384,1556,77,133,0.9787612748045701,128194.73552059082,0.5226784787027872,316654,7949,5.2790628589357675
1259,27,73,0.34934400000000004,1088.1710508250892,27,27,0,0,0,1,83177,83173,81411,1556,77,133,0.9787681690852038,128210.77705955757,0.5225640235004704,316749,7953,5.269716752675586
1260,27,73,0.25344000000000005,1088.4244908250892,27,27,0,0,0,1,83204,83200,81438,1556,77,133,0.9787750588913995,128223.33306208896,0.522435012004824,316824,7953,5.263297232327761
1261,27,73,0.23539200000000005,1088.6598828250892,27,27,0,0,0,1,83231,83227,81465,1556,77,133,0.9787819442275114,128234.099742637,0.5223042979703293,316893,7953,5.257264130099374
1262,27,73,0.25904,1088.918922825089,27,27,0,0,0,1,83258,83254,81492,1556,77,133,0.9787888250978884,128246.47002890932,0.5221790329431358,316968,7953,5.250430697558841
1263,27,73,0.37830400000000003,1089.2972268250892,27,27,0,0,0,1,83285,83281,81519,1556,77,133,0.978795701506874,128266.62600366211,0.5220732901906807,317071,7953,5.240581712867485
1264,27,73,0.2712000000000001,1089.568426825089,27,27,0,0,0,1,83312,83308,81546,1556,77,133,0.9788025734588055,128279.5247722771,0.5219470356060295,317149,7954,5.233539616145299
1265,27,73,0.22092799999999999,1089.789354825089,27,27,0,0,0,1,83339,83335,81573,1556,77,133,0.9788094409580148,128289.23991686375,0.5218156197268871,317217,7954,5.227731538172462
1266,27,73,0.29062400000000005,1090.079978825089,27,27,0,0,0,1,83366,83362,81600,1556,77,133,0.9788163040088286,128303.88477618463,0.5216953155199817,317297,7955,5.220068094667815
1267,27,73,0.277568,1090.357546825089,27,27,0,0,0,1,83393,83389,81627,1556,77,133,0.9788231626155672,128317.27758238198,0.5215722545845134,317378,7955,5.212730035432241
1268,27,73,0.231008,1090.588554825089,27,27,0,0,0,1,83420,83416,81654,1556,77,133,0.9788300167825461,128328.07329657517,0.5214367104051638,317449,7955,5.206663707783173
1269,27,73,0.26352000000000003,1090.852074825089,27,27,0,0,0,1,83447,83443,81681,1556,77,133,0.9788368665140748,128341.50040228722,0.521307168789257,317525,7955,5.1999215870390305
1270,27,73,0.2837120000000001,1091.1357868250889,27,27,0,0,0,1,83474,83470,81708,1556,77,133,0.9788437118144572,128355.11188530996,0.5211827375082543,317606,7956,5.1925709442469685
1271,27,73,0.267936,1091.4037228250888,27,27,0,0,0,1,83501,83497,81735,1556,77,133,0.9788505526879918,128369.0178711743,0.5210519340157537,317682,7956,5.185486036673701
1272,27,73,0.27017599999999997,1091.6738988250888,27,27,0,0,0,1,83528,83524,81762,1556,77,133,0.9788573891389714,128381.26124553915,0.5209251029234951,317761,7959,5.178461617763305
1273,27,73,0.266048,1091.9399468250888,27,27,0,0,0,1,83555,83551,81789,1556,77,133,0.9788642211716834,128392.71647459686,0.5207940146435334,317839,7959,5.171834200978623
1274,27,73,0.22374400000000003,1092.1636908250887,27,27,0,0,0,1,83582,83578,81816,1556,77,133,0.9788710487904094,128402.57662663779,0.5206608761878359,317905,7959,5.165909620841481
1275,27,73,0.21939200000000003,1092.3830828250886,27,27,0,0,0,1,83609,83605,81843,1556,77,133,0.9788778719994259,128412.10213291149,0.5205266264022232,317972,7960,5.1601590570781894
1276,27,73,0.26035200000000003,1092.6434348250887,27,27,0,0,0,1,83636,83632,81870,1556,77,133,0.9788846908030034,128423.8311672671,0.5204002300609407,318048,7961,5.153519598924149
1277,27,73,0.24588800000000005,1092.8893228250886,27,27,0,0,0,1,83663,83659,81897,1556,77,133,0.9788915052054074,128434.57527534531,0.5202673933543509,318120,7963,5.146974300443595
1278,27,73,0.330432,1093.2197548250886,27,27,0,0,0,1,83690,83686,81924,1556,77,133,0.9788983152108973,128450.32426482947,0.520151996093873,318209,7966,5.13815469991113
1279,27,73,0.23369600000000004,1093.4534508250886,27,27,0,0,0,1,83717,83713,81951,1556,77,133,0.9789051208237276,128461.55992649512,0.5200198749795184,318279,7966,5.132093732181409
1280,27,73,0.2469760000000001,1093.7004268250885,27,27,0,0,0,1,83744,83740,81978,1556,77,133,0.9789119220481467,128472.47432086019,0.5198916838776463,318352,7966,5.125728827515929
1281,27,73,0.22387200000000004,1093.9242988250885,27,27,0,0,0,1,83771,83767,82005,1556,77,133,0.9789187188883981,128482.4188940272,0.5197569652999899,318420,7966,5.119881364905858
1282,27,73,0.25296,1094.1772588250885,27,26,1,0,0,1,83798,83794,82031,1557,77,133,0.9789135778896871,128492.00699982262,0.5196298221106722,318494,7969,5.113194399492113
1283,27,73,0.2608,1094.4380588250885,27,27,0,0,0,1,83825,83821,82058,1557,77,133,0.9789203698180734,128503.49900201774,0.5195013391505242,318571,7970,5.106319639492608
1284,27,73,0.23472000000000004,1094.6727788250885,27,27,0,0,0,1,83852,83848,82085,1557,77,133,0.9789271573725135,128511.47733022978,0.5193694598339013,318641,7972,5.099956984210354
1285,27,73,0.19737600000000008,1094.8701548250885,27,27,0,0,0,1,83879,83875,82112,1557,77,133,0.9789339405572313,128519.47363793064,0.5192329061400256,318704,7972,5.094848738340636
1286,27,73,0.21622400000000006,1095.0863788250886,27,27,0,0,0,1,83906,83902,82139,1557,77,133,0.9789407193764451,128528.79802140353,0.5190999184726249,318770,7973,5.089159472838937
1287,27,73,0.263872,1095.3502508250886,27,27,0,0,0,1,83933,83929,82166,1557,77,133,0.9789474938343679,128541.35733656152,0.518974611419893,318847,7974,5.082471287712946
1288,27,73,0.2712,1095.6214508250885,27,27,0,0,0,1,83960,83956,82193,1557,77,133,0.9789542639352072,128554.2044598811,0.518850932711776,318926,7975,5.075197045885372
1289,27,73,0.19904000000000005,1095.8204908250884,27,27,0,0,0,1,83987,83983,82220,1557,77,133,0.9789610296831652,128562.73557535357,0.5187164201274993,318990,7975,5.069982478211499
1290,27,73,0.224416,1096.0449068250884,27,27,0,0,0,1,84014,84010,82247,1557,77,133,0.9789677910824386,128573.2866623219,0.5185867044066306,319058,7975,5.064226574029428
1291,27,73,0.23494400000000001,1096.2798508250885,27,27,0,0,0,1,84041,84037,82274,1557,77,133,0.9789745481372187,128583.70049755732,0.518456525023509,319127,7975,5.058391431203279
1292,27,73,0.1862080000000001,1096.4660588250886,27,27,0,0,0,1,84068,84064,82301,1557,77,133,0.9789813008516914,128591.39128399787,0.5183201594426337,319188,7975,5.0536015044994995
1293,27,73,0.22012800000000007,1096.6861868250885,27,27,0,0,0,1,84095,84091,82328,1557,77,133,0.9789880492300375,128600.0477568645,0.5181902990080817,319256,7976,5.047938215840209
1294,27,73,0.274432,1096.9606188250884,27,27,0,0,0,1,84122,84118,82355,1557,77,133,0.9789947932764318,128611.99716641397,0.5180684488281387,319335,7976,5.041165489479325
1295,27,73,0.25040000000000007,1097.2110188250883,27,27,0,0,0,1,84149,84145,82382,1557,77,133,0.9790015329950446,128624.22048141851,0.5179443933591867,319408,7976,5.034552307485352
1296,27,73,0.22230400000000008,1097.4333228250882,27,27,0,0,0,1,84176,84172,82409,1557,77,133,0.97900826839004,128634.27149869737,0.5178155979585797,319476,7976,5.028666792202296
1297,27,73,0.21340800000000007,1097.6467308250883,27,27,0,0,0,1,84203,84199,82436,1557,77,133,0.9790149994655772,128643.77220333679,0.5176827636787539,319543,7976,5.022978379045672
1298,27,73,0.27737600000000007,1097.9241068250883,27,26,1,0,0,1,84230,84226,82462,1558,77,133,0.9790098539712692,128653.04543540998,0.517564416879941,319623,7979,5.015676105710933
1299,27,73,0.26214400000000004,1098.1862508250883,27,27,0,0,0,1,84257,84253,82489,1558,77,133,0.9790165802247884,128664.1349714957,0.5174378515342136,319700,7979,5.009014663686397
1300,27,73,0.28035200000000005,1098.4666028250883,27,27,0,0,0,1,84284,84280,82516,1558,77,133,0.9790233021688577,128678.0386736139,0.5173137160030751,319781,7979,5.002063355617356
1301,27,73,0.23465600000000003,1098.7012588250884,27,27,0,0,0,1,84311,84307,82543,1558,77,133,0.9790300198076171,128689.02339403727,0.5171844683639184,319852,7979,4.995873681861205
1302,27,73,0.25120000000000003,1098.9524588250883,27,27,0,0,0,1,84338,84334,82570,1558,77,133,0.9790367331452015,128700.75212462968,0.5170559869518235,319925,7979,4.989482369766595
1303,27,73,0.2797760000000001,1099.2322348250884,27,27,0,0,0,1,84365,84361,82597,1558,77,133,0.9790434421857406,128714.46407547688,0.516933516339142,320004,7980,4.9819955947073105
1304,27,73,0.26374400000000003,1099.4959788250885,27,27,0,0,0,1,84392,84388,82624,1558,77,133,0.9790501469333586,128727.40485257919,0.5168052795261441,320079,7980,4.9749158243863665
1305,27,73,0.2835200000000001,1099.7794988250885,27,27,0,0,0,1,84419,84415,82651,1558,77,133,0.9790568473921748,128739.55202043462,0.5166837180680608,320161,7982,4.96748326362787
1306,27,73,0.24464000000000005,1100.0241388250884,27,27,0,0,0,1,84446,84442,82678,1558,77,133,0.9790635435663028,128751.26190528087,0.5165570078194011,320232,7982,4.961146884790076
1307,27,73,0.26054400000000005,1100.2846828250883,27,26,1,0,0,1,84473,84469,82704,1559,77,133,0.9790583973577356,128758.49515258713,0.51643437495922,320307,7985,4.954333374829449
1308,27,73,0.2722240000000001,1100.5569068250884,27,27,0,0,0,1,84500,84496,82731,1559,77,133,0.9790650887573964,128770.51529196705,0.5163126451883392,320386,7986,4.947172127338515
1309,27,73,0.28975999999999996,1100.8466668250883,27,27,0,0,0,1,84527,84523,82758,1559,77,133,0.9790717758822625,128782.15674565466,0.5161912833028891,320468,7988,4.939717239312405
1310,27,73,0.24809600000000004,1101.0947628250883,27,27,0,0,0,1,84554,84550,82785,1559,77,133,0.9790784587364287,128790.96403669576,0.5160614452141773,320543,7989,4.933206781595458
1311,27,73,0.23936000000000004,1101.3341228250883,27,27,0,0,0,1,84581,84577,82812,1559,77,133,0.9790851373239853,128798.63890545085,0.5159327007257983,320615,7991,4.927027410433051
1312,27,73,0.26486400000000004,1101.5989868250883,27,27,0,0,0,1,84608,84604,82839,1559,77,133,0.9790918116490166,128809.87881893391,0.5158104927746215,320692,7991,4.920313119413395
1313,27,73,0.24838400000000002,1101.8473708250883,27,27,0,0,0,1,84635,84631,82866,1559,77,133,0.9790984817156023,128818.68374719922,0.5156843224659193,320764,7994,4.913766967890713
1314,27,73,0.214752,1102.0621228250884,27,27,0,0,0,1,84662,84658,82893,1559,77,133,0.9791051475278165,128827.17685283642,0.5155520484480045,320831,7995,4.908192789810439
1315,27,73,0.2222080000000001,1102.2843308250883,27,27,0,0,0,1,84689,84685,82920,1559,77,133,0.9791118090897283,128836.38461384877,0.515423473884173,320898,7995,4.9025942385068
1316,27,73,0.263936,1102.5482668250884,27,27,0,0,0,1,84716,84712,82947,1559,77,133,0.9791184664054016,128849.39759515967,0.5152999647114996,320975,7995,4.895591248069289
1317,27,73,0.3550400000000001,1102.9033068250883,27,27,0,0,0,1,84743,84739,82974,1559,77,133,0.979125119478895,128867.44932259091,0.5151917591941804,321073,7995,4.886370201643342
1318,27,73,0.27667200000000003,1103.1799788250883,27,27,0,0,0,1,84770,84766,83001,1559,77,133,0.9791317683142621,128878.45204680093,0.5150724966907273,321154,7998,4.879207642259121
1319,27,73,0.23881600000000003,1103.4187948250883,27,27,0,0,0,1,84797,84793,83028,1559,77,133,0.9791384129155513,128890.05758012703,0.5149490845531521,321224,7998,4.872853367331617
1320,27,73,0.24777600000000005,1103.6665708250882,27,27,0,0,0,1,84824,84820,83055,1559,77,133,0.9791450532868056,128900.68410212475,0.5148264488682712,321297,7999,4.866374891820593
1321,27,73,0.2851200000000001,1103.9516908250882,27,27,0,0,0,1,84851,84847,83082,1559,77,133,0.9791516894320632,128915.04690176589,0.5147061722786916,321378,7999,4.85895837114257
1322,27,73,0.4339200000000001,1104.3856108250882,27,27,0,0,0,1,84878,84874,83109,1559,77,133,0.9791583213553571,128936.70345235289,0.5146158026171693,321492,7999,4.847587037434878
1323,27,73,0.2991040000000001,1104.6847148250881,27,27,0,0,0,1,84905,84901,83136,1559,77,133,0.9791649490607149,128950.58842427723,0.5145029031245614,321574,8000,4.839721761564135
1324,27,73,0.42928,1105.1139948250882,27,27,0,0,0,1,84932,84928,83163,1559,77,133,0.9791715725521594,128972.09941003303,0.514413341132627,321686,8000,4.82914505109625
1325,27,73,0.434176,1105.5481708250882,27,27,0,0,0,1,84959,84955,83190,1559,77,133,0.979178191833708,128992.48695203378,0.5143192305696339,321799,8002,4.818142586101524
1326,27,73,0.3860480000000001,1105.9342188250882,27,27,0,0,0,1,84986,84982,83217,1559,77,133,0.9791848069093733,129009.54647336515,0.5142147493612106,321902,8004,4.808042532622784
1327,27,73,0.35856000000000005,1106.2927788250881,27,27,0,0,0,1,85013,85009,83244,1559,77,133,0.9791914177831625,129024.13062082171,0.5141079464230927,322001,8007,4.7988430329953955
1328,27,73,0.36057600000000006,1106.6533548250882,27,27,0,0,0,1,85040,85036,83271,1559,77,133,0.9791980244590781,129038.75217779502,0.5140020535660325,322099,8011,4.789539227976274
1329,27,73,0.30566400000000005,1106.9590188250882,27,27,0,0,0,1,85067,85063,83298,1559,77,133,0.979204626941117,129052.13433431789,0.5138871469776731,322184,8012,4.781790678066146
1330,27,73,0.359872,1107.3188908250881,27,27,0,0,0,1,85094,85090,83325,1559,77,133,0.9792112252332714,129069.23306754616,0.5137789049552748,322283,8012,4.772618372300248
1331,27,73,0.39808000000000004,1107.716970825088,27,27,0,0,0,1,85121,85117,83352,1559,77,133,0.9792178193395285,129087.16194308345,0.5136747499502287,322388,8014,4.762611808305564
1332,27,73,0.21999999999999997,1107.936970825088,27,27,0,0,0,1,85148,85144,83379,1559,77,133,0.97922440926387,129095.56749738641,0.5135396475893866,322456,8016,4.75660750365077
1333,27,73,0.288928,1108.225898825088,27,27,0,0,0,1,85175,85171,83406,1559,77,133,0.979230995010273,129109.43170674157,0.5134198975949875,322539,8018,4.748838160063276
1334,27,73,0.24352000000000004,1108.469418825088,27,27,0,0,0,1,85202,85198,83433,1559,77,133,0.9792375765827094,129121.05789233759,0.5132944336327675,322611,8018,4.7426912979843205
1335,27,73,0.19977600000000006,1108.669194825088,27,27,0,0,0,1,85229,85225,83460,1559,77,133,0.9792441539851459,129129.66344535831,0.5131623368288373,322674,8018,4.737535613285429
1336,27,73,0.19254400000000005,1108.861738825088,27,27,0,0,0,1,85256,85252,83487,1559,77,133,0.9792507272215445,129137.67243130365,0.5130280847346145,322736,8018,4.732534992461279
1337,27,73,0.30457600000000007,1109.166314825088,27,27,0,0,0,1,85283,85279,83514,1559,77,133,0.979257296295862,129151.57455227096,0.5129105551247792,322823,8020,4.7243290313585815
1338,27,73,0.26358400000000004,1109.429898825088,27,27,0,0,0,1,85310,85306,83541,1559,77,133,0.9792638612120502,129163.53539034398,0.5127905714698889,322898,8021,4.717572419829693
1339,27,73,0.19216000000000003,1109.622058825088,27,27,0,0,0,1,85337,85333,83568,1559,77,133,0.9792704219740558,129171.49119382606,0.5126564673752529,322960,8021,4.71266442700268
1340,27,73,0.22307200000000005,1109.845130825088,27,27,0,0,0,1,85364,85360,83595,1559,77,133,0.9792769785858207,129181.64167050386,0.5125292625643544,323028,8021,4.7070279818714
1341,27,73,0.24179200000000006,1110.086922825088,27,27,0,0,0,1,85391,85387,83622,1559,77,133,0.9792835310512817,129193.04700484018,0.512404519750439,323100,8021,4.700662339710994
1342,27,73,0.24921600000000008,1110.336138825088,27,27,0,0,0,1,85418,85414,83649,1559,77,133,0.9792900793743707,129204.05900847593,0.5122809836950922,323173,8022,4.693918033684144
1343,27,73,0.334304,1110.670442825088,27,26,1,0,0,1,85445,85441,83675,1560,77,133,0.9792849201240564,129218.93881946217,0.5121767448251778,323264,8025,4.684747721802407
1344,27,73,0.23116799999999998,1110.901610825088,27,27,0,0,0,1,85472,85468,83702,1560,77,133,0.9792914638712092,129228.15000094869,0.5120522165984317,323333,8026,4.678674606611993
1345,27,73,0.23523200000000005,1111.136842825088,27,27,0,0,0,1,85499,85495,83729,1560,77,133,0.9792980034854208,129238.56942308714,0.5119279261447528,323404,8026,4.672503591477952
1346,27,73,0.20771200000000006,1111.344554825088,27,27,0,0,0,1,85526,85522,83756,1560,77,133,0.9793045389706054,129247.60676278922,0.5117981640793159,323469,8026,4.6671570809398135
1347,27,73,0.22854400000000002,1111.573098825088,27,27,0,0,0,1,85553,85549,83783,1560,77,133,0.9793110703306722,129258.03273924749,0.5116728313509807,323538,8026,4.661087480304641
1348,27,73,0.23536000000000007,1111.8084588250879,27,27,0,0,0,1,85580,85576,83810,1560,77,133,0.9793175975695256,129268.70528749113,0.5115476607037733,323610,8026,4.655107515617014
1349,27,73,0.2599680000000001,1112.068426825088,27,27,0,0,0,1,85607,85603,83837,1560,77,133,0.979324120691065,129279.5699725522,0.5114257158299126,323686,8027,4.648655541585425
1350,27,73,0.2875840000000001,1112.3560108250879,27,27,0,0,0,1,85634,85630,83864,1560,77,133,0.9793306396991849,129290.722215205,0.5113125653030139,323768,8029,4.6411915045884315
1351,27,73,0.24764800000000003,1112.603658825088,27,27,0,0,0,1,85661,85657,83891,1560,77,133,0.9793371545977749,129301.0452184899,0.5111901070558704,323841,8030,4.6349634032567995
1352,27,73,0.27062400000000003,1112.874282825088,27,27,0,0,0,1,85688,85684,83918,1560,77,133,0.9793436653907198,129311.25305068992,0.5110736793235442,323923,8035,4.627717984128729
1353,27,73,0.43001599999999995,1113.304298825088,27,27,0,0,0,1,85715,85711,83945,1560,77,133,0.9793501720818993,129334.83877854155,0.5109839462019803,324037,8035,4.616220512372906
1354,27,73,0.28863999999999995,1113.592938825088,27,27,0,0,0,1,85742,85738,83972,1560,77,133,0.9793566746751884,129347.9825329824,0.5108672171959032,324122,8036,4.608976374244091
1355,27,73,0.3085760000000001,1113.9015148250878,27,27,0,0,0,1,85769,85765,83999,1560,77,133,0.979363173174457,129360.82237272726,0.5107548017574917,324211,8039,4.600805062846483
1356,27,73,0.31129600000000013,1114.212810825088,27,27,0,0,0,1,85796,85792,84026,1560,77,133,0.9793696675835704,129372.11868283639,0.5106421363777829,324298,8044,4.592824567730696
1357,27,73,0.2454080000000001,1114.458218825088,27,27,0,0,0,1,85823,85819,84053,1560,77,133,0.9793761579063888,129382.19985672744,0.5105197453723676,324371,8046,4.5863460730688965
1358,27,73,0.2825920000000001,1114.740810825088,27,27,0,0,0,1,85850,85846,84080,1560,77,133,0.9793826441467676,129395.05811511261,0.510402831258715,324453,8046,4.579182792736159
1359,27,73,0.2920960000000001,1115.0329068250878,27,27,0,0,0,1,85877,85873,84107,1560,77,133,0.9793891263085576,129407.33059695692,0.5102847062278756,324537,8049,4.571655369104828
1360,27,73,0.28627199999999997,1115.3191788250879,27,27,0,0,0,1,85904,85900,84134,1560,77,133,0.9793956043956044,129421.89351756629,0.5101710591337758,324617,8049,4.564281608867955
1361,27,73,0.24499200000000004,1115.5641708250878,27,27,0,0,0,1,85931,85927,84161,1560,77,133,0.979402078411749,129430.95500567045,0.5100490949443703,324689,8052,4.557856953984681
1362,27,73,0.293888,1115.8580588250877,27,27,0,0,0,1,85958,85954,84188,1560,77,133,0.9794085483608274,129443.95468370349,0.509934461326046,324772,8052,4.550356649766755
1363,27,73,0.27190400000000003,1116.1299628250877,27,27,0,0,0,1,85985,85981,84215,1560,77,133,0.9794150142466709,129455.49784747008,0.5098142619315599,324850,8053,4.543251319927427
1364,27,73,0.288032,1116.4179948250876,27,27,0,0,0,1,86012,86008,84242,1560,77,133,0.979421476073106,129469.73684587184,0.509699772121026,324930,8053,4.536004867636663
1365,27,73,0.25120000000000003,1116.6691948250875,27,27,0,0,0,1,86039,86035,84269,1560,77,133,0.9794279338439544,129480.53073376647,0.5095783324528774,325004,8055,4.5295525809968815
1366,27,73,0.28140800000000005,1116.9506028250876,27,27,0,0,0,1,86066,86062,84296,1560,77,133,0.979434387563033,129492.79550426984,0.5094626078571308,325083,8055,4.522494271014336
1367,27,73,0.334016,1117.2846188250876,27,27,0,0,0,1,86093,86089,84323,1560,77,133,0.9794408372341538,129508.35047936215,0.5093555320182721,325175,8055,4.514004012419934
1368,27,73,0.29657600000000006,1117.5811948250876,27,27,0,0,0,1,86120,86116,84350,1560,77,133,0.979447282861124,129521.21301813322,0.5092408857006749,325260,8055,4.50639046968089
1369,27,73,0.22780799999999998,1117.8090028250876,27,27,0,0,0,1,86147,86143,84377,1560,77,133,0.9794537244477463,129531.73183796293,0.5091148191960498,325328,8055,4.500564356996073
1370,27,73,0.26336000000000004,1118.0723628250876,27,27,0,0,0,1,86174,86170,84404,1560,77,133,0.9794601619978184,129544.20913689904,0.508997220436878,325405,8055,4.493695932611473
1371,27,73,0.24672000000000002,1118.3190828250877,27,27,0,0,0,1,86201,86197,84431,1560,77,133,0.9794665955151333,129554.79542922253,0.5088777870711744,325477,8057,4.487222072753841
1372,27,73,0.35737600000000014,1118.6764588250876,27,27,0,0,0,1,86228,86224,84458,1560,77,133,0.9794730250034791,129572.99213414834,0.5087775941492753,325576,8057,4.477578535304988
1373,27,73,0.3663680000000001,1119.0428268250876,27,27,0,0,0,1,86255,86251,84485,1560,77,133,0.9794794504666396,129590.24312897629,0.5086744927159688,325675,8057,4.468495541166968
1374,27,73,0.264064,1119.3068908250875,27,27,0,0,0,1,86282,86278,84512,1560,77,133,0.9794858719083934,129601.7108346999,0.5085588051349001,325753,8057,4.4617228622706255
1375,27,73,0.22329600000000005,1119.5301868250874,27,27,0,0,0,1,86309,86305,84539,1560,77,133,0.9794922893325145,129610.74717556548,0.508436008967041,325820,8057,4.455939696713354
1376,27,73,0.27113600000000004,1119.8013228250875,27,27,0,0,0,1,86336,86332,84566,1560,77,133,0.9794987027427724,129622.47234518814,0.5083192204020275,325899,8058,4.448801784850906
1377,27,73,0.3088000000000001,1120.1101228250875,27,27,0,0,0,1,86363,86359,84593,1560,77,133,0.9795051121429316,129635.68227896008,0.5082102721380009,325985,8059,4.440547168757873
1378,27,73,0.27452800000000005,1120.3846508250874,27,27,0,0,0,1,86390,86386,84620,1560,77,133,0.9795115175367519,129647.26702836358,0.5080929312866213,326064,8059,4.43353402612593
1379,27,73,0.3286720000000001,1120.7133228250875,27,27,0,0,0,1,86417,86413,84647,1560,77,133,0.9795179189279887,129660.72682503417,0.5079861018573965,326156,8061,4.424761275076303
1380,27,73,0.339488,1121.0528108250876,27,27,0,0,0,1,86444,86440,84674,1560,77,133,0.9795243163203924,129675.73926602633,0.5078753244018023,326251,8061,4.415882617446443
1381,27,73,0.26307200000000003,1121.3158828250876,27,27,0,0,0,1,86471,86467,84701,1560,77,133,0.9795307097177088,129685.93259700012,0.5077515895308233,326328,8062,4.4091952240583625
1382,27,73,0.3161600000000001,1121.6320428250876,27,27,0,0,0,1,86498,86494,84728,1560,77,133,0.9795370991236791,129699.31889034488,0.5076418468428789,326417,8063,4.400777108188789
1383,27,73,0.3712960000000001,1122.0033388250877,27,27,0,0,0,1,86525,86521,84755,1560,77,133,0.9795434845420399,129715.74233674262,0.5075391358835168,326518,8064,4.390920983897818
1384,27,73,0.25695999999999997,1122.2602988250876,27,27,0,0,0,1,86552,86548,84782,1560,77,133,0.9795498659765228,129725.36955322749,0.5074217139989564,326593,8065,4.384150842905955
1385,27,73,0.268448,1122.5287468250876,27,27,0,0,0,1,86579,86575,84809,1560,77,133,0.979556243430855,129736.05211617127,0.5073000492248306,326672,8066,4.3771198492857515
1386,27,73,0.251488,1122.7802348250877,27,27,0,0,0,1,86606,86602,84836,1560,77,133,0.9795626169087592,129745.36911285587,0.5071785113063305,326746,8067,4.370358775652436
1387,27,73,0.302816,1123.0830508250876,27,27,0,0,0,1,86633,86629,84863,1560,77,133,0.9795689864139531,129757.43502934957,0.5070655293312403,326833,8070,4.362218983746689
1388,27,73,0.27967999999999993,1123.3627308250877,27,27,0,0,0,1,86660,86656,84890,1560,77,133,0.97957535195015,129762.33232602855,0.5069449609387338,326916,8079,4.354463603983492
1389,27,73,0.275232,1123.6379628250877,27,27,0,0,0,1,86687,86683,84917,1560,77,133,0.9795817135210585,129772.5609353578,0.5068279741928974,326997,8082,4.347420932568705
1390,27,73,0.303232,1123.9411948250877,27,27,0,0,0,1,86714,86710,84944,1560,77,133,0.9795880711303826,129784.76157972033,0.506716396531719,327081,8084,4.339640223158596
1391,27,73,0.26227200000000006,1124.2034668250876,27,27,0,0,0,1,86741,86737,84971,1560,77,133,0.9795944247818218,129795.34426458304,0.5066010153280943,327158,8084,4.332974909747885
1392,27,73,0.23628800000000003,1124.4397548250877,27,27,0,0,0,1,86768,86764,84998,1560,77,133,0.9796007744790707,129805.16508214753,0.5064809494802075,327228,8084,4.326924775494199
1393,27,73,0.29340800000000006,1124.7331628250877,27,27,0,0,0,1,86795,86791,85025,1560,77,133,0.9796071202258194,129817.2160526102,0.5063686937064847,327313,8084,4.319630411273055
1394,27,73,0.282688,1125.0158508250877,27,27,0,0,0,1,86822,86818,85052,1560,77,133,0.9796134620257538,129829.00453614026,0.5062555242068737,327395,8084,4.312308388457138
1395,27,73,0.2451520000000001,1125.2610028250876,27,27,0,0,0,1,86849,86845,85079,1560,77,133,0.9796197998825548,129840.22696351334,0.5061342169440474,327467,8084,4.3059148735871915
1396,27,73,0.2914240000000001,1125.5524268250877,27,27,0,0,0,1,86876,86872,85106,1560,77,133,0.9796261337998987,129851.50093120686,0.5060250130647266,327552,8087,4.298254115398101
1397,27,73,0.2665600000000001,1125.8189868250877,27,27,0,0,0,1,86903,86899,85133,1560,77,133,0.9796324637814575,129864.09512625748,0.5059087333036517,327630,8087,4.291363057759629
1398,27,73,0.35683200000000004,1126.1758188250876,27,27,0,0,0,1,86930,86926,85160,1560,77,133,0.9796387898308985,129881.08389025694,0.5058104767354609,327726,8087,4.282195847575845
1399,27,73,0.2292800000000001,1126.4050988250876,27,27,0,0,0,1,86957,86953,85187,1560,77,133,0.9796451119518843,129890.0157257894,0.5056891799605087,327795,8089,4.276052896512568
1400,27,73,0.2608640000000001,1126.6659628250877,27,27,0,0,0,1,86984,86980,85214,1560,77,133,0.9796514301480732,129902.1758259342,0.5055727874263032,327872,8089,4.2694240541237605
1401,27,73,0.20630400000000007,1126.8722668250878,27,27,0,0,0,1,87011,87007,85241,1560,77,133,0.9796577444231189,129910.8162564471,0.5054479998380847,327937,8089,4.264164352753944
1402,27,73,0.22828800000000005,1127.1005548250878,27,27,0,0,0,1,87038,87034,85268,1560,77,133,0.9796640547806705,129920.04961147819,0.5053281216013299,328007,8089,4.258366859291812
1403,27,73,0.2913920000000001,1127.3919468250879,27,27,0,0,0,1,87065,87061,85295,1560,77,133,0.9796703612243726,129933.80023028229,0.5052176346931868,328089,8089,4.250800617282213
1404,27,73,0.2675840000000001,1127.6595308250878,27,27,0,0,0,1,87092,87088,85322,1560,77,133,0.9796766637578652,129945.92427448665,0.5051062414581814,328165,8089,4.2436627877867386
1405,27,73,0.28112000000000004,1127.940650825088,27,27,0,0,0,1,87119,87115,85349,1560,77,133,0.979682962384784,129956.78796820935,0.504993257755182,328246,8093,4.23578044119514
1406,27,73,0.259104,1128.199754825088,27,27,0,0,0,1,87146,87142,85376,1560,77,133,0.97968925710876,129968.48064617162,0.5048761453639922,328322,8094,4.22904407770042
1407,27,73,0.28159999999999996,1128.481354825088,27,27,0,0,0,1,87173,87169,85403,1560,77,133,0.9796955479334197,129980.81658401455,0.5047616620616298,328402,8095,4.221480481439571
1408,27,73,0.24089599999999994,1128.722250825088,27,27,0,0,0,1,87200,87196,85430,1560,77,133,0.9797018348623853,129988.14534997281,0.5046395794399315,328474,8099,4.21493420120874
1409,27,73,0.24422400000000002,1128.966474825088,27,27,0,0,0,1,87227,87223,85457,1560,77,133,0.9797081178992743,129997.397861383,0.5045200828253568,328545,8101,4.208405470866504
1410,27,73,0.19881600000000005,1129.165290825088,27,27,0,0,0,1,87254,87250,85484,1560,77,133,0.9797143970476998,130005.78143234794,0.5043931820277311,328607,8101,4.20322555965352
1411,27,73,0.207392,1129.372682825088,27,27,0,0,0,1,87281,87277,85511,1560,77,133,0.9797206723112705,130013.79104787587,0.5042675891862769,328672,8102,4.1978053874379295
1412,27,73,0.257312,1129.629994825088,27,27,0,0,0,1,87308,87304,85538,1560,77,133,0.9797269436935905,130024.9963907367,0.5041457807451996,328748,8103,4.1906385401537865
1413,27,73,0.31433600000000006,1129.944330825088,27,27,0,0,0,1,87335,87331,85565,1560,77,133,0.9797332111982596,130039.24882981286,0.5040390508255348,328836,8105,4.182419986027806
1414,27,73,0.22931200000000002,1130.1736428250879,27,27,0,0,0,1,87362,87358,85592,1560,77,133,0.9797394748288729,130048.80881189255,0.5039136492935792,328905,8106,4.176440883971103
1415,27,73,0.30800000000000005,1130.4816428250879,27,27,0,0,0,1,87389,87385,85619,1560,77,133,0.9797457345890215,130063.79089231238,0.5038055761082378,328993,8106,4.168252944909055
1416,27,73,0.29369600000000007,1130.7753388250878,27,27,0,0,0,1,87416,87412,85646,1560,77,133,0.9797519904822916,130075.4791423266,0.503693975611989,329077,8107,4.160719826165591
1417,27,73,0.31568000000000007,1131.0910188250878,27,27,0,0,0,1,87443,87439,85673,1560,77,133,0.9797582425122652,130090.55288304294,0.503589050292583,329165,8108,4.152489941284863
1418,27,73,0.22720000000000007,1131.3182188250878,27,27,0,0,0,1,87470,87466,85700,1560,77,133,0.9797644906825197,130100.20836830183,0.5034667598622127,329235,8109,4.146554294242914
1419,27,73,0.23580800000000002,1131.5540268250877,27,27,0,0,0,1,87497,87493,85727,1560,77,133,0.9797707349966285,130109.34388443278,0.5033456521124124,329306,8111,4.140140766319314
1420,27,73,0.299648,1131.8536748250876,27,27,0,0,0,1,87524,87520,85754,1560,77,133,0.97977697545816,130123.97916432112,0.5032326611131008,329391,8111,4.132011268649592
1421,27,73,0.32796800000000004,1132.1816428250877,27,27,0,0,0,1,87551,87547,85781,1560,77,133,0.9797832120706788,130140.07861171717,0.5031261885445728,329484,8111,4.123338274660037
1422,27,73,0.26384,1132.4454828250878,27,27,0,0,0,1,87578,87574,85808,1560,77,133,0.9797894448377447,130152.17971668593,0.5030114145303137,329561,8112,4.116559466092888
1423,27,73,0.25600000000000006,1132.7014828250879,27,27,0,0,0,1,87605,87601,85835,1560,77,133,0.9797956737629131,130162.50639336984,0.5028942439851952,329635,8112,4.110104346819392
1424,27,73,0.190016,1132.8914988250879,27,27,0,0,0,1,87632,87628,85862,1560,77,133,0.9798018988497352,130169.90254842427,0.5027663744953341,329697,8112,4.105212178748464
1425,27,73,0.20828800000000003,1133.099786825088,27,27,0,0,0,1,87659,87655,85889,1560,77,133,0.979808120101758,130177.82344951555,0.5026418741098672,329763,8112,4.099900362470026
1426,27,73,0.252064,1133.351850825088,27,27,0,0,0,1,87686,87682,85916,1560,77,133,0.9798143375225236,130189.48695639595,0.5025254493677029,329837,8112,4.093578870239753
1427,27,73,0.227392,1133.579242825088,27,27,0,0,0,1,87713,87709,85943,1560,77,133,0.9798205511155701,130199.7094020303,0.5024043016688352,329904,8112,4.08762606911091
1428,27,73,0.2585280000000001,1133.837770825088,27,27,0,0,0,1,87740,87736,85970,1560,77,133,0.9798267608844313,130210.38088417621,0.502294195751736,329980,8112,4.080831700500686
1429,27,73,0.2673920000000001,1134.105162825088,27,27,0,0,0,1,87767,87763,85997,1560,77,133,0.9798329668326364,130220.32598116045,0.5021813618527614,330058,8115,4.073807731177292
1430,27,73,0.28947200000000006,1134.394634825088,27,27,0,0,0,1,87794,87790,86024,1560,77,133,0.9798391689637105,130232.5834984042,0.5020700361492736,330141,8116,4.066276549346298
1431,27,73,0.33097600000000005,1134.7256108250879,27,27,0,0,0,1,87821,87817,86051,1560,77,133,0.9798453672811742,130248.57339082484,0.5019649753304108,330234,8116,4.05750267035609
1432,27,73,0.260896,1134.9865068250879,27,27,0,0,0,1,87848,87844,86078,1560,77,133,0.9798515617885438,130259.71948650136,0.5018514698134987,330311,8116,4.051019029148563
1433,27,73,0.21990400000000004,1135.206410825088,27,27,0,0,0,1,87875,87871,86105,1560,77,133,0.9798577524893315,130268.14382814956,0.5017292826323618,330379,8116,4.045380127245868
1434,27,73,0.281504,1135.487914825088,27,27,0,0,0,1,87902,87898,86132,1560,77,133,0.9798639393870446,130278.17739723565,0.501615206236515,330461,8118,4.037991174095626
1435,26,74,0.5113861963259492,1135.9993010214139,27,26,0,1,0,1,87929,87925,86158,1560,78,133,0.9798587496730317,130305.06609194618,0.5015439453432015,330588,8120,4.024856185648077
1436,26,74,0.46160000000000007,1136.460901021414,26,26,0,0,0,1,87955,87951,86184,1560,78,133,0.9798647035415837,130330.3192101715,0.5014628583624346,330705,8120,4.012982993510992
1437,26,74,0.4469440000000001,1136.907845021414,26,26,0,0,0,1,87981,87977,86210,1560,78,133,0.979870653891181,130354.63573321424,0.5013782357422173,330820,8120,4.001534270663054
1438,26,74,0.45651200000000003,1137.364357021414,26,26,0,0,0,1,88007,88003,86236,1560,78,133,0.9798766007249423,130379.03208813854,0.5012980647235569,330936,8121,3.98976832041397
1439,26,74,0.44380800000000015,1137.808165021414,26,26,0,0,0,1,88033,88029,86262,1560,78,133,0.9798825440459827,130403.1703773259,0.5012194518518195,331050,8121,3.9783899330486903
1440,26,74,0.45372800000000013,1138.261893021414,26,26,0,0,0,1,88059,88055,86288,1560,78,133,0.9798884838574138,130426.0266553675,0.501139356964846,331168,8122,3.9667046843225577
1441,26,74,0.47264000000000006,1138.7345330214139,26,26,0,0,0,1,88085,88081,86314,1560,78,133,0.9798944201623432,130449.83856409189,0.501060708018672,331289,8122,3.954536376800866
1442,26,74,0.43843200000000004,1139.1729650214138,26,26,0,0,0,1,88111,88107,86340,1560,78,133,0.9799003529638751,130472.65390221588,0.5009793056064598,331403,8123,3.943177340133508
1443,26,74,0.48163200000000006,1139.6545970214138,26,26,0,0,0,1,88137,88133,86366,1560,78,133,0.97990628226511,130498.4443433132,0.5009063469907585,331525,8124,3.9308097575787295
1444,26,74,0.23680000000000007,1139.8913970214137,26,26,0,0,0,1,88163,88159,86392,1560,78,133,0.9799122080691447,130506.99425289668,0.5007914698854286,331597,8124,3.924720201686668
1445,26,74,0.211872,1140.1032690214138,26,26,0,0,0,1,88189,88185,86418,1560,78,133,0.9799181303790723,130515.510342954,0.5006725923821895,331660,8125,3.9191514567356665
1446,26,74,0.43110400000000004,1140.5343730214138,26,26,0,0,0,1,88215,88211,86444,1560,78,133,0.9799240491979821,130533.14965475818,0.5005903540630355,331772,8129,3.9082518504985244
1447,26,74,0.28528000000000003,1140.8196530214138,26,26,0,0,0,1,88241,88237,86470,1560,78,133,0.9799299645289604,130543.48038760913,0.5004863920988684,331853,8130,3.9009179298221097
1448,26,74,0.3208000000000001,1141.1404530214138,26,26,0,0,0,1,88267,88263,86496,1560,78,133,0.9799358763750892,130555.68716851396,0.5003889406554206,331940,8132,3.892734063999679
1449,26,74,0.33174400000000004,1141.4721970214139,26,26,0,0,0,1,88293,88289,86522,1560,78,133,0.979941784739447,130569.86616836887,0.5002934610049392,332030,8132,3.8841611890624286
1450,26,74,0.29664000000000007,1141.768837021414,26,26,0,0,0,1,88319,88315,86548,1560,78,133,0.979947689625109,130581.38141950686,0.5001897529147098,332113,8133,3.8765971715632768
1451,26,74,0.2710080000000001,1142.0398450214138,26,26,0,0,0,1,88345,88341,86574,1560,78,133,0.9799535910351463,130590.35080969837,0.500084573906767,332192,8135,3.8695550206548317
1452,26,74,0.27920000000000006,1142.3190450214138,26,26,0,0,0,1,88371,88367,86600,1560,78,133,0.9799594889726267,130599.58393427938,0.49997939486833026,332272,8138,3.86219760492779
1453,26,74,0.2784000000000001,1142.5974450214137,26,26,0,0,0,1,88397,88393,86626,1560,78,133,0.9799653834406145,130611.11649624171,0.4998744178622989,332351,8138,3.8550260688120916
1454,26,74,0.289376,1142.8868210214137,26,26,0,0,0,1,88423,88419,86652,1560,78,133,0.97997127444217,130620.17100396939,0.49977279093307064,332433,8143,3.847227639301676
1455,26,74,0.3625920000000001,1143.2494130214136,26,26,0,0,0,1,88449,88445,86678,1560,78,133,0.9799771619803502,130635.50813929229,0.499681123861573,332530,8144,3.838209808742139
1456,26,74,0.22713600000000006,1143.4765490214136,26,26,0,0,0,1,88475,88471,86704,1560,78,133,0.9799830460582085,130644.56120927622,0.49956891534659864,332597,8144,3.832230703443348
1457,26,74,0.21542400000000006,1143.6919730214136,26,26,0,0,0,1,88501,88497,86730,1560,78,133,0.9799889266787946,130652.57038155523,0.4994552617358882,332663,8144,3.826983966668621
1458,26,74,0.24204800000000004,1143.9340210214136,26,26,0,0,0,1,88527,88523,86756,1560,78,133,0.9799948038451546,130661.6266789062,0.49933946277544516,332734,8145,3.8207761627464043
1459,26,74,0.231328,1144.1653490214137,26,26,0,0,0,1,88553,88549,86782,1560,78,133,0.980000677560331,130671.98733808345,0.4992228460138626,332802,8145,3.814882748400142
1460,26,74,0.21404800000000002,1144.3793970214138,26,26,0,0,0,1,88579,88575,86808,1560,78,133,0.9800065478273632,130679.35370842897,0.4991040349845536,332867,8145,3.809531797411124
1461,26,74,0.253824,1144.6332210214136,26,26,0,0,0,1,88605,88601,86834,1560,78,133,0.9800124146492861,130689.28391446841,0.4989957809507476,332940,8146,3.8030896157094394
1462,26,74,0.19676800000000003,1144.8299890214137,26,26,0,0,0,1,88631,88627,86860,1560,78,133,0.980018278029132,130696.0102677755,0.49887960646177926,333001,8148,3.7978646090198263
1463,26,74,0.21046400000000007,1145.0404530214137,26,26,0,0,0,1,88657,88653,86886,1560,78,133,0.980024137969929,130704.81100042073,0.49876435300752997,333065,8148,3.7925671746744634
1464,26,74,0.20572800000000002,1145.2461810214136,26,26,0,0,0,1,88683,88679,86912,1560,78,133,0.9800299944747021,130712.71703913325,0.4986473901602217,333129,8149,3.787262549645711
1465,26,74,0.279104,1145.5252850214135,26,26,0,0,0,1,88709,88705,86938,1560,78,133,0.9800358475464722,130724.45449966713,0.49854214179988177,333207,8149,3.780210681411447
1466,26,74,0.197824,1145.7231090214136,26,26,0,0,0,1,88735,88731,86964,1560,78,133,0.9800416971882572,130730.33686815563,0.4984223185909009,333270,8152,3.7749533026222637
1467,26,74,0.293856,1146.0169650214136,26,26,0,0,0,1,88761,88757,86990,1560,78,133,0.9800475434030712,130740.72424154765,0.4983172559616417,333354,8154,3.7672947395481295
1468,26,74,0.39212800000000003,1146.4090930214136,26,26,0,0,0,1,88787,88783,87016,1560,78,133,0.9800533861939248,130757.72070590164,0.4982257201232441,333459,8156,3.757006854715981
1469,26,74,0.224288,1146.6333810214135,26,26,0,0,0,1,88813,88809,87042,1560,78,133,0.9800592255638251,130766.85406318188,0.498110685098944,333526,8157,3.7510920152171887
1470,26,74,0.26384,1146.8972210214135,26,26,0,0,0,1,88839,88835,87068,1560,78,133,0.9800650615157758,130778.44226217685,0.4980046262062341,333601,8158,3.7440698190987587
1471,26,74,0.2738880000000001,1147.1711090214135,26,26,0,0,0,1,88865,88861,87094,1560,78,133,0.9800708940527767,130789.41652216883,0.49789814968496626,333680,8158,3.737180804314095
1472,26,74,0.22336,1147.3944690214134,26,26,0,0,0,1,88891,88887,87120,1560,78,133,0.9800767231778246,130798.62946175589,0.4977834351567423,333746,8159,3.7311366145538836
1473,26,74,0.25772800000000007,1147.6521970214135,26,26,0,0,0,1,88917,88913,87146,1560,78,133,0.9800825488939123,130809.69338064964,0.4976761826474693,333822,8159,3.724821512588937
1474,26,74,0.21289600000000003,1147.8650930214135,26,26,0,0,0,1,88943,88939,87172,1560,78,133,0.9800883712040296,130818.69717350026,0.4975633809391186,333887,8159,3.7193536090365296
1475,26,74,0.209408,1148.0745010214134,26,26,0,0,0,1,88969,88965,87198,1560,78,133,0.9800941901111623,130826.33911507679,0.49744783982909896,333951,8160,3.714053200790457
1476,26,74,0.19555200000000006,1148.2700530214133,26,26,0,0,0,1,88995,88991,87224,1560,78,133,0.9801000056182931,130833.92674458123,0.49733174758734694,334013,8161,3.7090191235841283
1477,26,74,0.19510400000000006,1148.4651570214132,26,26,0,0,0,1,89021,89017,87250,1560,78,133,0.9801058177284012,130840.88017935252,0.4972155470223592,334076,8161,3.7039488217620806
1478,26,74,0.22348800000000002,1148.6886450214133,26,26,0,0,0,1,89047,89043,87276,1560,78,133,0.9801116264444619,130850.59441603348,0.49710373193007645,334143,8161,3.698237213343549
1479,26,74,0.18582400000000007,1148.8744690214132,26,26,0,0,0,1,89073,89069,87302,1560,78,133,0.9801174317694475,130856.8307972365,0.49698739687628524,334204,8162,3.6933200518108036
1480,26,74,0.214528,1149.0889970214132,26,26,0,0,0,1,89099,89095,87328,1560,78,133,0.9801232337063267,130865.79750549795,0.49687103802027355,334270,8162,3.6879183805083833
1481,26,74,0.202944,1149.291941021413,26,26,0,0,0,1,89125,89121,87354,1560,78,133,0.9801290322580645,130874.12399874958,0.49675360586089407,334333,8162,3.6828006254250667
1482,26,74,0.22950399999999996,1149.521445021413,26,26,0,0,0,1,89151,89147,87380,1560,78,133,0.9801348274276228,130883.8496677175,0.4966413127553843,334402,8162,3.6771629024764554
1483,26,74,0.255712,1149.777157021413,26,26,0,0,0,1,89177,89173,87406,1560,78,133,0.9801406192179598,130893.99026666972,0.49653069037358977,334477,8164,3.6706375829216893
1484,26,74,0.24889600000000003,1150.026053021413,26,26,0,0,0,1,89203,89199,87432,1560,78,133,0.9801464076320303,130902.89181231009,0.49641965139688066,334550,8168,3.6643299720668217
1485,26,74,0.23059200000000005,1150.2566450214129,26,26,0,0,0,1,89229,89225,87458,1560,78,133,0.9801521926727857,130911.49410155923,0.49630587974982915,334620,8169,3.6583266516797432
1486,26,74,0.22544000000000003,1150.4820850214128,26,26,0,0,0,1,89255,89251,87484,1560,78,133,0.9801579743431741,130918.12029145737,0.49619502808859517,334689,8172,3.652254979842407
1487,26,74,0.21564800000000003,1150.697733021413,26,26,0,0,0,1,89281,89277,87510,1560,78,133,0.9801637526461398,130927.17894247947,0.4960823455541496,334755,8172,3.646858918207375
1488,26,74,0.23923200000000008,1150.9369650214128,26,26,0,0,0,1,89307,89303,87536,1560,78,133,0.9801695275846238,130936.92233370598,0.49597570765835436,334828,8173,3.640538884929903
1489,26,74,0.2517440000000001,1151.1887090214127,26,26,0,0,0,1,89333,89329,87562,1560,78,133,0.980175299161564,130947.69851256078,0.49586848002241507,334901,8174,3.6338250925119566
1490,26,74,0.215424,1151.4041330214127,26,26,0,0,0,1,89359,89355,87588,1560,78,133,0.9801810673798946,130956.7854375557,0.495753836300187,334965,8174,3.6282629079454702
1491,26,74,0.24617600000000006,1151.6503090214128,26,26,0,0,0,1,89385,89381,87614,1560,78,133,0.9801868322425463,130966.65786349877,0.49564474504136,335037,8176,3.6216396286128614
1492,26,74,0.19894400000000004,1151.8492530214128,26,26,0,0,0,1,89411,89407,87640,1560,78,133,0.9801925937524466,130974.07634225854,0.4955282873824133,335098,8177,3.6165201208259785
1493,26,74,0.243424,1152.0926770214128,26,26,0,0,0,1,89437,89433,87666,1560,78,133,0.9801983519125195,130983.900001992,0.4954156789671342,335169,8178,3.6101603919852776
1494,26,74,0.284032,1152.3767090214128,26,26,0,0,0,1,89463,89459,87692,1560,78,133,0.9802041067256855,130996.15674130655,0.49531425697323456,335249,8178,3.6028794771966632
1495,26,74,0.22252800000000006,1152.5992370214128,26,26,0,0,0,1,89489,89485,87718,1560,78,133,0.980209858194862,131005.89619529202,0.4952028914092316,335315,8178,3.597382627160211
1496,26,74,0.210656,1152.8098930214128,26,26,0,0,0,1,89515,89511,87744,1560,78,133,0.9802156063229627,131013.78892937262,0.4950893989192773,335380,8179,3.5919214491042735
1497,26,74,0.24883200000000003,1153.0587250214128,26,26,0,0,0,1,89541,89537,87770,1560,78,133,0.980221351112898,131024.9241617719,0.4949837299415063,335453,8179,3.585822312475557
1498,26,74,0.25321600000000005,1153.3119410214128,26,26,0,0,0,1,89567,89563,87796,1560,78,133,0.9802270925675751,131034.42583466166,0.49487817093155717,335527,8182,3.5793955708181673
1499,26,74,0.21382400000000004,1153.5257650214128,26,26,0,0,0,1,89593,89589,87822,1560,78,133,0.9802328306898976,131042.65598887079,0.4947659663096386,335591,8183,3.5740221677269846
1500,26,74,0.235584,1153.7613490214128,26,26,0,0,0,1,89619,89615,87848,1560,78,133,0.9802385654827659,131052.28055025944,0.49465917843759766,335661,8184,3.567978046856082
1501,26,74,0.20512000000000005,1153.9664690214129,26,26,0,0,0,1,89645,89641,87874,1560,78,133,0.9802442969490769,131060.57763381478,0.4945457383244663,335725,8184,3.562781654870349
1502,26,74,0.2552960000000001,1154.221765021413,26,26,0,0,0,1,89671,89667,87900,1560,78,133,0.9802500250917242,131070.43774832421,0.4944395596776593,335799,8184,3.5565055937322554
1503,26,74,0.22588800000000006,1154.4476530214129,26,26,0,0,0,1,89697,89693,87926,1560,78,133,0.980255749913598,131079.39853656857,0.4943297108683126,335868,8184,3.5507772559339266
1504,26,74,0.20198400000000002,1154.649637021413,26,26,0,0,0,1,89723,89719,87952,1560,78,133,0.9802614714175852,131087.7370476262,0.4942159990443122,335930,8184,3.5456262679203183
1505,26,74,0.2168,1154.8664370214128,26,26,0,0,0,1,89749,89745,87978,1560,78,133,0.9802671896065694,131096.84994438264,0.49410486087588135,335996,8184,3.540089716123885
1506,26,74,0.25654400000000005,1155.122981021413,26,26,0,0,0,1,89775,89771,88004,1560,78,133,0.9802729044834309,131108.55423037644,0.49399782346600596,336070,8184,3.5334620192425468
1507,26,74,0.18918400000000002,1155.312165021413,26,26,0,0,0,1,89801,89797,88030,1560,78,133,0.9802786160510462,131115.7525959163,0.4938823947113537,336131,8184,3.5286128467140268
1508,26,74,0.280416,1155.592581021413,26,26,0,0,0,1,89827,89823,88056,1560,78,133,0.9802843243122892,131128.78231362766,0.4937802994984261,336211,8184,3.521196981135954
1509,26,74,0.231648,1155.824229021413,26,26,0,0,0,1,89853,89849,88082,1560,78,133,0.98029002927003,131138.84636968613,0.4936689942868511,336280,8184,3.515440322010905
1510,26,74,0.19161600000000004,1156.015845021413,26,26,0,0,0,1,89879,89875,88108,1560,78,133,0.9802957309271354,131146.47230219562,0.4935537164492725,336340,8184,3.5105391024653327
1511,26,74,0.261152,1156.276997021413,26,26,0,0,0,1,89905,89901,88134,1560,78,133,0.980301429286469,131158.44074617658,0.4934458361934848,336415,8184,3.5039075351844162
1512,26,74,0.30784000000000006,1156.584837021413,26,26,0,0,0,1,89931,89927,88160,1560,78,133,0.9803071243508913,131172.62750107385,0.49334902501382366,336501,8185,3.496132459770313
1513,26,74,0.264384,1156.849221021413,26,26,0,0,0,1,89957,89953,88186,1560,78,133,0.9803128161232589,131184.5426718673,0.49324361249358956,336578,8185,3.489363858486516
1514,26,74,0.287648,1157.136869021413,26,26,0,0,0,1,89983,89979,88212,1560,78,133,0.9803185046064257,131198.0942482532,0.49314051740693654,336659,8185,3.481947180096314
1515,26,74,0.246528,1157.383397021413,26,26,0,0,0,1,90009,90005,88238,1560,78,133,0.9803241898032419,131209.2850051403,0.49303322876360295,336730,8185,3.475604262879629
1516,26,74,0.31615999999999994,1157.699557021413,26,26,0,0,0,1,90035,90031,88264,1560,78,133,0.9803298717165547,131222.47398181402,0.4929350895250131,336818,8186,3.467394091438904
1517,26,74,0.206368,1157.9059250214132,26,26,0,0,0,1,90061,90057,88290,1560,78,133,0.9803355503492077,131229.81817127325,0.49282127121958025,336881,8187,3.4620370763207564
1518,26,74,0.235456,1158.1413810214133,26,26,0,0,0,1,90087,90083,88316,1560,78,133,0.9803412257040417,131239.1617213009,0.49271047151269104,336952,8188,3.4560771729451343
1519,26,74,0.3228800000000001,1158.4642610214132,26,26,0,0,0,1,90113,90109,88342,1560,78,133,0.9803468977838935,131252.71198779732,0.492613687897681,337042,8188,3.4478809342164247
1520,26,74,0.4984640000000001,1158.9627250214132,26,26,0,0,0,1,90139,90135,88368,1560,78,133,0.9803525665915974,131275.745729604,0.49254440972295316,337167,8191,3.4348398430366083
1521,26,74,0.40089600000000003,1159.3636210214133,26,26,0,0,0,1,90165,90161,88394,1560,78,133,0.980358232129984,131293.46931370426,0.49246260638206224,337274,8194,3.4243367789941614
1522,26,74,0.4392320000000001,1159.8028530214133,26,26,0,0,0,1,90191,90187,88420,1560,78,133,0.9803638944018804,131314.29673866145,0.4923845328514925,337387,8195,3.4130131234237333
1523,26,74,0.3803520000000001,1160.1832050214132,26,26,0,0,0,1,90217,90213,88446,1560,78,133,0.9803695534101112,131330.9409587495,0.49229636099846175,337489,8196,3.4031965412199767
1524,26,74,0.47872000000000003,1160.6619250214133,26,26,0,0,0,1,90243,90239,88472,1560,78,133,0.980375209157497,131355.68653825467,0.49222556224606706,337610,8197,3.390758531976237
1525,26,74,0.2179520000000001,1160.8798770214132,26,26,0,0,0,1,90269,90265,88498,1560,78,133,0.9803808616468556,131364.12390167313,0.49211441439549064,337676,8197,3.38516436552337
1526,26,74,0.21718400000000004,1161.0970610214133,26,26,0,0,0,1,90295,90291,88524,1560,78,133,0.9803865108810011,131372.22470084857,0.4920045167786491,337741,8197,3.3796886103875217
1527,26,74,0.21513600000000002,1161.3121970214133,26,26,0,0,0,1,90321,90317,88550,1560,78,133,0.9803921568627451,131380.38194322583,0.491892592766293,337806,8197,3.3740737341812452
1528,26,74,0.27091200000000004,1161.5831090214133,26,26,0,0,0,1,90347,90343,88576,1560,78,133,0.9803977995948953,131389.7411340427,0.49178986307344363,337883,8199,3.3670989800124467
1529,26,74,0.20003200000000004,1161.7831410214133,26,26,0,0,0,1,90373,90369,88602,1560,78,133,0.9804034390802563,131396.9075724317,0.49167781672800104,337944,8199,3.3619763871339883
1530,26,74,0.27456,1162.0577010214133,26,26,0,0,0,1,90399,90395,88628,1560,78,133,0.9804090753216297,131406.54191765143,0.4915796267988367,338024,8201,3.3548029820917624
1531,26,74,0.25072000000000005,1162.3084210214133,26,26,0,0,0,1,90425,90421,88654,1560,78,133,0.9804147083218137,131415.46016312134,0.4914785075697814,338098,8201,3.348229694979023
1532,26,74,0.24368,1162.5521010214134,26,26,0,0,0,1,90451,90447,88680,1560,78,133,0.9804203380836033,131424.5855009519,0.49137306224891175,338168,8202,3.341868074472552
1533,26,74,0.542272,1163.0943730214133,26,26,0,0,0,1,90477,90473,88706,1560,78,133,0.9804259646097904,131447.73420478517,0.49131444428078785,338304,8207,3.327852636614297
1534,26,74,0.4003200000000001,1163.4946930214132,26,26,0,0,0,1,90503,90499,88732,1560,78,133,0.9804315879031634,131465.0912612155,0.4912345470468884,338408,8208,3.3177211536273
1535,26,74,0.393184,1163.8878770214133,26,26,0,0,0,1,90529,90525,88758,1560,78,133,0.980437207966508,131482.72700600052,0.49115164004039613,338512,8211,3.307790108759027
1536,26,74,0.4158720000000002,1164.3037490214133,26,26,0,0,0,1,90555,90551,88784,1560,78,133,0.9804428248026061,131502.14463252074,0.49107205064928916,338621,8212,3.2972984867419077
1537,26,74,0.4366399999999999,1164.7403890214132,26,26,0,0,0,1,90581,90577,88810,1560,78,133,0.980448438414237,131524.1966741686,0.49099589918915193,338737,8212,3.285935140893834
1538,26,74,0.5106560000000001,1165.2510450214131,26,26,0,0,0,1,90607,90603,88836,1560,78,133,0.9804540488041763,131548.08541466112,0.4909279464761207,338866,8213,3.272962068623982
1539,26,74,0.22083200000000006,1165.471877021413,26,26,0,0,0,1,90633,90629,88862,1560,78,133,0.9804596559751967,131556.59524951622,0.4908179565989376,338932,8214,3.2673539801484144
1540,26,74,0.18025600000000003,1165.6521330214132,26,26,0,0,0,1,90659,90655,88888,1560,78,133,0.9804652599300676,131563.36753958723,0.4907006862730279,338989,8214,3.262723784260842
1541,26,74,0.27676800000000007,1165.9289010214131,26,26,0,0,0,1,90685,90681,88914,1560,78,133,0.9804708606715554,131574.85663629035,0.49059957990392833,339067,8215,3.255897325216898
1542,25,75,0.21764265082824763,1166.1465436722415,26,25,0,1,0,1,90711,90707,88939,1560,79,133,0.9804654341810806,131580.9585275646,0.49049061992375426,339133,8217,3.2501281302529397
1543,25,75,0.17036800000000005,1166.3169116722415,25,25,0,0,0,0,90736,90732,88964,1560,79,133,0.9804708164344913,131586.2459543316,0.4903785083772596,339189,8217,3.2458707825505497
1544,25,75,0.18681600000000004,1166.5037276722414,25,25,0,0,0,0,90761,90757,88989,1560,79,133,0.9804761957228325,131593.42774353386,0.4902677227196103,339248,8217,3.241202829341795
1545,25,75,0.19987200000000005,1166.7035996722414,25,25,0,0,0,0,90786,90782,89014,1560,79,133,0.9804815720485538,131601.3767705298,0.4901582154598412,339310,8217,3.2361753876041073
1546,25,75,0.21555200000000002,1166.9191516722412,25,25,0,0,0,0,90811,90807,89039,1560,79,133,0.9804869454141019,131607.78772027182,0.4900544664334293,339375,8217,3.230899713312411
1547,25,75,0.23241600000000007,1167.1515676722413,25,25,0,0,0,0,90836,90832,89064,1560,79,133,0.9804923158219209,131617.03094515196,0.48995409730740813,339445,8217,3.2249217916651545
1548,25,75,0.18953600000000004,1167.3411036722414,25,25,0,0,0,0,90861,90857,89089,1560,79,133,0.9804976832744522,131623.56017161265,0.4898456168599256,339505,8217,3.2202700434569085
1549,25,75,0.255392,1167.5964956722414,25,25,0,0,0,0,90886,90882,89114,1560,79,133,0.9805030477741347,131633.1323104141,0.48974578313462336,339579,8217,3.2141943724379836
1550,25,75,0.247008,1167.8435036722415,25,25,0,0,0,0,90911,90907,89139,1560,79,133,0.9805084093234042,131642.535593662,0.4896451003952768,339652,8217,3.2080383846304263
1551,25,75,0.24979200000000001,1168.0932956722415,25,25,0,0,0,0,90936,90932,89164,1560,79,133,0.9805137679246942,131652.2169673938,0.48954864548422533,339725,8217,3.2019674321274465
1552,25,75,0.4704320000000001,1168.5637276722416,25,25,0,0,0,0,90961,90957,89189,1560,79,133,0.9805191235804356,131676.42667337527,0.48947878747157564,339844,8217,3.190116656297098
1553,25,75,0.38256000000000007,1168.9462876722416,25,25,0,0,0,0,90986,90982,89214,1560,79,133,0.9805244762930561,131695.59767074973,0.4893966329684723,339944,8217,3.1802627110485995
1554,25,75,0.3619840000000001,1169.3082716722415,25,25,0,0,0,0,91011,91007,89239,1560,79,133,0.9805298260649812,131713.44779742582,0.48931215889324375,340041,8217,3.1709521094918527
1555,25,75,0.4134080000000001,1169.7216796722414,25,25,0,0,0,0,91036,91032,89264,1560,79,133,0.9805351728986335,131733.8052956126,0.4892346068437219,340149,8217,3.160526949731944
1556,25,75,0.40054400000000007,1170.1222236722415,25,25,0,0,0,0,91061,91057,89289,1560,79,133,0.9805405167964332,131753.86714403902,0.4891579587084961,340255,8217,3.1503513340143168
1557,25,75,0.3487040000000001,1170.4709276722415,25,25,0,0,0,0,91086,91082,89314,1560,79,133,0.9805458577607975,131771.07807942847,0.4890735367464206,340348,8217,3.141361057268309
1558,25,75,0.35654399999999997,1170.8274716722415,25,25,0,0,0,0,91111,91107,89339,1560,79,133,0.9805511957941412,131788.79017898111,0.48899248886590085,340442,8217,3.132230420925258
1559,25,75,0.46249600000000013,1171.2899676722416,25,25,0,0,0,0,91136,91132,89364,1560,79,133,0.9805565308988764,131813.03713104356,0.48892457652539767,340559,8217,3.1205832561312388
1560,25,75,0.209312,1171.4992796722415,25,25,0,0,0,0,91161,91157,89389,1560,79,133,0.9805618630774124,131821.68412703223,0.4888178471002086,340622,8217,3.115511407987793
1561,25,75,0.23001599999999997,1171.7292956722415,25,25,0,0,0,0,91186,91182,89414,1560,79,133,0.9805671923321563,131830.91399227822,0.488713666453659,340690,8217,3.1097427594622915
1562,25,75,0.19139200000000003,1171.9206876722415,25,25,0,0,0,0,91211,91207,89439,1560,79,133,0.9805725186655119,131838.3006847398,0.48860596297043085,340750,8217,3.1048422968987435
1563,25,75,0.24246400000000007,1172.1631516722414,25,25,0,0,0,0,91236,91232,89464,1560,79,133,0.9805778420798807,131848.25318857524,0.4885053578639026,340820,8217,3.098984513520022
1564,25,75,0.18243200000000004,1172.3455836722414,25,25,0,0,0,0,91261,91257,89489,1560,79,133,0.9805831625776619,131855.09985528007,0.4883958417878966,340878,8217,3.094483834184772
1565,25,75,0.23254399999999997,1172.5781276722414,25,25,0,0,0,0,91286,91282,89514,1560,79,133,0.9805884801612514,131864.96690582982,0.48829446857007835,340947,8217,3.0887015143389793
1566,25,75,0.30374400000000007,1172.8818716722415,25,25,0,0,0,0,91311,91307,89539,1560,79,133,0.9805937948330431,131878.8701026359,0.48819853097986116,341033,8217,3.0809019227575067
1567,25,75,0.19152000000000002,1173.0733916722415,25,25,0,0,0,0,91336,91332,89564,1560,79,133,0.9805991065954278,131886.25460121836,0.48808947093951455,341093,8217,3.076122584012938
1568,25,75,0.246112,1173.3195036722416,25,25,0,0,0,0,91361,91357,89589,1560,79,133,0.9806044154507941,131896.9228037569,0.48798945108273983,341165,8217,3.0696864438181075
1569,25,75,0.15740800000000002,1173.4769116722416,25,25,0,0,0,0,91386,91382,89614,1560,79,133,0.9806097214015276,131902.15713697148,0.48787715503018925,341218,8217,3.0657888533309117
1570,25,75,0.18294400000000002,1173.6598556722415,25,25,0,0,0,0,91411,91407,89639,1560,79,133,0.9806150244500115,131907.15116632028,0.48776883526920517,341277,8217,3.0613054138502833
1571,25,75,0.26944,1173.9292956722416,25,25,0,0,0,0,91436,91432,89664,1560,79,133,0.9806203245986264,131919.16120580197,0.48767253629685486,341353,8217,3.0543877178088206
1572,25,75,0.17539200000000005,1174.1046876722417,25,25,0,0,0,0,91461,91457,89689,1560,79,133,0.9806256218497502,131925.38078277363,0.48756267453472546,341409,8217,3.0500127523930702
1573,25,75,0.174848,1174.2795356722418,25,25,0,0,0,0,91486,91482,89714,1560,79,133,0.9806309162057583,131931.80949995006,0.4874524802167989,341465,8217,3.0456866310446675
1574,25,75,0.17664,1174.4561756722417,25,25,0,0,0,0,91511,91507,89739,1560,79,133,0.9806362076690234,131937.70803010676,0.4873437715156803,341522,8217,3.041322552317497
1575,25,75,0.37171200000000004,1174.8278876722416,25,25,0,0,0,0,91536,91532,89764,1560,79,133,0.9806414962419158,131953.6398707356,0.4872647719560908,341620,8217,3.0325913270304725
1576,25,75,0.3741760000000001,1175.2020636722416,25,25,0,0,0,0,91561,91557,89789,1560,79,133,0.9806467819268029,131969.62530458436,0.48718580462742034,341719,8217,3.0234906059437834
1577,25,75,0.28534400000000004,1175.4874076722415,25,25,0,0,0,0,91586,91582,89814,1560,79,133,0.9806520647260498,131980.1734900912,0.48708810859682494,341799,8217,3.0165811703260843
1578,25,75,0.28928,1175.7766876722415,25,25,0,0,0,0,91611,91607,89839,1560,79,133,0.9806573446420189,131991.111600659,0.48699138235439077,341879,8217,3.0096308115384964
1579,25,75,0.33840000000000003,1176.1150876722415,25,25,0,0,0,0,91636,91632,89864,1560,79,133,0.9806626216770702,132005.1359151221,0.48690177019954445,341969,8217,3.0016602771835017
1580,25,75,0.186656,1176.3017436722416,25,25,0,0,0,0,91661,91657,89889,1560,79,133,0.9806678958335606,132012.14130246846,0.48679336580737115,342027,8217,2.997069537522859
1581,25,75,0.16873600000000002,1176.4704796722417,25,25,0,0,0,0,91686,91682,89914,1560,79,133,0.9806731671138451,132018.11578244617,0.48668371057765947,342082,8217,2.9928217759771854
1582,25,75,0.190528,1176.6610076722418,25,25,0,0,0,0,91711,91707,89939,1560,79,133,0.9806784355202757,132025.1720649116,0.4865761568035603,342143,8217,2.9881304895781926
1583,25,75,0.210816,1176.8718236722418,25,25,0,0,0,0,91736,91732,89964,1560,79,133,0.9806837010552019,132031.8261296691,0.4864703313834336,342208,8217,2.982975125628951
1584,25,75,0.19116800000000003,1177.0629916722419,25,25,0,0,0,0,91761,91757,89989,1560,79,133,0.9806889637209708,132039.12543303962,0.48636149274249235,342268,8217,2.978264340455001
1585,25,75,0.20681600000000003,1177.2698076722418,25,25,0,0,0,0,91786,91782,90014,1560,79,133,0.9806942235199267,132047.43975161863,0.4862545517833341,342331,8217,2.973214527126931
1586,25,75,0.175104,1177.4449116722417,25,25,0,0,0,0,91811,91807,90039,1560,79,133,0.9806994804544118,132053.8587059449,0.486145167117591,342387,8217,2.968762941524344
1587,25,75,0.23174400000000003,1177.6766556722416,25,25,0,0,0,0,91836,91832,90064,1560,79,133,0.9807047345267651,132063.93049475973,0.486043081052648,342454,8217,2.9630194582698914
1588,25,75,0.16969600000000007,1177.8463516722416,25,25,0,0,0,0,91861,91857,90089,1560,79,133,0.9807099857393236,132069.986700003,0.48593297110353734,342509,8217,2.958806475252421
1589,25,75,0.175296,1178.0216476722414,25,25,0,0,0,0,91886,91882,90114,1560,79,133,0.9807152340944213,132076.2350228806,0.4858229194086765,342566,8217,2.954383231457497
1590,25,75,0.34032,1178.3619676722415,25,25,0,0,0,0,91911,91907,90139,1560,79,133,0.9807204795943902,132092.9462001226,0.4857336938447201,342656,8217,2.945544277759385
1591,25,75,0.20243200000000003,1178.5643996722415,25,25,0,0,0,0,91936,91932,90164,1560,79,133,0.9807257222415593,132101.0612939753,0.48562682768393317,342717,8217,2.9403478298401846
1592,25,75,0.247584,1178.8119836722415,25,25,0,0,0,0,91961,91957,90189,1560,79,133,0.9807309620382554,132111.76180518093,0.4855266287586627,342788,8217,2.934205785321293
1593,25,75,0.19308800000000007,1179.0050716722415,25,25,0,0,0,0,91986,91982,90214,1560,79,133,0.9807361989868023,132118.1899404949,0.4854208273545341,342849,8217,2.929316934273269
1594,25,75,0.20361600000000005,1179.2086876722415,25,25,0,0,0,0,92011,92007,90239,1560,79,133,0.9807414330895219,132125.55303298892,0.48531662253333646,342912,8217,2.9242536079114463
1595,25,75,0.22934400000000008,1179.4380316722416,25,25,0,0,0,0,92036,92032,90264,1560,79,133,0.9807466643487331,132134.89459809815,0.4852167299765869,342979,8217,2.9185410245572387
1596,25,75,0.19456,1179.6325916722415,25,25,0,0,0,0,92061,92057,90289,1560,79,133,0.9807518927667525,132142.50021612732,0.48511040867028704,343039,8217,2.913629199664872
1597,25,75,0.17116800000000001,1179.8037596722415,25,25,0,0,0,0,92086,92082,90314,1560,79,133,0.9807571183458941,132148.25492954245,0.48500069657314815,343095,8217,2.909371960901502
1598,25,75,0.176896,1179.9806556722415,25,25,0,0,0,0,92111,92107,90339,1560,79,133,0.9807623410884694,132154.64105312826,0.48489312306015236,343152,8217,2.904928861739092
1599,25,75,0.19376000000000002,1180.1744156722416,25,25,0,0,0,0,92136,92132,90364,1560,79,133,0.9807675609967874,132162.1600406878,0.48478780498878815,343212,8217,2.9001142157202406
1600,25,75,0.24409600000000004,1180.4185116722415,25,25,0,0,0,0,92161,92157,90389,1560,79,133,0.9807727780731545,132172.66118520574,0.4846885490914575,343282,8217,2.894179882497369
1601,25,75,0.22256000000000006,1180.6410716722414,25,25,0,0,0,0,92186,92182,90414,1560,79,133,0.9807779923198751,132181.34769694303,0.48458862111678136,343347,8217,2.888523277038797
1602,25,75,0.21692800000000004,1180.8579996722415,25,25,0,0,0,0,92211,92207,90439,1560,79,133,0.9807832037392502,132189.95683081826,0.4844855327842683,343413,8217,2.883253989077322
1603,25,75,0.26176,1181.1197596722416,25,25,0,0,0,0,92236,92232,90464,1560,79,133,0.980788412333579,132201.50346424663,0.4843884784373031,343488,8217,2.87654327807528
1604,25,75,0.17152000000000003,1181.2912796722417,25,25,0,0,0,0,92261,92257,90489,1560,79,133,0.9807936181051582,132206.91178159878,0.4842776852785762,343543,8217,2.872290959627105
1605,25,75,0.2719040000000001,1181.5631836722416,25,25,0,0,0,0,92286,92282,90514,1560,79,133,0.9807988210562816,132217.72153941408,0.48418115311440096,343621,8217,2.865182878503069
1606,25,75,0.20627200000000004,1181.7694556722415,25,25,0,0,0,0,92311,92307,90539,1560,79,133,0.9808040211892407,132225.91872719562,0.484077727419364,343684,8217,2.8600618145677292
1607,25,75,0.22278399999999998,1181.9922396722416,25,25,0,0,0,0,92336,92332,90564,1560,79,133,0.9808092185063247,132235.02723109344,0.4839767869874686,343751,8217,2.8543483781835057
1608,25,75,0.20809599999999998,1182.2003356722416,25,25,0,0,0,0,92361,92357,90589,1560,79,133,0.9808144130098202,132243.4001095935,0.4838726771523474,343814,8217,2.8491320978632424
1609,24,76,0.20030535336342964,1182.400641025605,25,24,0,1,0,0,92386,92382,90613,1560,80,133,0.9808087805511657,132250.55753045192,0.48377112563084307,343873,8217,2.8441775812253725
1610,24,76,0.26691200000000004,1182.667553025605,24,24,0,0,0,0,92410,92406,90637,1560,80,133,0.9808137647440753,132262.22331019968,0.48367954169173016,343950,8217,2.8373079650918385
1611,24,76,0.172832,1182.840385025605,24,24,0,0,0,0,92434,92430,90661,1560,80,133,0.9808187463487461,132268.53764940845,0.483574526928472,344005,8217,2.8331157053710023
1612,24,76,0.2264,1183.066785025605,24,24,0,0,0,0,92458,92454,90685,1560,80,133,0.9808237253671938,132276.29917495576,0.4834768919160947,344072,8217,2.827461696109046
1613,24,76,0.22505599999999998,1183.291841025605,24,24,0,0,0,0,92482,92478,90709,1560,80,133,0.9808287018014317,132284.1065686118,0.4833789039338635,344138,8217,2.821990122789771
1614,24,76,0.18860800000000005,1183.480449025605,24,24,0,0,0,0,92506,92502,90733,1560,80,133,0.9808336756534711,132291.3548161307,0.4832780250014842,344195,8217,2.817263994795265
1615,24,76,0.179264,1183.659713025605,24,24,0,0,0,0,92530,92526,90757,1560,80,133,0.9808386469253215,132298.11767413976,0.4831746403250713,344251,8217,2.8127619671454616
1616,24,76,0.19356800000000005,1183.853281025605,24,24,0,0,0,0,92554,92550,90781,1560,80,133,0.98084361561899,132305.3409661601,0.4830747647801782,344310,8217,2.8078831169491436
1617,24,76,0.252384,1184.1056650256048,24,24,0,0,0,0,92578,92574,90805,1560,80,133,0.9808485817364817,132315.84023931858,0.4829819742418934,344382,8217,2.8018455670155546
1618,24,76,0.20758400000000002,1184.3132490256048,24,24,0,0,0,0,92602,92598,90829,1560,80,133,0.9808535452797996,132323.9507190651,0.48288438952991697,344446,8217,2.796754995133885
1619,24,76,0.276384,1184.5896330256048,24,24,0,0,0,0,92626,92622,90853,1560,80,133,0.9808585062509446,132336.33963147434,0.4827954864026471,344524,8217,2.7900402130126256
1620,24,76,0.19952,1184.7891530256047,24,24,0,0,0,0,92650,92646,90877,1560,80,133,0.9808634646519158,132344.0070324575,0.4826948780852464,344586,8217,2.7851606990325464
1621,24,76,0.20972800000000008,1184.9988810256048,24,24,0,0,0,0,92674,92670,90901,1560,80,133,0.9808684204847098,132352.39502020352,0.4825965466749738,344649,8217,2.7799285195036383
1622,24,76,0.27830400000000005,1185.2771850256047,24,24,0,0,0,0,92698,92694,90925,1560,80,133,0.9808733737513214,132363.8740221013,0.48250528201076326,344727,8217,2.772917700677157
1623,24,76,0.19104000000000004,1185.4682250256046,24,24,0,0,0,0,92722,92718,90949,1560,80,133,0.9808783244537435,132371.1025629647,0.48240424902314877,344786,8217,2.768137941710242
1624,24,76,0.25510400000000005,1185.7233290256047,24,24,0,0,0,0,92746,92742,90973,1560,80,133,0.9808832725939663,132380.4872161796,0.4823113793541386,344858,8217,2.761939113864901
1625,24,76,0.20841600000000005,1185.9317450256046,24,24,0,0,0,0,92770,92766,90997,1560,80,133,0.9808882181739786,132389.02209891533,0.4822124661638275,344920,8217,2.756758510787974
1626,24,76,0.26336000000000004,1186.1951050256046,24,24,0,0,0,0,92794,92790,91021,1560,80,133,0.980893161195767,132399.08286133924,0.4821225075208871,344997,8217,2.7500327802942826
1627,24,76,0.18582400000000002,1186.3809290256045,24,24,0,0,0,0,92818,92814,91045,1560,80,133,0.9808981016613157,132405.87753632865,0.48202091258810925,345055,8217,2.745494120456174
1628,24,76,0.24672000000000002,1186.6276490256046,24,24,0,0,0,0,92842,92838,91069,1560,80,133,0.9809030395726073,132416.41902497885,0.48192984800656835,345126,8217,2.7392107112584867
1629,24,76,0.19516799999999998,1186.8228170256045,24,24,0,0,0,0,92866,92862,91093,1560,80,133,0.980907974931622,132423.95894770647,0.4818293975353525,345186,8217,2.7344010355024975
1630,24,76,0.19136,1187.0141770256046,24,24,0,0,0,0,92890,92886,91117,1560,80,133,0.980912907740338,132430.26329634915,0.48173043497058415,345245,8217,2.7297631477359205
1631,24,76,0.19347200000000006,1187.2076490256045,24,24,0,0,0,0,92914,92910,91141,1560,80,133,0.9809178380007318,132436.8354003159,0.4816316266970125,345305,8217,2.7249735980734373
1632,24,76,0.21257600000000004,1187.4202250256044,24,24,0,0,0,0,92938,92934,91165,1560,80,133,0.9809227657147775,132445.39775007524,0.48153470378260604,345369,8217,2.7197048096720664
1633,24,76,0.29488,1187.7151050256043,24,24,0,0,0,0,92962,92958,91189,1560,80,133,0.9809276908844474,132459.01086406448,0.481447183891304,345450,8217,2.7123427757529965
1634,24,76,0.17456,1187.8896650256042,24,24,0,0,0,0,92986,92982,91213,1560,80,133,0.9809326135117115,132465.62255140784,0.48134540823612676,345504,8217,2.708031566752863
1635,24,76,0.22912000000000002,1188.1187850256042,24,24,0,0,0,0,93010,93006,91237,1560,80,133,0.9809375335985377,132473.04392768114,0.48124934488166726,345573,8217,2.7024807835496465
1636,24,76,0.22528000000000004,1188.3440650256043,24,24,0,0,0,0,93034,93030,91261,1560,80,133,0.9809424511468925,132482.14270048792,0.48115697312703526,345640,8217,2.6968819280555065
1637,24,76,0.24985600000000002,1188.5939210256042,24,24,0,0,0,0,93058,93054,91285,1560,80,133,0.9809473661587397,132492.73886923035,0.4810647186511387,345713,8217,2.69095775960099
1638,24,76,0.24604800000000002,1188.8399690256042,24,24,0,0,0,0,93082,93078,91309,1560,80,133,0.9809522786360413,132503.49929697506,0.48097431578042643,345783,8217,2.684952926043304
1639,24,76,0.3323840000000001,1189.1723530256043,24,24,0,0,0,0,93106,93102,91333,1560,80,133,0.9809571885807574,132517.6519610921,0.48089377207738526,345872,8217,2.676862070806627
1640,24,76,0.26396800000000004,1189.4363210256042,24,24,0,0,0,0,93130,93126,91357,1560,80,133,0.980962095994846,132529.445430149,0.4808060722075986,345946,8217,2.6704048009780155
1641,24,76,0.19526400000000002,1189.6315850256042,24,24,0,0,0,0,93154,93150,91381,1560,80,133,0.9809670008802628,132536.99211139095,0.480707154793615,346006,8217,2.6654557260069627
1642,24,76,0.20073600000000003,1189.8323210256042,24,24,0,0,0,0,93178,93174,91405,1560,80,133,0.980971903238962,132543.3955803646,0.48060648951061946,346066,8217,2.6606096138788997
1643,24,76,0.21139200000000005,1190.0437130256041,24,24,0,0,0,0,93202,93198,91429,1560,80,133,0.9809768030728955,132550.47883825607,0.48050816186597173,346128,8217,2.655521197940598
1644,24,76,0.16944000000000004,1190.213153025604,24,24,0,0,0,0,93226,93222,91453,1560,80,133,0.980981700384013,132556.40437087827,0.4804042334403644,346182,8217,2.6513325636955702
1645,24,76,0.293792,1190.506945025604,24,24,0,0,0,0,93250,93246,91477,1560,80,133,0.9809865951742628,132568.48660937944,0.4803157426500579,346264,8217,2.6440766582607966
1646,24,76,0.20592000000000005,1190.712865025604,24,24,0,0,0,0,93274,93270,91501,1560,80,133,0.9809914874455904,132576.5267486259,0.4802193378861991,346327,8217,2.6390755790912817
1647,24,76,0.208608,1190.921473025604,24,24,0,0,0,0,93298,93294,91525,1560,80,133,0.9809963771999399,132584.82912299063,0.48012315535071254,346390,8217,2.6339137281507634
1648,24,76,0.31120000000000003,1191.232673025604,24,24,0,0,0,0,93322,93318,91549,1560,80,133,0.9810012644392533,132599.06949899864,0.4800381123879106,346476,8217,2.6261793520318557
1649,24,76,0.21292800000000006,1191.445601025604,24,24,0,0,0,0,93346,93342,91573,1560,80,133,0.9810061491654704,132606.87006104,0.4799414822766938,346538,8217,2.6209826598867654
1650,24,76,0.38547200000000004,1191.831073025604,24,24,0,0,0,0,93370,93366,91597,1560,80,133,0.981011031380529,132625.21810136116,0.47986807840923323,346638,8217,2.6111387826113193
1651,24,76,0.343488,1192.174561025604,24,24,0,0,0,0,93394,93390,91621,1560,80,133,0.9810159110863653,132641.52848888366,0.47979058783060896,346730,8217,2.602413101033437
1652,24,76,0.337376,1192.5119370256039,24,24,0,0,0,0,93418,93414,91645,1560,80,133,0.981020788284913,132657.4091950607,0.47971321395795835,346821,8217,2.5938541574962564
1653,24,76,0.33059200000000005,1192.8425290256039,24,24,0,0,0,0,93442,93438,91669,1560,80,133,0.9810256629781041,132671.84238415354,0.4796373743223422,346911,8217,2.5854310372839273
1654,24,76,0.33072000000000007,1193.1732490256038,24,24,0,0,0,0,93466,93462,91693,1560,80,133,0.9810305351678685,132687.41327321084,0.4795603770002129,347000,8217,2.5770352298093746
1655,24,76,0.39884800000000004,1193.5720970256039,24,24,0,0,0,0,93490,93486,91717,1560,80,133,0.9810354048561344,132706.02454155913,0.47948982018389474,347104,8217,2.567161622697993
1656,24,76,0.40000000000000013,1193.972097025604,24,24,0,0,0,0,93514,93510,91741,1560,80,133,0.9810402720448275,132724.93083781147,0.4794207147003967,347207,8217,2.5570409957039897
1657,24,76,0.20736000000000002,1194.179457025604,24,24,0,0,0,0,93538,93534,91765,1560,80,133,0.981045136735872,132731.56816379697,0.47932856623826997,347269,8217,2.552105528992218
1658,24,76,0.22195200000000007,1194.4014090256042,24,24,0,0,0,0,93562,93558,91789,1560,80,133,0.98104999893119,132739.7697306311,0.4792336033994548,347336,8217,2.546865884839805
1659,24,76,0.21849600000000002,1194.619905025604,24,24,0,0,0,0,93586,93582,91813,1560,80,133,0.9810548586327015,132747.25402855323,0.47913530489196304,347402,8217,2.541604216403026
1660,24,76,0.20246400000000003,1194.822369025604,24,24,0,0,0,0,93610,93606,91837,1560,80,133,0.9810597158423245,132754.26047585232,0.479035236795569,347464,8217,2.536636296917531
1661,24,76,0.20281600000000002,1195.025185025604,24,24,0,0,0,0,93634,93630,91861,1560,80,133,0.9810645705619754,132762.11580143456,0.4789377357439216,347526,8217,2.5317176101526724
1662,24,76,0.207712,1195.232897025604,24,24,0,0,0,0,93658,93654,91885,1560,80,133,0.9810694227935681,132770.4486672948,0.47883905904935603,347588,8217,2.526787227069493
1663,24,76,0.21251200000000006,1195.445409025604,24,24,0,0,0,0,93682,93678,91909,1560,80,133,0.9810742725390149,132778.15850192483,0.4787422955562234,347653,8217,2.521778756661925
1664,24,76,0.22172800000000004,1195.667137025604,24,24,0,0,0,0,93706,93702,91933,1560,80,133,0.9810791198002262,132787.13705802898,0.4786479756328483,347719,8217,2.51647511562322
1665,24,76,0.2648,1195.931937025604,24,24,0,0,0,0,93730,93726,91957,1560,80,133,0.9810839645791102,132798.7079222886,0.4785576452189992,347794,8217,2.510188989265721
1666,24,76,0.17116800000000001,1196.103105025604,24,24,0,0,0,0,93754,93750,91981,1560,80,133,0.9810888068775733,132804.89226436685,0.4784561818955042,347848,8217,2.5059361490402954
1667,24,76,0.21619200000000002,1196.319297025604,24,24,0,0,0,0,93778,93774,92005,1560,80,133,0.9810936466975196,132812.716801474,0.47836077292003787,347912,8217,2.5006959931913895
1668,24,76,0.16912,1196.4884170256041,24,24,0,0,0,0,93802,93798,92029,1560,80,133,0.981098484040852,132818.87708955506,0.4782586582720811,347965,8217,2.4964487293708415
1669,24,76,0.179392,1196.6678090256041,24,24,0,0,0,0,93826,93822,92053,1560,80,133,0.9811033189094707,132824.74451236712,0.4781591974587489,348022,8217,2.4920441589502103
1670,24,76,0.186752,1196.8545610256042,24,24,0,0,0,0,93850,93846,92077,1560,80,133,0.9811081513052744,132831.54459783935,0.4780581046862634,348081,8217,2.487295393485658
1671,24,76,0.269888,1197.1244490256042,24,24,0,0,0,0,93874,93870,92101,1560,80,133,0.9811129812301596,132841.1930183532,0.4779696118687085,348158,8217,2.480629691964952
1672,24,76,0.20963199999999999,1197.3340810256043,24,24,0,0,0,0,93898,93894,92125,1560,80,133,0.981117808686021,132848.0150366642,0.4778743479863845,348220,8217,2.4755837538756507
1673,24,76,0.19593600000000005,1197.5300170256044,24,24,0,0,0,0,93922,93918,92149,1560,80,133,0.9811226336747514,132855.16499633456,0.4777761719153043,348282,8217,2.47049884684375
1674,24,76,0.18156800000000006,1197.7115850256043,24,24,0,0,0,0,93946,93942,92173,1560,80,133,0.9811274561982415,132861.80912794473,0.47767642011598,348339,8217,2.465978239453101
1675,24,76,0.20499200000000006,1197.9165770256043,24,24,0,0,0,0,93970,93966,92197,1560,80,133,0.9811322762583803,132870.02037755252,0.477581289943264,348400,8217,2.4609272143247
1676,24,76,0.24128000000000005,1198.1578570256042,24,24,0,0,0,0,93994,93990,92221,1560,80,133,0.9811370938570547,132878.48430525942,0.4774937407583609,348470,8217,2.454766773389345
1677,24,76,0.24953599999999998,1198.4073930256043,24,24,0,0,0,0,94018,94014,92245,1560,80,133,0.9811419089961497,132887.5713941774,0.4774047516938987,348541,8217,2.4486792493917404
1678,24,76,0.28812800000000005,1198.6955210256042,24,24,0,0,0,0,94042,94038,92269,1560,80,133,0.9811467216775484,132898.18907782275,0.47732062371467604,348623,8217,2.4418038754293714
1679,24,76,0.28246400000000005,1198.977985025604,24,24,0,0,0,0,94066,94062,92293,1560,80,133,0.9811515319031319,132909.46955677168,0.47723799676116613,348703,8217,2.434663383889299
1680,24,76,0.22307200000000002,1199.201057025604,24,24,0,0,0,0,94090,94086,92317,1560,80,133,0.9811563396747794,132918.11499512108,0.47714244735640415,348769,8217,2.429130450675072
1681,24,76,0.15449600000000002,1199.3555530256042,24,24,0,0,0,0,94114,94110,92341,1560,80,133,0.9811611449943686,132922.871451946,0.4770404090721135,348820,8217,2.4253513620621465
1682,24,76,0.18579199999999998,1199.5413450256042,24,24,0,0,0,0,94138,94134,92365,1560,80,133,0.9811659478637744,132928.6736645134,0.4769394209024075,348878,8217,2.4208014867073255
1683,24,76,0.201184,1199.7425290256042,24,24,0,0,0,0,94162,94158,92389,1560,80,133,0.9811707482848707,132935.50252780635,0.4768416249680873,348940,8217,2.4158109495650995
1684,24,76,0.18758399999999997,1199.9301130256042,24,24,0,0,0,0,94186,94182,92413,1560,80,133,0.981175546259529,132941.98909448998,0.4767412457419879,349001,8217,2.41111728542359
1685,24,76,0.25664000000000003,1200.1867530256043,24,24,0,0,0,0,94210,94206,92437,1560,80,133,0.9811803417896189,132951.382439226,0.47664964622695655,349074,8217,2.404785313865014
1686,24,76,0.227104,1200.4138570256043,24,24,0,0,0,0,94234,94230,92461,1560,80,133,0.9811851348770083,132960.45781700406,0.47655723111182074,349142,8217,2.3992958029150433
1687,24,76,0.2951360000000001,1200.7089930256043,24,24,0,0,0,0,94258,94254,92485,1560,80,133,0.981189925523563,132973.64217925476,0.47647572219719714,349224,8217,2.3917294138730316
1688,24,76,0.187584,1200.8965770256043,24,24,0,0,0,0,94282,94278,92509,1560,80,133,0.981194713731147,132980.2974337191,0.4763773581049794,349284,8217,2.3871627586460225
1689,24,76,0.20144,1201.0980170256043,24,24,0,0,0,0,94306,94302,92533,1560,80,133,0.9811994995016223,132988.3004848845,0.4762797283829162,349344,8217,2.3822157316874595
1690,24,76,0.19977599999999998,1201.2977930256043,24,24,0,0,0,0,94330,94326,92557,1560,80,133,0.9812042828368494,132995.77917113074,0.47618234566788203,349406,8217,2.3773629150847952
1691,24,76,0.256992,1201.5547850256044,24,24,0,0,0,0,94354,94350,92581,1560,80,133,0.9812090637386862,133006.6693518219,0.476094588798564,349480,8217,2.3712429470238288
1692,24,76,0.30224000000000006,1201.8570250256043,24,24,0,0,0,0,94378,94374,92605,1560,80,133,0.9812138422089893,133019.30318757685,0.4760141140012169,349565,8217,2.364012437886184
1693,24,76,0.21526399999999996,1202.0722890256043,24,24,0,0,0,0,94402,94398,92629,1560,80,133,0.9812186182496133,133027.2542341203,0.47592104728174106,349629,8217,2.3586645756954576
1694,23,77,0.19063464553351023,1202.2629236711377,24,23,0,1,0,0,94426,94422,92652,1560,81,133,0.9812128015588927,133034.42104960894,0.47582877123240186,349686,8217,2.354088145275407
1695,23,77,0.168192,1202.4311156711378,23,23,0,0,0,0,94449,94445,92675,1560,81,133,0.9812173765736005,133040.42943924613,0.47573163668152235,349739,8217,2.350050890256723
1696,23,77,0.23036800000000007,1202.6614836711378,23,23,0,0,0,0,94472,94468,92698,1560,81,133,0.9812219493606571,133049.24301022585,0.4756439365109576,349806,8217,2.344226000062071
1697,23,77,0.24230400000000002,1202.903787671138,23,23,0,0,0,0,94495,94491,92721,1560,81,133,0.981226519921689,133057.08539655662,0.4755591750733953,349875,8217,2.338309088358822
1698,23,77,0.17740800000000004,1203.081195671138,23,23,0,0,0,0,94518,94514,92744,1560,81,133,0.9812310882583212,133063.62411449375,0.4754654402359071,349930,8217,2.3339978963795356
1699,23,77,0.19772800000000001,1203.278923671138,23,23,0,0,0,0,94541,94537,92767,1560,81,133,0.9812356543721772,133070.55982621186,0.4753747001678891,349989,8217,2.3292587036042467
1700,23,77,0.21504000000000004,1203.493963671138,23,23,0,0,0,0,94564,94560,92790,1560,81,133,0.9812402182648788,133078.6500261704,0.47528498070600445,350052,8217,2.324136047298448
1701,23,77,0.16816000000000003,1203.662123671138,23,23,0,0,0,0,94587,94583,92813,1560,81,133,0.9812447799380465,133084.33724858687,0.4751891772600094,350106,8217,2.320056759237422
1702,23,77,0.17516800000000002,1203.837291671138,23,23,0,0,0,0,94610,94606,92836,1560,81,133,0.9812493393932988,133090.51074301527,0.47509366842890605,350161,8217,2.3158342164093426
1703,23,77,0.23756800000000008,1204.074859671138,23,23,0,0,0,0,94633,94629,92859,1560,81,133,0.981253896632253,133097.87735603983,0.4750121359863174,350230,8217,2.310213430724077
1704,23,77,0.20303999999999997,1204.2778996711381,23,23,0,0,0,0,94656,94652,92882,1560,81,133,0.9812584516565247,133105.8155628144,0.4749203264881952,350291,8217,2.305377408902662
1705,23,77,0.237184,1204.5150836711382,23,23,0,0,0,0,94679,94675,92905,1560,81,133,0.9812630044677279,133113.96940860237,0.4748329777956969,350360,8217,2.299727132710537
1706,23,77,0.205792,1204.7208756711382,23,23,0,0,0,0,94702,94698,92928,1560,81,133,0.9812675550674748,133122.16899259476,0.4747431199998485,350421,8217,2.2948214238455598
1707,23,77,0.216896,1204.937771671138,23,23,0,0,0,0,94725,94721,92951,1560,81,133,0.9812721034573766,133130.90499065348,0.4746541666531989,350485,8217,2.2896586587555725
1708,23,77,0.20358400000000004,1205.1413556711382,23,23,0,0,0,0,94748,94744,92974,1560,81,133,0.9812766496390425,133139.0639321686,0.47456511998856743,350545,8217,2.284751682402995
1709,23,77,0.18416000000000002,1205.3255156711382,23,23,0,0,0,0,94771,94767,92997,1560,81,133,0.9812811936140803,133145.71533868246,0.47447188394361756,350601,8217,2.280276641863717
1710,23,77,0.241664,1205.567179671138,23,23,0,0,0,0,94794,94790,93020,1560,81,133,0.981285735384096,133156.12659909172,0.4743864236114519,350669,8217,2.2743724288334852
1711,23,77,0.25948800000000005,1205.826667671138,23,23,0,0,0,0,94817,94813,93043,1560,81,133,0.9812902749506945,133167.1858859516,0.474302266022945,350743,8217,2.2680226937287977
1712,23,77,0.20512000000000002,1206.031787671138,23,23,0,0,0,0,94840,94836,93066,1560,81,133,0.9812948123154787,133175.48147727293,0.47421272179749374,350803,8217,2.2629817265575065
1713,23,77,0.23337600000000003,1206.265163671138,23,23,0,0,0,0,94863,94859,93089,1560,81,133,0.9812993474800502,133184.97196011164,0.4741261406615298,350869,8217,2.2575270893814836
1714,23,77,0.153952,1206.419115671138,23,23,0,0,0,0,94886,94882,93112,1560,81,133,0.9813038804460089,133189.91875440502,0.47402904366004206,350920,8217,2.253823099708631
1715,23,77,0.20585599999999998,1206.624971671138,23,23,0,0,0,0,94909,94905,93135,1560,81,133,0.9813084112149533,133198.09864154196,0.47393712231176766,350981,8217,2.2488316359889104
1716,23,77,0.18816000000000002,1206.8131316711379,23,23,0,0,0,0,94932,94928,93158,1560,81,133,0.9813129397884802,133205.1000948224,0.4738461033914647,351039,8217,2.244326596494466
1717,23,77,0.172352,1206.985483671138,23,23,0,0,0,0,94955,94951,93181,1560,81,133,0.9813174661681849,133211.0271210255,0.47375086518683784,351092,8217,2.240103275131627
1718,23,77,0.19577600000000006,1207.181259671138,23,23,0,0,0,0,94978,94974,93204,1560,81,133,0.9813219903556613,133218.64857627972,0.47366089196024064,351150,8217,2.2354014233892063
1719,23,77,0.24192000000000005,1207.4231796711379,23,23,0,0,0,0,95001,94997,93227,1560,81,133,0.9813265123525016,133228.13302608096,0.4735773060111111,351219,8217,2.2297066676660777
1720,23,77,0.25539200000000006,1207.678571671138,23,23,0,0,0,0,95024,95020,93250,1560,81,133,0.9813310321602964,133237.46547671358,0.4734934394072978,351291,8217,2.223657262992552
1721,23,77,0.23724800000000001,1207.9158196711378,23,23,0,0,0,0,95047,95043,93273,1560,81,133,0.9813355497806349,133247.41126730177,0.47340582451478147,351359,8217,2.2180329897975177
1722,23,77,0.22505600000000006,1208.1408756711378,23,23,0,0,0,0,95070,95066,93296,1560,81,133,0.9813400652151046,133254.2282459966,0.47332057523585047,351424,8217,2.212673920193218
1723,23,77,0.22256000000000004,1208.3634356711377,23,23,0,0,0,0,95093,95089,93319,1560,81,133,0.9813445784652919,133261.6291145578,0.47323331600736646,351489,8217,2.2072250450434776
1724,23,77,0.204736,1208.5681716711376,23,23,0,0,0,0,95116,95112,93342,1560,81,133,0.981349089532781,133268.84802641245,0.4731437452564442,351551,8217,2.2023624591924498
1725,23,77,0.228128,1208.7962996711376,23,23,0,0,0,0,95139,95135,93365,1560,81,133,0.9813535984191551,133277.3901143062,0.473056690825895,351617,8217,2.196959377032894
1726,23,77,0.22367999999999996,1209.0199796711377,23,23,0,0,0,0,95162,95158,93388,1560,81,133,0.9813581051259956,133286.53844399902,0.4729693828778351,351680,8217,2.1915619778290782
1727,23,77,0.229088,1209.2490676711377,23,23,0,0,0,0,95185,95181,93411,1560,81,133,0.9813626096548826,133295.24604093868,0.47287988366952444,351746,8217,2.1859707969374083
1728,23,77,0.222816,1209.4718836711377,23,23,0,0,0,0,95208,95204,93434,1560,81,133,0.9813671120073943,133304.84666631484,0.47279114877546313,351808,8217,2.180642300884979
1729,23,77,0.24032000000000003,1209.7122036711378,23,23,0,0,0,0,95231,95227,93457,1560,81,133,0.9813716121851078,133314.51853637918,0.4727034772346876,351877,8217,2.1747835038412076
1730,23,77,0.265024,1209.9772276711378,23,23,0,0,0,0,95254,95250,93480,1560,81,133,0.9813761101895984,133324.4728171408,0.4726179339019875,351950,8217,2.1685579394860093
1731,23,77,0.2592,1210.2364276711378,23,23,0,0,0,0,95277,95273,93503,1560,81,133,0.9813806060224398,133335.38828484924,0.4725359566472783,352024,8217,2.16215814564128
1732,23,77,0.250848,1210.4872756711377,23,23,0,0,0,0,95300,95296,93526,1560,81,133,0.9813850996852046,133345.89073685763,0.4724527024316568,352096,8217,2.1561136866985433
1733,23,77,0.199936,1210.6872116711377,23,23,0,0,0,0,95323,95319,93549,1560,81,133,0.9813895911794636,133353.01673596498,0.47236158159740665,352156,8217,2.151186059388821
1734,23,77,0.22032,1210.9075316711376,23,23,0,0,0,0,95346,95342,93572,1560,81,133,0.9813940805067858,133361.20535738603,0.4722735929784433,352220,8217,2.145811792489311
1735,23,77,0.19571200000000005,1211.1032436711375,23,23,0,0,0,0,95369,95365,93595,1560,81,133,0.9813985676687393,133368.70563601592,0.47218225425947535,352279,8217,2.1409962285664506
1736,23,77,0.19632000000000005,1211.2995636711375,23,23,0,0,0,0,95392,95388,93618,1560,81,133,0.9814030526668903,133375.6213948924,0.4720919192105277,352339,8217,2.1362161190372166
1737,23,77,0.218816,1211.5183796711376,23,23,0,0,0,0,95415,95411,93641,1560,81,133,0.9814075355028036,133383.06930503578,0.4720039731515454,352404,8217,2.1310408766450246
1738,23,77,0.367168,1211.8855476711376,23,23,0,0,0,0,95438,95434,93664,1560,81,133,0.9814120161780423,133399.60057339518,0.47193679730868376,352502,8217,2.122194895997647
1739,23,77,0.20556800000000003,1212.0911156711377,23,23,0,0,0,0,95461,95457,93687,1560,81,133,0.9814164946941683,133406.2084189653,0.4718472117196541,352562,8217,2.117208572658306
1740,23,77,0.23824000000000006,1212.3293556711376,23,23,0,0,0,0,95484,95480,93710,1560,81,133,0.9814209710527418,133415.20375084874,0.4717642678227166,352632,8217,2.111653624305295
1741,23,77,0.23452800000000004,1212.5638836711375,23,23,0,0,0,0,95507,95503,93733,1560,81,133,0.9814254452553216,133424.1685561189,0.4716776253283513,352699,8217,2.105836681226052
1742,23,77,0.21043199999999998,1212.7743156711376,23,23,0,0,0,0,95530,95526,93756,1560,81,133,0.9814299173034648,133431.7175990398,0.4715894065040092,352762,8217,2.100662858224401
1743,23,77,0.24099200000000004,1213.0153076711376,23,23,0,0,0,0,95553,95549,93779,1560,81,133,0.9814343871987274,133441.7653069585,0.47150517861595304,352831,8217,2.094786192452392
1744,23,77,0.22432000000000002,1213.2396276711377,23,23,0,0,0,0,95576,95572,93802,1560,81,133,0.9814388549426635,133450.59649163295,0.47141815200900344,352897,8217,2.0893208808319184
1745,23,77,0.271936,1213.5115636711378,23,23,0,0,0,0,95599,95595,93825,1560,81,133,0.9814433205368257,133461.40642454597,0.47133808682197326,352972,8217,2.082855896710135
1746,23,77,0.222208,1213.7337716711377,23,23,0,0,0,0,95622,95618,93848,1560,81,133,0.9814477839827654,133468.7027592183,0.4712519328417266,353037,8217,2.077442397971549
1747,23,77,0.258592,1213.9923636711376,23,23,0,0,0,0,95645,95641,93871,1560,81,133,0.9814522452820326,133478.06530675667,0.47117132821231156,353110,8217,2.0709735869659216
1748,22,78,0.2879608685510091,1214.2803245396885,23,22,0,1,0,0,95668,95664,93893,1560,82,133,0.9814462516201865,133487.4037932269,0.4710991733596192,353190,8217,2.063931565498379
1749,22,78,0.20400000000000001,1214.4843245396885,22,22,0,0,0,0,95690,95686,93915,1560,82,133,0.9814505172954332,133494.9399708796,0.4710154776681803,353250,8217,2.0590484451392426
1750,22,78,0.21839999999999998,1214.7027245396885,22,22,0,0,0,0,95712,95708,93937,1560,82,133,0.9814547810096957,133503.01166192986,0.4709323853030268,353313,8217,2.0537895083541367
1751,22,78,0.17670400000000003,1214.8794285396884,22,22,0,0,0,0,95734,95730,93959,1560,82,133,0.9814590427643262,133508.74843190354,0.47084466325934565,353367,8217,2.0495426702909074
1752,22,78,0.23619199999999999,1215.1156205396885,22,22,0,0,0,0,95756,95752,93981,1560,82,133,0.981463302560675,133517.19067519048,0.47076392700798314,353433,8217,2.043946461334551
1753,22,78,0.23251199999999997,1215.3481325396885,22,22,0,0,0,0,95778,95774,94003,1560,82,133,0.9814675604000919,133525.9549548866,0.4706831012320001,353499,8217,2.0383955953694834
1754,22,78,0.28048000000000006,1215.6286125396884,22,22,0,0,0,0,95800,95796,94025,1560,82,133,0.9814718162839249,133535.8565317581,0.4706109428137519,353576,8217,2.031804545144501
1755,22,78,0.19049600000000005,1215.8191085396884,22,22,0,0,0,0,95822,95818,94047,1560,82,133,0.9814760702135209,133541.76033226898,0.4705259364261091,353634,8217,2.0271370907891946
1756,22,78,0.215904,1216.0350125396883,22,22,0,0,0,0,95844,95840,94069,1560,82,133,0.9814803221902257,133549.29284546373,0.470443199651476,353697,8217,2.02194115324355
1757,22,78,0.34182400000000007,1216.3768365396884,22,22,0,0,0,0,95866,95862,94091,1560,82,133,0.981484572215384,133563.03665085378,0.4703778648434933,353789,8217,2.013691722819642
1758,22,78,0.275456,1216.6522925396885,22,22,0,0,0,0,95888,95884,94113,1560,82,133,0.9814888202903387,133572.7956101301,0.4703014603927243,353864,8217,2.007306922586055
1759,22,78,0.29056000000000004,1216.9428525396884,22,22,0,0,0,0,95910,95906,94135,1560,82,133,0.9814930664164321,133585.50047007916,0.47022659519724747,353942,8217,2.000193063750129
1760,22,78,0.26448,1217.2073325396884,22,22,0,0,0,0,95932,95928,94157,1560,82,133,0.9814973105950048,133595.19915207036,0.4701512755912072,354016,8217,1.9939871539180092
1761,22,78,0.198656,1217.4059885396885,22,22,0,0,0,0,95954,95950,94179,1560,82,133,0.9815015528273965,133602.60876907746,0.47006693335875005,354075,8217,1.9891140964478902
1762,22,78,0.22016,1217.6261485396885,22,22,0,0,0,0,95976,95972,94201,1560,82,133,0.9815057931149455,133611.42103848074,0.4699834906396433,354137,8217,1.9837275659288407
1763,22,78,0.177376,1217.8035245396886,22,22,0,0,0,0,95998,95994,94223,1560,82,133,0.9815100314589887,133616.15459398922,0.46989272970239016,354192,8217,1.9794781342261465
1764,22,78,0.20531200000000002,1218.0088365396887,22,22,0,0,0,0,96020,96016,94245,1560,82,133,0.9815142678608623,133624.13401070316,0.4698073802928614,354253,8217,1.9744534471506032
1765,22,78,0.23155200000000006,1218.2403885396886,22,22,0,0,0,0,96042,96038,94267,1560,82,133,0.9815185023219009,133633.55338690305,0.46972833276384235,354320,8217,1.9688905061250734
1766,22,78,0.1768,1218.4171885396886,22,22,0,0,0,0,96064,96060,94289,1560,82,133,0.9815227348434377,133639.86779861158,0.46964009601993395,354375,8217,1.964554645067253
1767,22,78,0.18025600000000003,1218.5974445396887,22,22,0,0,0,0,96086,96082,94311,1560,82,133,0.9815269654268052,133646.16898693633,0.4695514342396108,354430,8217,1.9602304991990482
1768,22,78,0.24336000000000002,1218.8408045396886,22,22,0,0,0,0,96108,96104,94333,1560,82,133,0.9815311940733341,133656.05696268383,0.46947025875912307,354498,8217,1.9542640110933567
1769,22,78,0.165344,1219.0061485396886,22,22,0,0,0,0,96130,96126,94355,1560,82,133,0.9815354207843545,133661.55387746607,0.46937927745721664,354549,8217,1.950226442675224
1770,22,78,0.18012799999999998,1219.1862765396886,22,22,0,0,0,0,96152,96148,94377,1560,82,133,0.9815396455611948,133668.15156625074,0.4692912447039436,354604,8217,1.9458540989820297
1771,22,78,0.272416,1219.4586925396886,22,22,0,0,0,0,96174,96170,94399,1560,82,133,0.9815438684051823,133679.68017062984,0.4692139391984927,354681,8217,1.9394062774637217
1772,22,78,0.253632,1219.7123245396886,22,22,0,0,0,0,96196,96192,94421,1560,82,133,0.9815480893176431,133689.01233455897,0.469134989073933,354751,8217,1.9332590390538187
1773,22,78,0.3276160000000001,1220.0399405396886,22,22,0,0,0,0,96218,96214,94443,1560,82,133,0.9815523082999023,133701.7408855014,0.46906275777239437,354837,8217,1.9252470806606097
1774,22,78,0.23219200000000004,1220.2721325396885,22,22,0,0,0,0,96240,96236,94465,1560,82,133,0.9815565253532834,133710.8368281886,0.46898045148227024,354906,8217,1.9195215612408243
1775,22,78,0.252768,1220.5249005396886,22,22,0,0,0,0,96262,96258,94487,1560,82,133,0.9815607404791091,133720.0739844249,0.4689033584114754,354976,8217,1.9134062143523989
1776,22,78,0.21344000000000002,1220.7383405396886,22,22,0,0,0,0,96284,96280,94509,1560,82,133,0.9815649536787006,133728.43842016815,0.4688209907543144,355039,8217,1.9081229064194514
1777,22,78,0.208448,1220.9467885396887,22,22,0,0,0,0,96306,96302,94531,1560,82,133,0.9815691649533778,133736.67839799734,0.4687395114422868,355100,8217,1.9029858310467778
1778,22,78,0.188672,1221.1354605396887,22,22,0,0,0,0,96328,96324,94553,1560,82,133,0.9815733743044598,133743.5634928005,0.46865284834035126,355158,8217,1.898435000529215
1779,22,78,0.19168000000000002,1221.3271405396886,22,22,0,0,0,0,96350,96346,94575,1560,82,133,0.9815775817332641,133750.55591396778,0.46856780500210027,355217,8217,1.893803641550945
1780,22,78,0.20022400000000004,1221.5273645396885,22,22,0,0,0,0,96372,96368,94597,1560,82,133,0.9815817872411073,133758.21511912707,0.4684837703841144,355275,8217,1.8890291488896087
1781,22,78,0.20156800000000002,1221.7289325396885,22,22,0,0,0,0,96394,96390,94619,1560,82,133,0.9815859908293048,133765.96694020834,0.4683978383200044,355335,8217,1.884177188871659
1782,22,78,0.23670400000000003,1221.9656365396884,22,22,0,0,0,0,96416,96412,94641,1560,82,133,0.9815901924991702,133775.58509984388,0.4683189577979081,355401,8217,1.8785173620484585
1783,22,78,0.18057600000000004,1222.1462125396883,22,22,0,0,0,0,96438,96434,94663,1560,82,133,0.9815943922520168,133782.39552879226,0.4682345605981242,355455,8217,1.8741741515740722
1784,22,78,0.17315199999999997,1222.3193645396884,22,22,0,0,0,0,96460,96456,94685,1560,82,133,0.9815985900891562,133787.0385957468,0.46814420614512925,355508,8217,1.8700100101421475
1785,22,78,0.167968,1222.4873325396884,22,22,0,0,0,0,96482,96478,94707,1560,82,133,0.9816027860118985,133791.90740587082,0.4680539081992461,355561,8217,1.8659165597439815
1786,22,78,0.2,1222.6873325396884,22,22,0,0,0,0,96504,96500,94729,1560,82,133,0.9816069800215536,133799.45931082073,0.4679703549364866,355621,8217,1.8611426959354682
1787,22,78,0.26976,1222.9570925396883,22,22,0,0,0,0,96526,96522,94751,1560,82,133,0.9816111721194289,133810.94152711597,0.46789453086222665,355694,8217,1.8547184469460614
1788,22,78,0.29024000000000005,1223.2473325396884,22,22,0,0,0,0,96548,96544,94773,1560,82,133,0.9816153623068319,133821.630054271,0.46782280627055434,355772,8218,1.8477018734722392
1789,22,78,0.264032,1223.5113645396884,22,22,0,0,0,0,96570,96566,94795,1560,82,133,0.9816195505850678,133831.1851820061,0.46774494620658963,355846,8218,1.841174338686231
1790,22,78,0.194944,1223.7063085396885,22,22,0,0,0,0,96592,96588,94817,1560,82,133,0.9816237369554415,133837.88483974148,0.4676605384751899,355905,8218,1.8366104478630834
1791,22,78,0.193568,1223.8998765396884,22,22,0,0,0,0,96614,96610,94839,1560,82,133,0.981627921419256,133844.2360686748,0.4675763726900376,355962,8218,1.8319535478832043
1792,21,79,0.20796030209960578,1224.107836841788,22,21,0,1,0,0,96636,96632,94860,1560,83,133,0.9816217558673787,133852.38380854926,0.46749646242433807,356023,8218,1.8269796750797678
1793,21,79,0.208704,1224.3165408417879,21,21,0,0,0,0,96657,96653,94881,1560,83,133,0.9816257487817748,133860.95714047732,0.4674180147158003,356082,8218,1.8218690186883673
1794,21,79,0.28918400000000005,1224.6057248417878,21,21,0,0,0,0,96678,96674,94902,1560,83,133,0.9816297399615218,133872.84141692243,0.4673497605837914,356160,8218,1.8151656078046834
1795,20,80,0.24729271078317136,1224.853017552571,21,20,0,1,0,0,96699,96695,94922,1560,84,133,0.9816233880391732,133879.51505206773,0.4672817828966799,356229,8218,1.8091752240399592
1796,20,80,0.18208000000000002,1225.035097552571,20,20,0,0,0,0,96719,96715,94942,1560,84,133,0.9816271880395786,133885.4048571139,0.46720310927217773,356283,8218,1.8049281522726346
1797,20,80,0.365184,1225.400281552571,20,20,0,0,0,0,96739,96735,94962,1560,84,133,0.9816309864687458,133899.8223438557,0.4671453195690553,356379,8218,1.7964527369716279
1798,20,80,0.220832,1225.621113552571,20,20,0,0,0,0,96759,96755,94982,1560,84,133,0.9816347833276491,133908.2806139667,0.4670712068533007,356442,8218,1.7913494708687727
1799,20,80,0.164192,1225.785305552571,20,20,0,0,0,0,96779,96775,95002,1560,84,133,0.981638578617262,133913.9433768975,0.4669901087318349,356492,8218,1.7875453947272024
1800,20,80,0.244544,1226.0298495525708,20,20,0,0,0,0,96799,96795,95022,1560,84,133,0.9816423723385572,133922.41637503426,0.46692002359604445,356560,8218,1.7819810050925382
1801,20,80,0.19187200000000004,1226.221721552571,20,20,0,0,0,0,96819,96815,95042,1560,84,133,0.9816461644925066,133929.71688029193,0.46684370445217693,356615,8218,1.7775136673854492
1802,19,81,0.19504344751896052,1226.4167650000898,20,19,0,1,0,0,96839,96835,95061,1560,85,133,0.981639628662006,133935.71637940546,0.4667715377783407,356672,8218,1.772948805260648
1803,19,81,0.26864000000000005,1226.6854050000898,19,19,0,0,0,0,96858,96854,95080,1560,85,133,0.9816432302958971,133946.28429608484,0.4667076722430735,356745,8218,1.76685779930909
1804,19,81,0.24985600000000002,1226.9352610000897,19,19,0,0,0,0,96877,96873,95099,1560,85,133,0.9816468305170474,133956.17945321076,0.4666415730241024,356815,8218,1.7609948254893946
1805,19,81,0.16720000000000002,1227.1024610000898,19,19,0,0,0,0,96896,96892,95118,1560,85,133,0.981650429326288,133961.6513082586,0.4665667403976621,356866,8218,1.7571158059454364
1806,19,81,0.23824000000000004,1227.3407010000897,19,19,0,0,0,0,96915,96911,95137,1560,85,133,0.9816540267244492,133970.11593114925,0.46649980774321775,356932,8218,1.75160902258531
1807,19,81,0.22272,1227.5634210000896,19,19,0,0,0,0,96934,96930,95156,1560,85,133,0.981657622712361,133977.46233429678,0.466427887735835,356996,8218,1.746527119177166
1808,19,81,0.215936,1227.7793570000897,19,19,0,0,0,0,96953,96949,95175,1560,85,133,0.9816612172908523,133984.69282130795,0.4663561995223412,357057,8218,1.7415655720382222
1809,19,81,0.22044799999999998,1227.9998050000897,19,19,0,0,0,0,96972,96968,95194,1560,85,133,0.9816648104607516,133992.46427403786,0.4662844313471912,357120,8218,1.7364180212365103
1810,19,81,0.24495999999999998,1228.2447650000897,19,19,0,0,0,0,96991,96987,95213,1560,85,133,0.9816684022228866,134002.77590435158,0.46621517954256475,357186,8218,1.7308543452723602
1811,19,81,0.197408,1228.4421730000897,19,19,0,0,0,0,97010,97006,95232,1560,85,133,0.9816719925780847,134010.09149495227,0.46614211867767047,357243,8218,1.7263073155250126
1812,19,81,0.17792000000000005,1228.6200930000898,19,19,0,0,0,0,97029,97025,95251,1560,85,133,0.9816755815271723,134016.93244161192,0.4660678147004608,357295,8218,1.7222523557246894
1813,19,81,0.14825600000000003,1228.7683490000898,19,19,0,0,0,0,97048,97044,95270,1560,85,133,0.9816791690709752,134022.02631115133,0.4659907551825937,357341,8218,1.7188393294268784
1814,19,81,0.16352000000000003,1228.9318690000898,19,19,0,0,0,0,97067,97063,95289,1560,85,133,0.9816827552103187,134027.9995619415,0.4659148879972651,357390,8218,1.7150822929469305
1815,19,81,0.170432,1229.1023010000897,19,19,0,0,0,0,97086,97082,95308,1560,85,133,0.9816863399460273,134034.29793106212,0.4658406186940558,357440,8218,1.7110822166719573
1816,19,81,0.24105600000000002,1229.3433570000898,19,19,0,0,0,0,97105,97101,95327,1560,85,133,0.9816899232789249,134042.10879059395,0.4657755247800222,357510,8219,1.7055734860103184
1817,19,81,0.13091199999999997,1229.4742690000899,19,19,0,0,0,0,97124,97120,95346,1560,85,133,0.9816935052098349,134046.08795435308,0.4656969635519776,357553,8219,1.7025560025868642
1818,19,81,0.156768,1229.63103700009,19,19,0,0,0,0,97143,97139,95365,1560,85,133,0.9816970857395798,134051.19018640055,0.46562052949141247,357601,8219,1.6988644336890522
1819,19,81,0.21264,1229.8436770000899,19,19,0,0,0,0,97162,97158,95384,1560,85,133,0.9817006648689817,134058.2604792202,0.4655517269890662,357661,8219,1.693927254941839
1820,19,81,0.16316799999999998,1230.00684500009,19,19,0,0,0,0,97181,97177,95403,1560,85,133,0.9817042425988619,134063.3059647631,0.46547767339887425,357711,8219,1.6901118794157561
1821,19,81,0.23366400000000004,1230.24050900009,19,19,0,0,0,0,97200,97196,95422,1560,85,133,0.9817078189300411,134073.4521366569,0.46540868059146223,357774,8219,1.684702230344806
1822,19,81,0.18585600000000002,1230.42636500009,19,19,0,0,0,0,97219,97215,95441,1560,85,133,0.9817113938633395,134080.5404474472,0.465336442530182,357827,8219,1.6803164929343686
1823,19,81,0.18355200000000005,1230.60991700009,19,19,0,0,0,0,97238,97234,95460,1560,85,133,0.9817149673995763,134085.90140590255,0.4652652167581731,357880,8219,1.6759047120778425
1824,19,81,0.18704,1230.79695700009,19,19,0,0,0,0,97257,97253,95479,1560,85,133,0.9817185395395704,134092.9932117048,0.4651935692231475,357935,8219,1.6714494072673525
1825,19,81,0.23436800000000005,1231.03132500009,19,19,0,0,0,0,97276,97272,95498,1560,85,133,0.98172211028414,134100.711044041,0.46512702573880704,358001,8219,1.6658748656915487
1826,19,81,0.18550400000000006,1231.21682900009,19,19,0,0,0,0,97295,97291,95517,1560,85,133,0.9817256796341025,134107.01682342577,0.465053682718062,358054,8219,1.661587947776704
1827,19,81,0.185664,1231.40249300009,19,19,0,0,0,0,97314,97310,95536,1560,85,133,0.9817292475902748,134112.58214822205,0.46497936367763837,358108,8219,1.6572661944751657
1828,19,81,0.199136,1231.60162900009,19,19,0,0,0,0,97333,97329,95555,1560,85,133,0.9817328141534731,134118.7118549905,0.4649074063359474,358166,8219,1.6526720895637959
1829,19,81,0.19798400000000002,1231.79961300009,19,19,0,0,0,0,97352,97348,95574,1560,85,133,0.9817363793245131,134124.7312114458,0.46483460205236915,358224,8219,1.6480100277866492
1830,19,81,0.197216,1231.99682900009,19,19,0,0,0,0,97371,97367,95593,1560,85,133,0.9817399431042096,134130.85172801846,0.4647617771670486,358281,8219,1.6433420894376485
1831,19,81,0.16899200000000003,1232.1658210000899,19,19,0,0,0,0,97390,97386,95612,1560,85,133,0.9817435054933772,134136.1472483077,0.4646866186760476,358331,8219,1.6394119013600628
1832,19,81,0.246272,1232.41209300009,19,19,0,0,0,0,97409,97405,95631,1560,85,133,0.9817470664928292,134145.29842656123,0.46462011419916105,358397,8219,1.6337176044283424
1833,19,81,0.20326400000000003,1232.61535700009,19,19,0,0,0,0,97428,97424,95650,1560,85,133,0.9817506261033789,134151.8642137021,0.4645488610674505,358454,8219,1.6289109879024646
1834,19,81,0.185952,1232.80130900009,19,19,0,0,0,0,97447,97443,95669,1560,85,133,0.9817541843258386,134158.987983349,0.4644753373112111,358508,8219,1.6245532505605629
1835,19,81,0.1472,1232.94850900009,19,19,0,0,0,0,97466,97462,95688,1560,85,133,0.9817577411610202,134163.32538830128,0.46439909783256833,358554,8219,1.6210990063002628
1836,19,81,0.18582400000000002,1233.13433300009,19,19,0,0,0,0,97485,97481,95707,1560,85,133,0.9817612966097349,134169.57712748068,0.4643274034033507,358607,8219,1.6167846217905113
1837,19,81,0.26886400000000005,1233.40319700009,19,19,0,0,0,0,97504,97500,95726,1560,85,133,0.981764850672793,134180.4078362446,0.4642635724635844,358680,8219,1.6105560577886866
1838,19,81,0.35875200000000007,1233.76194900009,19,19,0,0,0,0,97523,97519,95745,1560,85,133,0.9817684033510043,134197.42774056643,0.46420856823672896,358770,8219,1.6021959847812652
1839,19,81,0.27017599999999997,1234.03212500009,19,19,0,0,0,0,97542,97538,95764,1560,85,133,0.9817719546451785,134209.36833389805,0.4641446194598317,358842,8219,1.5958524876087081
1840,19,81,0.27174400000000004,1234.30386900009,19,19,0,0,0,0,97561,97557,95783,1560,85,133,0.9817755045561238,134221.450779547,0.4640817908613839,358914,8219,1.5895636137572522
1841,19,81,0.296576,1234.6004450000898,19,19,0,0,0,0,97580,97576,95802,1560,85,133,0.9817790530846485,134234.40488067208,0.46402411175365477,358991,8219,1.5826507569655497
1842,19,81,0.32108800000000004,1234.9215330000898,19,19,0,0,0,0,97599,97595,95821,1560,85,133,0.9817826002315597,134248.40005602845,0.4639672202789391,359075,8219,1.5751983286530076
1843,19,81,0.33455999999999997,1235.2560930000898,19,19,0,0,0,0,97618,97614,95840,1560,85,133,0.9817861459976643,134261.81092311192,0.46391276939165216,359162,8219,1.567338972015167
1844,19,81,0.37168,1235.6277730000897,19,19,0,0,0,0,97637,97633,95859,1560,85,133,0.9817896903837684,134279.09247875732,0.4638592320666029,359255,8219,1.5587079838437494
1845,19,81,0.18332800000000005,1235.8111010000898,19,19,0,0,0,0,97656,97652,95878,1560,85,133,0.9817932333906775,134286.18650997855,0.46378866629254983,359308,8219,1.5544090570304152
1846,19,81,0.16313599999999998,1235.9742370000897,19,19,0,0,0,0,97675,97671,95897,1560,85,133,0.9817967750191963,134291.17454977173,0.4637121697542446,359358,8219,1.5506958795501506
1847,19,81,0.24838399999999997,1236.2226210000897,19,19,0,0,0,0,97694,97690,95916,1560,85,133,0.9818003152701292,134299.30594999844,0.4636420600848589,359426,8219,1.545085140414032
1848,19,81,0.204096,1236.4267170000896,19,19,0,0,0,0,97713,97709,95935,1560,85,133,0.9818038541442797,134305.60640334978,0.4635703617576894,359485,8219,1.540424366068174
1849,19,81,0.16688,1236.5935970000896,19,19,0,0,0,0,97732,97728,95954,1560,85,133,0.9818073916424508,134311.677177468,0.4634960498930325,359535,8219,1.5364397184593694
1850,19,81,0.12860799999999997,1236.7222050000896,19,19,0,0,0,0,97751,97747,95973,1560,85,133,0.9818109277654449,134315.56361518387,0.4634171754927089,359577,8219,1.5334583131854036
1851,19,81,0.22159999999999994,1236.9438050000897,19,19,0,0,0,0,97770,97766,95992,1560,85,133,0.9818144625140636,134324.31718269363,0.46334769376342083,359639,8219,1.5281689812536405
1852,19,81,0.15808,1237.1018850000896,19,19,0,0,0,0,97789,97785,96011,1560,85,133,0.9818179958891082,134329.02981955116,0.46327220222564086,359686,8219,1.524425885917243
1853,19,81,0.23471999999999998,1237.3366050000895,19,19,0,0,0,0,97808,97804,96030,1560,85,133,0.981821527891379,134337.02626132843,0.4632029826097229,359752,8219,1.5189130680128833
1854,19,81,0.17702400000000007,1237.5136290000896,19,19,0,0,0,0,97827,97823,96049,1560,85,133,0.981825058521676,134343.6485094161,0.4631315605179463,359804,8219,1.5148030189109747
1855,19,81,0.19238400000000005,1237.7060130000896,19,19,0,0,0,0,97846,97842,96068,1560,85,133,0.9818285877807984,134349.42890593194,0.46306129321220285,359860,8219,1.510389110305121
1856,19,81,0.152512,1237.8585250000895,19,19,0,0,0,0,97865,97861,96087,1560,85,133,0.9818321156695448,134354.49418582628,0.4629854327899346,359908,8219,1.5068055932980549
1857,19,81,0.16624,1238.0247650000895,19,19,0,0,0,0,97884,97880,96106,1560,85,133,0.9818356421887132,134360.0586212732,0.46291332591733136,359959,8219,1.5030207849738837
1858,19,81,0.16224000000000005,1238.1870050000896,19,19,0,0,0,0,97903,97899,96125,1560,85,133,0.9818391673391009,134364.73111748413,0.4628394698651503,360008,8219,1.4992355232281651
1859,19,81,0.18768000000000004,1238.3746850000896,19,19,0,0,0,0,97922,97918,96144,1560,85,133,0.9818426911215049,134371.68089396786,0.46276817453935926,360064,8219,1.4949340446863815
1860,19,81,0.228672,1238.6033570000895,19,19,0,0,0,0,97941,97937,96163,1560,85,133,0.9818462135367211,134380.4463788386,0.4627015012534629,360128,8219,1.4896744214193018
1861,19,81,0.186496,1238.7898530000896,19,19,0,0,0,0,97960,97956,96182,1560,85,133,0.9818497345855451,134387.62966682774,0.4626301043143045,360182,8219,1.485367470786025
1862,19,81,0.15196800000000002,1238.9418210000895,19,19,0,0,0,0,97979,97975,96201,1560,85,133,0.9818532542687719,134392.98373639127,0.4625548809813105,360228,8219,1.4818827841292919
1863,19,81,0.154624,1239.0964450000895,19,19,0,0,0,0,97998,97994,96220,1560,85,133,0.9818567725871956,134398.409963954,0.4624796920121048,360275,8219,1.4783404688265067
1864,19,81,0.15532799999999997,1239.2517730000895,19,19,0,0,0,0,98017,98013,96239,1560,85,133,0.9818602895416101,134403.7262071264,0.46240321800534956,360323,8219,1.4747131381450438
1865,19,81,0.15142399999999998,1239.4031970000894,19,19,0,0,0,0,98036,98032,96258,1560,85,133,0.9818638051328084,134408.85129489301,0.4623273110784909,360370,8219,1.471219836758956
1866,19,81,0.14409599999999997,1239.5472930000894,19,19,0,0,0,0,98055,98051,96277,1560,85,133,0.9818673193615828,134413.4660620714,0.46224973235471684,360416,8219,1.467924309795182
1867,19,81,0.16399999999999998,1239.7112930000894,19,19,0,0,0,0,98074,98070,96296,1560,85,133,0.9818708322287253,134418.20602983568,0.46217505904752837,360466,8219,1.4641320763817733
1868,19,81,0.149056,1239.8603490000894,19,19,0,0,0,0,98093,98089,96315,1560,85,133,0.9818743437350269,134422.33888228648,0.46209767020908993,360512,8219,1.4606741882196412
1869,19,81,0.15913599999999997,1240.0194850000894,19,19,0,0,0,0,98112,98108,96334,1560,85,133,0.9818778538812786,134427.82957558768,0.46202413293655586,360561,8219,1.4570168276170254
1870,19,81,0.14576000000000003,1240.1652450000895,19,19,0,0,0,0,98131,98127,96353,1560,85,133,0.98188136266827,134432.58845718417,0.46194881133422633,360605,8219,1.4536659564411036
1871,19,81,0.174816,1240.3400610000895,19,19,0,0,0,0,98150,98146,96372,1560,85,133,0.9818848700967906,134438.50540919357,0.4618751232163739,360657,8219,1.4495995298022155
1872,19,81,0.15571200000000002,1240.4957730000895,19,19,0,0,0,0,98169,98165,96391,1560,85,133,0.9818883761676293,134443.8019298176,0.46180049177574767,360704,8219,1.445958027611538
1873,19,81,0.12444799999999998,1240.6202210000895,19,19,0,0,0,0,98188,98184,96410,1560,85,133,0.9818918808815741,134447.24273923307,0.4617227179637039,360745,8219,1.443061611794846
1874,19,81,0.24543999999999996,1240.8656610000894,19,19,0,0,0,0,98207,98203,96429,1560,85,133,0.9818953842394127,134455.0383202102,0.4616585637421605,360813,8219,1.437361048373171
1875,19,81,0.152544,1241.0182050000894,19,19,0,0,0,0,98226,98222,96448,1560,85,133,0.9818988862419319,134459.19755865948,0.461585041631143,360860,8219,1.4338433682217655
1876,19,81,0.22390400000000002,1241.2421090000894,19,19,0,0,0,0,98245,98241,96467,1560,85,133,0.981902386889918,134467.14930937617,0.4615167690859777,360925,8219,1.4284861856498774
1877,19,81,0.16032000000000002,1241.4024290000893,19,19,0,0,0,0,98264,98260,96486,1560,85,133,0.981905886184157,134471.40435713454,0.461443964508247,360975,8219,1.4247647137084454
1878,19,81,0.18793600000000002,1241.5903650000894,19,19,0,0,0,0,98283,98279,96505,1560,85,133,0.9819093841254337,134478.51780002174,0.4613728770495247,361030,8219,1.420432054199793
1879,19,81,0.152704,1241.7430690000895,19,19,0,0,0,0,98302,98298,96524,1560,85,133,0.9819128807145328,134483.74319050697,0.46129826795189777,361077,8219,1.4169412427660766
1880,19,81,0.202112,1241.9451810000894,19,19,0,0,0,0,98321,98317,96543,1560,85,133,0.9819163759522381,134490.03913803824,0.46123156599557374,361135,8219,1.412283058862067
1881,19,81,0.19350400000000004,1242.1386850000895,19,19,0,0,0,0,98340,98336,96562,1560,85,133,0.9819198698393329,134496.5824005296,0.46116294368422744,361191,8219,1.4077598874727286
1882,19,81,0.19660799999999998,1242.3352930000895,19,19,0,0,0,0,98359,98355,96581,1560,85,133,0.9819233623766,134503.40575649086,0.46109284646239,361248,8219,1.4031540590738503
1883,19,81,0.153408,1242.4887010000893,19,19,0,0,0,0,98378,98374,96600,1560,85,133,0.9819268535648215,134508.47147783276,0.46101726327495485,361294,8219,1.3996221625662886
1884,19,81,0.20944000000000004,1242.6981410000894,19,19,0,0,0,0,98397,98393,96619,1560,85,133,0.9819303434047786,134514.71317521506,0.46094629359118133,361354,8219,1.3948770182377745
1885,19,81,0.167872,1242.8660130000894,19,19,0,0,0,0,98416,98412,96638,1560,85,133,0.9819338318972525,134519.10523840832,0.46087100602903686,361404,8219,1.3909947883210978
1886,19,81,0.16707199999999994,1243.0330850000894,19,19,0,0,0,0,98435,98431,96657,1560,85,133,0.9819373190430233,134524.40004844117,0.46079758118662645,361455,8219,1.3870671754407367
1887,19,81,0.1432,1243.1762850000894,19,19,0,0,0,0,98454,98450,96676,1560,85,133,0.9819408048428708,134529.07847255789,0.4607215494319205,361500,8219,1.383731633995443
1888,19,81,0.179744,1243.3560290000894,19,19,0,0,0,0,98473,98469,96695,1560,85,133,0.9819442892975739,134534.94903991654,0.46064942250376995,361553,8219,1.3795613838910956
1889,19,81,0.13407999999999998,1243.4901090000894,19,19,0,0,0,0,98492,98488,96714,1560,85,133,0.9819477724079113,134538.9519298444,0.4605741200775336,361597,8219,1.3764538091236829
1890,19,81,0.15136,1243.6414690000895,19,19,0,0,0,0,98511,98507,96733,1560,85,133,0.9819512541746607,134544.0371448308,0.4604990357923684,361644,8219,1.3729456962688382
1891,19,81,0.16719999999999996,1243.8086690000896,19,19,0,0,0,0,98530,98526,96752,1560,85,133,0.9819547345985994,134550.07041761334,0.460425760061061,361694,8219,1.3690224342242503
1892,19,81,0.162208,1243.9708770000896,19,19,0,0,0,0,98549,98545,96771,1560,85,133,0.9819582136805041,134555.1436088708,0.4603514542745691,361743,8219,1.3652380503231618
1893,19,81,0.175328,1244.1462050000896,19,19,0,0,0,0,98568,98564,96790,1560,85,133,0.9819616914211509,134560.78339280706,0.4602790251237619,361795,8219,1.3611871906716262
1894,19,81,0.163808,1244.3100130000896,19,19,0,0,0,0,98587,98583,96809,1560,85,133,0.9819651678213152,134566.67088637175,0.46020491514064377,361844,8219,1.3573295647209767
1895,19,81,0.14604799999999998,1244.4560610000897,19,19,0,0,0,0,98606,98602,96828,1560,85,133,0.9819686428817719,134571.6038101147,0.4601298180069316,361889,8219,1.3539330872152893
1896,19,81,0.290048,1244.7461090000897,19,19,0,0,0,0,98625,98621,96847,1560,85,133,0.9819721166032953,134584.1041709076,0.46007014881304376,361966,8219,1.3471636032409062
1897,19,81,0.17155200000000004,1244.9176610000898,19,19,0,0,0,0,98644,98640,96866,1560,85,133,0.981975588986659,134590.1510188214,0.45999894561784865,362016,8219,1.343084823840121
1898,19,81,0.167584,1245.0852450000898,19,19,0,0,0,0,98663,98659,96885,1560,85,133,0.9819790600326364,134595.91837022203,0.45992694594976635,362065,8219,1.3391947853702193
1899,19,81,0.156576,1245.2418210000899,19,19,0,0,0,0,98682,98678,96904,1560,85,133,0.9819825297419995,134601.30006345804,0.459852884529717,362113,8219,1.3355404071764727
1900,19,81,0.29548800000000003,1245.5373090000899,19,19,0,0,0,0,98701,98697,96923,1560,85,133,0.9819859981155206,134612.1122093083,0.45979450135307665,362190,8219,1.3288628341181539
1901,19,81,0.25292800000000004,1245.79023700009,19,19,0,0,0,0,98720,98716,96942,1560,85,133,0.9819894651539708,134620.53804808224,0.4597338795854103,362258,8219,1.3231476103628264
1902,19,81,0.26940800000000004,1246.05964500009,19,19,0,0,0,0,98739,98735,96961,1560,85,133,0.9819929308581209,134629.96628864252,0.45967090470282407,362329,8219,1.317000107980016
1903,19,81,0.293248,1246.35289300009,19,19,0,0,0,0,98758,98754,96980,1560,85,133,0.9819963952287409,134640.79470788204,0.4596094607858964,362408,8219,1.3102770928246295
1904,19,81,0.30124800000000007,1246.65414100009,19,19,0,0,0,0,98777,98773,96999,1560,85,133,0.9819998582666005,134651.94754443757,0.45954723895236893,362486,8219,1.3035246300853705
1905,19,81,0.16076799999999997,1246.81490900009,19,19,0,0,0,0,98796,98792,97018,1560,85,133,0.9820033199724685,134657.45299327976,0.45947416581729683,362535,8219,1.299753114795885
1906,19,81,0.19619199999999998,1247.01110100009,19,19,0,0,0,0,98815,98811,97037,1560,85,133,0.9820067803471133,134663.93672464017,0.4594036668017256,362592,8219,1.2951243108219257
1907,19,81,0.16275199999999998,1247.17385300009,19,19,0,0,0,0,98834,98830,97056,1560,85,133,0.9820102393913026,134668.78863438446,0.4593285458658994,362641,8219,1.2913336386333898
1908,19,81,0.161632,1247.33548500009,19,19,0,0,0,0,98853,98849,97075,1560,85,133,0.9820136971058036,134673.5100701379,0.45925467170443907,362691,8219,1.2875321327805866
1909,19,81,0.205952,1247.5414370000901,19,19,0,0,0,0,98872,98868,97094,1560,85,133,0.9820171534913827,134680.7817494465,0.45918564982217375,362749,8219,1.2825857770366647
1910,19,81,0.18268800000000002,1247.7241250000902,19,19,0,0,0,0,98891,98887,97113,1560,85,133,0.9820206085488062,134685.740728134,0.4591152749478513,362804,8219,1.278242571655714
1911,19,81,0.15254399999999999,1247.8766690000903,19,19,0,0,0,0,98910,98906,97132,1560,85,133,0.9820240622788393,134690.40665266884,0.4590414868440399,362851,8219,1.274701900445253
1912,19,81,0.244768,1248.1214370000903,19,19,0,0,0,0,98929,98925,97151,1560,85,133,0.9820275146822469,134699.57250641135,0.4589779836363699,362919,8219,1.2690974583929762
1913,19,81,0.21571200000000001,1248.3371490000902,19,19,0,0,0,0,98948,98944,97170,1560,85,133,0.982030965759793,134707.3650212967,0.4589100044497549,362981,8219,1.264148298206917
1914,19,81,0.212544,1248.5496930000902,19,19,0,0,0,0,98967,98963,97189,1560,85,133,0.9820344155122415,134715.55432915225,0.45884253387245855,363041,8219,1.2592017157098252
1915,19,81,0.168096,1248.7177890000903,19,19,0,0,0,0,98986,98982,97208,1560,85,133,0.9820378639403552,134720.75234445775,0.45877100868915066,363091,8219,1.2552664234002202
1916,19,81,0.17968000000000003,1248.8974690000903,19,19,0,0,0,0,99005,99001,97227,1560,85,133,0.9820413110448967,134726.5505588016,0.4587004692192154,363143,8219,1.2510835603353265
1917,19,81,0.16886400000000007,1249.0663330000903,19,19,0,0,0,0,99024,99020,97246,1560,85,133,0.9820447568266278,134731.15042320802,0.45862970854250423,363195,8219,1.2470808042582124
1918,19,81,0.163424,1249.2297570000903,19,19,0,0,0,0,99043,99039,97265,1560,85,133,0.98204820128631,134736.06040589043,0.45855898998715783,363244,8219,1.2432903027655595
1919,19,81,0.20143999999999998,1249.4311970000904,19,19,0,0,0,0,99062,99058,97284,1560,85,133,0.9820516444247037,134744.08547202926,0.4584896618274897,363300,8219,1.238644360421518
1920,19,81,0.19379200000000002,1249.6249890000904,19,19,0,0,0,0,99081,99077,97303,1560,85,133,0.9820550862425692,134750.33988775956,0.45842108655793923,363357,8219,1.2341653338588796
1921,18,82,0.2578882672244272,1249.8828772673148,19,18,0,1,0,0,99100,99096,97321,1560,86,133,0.9820484359233098,134758.15619480412,0.45836000509588054,363427,8219,1.2281221653299232
1922,18,82,0.15571200000000002,1250.0385892673148,18,18,0,0,0,0,99118,99114,97339,1560,86,133,0.9820516959583526,134763.59005743917,0.45828989970951134,363474,8219,1.224591389241521
1923,18,82,0.131872,1250.1704612673147,18,18,0,0,0,0,99136,99132,97357,1560,86,133,0.9820549548095545,134767.72745790752,0.45821865340643264,363515,8219,1.2215139982260124
1924,18,82,0.13872,1250.3091812673147,18,18,0,0,0,0,99154,99150,97375,1560,86,133,0.9820582124775602,134772.13038554296,0.4581478429119886,363558,8219,1.2182864194082301
1925,18,82,0.19350399999999998,1250.5026852673147,18,18,0,0,0,0,99172,99168,97393,1560,86,133,0.9820614689630137,134778.94448820924,0.45808339629586137,363613,8219,1.2138575761369275
1926,18,82,0.24374399999999996,1250.7464292673149,18,18,0,0,0,0,99190,99186,97411,1560,86,133,0.9820647242665591,134786.99443400084,0.45802463002440846,363680,8219,1.2082940054588907
1927,18,82,0.15744,1250.9038692673148,18,18,0,0,0,0,99208,99204,97429,1560,86,133,0.9820679783888396,134792.9254537847,0.45795716658458535,363725,8219,1.2046705984593131
1928,18,82,0.163648,1251.0675172673148,18,18,0,0,0,0,99226,99222,97447,1560,86,133,0.982071231330498,134798.73601735142,0.4578892949304373,363774,8219,1.2009004050317234
1929,18,82,0.16806400000000002,1251.2355812673147,18,18,0,0,0,0,99244,99240,97465,1560,86,133,0.9820744830921768,134803.21893432882,0.45781976371982,363823,8219,1.1969998529471044
1930,18,82,0.166368,1251.4019492673146,18,18,0,0,0,0,99262,99258,97483,1560,86,133,0.9820777336745179,134808.89341651776,0.45775068033236754,363873,8219,1.1932113615883717
1931,18,82,0.189984,1251.5919332673147,18,18,0,0,0,0,99280,99276,97501,1560,86,133,0.9820809830781627,134816.0878278541,0.45768432749158444,363928,8219,1.1888709964942392
1932,18,82,0.20876799999999998,1251.8007012673147,18,18,0,0,0,0,99298,99294,97519,1560,86,133,0.9820842313037523,134824.31814356323,0.45762124741454363,363987,8219,1.183945147342676
1933,18,82,0.14623999999999998,1251.9469412673147,18,18,0,0,0,0,99316,99312,97537,1560,86,133,0.9820874783519272,134829.03662764587,0.45755042888889,364033,8219,1.180573327622121
1934,18,82,0.177152,1252.1240932673147,18,18,0,0,0,0,99334,99330,97555,1560,86,133,0.9820907242233273,134835.73465905382,0.45748339265437515,364084,8219,1.1764540200509495
1935,18,82,0.11878399999999996,1252.2428772673147,18,18,0,0,0,0,99352,99348,97573,1560,86,133,0.9820939689185925,134838.96060840244,0.45741013352324406,364124,8219,1.1736930014766032
1936,18,82,0.160384,1252.4032612673147,18,18,0,0,0,0,99370,99366,97591,1560,86,133,0.9820972124383617,134844.6312964,0.4573407237360854,364172,8219,1.17003544049769
1937,18,82,0.136288,1252.5395492673147,18,18,0,0,0,0,99388,99384,97609,1560,86,133,0.9821004547832737,134848.94756321414,0.4572693584202797,364215,8219,1.1668972283022303
1938,18,82,0.211936,1252.7514852673146,18,18,0,0,0,0,99406,99402,97627,1560,86,133,0.9821036959539665,134857.2913197949,0.45720528068988103,364273,8219,1.1620934791495596
1939,18,82,0.282592,1253.0340772673146,18,18,0,0,0,0,99424,99420,97645,1560,86,133,0.9821069359510782,134867.54675383656,0.4571513497854365,364348,8219,1.1555975855225096
1940,18,82,0.17196799999999998,1253.2060452673147,18,18,0,0,0,0,99442,99438,97663,1560,86,133,0.9821101747752459,134873.66154856546,0.45708336391124355,364399,8219,1.1516853426539597
1941,18,82,0.185056,1253.3911012673148,18,18,0,0,0,0,99460,99456,97681,1560,86,133,0.9821134124271064,134880.55550184127,0.45701679636295406,364453,8219,1.1474046567673046
1942,18,82,0.205152,1253.5962532673148,18,18,0,0,0,0,99478,99474,97699,1560,86,133,0.9821166489072961,134887.49312968997,0.45695381956206865,364511,8219,1.1426780552538471
1943,18,82,0.18896000000000002,1253.7852132673147,18,18,0,0,0,0,99496,99492,97717,1560,86,133,0.9821198842164509,134894.396751783,0.4568887832133247,364566,8219,1.1382818372604917
1944,17,83,0.16689825585570142,1253.9521115231705,18,17,0,1,0,0,99514,99510,97734,1560,87,133,0.9821130695178568,134899.12289754482,0.4568250426253471,364614,8219,1.1344451766504344
1945,17,83,0.13888,1254.0909915231705,17,17,0,0,0,0,99531,99527,97751,1560,87,133,0.9821161246244888,134903.82527548377,0.45675855346298855,364656,8219,1.131283758966069
1946,17,83,0.177408,1254.2683995231705,17,17,0,0,0,0,99548,99544,97768,1560,87,133,0.9821191786876683,134909.8231800538,0.4566954979459375,364706,8219,1.127181069494729
1947,17,83,0.173952,1254.4423515231706,17,17,0,0,0,0,99565,99561,97785,1560,87,133,0.9821222317079294,134914.78169124454,0.4566330537280498,364756,8219,1.1232304968155462
1948,17,83,0.16425599999999999,1254.6066075231706,17,17,0,0,0,0,99582,99578,97802,1560,87,133,0.9821252836858066,134919.12364001625,0.4565699833787884,364804,8219,1.1195199069275943
1949,17,83,0.167136,1254.7737435231707,17,17,0,0,0,0,99599,99595,97819,1560,87,133,0.9821283346218336,134924.1493726504,0.45650694018628335,364853,8219,1.1157377990192907
1950,17,83,0.164928,1254.9386715231706,17,17,0,0,0,0,99616,99612,97836,1560,87,133,0.9821313845165436,134928.79281063227,0.4564432824083147,364900,8219,1.112054121783478
1951,17,83,0.21743999999999997,1255.1561115231705,17,17,0,0,0,0,99633,99629,97853,1560,87,133,0.9821344333704696,134935.97365706923,0.45638530944724054,364960,8219,1.107082808285409
1952,15,85,0.15675459424455607,1255.312866117415,17,14,0,3,0,0,99650,99645,97867,1560,90,133,0.9821073758153538,134937.0699305462,0.45633358555476355,365004,8219,1.103496257794867
1953,12,88,0.11064314934799213,1255.423509266763,15,11,0,3,1,0,99665,99660,97878,1560,93,134,0.9820699342798375,134938.1198850909,0.4562884542794973,365036,8219,1.1008953157963606
1954,12,88,0.11552000000000001,1255.539029266763,12,12,0,0,0,1,99677,99672,97890,1560,93,134,0.9820720928599376,134942.85725147478,0.4562405843559117,365070,8219,1.0981853010699747
1955,12,88,0.13168,1255.670709266763,12,12,0,0,0,1,99689,99684,97902,1560,93,134,0.9820742509203624,134948.7303872441,0.456193640060793,365106,8219,1.0950448464004805
1956,12,88,0.10943999999999998,1255.780149266763,12,12,0,0,0,1,99701,99696,97914,1560,93,134,0.9820764084612993,134952.44378480752,0.4561447558455716,365139,8220,1.0925452261212436
1957,12,88,0.09068799999999999,1255.870837266763,12,12,0,0,0,1,99713,99708,97926,1560,93,134,0.982078565482936,134955.60448625885,0.4560945199691079,365167,8221,1.090440438562516
1958,12,88,0.08390399999999999,1255.954741266763,12,12,0,0,0,1,99725,99720,97938,1560,93,134,0.98208072198546,134958.81852322095,0.45604359783869813,365193,8221,1.0884743559255805
1959,12,88,0.07087999999999998,1256.025621266763,12,12,0,0,0,1,99737,99732,97950,1560,93,134,0.9820828779690586,134961.18321936473,0.45599249804755454,365217,8221,1.0868158754794355
1960,12,88,0.09075199999999999,1256.116373266763,12,12,0,0,0,1,99749,99744,97962,1560,93,134,0.9820850334339192,134964.50775424807,0.45594267983901443,365246,8221,1.0847234283557952
1961,12,88,0.09420799999999999,1256.210581266763,12,12,0,0,0,1,99761,99756,97974,1560,93,134,0.9820871883802288,134967.51144145607,0.4558929238065313,365275,8222,1.08251859148184
1962,12,88,0.09391999999999999,1256.304501266763,12,12,0,0,0,1,99773,99768,97986,1560,93,134,0.9820893428081745,134970.66024122667,0.4558436479461622,365303,8223,1.0803493354691465
1963,12,88,0.08326399999999999,1256.3877652667632,12,12,0,0,0,1,99785,99780,97998,1560,93,134,0.9820914967179436,134973.6416479621,0.45579380357031984,365330,8223,1.0784001205016502
1964,12,88,0.092512,1256.480277266763,12,12,0,0,0,1,99797,99792,98010,1560,93,134,0.9820936501097227,134976.48874276222,0.45574492346613354,365359,8224,1.0762452667804878
1965,12,88,0.147968,1256.628245266763,12,12,0,0,0,1,99809,99804,98022,1560,93,134,0.9820958029836989,134982.98533309787,0.4556986085526443,365400,8224,1.0728455264187304
1966,12,88,0.07638399999999998,1256.704629266763,12,12,0,0,0,1,99821,99816,98034,1560,93,134,0.9820979553400587,134985.8511295344,0.45564794469448217,365424,8224,1.0710578511201165
1967,12,88,0.07638399999999998,1256.781013266763,12,12,0,0,0,1,99833,99828,98046,1560,93,134,0.9821001071789889,134988.54470996853,0.4555972668014036,365449,8224,1.0692794887371095
1968,12,88,0.154304,1256.935317266763,12,12,0,0,0,1,99845,99840,98058,1560,93,134,0.982102258500676,134995.44620082327,0.4555509207146991,365491,8224,1.065715376634905
1969,12,88,0.107616,1257.042933266763,12,12,0,0,0,1,99857,99852,98070,1560,93,134,0.9821044093053066,134999.1567583056,0.45550293327290214,365523,8225,1.0631739653744345
1970,12,88,0.08707199999999998,1257.130005266763,12,12,0,0,0,1,99869,99864,98082,1560,93,134,0.9821065595930669,135002.48286889496,0.4554528691982736,365550,8225,1.061085533755333
1971,12,88,0.08,1257.210005266763,12,12,0,0,0,1,99881,99876,98094,1560,93,134,0.9821087093641433,135005.50527673023,0.45540233293918714,365575,8225,1.0591938943433308
1972,12,88,0.09033599999999999,1257.3003412667629,12,12,0,0,0,1,99893,99888,98106,1560,93,134,0.982110858618722,135008.95723051793,0.4553528241082929,365603,8225,1.0570863407334452
1973,12,88,0.10991999999999999,1257.410261266763,12,12,0,0,0,1,99905,99900,98118,1560,93,134,0.9821130073569891,135012.70446844524,0.4553047708738431,365636,8226,1.0545452005937668
1974,12,88,0.07775999999999998,1257.4880212667629,12,12,0,0,0,1,99917,99912,98130,1560,93,134,0.9821151555791306,135015.18990929853,0.4552541815880087,365662,8227,1.0527307680460147
1975,12,88,0.12438400000000001,1257.6124052667628,12,12,0,0,0,1,99929,99924,98142,1560,93,134,0.9821173032853325,135020.3793226591,0.4552061609694407,365698,8227,1.0497742343988297
1976,12,88,0.11276799999999998,1257.7251732667628,12,12,0,0,0,1,99941,99936,98154,1560,93,134,0.9821194504757808,135025.02105361005,0.4551577781495854,365731,8227,1.0470902345259723
1977,12,88,0.153408,1257.8785812667627,12,12,0,0,0,1,99953,99948,98166,1560,93,134,0.9821215971506608,135031.1822854536,0.45511299813709394,365774,8228,1.043429370438582
1978,12,88,0.102848,1257.9814292667627,12,12,0,0,0,1,99965,99960,98178,1560,93,134,0.9821237433101585,135035.4306096657,0.4550643455128188,365804,8228,1.041006695917382
1979,12,88,0.11766399999999999,1258.0990932667628,12,12,0,0,0,1,99977,99972,98190,1560,93,134,0.9821258889544595,135040.51700637877,0.45501629889386974,365837,8228,1.0382625636756242
1980,12,88,0.126816,1258.2259092667628,12,12,0,0,0,1,99989,99984,98202,1560,93,134,0.9821280340837492,135045.40221955875,0.45496918131016295,365873,8229,1.0352581697653913
1981,12,88,0.09775999999999999,1258.3236692667629,12,12,0,0,0,1,100001,99996,98214,1560,93,134,0.9821301786982131,135049.35506698623,0.454919786360928,365902,8229,1.032957133750019
1982,12,88,0.10508799999999999,1258.428757266763,12,12,0,0,0,1,100013,100008,98226,1560,93,134,0.9821323227980363,135052.495438145,0.45487074163952246,365935,8231,1.030499130113203
1983,12,88,0.10675199999999999,1258.5355092667628,12,12,0,0,0,1,100025,100020,98238,1560,93,134,0.9821344663834042,135057.09671952671,0.45482267374045976,365965,8231,1.0279999052828448
1984,12,88,0.0992,1258.634709266763,12,12,0,0,0,1,100037,100032,98250,1560,93,134,0.9821366094545019,135061.00757306442,0.4547746348452605,365995,8231,1.0256404718547039
1985,12,88,0.23260800000000004,1258.867317266763,12,12,0,0,0,1,100049,100044,98262,1560,93,134,0.9821387520115143,135072.29369429068,0.45473489149598406,366053,8231,1.0201874002114293
1986,12,88,0.184064,1259.051381266763,12,12,0,0,0,1,100061,100056,98274,1560,93,134,0.9821408940546267,135080.68894605778,0.45469212307232776,366102,8231,1.0158530370033232
1987,12,88,0.18211200000000002,1259.233493266763,12,12,0,0,0,1,100073,100068,98286,1560,93,134,0.9821430355840237,135089.41821321388,0.45464866086158234,366148,8231,1.0115623063856685
1988,12,88,0.201984,1259.435477266763,12,12,0,0,0,1,100085,100080,98298,1560,93,134,0.9821451765998901,135098.77010075733,0.4546064000902667,366200,8232,1.0068038290468502
1989,12,88,0.23395200000000002,1259.669429266763,12,12,0,0,0,1,100097,100092,98310,1560,93,134,0.9821473171024107,135110.1646557127,0.45456634904592214,366258,8232,1.0013196831587199
1990,12,88,0.10543999999999999,1259.774869266763,12,12,0,0,0,1,100109,100104,98322,1560,93,134,0.9821494570917699,135114.4654116421,0.45451819923655085,366289,8232,0.9988636856854873
1991,12,88,0.09407999999999998,1259.8689492667631,12,12,0,0,0,1,100121,100116,98334,1560,93,134,0.9821515965681525,135118.07247815223,0.4544696983339201,366318,8232,0.9966539421702686
1992,12,88,0.12435199999999998,1259.9933012667632,12,12,0,0,0,1,100133,100128,98346,1560,93,134,0.9821537355317428,135123.41044101634,0.4544231342260921,366353,8232,0.9936881458251573
1993,12,88,0.12259199999999999,1260.1158932667631,12,12,0,0,0,1,100145,100140,98358,1560,93,134,0.9821558739827251,135128.75832282883,0.4543761748025662,366387,8232,0.9908415857133152
1994,12,88,0.089984,1260.205877266763,12,12,0,0,0,1,100157,100152,98370,1560,93,134,0.9821580119212836,135132.332797359,0.45432723078034315,366414,8232,0.9887330040085085
1995,12,88,0.09241599999999998,1260.298293266763,12,12,0,0,0,1,100169,100164,98382,1560,93,134,0.9821601493476025,135135.95702692165,0.4542782765800035,366442,8232,0.9865870758958379
1996,12,88,0.1104,1260.408693266763,12,12,0,0,0,1,100181,100176,98394,1560,93,134,0.982162286261866,135139.32180087702,0.45423057764828617,366474,8234,0.9839911047954881
1997,12,88,0.10489599999999999,1260.5135892667631,12,12,0,0,0,1,100193,100188,98406,1560,93,134,0.982164422664258,135143.5680269756,0.454181856591641,366505,8234,0.9815601163124561
1998,12,88,0.07414399999999999,1260.587733266763,12,12,0,0,0,1,100205,100200,98418,1560,93,134,0.9821665585549624,135146.21117128385,0.4541315161696903,366529,8234,0.9798246916389788
1999,12,88,0.084896,1260.6726292667631,12,12,0,0,0,1,100217,100212,98430,1560,93,134,0.9821686939341628,135148.05036982166,0.4540817335468874,366556,8236,0.9778402420464422
2000,12,88,0.118176,1260.790805266763,12,12,0,0,0,1,100229,100224,98442,1560,93,134,0.9821708288020433,135152.52751541624,0.45403429019779856,366589,8237,0.9750700839012005
2001,12,88,0.08051199999999997,1260.871317266763,12,12,0,0,0,1,100241,100236,98454,1560,93,134,0.9821729631587873,135155.57826266697,0.45398479223071925,366614,8237,0.9731689697826241
2002,11,89,0.10582388820965441,1260.9771411549727,12,11,0,1,0,1,100253,100248,98465,1560,94,134,0.9821651222407309,135157.8569012729,0.4539407918718222,366644,8237,0.9706700220022126
2003,11,89,0.07731199999999999,1261.0544531549726,11,11,0,0,0,1,100264,100259,98476,1560,94,134,0.9821670789116732,135160.61544651934,0.45389457088062884,366669,8237,0.9689145659558409
2004,11,89,0.09046399999999999,1261.1449171549727,11,11,0,0,0,1,100275,100270,98487,1560,94,134,0.9821690351533283,135163.86711889136,0.45384954290843116,366695,8238,0.9668142380187887
2005,11,89,0.07574399999999998,1261.2206611549727,11,11,0,0,0,1,100286,100281,98498,1560,94,134,0.9821709909658377,135166.6534259645,0.4538037566529726,366719,8238,0.9650632914790349
2006,11,89,0.09747199999999999,1261.3181331549727,11,11,0,0,0,1,100297,100292,98509,1560,94,134,0.9821729463493425,135170.56127112085,0.4537594313736444,366748,8238,0.9627554120313035
2007,11,89,0.092544,1261.4106771549727,11,11,0,0,0,1,100308,100303,98520,1560,94,134,0.9821749013039838,135174.5336297416,0.4537148009294374,366774,8238,0.9606186724815486
2008,11,89,0.14073599999999997,1261.5514131549728,11,11,0,0,0,1,100319,100314,98531,1560,94,134,0.9821768558299027,135180.03168298205,0.45367232816017317,366813,8239,0.9572813813371811
2009,10,90,0.09932184611201807,1261.6507350010847,11,10,0,1,0,1,100330,100325,98541,1560,95,134,0.9821688428186983,135182.5471728936,0.4536316816139692,366841,8240,0.9549994300347926
2010,10,90,0.065824,1261.7165590010848,10,10,0,0,0,1,100340,100335,98551,1560,95,134,0.982170619892366,135184.94211967726,0.4535895701925719,366862,8240,0.9535042393660373
2011,10,90,0.116288,1261.8328470010847,10,10,0,0,0,1,100350,100345,98561,1560,95,134,0.9821723966118585,135189.4115020239,0.4535497117741719,366894,8241,0.9509018923308521
2012,10,90,0.09113599999999998,1261.9239830010847,10,10,0,0,0,1,100360,100355,98571,1560,95,134,0.9821741729772818,135193.08159456175,0.45350873169898015,366921,8241,0.9488798479944278
2013,10,90,0.07952,1262.0035030010847,10,10,0,0,0,1,100370,100365,98581,1560,95,134,0.9821759489887416,135196.2079299025,0.45346717012838356,366945,8241,0.9471066870675773
2014,10,90,0.09199999999999998,1262.0955030010848,10,10,0,0,0,1,100380,100375,98591,1560,95,134,0.9821777246463439,135199.955624795,0.4534270415408322,366972,8241,0.9450193610821227
2015,10,90,0.08758399999999998,1262.183087001085,10,10,0,0,0,1,100390,100385,98601,1560,95,134,0.9821794999501943,135203.47226761194,0.45338587996752755,366998,8241,0.9430124203395032
2016,10,90,0.08409599999999998,1262.267183001085,10,10,0,0,0,1,100400,100395,98611,1560,95,134,0.9821812749003984,135206.8423376363,0.45334464334409136,367023,8241,0.9410915746169128
2017,10,90,0.094464,1262.361647001085,10,10,0,0,0,1,100410,100405,98621,1560,95,134,0.982183049497062,135210.81253180158,0.45330417694943476,367050,8241,0.9389678616744876
2018,10,90,0.08998400000000001,1262.451631001085,10,10,0,0,0,1,100420,100415,98631,1560,95,134,0.9821848237402908,135214.54589483063,0.45326324572453097,367076,8241,0.9368981799059467
2019,10,90,0.08544,1262.537071001085,10,10,0,0,0,1,100430,100425,98641,1560,95,134,0.9821865976301902,135218.0366986256,0.4532219912529499,367101,8241,0.9349994462425216
2020,10,90,0.10268799999999999,1262.639759001085,10,10,0,0,0,1,100440,100435,98651,1560,95,134,0.9821883711668657,135221.7770610004,0.45318204686529523,367130,8242,0.9326400943172204
2021,10,90,0.087008,1262.726767001085,10,10,0,0,0,1,100450,100445,98661,1560,95,134,0.9821901443504231,135225.23831939432,0.45314151929773927,367156,8242,0.930677931227817
2022,10,90,0.10924799999999998,1262.836015001085,10,10,0,0,0,1,100460,100455,98671,1560,95,134,0.9821919171809675,135230.03618158077,0.4531017799106148,367186,8242,0.9281622219425745
2023,10,90,0.10687999999999999,1262.942895001085,10,10,0,0,0,1,100470,100465,98681,1560,95,134,0.9821936896586045,135234.4470015434,0.45306195583431746,367217,8242,0.9257444208630019
2024,10,90,0.20320000000000002,1263.1460950010849,10,10,0,0,0,1,100480,100475,98691,1560,95,134,0.9821954617834395,135244.35904609537,0.45302747429666634,367267,8242,0.9211239855800237
2025,10,90,0.16185599999999997,1263.3079510010848,10,10,0,0,0,1,100490,100485,98701,1560,95,134,0.9821972335555776,135251.88048139916,0.4529905902061611,367309,8242,0.9174108775783651
2026,10,90,0.156416,1263.4643670010848,10,10,0,0,0,1,100500,100495,98711,1560,95,134,0.9821990049751244,135259.07691851293,0.45295286197145523,367350,8242,0.913814341483499
2027,10,90,0.152416,1263.6167830010847,10,10,0,0,0,1,100510,100505,98721,1560,95,134,0.9822007760421848,135266.0793203894,0.45291597443492587,367390,8242,0.9102994825651101
2028,10,90,0.15772799999999998,1263.7745110010846,10,10,0,0,0,1,100520,100515,98731,1560,95,134,0.9822025467568644,135273.56226276452,0.4528789695872251,367430,8242,0.9066642660241013
2029,10,90,0.20320000000000002,1263.9777110010846,10,10,0,0,0,1,100530,100525,98741,1560,95,134,0.9822043171192679,135283.4614975685,0.4528445240421135,367480,8242,0.9020438307411234
2030,10,90,0.078176,1264.0558870010846,10,10,0,0,0,1,100540,100535,98751,1560,95,134,0.9822060871295007,135285.82221606575,0.4528033546857079,367504,8243,0.900284017100891
2031,10,90,0.12412799999999999,1264.1800150010845,10,10,0,0,0,1,100550,100545,98761,1560,95,134,0.9822078567876679,135291.4473971124,0.4527644147861439,367537,8243,0.8974578569050897
2032,10,90,0.069824,1264.2498390010844,10,10,0,0,0,1,100560,100555,98771,1560,95,134,0.9822096260938743,135294.02395269222,0.45272254846888615,367559,8243,0.8958695031011186
2033,10,90,0.06627199999999998,1264.3161110010844,10,10,0,0,0,1,100570,100565,98781,1560,95,134,0.9822113950482251,135296.44881655177,0.45268025135346235,367580,8243,0.8943708590465557
2034,10,90,0.119776,1264.4358870010844,10,10,0,0,0,1,100580,100575,98791,1560,95,134,0.9822131636508252,135301.50619637806,0.4526407432971867,367614,8243,0.8917108967620131
2035,10,90,0.09283199999999998,1264.5287190010845,10,10,0,0,0,1,100590,100585,98801,1560,95,134,0.9822149319017796,135305.314485193,0.4526005394398679,367641,8243,0.8896557035307437
2036,10,90,0.08083199999999999,1264.6095510010846,10,10,0,0,0,1,100600,100595,98811,1560,95,134,0.9822166998011929,135307.9137070769,0.45255909786688114,367665,8244,0.8878006326542838
2037,10,90,0.09148799999999999,1264.7010390010846,10,10,0,0,0,1,100610,100605,98821,1560,95,134,0.9822184673491701,135311.1373539824,0.45251870413627066,367691,8245,0.8857210549945422
2038,10,90,0.09759999999999998,1264.7986390010847,10,10,0,0,0,1,100620,100615,98831,1560,95,134,0.982220234545816,135315.20569564213,0.4524781026153375,367719,8245,0.8835639391708856
2039,10,90,0.06905599999999999,1264.8676950010847,10,10,0,0,0,1,100630,100625,98841,1560,95,134,0.9822220013912352,135317.71004702055,0.4524365312542611,367741,8245,0.8819835462263272
2040,10,90,0.06620799999999999,1264.9339030010847,10,10,0,0,0,1,100640,100635,98851,1560,95,134,0.9822237678855326,135319.95592330425,0.4523945374333939,367763,8245,0.8804845843573849
2041,10,90,0.06256,1264.9964630010847,10,10,0,0,0,1,100650,100645,98861,1560,95,134,0.9822255340288127,135322.04160783745,0.4523521727471343,367784,8245,0.8790594678760046
2042,10,90,0.10441599999999998,1265.1008790010846,10,10,0,0,0,1,100660,100655,98871,1560,95,134,0.9822272998211802,135326.55525081902,0.4523124968097869,367813,8245,0.876746081856957
2043,10,90,0.06912,1265.1699990010848,10,10,0,0,0,1,100670,100665,98881,1560,95,134,0.9822290652627397,135329.0641851943,0.452270699469124,367835,8245,0.8751767212524585
2044,10,90,0.08515199999999999,1265.2551510010849,10,10,0,0,0,1,100680,100675,98891,1560,95,134,0.9822308303535956,135332.3429385139,0.4522299386226498,367861,8245,0.8732663237580651
2045,10,90,0.09724799999999999,1265.352399001085,10,10,0,0,0,1,100690,100685,98901,1560,95,134,0.9822325950938524,135336.375965454,0.45218971794479795,367889,8245,0.8710848848738901
2046,10,90,0.101632,1265.454031001085,10,10,0,0,0,1,100700,100695,98911,1560,95,134,0.9822343594836147,135340.63490596536,0.45214975774771743,367918,8245,0.8687784799512572
2047,10,90,0.06847999999999999,1265.522511001085,10,10,0,0,0,1,100710,100705,98921,1560,95,134,0.9822361235229868,135343.08438694628,0.4521076246571555,367940,8245,0.8672116387951199
2048,10,90,0.07782399999999999,1265.6003350010849,10,10,0,0,0,1,100720,100715,98931,1560,95,134,0.9822378872120731,135346.20943336995,0.4520663517485569,367963,8245,0.8654125994477926
2049,10,90,0.08511999999999999,1265.6854550010848,10,10,0,0,0,1,100730,100725,98941,1560,95,134,0.9822396505509778,135349.48301973904,0.452025522189613,367989,8245,0.863441931776285
2050,10,90,0.07091199999999999,1265.7563670010848,10,10,0,0,0,1,100740,100735,98951,1560,95,134,0.9822414135398054,135352.15185676658,0.45198404860070657,368011,8245,0.8618100670521919
2051,10,90,0.07718399999999999,1265.8335510010847,10,10,0,0,0,1,100750,100745,98961,1560,95,134,0.9822431761786601,135353.60621821057,0.45194329381488185,368036,8248,0.8600362053255537
2052,10,90,0.05999999999999999,1265.8935510010847,10,10,0,0,0,1,100760,100755,98971,1560,95,134,0.9822449384676459,135355.627544273,0.45190110684281803,368056,8248,0.8586677849180353
2053,10,90,0.088,1265.9815510010847,10,10,0,0,0,1,100770,100765,98981,1560,95,134,0.9822467004068671,135359.3311565195,0.45186000334878973,368081,8248,0.8567011099303665
2054,10,90,0.08236799999999998,1266.0639190010847,10,10,0,0,0,1,100780,100775,98991,1560,95,134,0.9822484619964279,135362.5242991015,0.4518188473860508,368106,8248,0.8548046083197123
2055,10,90,0.1312,1266.1951190010848,10,10,0,0,0,1,100790,100785,99001,1560,95,134,0.9822502232364322,135368.43210643678,0.45178121420711476,368141,8248,0.8518385953176482
2056,10,90,0.06943999999999999,1266.2645590010848,10,10,0,0,0,1,100800,100795,99011,1560,95,134,0.9822519841269841,135370.96555495806,0.45173958778160594,368163,8248,0.8502564788397879
2057,10,90,0.07625599999999999,1266.3408150010848,10,10,0,0,0,1,100810,100805,99021,1560,95,134,0.9822537446681877,135373.774555196,0.45169846355793813,368187,8248,0.8485130596076299
2058,10,90,0.08592,1266.4267350010848,10,10,0,0,0,1,100820,100815,99031,1560,95,134,0.9822555048601468,135377.11678192986,0.45165766172306254,368213,8248,0.8465867802982208
2059,10,90,0.07257599999999999,1266.4993110010848,10,10,0,0,0,1,100830,100825,99041,1560,95,134,0.9822572647029654,135379.76255547535,0.45161599996186036,368236,8248,0.8449517903108221
2060,10,90,0.07068799999999999,1266.5699990010849,10,10,0,0,0,1,100840,100835,99051,1560,95,134,0.9822590241967474,135382.23717223317,0.4515746454487953,368259,8248,0.8433426457318373
2061,10,90,0.07228799999999999,1266.642287001085,10,10,0,0,0,1,100850,100845,99061,1560,95,134,0.9822607833415964,135385.02682237793,0.4515331180633612,368281,8248,0.8416983398609319
2062,10,90,0.08035199999999998,1266.7226390010849,10,10,0,0,0,1,100860,100855,99071,1560,95,134,0.9822625421376165,135386.77112081923,0.45149203866520615,368306,8250,0.8398755781653253
2063,10,90,0.07692799999999998,1266.7995670010848,10,10,0,0,0,1,100870,100865,99081,1560,95,134,0.9822643005849113,135389.63895134733,0.4514505199253807,368330,8250,0.8381326384248711
2064,10,90,0.082784,1266.8823510010848,10,10,0,0,0,1,100880,100875,99091,1560,95,134,0.9822660586835844,135392.8656946403,0.45140998612237904,368355,8250,0.8362664230691608
2065,10,90,0.08774399999999999,1266.9700950010847,10,10,0,0,0,1,100890,100885,99101,1560,95,134,0.9822678164337397,135396.37018808493,0.4513696077433999,368381,8250,0.8343029071529625
2066,10,90,0.12608,1267.0961750010847,10,10,0,0,0,1,100900,100895,99111,1560,95,134,0.9822695738354806,135401.80720682323,0.45133131518302383,368416,8250,0.8314486658775946
2067,10,90,0.07215999999999999,1267.1683350010846,10,10,0,0,0,1,100910,100905,99121,1560,95,134,0.9822713308889109,135404.4125478034,0.45128954660698223,368439,8250,0.8297994139076075
2068,10,90,0.09052799999999998,1267.2588630010846,10,10,0,0,0,1,100920,100915,99131,1560,95,134,0.982273087594134,135407.53591072193,0.4512489414548092,368465,8251,0.8277390498042585
2069,10,90,0.082592,1267.3414550010846,10,10,0,0,0,1,100930,100925,99141,1560,95,134,0.9822748439512533,135409.7266548052,0.4512078526695308,368491,8251,0.8258732909559472
2070,10,90,0.083712,1267.4251670010847,10,10,0,0,0,1,100940,100935,99151,1560,95,134,0.9822765999603725,135411.1031313087,0.45116723401340597,368517,8251,0.8239689041913911
2071,10,90,0.09948799999999998,1267.5246550010847,10,10,0,0,0,1,100950,100945,99161,1560,95,134,0.9822783556215948,135412.4602805877,0.4511276142618215,368547,8252,0.821696060651041
2072,10,90,0.08934399999999998,1267.6139990010847,10,10,0,0,0,1,100960,100955,99171,1560,95,134,0.9822801109350238,135413.99837432144,0.45108751300248817,368573,8253,0.8196586730877964
2073,10,90,0.124064,1267.7380630010848,10,10,0,0,0,1,100970,100965,99181,1560,95,134,0.9822818659007626,135417.79726452302,0.4510487375013663,368609,8253,0.8168819405975593
2074,10,90,0.143776,1267.8818390010847,10,10,0,0,0,1,100980,100975,99191,1560,95,134,0.9822836205189146,135421.84982732692,0.4510120212950396,368647,8253,0.8135908279623528
2075,10,90,0.093568,1267.9754070010847,10,10,0,0,0,1,100990,100985,99201,1560,95,134,0.9822853747895831,135424.74645161087,0.45097193284774895,368675,8253,0.8114676908717566
2076,10,90,0.07167999999999998,1268.0470870010847,10,10,0,0,0,1,101000,100995,99211,1560,95,134,0.9822871287128713,135426.51669673613,0.4509301926659625,368698,8253,0.8098412477569564
2077,9,91,0.07984186210893392,1268.1269288631936,10,9,0,1,0,1,101010,101005,99220,1560,96,134,0.9822789822789822,135429.33920183915,0.4508932976045665,368722,8253,0.8080255000135519
2078,9,91,0.11785599999999999,1268.2447848631937,9,9,0,0,0,1,101019,101014,99229,1560,96,134,0.9822805610825687,135434.70633591316,0.4508583151115626,368753,8253,0.8053763010047797
2079,9,91,0.080896,1268.3256808631936,9,9,0,0,0,1,101028,101023,99238,1560,96,134,0.982282139604862,135438.09653297463,0.4508214097027894,368776,8253,0.8035613517730587
2080,9,91,0.11203199999999999,1268.4377128631936,9,9,0,0,0,1,101037,101032,99247,1560,96,134,0.9822837178459376,135442.76574070094,0.45078595739886934,368808,8253,0.8010051801181228
2081,9,91,0.064512,1268.5022248631935,9,9,0,0,0,1,101046,101041,99256,1560,96,134,0.9822852958058705,135445.18616711907,0.45074846816157976,368828,8253,0.7995497610499502
2082,9,91,0.07644799999999999,1268.5786728631936,9,9,0,0,0,1,101055,101050,99265,1560,96,134,0.9822868734847361,135448.34362711236,0.4507117977708751,368850,8253,0.7978135676862401
2083,9,91,0.077696,1268.6563688631936,9,9,0,0,0,1,101064,101059,99274,1560,96,134,0.9822884508826091,135451.44313111523,0.4506747691400173,368873,8253,0.7960757207958262
2084,9,91,0.114496,1268.7708648631935,9,9,0,0,0,1,101073,101068,99283,1560,96,134,0.9822900279995647,135456.33239184704,0.45064006882836194,368905,8253,0.7935431642279839
2085,9,91,0.08271999999999999,1268.8535848631936,9,9,0,0,0,1,101082,101077,99292,1560,96,134,0.982291604835678,135459.71422583933,0.45060355681592107,368929,8253,0.7916776767187441
2086,9,91,0.062752,1268.9163368631937,9,9,0,0,0,1,101091,101086,99301,1560,96,134,0.982293181391024,135461.9741321307,0.4505658942130151,368949,8253,0.7902811315940949
2087,9,91,0.07948799999999999,1268.9958248631938,9,9,0,0,0,1,101100,101095,99310,1560,96,134,0.9822947576656775,135465.06350289407,0.45052936460705645,368973,8253,0.7884988974752057
2088,9,91,0.075872,1269.0716968631937,9,9,0,0,0,1,101109,101104,99319,1560,96,134,0.9822963336597138,135468.16655429115,0.45049259449860485,368995,8253,0.7868207440106352
2089,9,91,0.08643199999999998,1269.1581288631937,9,9,0,0,0,1,101118,101113,99328,1560,96,134,0.9822979093732075,135471.5414020197,0.4504567327932416,369021,8253,0.7849209676073302
2090,9,91,0.07631999999999999,1269.2344488631936,9,9,0,0,0,1,101127,101122,99337,1560,96,134,0.9822994848062337,135473.8836107132,0.45042013313032686,369044,8254,0.7832396528844049
2091,9,91,0.08819199999999998,1269.3226408631936,9,9,0,0,0,1,101136,101131,99346,1560,96,134,0.9823010599588673,135477.58659930355,0.4503840277680777,369069,8254,0.7812637770384949
2092,9,91,0.07887999999999999,1269.4015208631936,9,9,0,0,0,1,101145,101140,99355,1560,96,134,0.982302634831183,135480.78931168592,0.4503470574055419,369092,8254,0.7794991463212178
2093,9,91,0.06716799999999999,1269.4686888631936,9,9,0,0,0,1,101154,101149,99364,1560,96,134,0.9823042094232556,135483.2754118719,0.45030984672927604,369113,8254,0.7780053303027095
2094,9,91,0.090336,1269.5590248631936,9,9,0,0,0,1,101163,101158,99373,1560,96,134,0.9823057837351601,135487.1704515948,0.4502735144987869,369138,8254,0.7760029051747752
2095,9,91,0.06329599999999999,1269.6223208631936,9,9,0,0,0,1,101172,101167,99382,1560,96,134,0.9823073577669711,135489.47680995901,0.4502363181880836,369158,8254,0.7745829332546745
2096,9,91,0.078112,1269.7004328631936,9,9,0,0,0,1,101181,101176,99391,1560,96,134,0.9823089315187634,135492.6087660366,0.45019968399601884,369181,8254,0.7728176367779129
2097,9,91,0.082784,1269.7832168631935,9,9,0,0,0,1,101190,101185,99400,1560,96,134,0.9823105049906117,135495.99153233785,0.45016295792684585,369205,8254,0.7709470827593548
2098,9,91,0.09382399999999999,1269.8770408631935,9,9,0,0,0,1,101199,101194,99409,1560,96,134,0.9823120781825907,135499.85901236342,0.4501265127685485,369232,8254,0.7688312951331557
2099,9,91,0.08159999999999999,1269.9586408631935,9,9,0,0,0,1,101208,101203,99418,1560,96,134,0.9823136510947751,135503.3041729882,0.45008988398166133,369255,8254,0.767011433587656
2100,9,91,0.084256,1270.0428968631936,9,9,0,0,0,1,101217,101212,99427,1560,96,134,0.9823152237272395,135506.64818098515,0.45005338637964515,369280,8254,0.7651382305409742
2101,9,91,0.10297599999999998,1270.1458728631935,9,9,0,0,0,1,101226,101221,99436,1560,96,134,0.9823167960800585,135511.1689746354,0.45001759307945954,369308,8254,0.7627975505762659
2102,9,91,0.06928,1270.2151528631935,9,9,0,0,0,1,101235,101230,99445,1560,96,134,0.9823183681533066,135513.84236914324,0.4499803382706955,369329,8254,0.7612329761087475
2103,9,91,0.09913599999999999,1270.3142888631935,9,9,0,0,0,1,101244,101239,99454,1560,96,134,0.9823199399470586,135518.0159030233,0.44994446507138475,369357,8254,0.7589723055786723
2104,9,91,0.096064,1270.4103528631936,9,9,0,0,0,1,101253,101248,99463,1560,96,134,0.9823215114613888,135522.08198868504,0.44990876148004444,369384,8254,0.7568341288621488
2105,9,91,0.08947199999999998,1270.4998248631935,9,9,0,0,0,1,101262,101257,99472,1560,96,134,0.9823230826963718,135525.72352266227,0.4498729154030263,369410,8254,0.7548608991223271
2106,9,91,0.083968,1270.5837928631934,9,9,0,0,0,1,101271,101266,99481,1560,96,134,0.982324653652082,135529.03867280894,0.4498366399498398,369435,8254,0.7529865236938024
2107,9,91,0.10415999999999999,1270.6879528631935,9,9,0,0,0,1,101280,101275,99490,1560,96,134,0.982326224328594,135533.43573608418,0.4498012951324775,369464,8255,0.7507053585848048
2108,9,91,0.103712,1270.7916648631935,9,9,0,0,0,1,101289,101284,99499,1560,96,134,0.9823277947259821,135537.84838409565,0.4497654723626404,369493,8255,0.7483839830901085
2109,9,91,0.105696,1270.8973608631936,9,9,0,0,0,1,101298,101293,99508,1560,96,134,0.9823293648443208,135542.438992084,0.44973020340566117,369522,8255,0.7460133525897792
2110,9,91,0.0856,1270.9829608631937,9,9,0,0,0,1,101307,101302,99517,1560,96,134,0.9823309346836843,135546.06891267645,0.44969436814183206,369546,8255,0.744092175874524
2111,9,91,0.08844799999999998,1271.0714088631937,9,9,0,0,0,1,101316,101311,99526,1560,96,134,0.982332504244147,135549.78484969138,0.449658287284236,369571,8255,0.7421143549153264
2112,9,91,0.07468799999999999,1271.1460968631936,9,9,0,0,0,1,101325,101320,99535,1560,96,134,0.9823340735257834,135552.28657445536,0.4496217917931486,369594,8256,0.7404584265478381
2113,9,91,0.09209599999999998,1271.2381928631937,9,9,0,0,0,1,101334,101329,99544,1560,96,134,0.9823356425286676,135556.16010236167,0.4495863598811703,369620,8256,0.7383900592740571
2114,9,91,0.086208,1271.3244008631937,9,9,0,0,0,1,101343,101338,99553,1560,96,134,0.9823372112528739,135559.67295442906,0.44954966887880216,369645,8256,0.7364887913242869
2115,9,91,0.086016,1271.4104168631936,9,9,0,0,0,1,101352,101347,99562,1560,96,134,0.9823387796984766,135563.16804862698,0.44951334352234346,369670,8256,0.7345837055579842
2116,9,91,0.10015999999999997,1271.5105768631936,9,9,0,0,0,1,101361,101356,99571,1560,96,134,0.9823403478655499,135567.59584749135,0.44947824468622116,369697,8256,0.7323649760548734
2117,9,91,0.10335999999999998,1271.6139368631937,9,9,0,0,0,1,101370,101365,99580,1560,96,134,0.9823419157541678,135572.1410424799,0.449443199754287,369725,8256,0.7301114549832182
2118,9,91,0.112736,1271.7266728631937,9,9,0,0,0,1,101379,101374,99589,1560,96,134,0.9823434833644049,135576.23322613732,0.44940808628876755,369756,8258,0.7276336782389294
2119,9,91,0.11411199999999999,1271.8407848631937,9,9,0,0,0,1,101388,101383,99598,1560,96,134,0.9823450506963348,135581.23473650703,0.4493732329895403,369787,8258,0.7251039464815194
2120,9,91,0.09328,1271.9340648631937,9,9,0,0,0,1,101397,101392,99607,1560,96,134,0.9823466177500321,135585.04073758642,0.44933762331133764,369814,8258,0.723040580291731
2121,9,91,0.085952,1272.0200168631936,9,9,0,0,0,1,101406,101401,99616,1560,96,134,0.9823481845255705,135588.52668475686,0.4493009461838719,369839,8258,0.7211313294646796
2122,9,91,0.08172799999999998,1272.1017448631937,9,9,0,0,0,1,101415,101410,99625,1560,96,134,0.9823497510230242,135591.8020681198,0.4492645959240426,369863,8258,0.7193229879472156
2123,9,91,0.09663999999999999,1272.1983848631937,9,9,0,0,0,1,101424,101419,99634,1560,96,134,0.9823513172424673,135595.58167380502,0.4492288162154779,369891,8259,0.7171928435964923
2124,9,91,0.094528,1272.2929128631938,9,9,0,0,0,1,101433,101428,99643,1560,96,134,0.9823528831839736,135599.49776954457,0.44919296268371167,369918,8259,0.7151015768706606
2125,9,91,0.09459199999999998,1272.3875048631937,9,9,0,0,0,1,101442,101437,99652,1560,96,134,0.9823544488476174,135603.41903746643,0.44915726848004317,369945,8259,0.7130161659198554
2126,9,91,0.07897599999999999,1272.4664808631937,9,9,0,0,0,1,101451,101446,99661,1560,96,134,0.9823560142334723,135605.98616550257,0.4491204819583732,369968,8260,0.7112525884045549
2127,9,91,0.08972799999999999,1272.5562088631937,9,9,0,0,0,1,101460,101455,99670,1560,96,134,0.9823575793416125,135609.63892837544,0.4490847166282091,369994,8260,0.7092340008020462
2128,9,91,0.070048,1272.6262568631937,9,9,0,0,0,1,101469,101464,99679,1560,96,134,0.9823591441721117,135612.20120146603,0.44904787459960255,370016,8260,0.7076811122901676
2129,9,91,0.10601599999999999,1272.7322728631937,9,9,0,0,0,1,101478,101473,99688,1560,96,134,0.9823607087250439,135616.8077766291,0.4490125466464766,370045,8260,0.7053149893635983
2130,9,91,0.126176,1272.8584488631936,9,9,0,0,0,1,101487,101482,99697,1560,96,134,0.9823622730004828,135622.3766705374,0.44897854234304063,370079,8260,0.7024681086854463
2131,9,91,0.06092799999999999,1272.9193768631937,9,9,0,0,0,1,101496,101491,99706,1560,96,134,0.9823638369985024,135624.62724499346,0.4489412333245169,370098,8260,0.7011019317464054
2132,9,91,0.06713599999999999,1272.9865128631936,9,9,0,0,0,1,101505,101500,99715,1560,96,134,0.9823654007191764,135627.09601036806,0.4489041216640872,370119,8260,0.6995926084329924
2133,9,91,0.076192,1273.0627048631936,9,9,0,0,0,1,101514,101509,99724,1560,96,134,0.9823669641625785,135630.03875646097,0.4488673128796942,370142,8260,0.6978950506323421
2134,9,91,0.08147199999999999,1273.1441768631937,9,9,0,0,0,1,101523,101518,99733,1560,96,134,0.9823685273287827,135633.11613728997,0.44883052485631425,370167,8260,0.696049148383547
2135,9,91,0.05379199999999999,1273.1979688631936,9,9,0,0,0,1,101532,101527,99742,1560,96,134,0.9823700902178624,135634.89435518862,0.448792751151721,370185,8260,0.694844588350592
2136,9,91,0.062048,1273.2600168631936,9,9,0,0,0,1,101541,101536,99751,1560,96,134,0.9823716528298914,135636.44637602402,0.4487552287120443,370205,8261,0.6934480543694459
2137,9,91,0.08073599999999999,1273.3407528631935,9,9,0,0,0,1,101550,101545,99760,1560,96,134,0.9823732151649434,135639.62640136783,0.44871874592156474,370229,8261,0.6916551289830354
2138,9,91,0.074144,1273.4148968631935,9,9,0,0,0,1,101559,101554,99769,1560,96,134,0.982374777223092,135642.5532836819,0.44868172124623346,370251,8261,0.6899664232593001
2139,9,91,0.09619199999999999,1273.5110888631934,9,9,0,0,0,1,101568,101563,99778,1560,96,134,0.9823763390044108,135646.4419592952,0.4486460787838566,370279,8261,0.6877647965827346
2140,9,91,0.11971199999999999,1273.6308008631934,9,9,0,0,0,1,101577,101572,99787,1560,96,134,0.9823779005089734,135651.13522922565,0.4486116876424365,370311,8262,0.6851164012983486
2141,9,91,0.07660799999999998,1273.7074088631935,9,9,0,0,0,1,101586,101581,99796,1560,96,134,0.9823794617368535,135654.11239478656,0.4485753438279688,370334,8262,0.6834114002961639
2142,9,91,0.07936,1273.7867688631934,9,9,0,0,0,1,101595,101590,99805,1560,96,134,0.9823810226881244,135657.33623863605,0.44853897354377176,370357,8262,0.6816368714760055
2143,9,91,0.07510399999999999,1273.8618728631934,9,9,0,0,0,1,101604,101599,99814,1560,96,134,0.9823825833628598,135660.1776702671,0.4485022334383584,370380,8262,0.6799665763057225
2144,9,91,0.08159999999999999,1273.9434728631934,9,9,0,0,0,1,101613,101608,99823,1560,96,134,0.9823841437611329,135662.63470982088,0.44846548008271114,370405,8263,0.678127975408388
2145,9,91,0.05366399999999999,1273.9971368631934,9,9,0,0,0,1,101622,101617,99832,1560,96,134,0.9823857038830175,135664.39907828442,0.44842778199551886,370423,8263,0.6769256110506955
2146,9,91,0.090624,1274.0877608631934,9,9,0,0,0,1,101631,101626,99841,1560,96,134,0.9823872637285868,135667.32630952584,0.4483917894057233,370450,8264,0.674876317822909
2147,9,91,0.069312,1274.1570728631934,9,9,0,0,0,1,101640,101635,99850,1560,96,134,0.9823888232979142,135669.81629003643,0.44835495499185757,370472,8264,0.6733207999606172
2148,9,91,0.09670400000000001,1274.2537768631935,9,9,0,0,0,1,101649,101644,99859,1560,96,134,0.9823903825910733,135674.08560136534,0.44831919496306943,370498,8264,0.6712000903620357
2149,9,91,0.08572799999999998,1274.3395048631935,9,9,0,0,0,1,101658,101653,99868,1560,96,134,0.9823919416081371,135677.53910176517,0.448283673365816,370523,8264,0.669248671693828
2150,9,91,0.103072,1274.4425768631936,9,9,0,0,0,1,101667,101662,99877,1560,96,134,0.9823935003491792,135681.4180091239,0.44824877877366626,370551,8265,0.6669467895051157
2151,9,91,0.12297599999999999,1274.5655528631937,9,9,0,0,0,1,101676,101671,99886,1560,96,134,0.9823950588142728,135686.85550264735,0.4482147163712396,370584,8265,0.6641952470345035
2152,9,91,0.06627199999999998,1274.6318248631937,9,9,0,0,0,1,101685,101680,99895,1560,96,134,0.9823966170034911,135689.24031734664,0.44817820536901554,370605,8265,0.6627122921049423
2153,9,91,0.103072,1274.7348968631939,9,9,0,0,0,1,101694,101689,99904,1560,96,134,0.9823981749169076,135693.09856162482,0.4481424709643055,370634,8266,0.6603741149300908
2154,9,91,0.06620799999999999,1274.8011048631938,9,9,0,0,0,1,101703,101698,99913,1560,96,134,0.9823997325545952,135695.47699644015,0.4481055755817376,370655,8266,0.6588936067792026
2155,9,91,0.07308799999999999,1274.874192863194,9,9,0,0,0,1,101712,101707,99922,1560,96,134,0.9824012899166273,135698.3025999369,0.44806882487318433,370677,8266,0.6572390890920036
2156,9,91,0.115008,1274.989200863194,9,9,0,0,0,1,101721,101716,99931,1560,96,134,0.982402847003077,135703.36116012724,0.44803380357305034,370708,8266,0.6546571490126664
2157,9,91,0.172704,1275.161904863194,9,9,0,0,0,1,101730,101725,99940,1560,96,134,0.9824044038140175,135710.9174450801,0.44800203692954443,370752,8267,0.6507876259855757
2158,9,91,0.092608,1275.254512863194,9,9,0,0,0,1,101739,101734,99949,1560,96,134,0.9824059603495218,135714.64382542952,0.44796635816885455,370779,8267,0.6487057890813394
2159,9,91,0.09215999999999999,1275.3466728631938,9,9,0,0,0,1,101748,101743,99958,1560,96,134,0.9824075166096631,135718.32952009205,0.44793068679344333,370806,8267,0.6466331800827366
2160,9,91,0.07753599999999998,1275.4242088631938,9,9,0,0,0,1,101757,101752,99967,1560,96,134,0.9824090725945144,135721.55114907934,0.4478946674840615,370828,8267,0.6448860430122575
2161,9,91,0.07465599999999999,1275.4988648631938,9,9,0,0,0,1,101766,101761,99976,1560,96,134,0.9824106283041487,135724.514359774,0.44785783814374797,370850,8267,0.6432016596079845
2162,9,91,0.067872,1275.566736863194,9,9,0,0,0,1,101775,101770,99985,1560,96,134,0.9824121837386391,135727.20814729767,0.44782113129108886,370870,8267,0.6416644063477611
2163,9,91,0.07923199999999998,1275.645968863194,9,9,0,0,0,1,101784,101779,99994,1560,96,134,0.9824137388980586,135730.2419528664,0.4477848592317509,370894,8267,0.6398730467118827
2164,9,91,0.07676799999999999,1275.7227368631939,9,9,0,0,0,1,101793,101788,100003,1560,96,134,0.9824152937824802,135733.05468064972,0.4477484247462563,370918,8267,0.6381494532918763
2165,9,91,0.06422399999999999,1275.7869608631938,9,9,0,0,0,1,101802,101797,100012,1560,96,134,0.9824168483919766,135735.42081260498,0.44771138281186307,370938,8267,0.6367088681806157
2166,9,91,0.06601599999999999,1275.8529768631938,9,9,0,0,0,1,101811,101806,100021,1560,96,134,0.9824184027266208,135737.94719340125,0.4476743728183103,370958,8267,0.6352296472554313
2167,9,91,0.10543999999999998,1275.9584168631939,9,9,0,0,0,1,101820,101815,100030,1560,96,134,0.982419956786486,135742.4800925706,0.44763922716725374,370987,8267,0.6328848049207297
2168,9,91,0.064448,1276.022864863194,9,9,0,0,0,1,101829,101824,100039,1560,96,134,0.9824215105716446,135744.86537008153,0.4476020502346141,371007,8267,0.631450334766994
2169,9,91,0.07827199999999998,1276.101136863194,9,9,0,0,0,1,101838,101833,100048,1560,96,134,0.9824230640821697,135747.98030962897,0.4475656057222606,371030,8267,0.6297110215257476
2170,9,91,0.07257599999999999,1276.173712863194,9,9,0,0,0,1,101847,101842,100057,1560,96,134,0.982424617318134,135750.7541910727,0.4475292595538633,371052,8267,0.6280815485206808
2171,9,91,0.07407999999999998,1276.247792863194,9,9,0,0,0,1,101856,101851,100066,1560,96,134,0.9824261702796104,135752.23947013848,0.4474925966168436,371075,8269,0.6264035301576707
2172,9,91,0.06518399999999999,1276.312976863194,9,9,0,0,0,1,101865,101860,100075,1560,96,134,0.9824277229666716,135754.52035740917,0.44745573690673235,371096,8269,0.6249356542046718
2173,9,91,0.10848,1276.4214568631942,9,9,0,0,0,1,101874,101869,100084,1560,96,134,0.9824292753793902,135759.15311377647,0.4474205077417111,371126,8269,0.6225130725899666
2174,9,91,0.123776,1276.545232863194,9,9,0,0,0,1,101883,101878,100093,1560,96,134,0.9824308275178391,135764.01958846475,0.4473867843176004,371159,8270,0.6197693613278921
2175,9,91,0.109184,1276.654416863194,9,9,0,0,0,1,101892,101887,100102,1560,96,134,0.9824323793820908,135768.24370833155,0.44735238413400086,371189,8271,0.6173154811182769
2176,9,91,0.07564799999999999,1276.730064863194,9,9,0,0,0,1,101901,101896,100111,1560,96,134,0.9824339309722181,135771.12090532176,0.4473160358248537,371212,8271,0.6155983113317831
2177,9,91,0.069696,1276.799760863194,9,9,0,0,0,1,101910,101905,100120,1560,96,134,0.9824354822882936,135773.63445212506,0.44727940991152715,371234,8271,0.6140180476797422
2178,9,91,0.077888,1276.877648863194,9,9,0,0,0,1,101919,101914,100129,1560,96,134,0.9824370333303898,135776.880544782,0.44724296411850983,371256,8271,0.612254328774137
2179,9,91,0.085728,1276.963376863194,9,9,0,0,0,1,101928,101923,100138,1560,96,134,0.9824385840985794,135780.32004795354,0.4472077791458031,371281,8271,0.6102992048361833
2180,9,91,0.06694399999999999,1277.030320863194,9,9,0,0,0,1,101937,101932,100147,1560,96,134,0.9824401345929349,135782.75563793437,0.4471708028196811,371302,8271,0.6087813754592268
2181,9,91,0.059615999999999995,1277.089936863194,9,9,0,0,0,1,101946,101941,100156,1560,96,134,0.9824416848135288,135784.8738718675,0.4471337769066533,371321,8271,0.6074452923060254
2182,9,91,0.061535999999999993,1277.151472863194,9,9,0,0,0,1,101955,101950,100165,1560,96,134,0.9824432347604335,135786.99448328983,0.44709665637441154,371341,8271,0.6060730599417365
2183,9,91,0.069088,1277.220560863194,9,9,0,0,0,1,101964,101959,100174,1560,96,134,0.9824447844337217,135788.82560643082,0.4470598855952952,371363,8272,0.6045121363420338
2184,9,91,0.07718399999999999,1277.2977448631939,9,9,0,0,0,1,101973,101968,100183,1560,96,134,0.9824463338334657,135791.8376490809,0.4470237902788224,371386,8272,0.6028033480202583
2185,9,91,0.06323199999999998,1277.3609768631939,9,9,0,0,0,1,101982,101977,100192,1560,96,134,0.982447882959738,135794.10921567355,0.4469868445323322,371406,8272,0.6014043695895905
2186,9,91,0.076416,1277.437392863194,9,9,0,0,0,1,101991,101986,100201,1560,96,134,0.9824494318126109,135797.0519488135,0.44695070956640737,371429,8272,0.5996986434081808
2187,9,91,0.066624,1277.504016863194,9,9,0,0,0,1,102000,101995,100210,1560,96,134,0.9824509803921568,135799.62623207798,0.4469141209374689,371449,8272,0.5982153672853328
2188,9,91,0.07695999999999999,1277.580976863194,9,9,0,0,0,1,102009,102004,100219,1560,96,134,0.9824525286984481,135802.61693155955,0.4468784833716554,371472,8272,0.5964677635235058
2189,9,91,0.058239999999999986,1277.6392168631942,9,9,0,0,0,1,102018,102013,100228,1560,96,134,0.9824540767315572,135804.61033905385,0.4468415569192651,371491,8272,0.5951514084641452
2190,8,92,0.06380745606543353,1277.7030243192596,9,8,0,1,0,1,102027,102022,100236,1560,97,134,0.9824458231644565,135805.82396480473,0.44680878036034816,371511,8272,0.5937138225440705
2191,8,92,0.07078399999999999,1277.7738083192596,8,8,0,0,0,1,102035,102030,100244,1560,97,134,0.982447199490371,135808.59998082055,0.44677638192657004,371532,8272,0.5921257461601246
2192,8,92,0.079104,1277.8529123192595,8,8,0,0,0,1,102043,102038,100252,1560,97,134,0.9824485756004822,135811.23643175684,0.44674474388036456,371555,8273,0.5903456766316554
2193,8,92,0.07491199999999999,1277.9278243192596,8,8,0,0,0,1,102051,102046,100260,1560,97,134,0.9824499514948408,135814.38066931075,0.4467123972186469,371576,8273,0.5886684639001356
2194,8,92,0.09510399999999998,1278.0229283192596,8,8,0,0,0,1,102059,102054,100268,1560,97,134,0.9824513271734977,135818.3144869516,0.446681313467794,371603,8273,0.5865547459837457
2195,8,92,0.095104,1278.1180323192596,8,8,0,0,0,1,102067,102062,100276,1560,97,134,0.9824527026365035,135822.4167176427,0.4466502219118832,371629,8273,0.5844249427316691
2196,8,92,0.06511999999999998,1278.1831523192595,8,8,0,0,0,1,102075,102070,100284,1560,97,134,0.9824540778839089,135825.02295151248,0.44661786404693893,371648,8273,0.5829929203926996
2197,8,92,0.06495999999999999,1278.2481123192595,8,8,0,0,0,1,102083,102078,100292,1560,97,134,0.9824554529157646,135827.44564745016,0.4465852800196472,371668,8273,0.5815638370911371
2198,8,92,0.13104,1278.3791523192594,8,8,0,0,0,1,102091,102086,100300,1560,97,134,0.9824568277321214,135833.40410782443,0.4465559850984815,371702,8273,0.5786654082286851
2199,8,92,0.07231999999999998,1278.4514723192594,8,8,0,0,0,1,102099,102094,100308,1560,97,134,0.9824582023330297,135836.31429119507,0.4465241270788464,371723,8273,0.5770571788428673
2200,8,92,0.08607999999999999,1278.5375523192595,8,8,0,0,0,1,102107,102102,100316,1560,97,134,0.9824595767185403,135839.1512904363,0.44649232358419555,371748,8274,0.5751860485708801
2201,8,92,0.067936,1278.6054883192594,8,8,0,0,0,1,102115,102110,100324,1560,97,134,0.9824609508887039,135841.83830488237,0.4464597685730174,371768,8274,0.5737077643431047
2202,8,92,0.103328,1278.7088163192593,8,8,0,0,0,1,102123,102118,100332,1560,97,134,0.982462324843571,135846.33325671055,0.4464288255787448,371796,8274,0.5714501118177824
2203,8,92,0.09168,1278.8004963192593,8,8,0,0,0,1,102131,102126,100340,1560,97,134,0.9824636985831922,135850.1255669114,0.4463974694201101,371822,8274,0.5694584634980131
2204,8,92,0.06297599999999999,1278.8634723192592,8,8,0,0,0,1,102139,102134,100348,1560,97,134,0.982465072107618,135852.53763243605,0.44636500278292623,371841,8274,0.5680783444669613
2205,8,92,0.092736,1278.9562083192593,8,8,0,0,0,1,102147,102142,100356,1560,97,134,0.9824664454168992,135856.4232846873,0.44633328778457004,371867,8274,0.5660395472929238
2206,8,92,0.088672,1279.0448803192594,8,8,0,0,0,1,102155,102150,100364,1560,97,134,0.9824678185110861,135860.2834613789,0.446301486335295,371891,8274,0.5641084359625586
2207,8,92,0.08838399999999999,1279.1332643192593,8,8,0,0,0,1,102163,102158,100372,1560,97,134,0.9824691913902294,135863.94854056754,0.4462703017594824,371916,8274,0.5621579049896175
2208,8,92,0.08598399999999999,1279.2192483192593,8,8,0,0,0,1,102171,102166,100380,1560,97,134,0.9824705640543794,135867.39898446482,0.4462384597115959,371941,8274,0.5602786941975919
2209,8,92,0.07055999999999998,1279.2898083192592,8,8,0,0,0,1,102179,102174,100388,1560,97,134,0.9824719365035869,135870.3171632101,0.4462064595319882,371961,8274,0.5587317446752501
2210,8,92,0.066208,1279.3560163192592,8,8,0,0,0,1,102187,102182,100396,1560,97,134,0.9824733087379021,135872.84679374294,0.44617411511558686,371981,8274,0.5572613560486452
2211,8,92,0.066592,1279.422608319259,8,8,0,0,0,1,102195,102190,100404,1560,97,134,0.9824746807573757,135875.41041530552,0.4461416716345135,372001,8274,0.5557785118735374
2212,8,92,0.10086399999999998,1279.523472319259,8,8,0,0,0,1,102203,102198,100412,1560,97,134,0.9824760525620578,135879.2236025658,0.4461109491339573,372028,8275,0.5535640172231412
2213,8,92,0.09289599999999999,1279.6163683192592,8,8,0,0,0,1,102211,102206,100420,1560,97,134,0.9824774241519993,135883.11958558665,0.44607954321934024,372054,8275,0.5515140437891453
2214,8,92,0.11110399999999998,1279.7274723192593,8,8,0,0,0,1,102219,102214,100428,1560,97,134,0.9824787955272504,135888.13224806386,0.4460495529108751,372083,8275,0.5490506378236271
2215,8,92,0.10032,1279.8277923192593,8,8,0,0,0,1,102227,102222,100436,1560,97,134,0.9824801666878613,135892.52010602926,0.44601870617488343,372110,8275,0.5468221096953108
2216,8,92,0.111104,1279.9388963192594,8,8,0,0,0,1,102235,102230,100444,1560,97,134,0.9824815376338827,135897.5311244963,0.44598825047815527,372139,8275,0.5443512559130751
2217,8,92,0.06361599999999999,1280.0025123192593,8,8,0,0,0,1,102243,102238,100452,1560,97,134,0.9824829083653649,135899.99576236197,0.4459555085481132,372158,8275,0.542935544047157
2218,8,92,0.060287999999999994,1280.0628003192592,8,8,0,0,0,1,102251,102246,100460,1560,97,134,0.9824842788823581,135902.1635162056,0.44592262562534646,372177,8275,0.5416032379653958
2219,8,92,0.10303999999999999,1280.1658403192591,8,8,0,0,0,1,102259,102254,100468,1560,97,134,0.9824856491849128,135905.99789524986,0.4458916032564551,372205,8276,0.539307162872515
2220,8,92,0.071904,1280.237744319259,8,8,0,0,0,1,102267,102262,100476,1560,97,134,0.9824870192730792,135909.0315623516,0.44585939883770026,372225,8276,0.5377244562544161
2221,8,92,0.088352,1280.326096319259,8,8,0,0,0,1,102275,102270,100484,1560,97,134,0.9824883891469078,135912.06216936224,0.4458280128902513,372250,8277,0.5357734794919162
2222,8,92,0.05555199999999999,1280.381648319259,8,8,0,0,0,1,102283,102278,100492,1560,97,134,0.9824897588064487,135913.97551537558,0.4457950400918604,372268,8277,0.5345530559859106
2223,8,92,0.071616,1280.453264319259,8,8,0,0,0,1,102291,102286,100500,1560,97,134,0.9824911282517523,135916.81387334675,0.4457627962841639,372289,8277,0.5329636601851565
2224,8,92,0.157696,1280.610960319259,8,8,0,0,0,1,102299,102294,100508,1560,97,134,0.9824924974828688,135924.28410624017,0.44573443137069396,372328,8277,0.5294887260630193
2225,8,92,0.09299199999999999,1280.703952319259,8,8,0,0,0,1,102307,102302,100516,1560,97,134,0.9824938664998485,135928.35072051347,0.4457029529811468,372353,8277,0.5274522470339664
2226,8,92,0.10067199999999998,1280.8046243192591,8,8,0,0,0,1,102315,102310,100524,1560,97,134,0.9824952353027415,135932.7634318427,0.4456718622368806,372380,8277,0.525238462355505
2227,8,92,0.10092799999999999,1280.9055523192592,8,8,0,0,0,1,102323,102318,100532,1560,97,134,0.9824966038915982,135937.19824598028,0.4456404947394601,372407,8277,0.5230195771644657
2228,8,92,0.104,1281.0095523192592,8,8,0,0,0,1,102331,102326,100540,1560,97,134,0.9824979722664686,135941.56865162813,0.4456095679609571,372436,8277,0.520733998800953
2229,8,92,0.10998399999999998,1281.1195363192592,8,8,0,0,0,1,102339,102334,100548,1560,97,134,0.9824993404274031,135945.67802812593,0.4455794532008777,372466,8278,0.5183069944869175
2230,8,92,0.155712,1281.2752483192592,8,8,0,0,0,1,102347,102342,100556,1560,97,134,0.9825007083744516,135952.9642272429,0.4455510947739476,372505,8278,0.5148785884533263
2231,8,92,0.06928,1281.344528319259,8,8,0,0,0,1,102355,102350,100564,1560,97,134,0.9825020761076645,135955.5905143686,0.44551886893656084,372526,8278,0.5133350600422196
2232,8,92,0.05702399999999999,1281.401552319259,8,8,0,0,0,1,102363,102358,100572,1560,97,134,0.9825034436270919,135957.63145805392,0.4454859615935204,372544,8278,0.5120866232484783
2233,8,92,0.0936,1281.495152319259,8,8,0,0,0,1,102371,102366,100580,1560,97,134,0.9825048109327837,135961.5786955338,0.44545468652844256,372570,8278,0.5100460232391417
2234,8,92,0.09119999999999999,1281.586352319259,8,8,0,0,0,1,102379,102374,100588,1560,97,134,0.9825061780247902,135965.31180646643,0.44542332608937435,372596,8278,0.5080174761301435
2235,8,92,0.122496,1281.708848319259,8,8,0,0,0,1,102387,102382,100596,1560,97,134,0.9825075449031615,135970.81757571676,0.44539378542213626,372628,8278,0.5053282804189108
2236,8,92,0.098784,1281.807632319259,8,8,0,0,0,1,102395,102390,100604,1560,97,134,0.9825089115679476,135975.055542959,0.44536293451525244,372655,8278,0.503151722332977
2237,8,92,0.0752,1281.882832319259,8,8,0,0,0,1,102403,102398,100612,1560,97,134,0.9825102780191987,135978.03762191877,0.44533093843298693,372677,8278,0.5015074777479394
2238,8,92,0.07792,1281.960752319259,8,8,0,0,0,1,102411,102406,100620,1560,97,134,0.9825116442569646,135981.26127077153,0.44529947536540365,372699,8278,0.4997874999790899
2239,8,92,0.099712,1282.060464319259,8,8,0,0,0,1,102419,102414,100628,1560,97,134,0.9825130102812955,135984.7876539664,0.44526871022890396,372727,8279,0.4975455044530431
2240,8,92,0.06748799999999999,1282.1279523192588,8,8,0,0,0,1,102427,102422,100636,1560,97,134,0.9825143760922413,135987.25126038346,0.44523612987957956,372748,8279,0.4960530098850922
2241,8,92,0.057504,1282.185456319259,8,8,0,0,0,1,102435,102430,100644,1560,97,134,0.9825157416898521,135989.16376772895,0.44520325678836886,372767,8279,0.49478752612969895
2242,8,92,0.06083199999999999,1282.2462883192588,8,8,0,0,0,1,102443,102438,100652,1560,97,134,0.9825171070741778,135991.37200745288,0.44517050782752277,372786,8279,0.4934433129158442
2243,8,92,0.074336,1282.3206243192587,8,8,0,0,0,1,102451,102446,100660,1560,97,134,0.9825184722452684,135993.6514259657,0.44513823265947794,372808,8280,0.4917932492742024
2244,8,92,0.09110399999999999,1282.4117283192588,8,8,0,0,0,1,102459,102454,100668,1560,97,134,0.9825198372031739,135996.74749432877,0.4451072703654615,372834,8281,0.4897938714870563
2245,8,92,0.07961599999999999,1282.4913443192588,8,8,0,0,0,1,102467,102462,100676,1560,97,134,0.9825212019479442,135999.3272255419,0.4450756722038768,372857,8282,0.48802578107346983
2246,8,92,0.0728,1282.5641443192587,8,8,0,0,0,1,102475,102470,100684,1560,97,134,0.9825225664796292,136002.26138598498,0.44504370911410684,372878,8282,0.48641831381945366
2247,8,92,0.089696,1282.6538403192587,8,8,0,0,0,1,102483,102478,100692,1560,97,134,0.9825239307982787,136004.94421517442,0.44501274740885033,372902,8284,0.48440375724560353
2248,8,92,0.130848,1282.7846883192587,8,8,0,0,0,1,102491,102486,100700,1560,97,134,0.9825252949039428,136011.01540165662,0.4449832069487507,372935,8284,0.48154453179252293
2249,8,92,0.07676799999999999,1282.8614563192587,8,8,0,0,0,1,102499,102494,100708,1560,97,134,0.9825266587966712,136014.13242286726,0.44495208338350906,372957,8284,0.4798488954338243
2250,8,92,0.07830399999999998,1282.9397603192585,8,8,0,0,0,1,102507,102502,100716,1560,97,134,0.9825280224765138,136016.59360574774,0.44491990038359014,372980,8285,0.47811146200326315
2251,8,92,0.08819199999999999,1283.0279523192585,8,8,0,0,0,1,102515,102510,100724,1560,97,134,0.9825293859435205,136019.5962095256,0.44488809293396697,373005,8286,0.47616836433143805
2252,8,92,0.08556799999999999,1283.1135203192584,8,8,0,0,0,1,102523,102518,100732,1560,97,134,0.982530749197741,136022.3653138451,0.4448567737196533,373030,8287,0.474274661434842
2253,8,92,0.07484799999999998,1283.1883683192584,8,8,0,0,0,1,102531,102526,100740,1560,97,134,0.9825321122392252,136024.68687323152,0.4448244547545696,373052,8288,0.4726129246378201
2254,8,92,0.133792,1283.3221603192585,8,8,0,0,0,1,102539,102534,100748,1560,97,134,0.9825334750680229,136030.84665550463,0.4447946152144219,373086,8288,0.469680619377626
2255,8,92,0.04905599999999999,1283.3712163192586,8,8,0,0,0,1,102547,102542,100756,1560,97,134,0.9825348376841838,136032.5101420776,0.44476158981370634,373102,8288,0.4685952752381001
2256,8,92,0.08399999999999999,1283.4552163192586,8,8,0,0,0,1,102555,102550,100764,1560,97,134,0.9825362000877578,136036.09832270868,0.44472976278151954,373125,8288,0.46676255282922635
2257,8,92,0.076704,1283.5319203192587,8,8,0,0,0,1,102563,102558,100772,1560,97,134,0.9825375622787945,136038.88242730137,0.44469785982777227,373148,8289,0.46509630922431444
2258,8,92,0.108768,1283.6406883192587,8,8,0,0,0,1,102571,102566,100780,1560,97,134,0.9825389242573437,136043.32239472217,0.44466801123448596,373179,8289,0.46271641166350175
2259,8,92,0.07612799999999999,1283.7168163192587,8,8,0,0,0,1,102579,102574,100788,1560,97,134,0.9825402860234551,136046.37859364616,0.4446361598390556,373201,8289,0.4610540124545343
2260,8,92,0.07884799999999999,1283.7956643192588,8,8,0,0,0,1,102587,102582,100796,1560,97,134,0.9825416475771784,136049.507608062,0.4446046071620497,373224,8289,0.45931048050726286
2261,8,92,0.05497599999999999,1283.8506403192587,8,8,0,0,0,1,102595,102590,100804,1560,97,134,0.9825430089185633,136050.73558756386,0.44457194493426044,373242,8290,0.45809150909020624
2262,8,92,0.089248,1283.9398883192587,8,8,0,0,0,1,102603,102598,100812,1560,97,134,0.9825443700476594,136054.45051533708,0.44454102323930117,373267,8290,0.4561248008832199
2263,8,92,0.06044799999999999,1284.0003363192586,8,8,0,0,0,1,102611,102606,100820,1560,97,134,0.9825457309645165,136056.61856817672,0.44450842964141696,373286,8290,0.4548110716145358
2264,8,92,0.083328,1284.0836643192586,8,8,0,0,0,1,102619,102614,100828,1560,97,134,0.9825470916691841,136059.8073589088,0.44447715640590796,373311,8290,0.4529377556813101
2265,8,92,0.06304,1284.1467043192586,8,8,0,0,0,1,102627,102622,100836,1560,97,134,0.9825484521617118,136062.20489630365,0.44444485612025586,373330,8290,0.4515456037292691
2266,8,92,0.07907199999999999,1284.2257763192586,8,8,0,0,0,1,102635,102630,100844,1560,97,134,0.9825498124421493,136064.72882114162,0.4444130010847383,373353,8291,0.44977791364099085
2267,8,92,0.05782399999999999,1284.2836003192585,8,8,0,0,0,1,102643,102638,100852,1560,97,134,0.9825511725105462,136066.83131090322,0.4443807449632787,373371,8291,0.4484871300801808
2268,8,92,0.08687999999999999,1284.3704803192586,8,8,0,0,0,1,102651,102646,100860,1560,97,134,0.9825525323669521,136070.3338156436,0.4443492681011681,373396,8291,0.44655461632409243
2269,8,92,0.075968,1284.4464483192587,8,8,0,0,0,1,102659,102654,100868,1560,97,134,0.9825538920114164,136073.37248563702,0.4443176169878558,373418,8291,0.4448649009282989
2270,8,92,0.05612799999999999,1284.5025763192587,8,8,0,0,0,1,102667,102662,100876,1560,97,134,0.9825552514439888,136075.3238042216,0.4442849948052884,373436,8291,0.4436314673861804
2271,8,92,0.05372799999999999,1284.5563043192587,8,8,0,0,0,1,102675,102670,100884,1560,97,134,0.9825566106647188,136077.23025627388,0.44425224520861095,373453,8291,0.4424419349218393
2272,8,92,0.088384,1284.6446883192586,8,8,0,0,0,1,102683,102678,100892,1560,97,134,0.9825579696736558,136081.03282528417,0.44422134134790414,373477,8291,0.44047375267340405
2273,8,92,0.07225599999999999,1284.7169443192586,8,8,0,0,0,1,102691,102686,100900,1560,97,134,0.9825593284708495,136083.74107079115,0.4441892959060455,373499,8291,0.4388506531054227
2274,8,92,0.09280000000000001,1284.8097443192585,8,8,0,0,0,1,102699,102694,100908,1560,97,134,0.9825606870563491,136086.97534640823,0.44415836102754214,373525,8292,0.43680736262878844
2275,8,92,0.10131199999999999,1284.9110563192585,8,8,0,0,0,1,102707,102702,100916,1560,97,134,0.9825620454302044,136091.2501608607,0.44412804748716206,373553,8292,0.43453829336464567
2276,7,93,0.08803861137646493,1284.999094930635,8,7,0,1,0,1,102715,102710,100923,1560,98,134,0.9825536679160785,136092.70908431266,0.4441005354723422,373577,8292,0.4325859261467204
2277,7,93,0.05638399999999999,1285.055478930635,7,7,0,0,0,1,102722,102717,100930,1560,98,134,0.9825548567979595,136094.84949671983,0.4440722503012166,373594,8292,0.4313419436092987
2278,7,93,0.056255999999999994,1285.111734930635,7,7,0,0,0,1,102729,102724,100937,1560,98,134,0.9825560455178187,136096.97837631244,0.44404392974160517,373611,8292,0.4301067997525474
2279,7,93,0.08208,1285.193814930635,7,7,0,0,0,1,102736,102731,100944,1560,98,134,0.9825572340756892,136099.7648509852,0.44401635363919606,373634,8293,0.42830029110681467
2280,7,93,0.058783999999999996,1285.252598930635,7,7,0,0,0,1,102743,102738,100951,1560,98,134,0.9825584224716039,136101.94925537801,0.4439876864932652,373652,8293,0.42702393236016845
2281,6,94,0.06284925291734188,1285.3154481835525,7,6,0,1,0,1,102750,102745,100957,1560,99,134,0.9825498783454988,136102.42703238563,0.44396307813123836,373670,8293,0.42565480216337837
2282,6,94,0.04835199999999999,1285.3638001835525,6,6,0,0,0,1,102756,102751,100963,1560,99,134,0.9825508972712056,136104.1908718899,0.4439385221130852,373685,8293,0.42461532197099994
2283,6,94,0.05107199999999999,1285.4148721835525,6,6,0,0,0,1,102762,102757,100969,1560,99,134,0.9825519160779277,136106.19558400236,0.4439140447593956,373700,8293,0.42350890304134503
2284,6,94,0.050496,1285.4653681835525,6,6,0,0,0,1,102768,102763,100975,1560,99,134,0.9825529347656858,136107.52676070316,0.44388928414478246,373715,8294,0.42240391738739813
2285,6,94,0.043135999999999994,1285.5085041835525,6,6,0,0,0,1,102774,102769,100981,1560,99,134,0.9825539533345009,136109.16414055618,0.4438645350286431,373728,8294,0.42146860693034094
2286,6,94,0.05168,1285.5601841835526,6,6,0,0,0,1,102780,102775,100987,1560,99,134,0.9825549717843939,136111.0542725213,0.44384023849540444,373744,8294,0.42035472407338403
2287,6,94,0.076928,1285.6371121835525,6,6,0,0,0,1,102786,102781,100993,1560,99,134,0.9825559901153854,136113.55050476795,0.44381654338561494,373766,8295,0.41870171147118945
2288,6,94,0.034688,1285.6718001835525,6,6,0,0,0,1,102792,102787,100999,1560,99,134,0.9825570083274963,136114.6071454751,0.4437914376909811,373778,8295,0.41795069383537536
2289,6,94,0.036512,1285.7083121835524,6,6,0,0,0,1,102798,102793,101005,1560,99,134,0.9825580264207475,136115.82529382888,0.44376643097430235,373790,8295,0.4171636700490917
2290,6,94,0.054976,1285.7632881835523,6,6,0,0,0,1,102804,102799,101011,1560,99,134,0.9825590443951597,136118.00679676526,0.44374191984801065,373806,8295,0.41598165242375396
2291,6,94,0.035615999999999995,1285.7989041835522,6,6,0,0,0,1,102810,102805,101017,1560,99,134,0.9825600622507538,136119.14540488287,0.44371682591024675,373818,8295,0.4152126817670213
2292,6,94,0.03779199999999999,1285.8366961835522,6,6,0,0,0,1,102816,102811,101023,1560,99,134,0.9825610799875506,136120.30868266246,0.44369179038618334,373831,8295,0.41440001029770435
2293,6,94,0.04499199999999999,1285.8816881835523,6,6,0,0,0,1,102822,102817,101029,1560,99,134,0.9825620976055708,136121.94155067127,0.4436672943945936,373845,8295,0.41341319054634845
2294,6,94,0.036031999999999995,1285.9177201835523,6,6,0,0,0,1,102828,102823,101035,1560,99,134,0.9825631151048353,136122.79328028418,0.44364221347651206,373858,8296,0.41263081071636754
2295,6,94,0.056447999999999984,1285.9741681835524,6,6,0,0,0,1,102834,102829,101041,1560,99,134,0.9825641324853648,136125.10447800372,0.44361809071374386,373874,8296,0.4114236353978912
2296,6,94,0.04511999999999999,1286.0192881835524,6,6,0,0,0,1,102840,102835,101047,1560,99,134,0.9825651497471801,136126.74833770737,0.4435933488477183,373888,8296,0.41043424501050096
2297,6,94,0.055552000000000004,1286.0748401835524,6,6,0,0,0,1,102846,102841,101053,1560,99,134,0.982566166890302,136128.35779837923,0.4435687891524585,373904,8297,0.4092382975329155
2298,6,94,0.052576,1286.1274161835524,6,6,0,0,0,1,102852,102847,101059,1560,99,134,0.9825671839147513,136130.49360189747,0.4435443887969542,373919,8297,0.4081105117339891
2299,6,94,0.06256,1286.1899761835525,6,6,0,0,0,1,102858,102853,101065,1560,99,134,0.9825682008205487,136133.00930827067,0.4435201806821293,373937,8297,0.4067692768494759
2300,6,94,0.09254399999999999,1286.2825201835526,6,6,0,0,0,1,102864,102859,101071,1560,99,134,0.9825692176077151,136136.54951558527,0.4434972482101433,373961,8298,0.4047731381988611
2301,6,94,0.052127999999999994,1286.3346481835526,6,6,0,0,0,1,102870,102865,101077,1560,99,134,0.982570234276271,136138.47706527097,0.4434726655426595,373977,8298,0.40364709919687014
2302,6,94,0.04544,1286.3800881835527,6,6,0,0,0,1,102876,102871,101083,1560,99,134,0.9825712508262374,136140.14831906438,0.4434479214928662,373991,8298,0.40266222256404216
2303,6,94,0.09747199999999999,1286.4775601835527,6,6,0,0,0,1,102882,102877,101089,1560,99,134,0.9825722672576349,136143.7878286897,0.44342478561931953,374017,8299,0.40054687595208915
2304,6,94,0.049631999999999996,1286.5271921835526,6,6,0,0,0,1,102888,102883,101095,1560,99,134,0.9825732835704845,136145.66179725964,0.443400235052964,374032,8299,0.399474640510306
2305,6,94,0.048576,1286.5757681835526,6,6,0,0,0,1,102894,102889,101101,1560,99,134,0.9825742997648065,136147.4421730363,0.44337557377164805,374047,8299,0.39842928217030504
2306,6,94,0.054464,1286.6302321835526,6,6,0,0,0,1,102900,102895,101107,1560,99,134,0.982575315840622,136149.40766836374,0.44335138351543796,374064,8299,0.39725095592069515
2307,6,94,0.049055999999999995,1286.6792881835527,6,6,0,0,0,1,102906,102901,101113,1560,99,134,0.9825763317979516,136151.23023182532,0.4433267271102963,374079,8299,0.3961808164309705
2308,6,94,0.06012799999999999,1286.7394161835527,6,6,0,0,0,1,102912,102907,101119,1560,99,134,0.9825773476368159,136153.69654224426,0.443302740093468,374096,8299,0.3948811308987229
2309,6,94,0.061728,1286.8011441835527,6,6,0,0,0,1,102918,102913,101125,1560,99,134,0.9825783633572358,136156.30417484939,0.4432784018266442,374113,8299,0.39355893634498096
2310,6,94,0.04134399999999999,1286.8424881835526,6,6,0,0,0,1,102924,102919,101131,1560,99,134,0.9825793789592321,136157.7796885798,0.4432535858038327,374126,8299,0.39266739874407464
2311,6,94,0.082496,1286.9249841835526,6,6,0,0,0,1,102930,102925,101137,1560,99,134,0.9825803944428252,136161.3848154239,0.443230034855052,374148,8299,0.3908802785741502
2312,6,94,0.075232,1287.0002161835525,6,6,0,0,0,1,102936,102931,101143,1560,99,134,0.9825814098080361,136164.51481233214,0.44320647499424964,374169,8299,0.3892579891983033
2313,6,94,0.049216,1287.0494321835524,6,6,0,0,0,1,102942,102937,101149,1560,99,134,0.9825824250548852,136166.35042732867,0.4431818195093515,374184,8299,0.3881776554653906
2314,6,94,0.037312,1287.0867441835524,6,6,0,0,0,1,102948,102943,101155,1560,99,134,0.9825834401833936,136167.63655752956,0.44315689014640297,374196,8299,0.3873666889390881
2315,6,94,0.06492799999999999,1287.1516721835524,6,6,0,0,0,1,102954,102949,101161,1560,99,134,0.9825844551935816,136170.35799880902,0.44313269888561196,374214,8299,0.38597339327515956
2316,6,94,0.037824,1287.1894961835524,6,6,0,0,0,1,102960,102955,101167,1560,99,134,0.98258547008547,136171.68918771643,0.44310776590365814,374226,8299,0.3851511936348461
2317,6,94,0.063008,1287.2525041835524,6,6,0,0,0,1,102966,102961,101173,1560,99,134,0.9825864848590797,136172.99747354395,0.4430841178020163,374244,8301,0.3837587802837967
2318,6,94,0.060607999999999995,1287.3131121835524,6,6,0,0,0,1,102972,102967,101179,1560,99,134,0.9825874995144311,136175.33631942427,0.44305995666681225,374262,8301,0.3824590060815537
2319,6,94,0.066176,1287.3792881835525,6,6,0,0,0,1,102978,102973,101185,1560,99,134,0.982588514051545,136177.99945139725,0.44303614184710566,374281,8301,0.38103353150438646
2320,6,94,0.10105599999999999,1287.4803441835525,6,6,0,0,0,1,102984,102979,101191,1560,99,134,0.982589528470442,136182.40370977143,0.44301349580503585,374308,8301,0.3788455800324529
2321,6,94,0.07804799999999999,1287.5583921835525,6,6,0,0,0,1,102990,102985,101197,1560,99,134,0.9825905427711429,136185.15871939022,0.4429902582805357,374329,8302,0.37715497692697564
2322,6,94,0.049248,1287.6076401835526,6,6,0,0,0,1,102996,102991,101203,1560,99,134,0.9825915569536681,136186.99557809593,0.4429654659291065,374344,8302,0.3760902636403267
2323,6,94,0.070464,1287.6781041835525,6,6,0,0,0,1,103002,102997,101209,1560,99,134,0.9825925710180384,136189.8687492181,0.4429412212909065,374364,8302,0.374575722511687
2324,6,94,0.053632,1287.7317361835526,6,6,0,0,0,1,103008,103003,101215,1560,99,134,0.9825935849642746,136191.92497326294,0.44291682334475474,374380,8302,0.37342642308098467
2325,6,94,0.06947199999999999,1287.8012081835525,6,6,0,0,0,1,103014,103009,101221,1560,99,134,0.9825945987923972,136194.25644691678,0.4428930580417834,374399,8303,0.37191997578367425
2326,6,94,0.12598399999999998,1287.9271921835525,6,6,0,0,0,1,103020,103015,101227,1560,99,134,0.9825956125024267,136199.56862825537,0.442871201766874,374430,8304,0.3691870136516232
2327,6,94,0.119392,1288.0465841835526,6,6,0,0,0,1,103026,103021,101233,1560,99,134,0.9825966260943839,136205.08617800055,0.44284907781517246,374460,8304,0.3666041884924027
2328,6,94,0.11990399999999998,1288.1664881835525,6,6,0,0,0,1,103032,103027,101239,1560,99,134,0.9825976395682895,136210.647932178,0.44282706648298925,374490,8304,0.3640056764754329
2329,6,94,0.11507199999999998,1288.2815601835525,6,6,0,0,0,1,103038,103033,101245,1560,99,134,0.9825986529241639,136215.94954366746,0.44280493386220887,374519,8304,0.36150784396199875
2330,6,94,0.11932799999999999,1288.4008881835525,6,6,0,0,0,1,103044,103039,101251,1560,99,134,0.9825996661620279,136221.4584060394,0.44278286517750287,374549,8304,0.35892089980718367
2331,6,94,0.12598399999999998,1288.5268721835525,6,6,0,0,0,1,103050,103045,101257,1560,99,134,0.982600679281902,136226.7654554551,0.44276098177207845,374580,8305,0.3561879376751327
2332,6,94,0.07984,1288.6067121835526,6,6,0,0,0,1,103056,103051,101263,1560,99,134,0.9826016922838069,136230.29458114028,0.442737263368687,374601,8305,0.35445166151084595
2333,6,94,0.06095999999999999,1288.6676721835527,6,6,0,0,0,1,103062,103057,101269,1560,99,134,0.982602705167763,136232.2061688176,0.4427132137743175,374618,8306,0.35311129696371346
2334,6,94,0.053152,1288.7208241835526,6,6,0,0,0,1,103068,103063,101275,1560,99,134,0.9826037179337913,136234.3842866264,0.44268905359584654,374633,8306,0.3519440661078026
2335,6,94,0.061119999999999994,1288.7819441835527,6,6,0,0,0,1,103074,103069,101281,1560,99,134,0.982604730581912,136236.93037632544,0.4426652618371398,374650,8306,0.3506007727914539
2336,6,94,0.107328,1288.8892721835527,6,6,0,0,0,1,103080,103075,101287,1560,99,134,0.9826057431121459,136241.87879421844,0.4426428794350248,374677,8306,0.34828602028393607
2337,6,94,0.061248,1288.9505201835527,6,6,0,0,0,1,103086,103081,101293,1560,99,134,0.9826067555245135,136243.81483238944,0.4426188645073535,374694,8307,0.34695489062711465
2338,6,94,0.053439999999999994,1289.0039601835526,6,6,0,0,0,1,103092,103087,101299,1560,99,134,0.9826077678190355,136245.84983818958,0.44259462308365677,374710,8307,0.34578481850035986
2339,6,94,0.043775999999999995,1289.0477361835526,6,6,0,0,0,1,103098,103093,101305,1560,99,134,0.9826087799957323,136247.36700595813,0.44257009360800886,374724,8307,0.3448295618249424
2340,6,94,0.047839999999999994,1289.0955761835526,6,6,0,0,0,1,103104,103099,101311,1560,99,134,0.9826097920546245,136249.24268221296,0.44254578908674613,374738,8307,0.343780135069389
2341,6,94,0.038368,1289.1339441835526,6,6,0,0,0,1,103110,103105,101317,1560,99,134,0.9826108039957328,136250.61755025113,0.4425209571481126,374750,8307,0.3429462835989433
2342,6,94,0.034367999999999996,1289.1683121835526,6,6,0,0,0,1,103116,103111,101323,1560,99,134,0.9826118158190775,136251.63940190818,0.4424959989793366,374762,8307,0.3422023766435457
2343,6,94,0.034367999999999996,1289.2026801835527,6,6,0,0,0,1,103122,103117,101329,1560,99,134,0.9826128275246795,136252.6611990835,0.44247104376625956,374774,8307,0.3414584696881481
2344,6,94,0.058399999999999994,1289.2610801835526,6,6,0,0,0,1,103128,103123,101335,1560,99,134,0.9826138391125592,136254.96549929984,0.44244683802239415,374791,8307,0.34019834227250767
2345,6,94,0.067936,1289.3290161835525,6,6,0,0,0,1,103134,103129,101341,1560,99,134,0.982614850582737,136257.32283604296,0.4424229401743353,374809,8308,0.3387310146245653
2346,6,94,0.036031999999999995,1289.3650481835525,6,6,0,0,0,1,103140,103135,101347,1560,99,134,0.9826158619352336,136258.49114454156,0.44239802466195666,374821,8308,0.33795248492972313
2347,6,94,0.060672,1289.4257201835526,6,6,0,0,0,1,103146,103141,101353,1560,99,134,0.9826168731700696,136260.9953018379,0.44237407570198534,374838,8308,0.33665243346893103
2348,6,94,0.065536,1289.4912561835527,6,6,0,0,0,1,103152,103147,101359,1560,99,134,0.9826178842872654,136263.76073308435,0.44235032973718486,374856,8308,0.3352402446057001
2349,6,94,0.042272000000000004,1289.5335281835526,6,6,0,0,0,1,103158,103153,101365,1560,99,134,0.9826188952868415,136265.3115716338,0.44232554322536694,374869,8308,0.33432913039549594
2350,6,94,0.054847999999999994,1289.5883761835526,6,6,0,0,0,1,103164,103159,101371,1560,99,134,0.9826199061688186,136267.46894234393,0.44230138625689114,374885,8308,0.3331593102212003
2351,6,94,0.04064,1289.6290161835525,6,6,0,0,0,1,103170,103165,101377,1560,99,134,0.9826209169332171,136268.87561824796,0.44227663303762493,374898,8308,0.3322843798316722
2352,6,94,0.039807999999999996,1289.6688241835525,6,6,0,0,0,1,103176,103171,101383,1560,99,134,0.9826219275800574,136270.20883540198,0.4422518492909393,374911,8308,0.33142799220081565
2353,6,94,0.040512,1289.7093361835525,6,6,0,0,0,1,103182,103177,101389,1560,99,134,0.9826229381093602,136271.60405000512,0.44222721807958754,374924,8308,0.33054674892360325
2354,6,94,0.054144,1289.7634801835525,6,6,0,0,0,1,103188,103183,101395,1560,99,134,0.9826239485211459,136273.69878311845,0.44220285015118405,374940,8308,0.3293686417324098
2355,6,94,0.070944,1289.8344241835525,6,6,0,0,0,1,103194,103189,101401,1560,99,134,0.982624958815435,136276.77219986034,0.4421792068351131,374959,8308,0.3278329339110054
2356,6,94,0.053503999999999996,1289.8879281835525,6,6,0,0,0,1,103200,103195,101407,1560,99,134,0.9826259689922481,136278.81008820923,0.4421547534341347,374975,8308,0.3266775410075362
2357,6,94,0.07667199999999999,1289.9646001835524,6,6,0,0,0,1,103206,103201,101413,1560,99,134,0.9826269790516056,136280.8126478706,0.4421310946200516,374996,8310,0.32500453360922654
2358,6,94,0.05462399999999999,1290.0192241835525,6,6,0,0,0,1,103212,103207,101419,1560,99,134,0.9826279889935279,136282.9488926941,0.44210690095456756,375012,8310,0.3238293836352905
2359,6,94,0.060031999999999995,1290.0792561835526,6,6,0,0,0,1,103218,103213,101425,1560,99,134,0.9826289988180356,136285.39421688404,0.44208262906698825,375029,8310,0.32253014817747283
2360,6,94,0.051008000000000005,1290.1302641835525,6,6,0,0,0,1,103224,103219,101431,1560,99,134,0.9826300085251491,136286.75869507718,0.44205810671616447,375044,8311,0.3214187259427749
2361,6,94,0.05865599999999999,1290.1889201835525,6,6,0,0,0,1,103230,103225,101437,1560,99,134,0.9826310181148891,136289.08235778665,0.4420339222920165,375061,8311,0.320127834174846
2362,6,94,0.043136,1290.2320561835525,6,6,0,0,0,1,103236,103231,101443,1560,99,134,0.9826320275872757,136290.70767327416,0.44200935051943724,375074,8311,0.31919224888570447
2363,6,94,0.07030399999999999,1290.3023601835525,6,6,0,0,0,1,103242,103237,101449,1560,99,134,0.9826330369423296,136293.72263953925,0.44198555918689464,375093,8311,0.31768129141064694
2364,6,94,0.045312,1290.3476721835525,6,6,0,0,0,1,103248,103243,101455,1560,99,134,0.9826340461800713,136295.37200806657,0.44196079699531104,375107,8311,0.31669562669171986
2365,6,94,0.05855999999999999,1290.4062321835524,6,6,0,0,0,1,103254,103249,101461,1560,99,134,0.9826350553005211,136297.06646905153,0.44193672812575546,375124,8312,0.3154221197604853
2366,6,94,0.061376,1290.4676081835526,6,6,0,0,0,1,103260,103255,101467,1560,99,134,0.9826360643036994,136299.46143908316,0.4419126179504201,375142,8312,0.3140899608731953
2367,6,94,0.053919999999999996,1290.5215281835526,6,6,0,0,0,1,103266,103261,101473,1560,99,134,0.9826370731896268,136301.7014118198,0.4418884942278564,375157,8312,0.31292195212138735
2368,6,94,0.07216,1290.5936881835526,6,6,0,0,0,1,103272,103267,101479,1560,99,134,0.9826380819583237,136304.71124307942,0.44186500371496834,375177,8312,0.3113812003282582
2369,6,94,0.039104,1290.6327921835525,6,6,0,0,0,1,103278,103273,101485,1560,99,134,0.9826390906098104,136305.98034191332,0.4418401736729493,375190,8312,0.31054188822769646
2370,6,94,0.046304,1290.6790961835525,6,6,0,0,0,1,103284,103279,101491,1560,99,134,0.9826400991441075,136307.71624039722,0.4418156476772055,375204,8312,0.3095394546640091
2371,6,94,0.055071999999999996,1290.7341681835526,6,6,0,0,0,1,103290,103285,101497,1560,99,134,0.9826411075612353,136310.05697137472,0.4417913575732806,375219,8312,0.3083577695324748
2372,6,94,0.07203199999999998,1290.8062001835526,6,6,0,0,0,1,103296,103291,101503,1560,99,134,0.9826421158612144,136311.19526306872,0.44176734083547536,375239,8315,0.306781546604997
2373,6,94,0.050303999999999995,1290.8565041835527,6,6,0,0,0,1,103302,103297,101509,1560,99,134,0.982643124044065,136312.3286203619,0.4417430094871514,375255,8316,0.305688504070744
2374,6,94,0.040383999999999996,1290.8968881835526,6,6,0,0,0,1,103308,103303,101515,1560,99,134,0.9826441321098076,136313.70995680892,0.44171847233649464,375268,8316,0.30482163064368467
2375,6,94,0.051392,1290.9482801835527,6,6,0,0,0,1,103314,103309,101521,1560,99,134,0.9826451400584626,136315.55864885534,0.4416941530564834,375284,8316,0.30371572018565607
2376,6,94,0.05001599999999999,1290.9982961835526,6,6,0,0,0,1,103320,103315,101527,1560,99,134,0.9826461478900503,136317.4533384346,0.4416699412930082,375299,8316,0.30263092232938427
2377,6,94,0.042336,1291.0406321835526,6,6,0,0,0,1,103326,103321,101533,1560,99,134,0.9826471556045913,136319.0062440872,0.4416452341097303,375312,8316,0.3017132252835064
2378,6,94,0.038432,1291.0790641835526,6,6,0,0,0,1,103332,103327,101539,1560,99,134,0.9826481632021058,136319.59566418792,0.4416204208045307,375325,8317,0.3008753557305689
2379,6,94,0.039584,1291.1186481835528,6,6,0,0,0,1,103338,103333,101545,1560,99,134,0.9826491706826144,136320.90609768493,0.4415957749301219,375338,8317,0.30001556827606224
2380,6,94,0.0408,1291.1594481835527,6,6,0,0,0,1,103344,103339,101551,1560,99,134,0.9826501780461372,136322.32351133882,0.4415711874278661,375351,8317,0.2991304271127715
2381,6,94,0.047968,1291.2074161835528,6,6,0,0,0,1,103350,103345,101557,1560,99,134,0.9826511852926947,136323.58503660996,0.4415468268627001,375365,8318,0.2980789059075353
2382,6,94,0.045695999999999994,1291.2531121835527,6,6,0,0,0,1,103356,103351,101563,1560,99,134,0.9826521924223074,136324.6464531868,0.4415225268346073,375379,8319,0.2970748756934768
2383,6,94,0.069344,1291.3224561835527,6,6,0,0,0,1,103362,103357,101569,1560,99,134,0.9826531994349954,136327.40541064108,0.44149890547422166,375399,8319,0.2955790561488627
2384,6,94,0.061472,1291.3839281835528,6,6,0,0,0,1,103368,103363,101575,1560,99,134,0.9826542063307794,136329.97295206873,0.44147505535140763,375416,8319,0.29425804948449674
2385,6,94,0.07344,1291.4573681835527,6,6,0,0,0,1,103374,103369,101581,1560,99,134,0.9826552131096794,136333.25910528674,0.44145149628894403,375435,8319,0.29266035204649465
2386,6,94,0.045952,1291.5033201835527,6,6,0,0,0,1,103380,103375,101587,1560,99,134,0.982656219771716,136334.96193798044,0.4414268894812841,375449,8319,0.2916655603476812
2387,6,94,0.05007999999999999,1291.5534001835526,6,6,0,0,0,1,103386,103381,101593,1560,99,134,0.9826572263169094,136336.8606942423,0.441402530321412,375464,8319,0.2905778132733751
2388,6,94,0.039999999999999994,1291.5934001835526,6,6,0,0,0,1,103392,103387,101599,1560,99,134,0.9826582327452801,136338.20672587425,0.4413779447450389,375477,8319,0.28970808416043625
2389,6,94,0.059744,1291.6531441835525,6,6,0,0,0,1,103398,103393,101605,1560,99,134,0.9826592390568483,136340.7883865874,0.44135392802873097,375493,8319,0.28841195487074933
2390,6,94,0.06659199999999998,1291.7197361835524,6,6,0,0,0,1,103404,103399,101611,1560,99,134,0.9826602452516343,136342.96284761102,0.4413302722202046,375512,8320,0.2869670977977847
2391,6,94,0.071072,1291.7908081835524,6,6,0,0,0,1,103410,103405,101617,1560,99,134,0.9826612513296586,136346.03906778485,0.44130653890367955,375531,8320,0.28543118473249
2392,6,94,0.06726399999999999,1291.8580721835524,6,6,0,0,0,1,103416,103411,101623,1560,99,134,0.9826622572909415,136348.7799416505,0.441282773122061,375550,8320,0.28398183242894587
2393,6,94,0.06031999999999999,1291.9183921835524,6,6,0,0,0,1,103422,103417,101629,1560,99,134,0.9826632631355031,136351.07686815286,0.4412591855296342,375568,8320,0.2826630993889103
2394,6,94,0.065664,1291.9840561835524,6,6,0,0,0,1,103428,103423,101635,1560,99,134,0.9826642688633639,136353.43497998398,0.44123560103703635,375587,8321,0.28124593361446215
2395,6,94,0.041504,1292.0255601835524,6,6,0,0,0,1,103434,103429,101641,1560,99,134,0.9826652744745441,136354.9123401024,0.44121088624282706,375600,8321,0.2803450350248646
2396,6,94,0.044224,1292.0697841835524,6,6,0,0,0,1,103440,103435,101647,1560,99,134,0.9826662799690642,136356.46166846005,0.4411862222182177,375614,8321,0.27937818168555384
2397,6,94,0.04454399999999999,1292.1143281835525,6,6,0,0,0,1,103446,103441,101653,1560,99,134,0.9826672853469443,136358.03903489502,0.44116171000386784,375628,8321,0.2784038698512601
2398,6,94,0.04192,1292.1562481835524,6,6,0,0,0,1,103452,103447,101659,1560,99,134,0.9826682906082048,136359.55268388786,0.4411371377274139,375641,8321,0.2774964916837347
2399,6,94,0.04976,1292.2060081835525,6,6,0,0,0,1,103458,103453,101665,1560,99,134,0.9826692957528659,136361.42138643464,0.4411126357098232,375656,8321,0.27642961807052635
2400,6,94,0.075136,1292.2811441835524,6,6,0,0,0,1,103464,103459,101671,1560,99,134,0.982670300780948,136364.0665912015,0.44108936029592666,375676,8322,0.2747864474428938
2401,6,94,0.05161600000000001,1292.3327601835524,6,6,0,0,0,1,103470,103465,101677,1560,99,134,0.9826713056924713,136366.09813634196,0.44106508429492575,375691,8322,0.2736772496346087
2402,6,94,0.041887999999999995,1292.3746481835524,6,6,0,0,0,1,103476,103471,101683,1560,99,134,0.9826723104874561,136366.82230474203,0.4410403743503158,375705,8323,0.2727594748806136
2403,6,94,0.04265599999999999,1292.4173041835525,6,6,0,0,0,1,103482,103477,101689,1560,99,134,0.9826733151659226,136368.23294573382,0.44101590962907655,375719,8323,0.2718406110319983
2404,6,94,0.04288,1292.4601841835524,6,6,0,0,0,1,103488,103483,101695,1560,99,134,0.9826743197278912,136369.83031035407,0.44099153086660275,375732,8323,0.27091857139782083
2405,6,94,0.040192,1292.5003761835524,6,6,0,0,0,1,103494,103489,101701,1560,99,134,0.982675324173382,136370.86940001696,0.4409668702243554,375746,8324,0.27005184397698445
2406,6,94,0.053216,1292.5535921835524,6,6,0,0,0,1,103500,103495,101707,1560,99,134,0.9826763285024155,136372.87387227223,0.4409424947141805,375762,8324,0.2689149737016562
2407,6,94,0.09759999999999999,1292.6511921835524,6,6,0,0,0,1,103506,103501,101713,1560,99,134,0.9826773327150117,136376.94148737355,0.4409200103733363,375789,8324,0.26680282158736557
2408,6,94,0.083168,1292.7343601835523,6,6,0,0,0,1,103512,103507,101719,1560,99,134,0.982678336811191,136380.57549191083,0.440897213463671,375811,8324,0.2650168997568798
2409,6,94,0.081088,1292.8154481835522,6,6,0,0,0,1,103518,103513,101725,1560,99,134,0.9826793407909735,136384.02623339198,0.44087405653987854,375833,8324,0.2632808298313988
2410,6,94,0.04422399999999999,1292.8596721835522,6,6,0,0,0,1,103524,103519,101731,1560,99,134,0.9826803446543797,136384.95483596943,0.4408495997751634,375847,8325,0.262317298779941
2411,6,94,0.04083199999999999,1292.9005041835521,6,6,0,0,0,1,103530,103525,101737,1560,99,134,0.9826813484014295,136386.37113174642,0.44082522295659543,375860,8325,0.2614297560801297
2412,6,94,0.06009599999999998,1292.960600183552,6,6,0,0,0,1,103536,103531,101743,1560,99,134,0.9826823520321434,136387.57435838785,0.44080165669523363,375877,8327,0.26009626050386186
2413,6,94,0.042336,1293.002936183552,6,6,0,0,0,1,103542,103537,101749,1560,99,134,0.9826833555465415,136389.12261137008,0.44077729564272045,375890,8327,0.25917005400094173
2414,6,94,0.04150399999999999,1293.044440183552,6,6,0,0,0,1,103548,103543,101755,1560,99,134,0.982684358944644,136390.43061425272,0.44075265411585823,375904,8327,0.25826578080108425
2415,6,94,0.051456,1293.095896183552,6,6,0,0,0,1,103554,103549,101761,1560,99,134,0.9826853622264712,136391.8271804375,0.4407284246102844,375919,8328,0.2571401201226773
2416,6,94,0.057791999999999996,1293.153688183552,6,6,0,0,0,1,103560,103555,101767,1560,99,134,0.9826863653920432,136394.06484449093,0.44070460265091,375936,8328,0.255868102577993
2417,6,94,0.05132799999999999,1293.205016183552,6,6,0,0,0,1,103566,103561,101773,1560,99,134,0.9826873684413804,136396.06852171707,0.4406806347772313,375951,8328,0.25473947238531325
2418,6,94,0.093472,1293.298488183552,6,6,0,0,0,1,103572,103567,101779,1560,99,134,0.9826883713745027,136400.103774778,0.4406580697824813,375976,8328,0.2527383741113354
2419,6,94,0.064992,1293.3634801835522,6,6,0,0,0,1,103578,103573,101785,1560,99,134,0.9826893741914307,136402.80609667668,0.44063404428549563,375994,8328,0.25131864739456944
2420,6,94,0.053439999999999994,1293.416920183552,6,6,0,0,0,1,103584,103579,101791,1560,99,134,0.9826903768921841,136404.827590289,0.4406097861579822,376010,8328,0.25014691259599287
2421,6,94,0.056991999999999994,1293.473912183552,6,6,0,0,0,1,103590,103585,101797,1560,99,134,0.9826913794767834,136406.9938620936,0.4405857694825502,376027,8328,0.24889305481494706
2422,6,94,0.067424,1293.5413361835522,6,6,0,0,0,1,103596,103591,101803,1560,99,134,0.9826923819452489,136409.74205014636,0.4405622406532535,376046,8328,0.24743154853053875
2423,6,94,0.057151999999999994,1293.5984881835523,6,6,0,0,0,1,103602,103597,101809,1560,99,134,0.9826933842976004,136411.92194634143,0.44053863161833595,376063,8328,0.2461858580264518
2424,6,94,0.040608,1293.6390961835523,6,6,0,0,0,1,103608,103603,101815,1560,99,134,0.9826943865338584,136413.31691397878,0.44051407682207117,376076,8328,0.24530944926449663
2425,6,94,0.058976,1293.6980721835523,6,6,0,0,0,1,103614,103609,101821,1560,99,134,0.9826953886540429,136415.82359485852,0.44049049917843236,376092,8328,0.244021582932898
2426,6,94,0.058496,1293.7565681835524,6,6,0,0,0,1,103620,103615,101827,1560,99,134,0.982696390658174,136417.74993868876,0.4404667131316366,376110,8329,0.24275720736942064
2427,6,94,0.05404799999999999,1293.8106161835524,6,6,0,0,0,1,103626,103621,101833,1560,99,134,0.9826973925462722,136419.9905243008,0.4404424959223744,376125,8329,0.24158902565325593
2428,6,94,0.04496,1293.8555761835523,6,6,0,0,0,1,103632,103627,101839,1560,99,134,0.9826983943183573,136421.76704191865,0.44041805941212253,376138,8329,0.240616328882667
2429,6,94,0.052928,1293.9085041835524,6,6,0,0,0,1,103638,103633,101845,1560,99,134,0.9826993959744496,136423.90897753855,0.44039403204555105,376153,8329,0.23945736139964585
2430,6,94,0.047839999999999994,1293.9563441835523,6,6,0,0,0,1,103644,103639,101851,1560,99,134,0.9827003975145691,136425.77108069632,0.44036964682611995,376167,8329,0.2384385317513658
2431,6,94,0.045695999999999994,1294.0020401835523,6,6,0,0,0,1,103650,103645,101857,1560,99,134,0.9827013989387361,136427.44487092033,0.44034532699858764,376181,8329,0.23744289194917312
2432,6,94,0.083296,1294.0853361835523,6,6,0,0,0,1,103656,103651,101863,1560,99,134,0.9827024002469708,136430.55760192763,0.4403224937543871,376203,8330,0.235655843064676
2433,6,94,0.049727999999999994,1294.1350641835522,6,6,0,0,0,1,103662,103657,101869,1560,99,134,0.9827034014392931,136431.79980706994,0.4402982357980459,376218,8331,0.2345643342953662
2434,6,94,0.05875199999999999,1294.1938161835521,6,6,0,0,0,1,103668,103663,101875,1560,99,134,0.9827044025157232,136432.88183889564,0.44027456839969703,376235,8333,0.23328800570707103
2435,6,94,0.107328,1294.3011441835522,6,6,0,0,0,1,103674,103669,101881,1560,99,134,0.9827054034762814,136437.7933169443,0.44025231406176935,376262,8333,0.2309863836881364
2436,6,94,0.078912,1294.3800561835521,6,6,0,0,0,1,103680,103675,101887,1560,99,134,0.9827064043209877,136441.21226706842,0.4402292162310709,376283,8333,0.22928240018680385
2437,6,94,0.091584,1294.4716401835522,6,6,0,0,0,1,103686,103681,101893,1560,99,134,0.9827074050498621,136444.4569638894,0.4402063434715154,376308,8334,0.22729697484080547
2438,5,95,0.07118682715466755,1294.5428270107068,6,5,0,1,0,1,103692,103687,101898,1560,100,134,0.9826987617173938,136446.22357367486,0.4401868523621422,376327,8334,0.2257673271640563
2439,5,95,0.06720000000000001,1294.6100270107067,5,5,0,0,0,1,103697,103692,101903,1560,100,134,0.982699595938166,136449.1146479735,0.4401675056769449,376345,8334,0.22432307351242897
2440,5,95,0.081216,1294.6912430107068,5,5,0,0,0,1,103702,103697,101908,1560,100,134,0.9827004300784942,136452.5673234503,0.44014845574437583,376367,8334,0.2225734114648808
2441,5,95,0.06272,1294.7539630107067,5,5,0,0,0,1,103707,103702,101913,1560,100,134,0.9827012641383899,136455.23168677802,0.44012847072501043,376384,8334,0.22123192769868294
2442,5,95,0.08070399999999998,1294.8346670107067,5,5,0,0,0,1,103712,103707,101918,1560,100,134,0.9827020981178649,136458.63869857215,0.4401091583233397,376406,8334,0.21948911407058125
2443,5,95,0.075392,1294.9100590107066,5,5,0,0,0,1,103717,103712,101923,1560,100,134,0.9827029320169307,136461.91314244704,0.44008988486404704,376426,8334,0.21787992129263023
2444,4,96,0.056855096296330926,1294.966914107003,5,4,0,1,0,1,103722,103717,101927,1560,101,134,0.9826941246794315,136463.4586991448,0.44007396820354494,376441,8334,0.21665947286509257
2445,4,96,0.068768,1295.0356821070031,4,4,0,0,0,1,103726,103721,101931,1560,101,134,0.982694792048281,136466.65218711528,0.4400582404752067,376458,8334,0.21520663652186894
2446,4,96,0.043648,1295.0793301070032,4,4,0,0,0,1,103730,103725,101935,1560,101,134,0.9826954593656608,136468.31038944732,0.4400421909518209,376471,8334,0.21426870808032775
2447,4,96,0.030368,1295.1096981070032,4,4,0,0,0,1,103734,103729,101939,1560,101,134,0.9826961266315769,136469.30469159174,0.4400256715042273,376481,8334,0.213605233432814
2448,4,96,0.036256,1295.1459541070033,4,4,0,0,0,1,103738,103733,101943,1560,101,134,0.9826967938460353,136469.6105790385,0.44000941326295073,376492,8336,0.21281788760236667
2449,4,96,0.0432,1295.1891541070033,4,4,0,0,0,1,103742,103737,101947,1560,101,134,0.9826974610090417,136471.39604243252,0.4399931399752867,376504,8336,0.21190316668610143
2450,4,96,0.029056000000000002,1295.2182101070034,4,4,0,0,0,1,103746,103741,101951,1560,101,134,0.9826981281206022,136472.44195663137,0.43997671918721853,376513,8336,0.2112800846498473
2451,4,96,0.023936,1295.2421461070035,4,4,0,0,0,1,103750,103745,101955,1560,101,134,0.9826987951807229,136473.20582586795,0.43996006868374954,376521,8336,0.21076699883142014
2452,4,96,0.027168,1295.2693141070035,4,4,0,0,0,1,103754,103749,101959,1560,101,134,0.9826994621894095,136474.08618019402,0.43994353467028163,376530,8336,0.21017751048118194
2453,4,96,0.024096,1295.2934101070036,4,4,0,0,0,1,103758,103753,101963,1560,101,134,0.9827001291466682,136474.86401200536,0.43992692318039694,376538,8336,0.20965904897632825
2454,4,96,0.024960000000000003,1295.3183701070036,4,4,0,0,0,1,103762,103757,101967,1560,101,134,0.9827007960525048,136475.7175376094,0.43991031581823903,376546,8336,0.20912401707051226
2455,4,96,0.032639999999999995,1295.3510101070035,4,4,0,0,0,1,103766,103761,101971,1560,101,134,0.9827014629069252,136476.91059846125,0.43989385128942493,376556,8336,0.20840801215193286
2456,4,96,0.02912,1295.3801301070034,4,4,0,0,0,1,103770,103765,101975,1560,101,134,0.9827021297099354,136477.96186698988,0.43987737298974766,376565,8336,0.20777454466580597
2457,4,96,0.022912,1295.4030421070033,4,4,0,0,0,1,103774,103769,101979,1560,101,134,0.9827027964615415,136478.63580159505,0.4398607202602995,376573,8336,0.20728345809094423
2458,4,96,0.028159999999999998,1295.4312021070034,4,4,0,0,0,1,103778,103773,101983,1560,101,134,0.9827034631617492,136479.60286307524,0.43984412029672243,376582,8336,0.20667103398855063
2459,4,96,0.043008000000000005,1295.4742101070035,4,4,0,0,0,1,103782,103777,101987,1560,101,134,0.9827041298105644,136481.37077572237,0.43982792953039324,376594,8336,0.20574583362444543
2460,4,96,0.022975999999999996,1295.4971861070035,4,4,0,0,0,1,103786,103781,101991,1560,101,134,0.9827047964079934,136482.05020909707,0.4398112813268992,376602,8336,0.2052534000454328
2461,4,96,0.024928,1295.5221141070035,4,4,0,0,0,1,103790,103785,101995,1560,101,134,0.9827054629540418,136482.90065807078,0.43979465356740366,376610,8336,0.20472182595302973
2462,4,96,0.025184,1295.5472981070036,4,4,0,0,0,1,103794,103789,101999,1560,101,134,0.9827061294487157,136483.773505115,0.4397780308768017,376618,8336,0.204178597922959
2463,4,96,0.025056,1295.5723541070035,4,4,0,0,0,1,103798,103793,102003,1560,101,134,0.982706795892021,136484.63510313194,0.43976145999822025,376626,8336,0.20364132493468498
2464,4,96,0.040128,1295.6124821070036,4,4,0,0,0,1,103802,103797,102007,1560,101,134,0.9827074622839637,136486.15032823948,0.4397452245139453,376638,8336,0.20279003866579473
2465,4,96,0.041375999999999996,1295.6538581070035,4,4,0,0,0,1,103806,103801,102011,1560,101,134,0.9827081286245496,136487.77479686655,0.43972899281243777,376650,8336,0.2019106888274249
2466,4,96,0.035808,1295.6896661070036,4,4,0,0,0,1,103810,103805,102015,1560,101,134,0.9827087949137848,136489.24478293644,0.43971273132956096,376660,8336,0.2011512539287733
2467,4,96,0.025727999999999997,1295.7153941070037,4,4,0,0,0,1,103814,103809,102019,1560,101,134,0.9827094611516751,136490.16505039303,0.43969612577442163,376668,8336,0.20059856931526865
2468,4,96,0.022912,1295.7383061070036,4,4,0,0,0,1,103818,103813,102023,1560,101,134,0.9827101273382265,136490.83859483813,0.43967948733301593,376676,8336,0.20010748274040693
2469,4,96,0.022912,1295.7612181070035,4,4,0,0,0,1,103822,103817,102027,1560,101,134,0.9827107934734449,136491.51211546364,0.4396628501962407,376684,8336,0.1996163961655452
2470,4,96,0.042496,1295.8037141070035,4,4,0,0,0,1,103826,103821,102031,1560,101,134,0.9827114595573363,136492.61695617798,0.43964651576253694,376696,8337,0.19870284925563272
2471,4,96,0.065824,1295.8695381070036,4,4,0,0,0,1,103830,103825,102035,1560,101,134,0.9827121255899066,136495.5489719942,0.4396309290200713,376713,8337,0.1972802254157894
2472,4,96,0.047839999999999994,1295.9173781070035,4,4,0,0,0,1,103834,103829,102039,1560,101,134,0.9827127915711616,136497.57228997842,0.43961483200892343,376726,8337,0.19623395464354587
2473,4,96,0.047327999999999995,1295.9647061070036,4,4,0,0,0,1,103838,103833,102043,1560,101,134,0.9827134575011075,136499.55061769564,0.43959896549644856,376739,8337,0.19519868349308508
2474,4,96,0.042719999999999994,1296.0074261070035,4,4,0,0,0,1,103842,103837,102047,1560,101,134,0.9827141233797501,136501.29191882722,0.43958259348094175,376751,8337,0.19426413973237122
2475,4,96,0.04656,1296.0539861070035,4,4,0,0,0,1,103846,103841,102051,1560,101,134,0.9827147892070951,136503.2027187436,0.4395665896242588,376764,8337,0.19324658586485546
2476,4,96,0.049248,1296.1032341070036,4,4,0,0,0,1,103850,103845,102055,1560,101,134,0.9827154549831487,136505.3487594287,0.43955061712351967,376777,8337,0.19217084698388065
2477,4,96,0.07411199999999998,1296.1773461070036,4,4,0,0,0,1,103854,103849,102059,1560,101,134,0.9827161207079169,136507.43745169052,0.4395354657926921,376796,8339,0.19055896717200785
2478,4,96,0.044992,1296.2223381070037,4,4,0,0,0,1,103858,103853,102063,1560,101,134,0.9827167863814054,136509.21049425166,0.4395192063738272,376809,8339,0.18957465315651417
2479,4,96,0.061599999999999995,1296.2839381070037,4,4,0,0,0,1,103862,103857,102067,1560,101,134,0.9827174520036202,136511.93754542436,0.43950348089909064,376825,8339,0.18823926606502037
2480,4,96,0.04777599999999999,1296.3317141070038,4,4,0,0,0,1,103866,103861,102071,1560,101,134,0.9827181175745673,136513.33688299518,0.4394876494373824,376838,8340,0.1871921635293753
2481,4,96,0.064864,1296.3965781070037,4,4,0,0,0,1,103870,103865,102075,1560,101,134,0.9827187830942524,136516.34923198033,0.43947209446503666,376854,8340,0.18579523562479988
2482,4,96,0.028352,1296.4249301070038,4,4,0,0,0,1,103874,103869,102079,1560,101,134,0.9827194485626817,136517.33153989265,0.43945558051425054,376863,8340,0.18519489701847744
2483,4,96,0.02672,1296.4516501070038,4,4,0,0,0,1,103878,103873,102083,1560,101,134,0.982720113979861,136518.33756036486,0.4394390524975731,376871,8340,0.18462319246178616
2484,4,96,0.02304,1296.4746901070039,4,4,0,0,0,1,103882,103877,102087,1560,101,134,0.9827207793457962,136519.0214283257,0.43942243832128786,376879,8340,0.18412914643503342
2485,4,96,0.022976,1296.4976661070039,4,4,0,0,0,1,103886,103881,102091,1560,101,134,0.9827214446604933,136519.69967016653,0.439405822939347,376887,8340,0.18363671285602076
2486,4,96,0.026976,1296.524642107004,4,4,0,0,0,1,103890,103885,102095,1560,101,134,0.982722109923958,136519.9443585985,0.4393892474116895,376896,8341,0.1830516636836191
2487,4,96,0.027551999999999997,1296.552194107004,4,4,0,0,0,1,103894,103889,102099,1560,101,134,0.9827227751361965,136520.85647189282,0.4393727242704826,376905,8341,0.18245329697770782
2488,4,96,0.052095999999999996,1296.6042901070039,4,4,0,0,0,1,103898,103893,102103,1560,101,134,0.9827234402972146,136523.0836814457,0.4393567784696587,376919,8341,0.18135310461942425
2489,4,96,0.024,1296.6282901070037,4,4,0,0,0,1,103902,103897,102107,1560,101,134,0.9827241054070182,136523.85140030488,0.4393402096318874,376927,8341,0.18083686270348884
2490,4,96,0.027136,1296.6554261070037,4,4,0,0,0,1,103906,103901,102111,1560,101,134,0.9827247704656131,136524.7269519322,0.43932372357217825,376936,8341,0.18025687385466702
2491,4,96,0.032639999999999995,1296.6880661070036,4,4,0,0,0,1,103910,103905,102115,1560,101,134,0.9827254354730055,136525.91754892518,0.4393072099737968,376946,8341,0.17955679446593395
2492,4,96,0.062304,1296.7503701070036,4,4,0,0,0,1,103914,103909,102119,1560,101,134,0.982726100429201,136527.92093314847,0.439291580090579,376963,8342,0.17821579453889091
2493,4,96,0.044095999999999996,1296.7944661070037,4,4,0,0,0,1,103918,103913,102123,1560,101,134,0.9827267653342058,136528.99717524773,0.43927539586641007,376976,8343,0.177277546504566
2494,3,97,0.05106349551586049,1296.8455296025195,4,3,0,1,0,1,103922,103917,102126,1560,102,134,0.9827178075864591,136530.00604803566,0.4392636588052767,376989,8344,0.176197785764794
2495,3,97,0.023424,1296.8689536025195,3,3,0,0,0,1,103925,103920,102129,1560,102,134,0.9827183064710128,136530.88965399688,0.43925130479827906,376996,8344,0.17569842455391252
2496,3,97,0.039008,1296.9079616025194,3,3,0,0,0,1,103928,103923,102132,1560,102,134,0.9827188053267647,136532.47049328315,0.4392392187790231,377007,8344,0.17488272651155845
2497,3,97,0.03296,1296.9409216025194,3,3,0,0,0,1,103931,103926,102135,1560,102,134,0.9827193041537173,136533.85520537192,0.43922705326220135,377016,8344,0.17416567694931145
2498,3,97,0.023328,1296.9642496025194,3,3,0,0,0,1,103934,103929,102138,1560,102,134,0.9827198029518733,136534.73027824005,0.4392146384453453,377023,8344,0.17367425811349396
2499,3,97,0.022496,1296.9867456025195,3,3,0,0,0,1,103937,103932,102141,1560,102,134,0.9827203017212349,136535.53253370733,0.4392022600730992,377030,8344,0.17319954841189988
2500,3,97,0.024640000000000002,1297.0113856025196,3,3,0,0,0,1,103940,103935,102144,1560,102,134,0.9827208004618049,136536.52232029874,0.43918984452069787,377037,8344,0.17267478187131036
2501,3,97,0.046304,1297.0576896025195,3,3,0,0,0,1,103943,103938,102147,1560,102,134,0.9827212991735855,136537.79120207916,0.43917777743172004,377050,8345,0.17166766890495183
2502,3,97,0.041631999999999995,1297.0993216025195,3,3,0,0,0,1,103946,103941,102150,1560,102,134,0.9827217978565794,136539.60113184905,0.4391656775321943,377061,8345,0.17076972281878766
2503,3,97,0.036608,1297.1359296025194,3,3,0,0,0,1,103949,103944,102153,1560,102,134,0.9827222965107889,136540.52128081303,0.4391536149942674,377071,8346,0.16996834473035177
2504,3,97,0.028447999999999998,1297.1643776025194,3,3,0,0,0,1,103952,103947,102156,1560,102,134,0.9827227951362167,136541.67741435824,0.4391413197962444,377079,8346,0.1693726199859501
2505,3,97,0.026784,1297.1911616025193,3,3,0,0,0,1,103955,103950,102159,1560,102,134,0.9827232937328652,136542.68795756187,0.43912902030854734,377087,8346,0.1687958525270819
2506,3,97,0.017952,1297.2091136025192,3,3,0,0,0,1,103958,103953,102162,1560,102,134,0.9827237923007368,136543.25901866375,0.43911651355980347,377093,8346,0.16841006750956802
2507,3,97,0.024447999999999998,1297.233561602519,3,3,0,0,0,1,103961,103956,102165,1560,102,134,0.9827242908398341,136544.06518837326,0.4391041206175539,377101,8346,0.16788092548100675
2508,3,97,0.017183999999999998,1297.2507456025191,3,3,0,0,0,1,103964,103959,102168,1560,102,134,0.9827247893501597,136544.56904376592,0.4390915927833386,377107,8346,0.167512897174839
2509,3,97,0.028928,1297.279673602519,3,3,0,0,0,1,103967,103962,102171,1560,102,134,0.9827252878317159,136545.76696487603,0.43907928461191426,377115,8346,0.1668982758646933
2510,3,97,0.018464,1297.298137602519,3,3,0,0,0,1,103970,103965,102174,1560,102,134,0.9827257862845051,136546.3827207579,0.43906679582554886,377121,8346,0.16650330747550735
2511,3,97,0.027327999999999998,1297.325465602519,3,3,0,0,0,1,103973,103968,102177,1560,102,134,0.9827262847085301,136547.44063605316,0.4390544646767411,377129,8346,0.16590160529864104
2512,3,97,0.024928000000000002,1297.350393602519,3,3,0,0,0,1,103976,103971,102180,1560,102,134,0.9827267831037931,136547.86931392044,0.4390421345651901,377137,8347,0.16536143168638573
2513,3,97,0.026912,1297.377305602519,3,3,0,0,0,1,103979,103974,102183,1560,102,134,0.9827272814702969,136548.89077755733,0.439029705591604,377145,8347,0.16476848503650032
2514,3,97,0.035039999999999995,1297.412345602519,3,3,0,0,0,1,103982,103977,102186,1560,102,134,0.9827277798080437,136549.0567439657,0.4390175316292116,377155,8349,0.16398761319153504
2515,3,97,0.021088,1297.433433602519,3,3,0,0,0,1,103985,103980,102189,1560,102,134,0.9827282781170361,136549.73535565287,0.43900508531895177,377162,8349,0.16353741763216179
2516,3,97,0.0264,1297.459833602519,3,3,0,0,0,1,103988,103983,102192,1560,102,134,0.9827287763972766,136550.09535676776,0.43899266291152056,377170,8350,0.16295922490876538
2517,3,97,0.022272,1297.482105602519,3,3,0,0,0,1,103991,103986,102195,1560,102,134,0.9827292746487677,136550.55683232387,0.43898027473799944,377178,8351,0.16248395921409498
2518,3,97,0.030912,1297.5130176025189,3,3,0,0,0,1,103994,103989,102198,1560,102,134,0.9827297728715119,136551.76140535396,0.4389679837320261,377187,8351,0.1618308539009148
2519,3,97,0.027007999999999997,1297.5400256025189,3,3,0,0,0,1,103997,103992,102201,1560,102,134,0.9827302710655115,136552.79105376682,0.4389556621367829,377195,8351,0.16124650448837113
2520,3,97,0.018688,1297.558713602519,3,3,0,0,0,1,104000,103995,102204,1560,102,134,0.9827307692307692,136553.426170646,0.4389431577887078,377201,8351,0.160846821584657
2521,3,97,0.030976,1297.589689602519,3,3,0,0,0,1,104003,103998,102207,1560,102,134,0.9827312673672874,136554.0196718715,0.4389310442849594,377210,8352,0.16015991233723165
2522,3,97,0.022816,1297.612505602519,3,3,0,0,0,1,104006,104001,102210,1560,102,134,0.9827317654750688,136554.8491825941,0.4389186919854084,377217,8352,0.1596733476657838
2523,3,97,0.029376,1297.6418816025189,3,3,0,0,0,1,104009,104004,102213,1560,102,134,0.9827322635541155,136554.06974162202,0.4389064136697322,377226,8355,0.15902343156699628
2524,3,97,0.021408,1297.663289602519,3,3,0,0,0,1,104012,104007,102216,1560,102,134,0.9827327616044302,136554.77612707834,0.4388939551246389,377233,8355,0.1585680449686261
2525,3,97,0.032768,1297.696057602519,3,3,0,0,0,1,104015,104010,102219,1560,102,134,0.9827332596260154,136555.97623328713,0.4388817828154828,377243,8355,0.15788289473002348
2526,3,97,0.017183999999999998,1297.713241602519,3,3,0,0,0,1,104018,104013,102222,1560,102,134,0.9827337576188736,136556.4797513861,0.43886926812439186,377249,8355,0.15751486642385573
2527,3,97,0.01824,1297.7314816025191,3,3,0,0,0,1,104021,104016,102225,1560,102,134,0.9827342555830073,136557.0755678707,0.4388567785845667,377255,8355,0.15712349655795643
2528,3,97,0.025344000000000002,1297.756825602519,3,3,0,0,0,1,104024,104019,102228,1560,102,134,0.9827347535184189,136557.9594757448,0.438844458811706,377263,8355,0.15658825915337646
2529,3,97,0.046495999999999996,1297.803321602519,3,3,0,0,0,1,104027,104022,102231,1560,102,134,0.9827352514251108,136560.02650783784,0.43883252101611864,377275,8355,0.15559262889790623
2530,3,97,0.025984,1297.829305602519,3,3,0,0,0,1,104030,104025,102234,1560,102,134,0.9827357493030856,136561.13268124987,0.438820146336782,377282,8355,0.15504106605295503
2531,3,97,0.028384,1297.857689602519,3,3,0,0,0,1,104033,104028,102237,1560,102,134,0.9827362471523459,136562.2821515053,0.43880783999129785,377290,8355,0.15444363571142844
2532,3,97,0.037792,1297.895481602519,3,3,0,0,0,1,104036,104031,102240,1560,102,134,0.982736744972894,136563.92098780844,0.4387957328030719,377300,8355,0.15364885936869105
2533,3,97,0.02704,1297.922521602519,3,3,0,0,0,1,104039,104034,102243,1560,102,134,0.9827372427647325,136564.95287650303,0.4387833421396263,377308,8355,0.1530806713870627
2534,3,97,0.025376,1297.947897602519,3,3,0,0,0,1,104042,104037,102246,1560,102,134,0.9827377405278638,136565.50646402154,0.43877096221835143,377315,8356,0.15253020696829336
2535,3,97,0.02208,1297.969977602519,3,3,0,0,0,1,104045,104040,102249,1560,102,134,0.9827382382622903,136566.27122255557,0.43875859773272413,377322,8356,0.152063851833811
2536,3,97,0.038335999999999995,1298.0083136025191,3,3,0,0,0,1,104048,104043,102252,1560,102,134,0.9827387359680148,136567.9573407441,0.43874642549944304,377332,8356,0.1512564978205367
2537,3,97,0.026912,1298.0352256025192,3,3,0,0,0,1,104051,104046,102255,1560,102,134,0.9827392336450395,136568.9778701611,0.4387340139530077,377340,8356,0.15066355117065133
2538,3,97,0.021824,1298.057049602519,3,3,0,0,0,1,104054,104049,102258,1560,102,134,0.9827397312933669,136569.10384199495,0.4387215931209348,377347,8357,0.15018943722958544
2539,3,97,0.032704,1298.089753602519,3,3,0,0,0,1,104057,104052,102261,1560,102,134,0.9827402289129996,136570.46402839426,0.4387094865682547,377356,8357,0.14947458670404268
2540,3,97,0.01952,1298.1092736025191,3,3,0,0,0,1,104060,104055,102264,1560,102,134,0.9827407265039401,136571.17132211817,0.43869700491426156,377362,8357,0.1490525484008638
2541,3,97,0.06095999999999999,1298.1702336025191,3,3,0,0,0,1,104063,104058,102267,1560,102,134,0.9827412240661907,136574.0019380891,0.4386853572623406,377377,8357,0.14774697312479387
2542,3,97,0.052,1298.222233602519,3,3,0,0,0,1,104066,104061,102270,1560,102,134,0.982741721599754,136576.382233095,0.4386734912657038,377390,8357,0.14663926895547344
2543,3,97,0.060511999999999996,1298.282745602519,3,3,0,0,0,1,104069,104064,102273,1560,102,134,0.9827422191046326,136578.55702126643,0.43866184060640906,377405,8358,0.1453440517610221
2544,2,98,0.04112148431986083,1298.3238670868388,3,2,0,1,0,1,104072,104067,102275,1560,103,134,0.9827331078484126,136579.6227699938,0.43865383056211305,377415,8358,0.14446610338773314
2545,2,98,0.040639999999999996,1298.3645070868388,2,2,0,0,0,1,104074,104069,102277,1560,103,134,0.9827334396679286,136581.50930040746,0.43864586838821,377425,8358,0.14358820192957725
2546,2,98,0.030015999999999998,1298.3945230868387,2,2,0,0,0,1,104076,104071,102279,1560,103,134,0.9827337714746915,136582.8004098407,0.43863780265295704,377433,8358,0.1429559349783761
2547,2,98,0.035775999999999995,1298.4302990868387,2,2,0,0,0,1,104078,104073,102281,1560,103,134,0.9827341032687024,136584.42823209194,0.4386297459933188,377442,8358,0.142190492692079
2548,2,98,0.035775999999999995,1298.4660750868386,2,2,0,0,0,1,104080,104075,102283,1560,103,134,0.9827344350499616,136586.05596464203,0.4386217372030883,377451,8358,0.1414250504057819
2549,2,98,0.035775999999999995,1298.5018510868385,2,2,0,0,0,1,104082,104077,102285,1560,103,134,0.98273476681847,136587.68360749833,0.43861368117264826,377460,8358,0.14065960811948483
2550,2,98,0.03984,1298.5416910868385,2,2,0,0,0,1,104084,104079,102287,1560,103,134,0.9827350985742285,136588.88368193244,0.4386057127410635,377470,8359,0.1398002032356478
2551,2,98,0.040639999999999996,1298.5823310868384,2,2,0,0,0,1,104086,104081,102289,1560,103,134,0.9827354303172376,136590.76960607336,0.43859775244206134,377480,8359,0.13892230177749187
2552,2,98,0.015519999999999999,1298.5978510868383,2,2,0,0,0,1,104088,104083,102291,1560,103,134,0.9827357620474982,136591.29333345758,0.438589443958382,377485,8359,0.13859321264873936
2553,2,98,0.013856,1298.6117070868384,2,2,0,0,0,1,104090,104085,102293,1560,103,134,0.982736093765011,136591.83806213646,0.43858109169100234,377489,8359,0.13829384803779546
2554,2,98,0.026816,1298.6385230868384,2,2,0,0,0,1,104092,104087,102295,1560,103,134,0.9827364254697767,136592.84923903222,0.4385729706119414,377497,8359,0.13772730504691605
2555,2,98,0.011456,1298.6499790868384,2,2,0,0,0,1,104094,104089,102297,1560,103,134,0.9827367571617961,136593.18435036024,0.4385645836451645,377501,8359,0.13747983361225477
2556,2,98,0.01312,1298.6630990868384,2,2,0,0,0,1,104096,104091,102299,1560,103,134,0.9827370888410698,136593.34443608337,0.4385562132723705,377506,8360,0.1371938893030102
2557,2,98,0.013696,1298.6767950868384,2,2,0,0,0,1,104098,104093,102301,1560,103,134,0.9827374205075986,136593.8751436137,0.4385478488573042,377510,8360,0.13690143173774746
2558,2,98,0.011456,1298.6882510868384,2,2,0,0,0,1,104100,104095,102303,1560,103,134,0.9827377521613833,136594.21023601637,0.4385394628735415,377514,8360,0.13665396030308619
2559,2,98,0.011456,1298.6997070868383,2,2,0,0,0,1,104102,104097,102305,1560,103,134,0.9827380838024246,136594.54532250724,0.43853107721766055,377518,8360,0.13640648886842494
2560,2,98,0.011552,1298.7112590868383,2,2,0,0,0,1,104104,104099,102307,1560,103,134,0.9827384154307232,136594.88878592863,0.4385226928279942,377522,8360,0.13615679784484538
2561,2,98,0.017888,1298.7291470868383,2,2,0,0,0,1,104106,104101,102309,1560,103,134,0.9827387470462797,136595.61918505112,0.43851443106231563,377527,8360,0.13576139158437356
2562,2,98,0.031232,1298.7603790868384,2,2,0,0,0,1,104108,104103,102311,1560,103,134,0.9827390786490952,136596.39981066762,0.43850629816887043,377535,8361,0.1350748619738479
2563,2,98,0.016096,1298.7764750868384,2,2,0,0,0,1,104110,104105,102313,1560,103,134,0.9827394102391701,136596.97369259642,0.4384979654233201,377540,8361,0.13473226090365747
2564,2,98,0.011456,1298.7879310868384,2,2,0,0,0,1,104112,104107,102315,1560,103,134,0.9827397418165053,136597.3087319504,0.43848958139820154,377544,8361,0.1344847894689962
2565,2,98,0.015903999999999998,1298.8038350868385,2,2,0,0,0,1,104114,104109,102317,1560,103,134,0.9827400733811015,136597.8658263956,0.4384812411735864,377549,8361,0.13414798843214057
2566,2,98,0.011456,1298.8152910868384,2,2,0,0,0,1,104116,104111,102319,1560,103,134,0.9827404049329594,136598.20085082293,0.43847285780313217,377553,8361,0.1339005169974793
2567,2,98,0.016576,1298.8318670868384,2,2,0,0,0,1,104118,104113,102321,1560,103,134,0.9827407364720797,136598.33000396966,0.43846457483761425,377558,8362,0.13353466748717713
2568,2,98,0.020448,1298.8523150868384,2,2,0,0,0,1,104120,104115,102323,1560,103,134,0.9827410679984633,136598.64939158843,0.43845627999922177,377564,8363,0.1330792945571716
2569,2,98,0.021183999999999998,1298.8734990868384,2,2,0,0,0,1,104122,104117,102325,1560,103,134,0.9827413995121108,136599.5011251961,0.43844799267785206,377570,8363,0.1326364547838982
2570,2,98,0.015008,1298.8885070868384,2,2,0,0,0,1,104124,104119,102327,1560,103,134,0.982741731013023,136599.9799304852,0.43843968003715594,377575,8363,0.13231764819928316
2571,2,98,0.015456000000000001,1298.9039630868385,2,2,0,0,0,1,104126,104121,102329,1560,103,134,0.9827420625012004,136600.4978369119,0.43843133738786566,377580,8363,0.13198984438854783
2572,2,98,0.015872,1298.9198350868385,2,2,0,0,0,1,104128,104123,102331,1560,103,134,0.9827423939766441,136601.05204886472,0.4384230422839975,377585,8363,0.1316536860107008
2573,2,98,0.017504,1298.9373390868384,2,2,0,0,0,1,104130,104125,102333,1560,103,134,0.9827427254393547,136601.74872233596,0.4384147202990686,377590,8363,0.13128475202341555
2574,2,98,0.0216,1298.9589390868384,2,2,0,0,0,1,104132,104127,102335,1560,103,134,0.9827430568893327,136602.6366658982,0.4384065377902519,377596,8363,0.13083355768303045
2575,2,98,0.012191999999999998,1298.9711310868383,2,2,0,0,0,1,104134,104129,102337,1560,103,134,0.9827433883265793,136603.03585926085,0.4383981717381424,377600,8363,0.1305690693999958
2576,2,98,0.017536000000000003,1298.9886670868384,2,2,0,0,0,1,104136,104131,102339,1560,103,134,0.9827437197510948,136603.1194082293,0.43838985729357455,377605,8364,0.13018296807979424
2577,2,98,0.016672,1299.0053390868384,2,2,0,0,0,1,104138,104133,102341,1560,103,134,0.98274405116288,136603.1275319782,0.43838156818838947,377610,8365,0.1298183983232837
2578,2,98,0.02352,1299.0288590868383,2,2,0,0,0,1,104140,104135,102343,1560,103,134,0.9827443825619359,136603.86276925472,0.4383734082288854,377617,8366,0.1293235898362466
2579,2,98,0.02672,1299.0555790868384,2,2,0,0,0,1,104142,104137,102345,1560,103,134,0.9827447139482629,136605.0312679789,0.438365273289068,377624,8366,0.12874002004938115
2580,2,98,0.012704,1299.0682830868384,2,2,0,0,0,1,104144,104139,102347,1560,103,134,0.982745045321862,136605.47510121713,0.43835691886592193,377628,8366,0.12846748491338478
2581,2,98,0.015744,1299.0840270868384,2,2,0,0,0,1,104146,104141,102349,1560,103,134,0.9827453766827339,136606.01800943963,0.4383485822780032,377633,8366,0.12813389717157211
2582,2,98,0.021183999999999998,1299.1052110868384,2,2,0,0,0,1,104148,104143,102351,1560,103,134,0.9827457080308791,136606.86947097257,0.4383403942118025,377639,8366,0.12769105739829872
2583,2,98,0.02688,1299.1320910868383,2,2,0,0,0,1,104150,104145,102353,1560,103,134,0.9827460393662986,136607.50990419282,0.43833222272305683,377646,8367,0.12711652201587487
2584,2,98,0.026816,1299.1589070868383,2,2,0,0,0,1,104152,104147,102355,1560,103,134,0.9827463706889931,136608.68661399026,0.4383240503031008,377653,8367,0.12653102425198365
2585,2,98,0.015519999999999999,1299.1744270868383,2,2,0,0,0,1,104154,104149,102357,1560,103,134,0.9827467019989631,136609.2098949059,0.43831575252473914,377658,8367,0.12618959021978243
2586,2,98,0.027456,1299.2018830868383,2,2,0,0,0,1,104156,104151,102359,1560,103,134,0.9827470332962095,136610.4423881419,0.438307627014484,377665,8367,0.125601737303849
2587,2,98,0.011456,1299.2133390868382,2,2,0,0,0,1,104158,104153,102361,1560,103,134,0.9827473645807331,136610.7771990301,0.4382992504760252,377669,8367,0.12535426586918771
2588,2,98,0.017984,1299.2313230868383,2,2,0,0,0,1,104160,104155,102363,1560,103,134,0.9827476958525345,136611.51547539845,0.4382909539811969,377674,8367,0.12496081979025665
2589,2,98,0.011456,1299.2427790868383,2,2,0,0,0,1,104162,104157,102365,1560,103,134,0.9827480271116146,136611.85026923814,0.438282578095815,377678,8367,0.12471334835559537
2590,2,98,0.013472,1299.2562510868383,2,2,0,0,0,1,104164,104159,102367,1560,103,134,0.9827483583579739,136612.36099616566,0.4382742419254149,377682,8367,0.12442538940339277
2591,2,98,0.032832,1299.2890830868384,2,2,0,0,0,1,104166,104161,102369,1560,103,134,0.9827486895916134,136613.73000864094,0.43826618929148264,377691,8367,0.12371323950803641
2592,2,98,0.015936,1299.3050190868385,2,2,0,0,0,1,104168,104163,102371,1560,103,134,0.9827490208125336,136614.2894797335,0.4382578581432303,377696,8367,0.12336218725718937
2593,2,98,0.011456,1299.3164750868384,2,2,0,0,0,1,104170,104165,102373,1560,103,134,0.9827493520207353,136614.62423012577,0.4382494835589606,377700,8367,0.1231147158225281
2594,2,98,0.030912,1299.3473870868384,2,2,0,0,0,1,104172,104167,102375,1560,103,134,0.9827496832162194,136615.99181569484,0.4382413943715001,377708,8367,0.12244695770553704
2595,2,98,0.014911999999999998,1299.3622990868384,2,2,0,0,0,1,104174,104169,102377,1560,103,134,0.9827500143989863,136616.4618788408,0.4382330541936486,377713,8367,0.12213007909794779
2596,2,98,0.011744,1299.3740430868384,2,2,0,0,0,1,104176,104171,102379,1560,103,134,0.9827503455690371,136616.82172616434,0.4382246862108832,377717,8367,0.12187682373220918
2597,2,98,0.022368,1299.3964110868383,2,2,0,0,0,1,104178,104173,102381,1560,103,134,0.9827506767263722,136617.16046415677,0.4382165117158931,377723,8368,0.1213815304061898
2598,2,98,0.011807999999999999,1299.4082190868382,2,2,0,0,0,1,104180,104175,102383,1560,103,134,0.9827510078709926,136617.52588016866,0.4382081456334127,377727,8368,0.121126989722434
2599,2,98,0.016992,1299.4252110868383,2,2,0,0,0,1,104182,104177,102385,1560,103,134,0.9827513390028988,136618.17739515624,0.43819988114261404,377732,8368,0.12075152199348604
2600,2,98,0.023072000000000002,1299.4482830868383,2,2,0,0,0,1,104184,104179,102387,1560,103,134,0.9827516701220916,136619.02694448075,0.4381916613553223,377739,8368,0.12024763079523491
2601,2,98,0.017696,1299.4659790868382,2,2,0,0,0,1,104186,104181,102389,1560,103,134,0.982752001228572,136619.73984479066,0.43818341126086036,377744,8368,0.11985588608088633
2602,2,98,0.017888,1299.4838670868382,2,2,0,0,0,1,104188,104183,102391,1560,103,134,0.9827523323223404,136620.4694776223,0.438175123360345,377749,8368,0.11946621485430013
2603,2,98,0.01504,1299.4989070868382,2,2,0,0,0,1,104190,104185,102393,1560,103,134,0.9827526634033976,136621.1168257151,0.4381668057815469,377753,8368,0.11914093337282672
2604,2,98,0.01312,1299.5120270868383,2,2,0,0,0,1,104192,104187,102395,1560,103,134,0.9827529944717445,136621.59664501206,0.43815845102583884,377757,8368,0.11885498906358215
2605,2,98,0.015008,1299.5270350868384,2,2,0,0,0,1,104194,104189,102397,1560,103,134,0.9827533255273816,136622.07495986103,0.43815011503453827,377762,8368,0.1185361824789671
2606,2,98,0.015936,1299.5429710868384,2,2,0,0,0,1,104196,104191,102399,1560,103,134,0.9827536565703098,136622.63422617974,0.43814182874434765,377767,8368,0.11819766953949709
2607,2,98,0.016992,1299.5599630868385,2,2,0,0,0,1,104198,104193,102401,1560,103,134,0.9827539876005298,136623.28560681877,0.43813351277813006,377772,8368,0.11783901809634931
2608,2,98,0.018528,1299.5784910868385,2,2,0,0,0,1,104200,104195,102403,1560,103,134,0.9827543186180422,136624.07097205165,0.43812526119736867,377777,8368,0.11744329796708267
2609,2,98,0.033248,1299.6117390868385,2,2,0,0,0,1,104202,104197,102405,1560,103,134,0.982754649622848,136625.47563994853,0.4381172049293979,377786,8368,0.1167269732750736
2610,2,98,0.02656,1299.6382990868385,2,2,0,0,0,1,104204,104199,102407,1560,103,134,0.9827549806149476,136626.62921272955,0.43810903492140024,377793,8368,0.11614632517135864
2611,2,98,0.030143999999999997,1299.6684430868386,2,2,0,0,0,1,104206,104201,102409,1560,103,134,0.9827553115943419,136627.31363874124,0.4381009833471343,377801,8369,0.11548164596712512
2612,2,98,0.022688,1299.6911310868386,2,2,0,0,0,1,104208,104203,102411,1560,103,134,0.9827556425610318,136628.29556396764,0.43809273929555925,377807,8369,0.11497905121534235
2613,2,98,0.024447999999999998,1299.7155790868385,2,2,0,0,0,1,104210,104205,102413,1560,103,134,0.9827559735150178,136629.2647848113,0.4380845505589951,377814,8369,0.11445432995721315
2614,2,98,0.021312,1299.7368910868386,2,2,0,0,0,1,104212,104207,102415,1560,103,134,0.9827563044563006,136630.12661855362,0.43807627902943125,377820,8369,0.11397898072694321
2615,2,98,0.027968,1299.7648590868387,2,2,0,0,0,1,104214,104209,102417,1560,103,134,0.9827566353848811,136630.762678694,0.43806820091586407,377828,8370,0.11336004361854139
2616,2,98,0.017216,1299.7820750868386,2,2,0,0,0,1,104216,104211,102419,1560,103,134,0.9827569663007599,136631.4333794264,0.43805994471339205,377833,8370,0.11299640754251264
2617,2,98,0.021824,1299.8038990868386,2,2,0,0,0,1,104218,104213,102421,1560,103,134,0.9827572972039379,136632.33978969243,0.4380517741283696,377839,8370,0.11251116458396186
2618,2,98,0.022463999999999998,1299.8263630868385,2,2,0,0,0,1,104220,104215,102423,1560,103,134,0.9827576280944157,136633.30198830177,0.43804352762956167,377845,8370,0.11201306844523924
2619,2,98,0.019072,1299.8454350868385,2,2,0,0,0,1,104222,104217,102425,1560,103,134,0.982757958972194,136633.9683211142,0.4380353101957866,377851,8370,0.11158950962306217
2620,2,98,0.026368,1299.8718030868386,2,2,0,0,0,1,104224,104219,102427,1560,103,134,0.9827582898372735,136635.1047682006,0.43802718493370196,377858,8370,0.1110268120482024
2621,2,98,0.032992,1299.9047950868385,2,2,0,0,0,1,104226,104221,102429,1560,103,134,0.9827586206896551,136636.48651141,0.438019124658106,377867,8370,0.11031728109565284
2622,2,98,0.011456,1299.9162510868384,2,2,0,0,0,1,104228,104223,102431,1560,103,134,0.9827589515293396,136636.82091173017,0.43801075947716983,377871,8370,0.11006980966099157
2623,2,98,0.021248,1299.9374990868384,2,2,0,0,0,1,104230,104225,102433,1560,103,134,0.9827592823563274,136637.67690736844,0.4380025858112799,377877,8370,0.10959594015666713
2624,2,98,0.017024,1299.9545230868384,2,2,0,0,0,1,104232,104227,102435,1560,103,134,0.9827596131706194,136638.33068423005,0.4379942756363321,377882,8370,0.10921973256474642
2625,2,98,0.019744,1299.9742670868384,2,2,0,0,0,1,104234,104229,102437,1560,103,134,0.9827599439722163,136639.2216347883,0.43798601045724217,377887,8370,0.10880017461693822
2626,2,98,0.015264,1299.9895310868383,2,2,0,0,0,1,104236,104231,102439,1560,103,134,0.982760274761119,136639.72189952538,0.43797772092278686,377892,8370,0.10847622676025445
2627,2,98,0.014848,1300.0043790868383,2,2,0,0,0,1,104238,104233,102441,1560,103,134,0.982760605537328,136640.18587750802,0.4379694235902638,377897,8370,0.10815032985048109
2628,2,98,0.011456,1300.0158350868383,2,2,0,0,0,1,104240,104235,102443,1560,103,134,0.9827609363008442,136640.52021961284,0.4379610603595273,377901,8370,0.10790285841581981
2629,2,98,0.015359999999999999,1300.0311950868384,2,2,0,0,0,1,104242,104237,102445,1560,103,134,0.9827612670516682,136641.0288240309,0.4379527355635892,377906,8370,0.10757698258211026
2630,2,98,0.011456,1300.0426510868383,2,2,0,0,0,1,104244,104239,102447,1560,103,134,0.9827615977898009,136641.36315181115,0.4379443729851801,377910,8370,0.10732951114744899
2631,2,98,0.023008,1300.0656590868382,2,2,0,0,0,1,104246,104241,102449,1560,103,134,0.9827619285152428,136642.20630577725,0.43793612349182115,377917,8370,0.10685003981068583
2632,2,98,0.011456,1300.0771150868381,2,2,0,0,0,1,104248,104243,102451,1560,103,134,0.9827622592279948,136642.54061431903,0.4379277615642056,377921,8370,0.10660256837602455
2633,2,98,0.013503999999999999,1300.0906190868382,2,2,0,0,0,1,104250,104245,102453,1560,103,134,0.9827625899280575,136642.69658739396,0.43791943994236654,377926,8371,0.10630774571110693
2634,2,98,0.01568,1300.1062990868381,2,2,0,0,0,1,104252,104247,102455,1560,103,134,0.9827629206154318,136643.23303777343,0.4379111198947452,377931,8371,0.10596261236404195
2635,2,98,0.025344,1300.131643086838,2,2,0,0,0,1,104254,104249,102457,1560,103,134,0.9827632512901183,136644.27978862298,0.4379029894415898,377938,8371,0.10540667691454599
2636,2,98,0.024768,1300.156411086838,2,2,0,0,0,1,104256,104251,102459,1560,103,134,0.9827635819521179,136645.276279866,0.43789479090775635,377945,8371,0.10486143449152724
2637,2,98,0.021248,1300.177659086838,2,2,0,0,0,1,104258,104253,102461,1560,103,134,0.982763912601431,136644.9013781539,0.4378866195529875,377951,8373,0.10438824541495195
2638,2,98,0.025792,1300.203451086838,2,2,0,0,0,1,104260,104255,102463,1560,103,134,0.9827642432380587,136645.98709647168,0.43787849442647103,377958,8373,0.10383886537360178
2639,2,98,0.011456,1300.214907086838,2,2,0,0,0,1,104262,104257,102465,1560,103,134,0.9827645738620014,136646.3213362727,0.4378701347662162,377962,8373,0.1035913939389405
2640,2,98,0.017568,1300.232475086838,2,2,0,0,0,1,104264,104259,102467,1560,103,134,0.9827649044732601,136647.02228586766,0.43786183508076926,377967,8373,0.10320260867648294
2641,2,98,0.01712,1300.2495950868379,2,2,0,0,0,1,104266,104261,102469,1560,103,134,0.9827652350718356,136647.68416108124,0.43785353134725646,377972,8373,0.10284138659730079
2642,2,98,0.017088,1300.266683086838,2,2,0,0,0,1,104268,104263,102471,1560,103,134,0.9827655656577282,136648.34322924333,0.4378452763418223,377977,8373,0.10247886309784399
2643,2,98,0.025248,1300.2919310868378,2,2,0,0,0,1,104270,104265,102473,1560,103,134,0.9827658962309389,136648.76613629752,0.43783709223330747,377984,8374,0.10194206072703066
2644,2,98,0.01344,1300.3053710868378,2,2,0,0,0,1,104272,104267,102475,1560,103,134,0.9827662267914685,136649.27327915627,0.4378287591785759,377988,8374,0.10165046745941346
2645,2,98,0.013215999999999999,1300.3185870868379,2,2,0,0,0,1,104274,104269,102477,1560,103,134,0.9827665573393176,136649.76088520192,0.4378204186424799,377992,8374,0.1013676497792796
2646,2,98,0.021856,1300.340443086838,2,2,0,0,0,1,104276,104271,102479,1560,103,134,0.982766887874487,136650.0541797988,0.43781222456919233,377998,8375,0.10089896926337709
2647,2,98,0.012639999999999998,1300.3530830868378,2,2,0,0,0,1,104278,104273,102481,1560,103,134,0.9827672183969773,136650.49155586425,0.4378038790607732,378002,8375,0.10062771944539789
2648,2,98,0.03584,1300.3889230868378,2,2,0,0,0,1,104280,104275,102483,1560,103,134,0.9827675489067894,136651.3393379109,0.4377958835946249,378012,8376,0.09985486799134134
2649,2,98,0.011968,1300.4008910868379,2,2,0,0,0,1,104282,104277,102485,1560,103,134,0.982767879403924,136651.71811092942,0.4377875371696228,378016,8376,0.09959555874911599
2650,2,98,0.02112,1300.422011086838,2,2,0,0,0,1,104284,104279,102487,1560,103,134,0.9827682098883818,136652.56238740592,0.43777932252119434,378022,8376,0.09913932649527119
2651,2,98,0.011456,1300.433467086838,2,2,0,0,0,1,104286,104281,102489,1560,103,134,0.9827685403601634,136652.89651310808,0.4377709667538027,378026,8376,0.0988918550606099
2652,1,99,0.007985309758901583,1300.4414523965968,2,1,0,1,0,1,104288,104283,102490,1560,104,134,0.98275928198834,136652.82637099753,0.43776678307305594,378028,8376,0.09871408582436976
2653,1,99,0.005728,1300.4471803965969,1,1,0,0,0,1,104289,104284,102491,1560,104,134,0.9827594473050849,136652.99343092417,0.4377625774494811,378030,8376,0.09858165035224654
2654,1,99,0.005728,1300.452908396597,1,1,0,0,0,1,104290,104285,102492,1560,104,134,0.9827596126186595,136653.1604893791,0.43775837190797356,378032,8376,0.09844921488012333
2655,1,99,0.010816,1300.463724396597,1,1,0,0,0,1,104291,104286,102493,1560,104,134,0.9827597779290639,136653.60491501383,0.43775421609094567,378035,8376,0.098199141195332
2656,1,99,0.005728,1300.469452396597,1,1,0,0,0,1,104292,104287,102494,1560,104,134,0.9827599432362981,136653.77196865022,0.4377500107130813,378037,8376,0.09806670572320879
2657,1,99,0.020319999999999998,1300.4897723965971,1,1,0,0,0,1,104293,104288,102495,1560,104,134,0.9827601085403622,136654.71253379693,0.43774594778519743,378042,8376,0.0975968927355091
2658,1,99,0.020319999999999998,1300.5100923965972,1,1,0,0,0,1,104294,104289,102496,1560,104,134,0.9827602738412564,136655.65306955168,0.43774188493659333,378047,8376,0.09712707974780942
2659,1,99,0.020319999999999998,1300.5304123965973,1,1,0,0,0,1,104295,104290,102497,1560,104,134,0.9827604391389808,136656.59357591582,0.43773782216726664,378052,8376,0.09665726676010973
2660,1,99,0.020319999999999998,1300.5507323965974,1,1,0,0,0,1,104296,104291,102498,1560,104,134,0.9827606044335353,136657.53405289075,0.4377337594772151,378057,8376,0.09618745377241004
2661,1,99,0.020319999999999998,1300.5710523965975,1,1,0,0,0,1,104297,104292,102499,1560,104,134,0.9827607697249202,136658.4745004778,0.43772969686643626,378062,8376,0.09571764078471036
2662,1,99,0.020319999999999998,1300.5913723965975,1,1,0,0,0,1,104298,104293,102500,1560,104,134,0.9827609350131354,136659.4149186784,0.4377256343349279,378067,8376,0.09524782779701067
2663,1,99,0.017792,1300.6091643965976,1,1,0,0,0,1,104299,104294,102501,1560,104,134,0.9827611002981812,136660.1350087065,0.43772154721951373,378072,8376,0.09483646398415867
2664,1,99,0.016191999999999998,1300.6253563965977,1,1,0,0,0,1,104300,104295,102502,1560,104,134,0.9827612655800575,136660.88172572933,0.437717444574395,378076,8376,0.09446209331994443
2665,1,99,0.015712,1300.6410683965976,1,1,0,0,0,1,104301,104296,102503,1560,104,134,0.9827614308587646,136661.58659677225,0.4377133373265358,378080,8376,0.09409882060032151
2666,1,99,0.020319999999999998,1300.6613883965977,1,1,0,0,0,1,104302,104297,102504,1560,104,134,0.9827615961343024,136662.5269157294,0.4377092751131581,378085,8376,0.09362900761262183
2667,1,99,0.005728,1300.6671163965977,1,1,0,0,0,1,104303,104298,102505,1560,104,134,0.9827617614066709,136662.6939046869,0.43770507062500774,378087,8376,0.09349657214049861
2668,1,99,0.00656,1300.6736763965978,1,1,0,0,0,1,104304,104299,102506,1560,104,134,0.9827619266758705,136662.93339037316,0.4377008743354895,378089,8376,0.09334490023108376
2669,1,99,0.005728,1300.6794043965979,1,1,0,0,0,1,104305,104300,102507,1560,104,134,0.9827620919419011,136663.10037596297,0.4376966700113255,378091,8376,0.09321246475896054
2670,1,99,0.010208,1300.6896123965978,1,1,0,0,0,1,104306,104301,102508,1560,104,134,0.982762257204763,136663.4916630668,0.4376925094730968,378094,8376,0.09297644847065156
2671,1,99,0.006208,1300.6958203965978,1,1,0,0,0,1,104307,104302,102509,1560,104,134,0.9827624224644559,136663.7004690301,0.4376883099950782,378096,8376,0.09283291505393701
2672,1,99,0.005728,1300.701548396598,1,1,0,0,0,1,104308,104303,102510,1560,104,134,0.9827625877209801,136663.86744839902,0.43768410591652257,378098,8376,0.0927004795818138
2673,1,99,0.005728,1300.707276396598,1,1,0,0,0,1,104309,104304,102511,1560,104,134,0.9827627529743359,136664.03442629724,0.437679901919989,378100,8376,0.09256804410969058
2674,1,99,0.005728,1300.713004396598,1,1,0,0,0,1,104310,104305,102512,1560,104,134,0.9827629182245231,136664.20140272484,0.437675698005475,378102,8376,0.09243560863756736
2675,1,99,0.00944,1300.7224443965981,1,1,0,0,0,1,104311,104306,102513,1560,104,134,0.9827630834715418,136664.52575319682,0.43767153038301987,378105,8376,0.09221734906060451
2676,1,99,0.011456000000000001,1300.733900396598,1,1,0,0,0,1,104312,104307,102514,1560,104,134,0.9827632487153923,136664.0908996062,0.4376673825074798,378109,8378,0.09195247811635808
2677,1,99,0.005728,1300.7396283965982,1,1,0,0,0,1,104313,104308,102515,1560,104,134,0.9827634139560745,136664.25787236737,0.4376631788381119,378111,8378,0.09182004264423486
2678,1,99,0.005728,1300.7453563965983,1,1,0,0,0,1,104314,104309,102516,1560,104,134,0.9827635791935886,136664.42484365797,0.43765897525075403,378113,8378,0.09168760717211165
2679,1,99,0.005728,1300.7510843965983,1,1,0,0,0,1,104315,104310,102517,1560,104,134,0.9827637444279346,136664.591813478,0.4376547717454038,378115,8378,0.09155517169998843
2680,1,99,0.005728,1300.7568123965984,1,1,0,0,0,1,104316,104311,102518,1560,104,134,0.9827639096591126,136664.75878182752,0.4376505683220588,378117,8378,0.09142273622786522
2681,1,99,0.005728,1300.7625403965985,1,1,0,0,0,1,104317,104312,102519,1560,104,134,0.9827640748871229,136664.9257487065,0.4376463649807166,378119,8378,0.091290300755742
2682,1,99,0.005728,1300.7682683965986,1,1,0,0,0,1,104318,104313,102520,1560,104,134,0.9827642401119653,136665.09271411502,0.43764216172137477,378121,8378,0.09115786528361879
2683,1,99,0.015456,1300.7837243965987,1,1,0,0,0,1,104319,104314,102521,1560,104,134,0.9827644053336401,136665.77515217935,0.4376380534319077,378125,8378,0.09080051146777791
2684,1,99,0.005728,1300.7894523965988,1,1,0,0,0,1,104320,104315,102522,1560,104,134,0.9827645705521473,136665.94211112842,0.437633850335634,378127,8378,0.0906680759956547
2685,1,99,0.005728,1300.7951803965989,1,1,0,0,0,1,104321,104316,102523,1560,104,134,0.9827647357674869,136666.10906860707,0.43762964732135357,378129,8378,0.09053564052353148
2686,1,99,0.0069759999999999996,1300.8021563965988,1,1,0,0,0,1,104322,104317,102524,1560,104,134,0.9827649009796592,136666.38475789723,0.4376254565618235,378131,8378,0.0903743503954708
2687,1,99,0.015872,1300.8180283965987,1,1,0,0,0,1,104323,104318,102525,1560,104,134,0.9827650661886641,136667.1034065635,0.4376213526531251,378135,8378,0.09000737836098412
2688,1,99,0.008,1300.8260283965988,1,1,0,0,0,1,104324,104319,102526,1560,104,134,0.9827652313945018,136667.46830022518,0.4376171720439588,378137,8378,0.08982241261779526
2689,1,99,0.009792,1300.8358203965988,1,1,0,0,0,1,104325,104320,102527,1560,104,134,0.9827653965971723,136667.2082767508,0.43761300899466654,378140,8379,0.08959601454813211
2690,1,99,0.005728,1300.841548396599,1,1,0,0,0,1,104326,104321,102528,1560,104,134,0.9827655617966758,136667.37522270303,0.4376088063886298,378142,8379,0.0894635790760089
2691,1,99,0.009888,1300.851436396599,1,1,0,0,0,1,104327,104322,102529,1560,104,134,0.9827657269930123,136667.73854858373,0.4376046444384584,378145,8379,0.08923496141742747
2692,1,99,0.015456,1300.866892396599,1,1,0,0,0,1,104328,104323,102530,1560,104,134,0.982765892186182,136668.42091158195,0.4376005368755288,378149,8379,0.0888776076015866
2693,1,99,0.010208,1300.877100396599,1,1,0,0,0,1,104329,104324,102531,1560,104,134,0.9827660573761849,136668.81210054146,0.4375963782082027,378152,8379,0.08864159131327762
2694,1,99,0.007552,1300.884652396599,1,1,0,0,0,1,104330,104325,102532,1560,104,134,0.9827662225630212,136669.13793813993,0.437592193717888,378154,8379,0.08846698365170734
2695,1,99,0.010048,1300.894700396599,1,1,0,0,0,1,104331,104326,102533,1560,104,134,0.9827663877466908,136669.51517735986,0.4375880336525777,378157,8379,0.08823466667826214
2696,1,99,0.007552,1300.9022523965991,1,1,0,0,0,1,104332,104327,102534,1560,104,134,0.982766552927194,136669.84100646854,0.43758384932526784,378159,8379,0.08806005901669187
2697,1,99,0.006624,1300.9088763965992,1,1,0,0,0,1,104333,104328,102535,1560,104,134,0.9827667181045306,136670.0859882493,0.4375796560290074,378161,8379,0.0879069073813315
2698,1,99,0.01008,1300.9189563965992,1,1,0,0,0,1,104334,104329,102536,1560,104,134,0.9827668832787011,136670.46600080183,0.43757549651977395,378164,8379,0.08767385054491354
2699,1,99,0.011072,1300.9300283965993,1,1,0,0,0,1,104335,104330,102537,1560,104,134,0.9827670484497053,136670.93242450425,0.43757134676622883,378167,8379,0.08741785795634018
2700,1,99,0.011424,1300.9414523965993,1,1,0,0,0,1,104336,104331,102538,1560,104,134,0.9827672136175433,136671.4295039591,0.4375672005264981,378170,8379,0.08715372687506649
2701,1,99,0.010015999999999999,1300.9514683965992,1,1,0,0,0,1,104337,104332,102539,1560,104,134,0.9827673787822153,136671.39806463267,0.4375630406362782,378173,8380,0.08692214976459404
2702,1,99,0.009792,1300.9612603965993,1,1,0,0,0,1,104338,104333,102540,1560,104,134,0.9827675439437213,136671.1380366517,0.4375588786426818,378176,8381,0.08669575169493089
2703,1,99,0.005728,1300.9669883965994,1,1,0,0,0,1,104339,104334,102541,1560,104,134,0.9827677091020616,136671.30494920464,0.4375546770973352,378178,8381,0.08656331622280768
2704,1,99,0.005728,1300.9727163965995,1,1,0,0,0,1,104340,104335,102542,1560,104,134,0.982767874257236,136671.47186028777,0.43755047563393645,378180,8381,0.08643088075068446
2705,1,99,0.005728,1300.9784443965996,1,1,0,0,0,1,104341,104336,102543,1560,104,134,0.9827680394092447,136671.63876990115,0.43754627425248305,378182,8381,0.08629844527856124
2706,1,99,0.005728,1300.9841723965997,1,1,0,0,0,1,104342,104337,102544,1560,104,134,0.9827682045580878,136671.8056780448,0.4375420729529727,378184,8381,0.08616600980643803
2707,1,99,0.005728,1300.9899003965998,1,1,0,0,0,1,104343,104338,102545,1560,104,134,0.9827683697037655,136671.9725847187,0.43753787173540293,378186,8381,0.08603357433431481
2708,1,99,0.005728,1300.9956283965998,1,1,0,0,0,1,104344,104339,102546,1560,104,134,0.9827685348462777,136672.1394899229,0.43753367059977133,378188,8381,0.0859011388621916
2709,1,99,0.005728,1301.0013563966,1,1,0,0,0,1,104345,104340,102547,1560,104,134,0.9827686999856247,136672.30639365743,0.4375294695460756,378190,8381,0.08576870339006838
2710,1,99,0.009632,1301.0109883966,1,1,0,0,0,1,104346,104341,102548,1560,104,134,0.9827688651218063,136672.64733800667,0.4375253066442903,378193,8381,0.085546004635269
2711,1,99,0.005728,1301.0167163966,1,1,0,0,0,1,104347,104342,102549,1560,104,134,0.9827690302548229,136672.8142375348,0.4375211057540877,378195,8381,0.08541356916314578
2712,1,99,0.005728,1301.0224443966001,1,1,0,0,0,1,104348,104343,102550,1560,104,134,0.9827691953846743,136672.9811355933,0.43751690494581374,378197,8381,0.08528113369102257
2713,1,99,0.009184,1301.0316283966001,1,1,0,0,0,1,104349,104344,102551,1560,104,134,0.9827693605113609,136673.28304627145,0.4375127379197713,378200,8381,0.08506879301784176
2714,1,99,0.005728,1301.0373563966002,1,1,0,0,0,1,104350,104345,102552,1560,104,134,0.9827695256348826,136673.44994035305,0.43750853727501876,378202,8381,0.08493635754571854
2715,1,99,0.005728,1301.0430843966003,1,1,0,0,0,1,104351,104346,102553,1560,104,134,0.9827696907552396,136673.61683296508,0.4375043367121877,378204,8381,0.08480392207359533
2716,1,99,0.005728,1301.0488123966004,1,1,0,0,0,1,104352,104347,102554,1560,104,134,0.9827698558724318,136673.7837241076,0.4375001362312757,378206,8381,0.08467148660147211
2717,1,99,0.005728,1301.0545403966005,1,1,0,0,0,1,104353,104348,102555,1560,104,134,0.9827700209864594,136673.95061378062,0.4374959358322803,378208,8381,0.0845390511293489
2718,1,99,0.005728,1301.0602683966006,1,1,0,0,0,1,104354,104349,102556,1560,104,134,0.9827701860973226,136674.11750198415,0.43749173551519915,378210,8381,0.08440661565722568
2719,1,99,0.010432,1301.0707003966006,1,1,0,0,0,1,104355,104350,102557,1560,104,134,0.9827703512050213,136674.52809889178,0.4374875811472062,378213,8381,0.08416542032810742
2720,1,99,0.009888,1301.0805883966007,1,1,0,0,0,1,104356,104351,102558,1560,104,134,0.9827705163095557,136674.89130642125,0.4374834215559127,378216,8381,0.083936802669526
2721,1,99,0.01216,1301.0927483966007,1,1,0,0,0,1,104357,104352,102559,1560,104,134,0.9827706814109259,136675.45239887421,0.4374792841988373,378219,8381,0.08365565473987893
2722,1,99,0.005728,1301.0984763966007,1,1,0,0,0,1,104358,104353,102560,1560,104,134,0.982770846509132,136675.61927556538,0.437475084207935,378221,8381,0.08352321926775572
2723,1,99,0.005728,1301.1042043966008,1,1,0,0,0,1,104359,104354,102561,1560,104,134,0.982771011604174,136675.78615078726,0.437470884298935,378223,8381,0.0833907837956325
2724,1,99,0.005728,1301.109932396601,1,1,0,0,0,1,104360,104355,102562,1560,104,134,0.9827711766960521,136675.9530245398,0.43746668447183495,378225,8381,0.08325834832350928
2725,1,99,0.010432,1301.120364396601,1,1,0,0,0,1,104361,104356,102563,1560,104,134,0.9827713417847663,136676.3635910582,0.4374625305911254,378228,8381,0.08301715299439102
2726,1,99,0.0073279999999999994,1301.1276923966009,1,1,0,0,0,1,104362,104357,102564,1560,104,134,0.9827715068703168,136676.66981435203,0.4374583465273864,378230,8381,0.08284772437363003
2727,1,99,0.006496,1301.1341883966008,1,1,0,0,0,1,104363,104358,102565,1560,104,134,0.9827716719527035,136676.90357068216,0.43745415443330693,378232,8381,0.08269753219016068
2728,1,99,0.007391999999999999,1301.1415803966008,1,1,0,0,0,1,104364,104359,102566,1560,104,134,0.9827718370319267,136676.8956425125,0.4374499711568101,378235,8382,0.08252662384345419
2729,1,99,0.005728,1301.147308396601,1,1,0,0,0,1,104365,104360,102567,1560,104,134,0.9827720021079864,136677.06250658727,0.4374457717383432,378237,8382,0.08239418837133097
2730,1,99,0.006463999999999999,1301.153772396601,1,1,0,0,0,1,104366,104361,102568,1560,104,134,0.9827721671808827,136677.29347042437,0.4374415795774892,378239,8382,0.08224473605083438
2731,1,99,0.008416,1301.1621883966009,1,1,0,0,0,1,104367,104362,102569,1560,104,134,0.9827723322506157,136677.2763502667,0.4374374065294696,378242,8383,0.08205015208899971
2732,1,99,0.009408,1301.1715963966008,1,1,0,0,0,1,104368,104363,102570,1560,104,134,0.9827724973171853,136677.59770694654,0.43743324323426375,378245,8383,0.08183263237500962
2733,1,99,0.020319999999999998,1301.1919163966008,1,1,0,0,0,1,104369,104364,102571,1560,104,134,0.9827726623805919,136678.53739247576,0.43742918640508227,378250,8383,0.08136281938730994
2734,1,99,0.010336,1301.202252396601,1,1,0,0,0,1,104370,104365,102572,1560,104,134,0.9827728274408355,136678.93955181458,0.4374250323184978,378253,8383,0.08112384364710994
2735,1,99,0.00912,1301.2113723966008,1,1,0,0,0,1,104371,104366,102573,1560,104,134,0.982772992497916,136679.23580504407,0.43742086645793943,378256,8383,0.08091298269987464
2736,1,99,0.006751999999999999,1301.2181243966008,1,1,0,0,0,1,104372,104367,102574,1560,104,134,0.9827731575518338,136679.49182806863,0.4374166775928353,378258,8383,0.08075687161262325
2737,1,99,0.020319999999999998,1301.238444396601,1,1,0,0,0,1,104373,104368,102575,1560,104,134,0.9827733226025888,136680.43145041942,0.43741262108335116,378263,8383,0.08028705862492357
2738,1,99,0.009728,1301.248172396601,1,1,0,0,0,1,104374,104369,102576,1560,104,134,0.9827734876501811,136680.78063266803,0.437408461392938,378266,8383,0.08006214028120592
2739,1,99,0.011744,1301.2599163966008,1,1,0,0,0,1,104375,104370,102577,1560,104,134,0.9827736526946108,136681.30537096487,0.43740432143715713,378269,8383,0.07979061057020469
2740,1,99,0.005728,1301.265644396601,1,1,0,0,0,1,104376,104371,102578,1560,104,134,0.982773817735878,136681.4722004541,0.4374001229140413,378271,8383,0.07965817509808147
2741,1,99,0.010655999999999999,1301.2763003966008,1,1,0,0,0,1,104377,104372,102579,1560,104,134,0.9827739827739828,136681.90218003036,0.43739597251380685,378274,8383,0.07941180072815392
2742,1,99,0.005728,1301.282028396601,1,1,0,0,0,1,104378,104373,102580,1560,104,134,0.9827741478089252,136682.06900479208,0.4373917741539389,378276,8383,0.0792793652560307
2743,1,99,0.01728,1301.299308396601,1,1,0,0,0,1,104379,104374,102581,1560,104,134,0.9827743128407055,136682.74381791303,0.43738768848937243,378281,8383,0.07887983925074278
2744,1,99,0.005728,1301.305036396601,1,1,0,0,0,1,104380,104375,102582,1560,104,134,0.9827744778693236,136682.91063602048,0.4373834902921134,378283,8383,0.07874740377861957
2745,1,99,0.007936,1301.312972396601,1,1,0,0,0,1,104381,104376,102583,1560,104,134,0.9827746428947797,136683.26972290513,0.43737931370073835,378285,8383,0.07856391776137622
2746,1,99,0.0075840000000000005,1301.320556396601,1,1,0,0,0,1,104382,104377,102584,1560,104,134,0.9827748079170738,136683.5981539595,0.4373751337594567,378287,8383,0.07838857023683318
2747,1,99,0.005728,1301.326284396601,1,1,0,0,0,1,104383,104378,102585,1560,104,134,0.9827749729362061,136683.76496558267,0.43737093580735353,378289,8383,0.07825613476470997
2748,1,99,0.00608,1301.3323643966012,1,1,0,0,0,1,104384,104379,102586,1560,104,134,0.9827751379521765,136683.96242682778,0.43736674136836046,378291,8383,0.07811556079988644
2749,1,99,0.006208,1301.3385723966012,1,1,0,0,0,1,104385,104380,102587,1560,104,134,0.9827753029649854,136684.17103200327,0.4373625482588621,378293,8383,0.07797202738317188
2750,1,99,0.007552,1301.3461243966012,1,1,0,0,0,1,104386,104381,102588,1560,104,134,0.9827754679746327,136684.49666492475,0.4373583683320578,378295,8383,0.0777974197216016
2751,1,99,0.005728,1301.3518523966013,1,1,0,0,0,1,104387,104382,102589,1560,104,134,0.9827756329811184,136684.66346931565,0.43735417070705834,378297,8383,0.07766498424947839
2752,1,99,0.005728,1301.3575803966014,1,1,0,0,0,1,104388,104383,102590,1560,104,134,0.9827757979844427,136684.83027223818,0.4373499731638919,378299,8383,0.07753254877735517
2753,1,99,0.011392,1301.3689723966013,1,1,0,0,0,1,104389,104384,102591,1560,104,134,0.9827759629846057,136685.32428003088,0.4373458309120774,378302,8383,0.07726915755905424
2754,1,99,0.005728,1301.3747003966014,1,1,0,0,0,1,104390,104385,102592,1560,104,134,0.9827761279816074,136685.4910778505,0.4373416335320317,378304,8383,0.07713672208693102
2755,1,99,0.021823999999999996,1301.3965243966013,1,1,0,0,0,1,104391,104386,102593,1560,104,134,0.9827762929754481,136685.78074808983,0.43733759312560755,378310,8384,0.07663213553951183
2756,1,99,0.005728,1301.4022523966014,1,1,0,0,0,1,104392,104387,102594,1560,104,134,0.9827764579661277,136685.94754036906,0.4373333959076819,378312,8384,0.07649970006738861
2757,1,99,0.005728,1301.4079803966015,1,1,0,0,0,1,104393,104388,102595,1560,104,134,0.9827766229536463,136686.11433118006,0.43732919877157733,378314,8384,0.0763672645952654
2758,1,99,0.009696,1301.4176763966016,1,1,0,0,0,1,104394,104389,102596,1560,104,134,0.982776787938004,136686.46063924365,0.4373250403932633,378317,8384,0.0761430861145205
2759,1,99,0.005728,1301.4234043966017,1,1,0,0,0,1,104395,104390,102597,1560,104,134,0.9827769529192011,136686.62742581958,0.43732084342041677,378319,8384,0.07601065064239729
2760,1,99,0.011104,1301.4345083966016,1,1,0,0,0,1,104396,104391,102598,1560,104,134,0.9827771178972374,136687.0963174043,0.43731669892806646,378322,8384,0.07575391819085116
2761,1,99,0.016,1301.4505083966017,1,1,0,0,0,1,104397,104392,102599,1560,104,134,0.9827772828721132,136687.82550875872,0.43731260223626955,378326,8384,0.07538398670447345
2762,1,99,0.005728,1301.4562363966018,1,1,0,0,0,1,104398,104393,102600,1560,104,134,0.9827774478438285,136687.99228511998,0.43730840550737116,378328,8384,0.07525155123235024
2763,1,99,0.005728,1301.4619643966018,1,1,0,0,0,1,104399,104394,102601,1560,104,134,0.9827776128123833,136688.15906001325,0.43730420886027954,378330,8384,0.07511911576022702
2764,1,99,0.005728,1301.467692396602,1,1,0,0,0,1,104400,104395,102602,1560,104,134,0.9827777777777778,136688.32583343846,0.4373000122949923,378332,8384,0.0749866802881038
2765,1,99,0.009408,1301.4771003966018,1,1,0,0,0,1,104401,104396,102603,1560,104,134,0.9827779427400121,136688.6470348107,0.4372958516779048,378335,8384,0.07476916057411372
2766,1,99,0.005728,1301.482828396602,1,1,0,0,0,1,104402,104397,102604,1560,104,134,0.9827781076990862,136688.81380414875,0.4372916552758696,378337,8384,0.0746367251019905
2767,1,99,0.013856,1301.496684396602,1,1,0,0,0,1,104403,104398,102605,1560,104,134,0.9827782726550003,136688.1269332448,0.43728753817204413,378341,8386,0.07431636443478741
2768,1,99,0.005728,1301.502412396602,1,1,0,0,0,1,104404,104399,102606,1560,104,134,0.9827784376077545,136688.29370236245,0.437283341932829,378343,8386,0.0741839289626642
2769,1,99,0.005728,1301.5081403966021,1,1,0,0,0,1,104405,104400,102607,1560,104,134,0.9827786025573488,136688.46047001216,0.4372791457754062,378345,8386,0.07405149349054098
2770,1,99,0.005728,1301.5138683966022,1,1,0,0,0,1,104406,104401,102608,1560,104,134,0.9827787675037833,136688.62723619398,0.4372749496997736,378347,8386,0.07391905801841776
2771,1,99,0.005728,1301.5195963966023,1,1,0,0,0,1,104407,104402,102609,1560,104,134,0.9827789324470582,136688.79400090792,0.4372707537059286,378349,8386,0.07378662254629455
2772,1,99,0.015456,1301.5350523966024,1,1,0,0,0,1,104408,104403,102610,1560,104,134,0.9827790973871734,136689.4757635683,0.4372666525994435,378353,8386,0.07342926873045368
2773,1,99,0.007391999999999999,1301.5424443966024,1,1,0,0,0,1,104409,104404,102611,1560,104,134,0.9827792623241292,136689.46776643777,0.43726247298482773,378356,8387,0.07325836038374718
2774,1,99,0.005728,1301.5481723966025,1,1,0,0,0,1,104410,104405,102612,1560,104,134,0.9827794272579254,136689.63452379123,0.43725827723524946,378358,8387,0.07312592491162397
2775,1,99,0.011392,1301.5595643966024,1,1,0,0,0,1,104411,104406,102613,1560,104,134,0.9827795921885625,136690.12841719502,0.43725413676513386,378361,8387,0.07286253369332303
2776,1,99,0.005728,1301.5652923966024,1,1,0,0,0,1,104412,104407,102614,1560,104,134,0.9827797571160403,136690.29516944764,0.4372499411785716,378363,8387,0.07273009822119982
2777,1,99,0.005728,1301.5710203966025,1,1,0,0,0,1,104413,104408,102615,1560,104,134,0.9827799220403589,136690.46192023254,0.4372457456737826,378365,8387,0.0725976627490766
2778,1,99,0.015456,1301.5864763966026,1,1,0,0,0,1,104414,104409,102616,1560,104,134,0.9827800869615185,136691.14363615125,0.4372416450507959,378369,8387,0.07224030893323573
2779,1,99,0.005728,1301.5922043966027,1,1,0,0,0,1,104415,104410,102617,1560,104,134,0.9827802518795192,136691.3103804883,0.4372374497086226,378371,8387,0.07210787346111251
2780,1,99,0.015616,1301.6078203966026,1,1,0,0,0,1,104416,104411,102618,1560,104,134,0.982780416794361,136692.00600361143,0.4372333508055798,378375,8387,0.07174682033040787
2781,1,99,0.010048,1301.6178683966027,1,1,0,0,0,1,104417,104412,102619,1560,104,134,0.982780581706044,136692.38285670755,0.43722919772346497,378378,8387,0.07151450335696267
2782,1,99,0.010144,1301.6280123966028,1,1,0,0,0,1,104418,104413,102620,1560,104,134,0.9827807466145684,136692.76806082387,0.43722504565778125,378381,8387,0.0712799667945992
2783,1,99,0.011904,1301.6399163966028,1,1,0,0,0,1,104419,104414,102621,1560,104,134,0.9827809115199341,136693.3064657085,0.43722091082350373,378384,8387,0.07100473776873419
2784,1,99,0.01168,1301.6515963966028,1,1,0,0,0,1,104420,104415,102622,1560,104,134,0.9827810764221413,136693.82536199558,0.4372167738870421,378387,8387,0.07073468778367846
2785,1,99,0.021439999999999997,1301.6730363966028,1,1,0,0,0,1,104421,104416,102623,1560,104,134,0.9827812413211902,136694.08140508394,0.43721273213659023,378393,8388,0.07023897959193233
2786,1,99,0.015456,1301.688492396603,1,1,0,0,0,1,104422,104417,102624,1560,104,134,0.9827814062170807,136694.7630245981,0.4372086321549595,378397,8388,0.06988162577609146
2787,1,99,0.020319999999999998,1301.708812396603,1,1,0,0,0,1,104423,104418,102625,1560,104,134,0.982781571109813,136695.70206903238,0.4372045796490896,378402,8388,0.06941181278839177
2788,1,99,0.03657599999999999,1301.745388396603,1,1,0,0,0,1,104424,104419,102626,1560,104,134,0.9827817359993871,136694.93403712093,0.43720068562260134,378411,8392,0.06856614941053234
2789,1,99,0.028447999999999994,1301.773836396603,1,1,0,0,0,1,104425,104420,102627,1560,104,134,0.9827819008858032,136695.01953777656,0.4371967124725691,378418,8394,0.06790841122775278
2790,1,99,0.024383999999999996,1301.798220396603,1,1,0,0,0,1,104426,104421,102628,1560,104,134,0.9827820657690614,136695.5317743376,0.43719269980063535,378424,8395,0.06734463564251315
2791,1,99,0.024383999999999996,1301.822604396603,1,1,0,0,0,1,104427,104422,102629,1560,104,134,0.9827822306491616,136696.0439917096,0.4371886872068993,378430,8396,0.06678086005727353
2792,1,99,0.028447999999999994,1301.851052396603,1,1,0,0,0,1,104428,104423,102630,1560,104,134,0.9827823955261041,136696.12946303928,0.43718471428991645,378437,8398,0.06612312187449397
2793,1,99,0.020319999999999998,1301.8713723966032,1,1,0,0,0,1,104429,104424,102631,1560,104,134,0.9827825603998889,136697.06836889067,0.43718066225401087,378442,8398,0.06565330888679428
2794,1,99,0.020319999999999998,1301.8916923966033,1,1,0,0,0,1,104430,104425,102632,1560,104,134,0.9827827252705161,136698.00724543308,0.43717661029706767,378447,8398,0.0651834958990946
2795,1,99,0.024383999999999996,1301.9160763966033,1,1,0,0,0,1,104431,104426,102633,1560,104,134,0.9827828901379858,136698.51937966616,0.43717259801648506,378453,8399,0.06461972031385498
2796,1,99,0.020319999999999998,1301.9363963966034,1,1,0,0,0,1,104432,104427,102634,1560,104,134,0.9827830550022981,136699.4582013241,0.43716854621707396,378458,8399,0.06414990732615529
2797,1,99,0.005728,1301.9421243966035,1,1,0,0,0,1,104433,104428,102635,1560,104,134,0.9827832198634531,136699.62486426506,0.43716435232289597,378460,8399,0.06401747185403207
2798,1,99,0.005728,1301.9478523966036,1,1,0,0,0,1,104434,104429,102636,1560,104,134,0.9827833847214509,136699.7915257395,0.43716015851044165,378462,8399,0.06388503638190886
2799,1,99,0.015456,1301.9633083966037,1,1,0,0,0,1,104435,104430,102637,1560,104,134,0.9827835495762914,136700.47293359213,0.4371560595603433,378466,8399,0.06352768256606799
2800,1,99,0.009824,1301.9731323966037,1,1,0,0,0,1,104436,104431,102638,1560,104,134,0.9827837144279751,136700.83012572024,0.4371519058176525,378469,8399,0.06330054463343207
2801,1,99,0.009888,1301.9830203966037,1,1,0,0,0,1,104437,104432,102639,1560,104,134,0.9827838792765016,136701.19288175032,0.4371477527794453,378472,8399,0.06307192697485065
2802,1,99,0.015712,1301.9987323966036,1,1,0,0,0,1,104438,104433,102640,1560,104,134,0.9827840441218714,136701.89653132745,0.4371436565641733,378476,8399,0.06270865425522773
2803,1,99,0.010176,1302.0089083966036,1,1,0,0,0,1,104439,104434,102641,1560,104,134,0.9827842089640842,136702.28433320625,0.4371395064931558,378479,8399,0.062473377829891506
2804,1,99,0.009568,1302.0184763966035,1,1,0,0,0,1,104440,104435,102642,1560,104,134,0.9827843738031405,136702.61922288057,0.43713535057950226,378482,8399,0.06225215880103764
2805,1,99,0.007936,1302.0264123966035,1,1,0,0,0,1,104441,104436,102643,1560,104,134,0.9827845386390403,136702.97799287894,0.43713117884705766,378484,8399,0.0620686727837943
2806,1,99,0.024383999999999996,1302.0507963966036,1,1,0,0,0,1,104442,104437,102644,1560,104,134,0.9827847034717834,136703.48998103366,0.437127167439069,378490,8400,0.061504897198554676
2807,1,99,0.005728,1302.0565243966037,1,1,0,0,0,1,104443,104438,102645,1560,104,134,0.9827848683013701,136703.65661159487,0.4371229743565986,378492,8400,0.06137246172643145
2808,1,99,0.013375999999999999,1302.0699003966038,1,1,0,0,0,1,104444,104439,102646,1560,104,134,0.9827850331278005,136703.54252546877,0.437118855864333,378496,8401,0.06106319900381969
2809,1,99,0.005728,1302.0756283966039,1,1,0,0,0,1,104445,104440,102647,1560,104,134,0.9827851979510748,136703.70915335402,0.43711466294453405,378498,8401,0.06093076353169647
2810,1,99,0.005728,1302.081356396604,1,1,0,0,0,1,104446,104441,102648,1560,104,134,0.9827853627711928,136703.87577977325,0.43711047010643017,378500,8401,0.06079832805957325
2811,1,99,0.013472,1302.094828396604,1,1,0,0,0,1,104447,104442,102649,1560,104,134,0.9827855275881547,136703.77004660273,0.43710635279157234,378504,8402,0.06048684574804322
2812,1,99,0.005728,1302.1005563966041,1,1,0,0,0,1,104448,104443,102650,1560,104,134,0.9827856924019608,136703.93667029712,0.43710216011611663,378506,8402,0.06035441027592
2813,1,99,0.007904,1302.1084603966042,1,1,0,0,0,1,104449,104444,102651,1560,104,134,0.9827858572126109,136704.29262534896,0.4370979887203888,378508,8402,0.06017166412164941
2814,1,99,0.005728,1302.1141883966043,1,1,0,0,0,1,104450,104445,102652,1560,104,134,0.9827860220201053,136704.45924500012,0.4370937962081001,378510,8402,0.06003922864952619
2815,1,99,0.009792,1302.1239803966043,1,1,0,0,0,1,104451,104446,102653,1560,104,134,0.982786186824444,136704.19920058805,0.43708964336718026,378513,8403,0.05981283057986303
2816,1,99,0.0069440000000000005,1302.1309243966043,1,1,0,0,0,1,104452,104447,102654,1560,104,134,0.9827863516256271,136704.4716202304,0.4370854628634872,378515,8403,0.059652280314775104
2817,1,99,0.005728,1302.1366523966044,1,1,0,0,0,1,104453,104448,102655,1560,104,134,0.9827865164236547,136704.63823621973,0.43708127059573987,378517,8403,0.05951984484265188
2818,1,99,0.006432,1302.1430843966043,1,1,0,0,0,1,104454,104449,102656,1560,104,134,0.9827866812185269,136704.86610347213,0.437077085267524,378519,8403,0.05937113238512804
2819,1,99,0.007391999999999999,1302.1504763966043,1,1,0,0,0,1,104455,104450,102657,1560,104,134,0.9827868460102437,136704.85802270847,0.43707290937237797,378522,8404,0.05920022403842153
2820,1,99,0.005728,1302.1562043966044,1,1,0,0,0,1,104456,104451,102658,1560,104,134,0.9827870107988053,136705.0246344963,0.4370687173494269,378524,8404,0.05906778856629831
2821,1,99,0.005728,1302.1619323966045,1,1,0,0,0,1,104457,104452,102659,1560,104,134,0.9827871755842117,136705.19124481833,0.4370645254081447,378526,8404,0.05893535309417509
2822,1,99,0.016032,1302.1779643966045,1,1,0,0,0,1,104458,104453,102660,1560,104,134,0.9827873403664631,136705.92259060976,0.43706043391868293,378530,8404,0.058564681744824626
2823,1,99,0.005728,1302.1836923966046,1,1,0,0,0,1,104459,104454,102661,1560,104,134,0.9827875051455595,136706.08919419776,0.4370562421397537,378532,8404,0.0584322462727014
2824,1,99,0.00736,1302.1910523966046,1,1,0,0,0,1,104460,104455,102662,1560,104,134,0.982787669921501,136706.3977842336,0.4370520663393126,378534,8404,0.05826207778896766
2825,1,99,0.010144,1302.2011963966047,1,1,0,0,0,1,104461,104456,102663,1560,104,134,0.9827878346942878,136706.78270962165,0.4370479177380729,378537,8404,0.05802754122660419
2826,1,99,0.005728,1302.2069243966048,1,1,0,0,0,1,104462,104457,102664,1560,104,134,0.9827879994639199,136706.949306454,0.43704372620354787,378539,8404,0.057895105754480966
2827,1,99,0.009792,1302.2167163966049,1,1,0,0,0,1,104463,104458,102665,1560,104,134,0.9827881642303974,136706.6892618367,0.4370395743357356,378542,8405,0.057668707684817806
2828,1,99,0.009792,1302.226508396605,1,1,0,0,0,1,104464,104459,102666,1560,104,134,0.9827883289937204,136706.4292211302,0.43703542254880445,378545,8406,0.057442309615154646
2829,1,99,0.005728,1302.232236396605,1,1,0,0,0,1,104465,104460,102667,1560,104,134,0.9827884937538889,136706.59581627918,0.43703123125846494,378547,8406,0.057309874143031424
2830,1,99,0.009792,1302.242028396605,1,1,0,0,0,1,104466,104461,102668,1560,104,134,0.982788658510903,136706.33577937447,0.4370270796336744,378550,8407,0.057083476073368264
2831,1,99,0.005728,1302.2477563966052,1,1,0,0,0,1,104467,104462,102669,1560,104,134,0.982788823264763,136706.50237294898,0.4370228885062418,378552,8407,0.05695104060124504
2832,1,99,0.005728,1302.2534843966052,1,1,0,0,0,1,104468,104463,102670,1560,104,134,0.9827889880154689,136706.66896505796,0.43701869746045197,378554,8407,0.05681860512912182
2833,1,99,0.007391999999999999,1302.2608763966052,1,1,0,0,0,1,104469,104464,102671,1560,104,134,0.9827891527630206,136706.66087474584,0.43701452270341057,378557,8408,0.05664769678241531
2834,1,99,0.005728,1302.2666043966053,1,1,0,0,0,1,104470,104465,102672,1560,104,134,0.9827893175074184,136706.82746447925,0.43701033182074106,378559,8408,0.05651526131029209
2835,1,99,0.005824,1302.2724283966054,1,1,0,0,0,1,104471,104466,102673,1560,104,134,0.9827894822486624,136707.0024044011,0.4370061419547144,378561,8408,0.0563806062492506
2836,1,99,0.005728,1302.2781563966055,1,1,0,0,0,1,104472,104467,102674,1560,104,134,0.9827896469867524,136707.16899115458,0.43700195123530444,378563,8408,0.056248170777127376
2837,1,99,0.005728,1302.2838843966056,1,1,0,0,0,1,104473,104468,102675,1560,104,134,0.9827898117216889,136707.33557644265,0.43699776059752526,378565,8408,0.056115735305004154
2838,1,99,0.015744,1302.2996283966056,1,1,0,0,0,1,104474,104469,102676,1560,104,134,0.9827899764534717,136708.04177314934,0.43699366759094793,378569,8408,0.05575172272240849
2839,1,99,0.009184,1302.3088123966056,1,1,0,0,0,1,104475,104470,102677,1560,104,134,0.982790141182101,136708.0175648699,0.43698951077442305,378572,8409,0.05553938204922768
2840,1,99,0.007296,1302.3161083966056,1,1,0,0,0,1,104476,104471,102678,1560,104,134,0.9827903059075769,136708.32054684276,0.43698533565128556,378574,8409,0.05537069329143945
2841,1,99,0.006111999999999999,1302.3222203966056,1,1,0,0,0,1,104477,104472,102679,1560,104,134,0.9827904706298994,136708.52052710936,0.4369811490783895,378576,8409,0.05522937946364316
2842,1,99,0.005728,1302.3279483966057,1,1,0,0,0,1,104478,104473,102680,1560,104,134,0.9827906353490687,136708.6871008166,0.43697695884726545,378578,8409,0.05509694399151994
2843,1,99,0.012,1302.3399483966057,1,1,0,0,0,1,104479,104474,102681,1560,104,134,0.9827908000650849,136709.23342188713,0.4369728297801393,378581,8409,0.05481949537673666
2844,1,99,0.005728,1302.3456763966058,1,1,0,0,0,1,104480,104475,102682,1560,104,134,0.9827909647779479,136709.39999019145,0.43696863971165095,378583,8409,0.054687059904613436
2845,1,99,0.005728,1302.3514043966059,1,1,0,0,0,1,104481,104476,102683,1560,104,134,0.982791129487658,136709.56655703054,0.43696444972477433,378585,8409,0.05455462443249021
2846,1,99,0.016128,1302.3675323966058,1,1,0,0,0,1,104482,104477,102684,1560,104,134,0.9827912941942153,136710.30609336466,0.43696036110110886,378589,8409,0.054181733494221486
2847,1,99,0.013856,1302.3813883966059,1,1,0,0,0,1,104483,104478,102685,1560,104,134,0.9827914588976198,136709.61946039431,0.43695625043115865,378593,8411,0.05386137282701839
2848,1,99,0.005728,1302.387116396606,1,1,0,0,0,1,104484,104479,102686,1560,104,134,0.9827916235978714,136709.78602170086,0.4369520606873457,378595,8411,0.053728937354895166
2849,1,99,0.006208,1302.393324396606,1,1,0,0,0,1,104485,104480,102687,1560,104,134,0.9827917882949706,136709.99433484505,0.43694787569953397,378597,8411,0.05358540393818061
2850,1,99,0.005728,1302.399052396606,1,1,0,0,0,1,104486,104481,102688,1560,104,134,0.9827919529889172,136710.1608929764,0.43694368611887763,378599,8411,0.05345296846605739
2851,1,99,0.005728,1302.4047803966062,1,1,0,0,0,1,104487,104482,102689,1560,104,134,0.9827921176797113,136710.32744964267,0.43693949661981873,378601,8411,0.05332053299393417
2852,1,99,0.005728,1302.4105083966062,1,1,0,0,0,1,104488,104483,102690,1560,104,134,0.9827922823673532,136710.49400484396,0.43693530720235496,378603,8411,0.053188097521810945
2853,1,99,0.005728,1302.4162363966063,1,1,0,0,0,1,104489,104484,102691,1560,104,134,0.9827924470518428,136710.66055858022,0.4369311178664838,378605,8411,0.05305566204968772
2854,1,99,0.005728,1302.4219643966064,1,1,0,0,0,1,104490,104485,102692,1560,104,134,0.9827926117331802,136710.82711085147,0.436926928612203,378607,8411,0.0529232265775645
2855,1,99,0.005728,1302.4276923966065,1,1,0,0,0,1,104491,104486,102693,1560,104,134,0.9827927764113655,136710.99366165776,0.4369227394395101,378609,8411,0.05279079110544128
2856,1,99,0.005728,1302.4334203966066,1,1,0,0,0,1,104492,104487,102694,1560,104,134,0.9827929410863989,136711.16021099908,0.4369185503484027,378611,8411,0.052658355633318055
2857,1,99,0.005728,1302.4391483966067,1,1,0,0,0,1,104493,104488,102695,1560,104,134,0.9827931057582805,136711.32675887548,0.4369143613388785,378613,8411,0.05252592016119483
2858,1,99,0.009888,1302.4490363966067,1,1,0,0,0,1,104494,104489,102696,1560,104,134,0.9827932704270101,136711.68930542262,0.43691021291884197,378616,8411,0.052297302502613406
2859,1,99,0.01072,1302.4597563966067,1,1,0,0,0,1,104495,104490,102697,1560,104,134,0.9827934350925882,136712.1242138241,0.4369060726810974,378619,8411,0.05204944840674034
2860,1,99,0.017536,1302.4772923966068,1,1,0,0,0,1,104496,104491,102698,1560,104,134,0.9827935997550146,136712.82028445436,0.436901998893337,378624,8411,0.05164400349767038
2861,1,99,0.013312,1302.4906043966068,1,1,0,0,0,1,104497,104492,102699,1560,104,134,0.9827937644142895,136713.31478240635,0.4368978840550072,378628,8411,0.05133622050100413
2862,1,99,0.0104,1302.5010043966067,1,1,0,0,0,1,104498,104493,102700,1560,104,134,0.9827939290704129,136713.7218312489,0.43689374094238015,378631,8411,0.05109576503485862
2863,1,99,0.011519999999999999,1302.5125243966068,1,1,0,0,0,1,104499,104494,102701,1560,104,134,0.9827940937233849,136714.22628545735,0.4368896088158801,378634,8411,0.05082941436466667
2864,1,99,0.010943999999999999,1302.5234683966069,1,1,0,0,0,1,104500,104495,102702,1560,104,134,0.9827942583732058,136714.6806338986,0.436885471161389,378637,8411,0.050576381227984316
2865,1,99,0.009856,1302.5333243966068,1,1,0,0,0,1,104501,104496,102703,1560,104,134,0.9827944230198754,136715.04034838642,0.4368813229938194,378640,8411,0.050348503432375645
2866,1,99,0.010784,1302.5441083966068,1,1,0,0,0,1,104502,104497,102704,1560,104,134,0.982794587663394,136715.48076725684,0.43687718394270425,378643,8411,0.05009916961055707
2867,1,99,0.00784,1302.5519483966068,1,1,0,0,0,1,104503,104498,102705,1560,104,134,0.9827947523037616,136715.8309649064,0.43687301630756786,378645,8411,0.04991790318223199
2868,1,99,0.005728,1302.557676396607,1,1,0,0,0,1,104504,104499,102706,1560,104,134,0.9827949169409783,136715.99747708792,0.43686882819003775,378647,8411,0.04978546771010877
2869,1,99,0.015456,1302.573132396607,1,1,0,0,0,1,104505,104500,102707,1560,104,134,0.9827950815750442,136716.678373631,0.43686473487009925,378651,8411,0.049428113894267905
2870,1,99,0.007391999999999999,1302.580524396607,1,1,0,0,0,1,104506,104501,102708,1560,104,134,0.9827952462059595,136716.6702285019,0.43686056311602356,378654,8412,0.0492572055475614
2871,1,99,0.005728,1302.586252396607,1,1,0,0,0,1,104507,104502,102709,1560,104,134,0.982795410833724,136716.8367333399,0.4368563752420704,378656,8412,0.049124770075438175
2872,1,99,0.005728,1302.5919803966071,1,1,0,0,0,1,104508,104503,102710,1560,104,134,0.9827955754583381,136717.0032367135,0.43685218744966475,378658,8412,0.04899233460331495
2873,1,99,0.006111999999999999,1302.5980923966072,1,1,0,0,0,1,104509,104504,102711,1560,104,134,0.9827957400798017,136717.2031338865,0.4368480034774496,378660,8412,0.048851020775518665
2874,1,99,0.005728,1302.6038203966073,1,1,0,0,0,1,104510,104505,102712,1560,104,134,0.9827959046981151,136717.36963413548,0.4368438158480955,378662,8412,0.04871858530339544
2875,1,99,0.01136,1302.6151803966072,1,1,0,0,0,1,104511,104506,102713,1560,104,134,0.982796069313278,136717.86010184276,0.4368396831326789,378665,8412,0.04845593394806727
2876,1,99,0.017536,1302.6327163966073,1,1,0,0,0,1,104512,104507,102714,1560,104,134,0.9827962339252909,136717.94187132688,0.4368356106258554,378670,8413,0.04805048903899731
2877,1,99,0.005728,1302.6384443966074,1,1,0,0,0,1,104513,104508,102715,1560,104,134,0.9827963985341537,136718.10836390193,0.43683142323946234,378672,8413,0.047918053566874085
2878,1,99,0.005728,1302.6441723966075,1,1,0,0,0,1,104514,104509,102716,1560,104,134,0.9827965631398664,136718.27485501274,0.43682723593460254,378674,8413,0.04778561809475086
2879,1,99,0.009792,1302.6539643966075,1,1,0,0,0,1,104515,104510,102717,1560,104,134,0.9827967277424293,136718.01481254818,0.43682308827629207,378677,8414,0.0475592200250877
2880,1,99,0.00992,1302.6638843966075,1,1,0,0,0,1,104516,104511,102718,1560,104,134,0.9827968923418424,136718.38003131165,0.43681894194487,378680,8414,0.04732986250353352
2881,1,99,0.01872,1302.6826043966075,1,1,0,0,0,1,104517,104512,102719,1560,104,134,0.9827970569381058,136718.71828095458,0.4368148813647954,378685,8415,0.0468970426644716
2882,1,99,0.024383999999999996,1302.7069883966076,1,1,0,0,0,1,104518,104513,102720,1560,104,134,0.9827972215312195,136719.22971658775,0.43681087600396884,378691,8416,0.04633326707923198
2883,1,99,0.01952,1302.7265083966076,1,1,0,0,0,1,104519,104514,102721,1560,104,134,0.9827973861211837,136719.4839837987,0.4368068233695636,378696,8417,0.04588195066585118
2884,1,99,0.005728,1302.7322363966077,1,1,0,0,0,1,104520,104515,102722,1560,104,134,0.9827975507079985,136719.65045760633,0.43680263654876467,378698,8417,0.045749515193727955
2885,1,99,0.005728,1302.7379643966078,1,1,0,0,0,1,104521,104516,102723,1560,104,134,0.9827977152916639,136719.81692995006,0.43679844980948246,378700,8417,0.04561707972160473
2886,1,99,0.007391999999999999,1302.7453563966078,1,1,0,0,0,1,104522,104517,102724,1560,104,134,0.98279787987218,136719.8087680428,0.4367942793504607,378703,8418,0.045446171374898224
2887,1,99,0.007968,1302.7533243966077,1,1,0,0,0,1,104523,104518,102725,1560,104,134,0.982798044449547,136720.17001568267,0.4367901145798393,378705,8418,0.045261945494682126
2888,1,99,0.015456,1302.7687803966078,1,1,0,0,0,1,104524,104519,102726,1560,104,134,0.9827982090237649,136720.85076046683,0.4367860227832414,378709,8418,0.04490459167884126
2889,1,99,0.00752,1302.776300396608,1,1,0,0,0,1,104525,104520,102727,1560,104,134,0.9827983735948338,136721.173040817,0.43678185381300455,378711,8418,0.04473072388024374
2890,1,99,0.017344,1302.793644396608,1,1,0,0,0,1,104526,104521,102728,1560,104,134,0.9827985381627538,136721.23806107184,0.4367777805551143,378716,8419,0.04432971814901031
2891,1,99,0.0057599999999999995,1302.799404396608,1,1,0,0,0,1,104527,104522,102729,1560,104,134,0.9827987027275249,136721.40730099322,0.4367735946138193,378718,8419,0.04419654281391433
2892,1,99,0.007552,1302.806956396608,1,1,0,0,0,1,104528,104523,102730,1560,104,134,0.9827988672891474,136721.73235293585,0.436769426197803,378720,8419,0.04402193515234405
2893,1,99,0.005728,1302.8126843966081,1,1,0,0,0,1,104529,104524,102731,1560,104,134,0.9827990318476212,136721.89880657854,0.4367652401078308,378722,8419,0.04388949968022083
2894,1,99,0.005728,1302.8184123966082,1,1,0,0,0,1,104530,104525,102732,1560,104,134,0.9827991964029466,136722.06525875756,0.4367610540993539,378724,8419,0.04375706420809761
2895,1,99,0.016096,1302.8345083966083,1,1,0,0,0,1,104531,104526,102733,1560,104,134,0.9827993609551233,136722.80159298223,0.43675696909417705,378728,8419,0.043384913132801635
2896,1,99,0.005728,1302.8402363966084,1,1,0,0,0,1,104532,104527,102734,1560,104,134,0.9827995255041518,136722.96803840384,0.43675278324770134,378730,8419,0.04325247766067841
2897,1,99,0.020319999999999998,1302.8605563966084,1,1,0,0,0,1,104533,104528,102735,1560,104,134,0.9827996900500321,136723.2917793348,0.4367487395180475,378735,8420,0.042782664672978726
2898,1,99,0.011807999999999999,1302.8723643966084,1,1,0,0,0,1,104534,104529,102736,1560,104,134,0.9827998545927641,136723.2070215087,0.4367446130139763,378738,8421,0.04250965523603198
2899,1,99,0.00688,1302.8792443966083,1,1,0,0,0,1,104535,104530,102737,1560,104,134,0.982800019132348,136723.47361899822,0.4367404386230972,378740,8421,0.042350584696889564
2900,1,99,0.005728,1302.8849723966084,1,1,0,0,0,1,104536,104531,102738,1560,104,134,0.982800183668784,136723.64005575026,0.43673625310049247,378742,8421,0.04221814922476634
2901,1,99,0.016,1302.9009723966085,1,1,0,0,0,1,104537,104532,102739,1560,104,134,0.982800348202072,136724.36798655943,0.436732167640873,378746,8421,0.041848217738388635
2902,1,99,0.005728,1302.9067003966086,1,1,0,0,0,1,104538,104533,102740,1560,104,134,0.9828005127322123,136724.53441660394,0.4367279822802503,378748,8421,0.04171578226626541
2903,1,99,0.005728,1302.9124283966087,1,1,0,0,0,1,104539,104534,102741,1560,104,134,0.9828006772592047,136724.7008451851,0.43672379700110153,378750,8421,0.04158334679414219
2904,1,99,0.005728,1302.9181563966088,1,1,0,0,0,1,104540,104535,102742,1560,104,134,0.9828008417830496,136724.86727230294,0.43671961180342445,378752,8421,0.04145091132201897
2905,1,99,0.005728,1302.9238843966089,1,1,0,0,0,1,104541,104536,102743,1560,104,134,0.9828010063037469,136725.0336979575,0.43671542668721663,378754,8421,0.041318475849895744
2906,1,99,0.005728,1302.929612396609,1,1,0,0,0,1,104542,104537,102744,1560,104,134,0.9828011708212967,136725.2001221487,0.43671124165247566,378756,8421,0.04118604037777252
2907,1,99,0.005728,1302.935340396609,1,1,0,0,0,1,104543,104538,102745,1560,104,134,0.9828013353356991,136725.36654487666,0.4367070566991991,378758,8421,0.0410536049056493
2908,1,99,0.025631999999999995,1302.9609723966091,1,1,0,0,0,1,104544,104539,102746,1560,104,134,0.9828014998469544,136725.2064905084,0.4367030655478216,378765,8423,0.04046097466447222
2909,1,99,0.0112,1302.972172396609,1,1,0,0,0,1,104545,104540,102747,1560,104,134,0.9828016643550624,136725.6828457986,0.436698934012611,378768,8423,0.04020202262400782
2910,1,99,0.005728,1302.9779003966091,1,1,0,0,0,1,104546,104541,102748,1560,104,134,0.9828018288600233,136725.8492609685,0.43669474930131,378770,8423,0.0400695871518846
2911,1,99,0.005728,1302.9836283966092,1,1,0,0,0,1,104547,104542,102749,1560,104,134,0.9828019933618373,136726.01567467523,0.4366905646714641,378772,8423,0.039937151679761376
2912,1,99,0.015808,1302.9994363966093,1,1,0,0,0,1,104548,104543,102750,1560,104,134,0.9828021578605043,136726.1128620881,0.4366864782252606,378776,8424,0.0395716593712202
2913,1,99,0.015456,1303.0148923966094,1,1,0,0,0,1,104549,104544,102751,1560,104,134,0.9828023223560245,136726.79340780157,0.43668238843284046,378780,8424,0.03921430555537934
2914,1,99,0.005728,1303.0206203966095,1,1,0,0,0,1,104550,104545,102752,1560,104,134,0.9828024868483979,136726.9598126335,0.4366782040454692,378782,8424,0.039081870083256115
2915,1,99,0.005728,1303.0263483966096,1,1,0,0,0,1,104551,104546,102753,1560,104,134,0.9828026513376247,136727.12621600242,0.43667401973954345,378784,8424,0.03894943461113289
2916,1,99,0.005728,1303.0320763966097,1,1,0,0,0,1,104552,104547,102754,1560,104,134,0.982802815823705,136727.2926179084,0.43666983551506094,378786,8424,0.03881699913900967
2917,1,99,0.005728,1303.0378043966098,1,1,0,0,0,1,104553,104548,102755,1560,104,134,0.9828029803066387,136727.45901835136,0.4366656513720192,378788,8424,0.03868456366688645
2918,1,99,0.026847999999999997,1303.0646523966097,1,1,0,0,0,1,104554,104549,102756,1560,104,134,0.9828031447864262,136726.9441867822,0.4366616728458591,378795,8427,0.038063818632744655
2919,1,99,0.0066560000000000005,1303.0713083966098,1,1,0,0,0,1,104555,104550,102757,1560,104,134,0.9828033092630672,136727.1912534296,0.43665749789470654,378797,8427,0.03790992713441153
2920,1,99,0.017696,1303.0890043966097,1,1,0,0,0,1,104556,104551,102758,1560,104,134,0.9828034737365622,136726.9245606901,0.43665343046170246,378802,8429,0.03750078291047778
2921,1,99,0.005728,1303.0947323966097,1,1,0,0,0,1,104557,104552,102759,1560,104,134,0.9828036382069111,136727.09095548143,0.4366492466411787,378804,8429,0.03736834743835456
2922,1,99,0.015231999999999999,1303.1099643966097,1,1,0,0,0,1,104558,104553,102760,1560,104,134,0.9828038026741139,136727.1380527735,0.4366451553894331,378808,8430,0.03701617266332298
2923,1,99,0.015456,1303.1254203966098,1,1,0,0,0,1,104559,104554,102761,1560,104,134,0.9828039671381708,136727.8185286052,0.43664106639712935,378812,8430,0.036658818847482115
2924,1,99,0.015456,1303.1408763966099,1,1,0,0,0,1,104560,104555,102762,1560,104,134,0.9828041315990819,136728.4989882952,0.43663697748440744,378816,8430,0.03630146503164125
2925,1,99,0.015456,1303.15633239661,1,1,0,0,0,1,104561,104556,102763,1560,104,134,0.9828042960568472,136729.17943184412,0.436632888651265,378820,8430,0.035944111215800385
2926,1,99,0.01344,1303.16977239661,1,1,0,0,0,1,104562,104557,102764,1560,104,134,0.9828044605114669,136729.68463066197,0.4366287802799347,378824,8430,0.035633368767243115
2927,1,99,0.015456,1303.18522839661,1,1,0,0,0,1,104563,104558,102765,1560,104,134,0.982804624962941,136730.36504506125,0.4366246916061351,378828,8430,0.03527601495140225
2928,1,99,0.015456,1303.20068439661,1,1,0,0,0,1,104564,104559,102766,1560,104,134,0.9828047894112697,136731.04544332105,0.43662060301190797,378832,8430,0.034918661135561385
2929,1,99,0.005728,1303.2064123966102,1,1,0,0,0,1,104565,104560,102767,1560,104,134,0.982804953856453,136731.21180574043,0.43661641983651367,378834,8430,0.03478622566343816
2930,1,99,0.028447999999999994,1303.2348603966102,1,1,0,0,0,1,104566,104561,102768,1560,104,134,0.9828051182984909,136731.29641864475,0.4366124578230214,378841,8432,0.0341284874806586
2931,1,99,0.024383999999999996,1303.2592443966103,1,1,0,0,0,1,104567,104562,102769,1560,104,134,0.9828052827373837,136731.80740221994,0.4366084563416353,378847,8433,0.03356471189541898
2932,1,99,0.020319999999999998,1303.2795643966103,1,1,0,0,0,1,104568,104563,102770,1560,104,134,0.9828054471731313,136732.74473731438,0.43660441539350764,378852,8433,0.03309489890771929
2933,1,99,0.020319999999999998,1303.2998843966104,1,1,0,0,0,1,104569,104564,102771,1560,104,134,0.982805611605734,136733.68204318048,0.4366003745240198,378857,8433,0.03262508592001961
2934,1,99,0.028447999999999994,1303.3283323966104,1,1,0,0,0,1,104570,104565,102772,1560,104,134,0.9828057760351917,136733.76659609817,0.4365964128208588,378864,8435,0.03196734773724005
2935,1,99,0.020319999999999998,1303.3486523966105,1,1,0,0,0,1,104571,104566,102773,1560,104,134,0.9828059404615046,136734.70385096126,0.43659237210787427,378869,8435,0.03149753474954036
2936,1,99,0.020319999999999998,1303.3689723966106,1,1,0,0,0,1,104572,104567,102774,1560,104,134,0.9828061048846728,136735.64107660006,0.43658833147352266,378874,8435,0.031027721761840665
2937,1,99,0.020319999999999998,1303.3892923966107,1,1,0,0,0,1,104573,104568,102775,1560,104,134,0.9828062693046963,136736.5782730159,0.4365842909178018,378879,8435,0.03055790877414096
2938,1,99,0.020319999999999998,1303.4096123966108,1,1,0,0,0,1,104574,104569,102776,1560,104,134,0.9828064337215752,136737.51544021023,0.4365802504407093,378884,8435,0.030088095786441258
2939,1,99,0.005728,1303.4153403966109,1,1,0,0,0,1,104575,104570,102777,1560,104,134,0.9828065981353096,136737.6817475298,0.4365760680649523,378886,8435,0.029955660314318035
2940,1,99,0.024383999999999996,1303.439724396611,1,1,0,0,0,1,104576,104571,102778,1560,104,134,0.9828067625458996,136738.19254089892,0.4365720672880272,378892,8436,0.02939188472907839
2941,1,99,0.006144,1303.4458683966109,1,1,0,0,0,1,104577,104572,102779,1560,104,134,0.9828069269533454,136738.39498931004,0.43656788912079436,378894,8436,0.02924983103830935
2942,1,99,0.005728,1303.451596396611,1,1,0,0,0,1,104578,104573,102780,1560,104,134,0.9828070913576469,136738.56128813853,0.43656370698738456,378896,8436,0.029117395566186127
2943,1,99,0.005728,1303.457324396611,1,1,0,0,0,1,104579,104574,102781,1560,104,134,0.9828072557588043,136738.72758550543,0.43655952493535427,378898,8436,0.028984960094062904
2944,1,99,0.005728,1303.4630523966111,1,1,0,0,0,1,104580,104575,102782,1560,104,134,0.9828074201568178,136738.8938814108,0.43655534296470105,378900,8436,0.02885252462193968
2945,1,99,0.005728,1303.4687803966112,1,1,0,0,0,1,104581,104576,102783,1560,104,134,0.9828075845516873,136739.06017585457,0.43655116107542263,378902,8436,0.02872008914981646
2946,1,99,0.005728,1303.4745083966113,1,1,0,0,0,1,104582,104577,102784,1560,104,134,0.9828077489434128,136739.22646883683,0.4365469792675166,378904,8436,0.028587653677693236
2947,1,99,0.0066879999999999995,1303.4811963966113,1,1,0,0,0,1,104583,104578,102785,1560,104,134,0.9828079133319947,136739.47617558695,0.43654280688086483,378906,8436,0.02843302231638735
2948,1,99,0.008,1303.4891963966113,1,1,0,0,0,1,104584,104579,102786,1560,104,134,0.9828080777174328,136739.83987955312,0.4365386473397832,378908,8436,0.02824805657319849
2949,1,99,0.022047999999999998,1303.5112443966113,1,1,0,0,0,1,104585,104580,102787,1560,104,134,0.9828082420997275,136740.1476329477,0.43653462455061653,378914,8437,0.027738290984969993
2950,1,99,0.007264,1303.5185083966114,1,1,0,0,0,1,104586,104581,102788,1560,104,134,0.9828084064788786,136740.44737519536,0.4365304580097043,378916,8437,0.02757034209015451
2951,1,99,0.015456,1303.5339643966115,1,1,0,0,0,1,104587,104582,102789,1560,104,134,0.9828085708548864,136741.12747994871,0.4365263712471057,378920,8437,0.027212988274313635
2952,1,99,0.005728,1303.5396923966116,1,1,0,0,0,1,104588,104583,102790,1560,104,134,0.9828087352277508,136741.2937555313,0.43652218992446745,378922,8437,0.027080552802190412
2953,1,99,0.015456,1303.5551483966117,1,1,0,0,0,1,104589,104584,102791,1560,104,134,0.982808899597472,136741.97383919696,0.4365181033218207,378926,8437,0.026723198986349537
2954,1,99,0.005728,1303.5608763966118,1,1,0,0,0,1,104590,104585,102792,1560,104,134,0.9828090639640501,136742.14010835844,0.436513922160971,378928,8437,0.026590763514226314
2955,1,99,0.01072,1303.5715963966118,1,1,0,0,0,1,104591,104586,102793,1560,104,134,0.9828092283274852,136742.57439540458,0.4365097896450906,378931,8437,0.026342909418353242
2956,1,99,0.009536,1303.5811323966118,1,1,0,0,0,1,104592,104587,102794,1560,104,134,0.9828093926877772,136742.9058076963,0.43650564569143196,378934,8437,0.02612243025247212
2957,1,99,0.010655999999999999,1303.5917883966117,1,1,0,0,0,1,104593,104588,102795,1560,104,134,0.9828095570449266,136743.33452134786,0.4365015127138705,378937,8437,0.02587605588254456
2958,1,99,0.015456,1303.6072443966118,1,1,0,0,0,1,104594,104589,102796,1560,104,134,0.982809721398933,136743.08789416798,0.43649742651114426,378942,8439,0.025518702066703685
2959,1,99,0.007744,1303.6149883966118,1,1,0,0,0,1,104595,104590,102797,1560,104,134,0.9828098857497969,136743.42929982173,0.43649326536627386,378944,8439,0.02533965522729687
2960,1,99,0.005728,1303.620716396612,1,1,0,0,0,1,104596,104591,102798,1560,104,134,0.9828100500975181,136743.59555495577,0.43648908469108455,378946,8439,0.02520721975517365
2961,1,99,0.009792,1303.630508396612,1,1,0,0,0,1,104597,104592,102799,1560,104,134,0.9828102144420968,136743.33551709575,0.4364849436306907,378949,8440,0.024980821685510485
2962,1,99,0.010112,1303.640620396612,1,1,0,0,0,1,104598,104593,102800,1560,104,134,0.9828103787835332,136743.1032839143,0.4364808057637027,378952,8441,0.02474702498611977
2963,1,99,0.015456,1303.656076396612,1,1,0,0,0,1,104599,104594,102801,1560,104,134,0.9828105431218271,136743.78329347484,0.43647671996114723,378956,8441,0.024389671170278893
2964,1,99,0.012736,1303.6688123966119,1,1,0,0,0,1,104600,104595,102802,1560,104,134,0.982810707456979,136743.95084459972,0.43647260777945135,378960,8442,0.024095205707122227
2965,1,99,0.015168,1303.6839803966118,1,1,0,0,0,1,104601,104596,102803,1560,104,134,0.9828108717889886,136743.9921642404,0.43646851933465386,378964,8443,0.02374451065803615
2966,1,99,0.005728,1303.6897083966119,1,1,0,0,0,1,104602,104597,102804,1560,104,134,0.9828110361178563,136744.15840810307,0.43646433914417415,378966,8443,0.023612075185912927
2967,1,99,0.005728,1303.695436396612,1,1,0,0,0,1,104603,104598,102805,1560,104,134,0.982811200443582,136744.32465050492,0.43646015903501717,378968,8443,0.023479639713789704
2968,1,99,0.005728,1303.701164396612,1,1,0,0,0,1,104604,104599,102806,1560,104,134,0.9828113647661657,136744.49089144595,0.43645597900718053,378970,8443,0.023347204241666482
2969,1,99,0.006496,1303.707660396612,1,1,0,0,0,1,104605,104600,102807,1560,104,134,0.9828115290856078,136744.7238484166,0.4364518065309703,378972,8443,0.023197012058197127
2970,1,99,0.009248,1303.716908396612,1,1,0,0,0,1,104606,104601,102808,1560,104,134,0.9828116934019081,136745.0301916045,0.4364476609042753,378975,8443,0.022983191659070805
2971,1,99,0.00752,1303.7244283966122,1,1,0,0,0,1,104607,104602,102809,1560,104,134,0.9828118577150669,136745.3520981085,0.43644349855036035,378977,8443,0.02280932386047328
2972,1,99,0.0066879999999999995,1303.7311163966122,1,1,0,0,0,1,104608,104603,102810,1560,104,134,0.9828120220250841,136745.60172556704,0.43643932818481923,378979,8443,0.022654692499167392
2973,1,99,0.015456,1303.7465723966122,1,1,0,0,0,1,104609,104604,102811,1560,104,134,0.98281218633196,136746.28165830742,0.4364352431831081,378983,8443,0.022297338683326517
2974,1,99,0.008128,1303.7547003966122,1,1,0,0,0,1,104610,104605,102812,1560,104,134,0.9828123506356945,136746.6563654686,0.4364310869851359,378985,8443,0.022109413488246635
2975,1,99,0.010239999999999999,1303.7649403966122,1,1,0,0,0,1,104611,104606,102813,1560,104,134,0.9828125149362877,136747.04885511374,0.43642695141016263,378988,8443,0.021872657336964897
2976,1,99,0.0104,1303.7753403966121,1,1,0,0,0,1,104612,104607,102814,1560,104,134,0.9828126792337399,136747.45523700755,0.4364228174718454,378991,8443,0.02163220187081938
2977,1,99,0.01168,1303.7870203966122,1,1,0,0,0,1,104613,104608,102815,1560,104,134,0.982812843528051,136747.97279832108,0.43641869606348854,378994,8443,0.021362151885763646
2978,1,99,0.00944,1303.7964603966122,1,1,0,0,0,1,104614,104609,102816,1560,104,134,0.9828130078192211,136748.29577752034,0.43641455294880993,378997,8443,0.02114389230880079
2979,1,99,0.015456,1303.8119163966123,1,1,0,0,0,1,104615,104610,102817,1560,104,134,0.9828131721072504,136748.9756442475,0.43641046842644804,379001,8443,0.020786538492959916
2980,1,99,0.010336,1303.8222523966124,1,1,0,0,0,1,104616,104611,102818,1560,104,134,0.9828133363921389,136748.76285649076,0.4364063341868094,379004,8444,0.020547562752759912
2981,1,99,0.005728,1303.8279803966125,1,1,0,0,0,1,104617,104612,102819,1560,104,134,0.9828135006738866,136748.92906176447,0.4364021552109691,379006,8444,0.02041512728063669
2982,1,99,0.007744,1303.8357243966125,1,1,0,0,0,1,104618,104613,102820,1560,104,134,0.9828136649524938,136749.2703749261,0.4363979959234964,379008,8444,0.020236080441229876
2983,1,99,0.005728,1303.8414523966126,1,1,0,0,0,1,104619,104614,102821,1560,104,134,0.9828138292279605,136749.43657625286,0.4363938171100374,379010,8444,0.020103644969106653
2984,1,99,0.005728,1303.8471803966127,1,1,0,0,0,1,104620,104615,102822,1560,104,134,0.9828139935002868,136749.60277611934,0.43638963837786093,379012,8444,0.01997120949698343
2985,1,99,0.005728,1303.8529083966127,1,1,0,0,0,1,104621,104616,102823,1560,104,134,0.9828141577694727,136749.76897452553,0.4363854597269646,379014,8444,0.019838774024860208
2986,1,99,0.010752000000000001,1303.8636603966127,1,1,0,0,0,1,104622,104617,102824,1560,104,134,0.9828143220355183,136749.9543209627,0.43638133001753426,379018,8445,0.01959018006601438
2987,1,99,0.0069440000000000005,1303.8706043966126,1,1,0,0,0,1,104623,104618,102825,1560,104,134,0.9828144862984238,136750.22613345392,0.43637716335463367,379020,8445,0.01942962980092645
2988,1,99,0.006208,1303.8768123966126,1,1,0,0,0,1,104624,104619,102826,1560,104,134,0.9828146505581893,136750.4340170466,0.4363729896150533,379022,8445,0.019286096384211898
2989,1,99,0.00624,1303.8830523966126,1,1,0,0,0,1,104625,104620,102827,1560,104,134,0.9828148148148148,136750.64467803435,0.4363688162678551,379024,8445,0.01914182310452459
2990,1,99,0.01952,1303.9025723966126,1,1,0,0,0,1,104626,104621,102828,1560,104,134,0.9828149790683004,136750.89824561132,0.4363647721495313,379029,8446,0.018690506691143773
2991,1,99,0.010752,1303.9133243966126,1,1,0,0,0,1,104627,104622,102829,1560,104,134,0.9828151433186463,136751.33512613963,0.43636064284209,379032,8446,0.018441912732297946
2992,1,99,0.005728,1303.9190523966126,1,1,0,0,0,1,104628,104623,102830,1560,104,134,0.9828153075658523,136751.50130850502,0.4363564647576245,379034,8446,0.018309477260174723
2993,1,99,0.007552,1303.9266043966127,1,1,0,0,0,1,104629,104624,102831,1560,104,134,0.9828154718099189,136751.8259070374,0.4363523044922619,379036,8446,0.01813486959860444
2994,1,99,0.005728,1303.9323323966128,1,1,0,0,0,1,104630,104625,102832,1560,104,134,0.9828156360508459,136751.99208555435,0.436348126570144,379038,8446,0.01800243412648122
2995,1,99,0.005728,1303.9380603966129,1,1,0,0,0,1,104631,104626,102833,1560,104,134,0.9828158002886334,136752.15826261128,0.4363439487292825,379040,8446,0.017869998654357996
2996,1,99,0.00912,1303.9471803966128,1,1,0,0,0,1,104632,104627,102834,1560,104,134,0.9828159645232816,136752.45338217015,0.4363398039548746,379043,8446,0.017659137707122696
2997,1,99,0.0066560000000000005,1303.9538363966128,1,1,0,0,0,1,104633,104628,102835,1560,104,134,0.9828161287547905,136752.7001513895,0.43633563530036307,379045,8446,0.017505246208789564
2998,1,99,0.015456,1303.969292396613,1,1,0,0,0,1,104634,104629,102836,1560,104,134,0.9828162929831603,136753.37988385838,0.436331552300071,379049,8446,0.01714789239294869
2999,1,99,0.015744,1303.985036396613,1,1,0,0,0,1,104635,104630,102837,1560,104,134,0.9828164572083911,136753.52018821923,0.43632747217973455,379053,8447,0.016783879810353012
3000,1,99,0.020319999999999998,1304.005356396613,1,1,0,0,0,1,104636,104631,102838,1560,104,134,0.9828166214304828,136754.45666326035,0.4363234366359188,379058,8447,0.01631406682265331
3001,1,99,0.015456,1304.020812396613,1,1,0,0,0,1,104637,104632,102839,1560,104,134,0.9828167856494356,136755.1363480548,0.43631935387335435,379062,8447,0.015956713006812433
3002,1,99,0.005728,1304.0265403966132,1,1,0,0,0,1,104638,104633,102840,1560,104,134,0.9828169498652497,136755.30250002508,0.4363151765966467,379064,8447,0.01582427753468921
3003,1,99,0.005728,1304.0322683966133,1,1,0,0,0,1,104639,104634,102841,1560,104,134,0.982817114077925,136755.4686505357,0.4363109994011767,379066,8447,0.015691842062565988
3004,1,99,0.005728,1304.0379963966134,1,1,0,0,0,1,104640,104635,102842,1560,104,134,0.9828172782874618,136755.6347995867,0.4363068222869418,379068,8447,0.015559406590442767
3005,1,99,0.005728,1304.0437243966135,1,1,0,0,0,1,104641,104636,102843,1560,104,134,0.9828174424938599,136755.80094717807,0.4363026452539398,379070,8447,0.015426971118319546
3006,1,99,0.011328,1304.0550523966135,1,1,0,0,0,1,104642,104637,102844,1560,104,134,0.9828176066971197,136756.28775966784,0.4362985227535704,379073,8447,0.015165059625964126
3007,1,99,0.005728,1304.0607803966136,1,1,0,0,0,1,104643,104638,102845,1560,104,134,0.9828177708972411,136756.45390221805,0.4362943458824975,379075,8447,0.015032624153840905
3008,1,99,0.005728,1304.0665083966137,1,1,0,0,0,1,104644,104639,102846,1560,104,134,0.9828179350942242,136756.62004330874,0.43629016909265034,379077,8447,0.014900188681717684
3009,1,99,0.005728,1304.0722363966138,1,1,0,0,0,1,104645,104640,102847,1560,104,134,0.9828180992880692,136756.78618293992,0.4362859923840265,379079,8447,0.014767753209594463
3010,1,99,0.009248,1304.0814843966139,1,1,0,0,0,1,104646,104641,102848,1560,104,134,0.9828182634787761,136757.09235494386,0.43628184998188824,379082,8447,0.014553932810468144
3011,1,99,0.005728,1304.087212396614,1,1,0,0,0,1,104647,104642,102849,1560,104,134,0.982818427666345,136757.25849059256,0.43627767343537127,379084,8447,0.014421497338344923
3012,1,99,0.012064,1304.099276396614,1,1,0,0,0,1,104648,104643,102850,1560,104,134,0.9828185918507759,136757.19573496658,0.43627355857434874,379087,8448,0.014142568997616128
3013,1,99,0.009663999999999999,1304.108940396614,1,1,0,0,0,1,104649,104644,102851,1560,104,134,0.9828187560320691,136757.53802114114,0.43626942045861516,379090,8448,0.01391913037984399
3014,1,99,0.009792,1304.118732396614,1,1,0,0,0,1,104650,104645,102852,1560,104,134,0.9828189202102245,136757.27797594442,0.43626528366785566,379093,8449,0.01369273231018083
3015,1,99,0.014816000000000001,1304.133548396614,1,1,0,0,0,1,104651,104646,102853,1560,104,134,0.9828190843852423,136756.8591570043,0.4362611958039489,379097,8451,0.013350175753795065
3016,1,99,0.015456,1304.1490043966141,1,1,0,0,0,1,104652,104647,102854,1560,104,134,0.9828192485571227,136757.53874651584,0.43625711424194313,379101,8451,0.012992821937954195
3017,1,99,0.007936,1304.1569403966141,1,1,0,0,0,1,104653,104648,102855,1560,104,134,0.9828194127258655,136757.89659621785,0.4362529596466685,379103,8451,0.01280933592071085
3018,1,99,0.005728,1304.1626683966142,1,1,0,0,0,1,104654,104649,102856,1560,104,134,0.9828195768914709,136758.06271872198,0.43624878366527325,379105,8451,0.012676900448587628
3019,1,99,0.010272,1304.1729403966142,1,1,0,0,0,1,104655,104650,102857,1560,104,134,0.9828197410539391,136758.45777459518,0.43624465194291695,379108,8451,0.012439404434333137
3020,1,99,0.015456,1304.1883963966143,1,1,0,0,0,1,104656,104651,102858,1560,104,134,0.9828199052132701,136759.13732463494,0.43624057070047906,379112,8451,0.012082050618492267
3021,1,99,0.007456,1304.1958523966143,1,1,0,0,0,1,104657,104652,102859,1560,104,134,0.9828200693694641,136759.4534764394,0.43623641176102373,379114,8451,0.011909662545840251
3022,1,99,0.007264,1304.2031163966144,1,1,0,0,0,1,104658,104653,102860,1560,104,134,0.982820233522521,136759.7529538176,0.4362322510358196,379116,8451,0.01174171365102477
3023,1,99,0.011008,1304.2141243966144,1,1,0,0,0,1,104659,104654,102861,1560,104,134,0.982820397672441,136759.93585985657,0.4362281267901505,379120,8452,0.011487200788396903
3024,1,99,0.007904,1304.2220283966144,1,1,0,0,0,1,104660,104655,102862,1560,104,134,0.9828205618192242,136760.2908986896,0.43622397244831845,379122,8452,0.011304454634126312
3025,1,99,0.020319999999999998,1304.2423483966145,1,1,0,0,0,1,104661,104656,102863,1560,104,134,0.9828207259628706,136761.22709807803,0.4362199388914983,379127,8452,0.010834641646426618
3026,1,99,0.020319999999999998,1304.2626683966146,1,1,0,0,0,1,104662,104657,102864,1560,104,134,0.9828208901033804,136762.1632682951,0.43621590541310323,379132,8452,0.010364828658726923
3027,1,99,0.021887999999999998,1304.2845563966146,1,1,0,0,0,1,104663,104658,102865,1560,104,134,0.9828210542407536,136762.45657067953,0.4362118872564109,379138,8453,0.009858762385362213
3028,1,99,0.018304,1304.3028603966145,1,1,0,0,0,1,104664,104659,102866,1560,104,134,0.9828212183749905,136763.21766691344,0.43620783433639854,379143,8453,0.009435560764946109
3029,1,99,0.017856,1304.3207163966144,1,1,0,0,0,1,104665,104660,102867,1560,104,134,0.9828213825060909,136763.93984817876,0.43620377714004716,379148,8453,0.009022717226148582
3030,1,99,0.020319999999999998,1304.3410363966145,1,1,0,0,0,1,104666,104661,102868,1560,104,134,0.982821546634055,136764.87591988716,0.43619974397560457,379153,8453,0.008552904238448887
3031,1,99,0.013152,1304.3541883966145,1,1,0,0,0,1,104667,104662,102869,1560,104,134,0.9828217107588829,136764.74195961037,0.4361956412087194,379157,8454,0.008248820556646408
3032,1,99,0.007808,1304.3619963966146,1,1,0,0,0,1,104668,104663,102870,1560,104,134,0.9828218748805748,136765.0885971972,0.43619148657253837,379159,8454,0.008068293991294084
3033,1,99,0.017888,1304.3798843966147,1,1,0,0,0,1,104669,104664,102871,1560,104,134,0.9828220389991306,136765.8134980535,0.43618743000393007,379164,8454,0.0076547105895238
3034,1,99,0.009344,1304.3892283966147,1,1,0,0,0,1,104670,104665,102872,1560,104,134,0.9828222031145505,136766.1278675912,0.43618329045951815,379167,8454,0.007438670601479214
3035,1,99,0.009344,1304.3985723966148,1,1,0,0,0,1,104671,104666,102873,1560,104,134,0.9828223672268346,136766.4422326249,0.43617915099558496,379170,8454,0.0072226306134346285
3036,1,99,0.009344,1304.4079163966148,1,1,0,0,0,1,104672,104667,102874,1560,104,134,0.9828225313359829,136766.75659315477,0.4361750116121282,379173,8454,0.007006590625390043
3037,1,99,0.0060479999999999996,1304.4139643966148,1,1,0,0,0,1,104673,104668,102875,1560,104,134,0.9828226954419955,136766.95042322946,0.43617084027026326,379175,8454,0.0068667565235392665
3038,1,99,0.010976,1304.4249403966148,1,1,0,0,0,1,104674,104669,102876,1560,104,134,0.9828228595448727,136767.40644483233,0.43616671691182196,379178,8454,0.006612983523884153
3039,1,99,0.005728,1304.430668396615,1,1,0,0,0,1,104675,104670,102877,1560,104,134,0.9828230236446143,136767.57249144648,0.4361625426211676,379180,8454,0.0064805480517609315
3040,1,99,0.005728,1304.436396396615,1,1,0,0,0,1,104676,104671,102878,1560,104,134,0.9828231877412206,136767.73853660232,0.4361583684116635,379182,8454,0.00634811257963771
3041,1,99,0.00688,1304.443276396615,1,1,0,0,0,1,104677,104672,102879,1560,104,134,0.9828233518346915,136768.00457956883,0.4361542054809279,379184,8454,0.006189042040495292
3042,1,99,0.005728,1304.449004396615,1,1,0,0,0,1,104678,104673,102880,1560,104,134,0.9828235159250273,136768.17062122247,0.4361500314336085,379186,8454,0.00605660656837207
3043,1,99,0.005728,1304.454732396615,1,1,0,0,0,1,104679,104674,102881,1560,104,134,0.9828236800122279,136768.33666141785,0.4361458574674323,379188,8454,0.005924171096248848
3044,1,99,0.005728,1304.4604603966152,1,1,0,0,0,1,104680,104675,102882,1560,104,134,0.9828238440962934,136768.50270015508,0.43614168358239697,379190,8454,0.005791735624125626
3045,1,99,0.005728,1304.4661883966153,1,1,0,0,0,1,104681,104676,102883,1560,104,134,0.9828240081772242,136768.6687374341,0.4361375097785001,379192,8454,0.0056593001520024045
3046,1,99,0.015168000000000001,1304.4813563966152,1,1,0,0,0,1,104682,104677,102884,1560,104,134,0.98282417225502,136768.20072985056,0.43613342780955916,379196,8456,0.005308605102916331
3047,1,99,0.009984,1304.4913403966152,1,1,0,0,0,1,104683,104678,102885,1560,104,134,0.982824336329681,136768.57061063778,0.4361292955336147,379199,8456,0.005077767855416636
3048,1,99,0.015904,1304.5072443966153,1,1,0,0,0,1,104684,104679,102886,1560,104,134,0.9828245004012074,136768.06224447128,0.43612522087741007,379203,8458,0.004710055957957187
3049,1,99,0.010048,1304.5172923966154,1,1,0,0,0,1,104685,104680,102887,1560,104,134,0.9828246644695993,136768.437674152,0.43612108938360017,379206,8458,0.004477738984511982
3050,1,99,0.014208,1304.5315003966155,1,1,0,0,0,1,104686,104681,102888,1560,104,134,0.9828248285348566,136768.39535553992,0.4361169984024156,379210,8459,0.0041492398246085705
3051,1,99,0.01952,1304.5510203966155,1,1,0,0,0,1,104687,104682,102889,1560,104,134,0.9828249925969795,136768.64853147365,0.4361129591292072,379215,8460,0.0036979234112277572
3052,1,99,0.015456,1304.5664763966156,1,1,0,0,0,1,104688,104683,102890,1560,104,134,0.9828251566559683,136769.32776383497,0.43610888043602164,379219,8460,0.0033405695953868837
3053,1,99,0.015456,1304.5819323966157,1,1,0,0,0,1,104689,104684,102891,1560,104,134,0.9828253207118226,136770.00698010193,0.43610480182211786,379223,8460,0.00298321577954601
3054,1,99,0.015104,1304.5970363966157,1,1,0,0,0,1,104690,104685,102892,1560,104,134,0.9828254847645429,136770.0424131232,0.43610071986643073,379227,8461,0.0026340004564054465
3055,1,99,0.009728,1304.6067643966157,1,1,0,0,0,1,104691,104686,102893,1560,104,134,0.9828256488141291,136770.3900282359,0.436096585741635,379230,8461,0.002409082112687795
3056,1,99,0.01328,1304.6200443966156,1,1,0,0,0,1,104692,104687,102894,1560,104,134,0.9828258128605815,136770.88035430684,0.43609248621815966,379234,8461,0.002102038978994291
3057,1,99,0.006912,1304.6269563966157,1,1,0,0,0,1,104693,104688,102895,1560,104,134,0.9828259769039,136771.14912054173,0.43608832488603505,379236,8461,0.0019422285768791179
3058,1,99,0.005728,1304.6326843966158,1,1,0,0,0,1,104694,104689,102896,1560,104,134,0.9828261409440847,136771.3151250121,0.43608415212803064,379238,8461,0.0018097931047558957
3059,1,99,0.009472,1304.6421563966157,1,1,0,0,0,1,104695,104690,102897,1560,104,134,0.9828263049811357,136771.64050320187,0.43608001583703215,379241,8461,0.001590793664820288
3060,1,99,0.006624,1304.6487803966158,1,1,0,0,0,1,104696,104691,102898,1560,104,134,0.9828264690150531,136771.88426585897,0.4360758519485351,379243,8461,0.001437642029459914
3061,1,99,0.014432,1304.6632123966158,1,1,0,0,0,1,104697,104692,102899,1560,104,134,0.9828266330458371,136771.86135432636,0.4360717640212016,379247,8462,0.0011039638287472144
3062,1,99,0.005728,1304.6689403966159,1,1,0,0,0,1,104698,104693,102900,1560,104,134,0.9828267970734875,136772.0273510566,0.43606759158634484,379249,8462,0.0009715283566239922
3063,1,99,0.015456,1304.684396396616,1,1,0,0,0,1,104699,104694,102901,1560,104,134,0.9828269610980047,136772.70648200024,0.4360635137700523,379253,8462,0.0006141745407831192
3064,1,99,0.010016,1304.694412396616,1,1,0,0,0,1,104700,104695,102902,1560,104,134,0.9828271251193887,136773.07904784192,0.4360593831671825,379256,8462,0.00038259743031066946
3065,1,99,0.014591999999999999,1304.709004396616,1,1,0,0,0,1,104701,104696,102903,1560,104,134,0.9828272891376396,136773.07000922147,0.4360552971136573,379260,8463,4.5219914734193e-05
3066,0,100,0.0019558179349144274,1304.7109602145508,1,0,0,1,0,1,104702,104697,102903,1560,105,134,0.9828179022368245,136772.86498049748,0.4360552971136573,379260,8463,0.0
