round,alive_nodes,dead_nodes,round_airtime_s,elapsed_channel_time_s,generated_round,delivered_round,channel_drops_round,energy_drops_round,route_drops_round,fallback_direct_round,generated_total,attempted_total,delivered_total,channel_drops_total,energy_drops_total,route_drops_total,pdr,goodput_bps,average_delay_s,frame_attempts,retransmissions,residual_energy_j
1,100,0,0.7217279999999998,0.7217279999999998,100,100,0,0,0,0,100,100,100,0,0,0,1.0,138556.35364015255,0.3585729945911731,252,0,49.96014364995724
2,100,0,0.7217279999999999,1.4434559999999999,100,100,0,0,0,0,200,200,200,0,0,0,1.0,138556.35364015255,0.3564536313782506,504,0,49.92259548878291
3,100,0,0.7217279999999998,2.1651839999999996,100,100,0,0,0,0,300,300,300,0,0,0,1.0,138556.35364015255,0.3562436039206309,756,0,49.884673754506764
4,100,0,0.7217279999999998,2.8869119999999993,100,100,0,0,0,0,400,400,400,0,0,0,1.0,138556.35364015255,0.35507891082190385,1008,0,49.84516651154979
5,100,0,0.7217279999999998,3.608639999999999,100,100,0,0,0,0,500,500,500,0,0,0,1.0,138556.35364015255,0.3546779508994586,1260,0,49.80631773911038
6,100,0,0.7217279999999997,4.330367999999998,100,100,0,0,0,0,600,600,600,0,0,0,1.0,138556.35364015258,0.3546588572267409,1512,0,49.76861971127772
7,100,0,0.7217279999999997,5.052095999999998,100,100,0,0,0,0,700,700,700,0,0,0,1.0,138556.35364015258,0.35485797321363866,1764,0,49.73087336993529
8,100,0,0.7217279999999996,5.773823999999998,100,100,0,0,0,0,800,800,800,0,0,0,1.0,138556.35364015258,0.3551934703057823,2016,0,49.69252317147309
9,100,0,0.7217279999999996,6.495551999999997,100,100,0,0,0,0,900,900,900,0,0,0,1.0,138556.35364015258,0.35561988809110434,2268,0,49.65395838886316
10,100,0,0.7217279999999996,7.217279999999997,100,100,0,0,0,0,1000,1000,1000,0,0,0,1.0,138556.35364015258,0.35610995022140396,2520,0,49.61593615203843
11,100,0,0.7217279999999996,7.939007999999997,100,100,0,0,0,0,1100,1100,1100,0,0,0,1.0,138556.35364015258,0.3566462993127545,2772,0,49.57790068439793
12,100,0,0.7217279999999996,8.660735999999996,100,100,0,0,0,0,1200,1200,1200,0,0,0,1.0,138556.35364015258,0.35721736347387667,3024,0,49.53985395110133
13,100,0,0.7217279999999996,9.382463999999995,100,100,0,0,0,0,1300,1300,1300,0,0,0,1.0,138556.3536401526,0.3578151316000142,3276,0,49.502333470676
14,100,0,0.7217279999999996,10.104191999999994,100,100,0,0,0,0,1400,1400,1400,0,0,0,1.0,138556.3536401526,0.35802473857086875,3528,0,49.46399359691052
15,100,0,0.7217279999999996,10.825919999999993,100,100,0,0,0,0,1500,1500,1500,0,0,0,1.0,138556.3536401526,0.3583056833557484,3780,0,49.42569552837735
16,100,0,0.7257919999999995,11.551711999999993,100,100,0,0,0,0,1600,1600,1600,0,0,0,1.0,138507.60822291978,0.35886810991614465,4033,1,49.387371144435896
17,100,0,0.7217279999999995,12.273439999999992,100,100,0,0,0,0,1700,1700,1700,0,0,0,1.0,138510.4746509537,0.3592416016351453,4285,1,49.34962451126395
18,100,0,0.7233919999999995,12.99683199999999,100,100,0,0,0,0,1800,1800,1800,0,0,0,1.0,138495.28869804592,0.35973121207802944,4538,2,49.311340834321065
19,100,0,0.7217279999999995,13.71855999999999,100,100,0,0,0,0,1900,1900,1900,0,0,0,1.0,138498.50130042815,0.36017672875697027,4790,2,49.273176550611915
20,100,0,0.7217279999999995,14.440287999999988,100,100,0,0,0,0,2000,2000,2000,0,0,0,1.0,138501.3927700058,0.36065215786375054,5042,2,49.23535034570163
21,100,0,0.7217279999999995,15.162015999999987,100,100,0,0,0,0,2100,2100,2100,0,0,0,1.0,138504.00896556248,0.3611532260697251,5294,2,49.19713649624762
22,100,0,0.7217279999999996,15.883743999999986,100,100,0,0,0,0,2200,2200,2200,0,0,0,1.0,138506.3874109279,0.36141607349623617,5546,2,49.159407739879335
23,100,0,0.7217279999999997,16.605471999999985,100,100,0,0,0,0,2300,2300,2300,0,0,0,1.0,138508.55910629954,0.3614717724806669,5798,2,49.120813257424274
24,100,0,0.7217279999999997,17.327199999999984,100,100,0,0,0,0,2400,2400,2400,0,0,0,1.0,138510.54988688318,0.3615848831720575,6050,2,49.08307447599167
25,100,0,0.7217279999999996,18.048927999999982,100,100,0,0,0,0,2500,2500,2500,0,0,0,1.0,138512.3814555636,0.3617485161972197,6302,2,49.045171848996844
26,100,0,0.7217279999999996,18.77065599999998,100,100,0,0,0,0,2600,2600,2600,0,0,0,1.0,138514.07217733905,0.3619568420811148,6554,2,49.00729357376336
27,100,0,0.7217279999999996,19.49238399999998,100,100,0,0,0,0,2700,2700,2700,0,0,0,1.0,138515.63769726694,0.3622048949323003,6806,2,48.96945370583404
28,100,0,0.7257919999999995,20.21817599999998,100,100,0,0,0,0,2800,2800,2800,0,0,0,1.0,138489.2484861148,0.36263356117498485,7059,3,48.93129846658683
29,100,0,0.7217279999999996,20.939903999999977,100,100,0,0,0,0,2900,2900,2900,0,0,0,1.0,138491.5613748756,0.36294388077121603,7311,3,48.89304955220197
30,100,0,0.7217279999999995,21.661631999999976,100,100,0,0,0,0,3000,3000,3000,0,0,0,1.0,138493.7201407541,0.36328315505372694,7563,3,48.855224525460116
31,100,0,0.7217279999999995,22.383359999999975,100,100,0,0,0,0,3100,3100,3100,0,0,0,1.0,138495.73969234305,0.36364858198744854,7815,3,48.81707441939711
32,100,0,0.7217279999999994,23.105087999999974,100,100,0,0,0,0,3200,3200,3200,0,0,0,1.0,138497.6330754509,0.36403770973108573,8067,3,48.77875933901824
33,100,0,0.7233919999999995,23.828479999999974,100,100,0,0,0,0,3300,3300,3300,0,0,0,1.0,138489.7400085949,0.36428338002720245,8320,4,48.74092794642588
34,100,0,0.7217279999999995,24.550207999999973,100,100,0,0,0,0,3400,3400,3400,0,0,0,1.0,138491.6983188087,0.3645500814950544,8572,4,48.70264432924868
35,100,0,0.7217279999999994,25.27193599999997,100,100,0,0,0,0,3500,3500,3500,0,0,0,1.0,138493.54477630855,0.36484409372437177,8824,4,48.664607951574204
36,100,0,0.7217279999999994,25.99366399999997,100,100,0,0,0,0,3600,3600,3600,0,0,0,1.0,138495.28869804594,0.3651631408146983,9076,4,48.62683719511253
37,100,0,0.7217279999999993,26.71539199999997,100,100,0,0,0,0,3700,3700,3700,0,0,0,1.0,138496.93839416633,0.3655051929257992,9328,4,48.588814585860455
38,100,0,0.7217279999999993,27.437119999999968,100,100,0,0,0,0,3800,3800,3800,0,0,0,1.0,138498.5013004282,0.3658684338981658,9580,4,48.55051248375554
39,100,0,0.7217279999999994,28.158847999999967,100,100,0,0,0,0,3900,3900,3900,0,0,0,1.0,138499.9840902584,0.36610436198793656,9832,4,48.51263789084766
40,100,0,0.7217279999999995,28.880575999999966,100,100,0,0,0,0,4000,4000,4000,0,0,0,1.0,138501.39277000586,0.36622252565995345,10084,4,48.47487772971433
41,100,0,0.7217279999999995,29.602303999999965,100,100,0,0,0,0,4100,4100,4100,0,0,0,1.0,138502.732760261,0.366371249188804,10336,4,48.43676487308754
42,100,0,0.7217279999999996,30.324031999999963,100,100,0,0,0,0,4200,4200,4200,0,0,0,1.0,138504.00896556253,0.3664119687469394,10588,4,48.39819086236753
43,100,0,0.7217279999999996,31.045759999999962,100,100,0,0,0,0,4300,4300,4300,0,0,0,1.0,138505.22583438142,0.3664854287502518,10840,4,48.36064838750839
44,100,0,0.7257919999999995,31.77155199999996,100,100,0,0,0,0,4400,4400,4400,0,0,0,1.0,138488.67061955316,0.3666752951276825,11093,5,48.32145624430298
45,100,0,0.7217279999999995,32.49327999999996,100,100,0,0,0,0,4500,4500,4500,0,0,0,1.0,138490.17396827912,0.36680582876256973,11345,5,48.28338089060735
46,100,0,0.7257919999999994,33.21907199999996,100,100,0,0,0,0,4600,4600,4600,0,0,0,1.0,138474.6690094174,0.36697101397102105,11598,6,48.24507727310469
47,100,0,0.7217279999999994,33.94079999999996,100,100,0,0,0,0,4700,4700,4700,0,0,0,1.0,138476.4059774668,0.36715307471540537,11850,6,48.20712268151468
48,100,0,0.7217279999999995,34.66252799999996,100,100,0,0,0,0,4800,4800,4800,0,0,0,1.0,138478.07061273794,0.3673585762589035,12102,6,48.16927777456232
49,100,0,0.7217279999999995,35.38425599999996,100,100,0,0,0,0,4900,4900,4900,0,0,0,1.0,138479.66734131717,0.36758608346911453,12354,6,48.13119158772068
50,100,0,0.7217279999999996,36.10598399999996,100,100,0,0,0,0,5000,5000,5000,0,0,0,1.0,138481.20023539604,0.36771971599768644,12606,6,48.092905927122615
51,100,0,1.1113599999999995,37.217343999999954,100,100,0,0,0,0,5100,5100,5100,0,0,0,1.0,138778.7371393296,0.37154334881973045,12941,6,48.03547348023034
52,100,0,1.2316799999999992,38.44902399999995,100,100,0,0,0,0,5200,5200,5200,0,0,0,1.0,139152.3488346546,0.3766871065117155,13301,6,47.967604311245694
53,100,0,1.1671679999999993,39.61619199999995,100,100,0,0,0,0,5300,5300,5300,0,0,0,1.0,139505.1801041354,0.3809480356275752,13642,6,47.90864540686282
54,100,0,1.0662079999999994,40.682399999999944,100,100,0,0,0,0,5400,5400,5400,0,0,0,1.0,139743.96790749827,0.3841082903147558,13962,6,47.85041431331101
55,100,0,1.0564799999999999,41.738879999999945,100,100,0,0,0,0,5500,5500,5500,0,0,0,1.0,139914.05615100375,0.3871601895811088,14279,6,47.79020862424226
56,100,0,1.2171839999999992,42.95606399999994,100,100,0,0,0,0,5600,5600,5600,0,0,0,1.0,140254.37712356533,0.39135280672502926,14633,6,47.725686067519945
57,100,0,1.2893759999999994,44.24543999999994,100,100,0,0,0,0,5700,5700,5700,0,0,0,1.0,140583.97882358066,0.39536553975169264,15004,6,47.65948241578768
58,100,0,1.2479039999999988,45.49334399999994,100,100,0,0,0,0,5800,5800,5800,0,0,0,1.0,140865.79346640265,0.39904466408404154,15368,6,47.59051947716315
59,100,0,1.0941759999999991,46.587519999999934,100,100,0,0,0,0,5900,5900,5900,0,0,0,1.0,140978.35643537174,0.4016333014424682,15694,6,47.531707387454674
60,100,0,1.0815359999999987,47.669055999999934,100,100,0,0,0,0,6000,6000,6000,0,0,0,1.0,141101.85022334004,0.4041795975717506,16019,6,47.47393077079931
61,100,0,1.182975999999999,48.85203199999993,100,100,0,0,0,0,6100,6100,6100,0,0,0,1.0,141254.9635601649,0.4069113869896757,16365,6,47.41656299129702
62,100,0,1.1431679999999993,49.995199999999926,100,100,0,0,0,0,6200,6200,6200,0,0,0,1.0,141406.37501200137,0.40964537669582496,16699,6,47.358553179629624
63,100,0,1.1742399999999997,51.16943999999992,100,100,0,0,0,0,6300,6300,6300,0,0,0,1.0,141638.13401123817,0.41265414263541433,17039,6,47.29656181756418
64,100,0,1.0962559999999997,52.26569599999992,100,100,0,0,0,0,6400,6400,6400,0,0,0,1.0,141731.20357949525,0.41521316961715904,17361,6,47.237907718334476
65,100,0,1.3457279999999994,53.61142399999992,100,100,0,0,0,0,6500,6500,6500,0,0,0,1.0,141968.99526489002,0.41946537113796567,17748,6,47.16897755720767
66,100,0,1.0367679999999992,54.64819199999992,100,100,0,0,0,0,6600,6600,6600,0,0,0,1.0,142040.78334375657,0.4215229435286177,18058,6,47.115276683931604
67,100,0,0.9917119999999996,55.63990399999992,100,100,0,0,0,0,6700,6700,6700,0,0,0,1.0,142139.85703497997,0.42280476508696174,18364,6,47.064800703358024
68,100,0,1.0257279999999998,56.665631999999924,100,100,0,0,0,0,6800,6800,6800,0,0,0,1.0,142201.74937782413,0.42431870251042575,18679,6,47.01609455097451
69,100,0,1.101631999999999,57.767263999999926,100,100,0,0,0,0,6900,6900,6900,0,0,0,1.0,142268.3961629204,0.426334334505206,19007,6,46.957217755998435
70,100,0,1.159679999999999,58.92694399999993,100,100,0,0,0,0,7000,7000,7000,0,0,0,1.0,142401.954528645,0.4287887838591198,19353,6,46.9021248871482
71,100,0,1.090239999999999,60.01718399999993,100,100,0,0,0,0,7100,7100,7100,0,0,0,1.0,142500.2545937512,0.43053508985248096,19676,6,46.84575127249387
72,100,0,1.1113599999999992,61.12854399999993,100,100,0,0,0,0,7200,7200,7200,0,0,0,1.0,142656.89037186964,0.4325094784702886,20006,6,46.78699259521833
73,100,0,1.1385919999999992,62.26713599999992,100,100,0,0,0,0,7300,7300,7300,0,0,0,1.0,142819.22328979467,0.43444154848703076,20348,6,46.73045192115445
74,100,0,1.1636799999999994,63.43081599999992,100,100,0,0,0,0,7400,7400,7400,0,0,0,1.0,142950.83323537902,0.4362990176992019,20687,6,46.67023339322931
75,100,0,1.1734079999999996,64.60422399999992,100,100,0,0,0,0,7500,7500,7500,0,0,0,1.0,143055.41383795603,0.4383136743784087,21030,7,46.61113211024084
76,100,0,1.1298879999999996,65.73411199999991,100,100,0,0,0,0,7600,7600,7600,0,0,0,1.0,143217.81664898756,0.4399222022104791,21365,7,46.55443433354836
77,100,0,1.119807999999999,66.8539199999999,100,100,0,0,0,0,7700,7700,7700,0,0,0,1.0,143258.1365460696,0.4411924555798453,21693,7,46.49565726287384
78,100,0,0.9834559999999997,67.8373759999999,100,100,0,0,0,0,7800,7800,7800,0,0,0,1.0,143308.84496475826,0.4417236275507168,21994,7,46.44388970987521
79,100,0,1.054592,68.8919679999999,100,100,0,0,0,0,7900,7900,7900,0,0,0,1.0,143363.2437383704,0.44266777845389943,22308,8,46.38738873694358
80,100,0,1.2790719999999995,70.1710399999999,100,100,0,0,0,0,8000,8000,8000,0,0,0,1.0,143507.97708000356,0.44507254160297444,22675,8,46.323816328502296
81,100,0,1.1505599999999991,71.3215999999999,100,100,0,0,0,0,8100,8100,8100,0,0,0,1.0,143543.61091170154,0.4463985658972203,23021,9,46.25884628500012
82,100,0,1.1333119999999994,72.45491199999991,100,100,0,0,0,0,8200,8200,8200,0,0,0,1.0,143623.22322605283,0.4476698676451017,23355,10,46.20178809536021
83,100,0,1.1122560000000001,73.56716799999991,100,100,0,0,0,0,8300,8300,8300,0,0,0,1.0,143679.96332276938,0.4485604633269899,23688,10,46.14393575159495
84,100,0,1.0418240000000003,74.60899199999992,100,100,0,0,0,0,8400,8400,8400,0,0,0,1.0,143773.66202722606,0.44909261244640347,24003,10,46.08565273010221
85,100,0,1.1757439999999995,75.78473599999991,100,100,0,0,0,0,8500,8500,8500,0,0,0,1.0,143805.95058086648,0.4505729745249425,24350,12,46.02366323522335
86,100,0,1.2281919999999993,77.0129279999999,100,100,0,0,0,0,8600,8600,8600,0,0,0,1.0,143925.9652613132,0.45223754399988236,24702,12,45.963177954650334
87,100,0,1.9982719999999987,79.0111999999999,100,100,0,0,0,0,8700,8700,8700,0,0,0,1.0,144163.5616216437,0.45811626130626176,25222,12,45.85121130700373
88,100,0,1.723935999999999,80.7351359999999,100,100,0,0,0,0,8800,8800,8800,0,0,0,1.0,144317.83455471005,0.4620932368563041,25678,13,45.752008688559215
89,100,0,1.649055999999999,82.3841919999999,100,100,0,0,0,0,8900,8900,8900,0,0,0,1.0,144489.27289351838,0.46570628576808015,26121,13,45.65736415478051
90,100,0,1.579615999999999,83.9638079999999,100,100,0,0,0,0,9000,9000,9000,0,0,0,1.0,144617.54759860362,0.46914234781447794,26551,14,45.56764884427257
91,100,0,1.5830399999999987,85.5468479999999,100,100,0,0,0,0,9100,9100,9100,0,0,0,1.0,144764.2816717223,0.4727150555277106,26983,14,45.47680056182164
92,100,0,1.5551679999999992,87.10201599999989,100,100,0,0,0,0,9200,9200,9200,0,0,0,1.0,144874.07501566916,0.47595049222089986,27407,14,45.38521131516947
93,100,0,1.6023359999999982,88.70435199999989,100,100,0,0,0,0,9300,9300,9300,0,0,0,1.0,145002.94190751787,0.47944587737147043,27841,14,45.28841897799656
94,100,0,1.8844799999999973,90.58883199999988,100,100,0,0,0,0,9400,9400,9400,0,0,0,1.0,145175.8645039161,0.4843466100550704,28332,14,45.181490003422695
95,100,0,1.1296319999999997,91.71846399999988,100,100,0,0,0,0,9500,9500,9500,0,0,0,1.0,145215.4279426225,0.4853347108748971,28667,14,45.12451918351873
96,100,0,1.0542079999999996,92.77267199999989,100,100,0,0,0,0,9600,9600,9600,0,0,0,1.0,145241.82293682365,0.4858495062995087,28982,14,45.06916038514711
97,100,0,1.1951359999999998,93.96780799999989,100,100,0,0,0,0,9700,9700,9700,0,0,0,1.0,145339.64653086316,0.48699247005408036,29328,14,45.009433229232414
98,100,0,1.1017919999999994,95.0695999999999,100,100,0,0,0,0,9800,9800,9800,0,0,0,1.0,145331.08375337665,0.48765183045141336,29655,14,44.94924980564749
99,100,0,1.1699199999999994,96.2395199999999,100,100,0,0,0,0,9900,9900,9900,0,0,0,1.0,145345.03081478394,0.4888406098451015,29997,14,44.893595518719174
100,100,0,1.1131839999999997,97.3527039999999,100,100,0,0,0,0,10000,10000,10000,0,0,0,1.0,145400.87145396613,0.4895092072415971,30325,14,44.83053325558409
101,100,0,1.0377599999999998,98.39046399999991,100,100,0,0,0,0,10100,10100,10100,0,0,0,1.0,145399.21267166716,0.4896213254720077,30640,14,44.776149916779836
102,100,0,0.9747199999999999,99.36518399999991,100,100,0,0,0,0,10200,10200,10200,0,0,0,1.0,145410.85135010682,0.4894599888563205,30945,14,44.72666988435357
103,100,0,1.2374399999999997,100.60262399999992,100,100,0,0,0,0,10300,10300,10300,0,0,0,1.0,145466.74249769084,0.4905870603142087,31303,15,44.66065686770075
104,100,0,1.0851519999999995,101.68777599999991,100,100,0,0,0,0,10400,10400,10400,0,0,0,1.0,145512.63270818326,0.4911038973286833,31628,15,44.60781185286616
105,100,0,1.101824,102.78959999999991,100,100,0,0,0,0,10500,10500,10500,0,0,0,1.0,145515.65528030085,0.4913299694462436,31959,15,44.54321950574224
106,100,0,1.0093119999999995,103.7989119999999,100,100,0,0,0,0,10600,10600,10600,0,0,0,1.0,145532.70076665172,0.49135664547955527,32265,15,44.49202138554808
107,100,0,1.1306559999999997,104.9295679999999,100,100,0,0,0,0,10700,10700,10700,0,0,0,1.0,145600.06575077117,0.4920147571084115,32599,15,44.42927184387465
108,100,0,0.9878399999999995,105.91740799999991,100,100,0,0,0,0,10800,10800,10800,0,0,0,1.0,145621.99256235588,0.49215901927309563,32902,15,44.37713933238163
109,100,0,1.1437119999999992,107.0611199999999,100,100,0,0,0,0,10900,10900,10900,0,0,0,1.0,145695.84177710838,0.4930448927621266,33236,15,44.32031525072837
110,100,0,1.0800319999999994,108.1411519999999,100,100,0,0,0,0,11000,11000,11000,0,0,0,1.0,145757.1304585327,0.4935262172995241,33558,15,44.26729463412175
111,100,0,1.272543999999999,109.4136959999999,100,100,0,0,0,0,11100,11100,11100,0,0,0,1.0,145784.454626229,0.4949481075079097,33925,16,44.19426092276656
112,100,0,1.0909439999999995,110.5046399999999,100,100,0,0,0,0,11200,11200,11200,0,0,0,1.0,145821.42433114134,0.4954985268064462,34246,16,44.1347305640101
113,100,0,0.9914879999999999,111.4961279999999,100,100,0,0,0,0,11300,11300,11300,0,0,0,1.0,145887.68499655894,0.4956132218749508,34548,16,44.08378428823102
114,100,0,1.133823999999999,112.6299519999999,100,100,0,0,0,0,11400,11400,11400,0,0,0,1.0,145926.44059725796,0.49620826264795753,34880,16,44.02142368898347
115,100,0,1.0577919999999998,113.68774399999991,100,100,0,0,0,0,11500,11500,11500,0,0,0,1.0,145952.12655464438,0.49636482826650347,35195,16,43.96528818055328
116,100,0,1.0428159999999997,114.73055999999991,100,100,0,0,0,0,11600,11600,11600,0,0,0,1.0,145990.95480750737,0.4966500296473079,35505,16,43.91329980411493
117,100,0,0.9685119999999994,115.69907199999992,100,100,0,0,0,0,11700,11700,11700,0,0,0,1.0,146024.8185914578,0.49659198998833975,35804,16,43.86295051003991
118,100,0,1.0407039999999999,116.73977599999992,100,100,0,0,0,0,11800,11800,11800,0,0,0,1.0,146052.22473615172,0.49680592524281325,36114,16,43.807198447663296
119,100,0,0.9770559999999993,117.71683199999993,100,100,0,0,0,0,11900,11900,11900,0,0,0,1.0,146077.18970894502,0.49703718326420854,36415,16,43.756132392025684
120,100,0,1.069247999999999,118.78607999999993,100,100,0,0,0,0,12000,12000,12000,0,0,0,1.0,146118.13101333095,0.4977262349745923,36737,16,43.70348648829552
121,100,0,1.2975679999999992,120.08364799999993,100,100,0,0,0,0,12100,12100,12100,0,0,0,1.0,146201.02147463083,0.49904129508986517,37106,16,43.64083766762192
122,100,0,1.0088639999999995,121.09251199999993,100,100,0,0,0,0,12200,12200,12200,0,0,0,1.0,146216.274710694,0.4991133384958413,37417,16,43.58718445503964
123,100,0,1.1518719999999996,122.24438399999993,100,100,0,0,0,0,12300,12300,12300,0,0,0,1.0,146254.50605567297,0.49986829241112724,37755,16,43.52910327638673
124,100,0,1.108096,123.35247999999993,100,100,0,0,0,0,12400,12400,12400,0,0,0,1.0,146278.43720693747,0.5002969612525171,38081,16,43.47017343415701
125,100,0,1.2609919999999992,124.61347199999993,100,100,0,0,0,0,12500,12500,12500,0,0,0,1.0,146346.03873327604,0.5013401345922346,38443,16,43.40974284420915
126,100,0,1.1634559999999996,125.77692799999993,100,100,0,0,0,0,12600,12600,12600,0,0,0,1.0,146402.8124458566,0.5021522734365729,38783,16,43.3506493606369
127,100,0,1.3475199999999992,127.12444799999993,100,100,0,0,0,0,12700,12700,12700,0,0,0,1.0,146455.16494199456,0.5037410677283746,39160,16,43.278737878284446
128,100,0,0.9642239999999994,128.08867199999992,100,100,0,0,0,0,12800,12800,12800,0,0,0,1.0,146450.5463839926,0.5037498396198392,39459,16,43.22934783061145
129,100,0,1.5944959999999988,129.6831679999999,100,100,0,0,0,0,12900,12900,12900,0,0,0,1.0,146586.54853342273,0.5061401883748591,39889,16,43.157433214116644
130,100,0,1.3368959999999992,131.0200639999999,100,100,0,0,0,0,13000,13000,13000,0,0,0,1.0,146639.52537834216,0.5075281797697163,40265,16,43.09448531099339
131,100,0,1.1657279999999999,132.1857919999999,100,100,0,0,0,0,13100,13100,13100,0,0,0,1.0,146697.39997472658,0.5081146812134938,40606,16,43.03972220698882
132,100,0,1.2284799999999991,133.4142719999999,100,100,0,0,0,0,13200,13200,13200,0,0,0,1.0,146757.79214985346,0.5089564877849272,40962,16,42.98054805831858
133,100,0,1.3919039999999998,134.8061759999999,100,100,0,0,0,0,13300,13300,13300,0,0,0,1.0,146842.35238599166,0.5104295911046564,41353,16,42.916959739714045
134,100,0,1.1913279999999993,135.9975039999999,100,100,0,0,0,0,13400,13400,13400,0,0,0,1.0,146908.28443439677,0.5110669764655188,41704,16,42.86235193525284
135,100,0,1.4163199999999991,137.41382399999992,100,100,0,0,0,0,13500,13500,13500,0,0,0,1.0,146969.95842281496,0.5126759632248921,42100,16,42.796623192439576
136,100,0,1.5577279999999991,138.97155199999992,100,100,0,0,0,0,13600,13600,13600,0,0,0,1.0,147091.5140963527,0.5147344978222875,42521,16,42.72156835135268
137,100,0,1.2560959999999992,140.2276479999999,100,100,0,0,0,0,13700,13700,13700,0,0,0,1.0,147145.24770464675,0.5158249253572498,42881,17,42.663542292312854
138,100,0,1.1431679999999995,141.3708159999999,100,100,0,0,0,0,13800,13800,13800,0,0,0,1.0,147152.46462183548,0.5165400504612201,43215,17,42.61000741791341
139,100,0,1.0087679999999997,142.3795839999999,100,100,0,0,0,0,13900,13900,13900,0,0,0,1.0,147168.96489878782,0.5166318626800739,43524,17,42.5534482879751
140,100,0,1.0797759999999992,143.45935999999992,100,100,0,0,0,0,14000,14000,14000,0,0,0,1.0,147173.16458124455,0.5170910467220615,43847,17,42.497356643875236
141,100,0,1.0765119999999995,144.53587199999993,100,100,0,0,0,0,14100,14100,14100,0,0,0,1.0,147190.36669319027,0.5173827824836699,44168,18,42.440557275220456
142,100,0,0.999104,145.53497599999992,100,100,0,0,0,0,14200,14200,14200,0,0,0,1.0,147214.04152359918,0.5172507157667037,44470,19,42.38612348624066
143,100,0,1.3719679999999992,146.90694399999992,100,100,0,0,0,0,14300,14300,14300,0,0,0,1.0,147248.5330577703,0.5185319982398529,44859,20,42.323537956524646
144,100,0,0.9265599999999993,147.83350399999992,100,100,0,0,0,0,14400,14400,14400,0,0,0,1.0,147258.9055319964,0.5183071584457033,45146,20,42.275100954203175
145,100,0,1.0367039999999994,148.8702079999999,100,100,0,0,0,0,14500,14500,14500,0,0,0,1.0,147253.31746698447,0.5184145917566412,45457,20,42.22139946069387
146,100,0,1.0884479999999992,149.9586559999999,100,100,0,0,0,0,14600,14600,14600,0,0,0,1.0,147261.70925404943,0.5187711352948919,45777,21,42.166339370237395
147,100,0,1.2082879999999991,151.16694399999992,100,100,0,0,0,0,14700,14700,14700,0,0,0,1.0,147280.50598151944,0.5193695936245338,46127,21,42.10776265383747
148,100,0,1.098143999999999,152.2650879999999,100,100,0,0,0,0,14800,14800,14800,0,0,0,1.0,147286.60584361936,0.5197935408847105,46451,21,42.04745726617039
149,100,0,1.2270399999999997,153.4921279999999,100,100,0,0,0,0,14900,14900,14900,0,0,0,1.0,147308.71409900588,0.5206182706107931,46806,21,41.98611074715427
150,100,0,1.1191999999999998,154.6113279999999,100,100,0,0,0,0,15000,15000,15000,0,0,0,1.0,147308.9475048039,0.5211152807426909,47134,21,41.92290225129509
151,100,0,1.1591039999999995,155.77043199999991,100,100,0,0,0,0,15100,15100,15100,0,0,0,1.0,147289.518976233,0.5216971601378796,47477,21,41.86396054111961
152,100,0,1.0483199999999997,156.8187519999999,100,100,0,0,0,0,15200,15200,15200,0,0,0,1.0,147297.07834940564,0.5218128948115741,47791,21,41.81127680221877
153,100,0,1.7736959999999988,158.5924479999999,100,100,0,0,0,0,15300,15300,15300,0,0,0,1.0,147360.2072149111,0.5241713267948946,48261,22,41.71420753931612
154,100,0,1.070624,159.66307199999991,100,100,0,0,0,0,15400,15400,15400,0,0,0,1.0,147352.44477821403,0.5243151297958207,48580,22,41.66031100498598
155,100,0,1.1786239999999994,160.84169599999993,100,100,0,0,0,0,15500,15500,15500,0,0,0,1.0,147351.84090573137,0.5249377090267894,48921,22,41.60036765042719
156,100,0,1.1295039999999996,161.97119999999993,100,100,0,0,0,0,15600,15600,15600,0,0,0,1.0,147348.56567093416,0.5253018039138155,49255,22,41.535963529791914
157,100,0,1.0459519999999993,163.01715199999992,100,100,0,0,0,0,15700,15700,15700,0,0,0,1.0,147339.09717671925,0.5252364555419025,49571,22,41.47773386430578
158,100,0,1.0939199999999996,164.11107199999992,100,100,0,0,0,0,15800,15800,15800,0,0,0,1.0,147331.2416117787,0.5253259839848399,49895,22,41.41727705011869
159,100,0,1.208895999999999,165.31996799999993,100,100,0,0,0,0,15900,15900,15900,0,0,0,1.0,147326.42580719595,0.5257924471646115,50250,22,41.345916922632256
160,100,0,1.2143359999999992,166.53430399999993,100,100,0,0,0,0,16000,16000,16000,0,0,0,1.0,147347.65997520852,0.5262397755466537,50594,22,41.280393192653264
161,100,0,1.1054719999999993,167.63977599999993,100,100,0,0,0,0,16100,16100,16100,0,0,0,1.0,147338.5886652581,0.5263975102995346,50920,23,41.22211868831205
162,100,0,1.1587839999999996,168.79855999999992,100,100,0,0,0,0,16200,16200,16200,0,0,0,1.0,147336.6123502476,0.5265920591771921,51257,23,41.162695867466304
163,100,0,1.3183679999999993,170.11692799999992,100,100,0,0,0,0,16300,16300,16300,0,0,0,1.0,147334.6614864807,0.527441873961106,51632,24,41.095043911688634
164,100,0,1.2384639999999996,171.3553919999999,100,100,0,0,0,0,16400,16400,16400,0,0,0,1.0,147342.29081043456,0.5279710871028862,51993,24,41.027512994737634
165,100,0,1.0785599999999993,172.43395199999992,100,100,0,0,0,0,16500,16500,16500,0,0,0,1.0,147346.38802455802,0.5281246889374729,52314,24,40.96704024090471
166,100,0,1.1738240000000002,173.60777599999992,100,100,0,0,0,0,16600,16600,16600,0,0,0,1.0,147361.74029439795,0.5283522589459902,52656,24,40.90265123061827
167,100,0,0.998496,174.6062719999999,100,100,0,0,0,0,16700,16700,16700,0,0,0,1.0,147373.1252907113,0.5281318762614945,52961,24,40.85029987146273
168,100,0,1.1533759999999993,175.7596479999999,100,100,0,0,0,0,16800,16800,16800,0,0,0,1.0,147405.16549054542,0.5285237286081761,53302,24,40.79084346522208
169,100,0,1.7318719999999974,177.49151999999992,100,100,0,0,0,0,16900,16900,16900,0,0,0,1.0,147515.91512653683,0.5306622051813646,53759,24,40.71682572675913
170,100,0,1.5732799999999985,179.06479999999993,100,100,0,0,0,0,17000,17000,17000,0,0,0,1.0,147549.53514035148,0.532237687906257,54185,24,40.643766480447525
171,100,0,1.4601919999999986,180.52499199999994,100,100,0,0,0,0,17100,17100,17100,0,0,0,1.0,147587.5428926761,0.5334426503696026,54591,24,40.578764047004114
172,100,0,1.5776319999999981,182.10262399999993,100,100,0,0,0,0,17200,17200,17200,0,0,0,1.0,147618.34513708056,0.5350351458265383,55019,24,40.51015291311877
173,100,0,1.4873599999999993,183.58998399999993,100,100,0,0,0,0,17300,17300,17300,0,0,0,1.0,147656.72619700216,0.5362979134821604,55429,24,40.441443454392875
174,100,0,1.5316159999999992,185.12159999999992,100,100,0,0,0,0,17400,17400,17400,0,0,0,1.0,147686.27756026317,0.5375750493288933,55851,24,40.364747886420716
175,100,0,1.5793919999999986,186.70099199999993,100,100,0,0,0,0,17500,17500,17500,0,0,0,1.0,147713.70898768448,0.5390911518461867,56282,24,40.288163867394175
176,100,0,1.8094399999999973,188.51043199999992,100,100,0,0,0,0,17600,17600,17600,0,0,0,1.0,147801.98477291703,0.541262055017578,56758,24,40.20850000467137
177,100,0,1.018336,189.52876799999993,100,100,0,0,0,0,17700,17700,17700,0,0,0,1.0,147790.03892432843,0.540953075437928,57064,24,40.15571281897348
178,100,0,1.0399039999999997,190.56867199999994,100,100,0,0,0,0,17800,17800,17800,0,0,0,1.0,147800.24284369263,0.5406955855142843,57376,24,40.09893456677651
179,100,0,1.1226879999999997,191.69135999999995,100,100,0,0,0,0,17900,17900,17900,0,0,0,1.0,147774.38065022862,0.5405247124646423,57706,25,40.041854497138566
180,100,0,0.9638400000000001,192.65519999999995,100,100,0,0,0,0,18000,18000,18000,0,0,0,1.0,147741.62337689305,0.5401463797784068,58002,25,39.98835322839976
181,100,0,1.2729919999999995,193.92819199999994,100,100,0,0,0,0,18100,18100,18100,0,0,0,1.0,147746.27507484838,0.54040692723415,58366,25,39.924044557281405
182,100,0,1.0409599999999997,194.96915199999995,100,100,0,0,0,0,18200,18200,18200,0,0,0,1.0,147756.9949116874,0.5400980814210378,58677,25,39.871716846736156
183,100,0,1.0483519999999995,196.01750399999995,100,100,0,0,0,0,18300,18300,18300,0,0,0,1.0,147766.10970416197,0.539949902345092,58986,25,39.8153211700544
184,100,0,1.1041279999999998,197.12163199999995,100,100,0,0,0,0,18400,18400,18400,0,0,0,1.0,147783.63847961652,0.5399956034755166,59317,25,39.75779332850013
185,100,0,1.0021759999999997,198.12380799999994,100,100,0,0,0,0,18500,18500,18500,0,0,0,1.0,147781.97681320566,0.5397652369265061,59622,26,39.700291337287865
186,100,0,1.2500159999999996,199.37382399999993,100,100,0,0,0,0,18600,18600,18600,0,0,0,1.0,147781.8873554836,0.5400704244178443,59982,26,39.63188914282354
187,100,0,1.2640000000000002,200.63782399999994,100,100,0,0,0,0,18700,18700,18700,0,0,0,1.0,147784.93610457022,0.5404516394226792,60339,26,39.56181071866889
188,100,0,1.0033599999999996,201.64118399999992,100,100,0,0,0,0,18800,18800,18800,0,0,0,1.0,147773.62148399214,0.5402563819213501,60642,26,39.50754305053546
189,100,0,1.1982719999999998,202.83945599999993,100,100,0,0,0,0,18900,18900,18900,0,0,0,1.0,147799.41038690228,0.5405408981559258,60990,26,39.44336431207379
190,100,0,1.0912319999999998,203.93068799999992,100,100,0,0,0,0,19000,19000,19000,0,0,0,1.0,147793.2345327056,0.5405639386350215,61313,26,39.38059072257662
191,100,0,1.1020479999999997,205.03273599999991,100,100,0,0,0,0,19100,19100,19100,0,0,0,1.0,147779.40630904917,0.5406151625655399,61641,26,39.32017935343696
192,100,0,1.0706239999999998,206.10335999999992,100,100,0,0,0,0,19200,19200,19200,0,0,0,1.0,147769.0805234811,0.5405889429152632,61961,26,39.26650558151584
193,100,0,0.9160959999999998,207.01945599999993,100,100,0,0,0,0,19300,19300,19300,0,0,0,1.0,147759.4453730958,0.5402128154877978,62247,26,39.218212014560216
194,100,0,1.0821759999999996,208.10163199999994,100,100,0,0,0,0,19400,19400,19400,0,0,0,1.0,147750.65291174655,0.5401888576290682,62571,26,39.162334187859294
195,100,0,1.1980799999999994,209.29971199999994,100,100,0,0,0,0,19500,19500,19500,0,0,0,1.0,147739.02794476855,0.5405609772835566,62918,27,39.089680769021605
196,100,0,1.1861759999999992,210.48588799999993,100,100,0,0,0,0,19600,19600,19600,0,0,0,1.0,147744.82173360718,0.5408304834694723,63259,27,39.02485890028266
197,100,0,1.2338879999999992,211.71977599999994,100,100,0,0,0,0,19700,19700,19700,0,0,0,1.0,147747.14290270177,0.5413015045181945,63615,27,38.95857785298559
198,100,0,1.683071999999999,213.40284799999995,100,100,0,0,0,0,19800,19800,19800,0,0,0,1.0,147742.88298158048,0.5427930267672658,64064,28,38.8530537675047
199,100,0,1.4351359999999997,214.83798399999995,100,100,0,0,0,0,19900,19900,19900,0,0,0,1.0,147758.5267230957,0.5435683696916754,64461,28,38.770440800604675
200,100,0,1.5766079999999993,216.41459199999994,100,100,0,0,0,0,20000,20000,20000,0,0,0,1.0,147767.37420737327,0.5445812391866746,64892,28,38.67968352937989
201,100,0,1.380255999999999,217.79484799999994,100,100,0,0,0,0,20100,20100,20100,0,0,0,1.0,147762.65047371556,0.5450955352561702,65281,28,38.59763514255957
202,100,0,1.8080959999999984,219.60294399999995,100,100,0,0,0,0,20200,20200,20200,0,0,0,1.0,147782.8275380498,0.5468546561214358,65755,28,38.487781348729484
203,100,0,1.3035519999999998,220.90649599999995,100,100,0,0,0,0,20300,20300,20300,0,0,0,1.0,147774.26916409016,0.5473171503723727,66131,28,38.41960797607504
204,100,0,1.170016,222.07651199999995,100,100,0,0,0,0,20400,20400,20400,0,0,0,1.0,147799.22335956,0.5474732986062677,66469,28,38.35134390525615
205,100,0,0.9211839999999994,222.99769599999996,100,100,0,0,0,0,20500,20500,20500,0,0,0,1.0,147782.656911397,0.5470094742685437,66759,28,38.30303266988159
206,100,0,1.0816320000000004,224.07932799999998,100,100,0,0,0,0,20600,20600,20600,0,0,0,1.0,147789.41143557875,0.5469346796822423,67081,28,38.247759566073434
207,100,0,0.9640320000000001,225.04335999999998,100,100,0,0,0,0,20700,20700,20700,0,0,0,1.0,147794.4161516252,0.5465556678416615,67376,28,38.196277662906105
208,100,0,1.973951999999998,227.01731199999998,100,100,0,0,0,0,20800,20800,20800,0,0,0,1.0,147807.2650247925,0.5486824172752243,67886,29,38.09176777491671
209,100,0,1.5714559999999989,228.588768,100,100,0,0,0,0,20900,20900,20900,0,0,0,1.0,147782.97418357845,0.5498493195371871,68319,29,38.009810319133116
210,100,0,1.543423999999999,230.13219199999997,100,100,0,0,0,0,21000,21000,21000,0,0,0,1.0,147761.0572622539,0.550945500058788,68735,29,37.92715613626218
211,100,0,1.5252479999999984,231.65743999999998,100,100,0,0,0,0,21100,21100,21100,0,0,0,1.0,147750.98956459158,0.5520548352679213,69156,29,37.849934434610944
212,100,0,1.5751359999999988,233.23257599999997,100,100,0,0,0,0,21200,21200,21200,0,0,0,1.0,147732.57059940035,0.5532882212811194,69589,29,37.76729639394945
213,100,0,1.4697919999999993,234.70236799999998,100,100,0,0,0,0,21300,21300,21300,0,0,0,1.0,147703.9720366179,0.5541870200097038,70001,29,37.688543705209874
214,100,0,1.5047039999999992,236.20707199999998,100,100,0,0,0,0,21400,21400,21400,0,0,0,1.0,147688.04212602068,0.5551866643541812,70420,29,37.60855682930515
215,100,0,2.0190399999999977,238.22611199999997,100,100,0,0,0,0,21500,21500,21500,0,0,0,1.0,147705.38672099894,0.5573631157304864,70942,29,37.49983276073473
216,100,0,0.9471359999999996,239.17324799999997,100,100,0,0,0,0,21600,21600,21600,0,0,0,1.0,147705.14802725764,0.557015314037308,71239,29,37.4520533156172
217,100,0,0.9224319999999994,240.09567999999996,100,100,0,0,0,0,21700,21700,21700,0,0,0,1.0,147703.2489714101,0.5566086659049275,71530,29,37.40382056028492
218,100,0,1.1692160000000003,241.26489599999996,100,100,0,0,0,0,21800,21800,21800,0,0,0,1.0,147724.73157470868,0.5567984633560666,71871,29,37.34785998099561
219,100,0,0.9896639999999993,242.25455999999997,100,100,0,0,0,0,21900,21900,21900,0,0,0,1.0,147715.1967748306,0.5566052467628055,72174,29,37.29326013100074
220,100,0,0.8908799999999991,243.14543999999998,100,100,0,0,0,0,22000,22000,22000,0,0,0,1.0,147705.0443553455,0.5561713066870014,72459,29,37.247849955845396
221,100,0,1.2318720000000003,244.377312,100,100,0,0,0,0,22100,22100,22100,0,0,0,1.0,147736.66059474458,0.5564233222645025,72814,29,37.18371692047061
222,100,0,1.0127039999999998,245.390016,100,100,0,0,0,0,22200,22200,22200,0,0,0,1.0,147732.75861394458,0.5561721348156637,73122,29,37.13282643647529
223,100,0,1.132223999999999,246.52224,100,100,0,0,0,0,22300,22300,22300,0,0,0,1.0,147741.21799315145,0.5563148586505586,73452,29,37.07357741723571
224,100,0,1.1517439999999997,247.67398400000002,100,100,0,0,0,0,22400,22400,22400,0,0,0,1.0,147744.12479269522,0.5564548224461006,73787,29,37.01059730382111
225,100,0,0.9916479999999999,248.66563200000002,100,100,0,0,0,0,22500,22500,22500,0,0,0,1.0,147745.45120895514,0.5562061444386657,74090,30,36.9550510739611
226,100,0,1.0807679999999997,249.74640000000002,100,100,0,0,0,0,22600,22600,22600,0,0,0,1.0,147746.161706435,0.5562134072911427,74410,31,36.89207151349075
227,100,0,0.9956159999999996,250.74201600000004,100,100,0,0,0,0,22700,22700,22700,0,0,0,1.0,147730.23121900717,0.5560130713504872,74714,32,36.839824391999876
228,100,0,1.3991039999999995,252.14112000000003,100,100,0,0,0,0,22800,22800,22800,0,0,0,1.0,147757.63667584246,0.5568081994128345,75104,32,36.76498050279645
229,100,0,1.026496,253.16761600000004,100,100,0,0,0,0,22900,22900,22900,0,0,0,1.0,147769.48407177004,0.556710384170595,75416,32,36.71117187234383
230,100,0,1.0633919999999997,254.23100800000003,100,100,0,0,0,0,23000,23000,23000,0,0,0,1.0,147780.11657806902,0.5566484400158648,75732,32,36.65448229993774
231,100,0,0.9645759999999995,255.19558400000003,100,100,0,0,0,0,23100,23100,23100,0,0,0,1.0,147779.73587505336,0.5564472143430504,76027,32,36.60270280099288
232,100,0,1.1078079999999992,256.30339200000003,100,100,0,0,0,0,23200,23200,23200,0,0,0,1.0,147799.33930800259,0.5566595468258765,76353,32,36.544484805708066
233,100,0,0.9642239999999996,257.26761600000003,100,100,0,0,0,0,23300,23300,23300,0,0,0,1.0,147807.98528486383,0.5563799801409046,76650,32,36.49415636329827
234,100,0,0.9452479999999994,258.212864,100,100,0,0,0,0,23400,23400,23400,0,0,0,1.0,147806.76457699641,0.5561564466735155,76945,32,36.443303674605694
235,100,0,1.0564799999999994,259.26934400000005,100,100,0,0,0,0,23500,23500,23500,0,0,0,1.0,147794.62704237024,0.5561679104350225,77260,32,36.38620382668594
236,100,0,0.9882559999999997,260.2576,100,100,0,0,0,0,23600,23600,23600,0,0,0,1.0,147804.1140777445,0.5560820567018399,77563,32,36.33566208247324
237,100,0,0.8758719999999995,261.13347200000004,100,100,0,0,0,0,23700,23700,23700,0,0,0,1.0,147798.74714797188,0.5556741811374742,77841,32,36.2898319799488
238,100,0,1.6212799999999983,262.75475200000005,100,100,0,0,0,0,23800,23800,23800,0,0,0,1.0,147852.88450273202,0.556975997310545,78277,32,36.20633294455316
239,100,0,1.3934719999999992,264.148224,100,100,0,0,0,0,23900,23900,23900,0,0,0,1.0,147887.02876154866,0.5576680710823747,78664,32,36.131063782585386
240,100,0,1.2816959999999986,265.42992000000004,100,100,0,0,0,0,24000,24000,24000,0,0,0,1.0,147919.239850579,0.5580626922461361,79034,32,36.06461430682914
241,100,0,1.4426239999999995,266.87254400000006,100,100,0,0,0,0,24100,24100,24100,0,0,0,1.0,147966.9336085768,0.5588983167145778,79433,32,35.994311519245734
242,100,0,1.4296319999999993,268.3021760000001,100,100,0,0,0,0,24200,24200,24200,0,0,0,1.0,148005.53835239855,0.559607290406713,79828,32,35.91885199657571
243,100,0,1.322143999999999,269.62432000000007,100,100,0,0,0,0,24300,24300,24300,0,0,0,1.0,148037.9218017128,0.5600963304834523,80201,32,35.853061485087
244,100,0,1.587135999999999,271.21145600000006,100,100,0,0,0,0,24400,24400,24400,0,0,0,1.0,148097.93285428177,0.5612202236764917,80629,32,35.77100484326256
245,100,0,1.0635839999999994,272.27504000000005,100,100,0,0,0,0,24500,24500,24500,0,0,0,1.0,148104.00542040134,0.5611646539097821,80948,32,35.70773522082656
246,100,0,1.6220479999999988,273.89708800000005,100,100,0,0,0,0,24600,24600,24600,0,0,0,1.0,148160.8157878626,0.5623319606328548,81383,32,35.62121893602766
247,100,0,1.444255999999999,275.34134400000005,100,100,0,0,0,0,24700,24700,24700,0,0,0,1.0,148175.75670728183,0.5630836447975843,81786,32,35.54491103427908
248,100,0,1.2832959999999998,276.62464000000006,100,100,0,0,0,0,24800,24800,24800,0,0,0,1.0,148207.13006621532,0.5635333831220161,82149,32,35.47715598907154
249,100,0,1.3420479999999992,277.96668800000003,100,100,0,0,0,0,24900,24900,24900,0,0,0,1.0,148227.45954364142,0.5641999865211217,82525,32,35.40632555135043
250,100,0,1.3364479999999992,279.30313600000005,100,100,0,0,0,0,25000,25000,25000,0,0,0,1.0,148251.76900269388,0.5647297409292971,82904,32,35.334993431581715
251,100,0,1.2350719999999988,280.53820800000005,100,100,0,0,0,0,25100,25100,25100,0,0,0,1.0,148275.95961545457,0.5650558326003537,83258,32,35.269339126471166
252,100,0,1.2529599999999992,281.791168,100,100,0,0,0,0,25200,25200,25200,0,0,0,1.0,148294.8677795324,0.5654256879880531,83618,33,35.20327364737137
253,100,0,1.4052159999999987,283.196384,100,100,0,0,0,0,25300,25300,25300,0,0,0,1.0,148312.3174341096,0.56604425597841,84010,34,35.1339278299538
254,100,0,1.3627519999999993,284.559136,100,100,0,0,0,0,25400,25400,25400,0,0,0,1.0,148330.30699109234,0.5666801127268667,84395,34,35.05841661029383
255,100,0,1.4417599999999988,286.000896,100,100,0,0,0,0,25500,25500,25500,0,0,0,1.0,148365.0456815352,0.5674040396148188,84793,34,34.98485112426871
256,100,0,0.9596159999999994,286.960512,100,100,0,0,0,0,25600,25600,25600,0,0,0,1.0,148360.67758340214,0.567122025828999,85088,34,34.93312237144197
257,100,0,0.9791679999999996,287.93968,100,100,0,0,0,0,25700,25700,25700,0,0,0,1.0,148362.96268718503,0.5668454490302673,85384,34,34.883370424793576
258,100,0,1.0123839999999997,288.952064,100,100,0,0,0,0,25800,25800,25800,0,0,0,1.0,148357.28600298215,0.5666249176371139,85694,34,34.827617945305356
259,100,0,0.9850559999999997,289.93712,100,100,0,0,0,0,25900,25900,25900,0,0,0,1.0,148355.83660346767,0.5663353988363591,85992,35,34.776353326163665
260,100,0,1.050175999999999,290.987296,100,100,0,0,0,0,26000,26000,26000,0,0,0,1.0,148344.84045654006,0.5662529514128907,86307,35,34.722776160795924
261,100,0,0.9688319999999991,291.95612800000004,100,100,0,0,0,0,26100,26100,26100,0,0,0,1.0,148339.9588036734,0.5660646297174925,86606,35,34.67130549767482
262,100,0,0.9682559999999992,292.92438400000003,100,100,0,0,0,0,26200,26200,26200,0,0,0,1.0,148331.2771940488,0.5657589657508205,86902,36,34.617123378399356
263,100,0,1.06528,293.989664,100,100,0,0,0,0,26300,26300,26300,0,0,0,1.0,148331.6910080213,0.5655762078187484,87217,36,34.558329807158685
264,100,0,1.0076479999999992,294.997312,100,100,0,0,0,0,26400,26400,26400,0,0,0,1.0,148313.24293558308,0.5653296465360199,87523,38,34.50283820376348
265,100,0,1.1046719999999994,296.101984,100,100,0,0,0,0,26500,26500,26500,0,0,0,1.0,148303.20083231863,0.5653043368856152,87853,38,34.441685442316256
266,100,0,1.166623999999999,297.26860800000003,100,100,0,0,0,0,26600,26600,26600,0,0,0,1.0,148297.9864459822,0.5654386485117381,88194,38,34.378346116342826
267,100,0,0.9491199999999996,298.217728,100,100,0,0,0,0,26700,26700,26700,0,0,0,1.0,148285.80546358397,0.5650714225220126,88488,38,34.325374044175405
268,100,0,1.1270719999999994,299.3448,100,100,0,0,0,0,26800,26800,26800,0,0,0,1.0,148280.8320037629,0.5650637728441066,88817,38,34.25972608613928
269,100,0,1.0667199999999994,300.41152,100,100,0,0,0,0,26900,26900,26900,0,0,0,1.0,148282.99527261805,0.5649964708980977,89138,38,34.20469926677386
270,100,0,1.2097279999999992,301.621248,100,100,0,0,0,0,27000,27000,27000,0,0,0,1.0,148284.96432718163,0.5651768627454532,89489,38,34.146881096958765
271,100,0,0.9566719999999994,302.57792,100,100,0,0,0,0,27100,27100,27100,0,0,0,1.0,148277.49493419746,0.5648475814474675,89787,38,34.09142344891247
272,100,0,1.1327999999999994,303.71072,100,100,0,0,0,0,27200,27200,27200,0,0,0,1.0,148265.87616005127,0.5649203083861724,90123,39,34.03427309794952
273,100,0,1.257056,304.96777599999996,100,100,0,0,0,0,27300,27300,27300,0,0,0,1.0,148247.55780099207,0.5652025456090438,90484,40,33.9663597532186
274,100,0,0.9743679999999996,305.942144,100,100,0,0,0,0,27400,27400,27400,0,0,0,1.0,148234.43219382028,0.564903095259723,90785,40,33.913328980828624
275,100,0,0.9625919999999996,306.90473599999996,100,100,0,0,0,0,27500,27500,27500,0,0,0,1.0,148219.64819728298,0.5645026268045136,91079,40,33.86207733504036
276,100,0,1.0552,307.95993599999997,100,100,0,0,0,0,27600,27600,27600,0,0,0,1.0,148220.57892621463,0.5642799240646816,91396,41,33.80712714692697
277,100,0,0.9624959999999998,308.92243199999996,100,100,0,0,0,0,27700,27700,27700,0,0,0,1.0,148218.3333322975,0.5638998447371393,91691,41,33.75557061310834
278,100,0,1.1277759999999992,310.05020799999994,100,100,0,0,0,0,27800,27800,27800,0,0,0,1.0,148205.23519855214,0.563822586121977,92027,41,33.69377630807997
279,100,0,0.9959999999999997,311.0462079999999,100,100,0,0,0,0,27900,27900,27900,0,0,0,1.0,148204.1922208549,0.5635433867108688,92331,41,33.63799061924187
280,100,0,1.0969919999999997,312.1431999999999,100,100,0,0,0,0,28000,28000,28000,0,0,0,1.0,148204.9264568314,0.5633573838631242,92656,41,33.57654598202148
281,100,0,0.9444159999999998,313.0876159999999,100,100,0,0,0,0,28100,28100,28100,0,0,0,1.0,148193.94197948734,0.5629522169105331,92947,41,33.52612890650071
282,99,1,1.1610129090268742,314.24862890902676,100,99,0,1,0,0,28200,28200,28199,0,1,0,0.9999645390070921,148183.50731286957,0.5629591940504923,93283,41,33.4633142383672
283,99,1,1.1400000000000003,315.38862890902675,99,99,0,0,0,0,28299,28299,28298,0,1,0,0.999964663062299,148191.95023509077,0.5629762777418664,93615,41,33.40708940384538
284,99,1,1.001952,316.39058090902677,99,99,0,0,0,0,28398,28398,28397,0,1,0,0.999964786252553,148182.48971033888,0.5627091311743894,93918,41,33.35520056948346
285,99,1,0.919424,317.31000490902676,99,99,0,0,0,0,28497,28497,28496,0,1,0,0.9999649085868688,148179.38064537346,0.5622949323537061,94202,41,33.30462579805461
286,99,1,1.0492159999999995,318.35922090902676,99,99,0,0,0,0,28596,28596,28595,0,1,0,0.9999650300741363,148177.99800270348,0.5622188590641297,94516,41,33.25179528590629
287,99,1,0.9351679999999997,319.29438890902674,99,99,0,0,0,0,28695,28695,28694,0,1,0,0.9999651507231225,148172.17478093455,0.5618558125532905,94804,41,33.20464337558876
288,99,1,1.0865600000000002,320.38094890902676,99,99,0,0,0,0,28794,28794,28793,0,1,0,0.9999652705424741,148180.52122531313,0.5617036587983055,95122,41,33.15356523706406
289,99,1,1.0833599999999999,321.4643089090268,99,99,0,0,0,0,28893,28893,28892,0,1,0,0.9999653895407192,148162.04063723533,0.5616945618962791,95447,42,33.09609536945544
290,99,1,1.0609279999999994,322.5252369090268,99,99,0,0,0,0,28992,28992,28991,0,1,0,0.9999655077262694,148152.54910882498,0.5616256199738161,95762,42,33.0438511466731
291,99,1,1.829279999999999,324.35451690902676,99,99,0,0,0,0,29091,29091,29090,0,1,0,0.9999656251074215,148183.09440555962,0.5628716223799919,96249,42,32.95328659421914
292,99,1,1.1748479999999994,325.52936490902675,99,99,0,0,0,0,29190,29190,29189,0,1,0,0.9999657416923604,148193.32816098366,0.5629780769955485,96591,42,32.895095536839364
293,99,1,1.07056,326.59992490902675,99,99,0,0,0,0,29289,29289,29288,0,1,0,0.9999658574891598,148195.67399925718,0.5629091962552859,96907,42,32.84074978103783
294,99,1,1.044224,327.64414890902674,99,99,0,0,0,0,29388,29388,29387,0,1,0,0.9999659725057847,148189.94375962846,0.5627671590268081,97223,42,32.786918311700546
295,98,2,1.0264564566201437,328.6706053656469,99,98,0,1,0,0,29487,29487,29485,0,2,0,0.9999321735001865,148179.89563082004,0.562668442417842,97529,43,32.72987349271786
296,98,2,1.0373759999999996,329.7079813656469,98,98,0,0,0,0,29585,29585,29583,0,2,0,0.9999323981747508,148174.44150925928,0.5625101406423743,97839,43,32.676227659003985
297,98,2,1.2965119999999997,331.0044933656469,98,98,0,0,0,0,29683,29683,29681,0,2,0,0.9999326213657649,148195.16043793672,0.5627881536509454,98209,43,32.611502952685775
298,98,2,1.1168319999999992,332.1213253656469,98,98,0,0,0,0,29781,29781,29779,0,2,0,0.9999328430878748,148189.60494576773,0.5626858472901182,98535,43,32.55518088652628
299,98,2,1.0156479999999997,333.1369733656469,98,98,0,0,0,0,29879,29879,29877,0,2,0,0.999933063355534,148185.5331194848,0.5624684532106305,98845,43,32.50436089129951
300,98,2,0.9882559999999999,334.1252293656469,98,98,0,0,0,0,29977,29977,29975,0,2,0,0.9999332821830069,148187.52865206625,0.5622061412013128,99144,43,32.458094783469846
301,98,2,0.977728,335.1029573656469,98,98,0,0,0,0,30075,30075,30073,0,2,0,0.9999334995843724,148185.28726327087,0.5619497131796704,99441,43,32.40818828817133
302,98,2,1.0578239999999999,336.16078136564687,98,98,0,0,0,0,30173,30173,30171,0,2,0,0.999933715573526,148180.2600459164,0.5618320606688973,99758,43,32.35339780521078
303,98,2,1.1201919999999994,337.28097336564684,98,98,0,0,0,0,30271,30271,30269,0,2,0,0.9999339301641835,148171.70236822547,0.5618308960463929,100089,43,32.296213808463555
304,98,2,1.1070719999999998,338.38804536564686,98,98,0,0,0,0,30369,30369,30367,0,2,0,0.9999341433698837,148170.6717677389,0.5617520556663136,100413,43,32.24236868698379
305,98,2,1.049056,339.43710136564687,98,98,0,0,0,0,30467,30467,30465,0,2,0,0.9999343552039912,148165.51224853806,0.5616349107631645,100726,43,32.18943866941301
306,97,3,1.1275601882133428,340.5646615538602,98,97,0,1,0,0,30565,30565,30562,0,3,0,0.9999018485195486,148157.99081966752,0.5616171933506469,101055,43,32.13215604775904
307,97,3,1.2287359999999992,341.79339755386025,97,97,0,0,0,0,30662,30662,30659,0,3,0,0.9999021590241993,148151.41650599183,0.5618269689352231,101407,43,32.07045413251856
308,97,3,1.1790719999999992,342.97246955386026,97,97,0,0,0,0,30759,30759,30756,0,3,0,0.9999024675704672,148144.15881861595,0.5619588394488354,101750,43,32.012706111970964
309,97,3,1.3422719999999995,344.31474155386024,97,97,0,0,0,0,30856,30856,30853,0,3,0,0.9999027741768214,148140.6685342896,0.562312836337896,102130,43,31.950674555389202
310,97,3,1.0622399999999996,345.3769815538602,97,97,0,0,0,0,30953,30953,30950,0,3,0,0.9999030788614997,148149.5835935454,0.5622735050352746,102445,43,31.896733407239932
311,97,3,1.073344,346.45032555386024,97,97,0,0,0,0,31050,31050,31047,0,3,0,0.999903381642512,148140.5564216193,0.5623034039474074,102767,43,31.844751192261167
312,97,3,1.0561279999999993,347.50645355386024,97,97,0,0,0,0,31147,31147,31144,0,3,0,0.9999036825376441,148131.004398805,0.562202460567041,103080,43,31.79496378423812
313,97,3,1.0896959999999998,348.59614955386024,97,97,0,0,0,0,31244,31244,31241,0,3,0,0.9999039815644604,148139.32989819552,0.5622116391062842,103400,43,31.743939979089845
314,97,3,1.1220159999999992,349.7181655538602,97,97,0,0,0,0,31341,31341,31338,0,3,0,0.9999042787403082,148145.25839099102,0.5622042523065608,103730,43,31.686678407735805
315,97,3,1.2237759999999998,350.9419415538602,97,97,0,0,0,0,31438,31438,31435,0,3,0,0.9999045740823208,148148.53924212613,0.5623773265579484,104082,43,31.623343003772217
316,97,3,0.9681279999999997,351.9100695538602,97,97,0,0,0,0,31535,31535,31532,0,3,0,0.9999048676074204,148135.89183762012,0.5621841554538202,104377,43,31.57565256346889
317,97,3,1.0208639999999998,352.9309335538602,97,97,0,0,0,0,31632,31632,31629,0,3,0,0.9999051593323217,148123.39477752818,0.5620923301765443,104688,43,31.529250668866318
318,97,3,1.0953919999999995,354.0263255538602,97,97,0,0,0,0,31729,31729,31726,0,3,0,0.9999054492735352,148119.04148077904,0.562191791486882,105015,43,31.47670473208144
319,97,3,1.115103999999999,355.1414295538602,97,97,0,0,0,0,31826,31826,31823,0,3,0,0.9999057374473701,148101.98873748464,0.5623445234634897,105349,43,31.42006986741813
320,97,3,1.182016,356.32344555386015,97,97,0,0,0,0,31923,31923,31920,0,3,0,0.999906023869937,148086.21958058624,0.5626336003644753,105694,43,31.360586998600652
321,97,3,1.0931520000000001,357.41659755386013,97,97,0,0,0,0,32020,32020,32017,0,3,0,0.9999063085571518,148065.37906238443,0.5626567360217097,106019,43,31.31112483381686
322,97,3,1.1211519999999995,358.5377495538601,97,97,0,0,0,0,32117,32117,32114,0,3,0,0.9999065915247377,148041.1813429606,0.5626862845694289,106357,43,31.25979944600359
323,97,3,1.0815359999999992,359.6192855538601,97,97,0,0,0,0,32214,32214,32211,0,3,0,0.9999068727882288,148014.3755861723,0.5626961239377465,106682,44,31.21069783583548
324,97,3,0.9845439999999995,360.60382955386007,97,97,0,0,0,0,32311,32311,32308,0,3,0,0.9999071523629723,147993.59193169372,0.562573859159171,106984,44,31.16531284592148
325,97,3,1.1087039999999995,361.71253355386006,97,97,0,0,0,0,32408,32408,32405,0,3,0,0.9999074302641323,147973.97113702755,0.5626555019047815,107312,44,31.114628720700225
326,97,3,1.151743999999999,362.86427755386006,97,97,0,0,0,0,32505,32505,32502,0,3,0,0.9999077065066913,147955.02153565153,0.562867607061731,107651,44,31.063952214976364
327,97,3,0.9810239999999996,363.84530155386005,97,97,0,0,0,0,32602,32602,32599,0,3,0,0.9999079811054536,147944.54613022314,0.562667986320949,107958,44,31.020164297833443
328,96,4,1.0070721985335063,364.85237375239353,97,96,0,1,0,0,32699,32699,32695,0,4,0,0.9998776721000642,147927.51228371562,0.5625071123993103,108261,44,30.976598585763504
329,96,4,1.1150079999999993,365.9673817523935,96,96,0,0,0,0,32795,32795,32791,0,4,0,0.9998780301875286,147898.5797609161,0.562502904606543,108592,44,30.93054515610042
330,96,4,1.3464319999999996,367.3138137523935,96,96,0,0,0,0,32891,32891,32887,0,4,0,0.9998783861846706,147865.97717398283,0.5629006290023848,108975,44,30.867634021186962
331,96,4,1.3521279999999998,368.6659417523935,96,96,0,0,0,0,32987,32987,32983,0,4,0,0.9998787401097402,147840.98509595005,0.5633096286865725,109357,44,30.80563951595228
332,96,4,1.1753919999999993,369.8413337523935,96,96,0,0,0,0,33083,33083,33079,0,4,0,0.9998790919807756,147815.66853368565,0.5634009442783207,109704,44,30.7462466862766
333,96,4,1.209311999999999,371.0506457523935,96,96,0,0,0,0,33179,33179,33175,0,4,0,0.9998794418156063,147779.65387666028,0.5635981237943989,110058,44,30.692870055457064
334,96,4,1.2170239999999992,372.2676697523935,96,96,0,0,0,0,33275,33275,33271,0,4,0,0.9998797896318558,147765.07462113912,0.5637273723579235,110409,44,30.6366440613421
335,95,5,1.1951477990401416,373.4628175514336,96,95,0,1,0,0,33371,33371,33366,0,5,0,0.9998501693086812,147754.08262002005,0.5638950581329077,110754,44,30.585640087095022
336,95,5,1.1563519999999992,374.61916955143363,95,95,0,0,0,0,33466,33466,33461,0,5,0,0.9998505946333592,147737.70404293557,0.5639917761629637,111091,44,30.529336700681455
337,95,5,1.099168,375.71833755143365,95,95,0,0,0,0,33561,33561,33556,0,5,0,0.9998510175501326,147726.1939401664,0.5640191080785658,111418,44,30.477833394398544
338,95,5,0.9658239999999998,376.68416155143365,95,95,0,0,0,0,33656,33656,33651,0,5,0,0.9998514380793915,147698.5275166748,0.5637346006697355,111714,44,30.435935707247573
339,95,5,0.9442879999999994,377.6284495514336,95,95,0,0,0,0,33751,33751,33746,0,5,0,0.9998518562412966,147678.68275349407,0.5635133908488414,112009,44,30.394966079944304
340,95,5,1.0893119999999994,378.7177615514336,95,95,0,0,0,0,33846,33846,33841,0,5,0,0.9998522720557821,147660.50520291028,0.5635225746325329,112330,44,30.346576980311447
341,95,5,1.1590079999999992,379.8767695514336,95,95,0,0,0,0,33941,33941,33936,0,5,0,0.9998526855425591,147643.22668698008,0.5635951440567677,112674,44,30.293931746625873
342,95,5,0.981152,380.8579215514336,95,95,0,0,0,0,34036,34036,34031,0,5,0,0.9998530967211188,147627.31406758202,0.563438120575428,112974,44,30.248836058061258
343,95,5,1.0469439999999997,381.9048655514336,95,95,0,0,0,0,34131,34131,34126,0,5,0,0.9998535056107352,147614.58437718608,0.5633399194106201,113289,44,30.201699711871285
344,95,5,1.0812799999999996,382.9861455514336,95,95,0,0,0,0,34226,34226,34221,0,5,0,0.999853912230468,147593.57918446878,0.5632544225587917,113608,44,30.151971229780912
345,95,5,1.0790399999999996,384.0651855514336,95,95,0,0,0,0,34321,34321,34316,0,5,0,0.9998543165991667,147561.24254956818,0.5631424845284605,113933,44,30.103141883796134
346,95,5,1.142015999999999,385.2072015514336,95,95,0,0,0,0,34416,34416,34411,0,5,0,0.9998547187354718,147526.13079693992,0.5631767198731746,114269,44,30.051068209196327
347,95,5,1.3468160000000002,386.5540175514336,95,95,0,0,0,0,34511,34511,34506,0,5,0,0.9998551186578193,147482.84951511188,0.5633924997428881,114651,44,29.99354720222168
348,95,5,1.1337919999999997,387.6878095514336,95,95,0,0,0,0,34606,34606,34601,0,5,0,0.999855516384442,147444.26466784845,0.5634248220749875,114989,44,29.942772932369422
349,95,5,1.076736,388.76454555143357,95,95,0,0,0,0,34701,34701,34696,0,5,0,0.9998559119333736,147420.2332898118,0.5633383370148705,115311,44,29.894770093046347
350,95,5,1.24128,390.0058255514336,95,95,0,0,0,0,34796,34796,34791,0,5,0,0.9998563053224508,147379.99341094386,0.5634376397793034,115676,44,29.842640564796856
351,95,5,1.1471999999999989,391.1530255514336,95,95,0,0,0,0,34891,34891,34886,0,5,0,0.9998566965693159,147347.85681063682,0.5635446938604242,116012,44,29.79201203352045
352,95,5,1.2985279999999997,392.45155355143356,95,95,0,0,0,0,34986,34986,34981,0,5,0,0.9998570856914194,147317.52614255593,0.5638172351465793,116379,44,29.73683344922944
353,95,5,1.168671999999999,393.6202255514336,95,95,0,0,0,0,35081,35081,35076,0,5,0,0.9998574727060232,147282.93984076465,0.5639009592673034,116729,45,29.686655688950946
354,95,5,1.4445119999999996,395.06473755143355,95,95,0,0,0,0,35176,35176,35171,0,5,0,0.9998578576302024,147230.12830885072,0.5642715250619695,117134,45,29.6246544545809
355,95,5,1.211264,396.2760015514335,95,95,0,0,0,0,35271,35271,35266,0,5,0,0.9998582404808483,147182.044261214,0.5642395118395267,117494,45,29.57348617364759
356,95,5,1.2710079999999995,397.5470095514335,95,95,0,0,0,0,35366,35366,35361,0,5,0,0.9998586212746706,147129.02523401484,0.5643689547595534,117862,46,29.520899707156648
357,95,5,1.136032,398.6830415514335,95,95,0,0,0,0,35461,35461,35456,0,5,0,0.9998590000281999,147071.91901573664,0.5642630794810406,118202,47,29.47400429367541
358,95,5,1.15904,399.8420815514335,95,95,0,0,0,0,35556,35556,35551,0,5,0,0.9998593767577906,147009.59881942486,0.5642098840190378,118545,47,29.42728873070392
359,95,5,1.3311359999999994,401.17321755143354,95,95,0,0,0,0,35651,35651,35646,0,5,0,0.9998597514796219,146941.57391611586,0.5643848089353661,118930,47,29.372446728826187
360,95,5,1.2583679999999995,402.43158555143356,95,95,0,0,0,0,35746,35746,35741,0,5,0,0.9998601242097018,146888.17210756688,0.5645577617819214,119300,47,29.32106557928411
361,95,5,1.3649599999999997,403.79654555143355,95,95,0,0,0,0,35841,35841,35836,0,5,0,0.9998604949638682,146822.19710185315,0.5648101235778882,119692,48,29.263256047531435
362,95,5,1.2264319999999995,405.02297755143354,95,95,0,0,0,0,35936,35936,35931,0,5,0,0.9998608637577916,146765.81649605624,0.5648518510874597,120051,48,29.211104006545334
363,95,5,1.1697919999999995,406.1927695514335,95,95,0,0,0,0,36031,36031,36026,0,5,0,0.9998612306069773,146720.05133378837,0.5648082040203136,120400,48,29.163347201156743
364,95,5,1.5150080000000004,407.70777755143354,95,95,0,0,0,0,36126,36126,36121,0,5,0,0.9998615955267675,146691.84963599357,0.5652512802693108,120826,48,29.097093655034644
365,95,5,1.4775360000000002,409.1853135514335,95,95,0,0,0,0,36221,36221,36216,0,5,0,0.9998619585323432,146663.6998262074,0.5656986253409515,121242,48,29.036794194570344
366,95,5,1.0943039999999993,410.27961755143355,95,95,0,0,0,0,36316,36316,36311,0,5,0,0.9998623196387267,146619.1090822562,0.5655982742398954,121574,48,28.990379128005436
367,95,5,1.2534079999999992,411.5330255514335,95,95,0,0,0,0,36411,36411,36406,0,5,0,0.9998626788607838,146573.99590026628,0.5657526634202775,121943,48,28.935463288838058
368,95,5,1.2387199999999992,412.7717455514335,95,95,0,0,0,0,36506,36506,36501,0,5,0,0.9998630362132253,146531.4248173592,0.5659282661113068,122304,49,28.882627742375426
369,95,5,1.3498879999999993,414.12163355143355,95,95,0,0,0,0,36601,36601,36596,0,5,0,0.999863391710609,146471.4013605533,0.5661577084419532,122694,49,28.82973660841032
370,95,5,1.1561919999999994,415.2778255514335,95,95,0,0,0,0,36696,36696,36691,0,5,0,0.9998637453673425,146429.95185031518,0.5662106023515245,123041,49,28.779443554453835
371,95,5,2.3127679999999966,417.5905935514335,95,95,0,0,0,0,36791,36791,36786,0,5,0,0.9998640971976842,146378.16307150907,0.5676312121848173,123627,49,28.68182511530728
372,95,5,2.0896639999999986,419.6802575514335,95,95,0,0,0,0,36886,36886,36881,0,5,0,0.9998644472157459,146330.409627319,0.5688407215678986,124173,49,28.592904048027457
373,95,5,2.085631999999998,421.7658895514335,95,95,0,0,0,0,36981,36981,36976,0,5,0,0.9998647954354939,146276.39059577504,0.570099830727322,124711,50,28.50409367536054
374,95,5,1.9134399999999987,423.67932955143345,95,95,0,0,0,0,37076,37076,37071,0,5,0,0.9998651418707519,146238.8832270809,0.5710722036525846,125222,50,28.42293847278402
375,95,5,1.999551999999999,425.67888155143345,95,95,0,0,0,0,37171,37171,37166,0,5,0,0.9998654865352021,146189.61545190247,0.5721512233321702,125747,51,28.33744880603471
376,94,6,1.9771953003467002,427.65607685178014,95,94,0,1,0,0,37266,37266,37260,0,6,0,0.9998389953308646,146145.904110844,0.5732474608127991,126273,51,28.259403756115688
377,92,8,2.191244065786564,429.8473209175667,94,92,0,2,0,0,37360,37360,37352,0,8,0,0.9997858672376874,146066.747295235,0.574544459641315,126840,51,28.168243286456516
378,92,8,1.9223039999999993,431.7696249175667,92,92,0,0,0,0,37452,37452,37444,0,8,0,0.9997863932500267,146021.77726614525,0.5755050573640415,127354,51,28.092573734279036
379,92,8,2.3415999999999966,434.1112249175667,92,92,0,0,0,0,37544,37544,37536,0,8,0,0.9997869166844237,145977.04081951204,0.5770335515594084,127944,51,27.9943170327427
380,92,8,1.1237759999999994,435.2350009175667,92,92,0,0,0,0,37636,37636,37628,0,8,0,0.9997874375597832,145933.9618047626,0.576981900039839,128276,52,27.9470656327309
381,92,8,1.0453439999999998,436.2803449175667,92,92,0,0,0,0,37728,37728,37720,0,8,0,0.9997879558948262,145904.8264299585,0.5768044118199743,128596,52,27.90403803746267
382,92,8,1.2923520000000002,437.5726969175667,92,92,0,0,0,0,37820,37820,37812,0,8,0,0.9997884717080909,145853.0672722095,0.5768896360162733,128967,52,27.851460025079053
383,92,8,1.0434880000000002,438.6161849175667,92,92,0,0,0,0,37912,37912,37904,0,8,0,0.9997889850179362,145811.2723588157,0.5767757424136726,129284,52,27.809378141157236
384,92,8,1.1525759999999992,439.76876091756674,92,92,0,0,0,0,38004,38004,37996,0,8,0,0.9997894958425428,145760.60351866495,0.5767888759829715,129629,52,27.763761856800613
385,92,8,0.9690239999999996,440.7377849175667,92,92,0,0,0,0,38096,38096,38088,0,8,0,0.999790004199916,145717.08212403874,0.5765572890993075,129935,52,27.72453655551576
386,92,8,1.1628799999999992,441.9006649175667,92,92,0,0,0,0,38188,38188,38180,0,8,0,0.9997905101078873,145669.02725074644,0.5766274364223528,130275,52,27.680300150836047
387,92,8,1.1737600000000001,443.0744249175667,92,92,0,0,0,0,38280,38280,38272,0,8,0,0.999791013584117,145635.63223493486,0.5766698811109308,130626,52,27.630962848168643
388,92,8,1.2212159999999994,444.29564091756674,92,92,0,0,0,0,38372,38372,38364,0,8,0,0.9997915146460961,145581.6038762369,0.5767863826843401,130984,52,27.580279481886794
389,92,8,1.3587199999999997,445.65436091756675,92,92,0,0,0,0,38464,38464,38456,0,8,0,0.9997920133111481,145553.8948759406,0.5771415071933816,131366,52,27.525200174245725
390,91,9,1.0315218699518727,446.6858827875186,92,91,0,1,0,0,38556,38556,38547,0,9,0,0.9997665732959851,145515.44721846364,0.5770364095499995,131676,52,27.4807768980714
391,90,10,1.2028564764392389,447.88873926395786,91,90,0,1,0,0,38647,38647,38637,0,10,0,0.9997412477035734,145458.0887812971,0.5772494904841607,132028,52,27.43562959470504
392,90,10,1.0901119999999995,448.97885126395784,90,90,0,0,0,0,38737,38737,38727,0,10,0,0.9997418488783334,145400.82637794517,0.5772373910197864,132355,52,27.394088926721615
393,88,12,1.1705613108607056,450.14941257481854,90,88,0,2,0,0,38827,38827,38815,0,12,0,0.9996909367192933,145361.6380963826,0.577303298977113,132693,52,27.349323791334363
394,88,12,1.1812479999999992,451.3306605748185,88,88,0,0,0,0,38915,38915,38903,0,12,0,0.9996916356160863,145300.0155506361,0.5773969543600648,133039,52,27.30670544022021
395,88,12,1.0499199999999995,452.3805805748185,88,88,0,0,0,0,39003,39003,38991,0,12,0,0.9996923313591263,145251.75222266748,0.5773815440733865,133355,52,27.26481710606538
396,87,13,1.0348909986568993,453.41547157347543,88,87,0,1,0,0,39091,39091,39078,0,13,0,0.9996674426338543,145199.33290218885,0.5773108457691195,133672,52,27.227700126714744
397,86,14,0.9630910650198522,454.3785626384953,87,86,0,1,0,0,39178,39178,39164,0,14,0,0.9996426565929859,145140.77340499242,0.5771130545841222,133968,52,27.19342678538759
398,86,14,1.140703999999999,455.51926663849525,86,86,0,0,0,0,39264,39264,39250,0,14,0,0.9996434392828036,145087.06182223826,0.5770504885168466,134303,52,27.15353375486154
399,86,14,1.0636479999999997,456.58291463849525,86,86,0,0,0,0,39350,39350,39336,0,14,0,0.9996442185514612,145043.18465887802,0.5769271994876525,134618,52,27.11361605568835
400,85,15,1.282027174367424,457.8649418128627,86,85,0,1,0,0,39436,39436,39421,0,15,0,0.9996196368800081,145029.78921487395,0.5770383337599504,134981,52,27.067283123400575
401,83,17,1.0216621209330283,458.8866039337957,85,83,0,2,0,0,39521,39521,39504,0,17,0,0.9995698489410693,144971.13541714483,0.5768361935963762,135292,52,27.0306606459859
402,83,17,1.1152639999999994,460.0018679337957,83,83,0,0,0,0,39604,39604,39587,0,17,0,0.9995707504292496,144936.40275738057,0.5767583664171317,135620,52,26.991490202854344
403,82,18,1.0893646145991829,461.0912325483949,83,82,0,1,0,0,39687,39687,39669,0,18,0,0.9995464509789099,144890.28479410103,0.5766541741828121,135943,52,26.952153914805084
404,82,18,1.1523520000000003,462.2435845483949,82,82,0,0,0,0,39769,39769,39751,0,18,0,0.9995473861550453,144846.09032576025,0.5766406162028423,136276,52,26.91210716953853
405,82,18,1.0583680000000002,463.30195254839487,82,82,0,0,0,0,39851,39851,39833,0,18,0,0.9995483174826227,144796.03988500914,0.576501501616213,136592,52,26.87593294716678
406,82,18,0.9982080000000002,464.30016054839484,82,82,0,0,0,0,39933,39933,39915,0,18,0,0.9995492449853505,144741.72897253445,0.5762829181260052,136896,52,26.840321603143636
407,82,18,0.948544,465.24870454839487,82,82,0,0,0,0,40015,40015,39997,0,18,0,0.9995501686867425,144704.07621091412,0.5760823001708807,137184,52,26.806828168891887
408,81,19,1.018608368205352,466.26731291660025,82,81,0,1,0,0,40097,40097,40078,0,19,0,0.9995261490884605,144658.5984723842,0.5759787094402852,137488,52,26.770982823190607
409,81,19,1.238175999999999,467.50548891660026,81,81,0,0,0,0,40178,40178,40159,0,19,0,0.9995271043854846,144606.93532533088,0.5760073441945468,137836,52,26.72825053226954
410,80,20,1.0764745344078739,468.5819634510081,81,80,0,1,0,0,40259,40259,40239,0,20,0,0.9995032166720484,144578.2835964474,0.575912164677025,138155,52,26.6929259528973
411,79,21,1.010414260237503,469.5923777112456,80,79,0,1,0,0,40339,40339,40318,0,21,0,0.9994794119834404,144514.1173942331,0.5757678200780145,138462,52,26.656987438393738
412,78,22,1.1289495649591885,470.7213272762048,79,78,0,1,0,0,40418,40418,40396,0,22,0,0.9994556880597754,144470.32683542848,0.5757900343011546,138786,52,26.61912844049231
413,77,23,1.021868346500216,471.74319562270506,78,77,0,1,0,0,40496,40496,40473,0,23,0,0.999432042670881,144429.44515619997,0.5757868914201778,139089,52,26.583620979627273
414,77,23,0.9886399999999994,472.73183562270503,77,77,0,0,0,0,40573,40573,40550,0,23,0,0.9994331205481478,144371.18648905744,0.5756861648657897,139379,52,26.551268349658844
415,77,23,0.8441599999999996,473.575995622705,77,77,0,0,0,0,40650,40650,40627,0,23,0,0.9994341943419435,144337.63668726542,0.5754251608539629,139646,52,26.524158246956617
416,77,23,0.9670399999999996,474.543035622705,77,77,0,0,0,0,40727,40727,40704,0,23,0,0.999435264075429,144297.7240412876,0.5752760209073893,139935,52,26.49112700713467
417,77,23,0.9822719999999991,475.52530762270504,77,77,0,0,0,0,40804,40804,40781,0,23,0,0.999436329771591,144255.556750361,0.5751565620206666,140229,52,26.460355601214754
418,77,23,0.9068159999999998,476.43212362270503,77,77,0,0,0,0,40881,40881,40858,0,23,0,0.9994373914532423,144221.559783853,0.5749927410251647,140505,52,26.429780570237263
419,77,23,1.1804479999999993,477.61257162270505,77,77,0,0,0,0,40958,40958,40935,0,23,0,0.9994384491430246,144155.7029499408,0.5751331474170178,140844,52,26.391873404827596
420,77,23,0.9493119999999999,478.56188362270507,77,77,0,0,0,0,41035,41035,41012,0,23,0,0.9994395028634093,144118.65708547577,0.5749854713333955,141133,52,26.36125792657986
421,77,23,1.2287359999999998,479.7906196227051,77,77,0,0,0,0,41112,41112,41089,0,23,0,0.9994405526366997,144074.96347960856,0.575104655342824,141481,52,26.321016596611177
422,77,23,1.3995199999999992,481.1901396227051,77,77,0,0,0,0,41189,41189,41166,0,23,0,0.9994415984850324,143978.84390216824,0.5754717584532193,141859,52,26.274524072679057
423,76,24,1.0928709402031578,482.28301056290826,77,76,0,1,0,0,41266,41266,41242,0,24,0,0.9994184074056124,143908.64799278878,0.5755440230334481,142171,52,26.239076623192677
424,76,24,1.0100479999999998,483.29305856290824,76,76,0,0,0,0,41342,41342,41318,0,24,0,0.9994194765613662,143836.95103485842,0.5754044332869325,142471,52,26.20537506301086
425,76,24,1.2177599999999997,484.51081856290824,76,76,0,0,0,0,41418,41418,41394,0,24,0,0.9994205417934231,143794.8655236356,0.5754802270626121,142809,52,26.168044476808397
426,76,24,1.2768319999999995,485.78765056290825,76,76,0,0,0,0,41494,41494,41470,0,24,0,0.9994216031233432,143739.95699373502,0.5754819161670528,143168,52,26.12681572368143
427,76,24,1.0422079999999996,486.82985856290827,76,76,0,0,0,0,41570,41570,41546,0,24,0,0.9994226605725283,143668.1805147785,0.575248467720525,143467,52,26.09329228205866
428,76,24,1.071424,487.90128256290825,76,76,0,0,0,0,41646,41646,41622,0,24,0,0.9994237141622244,143590.3255510852,0.5750382445962546,143780,52,26.05777281665854
429,76,24,1.1231680000000002,489.02445056290827,76,76,0,0,0,0,41722,41722,41698,0,24,0,0.9994247639135229,143521.0528210007,0.574919986794133,144108,52,26.022003186958607
430,76,24,1.6533439999999997,490.6777945629083,76,76,0,0,0,0,41798,41798,41774,0,24,0,0.9994258098473611,143447.79564092532,0.5753592591031377,144546,52,25.970634517284687
431,76,24,1.1090239999999996,491.78681856290825,76,76,0,0,0,0,41874,41874,41850,0,24,0,0.999426851984525,143397.09267945567,0.5752841353972,144877,52,25.933811934012354
432,76,24,1.0632639999999998,492.85008256290826,76,76,0,0,0,0,41950,41950,41926,0,24,0,0.9994278903456496,143354.7005462494,0.5751459610498783,145188,52,25.89875026815641
433,76,24,0.958336,493.80841856290823,76,76,0,0,0,0,42026,42026,42002,0,24,0,0.9994289249512207,143308.1764906864,0.5749244347265969,145475,52,25.8683939212678
434,76,24,0.8562559999999997,494.6646745629082,76,76,0,0,0,0,42102,42102,42078,0,24,0,0.9994299558215761,143276.4368359737,0.5746654376105284,145739,52,25.840858674841865
435,76,24,1.0767359999999995,495.7414105629082,76,76,0,0,0,0,42178,42178,42154,0,24,0,0.9994309829769074,143231.39944951114,0.5745669910410812,146054,52,25.806074825073555
436,76,24,1.1942079999999993,496.9356185629082,76,76,0,0,0,0,42254,42254,42230,0,24,0,0.9994320064372604,143191.63558003656,0.5745458185412334,146398,52,25.76811518067497
437,76,24,1.0197439999999998,497.9553625629082,76,76,0,0,0,0,42330,42330,42306,0,24,0,0.9994330262225372,143147.77058153448,0.5744079863291337,146700,52,25.734635446511653
438,76,24,0.919392,498.8747545629082,76,76,0,0,0,0,42406,42406,42382,0,24,0,0.9994340423524973,143126.50489311575,0.5741689033579171,146981,52,25.706043621704257
439,76,24,1.1936000000000004,500.0683545629082,76,76,0,0,0,0,42482,42482,42458,0,24,0,0.9994350548467587,143105.988105467,0.5741879123580453,147322,52,25.6688543688156
440,76,24,1.035936,501.1042905629082,76,76,0,0,0,0,42558,42558,42534,0,24,0,0.9994360637247991,143073.46664196943,0.5740545385688375,147626,52,25.63609886778923
441,76,24,1.7812799999999986,502.8855705629082,76,76,0,0,0,0,42634,42634,42610,0,24,0,0.9994370690059576,143044.12019513562,0.5745977627747113,148092,52,25.57934690148137
442,76,24,1.6890239999999994,504.5745945629082,76,76,0,0,0,0,42710,42710,42686,0,24,0,0.9994380707094357,142997.4175820386,0.5750750218872887,148539,52,25.52723771396003
443,76,24,1.5781759999999991,506.1527705629082,76,76,0,0,0,0,42786,42786,42762,0,24,0,0.9994390688542981,142954.0885838281,0.5754226706217774,148964,52,25.475114934240718
444,76,24,1.4718399999999996,507.6246105629082,76,76,0,0,0,0,42862,42862,42838,0,24,0,0.9994400634594746,142918.71294331038,0.5756596360613405,149366,52,25.427466461660533
445,76,24,1.7687359999999996,509.39334656290816,76,76,0,0,0,0,42938,42938,42914,0,24,0,0.9994410545437608,142889.21614529,0.576174089249849,149833,52,25.369475227909263
446,76,24,1.5056959999999997,510.89904256290816,76,76,0,0,0,0,43014,43014,42990,0,24,0,0.9994420421258196,142853.80460663777,0.5764503187410138,150241,52,25.320891549480972
447,76,24,1.5584319999999994,512.4574745629081,76,76,0,0,0,0,43090,43090,43066,0,24,0,0.9994430262241819,142822.41870396468,0.5767816717385496,150656,52,25.26817106020382
448,76,24,1.4722879999999994,513.9297625629082,76,76,0,0,0,0,43166,43166,43142,0,24,0,0.9994440068572488,142777.82947240403,0.5770579248955651,151059,52,25.21946617128894
449,76,24,1.5163519999999995,515.4461145629082,76,76,0,0,0,0,43242,43242,43218,0,24,0,0.9994449840432913,142739.37453654144,0.5773767083253548,151470,52,25.170226057124946
450,76,24,1.8242559999999983,517.2703705629082,76,76,0,0,0,0,43318,43318,43294,0,24,0,0.9994459578004524,142708.82733853097,0.5779507391551406,151938,52,25.112841275959966
451,76,24,1.5317439999999989,518.8021145629082,76,76,0,0,0,0,43394,43394,43370,0,24,0,0.9994469281467484,142710.28957231122,0.578328745340206,152347,52,25.06634755661085
452,76,24,1.3189439999999995,520.1210585629082,76,76,0,0,0,0,43470,43470,43446,0,24,0,0.999447895100069,142702.50123130297,0.5785534389828085,152709,52,25.024585226170082
453,76,24,1.0647359999999997,521.1857945629082,76,76,0,0,0,0,43546,43546,43522,0,24,0,0.9994488586781793,142693.8200845829,0.5785093859294794,153023,52,24.992085522752063
454,76,24,1.1149119999999995,522.3007065629082,76,76,0,0,0,0,43622,43622,43598,0,24,0,0.9994498188987209,142669.79742449362,0.5784954724270381,153346,52,24.958060803828303
455,76,24,1.1630399999999992,523.4637465629082,76,76,0,0,0,0,43698,43698,43674,0,24,0,0.9994507757792118,142642.20682000302,0.5785601712549925,153682,52,24.921608491328865
456,76,24,1.1478719999999998,524.6116185629082,76,76,0,0,0,0,43774,43774,43750,0,24,0,0.9994517293370494,142631.64091747484,0.5786450602068417,154007,52,24.884603482404614
457,76,24,1.0568319999999995,525.6684505629082,76,76,0,0,0,0,43850,43850,43826,0,24,0,0.9994526795895097,142621.0607079756,0.5786051273796704,154319,52,24.851406065497937
458,76,24,1.4654399999999992,527.1338905629082,76,76,0,0,0,0,43926,43926,43902,0,24,0,0.9994536265537495,142618.90071176918,0.5789216865078064,154715,52,24.807187649534832
459,76,24,0.8748479999999998,528.0087385629082,76,76,0,0,0,0,44002,44002,43978,0,24,0,0.999454570246807,142597.7005701193,0.5786988249059906,154987,52,24.77801497561691
460,76,24,0.9537919999999998,528.9625305629082,76,76,0,0,0,0,44078,44078,44054,0,24,0,0.9994555106856028,142560.66099757847,0.5785085390256723,155280,52,24.74700451904146
461,76,24,0.975424,529.9379545629082,76,76,0,0,0,0,44154,44154,44130,0,24,0,0.9994564478869412,142523.0545381405,0.5783752954182146,155571,52,24.716500510476013
462,76,24,0.9568,530.8947545629082,76,76,0,0,0,0,44230,44230,44206,0,24,0,0.9994573818675108,142483.607814657,0.5781721144492046,155860,52,24.68487440316105
463,76,24,0.9670399999999999,531.8617945629082,76,76,0,0,0,0,44306,44306,44282,0,24,0,0.9994583126438857,142441.42514929085,0.5780095922508152,156149,53,24.652666079105774
464,76,24,1.0151359999999998,532.8769305629082,76,76,0,0,0,0,44382,44382,44358,0,24,0,0.9994592402325267,142389.35042627546,0.5779123966946026,156452,53,24.62036124810841
465,76,24,0.9250559999999994,533.8019865629083,76,76,0,0,0,0,44458,44458,44434,0,24,0,0.9994601646497818,142343.35935923952,0.5777070790153381,156731,53,24.590758671825597
466,76,24,0.9192319999999997,534.7212185629082,76,76,0,0,0,0,44534,44534,44510,0,24,0,0.9994610859118875,142295.60630582762,0.5775227157362731,157014,53,24.559859168306325
467,76,24,1.0026239999999997,535.7238425629082,76,76,0,0,0,0,44610,44610,44586,0,24,0,0.9994620040349698,142253.70973861607,0.5773686426664612,157315,53,24.52766937832192
468,76,24,0.8770559999999997,536.6008985629082,76,76,0,0,0,0,44686,44686,44662,0,24,0,0.9994629190350446,142218.1293478645,0.5771681658323775,157589,53,24.49939398560587
469,76,24,0.9068799999999996,537.5077785629082,76,76,0,0,0,0,44762,44762,44738,0,24,0,0.9994638309280193,142188.8408840118,0.5769849444965892,157864,53,24.470559891177302
470,76,24,0.9678079999999994,538.4755865629082,76,76,0,0,0,0,44838,44838,44814,0,24,0,0.9994647397296935,142155.76325122258,0.5768786878982912,158155,53,24.438938024427145
471,76,24,0.8383999999999999,539.3139865629082,76,76,0,0,0,0,44914,44914,44890,0,24,0,0.9994656454557599,142126.3195647886,0.5766410372072607,158413,53,24.411759205839314
472,76,24,0.8539199999999993,540.1679065629082,76,76,0,0,0,0,44990,44990,44966,0,24,0,0.9994665481218048,142092.38103089936,0.5763999391691728,158678,53,24.384899306674306
473,76,24,1.9046399999999983,542.0725465629082,76,76,0,0,0,0,45066,45066,45042,0,24,0,0.9994674477433099,142072.03904406272,0.5770566458238128,159169,54,24.323866501355745
474,76,24,1.4814079999999996,543.5539545629082,76,76,0,0,0,0,45142,45142,45118,0,24,0,0.9994683443356519,142047.5729260177,0.5773464423438505,159571,54,24.27647371769903
475,76,24,1.5229439999999987,545.0768985629082,76,76,0,0,0,0,45218,45218,45194,0,24,0,0.999469237914105,142027.56382467618,0.577639038860415,159983,54,24.22736046960557
476,76,24,1.461759999999999,546.5386585629083,76,76,0,0,0,0,45294,45294,45270,0,24,0,0.9994701284938402,141990.48280327205,0.5779732545732238,160383,55,24.181058348331163
477,76,24,1.766335999999998,548.3049945629083,76,76,0,0,0,0,45370,45370,45346,0,24,0,0.9994710160899273,141995.3215309756,0.5785067257768262,160841,55,24.1228520386952
478,76,24,1.1655679999999993,549.4705625629083,76,76,0,0,0,0,45446,45446,45422,0,24,0,0.9994719007173348,141991.15533339893,0.5784973995769486,161172,55,24.08399942916058
479,76,24,0.9774079999999997,550.4479705629083,76,76,0,0,0,0,45522,45522,45498,0,24,0,0.9994727823909318,141974.69003306757,0.5783385981811939,161465,55,24.052010354740094
480,76,24,1.2021119999999996,551.6500825629082,76,76,0,0,0,0,45598,45598,45574,0,24,0,0.999473661125488,141958.6409489382,0.5784115375595404,161806,55,24.012263920571073
481,76,24,0.9822079999999997,552.6322905629082,76,76,0,0,0,0,45674,45674,45650,0,24,0,0.9994745369356746,141938.3437042771,0.5782479738260211,162101,55,23.981472563896556
482,75,25,1.311087318908564,553.9433778818168,76,75,0,1,0,0,45750,45750,45725,0,25,0,0.9994535519125683,141932.77352757537,0.5783779310292096,162463,56,23.94005204170017
483,75,25,0.8223679999999994,554.7657458818168,75,75,0,0,0,0,45825,45825,45800,0,25,0,0.9994544462629569,141900.09492181265,0.5781318908388445,162723,56,23.914258106019687
484,75,25,0.9666879999999995,555.7324338818167,75,75,0,0,0,0,45900,45900,45875,0,25,0,0.9994553376906318,141856.22287571043,0.5780517890957158,163016,56,23.88232647277397
485,75,25,0.8868159999999996,556.6192498818167,75,75,0,0,0,0,45975,45975,45950,0,25,0,0.9994562262098967,141821.13898640926,0.577880458086578,163291,56,23.853245487576288
486,75,25,0.8485759999999996,557.4678258818167,75,75,0,0,0,0,46050,46050,46025,0,25,0,0.999457111834962,141792.43416418709,0.5776512608631871,163555,56,23.826385119690844
487,75,25,0.851904,558.3197298818167,75,75,0,0,0,0,46125,46125,46100,0,25,0,0.9994579945799458,141760.06285279169,0.5774715798975898,163819,56,23.800364164063648
488,75,25,0.8084799999999993,559.1282098818167,75,75,0,0,0,0,46200,46200,46175,0,25,0,0.9994588744588745,141724.90423394935,0.5772360184854335,164074,56,23.773866038301783
489,75,25,0.8362559999999997,559.9644658818167,75,75,0,0,0,0,46275,46275,46250,0,25,0,0.9994597514856834,141677.37567966303,0.5771003670881436,164337,56,23.747083036384595
490,75,25,0.8777279999999997,560.8421938818168,75,75,0,0,0,0,46350,46350,46325,0,25,0,0.9994606256742179,141650.89728741194,0.5769070679360608,164602,56,23.71842207280363
491,75,25,0.8838399999999995,561.7260338818168,75,75,0,0,0,0,46425,46425,46400,0,25,0,0.9994614970382337,141613.5895469932,0.5767365060867724,164871,56,23.690099334336317
492,75,25,1.0420159999999996,562.7680498818168,75,75,0,0,0,0,46500,46500,46475,0,25,0,0.9994623655913979,141568.80444213396,0.576688818384848,165175,56,23.65692044585964
493,75,25,0.9373119999999994,563.7053618818168,75,75,0,0,0,0,46575,46575,46550,0,25,0,0.9994632313472893,141544.3694444194,0.5765583531391947,165458,56,23.626919611882258
494,75,25,0.86416,564.5695218818167,75,75,0,0,0,0,46650,46650,46625,0,25,0,0.9994640943193998,141509.03458923168,0.5763281560273416,165723,56,23.597935793105037
495,75,25,0.8906559999999997,565.4601778818168,75,75,0,0,0,0,46725,46725,46700,0,25,0,0.9994649545211343,141464.66034027023,0.5761210900855974,165996,56,23.56920704102009
496,75,25,0.8955519999999998,566.3557298818167,75,75,0,0,0,0,46800,46800,46775,0,25,0,0.999465811965812,141431.08257545976,0.5759482144567928,166274,56,23.540620311515518
497,75,25,0.9319039999999995,567.2876338818168,75,75,0,0,0,0,46875,46875,46850,0,25,0,0.9994666666666666,141394.83960038252,0.5757635984489073,166559,56,23.51144620775104
498,75,25,0.8844159999999999,568.1720498818167,75,75,0,0,0,0,46950,46950,46925,0,25,0,0.9994675186368477,141361.9272836575,0.5755551482478483,166833,56,23.483296826879133
499,75,25,0.9217919999999994,569.0938418818167,75,75,0,0,0,0,47025,47025,47000,0,25,0,0.9994683678894205,141317.796963091,0.5754350153987771,167118,56,23.45393617433452
500,75,25,1.0160959999999997,570.1099378818167,75,75,0,0,0,0,47100,47100,47075,0,25,0,0.9994692144373672,141270.8157644778,0.5753864627053358,167417,56,23.42147911306787
501,75,25,0.8380160000000002,570.9479538818167,75,75,0,0,0,0,47175,47175,47150,0,25,0,0.9994700582935877,141239.28363651186,0.5751335250909739,167674,56,23.394401457936457
502,75,25,0.8355199999999999,571.7834738818167,75,75,0,0,0,0,47250,47250,47225,0,25,0,0.9994708994708995,141206.52954843576,0.574858329871039,167932,56,23.367069502314024
503,75,25,0.9378239999999995,572.7212978818167,75,75,0,0,0,0,47325,47325,47300,0,25,0,0.9994717379820391,141143.2616509414,0.5746378837258006,168218,56,23.33681022440728
504,75,25,0.8567679999999996,573.5780658818167,75,75,0,0,0,0,47400,47400,47375,0,25,0,0.9994725738396625,141101.11389209886,0.5744032760877636,168484,56,23.30827893460842
505,75,25,0.9017280000000001,574.4797938818167,75,75,0,0,0,0,47475,47475,47450,0,25,0,0.9994734070563455,141058.0648144967,0.574154677274366,168761,56,23.279858493386584
506,75,25,0.9716479999999998,575.4514418818167,75,75,0,0,0,0,47550,47550,47525,0,25,0,0.9994742376445847,141022.76246736132,0.5739937421721769,169050,56,23.248653759650196
507,75,25,1.028704,576.4801458818166,75,75,0,0,0,0,47625,47625,47600,0,25,0,0.9994750656167979,140978.48222627482,0.5738361169137913,169354,56,23.21527156093825
508,75,25,1.0102080000000002,577.4903538818166,75,75,0,0,0,0,47700,47700,47675,0,25,0,0.999475890985325,140939.10911740814,0.5736613716450235,169650,56,23.182737340640625
509,75,25,0.8326399999999999,578.3229938818166,75,75,0,0,0,0,47775,47775,47750,0,25,0,0.9994767137624281,140918.15276612394,0.5734156802809838,169915,56,23.15680614767608
510,75,25,0.9411519999999998,579.2641458818166,75,75,0,0,0,0,47850,47850,47825,0,25,0,0.9994775339602926,140873.97015704293,0.5732045855011499,170197,56,23.125195569389785
511,75,25,1.0236800000000001,580.2878258818166,75,75,0,0,0,0,47925,47925,47900,0,25,0,0.9994783515910276,140859.75330567642,0.5730776557347441,170501,56,23.09333035913787
512,75,25,0.8778559999999999,581.1656818818166,75,75,0,0,0,0,48000,48000,47975,0,25,0,0.9994791666666667,140838.84604983407,0.5728243648179012,170769,56,23.063878996593555
513,75,25,1.014528,582.1802098818166,75,75,0,0,0,0,48075,48075,48050,0,25,0,0.999479979199168,140819.43461568802,0.5726720209412512,171065,56,23.03253563810616
514,75,25,0.9409919999999998,583.1212018818167,75,75,0,0,0,0,48150,48150,48125,0,25,0,0.9994807892004154,140776.57909725164,0.5724827785602078,171349,56,23.001922393276494
515,75,25,1.14432,584.2655218818167,75,75,0,0,0,0,48225,48225,48200,0,25,0,0.9994815966822188,140746.54231716567,0.5724334426248169,171678,56,22.965553906724384
516,75,25,1.1303039999999995,585.3958258818167,75,75,0,0,0,0,48300,48300,48275,0,25,0,0.9994824016563147,140694.1770996292,0.5723829309330939,172000,56,22.928994967612017
517,75,25,1.0785599999999993,586.4743858818167,75,75,0,0,0,0,48375,48375,48350,0,25,0,0.999483204134367,140638.68087944278,0.5722819636593982,172313,56,22.894943500603013
518,75,25,0.9259519999999997,587.4003378818168,75,75,0,0,0,0,48450,48450,48425,0,25,0,0.999484004127967,140598.1213729168,0.572099189570399,172594,56,22.86635526399498
519,75,25,0.8831999999999997,588.2835378818168,75,75,0,0,0,0,48525,48525,48500,0,25,0,0.9994848016486347,140561.8527041157,0.5718781518982664,172867,56,22.837013617373387
520,75,25,1.2841599999999997,589.5676978818168,75,75,0,0,0,0,48600,48600,48575,0,25,0,0.9994855967078189,140521.94565212989,0.5719845492380723,173228,58,22.793643957032362
521,75,25,1.0179839999999996,590.5856818818168,75,75,0,0,0,0,48675,48675,48650,0,25,0,0.9994863893168978,140486.72452679471,0.5718977555469162,173526,58,22.76092591550245
522,75,25,0.9311679999999997,591.5168498818167,75,75,0,0,0,0,48750,48750,48725,0,25,0,0.9994871794871795,140450.76148988644,0.5717503709298293,173808,58,22.73118578700766
523,75,25,1.2121919999999997,592.7290418818167,75,75,0,0,0,0,48825,48825,48800,0,25,0,0.9994879672299027,140414.22997558236,0.57180927737035,174151,58,22.691585351333178
524,75,25,0.9805759999999997,593.7096178818167,75,75,0,0,0,0,48900,48900,48875,0,25,0,0.9994887525562373,140381.08443880844,0.5717163645982589,174438,58,22.66077371393582
525,75,25,1.108768,594.8183858818168,75,75,0,0,0,0,48975,48975,48950,0,25,0,0.9994895354772844,140336.71113956696,0.5716813698845458,174761,58,22.626289909878434
526,75,25,0.9732159999999999,595.7916018818167,75,75,0,0,0,0,49050,49050,49025,0,25,0,0.9994903160040775,140297.39213507882,0.5715850761896606,175047,58,22.594810283041994
527,75,25,0.8936959999999997,596.6852978818167,75,75,0,0,0,0,49125,49125,49100,0,25,0,0.9994910941475827,140266.59664166413,0.5713940927176041,175319,58,22.56640597473332
528,75,25,0.9554879999999994,597.6407858818167,75,75,0,0,0,0,49200,49200,49175,0,25,0,0.9994918699186992,140234.84671706028,0.5712450956067142,175608,58,22.53605034223088
529,75,25,1.160064,598.8008498818167,75,75,0,0,0,0,49275,49275,49250,0,25,0,0.9994926433282597,140202.51310025627,0.5712340333915457,175939,58,22.49981897837034
530,75,25,1.09296,599.8938098818167,75,75,0,0,0,0,49350,49350,49325,0,25,0,0.9994934143870314,140151.59119005344,0.571142390120104,176255,58,22.463306593202493
531,75,25,1.0427519999999995,600.9365618818166,75,75,0,0,0,0,49425,49425,49400,0,25,0,0.9994941831057157,140095.759419872,0.5710706824405836,176564,58,22.430792408622974
532,75,25,1.0310079999999997,601.9675698818166,75,75,0,0,0,0,49500,49500,49475,0,25,0,0.9994949494949495,140057.56492256297,0.5709657731124543,176863,58,22.397054028533393
533,75,25,1.10144,603.0690098818167,75,75,0,0,0,0,49575,49575,49550,0,25,0,0.9994957135653051,140021.50768209464,0.5709448295648215,177179,58,22.359884219453335
534,75,25,1.6121599999999985,604.6811698818167,75,75,0,0,0,0,49650,49650,49625,0,25,0,0.999496475327291,140005.60331082632,0.5713505717120257,177604,58,22.307704890409504
535,75,25,1.4431679999999996,606.1243378818167,75,75,0,0,0,0,49725,49725,49700,0,25,0,0.9994972347913524,139983.3049049149,0.5715713854599939,177995,58,22.260529776733495
536,75,25,1.1089599999999995,607.2332978818167,75,75,0,0,0,0,49800,49800,49775,0,25,0,0.9994979919678715,139970.73002498984,0.5715113674228502,178311,58,22.224763521453326
537,75,25,1.2679039999999995,608.5012018818168,75,75,0,0,0,0,49875,49875,49850,0,25,0,0.9994987468671679,139951.36860311395,0.5715804498593048,178664,58,22.184351499938614
538,75,25,1.1797440000000001,609.6809458818168,75,75,0,0,0,0,49950,49950,49925,0,25,0,0.9994994994994995,139946.08914108868,0.5715974690341371,179003,59,22.145888521226475
539,75,25,1.1223359999999998,610.8032818818168,75,75,0,0,0,0,50025,50025,50000,0,25,0,0.9995002498750625,139941.29130520733,0.5715697856352868,179326,59,22.10863270344245
540,75,25,1.1656639999999991,611.9689458818168,75,75,0,0,0,0,50100,50100,50075,0,25,0,0.9995009980039921,139918.707601441,0.5715736176930045,179660,61,22.070123125709735
541,75,25,1.164256,613.1332018818168,75,75,0,0,0,0,50175,50175,50150,0,25,0,0.9995017438963627,139903.7464236593,0.5715644640938138,179992,61,22.03231308714656
542,75,25,1.2532159999999997,614.3864178818168,75,75,0,0,0,0,50250,50250,50225,0,25,0,0.9995024875621891,139891.06122546605,0.5716618938449867,180344,61,21.991321177078976
543,75,25,2.1359359999999974,616.5223538818168,75,75,0,0,0,0,50325,50325,50300,0,25,0,0.9995032290114257,139853.26477963896,0.5724691283241579,180884,61,21.922102210978785
544,75,25,1.546399999999999,618.0687538818167,75,75,0,0,0,0,50400,50400,50375,0,25,0,0.9995039682539683,139804.79591842074,0.5728578530442846,181302,61,21.87162222491815
545,75,25,1.4966079999999995,619.5653618818168,75,75,0,0,0,0,50475,50475,50450,0,25,0,0.9995047052996533,139762.72614239142,0.5732064580973054,181707,61,21.824531240360862
546,75,25,1.544447999999999,621.1098098818168,75,75,0,0,0,0,50550,50550,50525,0,25,0,0.9995054401582592,139718.75281846282,0.5736279737011626,182120,61,21.772844925760523
547,75,25,1.515711999999999,622.6255218818168,75,75,0,0,0,0,50625,50625,50600,0,25,0,0.9995061728395062,139682.870270307,0.5740161442534796,182532,61,21.723236957471755
548,75,25,1.6590079999999987,624.2845298818168,75,75,0,0,0,0,50700,50700,50675,0,25,0,0.9995069033530573,139595.29642116523,0.5745558623315004,182978,61,21.672348716809154
549,75,25,2.137855999999998,626.4223858818167,75,75,0,0,0,0,50775,50775,50750,0,25,0,0.999507631708518,139528.9471926535,0.5754141579471436,183525,62,21.6077187679736
550,75,25,1.0943039999999995,627.5166898818167,75,75,0,0,0,0,50850,50850,50825,0,25,0,0.9995083579154376,139503.18359896843,0.5754413493337595,183844,62,21.57274077343381
551,75,25,0.9969919999999992,628.5136818818166,75,75,0,0,0,0,50925,50925,50900,0,25,0,0.9995090819833088,139449.998506923,0.5753976544600433,184147,62,21.5435460916759
552,75,25,0.9883519999999999,629.5020338818166,75,75,0,0,0,0,51000,51000,50975,0,25,0,0.9995098039215686,139418.38989590452,0.5752882168141638,184450,62,21.51269321517917
553,75,25,1.0473279999999996,630.5493618818166,75,75,0,0,0,0,51075,51075,51050,0,25,0,0.9995105237395986,139368.69230623543,0.575263425586478,184765,62,21.481819786780026
554,75,25,1.1786559999999997,631.7280178818166,75,75,0,0,0,0,51150,51150,51125,0,25,0,0.9995112414467253,139309.35704748819,0.5752998291329081,185107,63,21.445835222807034
555,75,25,1.0788159999999996,632.8068338818166,75,75,0,0,0,0,51225,51225,51200,0,25,0,0.9995119570522206,139256.95375226915,0.5752909772805544,185426,63,21.41357252608914
556,75,25,1.0990719999999998,633.9059058818166,75,75,0,0,0,0,51300,51300,51275,0,25,0,0.9995126705653021,139215.1598228727,0.5753268764310883,185757,63,21.381074897069894
557,75,25,0.9947519999999993,634.9006578818165,75,75,0,0,0,0,51375,51375,51350,0,25,0,0.9995133819951338,139162.5207867507,0.5752695342028632,186060,63,21.352199837140514
558,75,25,0.9536319999999996,635.8542898818165,75,75,0,0,0,0,51450,51450,51425,0,25,0,0.999514091350826,139115.2555036487,0.5751891169970996,186355,63,21.323754992079238
559,75,25,1.1324159999999996,636.9867058818165,75,75,0,0,0,0,51525,51525,51500,0,25,0,0.9995147986414362,139073.2321130045,0.5752144495136776,186693,63,21.289291316902414
560,75,25,0.9245119999999996,637.9112178818166,75,75,0,0,0,0,51600,51600,51575,0,25,0,0.999515503875969,139032.3880719579,0.5751258187541262,186985,63,21.26157068192852
561,75,25,0.8891839999999999,638.8004018818166,75,75,0,0,0,0,51675,51675,51650,0,25,0,0.9995162070633768,139003.10603816411,0.5749897384381806,187265,63,21.235416700109457
562,75,25,1.0800959999999997,639.8804978818166,75,75,0,0,0,0,51750,51750,51725,0,25,0,0.9995169082125603,138948.4447397886,0.5750223743023337,187593,63,21.20269943150023
563,75,25,1.0340479999999994,640.9145458818166,75,75,0,0,0,0,51825,51825,51800,0,25,0,0.9995176073323685,138898.87906587712,0.5750576424560951,187900,63,21.171922477773013
564,75,25,1.2180799999999992,642.1326258818166,75,75,0,0,0,0,51900,51900,51875,0,25,0,0.9995183044315993,138839.74183303458,0.5751879166350549,188253,63,21.137264233256634
565,75,25,1.0865279999999997,643.2191538818166,75,75,0,0,0,0,51975,51975,51950,0,25,0,0.9995189995189995,138793.56586511584,0.5751935166894925,188573,63,21.104044289583076
566,75,25,1.1310399999999992,644.3501938818166,75,75,0,0,0,0,52050,52050,52025,0,25,0,0.9995196926032661,138733.44161109385,0.575204346066461,188914,63,21.07017190772221
567,75,25,1.0541759999999998,645.4043698818166,75,75,0,0,0,0,52125,52125,52100,0,25,0,0.9995203836930455,138700.72806664158,0.5751630223498544,189228,63,21.038852880005773
568,75,25,1.0203519999999995,646.4247218818166,75,75,0,0,0,0,52200,52200,52175,0,25,0,0.9995210727969349,138658.40981308743,0.5751436031998362,189542,63,21.005821658148136
569,75,25,1.0133759999999998,647.4380978818166,75,75,0,0,0,0,52275,52275,52250,0,25,0,0.9995217599234816,138602.76726622373,0.5750692224529635,189848,63,20.976215570418983
570,75,25,0.958976,648.3970738818166,75,75,0,0,0,0,52350,52350,52325,0,25,0,0.9995224450811844,138560.78569592,0.5749825356428888,190142,63,20.947654655697498
571,75,25,1.4063359999999996,649.8034098818166,75,75,0,0,0,0,52425,52425,52400,0,25,0,0.9995231282784931,138500.97834415568,0.5752128670547302,190530,63,20.905828123482255
572,75,25,1.1000319999999992,650.9034418818167,75,75,0,0,0,0,52500,52500,52475,0,25,0,0.9995238095238095,138429.97010355358,0.5751936175716897,190856,64,20.87331182602457
573,75,25,1.0044479999999996,651.9078898818167,75,75,0,0,0,0,52575,52575,52550,0,25,0,0.9995244888254874,138384.5929773219,0.5750828646745431,191162,64,20.842701449077705
574,75,25,1.1288319999999996,653.0367218818167,75,75,0,0,0,0,52650,52650,52625,0,25,0,0.9995251661918328,138345.3594151021,0.5751119657006125,191488,64,20.809324103687093
575,75,25,1.1867519999999996,654.2234738818166,75,75,0,0,0,0,52725,52725,52700,0,25,0,0.9995258416311048,138289.34547882565,0.5751404629077426,191834,64,20.773212429621086
576,75,25,0.9864639999999998,655.2099378818166,75,75,0,0,0,0,52800,52800,52775,0,25,0,0.9995265151515151,138241.02896366295,0.5749937313429722,192136,64,20.74361001430122
577,75,25,1.056896,656.2668338818166,75,75,0,0,0,0,52875,52875,52850,0,25,0,0.9995271867612293,138188.3150540738,0.574926468646649,192453,64,20.71044187423867
578,75,25,1.0412799999999993,657.3081138818167,75,75,0,0,0,0,52950,52950,52925,0,25,0,0.9995278564683664,138134.5735469275,0.5748175127164294,192770,64,20.678504595357126
579,75,25,0.926496,658.2346098818167,75,75,0,0,0,0,53025,53025,53000,0,25,0,0.9995285242809995,138097.49690360526,0.5746468062815817,193056,64,20.65050385183599
580,75,25,1.2400000000000002,659.4746098818167,75,75,0,0,0,0,53100,53100,53075,0,25,0,0.9995291902071564,138035.66450619456,0.574655990298286,193412,64,20.614290429530907
581,75,25,1.0490879999999996,660.5236978818167,75,75,0,0,0,0,53175,53175,53150,0,25,0,0.999529854254819,137982.39229307292,0.5745822446157994,193731,64,20.582805907395795
582,75,25,1.095232,661.6189298818167,75,75,0,0,0,0,53250,53250,53225,0,25,0,0.9995305164319249,137936.74255405876,0.5745032849519807,194054,64,20.5499704475259
583,75,25,0.9996159999999997,662.6185458818167,75,75,0,0,0,0,53325,53325,53300,0,25,0,0.9995311767463666,137894.60100064395,0.5743087375201984,194358,64,20.51996719958357
584,75,25,0.9672959999999998,663.5858418818167,75,75,0,0,0,0,53400,53400,53375,0,25,0,0.9995318352059925,137844.544332956,0.5741071233776616,194652,65,20.490436748365564
585,75,25,1.3100799999999995,664.8959218818167,75,75,0,0,0,0,53475,53475,53450,0,25,0,0.9995324918186068,137791.22564130364,0.5742244076828971,195028,65,20.4504930067919
586,75,25,1.2044799999999996,666.1004018818167,75,75,0,0,0,0,53550,53550,53525,0,25,0,0.9995331465919701,137719.13024048303,0.5742178938269823,195372,65,20.41516786741648
587,75,25,1.2159680000000006,667.3163698818166,75,75,0,0,0,0,53625,53625,53600,0,25,0,0.9995337995337995,137662.76408934707,0.5742240752137051,195727,66,20.378813605538117
588,75,25,1.1857599999999995,668.5021298818166,75,75,0,0,0,0,53700,53700,53675,0,25,0,0.999534450651769,137614.48451370493,0.574226328979234,196067,66,20.34352935443891
589,75,25,1.0088319999999995,669.5109618818166,75,75,0,0,0,0,53775,53775,53750,0,25,0,0.99953509995351,137562.0314582057,0.5741244106523861,196376,66,20.31305546273885
590,75,25,0.9513919999999998,670.4623538818166,75,75,0,0,0,0,53850,53850,53825,0,25,0,0.999535747446611,137515.5032436796,0.5739675246965472,196672,66,20.284678846811936
591,75,25,1.2097279999999997,671.6720818818167,75,75,0,0,0,0,53925,53925,53900,0,25,0,0.9995363931386184,137470.15320527597,0.5740204479589204,197022,66,20.248024964953988
592,75,25,1.2361919999999993,672.9082738818166,75,75,0,0,0,0,54000,54000,53975,0,25,0,0.999537037037037,137408.70723227193,0.5740413806674255,197378,66,20.210650229233902
593,75,25,1.1519999999999992,674.0602738818167,75,75,0,0,0,0,54075,54075,54050,0,25,0,0.9995376791493297,137353.0225521536,0.5740235935936332,197714,66,20.176255546970676
594,75,25,1.4363519999999994,675.4966258818167,75,75,0,0,0,0,54150,54150,54125,0,25,0,0.9995383194829178,137286.9507363387,0.5742014918420146,198111,67,20.13377065423682
595,75,25,1.1572799999999992,676.6539058818167,75,75,0,0,0,0,54225,54225,54200,0,25,0,0.9995389580451821,137234.17421049924,0.574197933620278,198452,67,20.09971307905426
596,75,25,1.1126079999999996,677.7665138818168,75,75,0,0,0,0,54300,54300,54275,0,25,0,0.9995395948434622,137177.98990614066,0.5741891420088884,198781,67,20.0670274159404
597,75,25,1.1277759999999994,678.8942898818168,75,75,0,0,0,0,54375,54375,54350,0,25,0,0.9995402298850574,137110.06468503972,0.574170078730149,199115,67,20.033445779435883
598,75,25,1.2335679999999996,680.1278578818168,75,75,0,0,0,0,54450,54450,54425,0,25,0,0.9995408631772268,137057.38254908813,0.5741971415215643,199472,67,19.997593214079018
599,75,25,1.1219839999999999,681.2498418818168,75,75,0,0,0,0,54525,54525,54500,0,25,0,0.9995414947271893,137011.99510324807,0.574167228546682,199796,67,19.96374428092609
600,75,25,1.17936,682.4292018818168,75,75,0,0,0,0,54600,54600,54575,0,25,0,0.9995421245421245,136972.29799405305,0.5742075995964413,200142,67,19.928590652730684
601,75,25,1.580831999999999,684.0100338818168,75,75,0,0,0,0,54675,54675,54650,0,25,0,0.9995427526291724,136948.78636266474,0.5745371527247172,200567,67,19.87913903926948
602,75,25,1.311679999999999,685.3217138818168,75,75,0,0,0,0,54750,54750,54725,0,25,0,0.9995433789954338,136910.3562596012,0.5746643934731701,200939,67,19.83887196419346
603,75,25,1.344735999999999,686.6664498818168,75,75,0,0,0,0,54825,54825,54800,0,25,0,0.9995440036479708,136868.85097732037,0.5748240047646834,201319,67,19.798772312422695
604,75,25,1.3453119999999998,688.0117618818168,75,75,0,0,0,0,54900,54900,54875,0,25,0,0.9995446265938069,136836.76532287512,0.574936649577889,201702,67,19.758121747475663
605,75,25,1.4896319999999996,689.5013938818169,75,75,0,0,0,0,54975,54975,54950,0,25,0,0.9995452478399273,136792.1585611276,0.5751298563431586,202110,67,19.714033162503664
606,75,25,1.449119999999999,690.9505138818168,75,75,0,0,0,0,55050,55050,55025,0,25,0,0.9995458673932789,136739.401884518,0.5752980117116645,202518,67,19.672138972143895
607,75,25,1.305247999999999,692.2557618818169,75,75,0,0,0,0,55125,55125,55100,0,25,0,0.999546485260771,136695.30426552822,0.5753775890886711,202893,67,19.633260929326386
608,75,25,1.1995199999999993,693.4552818818169,75,75,0,0,0,0,55200,55200,55175,0,25,0,0.9995471014492754,136654.26809186843,0.575374979094109,203245,67,19.597502011092512
609,75,25,1.370303999999999,694.8255858818169,75,75,0,0,0,0,55275,55275,55250,0,25,0,0.9995477159656264,136603.52458025952,0.5755345000509446,203634,67,19.557574298285477
610,75,25,1.3771519999999993,696.2027378818169,75,75,0,0,0,0,55350,55350,55325,0,25,0,0.9995483288166215,136571.8961250918,0.5756591557533514,204026,67,19.51677681892966
611,75,25,1.6318079999999986,697.8345458818169,75,75,0,0,0,0,55425,55425,55400,0,25,0,0.9995489400090212,136530.07086315207,0.5759783256397668,204467,67,19.46820005735694
612,75,25,0.9899199999999998,698.8244658818169,75,75,0,0,0,0,55500,55500,55475,0,25,0,0.9995495495495496,136484.0251831282,0.5758578261381694,204773,67,19.439339594567468
613,75,25,1.035679999999999,699.8601458818168,75,75,0,0,0,0,55575,55575,55550,0,25,0,0.9995501574448943,136439.01936962816,0.5758158132416149,205084,67,19.409249259729318
614,75,25,1.0913919999999995,700.9515378818169,75,75,0,0,0,0,55650,55650,55625,0,25,0,0.9995507637017071,136396.05426776267,0.5757900381827661,205412,67,19.37706554806384
615,75,25,0.9811839999999997,701.9327218818169,75,75,0,0,0,0,55725,55725,55700,0,25,0,0.9995513683266039,136356.81742176294,0.5757055731823768,205716,67,19.34845981800636
616,75,25,1.1896959999999992,703.1224178818169,75,75,0,0,0,0,55800,55800,55775,0,25,0,0.9995519713261649,136322.61689046447,0.5757800019824669,206066,67,19.31452770359978
617,75,25,0.9741759999999997,704.0965938818168,75,75,0,0,0,0,55875,55875,55850,0,25,0,0.9995525727069351,136288.37979595026,0.5757048937311539,206370,68,19.286025298150506
618,75,25,1.0940480000000001,705.1906418818169,75,75,0,0,0,0,55950,55950,55925,0,25,0,0.9995531724754245,136242.90836250436,0.5757138111999576,206694,68,19.25435537899089
619,75,25,1.2598399999999994,706.4504818818169,75,75,0,0,0,0,56025,56025,56000,0,25,0,0.999553770638108,136203.18828814517,0.5758607287812718,207054,68,19.21651678959318
620,75,25,1.0408319999999995,707.491313881817,75,75,0,0,0,0,56100,56100,56075,0,25,0,0.999554367201426,136152.5804062252,0.5758275352014253,207371,68,19.186197353836633
621,75,25,1.254271999999999,708.745585881817,75,75,0,0,0,0,56175,56175,56150,0,25,0,0.9995549621717846,136097.31040509703,0.5759510342484097,207739,68,19.149015847169117
622,75,25,1.0166399999999993,709.762225881817,75,75,0,0,0,0,56250,56250,56225,0,25,0,0.9995555555555555,136062.72703512444,0.5759045107617572,208051,68,19.119296766376117
623,75,25,1.2563839999999986,711.018609881817,75,75,0,0,0,0,56325,56325,56300,0,25,0,0.9995561473590768,136005.13777842396,0.5761009082421917,208409,68,19.08311554915164
624,75,25,1.3079679999999991,712.326577881817,75,75,0,0,0,0,56400,56400,56375,0,25,0,0.9995567375886525,135936.85116725412,0.5763015955018048,208790,68,19.04572384497023
625,75,25,1.1319679999999992,713.458545881817,75,75,0,0,0,0,56475,56475,56450,0,25,0,0.9995573262505534,135869.99351193913,0.5763536305875876,209128,68,19.012798237774245
626,75,25,1.6855999999999989,715.144145881817,75,75,0,0,0,0,56550,56550,56525,0,25,0,0.9995579133510168,135806.48958573732,0.5767410812046576,209588,68,18.963874006743453
627,75,25,0.9351039999999997,716.0792498818171,75,75,0,0,0,0,56625,56625,56600,0,25,0,0.9995584988962473,135764.04569193284,0.576626202957955,209880,68,18.936639019349915
628,75,25,0.9943039999999995,717.073553881817,75,75,0,0,0,0,56700,56700,56675,0,25,0,0.9995590828924162,135711.0542889143,0.5765862346346349,210183,68,18.907429795183052
629,75,25,1.1439359999999996,718.2174898818171,75,75,0,0,0,0,56775,56775,56750,0,25,0,0.9995596653456627,135671.01521857118,0.5766142305601084,210519,68,18.874283723899374
630,75,25,1.2684799999999994,719.485969881817,75,75,0,0,0,0,56850,56850,56825,0,25,0,0.9995602462620933,135621.9802535249,0.5767256735734062,210882,68,18.83674822416526
631,75,25,1.054591999999999,720.540561881817,75,75,0,0,0,0,56925,56925,56900,0,25,0,0.9995608256477821,135569.017440023,0.5767598703915583,211206,68,18.805562815741215
632,75,25,1.1350079999999994,721.675569881817,75,75,0,0,0,0,57000,57000,56975,0,25,0,0.999561403508772,135508.52499553893,0.5768060318687916,211541,68,18.772356443152255
633,75,25,0.9673599999999993,722.6429298818169,75,75,0,0,0,0,57075,57075,57050,0,25,0,0.9995619798510732,135471.27627196244,0.5767380627934814,211846,68,18.74370070019267
634,75,25,1.1754559999999996,723.818385881817,75,75,0,0,0,0,57150,57150,57125,0,25,0,0.9995625546806649,135424.35770069656,0.5768323229913201,212196,68,18.708946116440934
635,75,25,1.1587199999999998,724.977105881817,75,75,0,0,0,0,57225,57225,57200,0,25,0,0.999563128003495,135390.51537442737,0.576877157255275,212536,68,18.67455879796119
636,75,25,1.122463999999999,726.099569881817,75,75,0,0,0,0,57300,57300,57275,0,25,0,0.9995636998254799,135343.33316847341,0.5769451906654053,212868,68,18.641668502596954
637,75,25,1.2939199999999995,727.393489881817,75,75,0,0,0,0,57375,57375,57350,0,25,0,0.9995642701525055,135289.48137271468,0.5771673765243629,213242,68,18.60233274841679
638,75,25,1.1353279999999992,728.528817881817,75,75,0,0,0,0,57450,57450,57425,0,25,0,0.9995648389904265,135236.29207483545,0.5771880621334883,213577,68,18.56934362275382
639,75,25,0.9261759999999997,729.454993881817,75,75,0,0,0,0,57525,57525,57500,0,25,0,0.9995654063450674,135200.07242006538,0.5770820990006483,213865,69,18.54180905526905
640,75,25,1.321472,730.776465881817,75,75,0,0,0,0,57600,57600,57575,0,25,0,0.9995659722222222,135152.19032241343,0.5772209586300188,214245,69,18.503835015106464
641,75,25,1.011072,731.787537881817,75,75,0,0,0,0,57675,57675,57650,0,25,0,0.9995665366276549,135111.8389993243,0.5771594477967186,214556,69,18.47447731381096
642,75,25,1.0939519999999994,732.881489881817,75,75,0,0,0,0,57750,57750,57725,0,25,0,0.9995670995670995,135079.3018608835,0.5771637742766391,214880,69,18.44275024532095
643,75,25,0.9534079999999997,733.8348978818169,75,75,0,0,0,0,57825,57825,57800,0,25,0,0.9995676610462603,135044.52334721206,0.5770483397659121,215175,69,18.414309456661645
644,75,25,1.3012159999999995,735.1361138818169,75,75,0,0,0,0,57900,57900,57875,0,25,0,0.9995682210708118,135011.14436605686,0.5771244618763794,215543,69,18.37666454985486
645,75,25,1.1375679999999997,736.2736818818169,75,75,0,0,0,0,57975,57975,57950,0,25,0,0.9995687796463993,134965.7694486908,0.5770905747627968,215879,69,18.343786736953174
646,75,25,1.0983679999999993,737.3720498818169,75,75,0,0,0,0,58050,58050,58025,0,25,0,0.9995693367786391,134923.0636229643,0.577040788764718,216213,69,18.311226000126563
647,75,25,1.5273279999999994,738.8993778818169,75,75,0,0,0,0,58125,58125,58100,0,25,0,0.9995698924731182,134847.11312876033,0.5772833326084433,216631,69,18.265866747281162
648,75,25,1.2279999999999995,740.1273778818169,75,75,0,0,0,0,58200,58200,58175,0,25,0,0.9995704467353952,134803.28249110043,0.5773546029187705,216986,69,18.22898319676729
649,75,25,1.1272319999999998,741.2546098818169,75,75,0,0,0,0,58275,58275,58250,0,25,0,0.9995709995709996,134759.1052633403,0.5773450716812171,217319,69,18.195439973783913
650,75,25,1.0763519999999995,742.330961881817,75,75,0,0,0,0,58350,58350,58325,0,25,0,0.9995715509854327,134722.35584310963,0.5773336534577788,217645,69,18.163899939062656
651,75,25,1.1768,743.5077618818169,75,75,0,0,0,0,58425,58425,58400,0,25,0,0.9995721009841677,134697.13852956242,0.5773682990816807,217986,70,18.128487323392463
652,75,25,1.1652159999999996,744.6729778818169,75,75,0,0,0,0,58500,58500,58475,0,25,0,0.9995726495726496,134663.3958509435,0.5773477829949091,218326,70,18.093464769746376
653,75,25,1.1888319999999994,745.861809881817,75,75,0,0,0,0,58575,58575,58550,0,25,0,0.9995731967562953,134627.08328760075,0.5773692812848579,218669,70,18.058422956338912
654,75,25,1.2226559999999997,747.084465881817,75,75,0,0,0,0,58650,58650,58625,0,25,0,0.9995737425404945,134584.7499068541,0.5774382270258442,219021,71,18.022565122034845
655,75,25,1.2207679999999999,748.305233881817,75,75,0,0,0,0,58725,58725,58700,0,25,0,0.9995742869306088,134543.90994664727,0.5774754163477017,219377,71,17.986579482314593
656,75,25,1.055712,749.360945881817,75,75,0,0,0,0,58800,58800,58775,0,25,0,0.9995748299319728,134509.69463238717,0.5773778445255797,219692,71,17.954780190644755
657,75,25,1.08816,750.449105881817,75,75,0,0,0,0,58875,58875,58850,0,25,0,0.9995753715498938,134469.23876526277,0.5772945524648354,220016,71,17.92290425207997
658,75,25,1.3026559999999998,751.751761881817,75,75,0,0,0,0,58950,58950,58925,0,25,0,0.9995759117896522,134437.0696877571,0.5773398357391615,220389,71,17.884605763047286
659,75,25,1.3667519999999993,753.118513881817,75,75,0,0,0,0,59025,59025,59000,0,25,0,0.9995764506565015,134383.4285501071,0.5773821781223065,220779,71,17.844949405628817
660,75,25,1.1590079999999998,754.2775218818169,75,75,0,0,0,0,59100,59100,59075,0,25,0,0.9995769881556683,134341.5136476477,0.5773116391962988,221114,71,17.81014819742061
661,75,25,1.046464,755.323985881817,75,75,0,0,0,0,59175,59175,59150,0,25,0,0.9995775242923531,134304.79356691916,0.5772211556720974,221429,71,17.778881249294688
662,75,25,1.1645119999999995,756.4884978818169,75,75,0,0,0,0,59250,59250,59225,0,25,0,0.9995780590717299,134262.11275437992,0.5771597350819756,221777,71,17.74445639145311
663,75,25,1.155328,757.643825881817,75,75,0,0,0,0,59325,59325,59300,0,25,0,0.9995785924989464,134222.34106064346,0.5770766774848035,222118,71,17.71071756578207
664,75,25,1.2483839999999995,758.8922098818169,75,75,0,0,0,0,59400,59400,59375,0,25,0,0.9995791245791246,134180.4576118364,0.5770944064524576,222477,71,17.674806474441397
665,75,25,1.142016,760.034225881817,75,75,0,0,0,0,59475,59475,59450,0,25,0,0.9995796553173603,134137.29609573234,0.5770158194020646,222815,71,17.64205068499823
666,75,25,1.4015039999999992,761.435729881817,75,75,0,0,0,0,59550,59550,59525,0,25,0,0.9995801847187238,134075.47346884475,0.577133003742203,223203,71,17.601637044880057
667,75,25,1.1583359999999994,762.594065881817,75,75,0,0,0,0,59625,59625,59600,0,25,0,0.99958071278826,134029.4929803978,0.5770875479236768,223539,72,17.567282700464997
668,75,25,1.4762559999999996,764.070321881817,75,75,0,0,0,0,59700,59700,59675,0,25,0,0.9995812395309883,133976.78861270283,0.5772565052795364,223943,72,17.523767813474844
669,75,25,1.0743359999999995,765.144657881817,75,75,0,0,0,0,59775,59775,59750,0,25,0,0.999581764951903,133946.1851353998,0.5771868352992513,224265,72,17.492384472190768
670,75,25,1.2789759999999997,766.423633881817,75,75,0,0,0,0,59850,59850,59825,0,25,0,0.9995822890559732,133880.33910215038,0.5772686592118617,224635,72,17.455358508087425
671,75,25,1.24016,767.6637938818169,75,75,0,0,0,0,59925,59925,59900,0,25,0,0.9995828118481435,133837.19385861422,0.5772999495447751,224993,72,17.419137143945207
672,75,25,1.2174399999999992,768.8812338818169,75,75,0,0,0,0,60000,60000,59975,0,25,0,0.9995833333333334,133783.33540627282,0.5773274688847744,225340,73,17.383196762944085
673,75,25,1.2786879999999996,770.1599218818169,75,75,0,0,0,0,60075,60075,60050,0,25,0,0.9995838535164377,133721.28706510854,0.577414490635815,225710,73,17.345322435425814
674,75,25,1.1792319999999998,771.3391538818169,75,75,0,0,0,0,60150,60150,60125,0,25,0,0.9995843724023276,133681.8434291473,0.5774245165793954,226056,73,17.310405844210056
675,75,25,1.1544319999999995,772.4935858818169,75,75,0,0,0,0,60225,60225,60200,0,25,0,0.9995848899958489,133641.0008921344,0.5774555317583565,226397,73,17.276254335804186
676,75,25,1.0296639999999997,773.5232498818169,75,75,0,0,0,0,60300,60300,60275,0,25,0,0.9995854063018242,133609.4396849615,0.5773473346537578,226709,73,17.245903587867595
677,75,25,1.2646719999999994,774.7879218818169,75,75,0,0,0,0,60375,60375,60350,0,25,0,0.9995859213250518,133568.22567477438,0.5773756729173443,227075,73,17.2100080490417
678,75,25,1.1199679999999994,775.9078898818169,75,75,0,0,0,0,60450,60450,60425,0,25,0,0.9995864350703061,133529.37552391808,0.5773438528611948,227410,73,17.177940876697264
679,75,25,1.1092479999999993,777.0171378818169,75,75,0,0,0,0,60525,60525,60500,0,25,0,0.9995869475423379,133486.30157984473,0.5772734504063908,227739,73,17.145369450543683
680,75,25,1.6908799999999988,778.7080178818169,75,75,0,0,0,0,60600,60600,60575,0,25,0,0.9995874587458746,133434.35230401042,0.5774973671316529,228190,73,17.094380775149148
681,75,25,1.3955199999999999,780.1035378818169,75,75,0,0,0,0,60675,60675,60650,0,25,0,0.99958796868562,133376.5929103668,0.5775951296711842,228575,73,17.053302299639626
682,75,25,1.3397439999999992,781.4432818818169,75,75,0,0,0,0,60750,60750,60725,0,25,0,0.9995884773662551,133308.57199147926,0.5776674238115945,228956,73,17.01360203197055
683,75,25,1.2739199999999993,782.7172018818169,75,75,0,0,0,0,60825,60825,60800,0,25,0,0.9995889847924373,133248.11534645138,0.5776875022310063,229328,73,16.97560844884392
684,75,25,1.4176959999999992,784.1348978818169,75,75,0,0,0,0,60900,60900,60875,0,25,0,0.9995894909688013,133198.94865301845,0.5778172505612634,229724,74,16.933346311354107
685,75,25,1.421791999999999,785.5566898818169,75,75,0,0,0,0,60975,60975,60950,0,25,0,0.999589995899959,133150.87421091937,0.5779167282093938,230122,74,16.890644151799837
686,75,25,1.0163839999999995,786.5730738818169,75,75,0,0,0,0,61050,61050,61025,0,25,0,0.9995904995904996,133119.2783948926,0.5778372233125162,230436,74,16.860588799407626
687,75,25,1.0527679999999997,787.6258418818169,75,75,0,0,0,0,61125,61125,61100,0,25,0,0.9995910020449897,133087.74093743958,0.5777839320598558,230756,74,16.830451278925846
688,75,25,1.1935679999999993,788.8194098818169,75,75,0,0,0,0,61200,61200,61175,0,25,0,0.9995915032679739,133034.9718647548,0.5778204185660127,231105,74,16.79636593162612
689,75,25,1.1235199999999994,789.9429298818169,75,75,0,0,0,0,61275,61275,61250,0,25,0,0.9995920032639739,132988.94898105747,0.5778343117524067,231442,74,16.763794055965008
690,75,25,1.0829439999999995,791.0258738818169,75,75,0,0,0,0,61350,61350,61325,0,25,0,0.9995925020374898,132946.8118203578,0.5778063546612366,231766,74,16.732724097246557
691,75,25,1.0751039999999994,792.1009778818169,75,75,0,0,0,0,61425,61425,61400,0,25,0,0.9995929995929996,132904.8832656625,0.577777938964443,232094,74,16.701467521958865
692,75,25,0.9980159999999993,793.0989938818169,75,75,0,0,0,0,61500,61500,61475,0,25,0,0.9995934959349594,132867.34797661673,0.5777158160085044,232409,74,16.67252432944655
693,75,25,1.220703999999999,794.3196978818169,75,75,0,0,0,0,61575,61575,61550,0,25,0,0.9995939910678034,132812.8816159564,0.5778182849382951,232770,74,16.63745887804608
694,74,26,1.2809499787429983,795.6006478605599,75,74,0,1,0,0,61650,61650,61624,0,26,0,0.9995782643957827,132767.34286736415,0.5779183148826132,233142,74,16.59991981117331
695,74,26,1.1284799999999993,796.7291278605599,74,74,0,0,0,0,61724,61724,61698,0,26,0,0.9995787700084247,132722.33724396583,0.577937188574103,233480,74,16.566897123562313
696,74,26,1.1435520000000001,797.8726798605599,74,74,0,0,0,0,61798,61798,61772,0,26,0,0.9995792744101751,132696.39965426966,0.5779475492620171,233825,74,16.534190238762555
697,74,26,1.01424,798.8869198605598,74,74,0,0,0,0,61872,61872,61846,0,26,0,0.9995797776053789,132670.36092980416,0.5778858217721891,234132,74,16.50382678400714
698,74,26,1.2982719999999992,800.1851918605598,74,74,0,0,0,0,61946,61946,61920,0,26,0,0.9995802795983598,132635.706183494,0.578016481615846,234508,74,16.46732686836406
699,74,26,1.0508799999999996,801.2360718605598,74,74,0,0,0,0,62020,62020,61994,0,26,0,0.9995807803934215,132602.76681413583,0.5780774638483114,234826,74,16.436211941256254
700,74,26,1.2049599999999994,802.4410318605599,74,74,0,0,0,0,62094,62094,62068,0,26,0,0.9995812799948465,132570.8977684552,0.5781344623036059,235176,74,16.400605744168423
701,74,26,1.2680319999999992,803.7090638605598,74,74,0,0,0,0,62168,62168,62142,0,26,0,0.9995817784068974,132506.38668730593,0.5782544722484806,235548,74,16.364345915708665
702,74,26,1.0806079999999996,804.7896718605598,74,74,0,0,0,0,62242,62242,62216,0,26,0,0.9995822756338164,132470.03997147674,0.5782532580478871,235878,74,16.333092407899475
703,74,26,1.1496959999999994,805.9393678605597,74,74,0,0,0,0,62316,62316,62290,0,26,0,0.9995827716798255,132417.65355537806,0.5783611904219486,236217,74,16.299264773689234
704,74,26,1.033727999999999,806.9730958605597,74,74,0,0,0,0,62390,62390,62364,0,26,0,0.9995832665491264,132384.73568449644,0.5783729282244332,236530,74,16.268419039295555
705,74,26,1.0839360000000002,808.0570318605597,74,74,0,0,0,0,62464,62464,62438,0,26,0,0.9995837602459017,132363.50874112162,0.5783573748006252,236858,74,16.237224323285332
706,74,26,1.5325439999999992,809.5895758605598,74,74,0,0,0,0,62538,62538,62512,0,26,0,0.9995842527743132,132308.8577148987,0.5785968272403296,237284,74,16.19184173896815
707,74,26,1.441024,811.0305998605597,74,74,0,0,0,0,62612,62612,62586,0,26,0,0.9995847441385038,132260.4400110704,0.578848782168259,237687,74,16.1497104130693
708,74,26,1.468768,812.4993678605597,74,74,0,0,0,0,62686,62686,62660,0,26,0,0.9995852343425964,132224.66410390788,0.579031007996578,238096,75,16.10649932058333
709,74,26,1.229664,813.7290318605596,74,74,0,0,0,0,62760,62760,62734,0,26,0,0.9995857233906947,132189.73366853228,0.5790685840741606,238456,77,16.071575634471454
710,74,26,1.3611840000000002,815.0902158605596,74,74,0,0,0,0,62834,62834,62808,0,26,0,0.9995862112868829,132134.71331672187,0.5791133313241092,238844,77,16.03237156014791
711,74,26,1.2287359999999996,816.3189518605597,74,74,0,0,0,0,62908,62908,62882,0,26,0,0.999586698035226,132087.81169938875,0.5792250499987147,239206,77,15.996606016557667
712,74,26,1.2045119999999998,817.5234638605597,74,74,0,0,0,0,62982,62982,62956,0,26,0,0.9995871836397701,132050.4924595206,0.5792978077751728,239564,77,15.961199021806756
713,74,26,1.1005119999999997,818.6239758605597,74,74,0,0,0,0,63056,63056,63030,0,26,0,0.999587668104542,132023.985598987,0.5793026519827542,239892,77,15.928399481623709
714,74,26,1.0954559999999993,819.7194318605597,74,74,0,0,0,0,63130,63130,63104,0,26,0,0.9995881514335498,131988.10689948907,0.5792935974082656,240218,77,15.896294650159538
715,73,27,0.987550392292732,820.7069822528524,74,73,0,1,0,0,63204,63204,63177,0,27,0,0.9995728118473515,131960.25663472855,0.5792440587633423,240527,77,15.867700399878373
716,73,27,1.1398719999999996,821.8468542528524,73,73,0,0,0,0,63277,63277,63250,0,27,0,0.9995733046762647,131920.8991784295,0.5791915094464725,240863,77,15.83494817676649
717,72,28,1.2277175810972845,823.0745718339497,73,72,0,1,0,0,63350,63350,63322,0,28,0,0.9995580110497237,131885.2941333481,0.5792003838537805,241215,77,15.799221804591369
718,72,28,1.3311999999999995,824.4057718339496,72,72,0,0,0,0,63422,63422,63394,0,28,0,0.9995585128188956,131854.34128898173,0.5792996504714347,241592,77,15.761581291682742
719,72,28,1.4509439999999998,825.8567158339497,72,72,0,0,0,0,63494,63494,63466,0,28,0,0.9995590134500898,131802.84414116928,0.5795015515973636,242001,77,15.72117942405348
720,72,28,1.2285119999999996,827.0852278339497,72,72,0,0,0,0,63566,63566,63538,0,28,0,0.999559512947173,131763.62040149915,0.5795393407609088,242355,77,15.686551453984078
721,72,28,1.1398719999999996,828.2250998339497,72,72,0,0,0,0,63638,63638,63610,0,28,0,0.9995600113139947,131729.89809397687,0.5795104777392003,242692,77,15.654107863021077
722,72,28,1.2107519999999996,829.4358518339496,72,72,0,0,0,0,63710,63710,63682,0,28,0,0.999560508554387,131682.9888152291,0.5795412826304738,243053,77,15.619491923846354
723,72,28,1.2292159999999999,830.6650678339496,72,72,0,0,0,0,63782,63782,63754,0,28,0,0.9995610046721646,131653.04312743898,0.5795488674607955,243407,77,15.584182566808224
724,72,28,1.2279039999999997,831.8929718339496,72,72,0,0,0,0,63854,63854,63826,0,28,0,0.9995614996711247,131615.23862694055,0.579531875913864,243762,77,15.548483793259924
725,72,28,1.1795199999999995,833.0724918339496,72,72,0,0,0,0,63926,63926,63898,0,28,0,0.999561993555048,131575.8245224213,0.5795352500479887,244112,77,15.514301212879255
726,72,28,1.1101759999999992,834.1826678339496,72,72,0,0,0,0,63998,63998,63970,0,28,0,0.9995624863276977,131543.2365490514,0.5794789666292539,244442,77,15.482664755410228
727,72,28,1.2873279999999996,835.4699958339496,72,72,0,0,0,0,64070,64070,64042,0,28,0,0.9995629779928203,131505.4191626967,0.5795507293143549,244811,78,15.44634243678029
728,72,28,1.3512639999999991,836.8212598339496,72,72,0,0,0,0,64142,64142,64114,0,28,0,0.9995634685541455,131460.59891192187,0.5796690745593601,245194,78,15.408213617067647
729,72,28,1.8045119999999992,838.6257718339497,72,72,0,0,0,0,64214,64214,64186,0,28,0,0.999563958015386,131376.3012065113,0.5800283722609886,245672,78,15.35754902221625
730,72,28,1.8241279999999993,840.4498998339496,72,72,0,0,0,0,64286,64286,64258,0,28,0,0.9995644463802383,131295.67868566787,0.5804371261698907,246156,78,15.306151507624717
731,71,29,1.7352045892647079,842.1851044232144,72,71,0,1,0,0,64358,64358,64329,0,29,0,0.9995493955685385,131202.8714586159,0.580740325732732,246623,79,15.257231597031126
732,71,29,1.649503999999999,843.8346084232144,71,71,0,0,0,0,64429,64429,64400,0,29,0,0.9995498921293207,131125.82832642682,0.5811730171057243,247068,79,15.210640475342014
733,70,30,1.68356866930231,845.5181770925167,71,70,0,1,0,0,64500,64500,64470,0,30,0,0.9995348837209302,131038.1763535721,0.5815529413592937,247520,79,15.163424824381561
734,70,30,1.7536639999999988,847.2718410925166,70,70,0,0,0,0,64570,64570,64540,0,30,0,0.9995353879510609,130945.60992011696,0.5820143652995687,247989,79,15.115281169235105
735,70,30,1.15808,848.4299210925167,70,70,0,0,0,0,64640,64640,64610,0,30,0,0.9995358910891089,130901.01284616231,0.5820140835112615,248336,79,15.083205445407856
736,69,31,1.125917036502188,849.5558381290189,70,69,0,1,0,0,64710,64710,64679,0,31,0,0.9995209395765724,130861.73622776796,0.5820574456199672,248665,79,15.051775728264689
737,69,31,1.3561279999999996,850.9119661290189,69,69,0,0,0,0,64779,64779,64748,0,31,0,0.9995214498525756,130814.85797688548,0.5820919953742248,249050,79,15.014051902011065
738,68,32,1.1804332041539893,852.0923993331729,69,68,0,1,0,0,64848,64848,64816,0,32,0,0.9995065383666419,130767.78068575602,0.5821462472391608,249394,79,14.981876712201478
739,68,32,1.2165119999999998,853.3089113331729,68,68,0,0,0,0,64916,64916,64884,0,32,0,0.9995070552714277,130715.10037992474,0.5821749046261453,249749,79,14.947911503446043
740,68,32,1.1223039999999993,854.4312153331729,68,68,0,0,0,0,64984,64984,64952,0,32,0,0.9995075710944232,130672.07049131932,0.5821530854560079,250088,79,14.916210301779522
741,67,33,1.0580485477994137,855.4892638809723,68,67,0,1,0,0,65052,65052,65019,0,33,0,0.9994927135214905,130632.38163038931,0.5821070680037966,250410,79,14.887315842751159
742,67,33,1.234368,856.7236318809723,67,67,0,0,0,0,65119,65119,65086,0,33,0,0.9994932354612325,130597.50406831864,0.582086278781805,250767,79,14.853299552043493
743,67,33,0.9326399999999994,857.6562718809723,67,67,0,0,0,0,65186,65186,65153,0,33,0,0.9994937563280459,130562.05810098769,0.5819592038854915,251062,79,14.827767092131307
744,67,33,1.3199999999999996,858.9762718809724,67,67,0,0,0,0,65253,65253,65220,0,33,0,0.9994942761252357,130517.69143110301,0.5820490813984269,251435,79,14.791168952011287
745,67,33,1.237279999999999,860.2135518809724,67,67,0,0,0,0,65320,65320,65287,0,33,0,0.999494794856093,130464.86858361994,0.5820783686631493,251789,79,14.757383294759213
746,67,33,1.1066239999999996,861.3201758809724,67,67,0,0,0,0,65387,65387,65354,0,33,0,0.9994953125238962,130422.87774705967,0.5820750758811227,252120,79,14.7265493539022
747,67,33,1.0471359999999992,862.3673118809725,67,67,0,0,0,0,65454,65454,65421,0,33,0,0.9994958291319095,130387.27981785989,0.582031579144149,252439,79,14.697594081999215
748,67,33,1.1046079999999994,863.4719198809725,67,67,0,0,0,0,65521,65521,65488,0,33,0,0.999496344683384,130347.49296249835,0.5820081186349076,252772,79,14.66761905626592
749,67,33,1.410656,864.8825758809725,67,67,0,0,0,0,65588,65588,65555,0,33,0,0.9994968591815576,130284.95097756195,0.582151436070871,253169,79,14.628760231111658
750,67,33,1.1183359999999993,866.0009118809725,67,67,0,0,0,0,65655,65655,65622,0,33,0,0.999497372629655,130252.53721153545,0.5821414448439116,253502,79,14.598201996512412
751,67,33,1.0368319999999998,867.0377438809725,67,67,0,0,0,0,65722,65722,65689,0,33,0,0.9994978850308877,130221.63429081348,0.5820956884114337,253815,79,14.569436138373034
752,67,33,1.2664319999999991,868.3041758809725,67,67,0,0,0,0,65789,65789,65756,0,33,0,0.999498396388454,130188.18421011024,0.582133440506904,254182,79,14.533995928192361
753,66,34,1.2316162733597658,869.5357921543323,67,66,0,1,0,0,65856,65856,65822,0,34,0,0.9994837220602527,130161.61614185959,0.5822074968659587,254544,80,14.500741938686001
754,65,35,1.1052028661899782,870.6409950205223,66,65,0,1,0,0,65922,65922,65887,0,35,0,0.9994690695063864,130126.86589301885,0.5822673356317317,254875,81,14.47077888219163
755,65,35,1.17296,871.8139550205223,65,65,0,0,0,0,65987,65987,65952,0,35,0,0.9994695924954915,130092.22362967362,0.5822388085316318,255218,81,14.438415438127373
756,65,35,1.1701759999999997,872.9841310205222,65,65,0,0,0,0,66052,66052,66017,0,35,0,0.9994701144552777,130052.37090309839,0.5821837480934497,255561,82,14.406775674352673
757,65,35,1.2356479999999999,874.2197790205222,65,65,0,0,0,0,66117,66117,66082,0,35,0,0.9994706353887804,130017.72177626715,0.5821954365668114,255920,82,14.373200883298969
758,65,35,0.9821119999999997,875.2018910205222,65,65,0,0,0,0,66182,66182,66147,0,35,0,0.9994711552990239,129984.62773811856,0.5820821425736504,256219,82,14.346093921188453
759,65,35,1.423552,876.6254430205222,65,65,0,0,0,0,66247,66247,66212,0,35,0,0.9994716741890198,129957.85247512258,0.5822593618441493,256621,82,14.30647182437676
760,65,35,1.1565759999999998,877.7820190205222,65,65,0,0,0,0,66312,66312,66277,0,35,0,0.9994721920617686,129915.1241754177,0.5822646607442296,256957,82,14.274506939730582
761,64,36,1.3487984813009453,879.1308175018231,65,64,0,1,0,0,66377,66377,66341,0,36,0,0.9994576434608373,129864.83208997874,0.582411042479404,257344,83,14.23807694286212
762,64,36,1.0395519999999996,880.1703695018231,64,64,0,0,0,0,66441,66441,66405,0,36,0,0.9994581658915429,129827.40155712924,0.5823598982934248,257665,84,14.210080157267134
763,64,36,1.146048,881.316417501823,64,64,0,0,0,0,66505,66505,66469,0,36,0,0.9994586873167431,129797.27794502747,0.5823633347771419,258001,84,14.178978544539383
764,64,36,1.0094079999999996,882.325825501823,64,64,0,0,0,0,66569,66569,66533,0,36,0,0.9994592077393382,129764.77021386182,0.5823318490467264,258303,84,14.151461746842344
765,64,36,1.1424,883.468225501823,64,64,0,0,0,0,66633,66633,66597,0,36,0,0.9994597271622169,129703.86109235747,0.582348733031,258640,84,14.12044802377815
766,64,36,1.1543679999999996,884.622593501823,64,64,0,0,0,0,66697,66697,66661,0,36,0,0.9994602455882573,129663.81012940253,0.5823311834308795,258981,84,14.089520541086651
767,64,36,1.0314879999999997,885.6540815018229,64,64,0,0,0,0,66761,66761,66725,0,36,0,0.9994607630203263,129628.10017803063,0.5822787943308921,259291,84,14.061161231825444
768,64,36,1.185792,886.8398735018229,64,64,0,0,0,0,66825,66825,66789,0,36,0,0.9994612794612795,129599.57646713068,0.5822773552045051,259640,84,14.028647963489638
769,64,36,1.1021119999999998,887.941985501823,64,64,0,0,0,0,66889,66889,66853,0,36,0,0.9994617949139619,129559.93283162959,0.5822539606899855,259968,84,13.99911930698689
770,64,36,1.146688,889.088673501823,64,64,0,0,0,0,66953,66953,66917,0,36,0,0.9994623093812077,129514.96451581316,0.5822371289624519,260306,84,13.968537584759718
771,64,36,1.2573439999999998,890.346017501823,64,64,0,0,0,0,67017,67017,66981,0,36,0,0.99946282286584,129470.28428727035,0.5822658716359089,260667,84,13.9342078959697
772,64,36,1.1698879999999998,891.515905501823,64,64,0,0,0,0,67081,67081,67045,0,36,0,0.9994633353706712,129434.81915226922,0.5822333659057785,261004,84,13.902452873424028
773,64,36,0.9770559999999995,892.492961501823,64,64,0,0,0,0,67145,67145,67109,0,36,0,0.9994638468985032,129401.01600987709,0.5821342514149926,261306,84,13.876111890646257
774,63,37,1.5189096108067446,894.0118711126297,64,63,0,1,0,0,67209,67209,67172,0,37,0,0.9994494784924638,129339.59798105693,0.5822762506271376,261726,84,13.835089190381673
775,63,37,1.032416,895.0442871126297,63,63,0,0,0,0,67272,67272,67235,0,37,0,0.9994499940539898,129296.93163377214,0.5822534250284015,262037,84,13.807482308773753
776,63,37,1.0735679999999996,896.1178551126297,63,63,0,0,0,0,67335,67335,67298,0,37,0,0.999450508650776,129260.22993419929,0.5822616754804598,262358,84,13.778434084256
777,63,37,1.3148159999999995,897.4326711126297,63,63,0,0,0,0,67398,67398,67361,0,37,0,0.9994510222855277,129214.56030370729,0.5824156921861748,262738,84,13.743296307876818
778,63,37,1.1658879999999994,898.5985591126297,63,63,0,0,0,0,67461,67461,67424,0,37,0,0.9994515349609404,129160.25161960305,0.5824845629759953,263072,84,13.711908709518418
779,62,38,1.4114532295072924,900.010012342137,63,62,0,1,0,0,67524,67524,67486,0,38,0,0.9994372371305017,129118.25247097792,0.5826145469196287,263465,84,13.673191802782151
780,62,38,1.321695999999999,901.331708342137,62,62,0,0,0,0,67586,67586,67548,0,38,0,0.9994377533808777,129058.27113744942,0.5826953777127581,263837,84,13.637506912547378
781,62,38,1.0812800000000002,902.4129883421369,62,62,0,0,0,0,67648,67648,67610,0,38,0,0.9994382686849574,129023.72805371926,0.5827088247615723,264154,84,13.608489795991634
782,62,38,1.2886719999999998,903.701660342137,62,62,0,0,0,0,67710,67710,67672,0,38,0,0.9994387830453404,128979.67229126401,0.5827386907181672,264519,84,13.573671289145661
783,62,38,1.3266559999999996,905.0283163421369,62,62,0,0,0,0,67772,67772,67734,0,38,0,0.9994392964646167,128911.40519397258,0.5828010349115739,264894,84,13.537907787086102
784,62,38,1.1298239999999995,906.1581403421369,62,62,0,0,0,0,67834,67834,67796,0,38,0,0.9994398089453667,128863.37914032432,0.5827896484647218,265221,84,13.507300166449765
785,62,38,1.1232959999999996,907.2814363421369,62,62,0,0,0,0,67896,67896,67858,0,38,0,0.9994403204901614,128822.7217248221,0.5827662402639275,265546,84,13.476719694856211
786,62,38,1.3128639999999998,908.5943003421369,62,62,0,0,0,0,67958,67958,67920,0,38,0,0.9994408311015627,128783.15432524563,0.5828577548922718,265918,84,13.441239460855718
787,62,38,1.1662079999999997,909.7605083421369,62,62,0,0,0,0,68020,68020,67982,0,38,0,0.9994413407821229,128729.87882647986,0.5828526465908458,266257,84,13.410199951234366
788,62,38,1.1761279999999996,910.9366363421368,62,62,0,0,0,0,68082,68082,68044,0,38,0,0.999441849534385,128681.45963554521,0.5827939239457932,266598,84,13.378769447898193
789,62,38,1.898271999999999,912.8349083421368,62,62,0,0,0,0,68144,68144,68106,0,38,0,0.9994423573608828,128598.50004334158,0.5831126846607262,267088,84,13.327750812269962
790,62,38,1.4930239999999997,914.3279323421368,62,62,0,0,0,0,68206,68206,68168,0,38,0,0.999442864264141,128520.96041623308,0.5831445418639228,267494,84,13.288146180207086
791,61,39,1.5341165929452563,915.862048935082,62,61,0,1,0,0,68268,68268,68229,0,39,0,0.9994287220952716,128445.5886525531,0.5831967380594127,267906,84,13.246819587538564
792,61,39,1.4770879999999995,917.339136935082,61,61,0,0,0,0,68329,68329,68290,0,39,0,0.9994292320976452,128378.25756946208,0.5833107911162033,268310,84,13.206970862165338
793,61,39,1.6325759999999998,918.971712935082,61,61,0,0,0,0,68390,68390,68351,0,39,0,0.9994297411902325,128302.78706122607,0.583485934093604,268751,84,13.163277499043593
794,61,39,1.3745280000000002,920.346240935082,61,61,0,0,0,0,68451,68451,68412,0,39,0,0.9994302493754657,128234.94762154926,0.5835846199740711,269131,84,13.125749670745758
795,61,39,1.6872319999999992,922.033472935082,61,61,0,0,0,0,68512,68512,68473,0,39,0,0.9994307566557683,128163.2429502048,0.5838100130812387,269595,84,13.080759946182491
796,61,39,1.7937919999999992,923.8272649350821,61,61,0,0,0,0,68573,68573,68534,0,39,0,0.9994312630335555,128077.726747234,0.5841332989444623,270067,84,13.032634271474642
797,61,39,1.0195839999999998,924.8468489350821,61,61,0,0,0,0,68634,68634,68595,0,39,0,0.9994317685112335,128040.26973368875,0.5840351838160717,270373,84,13.005581441530182
798,61,39,0.9769920000000002,925.8238409350821,61,61,0,0,0,0,68695,68695,68656,0,39,0,0.9994322730912002,128016.74223499563,0.583933528288101,270673,84,12.97938359495129
799,61,39,1.1317119999999998,926.9555529350821,61,61,0,0,0,0,68756,68756,68717,0,39,0,0.999432776775845,127984.94126752215,0.5839222066458083,271006,84,12.949232713516805
800,61,39,1.232832,928.1883849350821,61,61,0,0,0,0,68817,68817,68778,0,39,0,0.9994332795675487,127949.31064377217,0.5839369064267842,271359,84,12.916462177404078
801,61,39,0.9907519999999999,929.1791369350822,61,61,0,0,0,0,68878,68878,68839,0,39,0,0.9994337814686838,127916.97453739116,0.5838526780820151,271662,84,12.889907205031896
802,61,39,1.2555199999999997,930.4346569350822,61,61,0,0,0,0,68939,68939,68900,0,39,0,0.9994342824816141,127875.64082353545,0.5839151193990153,272021,84,12.85666943070771
803,61,39,1.1691199999999997,931.6037769350822,61,61,0,0,0,0,69000,69000,68961,0,39,0,0.9994347826086957,127836.6994086359,0.5839324564727314,272358,84,12.82574054598978
804,61,39,1.0478719999999992,932.6516489350822,61,61,0,0,0,0,69061,69061,69022,0,39,0,0.9994352818522755,127797.22861809502,0.5838737695082601,272677,84,12.798121839689827
805,61,39,1.0823359999999993,933.7339849350823,61,61,0,0,0,0,69122,69122,69083,0,39,0,0.9994357802146928,127746.95354833105,0.5838603376664939,273000,84,12.769556153263451
806,61,39,1.1077439999999994,934.8417289350823,61,61,0,0,0,0,69183,69183,69144,0,39,0,0.9994362776982785,127702.04442627114,0.5838385921418615,273330,84,12.74025400966983
807,61,39,1.0093439999999996,935.8510729350824,61,61,0,0,0,0,69244,69244,69205,0,39,0,0.9994367743053549,127656.38834533574,0.5837908563183787,273637,84,12.713025907532115
808,61,39,1.0671679999999992,936.9182409350824,61,61,0,0,0,0,69305,69305,69266,0,39,0,0.9994372700382368,127609.31613485802,0.5838075210307244,273950,84,12.684212526736498
809,61,39,0.9483519999999995,937.8665929350824,61,61,0,0,0,0,69366,69366,69327,0,39,0,0.9994377648992302,127569.70863582249,0.5837749269935391,274242,84,12.658757478687896
810,61,39,1.120832,938.9874249350823,61,61,0,0,0,0,69427,69427,69388,0,39,0,0.9994382588906333,127531.53111531716,0.5837820517615805,274571,85,12.628916538495732
811,61,39,1.0869119999999999,940.0743369350823,61,61,0,0,0,0,69488,69488,69449,0,39,0,0.9994387520147363,127500.52978871716,0.5838194941879584,274891,85,12.59990835412824
812,60,40,0.9945075704978207,941.0688445055802,61,60,0,1,0,0,69549,69549,69509,0,40,0,0.9994248659218681,127467.69877715223,0.5838019406262005,275188,85,12.573195337769988
813,60,40,1.0841599999999998,942.1530045055802,60,60,0,0,0,0,69609,69609,69569,0,40,0,0.9994253616630033,127432.15955990608,0.5837684922683023,275506,85,12.544136110952007
814,59,41,1.1330782245706847,943.2860827301508,60,59,0,1,0,0,69669,69669,69628,0,41,0,0.9994115029640156,127400.61175521334,0.5837725939073483,275839,85,12.51431399046579
815,59,41,0.9768,944.2628827301509,59,59,0,0,0,0,69728,69728,69687,0,41,0,0.9994120009178522,127366.53976302673,0.5836526229010698,276132,85,12.48853920643791
816,59,41,1.5364159999999996,945.7992987301509,59,59,0,0,0,0,69787,69787,69746,0,41,0,0.999412498029719,127292.12229448868,0.5837587235890422,276550,85,12.447269060467972
817,59,41,1.2873919999999996,947.0866907301508,59,59,0,0,0,0,69846,69846,69805,0,41,0,0.9994129943017496,127232.9652390118,0.5837201473084769,276912,85,12.413322553155458
818,59,41,1.3636479999999995,948.4503387301509,59,59,0,0,0,0,69905,69905,69864,0,41,0,0.9994134897360704,127172.3558678778,0.583748689427912,277292,85,12.377203338209087
819,59,41,1.2308479999999997,949.6811867301509,59,59,0,0,0,0,69964,69964,69923,0,41,0,0.9994139843348008,127127.0418820091,0.5837108196396731,277641,85,12.345090661682198
820,59,41,1.5708160000000002,951.2520027301509,59,59,0,0,0,0,70023,70023,69982,0,41,0,0.9994144781000528,127056.55247307384,0.5838049914158939,278065,85,12.303574951230946
821,59,41,1.1261439999999996,952.3781467301509,59,59,0,0,0,0,70082,70082,70041,0,41,0,0.9994149710339317,127017.78218591951,0.5838044012062608,278395,85,12.27385576983184
822,59,41,1.2407359999999998,953.6188827301509,59,59,0,0,0,0,70141,70141,70100,0,41,0,0.9994154631385352,126980.30438881896,0.5838309152105057,278749,85,12.241122381192666
823,59,41,1.0325439999999997,954.6514267301509,59,59,0,0,0,0,70200,70200,70159,0,41,0,0.9994159544159544,126945.89523119859,0.5837779691254391,279056,86,12.213806095146543
824,59,41,1.1108799999999996,955.7623067301508,59,59,0,0,0,0,70259,70259,70218,0,41,0,0.9994164448682731,126905.2599646465,0.583777756291142,279384,86,12.184097847561116
825,59,41,1.1654719999999992,956.9277787301509,59,59,0,0,0,0,70318,70318,70277,0,41,0,0.9994169344975682,126856.50338324238,0.5837868887758122,279725,86,12.153439461183542
826,59,41,1.0853439999999999,958.0131227301508,59,59,0,0,0,0,70377,70377,70336,0,41,0,0.9994174233059095,126825.87024877722,0.5837512211391231,280045,86,12.124846784421443
827,59,41,0.9527039999999996,958.9658267301509,59,59,0,0,0,0,70436,70436,70395,0,41,0,0.9994179112953603,126795.23358470581,0.5836510305186798,280331,86,12.099933103275866
828,59,41,1.0904319999999998,960.0562587301508,59,59,0,0,0,0,70495,70495,70454,0,41,0,0.9994183984679764,126759.44653594091,0.5836090168403727,280656,86,12.071346673494226
829,59,41,1.0466879999999994,961.1029467301508,59,59,0,0,0,0,70554,70554,70513,0,41,0,0.9994188848258072,126722.40826475786,0.5835555379015948,280969,86,12.043817168842324
830,59,41,1.0533119999999998,962.1562587301509,59,59,0,0,0,0,70613,70613,70572,0,41,0,0.9994193703708949,126694.74723459495,0.5834750518525031,281278,86,12.016010553107915
831,59,41,1.1547199999999995,963.3109787301509,59,59,0,0,0,0,70672,70672,70631,0,41,0,0.9994198551052751,126658.83675574591,0.5834343864129249,281613,86,11.98553147039197
832,59,41,1.1059199999999996,964.4168987301508,59,59,0,0,0,0,70731,70731,70690,0,41,0,0.9994203390309765,126629.95864216083,0.5833978154531821,281937,87,11.956547673015333
833,59,41,1.2371199999999996,965.6540187301508,59,59,0,0,0,0,70790,70790,70749,0,41,0,0.9994208221500211,126591.00426128965,0.583407922116035,282292,87,11.924157127004483
834,59,41,1.1661119999999996,966.8201307301508,59,59,0,0,0,0,70849,70849,70808,0,41,0,0.9994213044644243,126560.66636468525,0.5834068520690091,282635,87,11.893227014529144
835,59,41,1.2101439999999992,968.0302747301508,59,59,0,0,0,0,70908,70908,70867,0,41,0,0.9994217859761945,126525.74531735887,0.5834407721634035,282974,87,11.861456682323587
836,59,41,1.0499839999999996,969.0802587301508,59,59,0,0,0,0,70967,70967,70926,0,41,0,0.9994222666873336,126490.49332675897,0.5834097091072489,283285,87,11.833901178386956
837,59,41,1.2127359999999996,970.2929947301508,59,59,0,0,0,0,71026,71026,70985,0,41,0,0.9994227465998367,126456.74725717695,0.5834687038626756,283635,88,11.801689670762999
838,59,41,1.0047359999999999,971.2977307301508,59,59,0,0,0,0,71085,71085,71044,0,41,0,0.9994232257156925,126424.58446566224,0.5834247244422688,283940,88,11.774890845698193
839,59,41,1.1797759999999993,972.4775067301507,59,59,0,0,0,0,71144,71144,71103,0,41,0,0.999423704036883,126378.96830461425,0.5834402319824297,284275,88,11.74362319341395
840,59,41,1.1202239999999994,973.5977307301507,59,59,0,0,0,0,71203,71203,71162,0,41,0,0.9994241815653835,126335.63546594953,0.5834722817499254,284598,88,11.71432498681578
841,59,41,1.0513599999999996,974.6490907301508,59,59,0,0,0,0,71262,71262,71221,0,41,0,0.999424658303163,126301.41573084619,0.5834704263869224,284913,88,11.68586645583508
842,59,41,1.2087679999999998,975.8578587301507,59,59,0,0,0,0,71321,71321,71280,0,41,0,0.9994251342521838,126274.988613967,0.5835407657856216,285260,88,11.653926686606361
843,59,41,1.0196479999999994,976.8775067301507,59,59,0,0,0,0,71380,71380,71339,0,41,0,0.9994256094144018,126246.48551158373,0.5835197581820329,285568,88,11.626860851500362
844,59,41,1.0237439999999998,977.9012507301507,59,59,0,0,0,0,71439,71439,71398,0,41,0,0.9994260837917665,126205.7410273796,0.5835166237778113,285875,88,11.599682832759427
845,59,41,1.0461439999999993,978.9473947301507,59,59,0,0,0,0,71498,71498,71457,0,41,0,0.9994265573862205,126161.88435134933,0.5835499718758249,286181,88,11.571813335631548
846,59,41,0.9638079999999996,979.9112027301506,59,59,0,0,0,0,71557,71557,71516,0,41,0,0.9994270301997009,126123.07692336306,0.5835087041761748,286473,88,11.546426725295923
847,59,41,1.0535039999999998,980.9647067301506,59,59,0,0,0,0,71616,71616,71575,0,41,0,0.9994275022341377,126090.17954610813,0.5834944332401847,286791,88,11.51850945380999
848,59,41,1.257312,982.2220187301506,59,59,0,0,0,0,71675,71675,71634,0,41,0,0.9994279734914545,126043.25054742303,0.5835597198907556,287148,88,11.485630504267714
849,59,41,1.1237759999999999,983.3457947301506,59,59,0,0,0,0,71734,71734,71693,0,41,0,0.999428443973569,126004.569973274,0.5835754794767173,287472,88,11.455869527374634
850,59,41,1.1823359999999998,984.5281307301506,59,59,0,0,0,0,71793,71793,71752,0,41,0,0.9994289136823924,125966.78970262158,0.5835916876665553,287818,88,11.424931387564747
851,59,41,1.0495999999999999,985.5777307301506,59,59,0,0,0,0,71852,71852,71811,0,41,0,0.9994293826198296,125944.47716269072,0.5835935110943459,288128,88,11.396867283687808
852,59,41,1.2255679999999995,986.8032987301506,59,59,0,0,0,0,71911,71911,71870,0,41,0,0.9994298507877794,125894.93383318398,0.5837209797220992,288484,88,11.364589573783515
853,59,41,1.05584,987.8591387301506,59,59,0,0,0,0,71970,71970,71929,0,41,0,0.999430318188134,125861.847226342,0.5837374886932608,288797,88,11.336832337088458
854,59,41,0.9879679999999995,988.8471067301506,59,59,0,0,0,0,72029,72029,71988,0,41,0,0.9994307848227797,125825.17878970125,0.5837319856058806,289093,88,11.31050889593972
855,59,41,0.9696959999999998,989.8168027301506,59,59,0,0,0,0,72088,72088,72047,0,41,0,0.9994312506935967,125793.6940013185,0.5836854787519938,289387,88,11.284477264703764
856,58,42,1.8358136172015436,991.6526163473521,59,58,0,1,0,0,72147,72147,72105,0,42,0,0.9994178552122749,125763.29043467763,0.5839636203969362,289860,88,11.236116877009934
857,58,42,1.663168,993.3157843473522,58,58,0,0,0,0,72205,72205,72163,0,42,0,0.9994183228308289,125720.72846104158,0.5841175766492527,290311,88,11.191992871809703
858,58,42,1.5626559999999996,994.8784403473521,58,58,0,0,0,0,72263,72263,72221,0,42,0,0.9994187896987393,125687.33920532264,0.5842261074061692,290734,88,11.151079247287388
859,58,42,1.5075199999999993,996.3859603473521,58,58,0,0,0,0,72321,72321,72279,0,42,0,0.9994192558178122,125659.96409298235,0.584333107905228,291145,88,11.11113034300891
860,58,42,1.4527359999999998,997.8386963473521,58,58,0,0,0,0,72379,72379,72337,0,42,0,0.9994197211898479,125634.91119246036,0.5844424632131193,291548,88,11.072893356493674
861,58,42,1.4116479999999996,999.2503443473521,58,58,0,0,0,0,72437,72437,72395,0,42,0,0.9994201858166407,125610.29246577773,0.5845351219388178,291940,88,11.035904141193662
862,58,42,1.3987199999999997,1000.6490643473521,58,58,0,0,0,0,72495,72495,72453,0,42,0,0.9994206496999793,125586.7661076203,0.5846218283810675,292329,88,10.999233455373236
863,58,42,1.376128,1002.0251923473521,58,58,0,0,0,0,72553,72553,72511,0,42,0,0.9994211128416468,125561.17846225372,0.5846959060993888,292713,88,10.962567333412668
864,58,42,1.4415039999999992,1003.4666963473521,58,58,0,0,0,0,72611,72611,72569,0,42,0,0.9994215752434205,125531.17353921279,0.5847953683040652,293106,88,10.924580090504312
865,58,42,1.9393279999999984,1005.4060243473522,58,58,0,0,0,0,72669,72669,72627,0,42,0,0.9994220369070718,125491.53371335902,0.5851188500961709,293603,89,10.873570209982104
866,58,42,1.1901759999999992,1006.5962003473521,58,58,0,0,0,0,72727,72727,72685,0,42,0,0.9994224978343669,125436.97657156782,0.585121485001138,293947,89,10.842305032154087
867,58,42,1.5320639999999992,1008.1282643473521,58,58,0,0,0,0,72785,72785,72743,0,42,0,0.999422958027066,125408.66918541135,0.5852736855592924,294363,89,10.802127124473666
868,58,42,1.1701439999999999,1009.2984083473522,58,58,0,0,0,0,72843,72843,72801,0,42,0,0.999423417486924,125386.90931576956,0.585266660730667,294701,89,10.771235566350997
869,58,42,1.304896,1010.6033043473522,58,58,0,0,0,0,72901,72901,72859,0,42,0,0.9994238762156897,125353.38391933283,0.5853499202981569,295068,89,10.737134467166749
870,58,42,1.3753279999999994,1011.9786323473521,58,58,0,0,0,0,72959,72959,72917,0,42,0,0.9994243342151071,125306.98568788986,0.5854319507147082,295451,89,10.700755135814754
871,58,42,1.5935039999999985,1013.5721363473522,58,58,0,0,0,0,73017,73017,72975,0,42,0,0.999424791486914,125274.30406441806,0.5855990634784897,295884,89,10.658876279265945
872,58,42,0.9586879999999997,1014.5308243473522,58,58,0,0,0,0,73075,73075,73033,0,42,0,0.9994252480328429,125238.58018975094,0.5854960378530967,296176,89,10.633487073903384
873,58,42,1.0060480000000003,1015.5368723473522,58,58,0,0,0,0,73133,73133,73091,0,42,0,0.999425703854621,125209.0273257044,0.5854191466511577,296478,89,10.606770366404108
874,58,42,1.495551999999999,1017.0324243473522,58,58,0,0,0,0,73191,73191,73149,0,42,0,0.9994261589539698,125174.24317292018,0.585515351230006,296874,89,10.567718877194887
875,58,42,1.6387199999999997,1018.6711443473522,58,58,0,0,0,0,73249,73249,73207,0,42,0,0.9994266133326052,125106.43960730864,0.5856397757334635,297321,89,10.524749969445375
876,58,42,1.1058239999999995,1019.7769683473522,58,58,0,0,0,0,73307,73307,73265,0,42,0,0.9994270669922382,125080.7617343177,0.5855997801092255,297646,89,10.495542351319283
877,58,42,1.224896,1021.0018643473521,58,58,0,0,0,0,73365,73365,73323,0,42,0,0.9994275199345737,125051.04687699498,0.5856183749882181,298000,89,10.463270871873343
878,58,42,1.3275839999999992,1022.3294483473521,58,58,0,0,0,0,73423,73423,73381,0,42,0,0.9994279721613119,125020.79462409632,0.5856748354017789,298367,89,10.428398027186288
879,58,42,1.7601919999999989,1024.089640347352,58,58,0,0,0,0,73481,73481,73439,0,42,0,0.9994284236741471,124962.93581936232,0.5858944162642513,298829,89,10.382362276653701
880,58,42,1.1504639999999997,1025.2401043473521,58,58,0,0,0,0,73539,73539,73497,0,42,0,0.9994288744747685,124911.7347799454,0.585906580773676,299170,89,10.352188092052504
881,58,42,1.0536959999999995,1026.293800347352,58,58,0,0,0,0,73597,73597,73555,0,42,0,0.99942932456486,124865.55405150814,0.5858649475713827,299485,89,10.324186399295456
882,58,42,1.0732159999999997,1027.367016347352,58,58,0,0,0,0,73655,73655,73613,0,42,0,0.9994297739461001,124825.25714709307,0.5858389524374694,299807,89,10.296136711080374
883,58,42,1.1425599999999998,1028.509576347352,58,58,0,0,0,0,73713,73713,73671,0,42,0,0.999430222620162,124794.8166470472,0.5858207933268856,300145,90,10.265706023917076
884,58,42,1.1980479999999996,1029.707624347352,58,58,0,0,0,0,73771,73771,73729,0,42,0,0.9994306705887137,124739.26866513281,0.5858530010742653,300490,90,10.234272996925414
885,58,42,0.9483199999999998,1030.655944347352,58,58,0,0,0,0,73829,73829,73787,0,42,0,0.999431117853418,124706.30641090352,0.5858054337972718,300776,90,10.209154794422139
886,58,42,0.8837760000000001,1031.539720347352,58,58,0,0,0,0,73887,73887,73845,0,42,0,0.9994315644159324,124680.43010180161,0.5857143571911512,301053,90,10.185887545005112
887,58,42,0.8957759999999997,1032.435496347352,58,58,0,0,0,0,73945,73945,73903,0,42,0,0.9994320102779093,124648.190085769,0.5856457897227498,301336,90,10.162185352449734
888,58,42,0.9815359999999997,1033.417032347352,58,58,0,0,0,0,74003,74003,73961,0,42,0,0.9994324554409957,124623.27595614067,0.5856077432313492,301632,90,10.136576761701338
889,58,42,0.9658239999999993,1034.3828563473521,58,58,0,0,0,0,74061,74061,74019,0,42,0,0.9994328999068336,124583.92094302607,0.5855921432626259,301928,90,10.11092552079955
890,58,42,1.2905599999999988,1035.673416347352,58,58,0,0,0,0,74119,74119,74077,0,42,0,0.9994333436770598,124517.06683253203,0.5857151042204232,302294,90,10.078140848870614
891,58,42,1.3722239999999992,1037.045640347352,58,58,0,0,0,0,74177,74177,74135,0,42,0,0.9994337867533063,124458.19834580203,0.5858744395886707,302688,90,10.043018923945388
892,58,42,1.2042559999999995,1038.249896347352,58,58,0,0,0,0,74235,74235,74193,0,42,0,0.9994342291371995,124408.14533612685,0.585925877193372,303041,90,10.011848665252966
893,58,42,1.1695359999999992,1039.419432347352,58,58,0,0,0,0,74293,74293,74251,0,42,0,0.9994346708303609,124356.07414813529,0.5859743067542912,303383,90,9.981342677752906
894,58,42,1.1355199999999994,1040.5549523473521,58,58,0,0,0,0,74351,74351,74309,0,42,0,0.999435111834407,124305.63874422095,0.5860159535840742,303725,90,9.951818256866186
895,58,42,0.9918719999999992,1041.5468243473522,58,58,0,0,0,0,74409,74409,74367,0,42,0,0.9994355521509495,124262.68793157693,0.5859992473282877,304034,90,9.92652686302895
896,58,42,0.9330879999999997,1042.4799123473522,58,58,0,0,0,0,74467,74467,74425,0,42,0,0.9994359917815945,124220.93746478981,0.5859391704073611,304333,90,9.902663466643366
897,58,42,1.0473919999999992,1043.5273043473521,58,58,0,0,0,0,74525,74525,74483,0,42,0,0.9994364307279436,124171.70826310136,0.5859644931729612,304656,90,9.875898546549745
898,58,42,1.0607039999999994,1044.5880083473521,58,58,0,0,0,0,74583,74583,74541,0,42,0,0.9994368689915932,124127.56700619143,0.5860141420769915,304980,90,9.848417382711501
899,58,42,1.2237119999999995,1045.811720347352,58,58,0,0,0,0,74641,74641,74599,0,42,0,0.9994373065741349,124069.75125207443,0.5860805327696379,305339,90,9.817027030887251
900,58,42,1.3382719999999995,1047.149992347352,58,58,0,0,0,0,74699,74699,74657,0,42,0,0.999437743477155,124006.82323352009,0.5861991030349855,305724,90,9.782733390576375
901,58,42,0.9924479999999997,1048.142440347352,58,58,0,0,0,0,74757,74757,74715,0,42,0,0.9994381797022353,123966.75394323304,0.5861815019677032,306020,90,9.756642155229478
902,58,42,1.1834559999999994,1049.325896347352,58,58,0,0,0,0,74815,74815,74773,0,42,0,0.9994386152509523,123919.38143586647,0.5862592189594011,306372,90,9.725973869925097
903,58,42,1.3196480000000002,1050.645544347352,58,58,0,0,0,0,74873,74873,74831,0,42,0,0.9994390501248781,123874.01317239311,0.5863873481128447,306754,90,9.69210402715179
904,58,42,1.3412159999999997,1051.986760347352,58,58,0,0,0,0,74931,74931,74889,0,42,0,0.9994394843255795,123811.54298652372,0.5865077627272248,307129,90,9.656905497634257
905,58,42,1.155071999999999,1053.141832347352,58,58,0,0,0,0,74989,74989,74947,0,42,0,0.9994399178546187,123754.74983222729,0.5865678218329229,307474,90,9.62676513359024
906,58,42,1.0642239999999996,1054.206056347352,58,58,0,0,0,0,75047,75047,75005,0,42,0,0.9994403507135529,123705.34888772324,0.5865503987504227,307799,90,9.599669329776296
907,58,42,1.1757759999999995,1055.381832347352,58,58,0,0,0,0,75105,75105,75063,0,42,0,0.9994407829039345,123651.50507636312,0.5865421106735664,308145,91,9.569727293573072
908,58,42,1.1718399999999995,1056.553672347352,58,58,0,0,0,0,75163,75163,75121,0,42,0,0.9994412144273113,123598.4081242849,0.586497054523976,308491,91,9.539742193994082
909,58,42,1.2289919999999994,1057.782664347352,58,58,0,0,0,0,75221,75221,75179,0,42,0,0.9994416452852262,123544.44859486427,0.5865463825348536,308853,91,9.508118061893862
910,58,42,1.5795839999999999,1059.362248347352,58,58,0,0,0,0,75279,75279,75237,0,42,0,0.9994420754792173,123460.5142896462,0.5866889982375331,309299,92,9.466737185088903
911,58,42,1.0603839999999995,1060.4226323473522,58,58,0,0,0,0,75337,75337,75295,0,42,0,0.9994425050108181,123415.29877601804,0.5866248462129551,309628,92,9.439948307676026
912,58,42,1.3271999999999993,1061.7498323473521,58,58,0,0,0,0,75395,75395,75353,0,42,0,0.9994429338815571,123355.47603566959,0.5866652833378022,310010,92,9.405970464457159
913,58,42,1.1668799999999997,1062.9167123473521,58,58,0,0,0,0,75453,75453,75411,0,42,0,0.9994433620929585,123301.26573188271,0.5865835926797112,310361,92,9.375658437411767
914,58,42,1.220736,1064.1374483473521,58,58,0,0,0,0,75511,75511,75469,0,42,0,0.9994437896465416,123249.08610601698,0.5865301482594395,310721,93,9.344492949904803
915,58,42,1.2661119999999997,1065.4035603473521,58,58,0,0,0,0,75569,75569,75527,0,42,0,0.9994442165438209,123186.89826530218,0.5864749921307766,311087,93,9.31223348353095
916,58,42,1.5231359999999994,1066.9266963473522,58,58,0,0,0,0,75627,75627,75585,0,42,0,0.9994446427863065,123121.40323203002,0.5865303065690005,311510,93,9.273390987792032
917,58,42,1.129984,1068.056680347352,58,58,0,0,0,0,75685,75685,75643,0,42,0,0.9994450683755037,123079.04853630824,0.586465369197789,311854,93,9.244025431005706
918,58,42,1.5087679999999997,1069.565448347352,58,58,0,0,0,0,75743,75743,75701,0,42,0,0.9994454933129134,123016.15782680939,0.5865659856355447,312275,93,9.204542796791285
919,58,42,1.124512,1070.689960347352,58,58,0,0,0,0,75801,75801,75759,0,42,0,0.9994459176000317,122970.93358126361,0.5865196756289432,312609,93,9.176026145397199
920,58,42,1.3229759999999995,1072.012936347352,58,58,0,0,0,0,75859,75859,75817,0,42,0,0.9994463412383501,122907.65114172819,0.5865230223020517,312995,93,9.14194705389109
921,58,42,1.3536640000000002,1073.366600347352,58,58,0,0,0,0,75917,75917,75875,0,42,0,0.9994467642293557,122861.1584870667,0.5866043828036247,313389,93,9.106918641510092
922,58,42,1.3643519999999998,1074.730952347352,58,58,0,0,0,0,75975,75975,75933,0,42,0,0.9994471865745311,122798.13074309393,0.5866171536079067,313786,93,9.072015188388248
923,58,42,1.2968959999999994,1076.0278483473521,58,58,0,0,0,0,76033,76033,75991,0,42,0,0.9994476082753542,122755.56641296201,0.5866243984816664,314161,93,9.038398648318216
924,58,42,1.0798719999999997,1077.1077203473521,58,58,0,0,0,0,76091,76091,76049,0,42,0,0.9994480293332982,122712.5843619202,0.5865832866224987,314489,93,9.010997910340167
925,58,42,1.591327999999999,1078.6990483473521,58,58,0,0,0,0,76149,76149,76107,0,42,0,0.9994484497498326,122644.1204362677,0.5867956365599706,314936,93,8.97044301556747
926,58,42,1.309248,1080.0082963473521,58,58,0,0,0,0,76207,76207,76165,0,42,0,0.9994488695264214,122581.47316807376,0.5868574631926968,315314,93,8.936327334205323
927,58,42,1.0097279999999997,1081.0180243473521,58,58,0,0,0,0,76265,76265,76223,0,42,0,0.999449288664525,122538.38235488665,0.5867987247919422,315632,93,8.910337929305586
928,58,42,1.3319359999999998,1082.3499603473522,58,58,0,0,0,0,76323,76323,76281,0,42,0,0.9994497071655989,122471.76685575815,0.58682683043067,316022,93,8.875751893342416
929,58,42,1.4196479999999998,1083.7696083473522,58,58,0,0,0,0,76381,76381,76339,0,42,0,0.9994501250310941,122416.21741202993,0.5869032082578425,316418,93,8.838856686010274
930,58,42,1.0905919999999996,1084.8602003473522,58,58,0,0,0,0,76439,76439,76397,0,42,0,0.9994505422624577,122372.44205059201,0.5868571370460922,316747,93,8.811044802190358
931,58,42,1.4674559999999996,1086.3276563473523,58,58,0,0,0,0,76497,76497,76455,0,42,0,0.9994509588611318,122315.70026190455,0.5869633156005216,317156,93,8.773903290314449
932,58,42,1.2240639999999996,1087.5517203473523,58,58,0,0,0,0,76555,76555,76513,0,42,0,0.9994513748285546,122259.29996003587,0.5869320342681585,317511,93,8.74260647741181
933,58,42,1.1432319999999998,1088.6949523473522,58,58,0,0,0,0,76613,76613,76571,0,42,0,0.9994517901661598,122216.45715644675,0.5869318529169835,317855,93,8.713086827445377
934,58,42,1.145792,1089.8407443473523,58,58,0,0,0,0,76671,76671,76629,0,42,0,0.9994522048753766,122171.68489120406,0.5869257515804286,318203,93,8.683635325605513
935,58,42,1.1619519999999994,1091.0026963473522,58,58,0,0,0,0,76729,76729,76687,0,42,0,0.99945261895763,122116.00983759873,0.5869353901223124,318550,93,8.653432035370171
936,58,42,1.3366079999999996,1092.3393043473523,58,58,0,0,0,0,76787,76787,76745,0,42,0,0.9994530324143409,122062.2195588427,0.5869994393119679,318940,93,8.61916989478752
937,58,42,1.1620159999999993,1093.5013203473522,58,58,0,0,0,0,76845,76845,76803,0,42,0,0.9994534452469256,122013.96515700426,0.5869767783742129,319285,93,8.589475822226857
938,58,42,1.1179839999999999,1094.6193043473522,58,58,0,0,0,0,76903,76903,76861,0,42,0,0.9994538574567963,121965.17224735068,0.5869890669220252,319628,94,8.561144092084747
939,58,42,1.3125439999999997,1095.9318483473521,58,58,0,0,0,0,76961,76961,76919,0,42,0,0.9994542690453606,121924.42824022146,0.5870604116631536,320006,94,8.527346201742393
940,58,42,1.4565439999999998,1097.388392347352,58,58,0,0,0,0,77019,77019,76977,0,42,0,0.9994546800140225,121861.86124490283,0.587197837597203,320422,95,8.489577794137832
941,58,42,1.1109439999999995,1098.499336347352,58,58,0,0,0,0,77077,77077,77035,0,42,0,0.9994550903641812,121817.99257608861,0.587192727945648,320759,95,8.460628360790626
942,58,42,1.1399359999999996,1099.639272347352,58,58,0,0,0,0,77135,77135,77093,0,42,0,0.9994555000972322,121769.99072992633,0.5871890575946843,321105,95,8.431604945476156
943,58,42,1.2167679999999992,1100.856040347352,58,58,0,0,0,0,77193,77193,77151,0,42,0,0.9994559092145661,121718.81798252268,0.5872476670011871,321460,95,8.400457723335178
944,58,42,1.1729919999999996,1102.029032347352,58,58,0,0,0,0,77251,77251,77209,0,42,0,0.99945631771757,121672.3299152947,0.5872619612788353,321815,95,8.37082857078069
945,58,42,1.1870079999999996,1103.2160403473522,58,58,0,0,0,0,77309,77309,77267,0,42,0,0.9994567256076266,121623.68483851427,0.5873535286723839,322172,95,8.340586908632343
946,58,42,1.2802559999999996,1104.4962963473522,58,58,0,0,0,0,77367,77367,77325,0,42,0,0.9994571328861143,121561.35284837152,0.5874963974958038,322544,95,8.307089406335505
947,58,42,1.1433599999999995,1105.6396563473522,58,58,0,0,0,0,77425,77425,77383,0,42,0,0.9994575395544075,121511.78481046867,0.5875366209636548,322886,95,8.277864701158652
948,58,42,1.4768960000000004,1107.1165523473521,58,58,0,0,0,0,77483,77483,77441,0,42,0,0.9994579456138766,121440.33770874147,0.5877375659844499,323298,95,8.2402410174542
949,58,42,1.3602239999999997,1108.4767763473521,58,58,0,0,0,0,77541,77541,77499,0,42,0,0.9994583510658878,121379.19970083224,0.5878959589617022,323694,97,8.204899828365331
950,58,42,1.1169279999999995,1109.593704347352,58,58,0,0,0,0,77599,77599,77557,0,42,0,0.999458755911803,121343.13981097644,0.587918806026433,324027,97,8.17574452234289
951,58,42,1.2086399999999997,1110.8023443473521,58,58,0,0,0,0,77657,77657,77615,0,42,0,0.9994591601529804,121285.59926577828,0.5879745097069448,324394,97,8.14450257951317
952,58,42,1.1131839999999997,1111.9155283473522,58,58,0,0,0,0,77715,77715,77673,0,42,0,0.9994595637907739,121239.14502782923,0.587984166010178,324736,97,8.11613834228831
953,58,42,1.3250879999999998,1113.2406163473522,58,58,0,0,0,0,77773,77773,77731,0,42,0,0.9994599668265336,121185.61074662219,0.5881044668687601,325117,97,8.082380469655602
954,58,42,1.213952,1114.4545683473523,58,58,0,0,0,0,77831,77831,77789,0,42,0,0.9994603692616053,121150.9090049492,0.5881614262886797,325478,97,8.051294016442297
955,58,42,1.1939199999999992,1115.6484883473522,58,58,0,0,0,0,77889,77889,77847,0,42,0,0.9994607710973308,121102.73926883563,0.5882241190172757,325833,97,8.020926833784744
956,58,42,1.1594879999999992,1116.8079763473522,58,58,0,0,0,0,77947,77947,77905,0,42,0,0.9994611723350482,121055.76147671693,0.588290434517582,326179,97,7.991158501223686
957,58,42,1.471551999999999,1118.2795283473522,58,58,0,0,0,0,78005,78005,77963,0,42,0,0.9994615729760913,121003.3274953856,0.5884491280375385,326608,97,7.9530313026579655
958,58,42,1.1312319999999996,1119.4107603473522,58,58,0,0,0,0,78063,78063,78021,0,42,0,0.9994619730217901,120957.02203004133,0.5884774073270599,326954,97,7.923854868954103
959,58,42,1.1680959999999994,1120.5788563473523,58,58,0,0,0,0,78121,78121,78079,0,42,0,0.9994623724734707,120904.62641926156,0.5885458594597939,327303,97,7.8940162911692715
960,58,42,1.359039999999999,1121.9378963473523,58,58,0,0,0,0,78179,78179,78137,0,42,0,0.999462771332455,120850.74623241197,0.5887030656062757,327694,98,7.858568253983263
961,58,42,1.0578879999999997,1122.9957843473524,58,58,0,0,0,0,78237,78237,78195,0,42,0,0.9994631696000613,120818.34134297469,0.588703906497351,328014,98,7.830938940408943
962,58,42,1.6069759999999986,1124.6027603473524,58,58,0,0,0,0,78295,78295,78253,0,42,0,0.9994635672776039,120775.27531414597,0.588903860401913,328465,98,7.790241279209924
963,58,42,1.2581439999999997,1125.8609043473523,58,58,0,0,0,0,78353,78353,78311,0,42,0,0.9994639643663931,120722.33032977475,0.5889974000009358,328829,98,7.758046452574505
964,58,42,1.1831999999999991,1127.0441043473522,58,58,0,0,0,0,78411,78411,78369,0,42,0,0.9994643608677354,120675.4549137707,0.5890433160532828,329184,98,7.727369046747193
965,58,42,1.110112,1128.1542163473523,58,58,0,0,0,0,78469,78469,78427,0,42,0,0.9994647567829333,120635.48584752795,0.5890223384214435,329519,98,7.698949795227987
966,58,42,1.3869759999999998,1129.5411923473523,58,58,0,0,0,0,78527,78527,78485,0,42,0,0.9994651521132859,120582.70820292078,0.5891858410058985,329916,98,7.663489003586383
967,58,42,1.5090239999999997,1131.0502163473523,58,58,0,0,0,0,78585,78585,78543,0,42,0,0.9994655468600878,120519.8337172124,0.5893437884384651,330348,98,7.625031759921811
968,58,42,1.2490559999999995,1132.2992723473524,58,58,0,0,0,0,78643,78643,78601,0,42,0,0.9994659410246303,120467.10558880892,0.5894028056044337,330716,98,7.593382282534364
969,58,42,1.2354559999999994,1133.5347283473525,58,58,0,0,0,0,78701,78701,78659,0,42,0,0.9994663346082007,120420.06000028946,0.5894378770037099,331075,98,7.560959814213906
970,58,42,1.3488639999999994,1134.8835923473525,58,58,0,0,0,0,78759,78759,78717,0,42,0,0.9994667276120824,120362.8433093001,0.5895004082297743,331473,98,7.526956669729044
971,58,42,0.9985920000000003,1135.8821843473524,58,58,0,0,0,0,78817,78817,78775,0,42,0,0.9994671200375553,120339.36783552881,0.5894084414347343,331777,98,7.500846432573693
972,58,42,1.2412159999999999,1137.1234003473523,58,58,0,0,0,0,78875,78875,78833,0,42,0,0.9994675118858954,120285.56967363307,0.5893958956552299,332149,98,7.468649918311394
973,58,42,1.1591999999999993,1138.2826003473524,58,58,0,0,0,0,78933,78933,78891,0,42,0,0.9994679031583749,120240.17933528483,0.5893663433092474,332498,98,7.438926725292192
974,58,42,1.262208,1139.5448083473525,58,58,0,0,0,0,78991,78991,78949,0,42,0,0.9994682938562621,120194.68036420563,0.5893729877561141,332877,98,7.406498581580773
975,58,42,2.5388159999999993,1142.0836243473525,58,58,0,0,0,0,79049,79049,79007,0,42,0,0.999468683980822,120082.1000111715,0.5897176914247001,333526,98,7.341650551331256
976,58,42,2.261984,1144.3456083473525,58,58,0,0,0,0,79107,79107,79065,0,42,0,0.9994690735333156,119966.05133851267,0.5900078793213845,334134,98,7.283836781296404
977,58,42,1.9456639999999998,1146.2912723473526,58,58,0,0,0,0,79165,79165,79123,0,42,0,0.9994694625150004,119881.29310153112,0.5901440642752597,334645,98,7.234195364551739
978,58,42,1.9088959999999997,1148.2001683473525,58,58,0,0,0,0,79223,79223,79181,0,42,0,0.9994698509271297,119795.0564647443,0.5902989874938455,335147,98,7.184843353658758
979,58,42,2.180639999999999,1150.3808083473525,58,58,0,0,0,0,79281,79281,79239,0,42,0,0.999470238770954,119710.00819966603,0.5905949860604381,335707,98,7.1278821723350925
980,58,42,1.33472,1151.7155283473526,58,58,0,0,0,0,79339,79339,79297,0,42,0,0.9994706260477193,119653.46355774588,0.5906080697088247,336101,98,7.09377929802065
981,58,42,1.262336,1152.9778643473526,58,58,0,0,0,0,79397,79397,79355,0,42,0,0.9994710127586685,119610.15060602508,0.5906164996698233,336478,99,7.061479349190281
982,58,42,1.2999360000000002,1154.2778003473525,58,58,0,0,0,0,79455,79455,79413,0,42,0,0.9994713989050406,119564.43757167381,0.5906250386047357,336850,99,7.027518163750823
983,58,42,1.5314239999999995,1155.8092243473525,58,58,0,0,0,0,79513,79513,79471,0,42,0,0.9994717844880712,119503.47262368808,0.590750983510932,337291,99,6.987764131020404
984,58,42,2.490655999999999,1158.2998803473524,58,58,0,0,0,0,79571,79571,79529,0,42,0,0.999472169508992,119403.15141751118,0.5911992553033236,337925,99,6.9227561520995
985,58,42,2.215327999999999,1160.5152083473524,58,58,0,0,0,0,79629,79629,79587,0,42,0,0.9994725539690313,119302.58475213361,0.5915638279023967,338503,100,6.865993107190987
986,58,42,2.2359359999999984,1162.7511443473525,58,58,0,0,0,0,79687,79687,79645,0,42,0,0.999472937869414,119211.33827634544,0.5919071031621319,339093,100,6.8090638422182455
987,58,42,1.9650879999999993,1164.7162323473524,58,58,0,0,0,0,79745,79745,79703,0,42,0,0.9994733212113612,119132.16639932529,0.5921413285206504,339610,100,6.758276357587417
988,58,42,2.127231999999999,1166.8434643473524,58,58,0,0,0,0,79803,79803,79761,0,42,0,0.9994737039960904,119075.66716990135,0.592437283466071,340150,100,6.701196267327427
989,58,42,1.05664,1167.9001043473525,58,58,0,0,0,0,79861,79861,79819,0,42,0,0.9994740862248156,119037.16720505759,0.5923945108065225,340470,100,6.673727481951772
990,58,42,1.2881279999999993,1169.1882323473524,58,58,0,0,0,0,79919,79919,79877,0,42,0,0.9994744678987475,118985.713464374,0.5924033240842,340842,100,6.64006516742001
991,58,42,1.2056000000000002,1170.3938323473524,58,58,0,0,0,0,79977,79977,79935,0,42,0,0.999474849019093,118946.14287294346,0.5923882960154232,341201,100,6.6084851807888345
992,57,43,1.1730483002431165,1171.5668806475956,58,57,0,1,0,0,80035,80035,79992,0,43,0,0.9994627350534141,118902.95150969015,0.5923825214312507,341560,100,6.578458781362508
993,57,43,1.2102719999999996,1172.7771526475956,57,57,0,0,0,0,80092,80092,80049,0,43,0,0.9994631174149727,118853.16122105968,0.5924515876162737,341922,100,6.547908038174465
994,57,43,1.2749759999999997,1174.0521286475955,57,57,0,0,0,0,80149,80149,80106,0,43,0,0.9994634992326792,118801.92761173923,0.5925878568504478,342298,100,6.515396478626845
995,57,43,1.476703999999999,1175.5288326475954,57,57,0,0,0,0,80206,80206,80163,0,43,0,0.9994638805076926,118751.56450700907,0.5928026198662623,342723,100,6.477639868107269
996,57,43,1.1574719999999992,1176.6863046475955,57,57,0,0,0,0,80263,80263,80220,0,43,0,0.9994642612411696,118717.934804074,0.5928785872303244,343073,100,6.447487898542464
997,57,43,1.122624,1177.8089286475956,57,57,0,0,0,0,80320,80320,80277,0,43,0,0.999464641434263,118688.07970450206,0.592931235376352,343406,100,6.418500307901945
998,57,43,1.0543999999999993,1178.8633286475956,57,57,0,0,0,0,80377,80377,80334,0,43,0,0.9994650210881222,118657.2697621128,0.5929009858014792,343731,100,6.390747839394082
999,57,43,1.119872,1179.9832006475956,57,57,0,0,0,0,80434,80434,80391,0,43,0,0.9994654002038939,118631.54655352274,0.5928946374085022,344071,100,6.362548105484627
1000,57,43,1.1836799999999992,1181.1668806475957,57,57,0,0,0,0,80491,80491,80448,0,43,0,0.999465778782721,118589.51541479214,0.5929496566238556,344420,100,6.3317036864354925
1001,57,43,1.4024319999999995,1182.5693126475958,57,57,0,0,0,0,80548,80548,80505,0,43,0,0.9994661568257437,118536.44983071934,0.5930813050055507,344823,100,6.296199411785526
1002,57,43,1.328864,1183.8981766475958,57,57,0,0,0,0,80605,80605,80562,0,43,0,0.9994665343340984,118492.40649836494,0.5931975738301364,345208,100,6.262519634201141
1003,57,43,1.40272,1185.300896647596,57,57,0,0,0,0,80662,80662,80619,0,43,0,0.9994669113089187,118443.38293936172,0.5933151022283363,345610,100,6.226114606805269
1004,57,43,1.0068799999999996,1186.3077766475958,57,57,0,0,0,0,80719,80719,80676,0,43,0,0.9994672877513349,118414.10700094368,0.593275767644463,345914,100,6.199425908329601
1005,57,43,1.0335679999999994,1187.3413446475959,57,57,0,0,0,0,80776,80776,80733,0,43,0,0.999467663662474,118378.03562859753,0.5932344196446574,346238,100,6.173359043035757
1006,57,43,0.9846079999999995,1188.3259526475958,57,57,0,0,0,0,80833,80833,80790,0,43,0,0.9994680390434599,118342.01524142275,0.5931620408046138,346552,100,6.1480486534489405
1007,57,43,1.1727359999999998,1189.4986886475958,57,57,0,0,0,0,80890,80890,80847,0,43,0,0.9994684138954135,118294.46584761007,0.5931439718924635,346906,100,6.11837922987658
1008,57,43,1.096127999999999,1190.5948166475957,57,57,0,0,0,0,80947,80947,80904,0,43,0,0.9994687882194523,118250.91629108958,0.5931024393692068,347247,100,6.090646261664766
1009,57,43,1.0003519999999997,1191.5951686475958,57,57,0,0,0,0,81004,81004,80961,0,43,0,0.9994691620166906,118216.81365146597,0.5930384640242328,347555,100,6.064772351806573
1010,57,43,1.0666559999999996,1192.6618246475957,57,57,0,0,0,0,81061,81061,81018,0,43,0,0.9994695352882397,118186.35348846634,0.5929708172593885,347884,100,6.0366910163717025
1011,57,43,1.207712,1193.8695366475956,57,57,0,0,0,0,81118,81118,81075,0,43,0,0.999469908035208,118159.20891667732,0.592936677355593,348236,100,6.005396570340993
1012,57,43,1.2020799999999996,1195.0716166475956,57,57,0,0,0,0,81175,81175,81132,0,43,0,0.9994702802587003,118121.36949247493,0.5929034641895767,348594,100,5.973990182539334
1013,57,43,1.2558399999999998,1196.3274566475957,57,57,0,0,0,0,81232,81232,81189,0,43,0,0.9994706519598188,118083.06765428772,0.5928887965038624,348963,100,5.94119122070166
1014,57,43,1.2439999999999996,1197.5714566475956,57,57,0,0,0,0,81289,81289,81246,0,43,0,0.9994710231396622,118052.98065115992,0.5928977191013177,349318,100,5.909521609512327
1015,57,43,1.2099519999999997,1198.7814086475955,57,57,0,0,0,0,81346,81346,81303,0,43,0,0.9994713937993264,118015.24362944896,0.5928767718957054,349672,100,5.87853327964941
1016,57,43,1.4399039999999992,1200.2213126475956,57,57,0,0,0,0,81403,81403,81360,0,43,0,0.9994717639399039,117955.5124610323,0.5929178056666664,350097,100,5.841839900018016
1017,57,43,1.5553919999999999,1201.7767046475956,57,57,0,0,0,0,81460,81460,81417,0,43,0,0.9994721335624847,117903.85972038777,0.5929450025401848,350540,100,5.801409093035962
1018,57,43,1.113056,1202.8897606475955,57,57,0,0,0,0,81517,81517,81474,0,43,0,0.9994725026681551,117874.32285038749,0.5928882616231929,350869,100,5.7724457989052596
1019,57,43,1.002656,1203.8924166475954,57,57,0,0,0,0,81574,81574,81531,0,43,0,0.9994728712579989,117850.01885391134,0.5928056617281211,351173,100,5.7461111632886706
1020,57,43,0.9987839999999998,1204.8912006475953,57,57,0,0,0,0,81631,81631,81588,0,43,0,0.9994732393330965,117817.79460560568,0.592714278101337,351486,100,5.720161899266136
1021,57,43,1.1196799999999996,1206.0108806475953,57,57,0,0,0,0,81688,81688,81645,0,43,0,0.9994736068945255,117781.47799439858,0.5926809384641841,351830,100,5.691298332246248
1022,57,43,1.2744319999999996,1207.2853126475952,57,57,0,0,0,0,81745,81745,81702,0,43,0,0.9994739739433605,117732.89255734501,0.5926877065477058,352201,100,5.6590143612840444
1023,57,43,1.2199999999999995,1208.5053126475952,57,57,0,0,0,0,81802,81802,81759,0,43,0,0.9994743404806729,117698.85205418011,0.5927029554036488,352558,100,5.628134076464412
1024,57,43,1.1596799999999998,1209.6649926475952,57,57,0,0,0,0,81859,81859,81816,0,43,0,0.9994747065075312,117671.97766751291,0.5926876455206318,352901,100,5.597305694994988
1025,57,43,1.0580479999999997,1210.7230406475953,57,57,0,0,0,0,81916,81916,81873,0,43,0,0.9994750720250012,117641.05515313907,0.5926333191394075,353221,100,5.569600177057587
1026,57,43,1.253984,1211.9770246475953,57,57,0,0,0,0,81973,81973,81930,0,43,0,0.9994754370341454,117608.06442799165,0.5926721033685947,353585,100,5.537640705858432
1027,57,43,1.3344320000000003,1213.3114566475954,57,57,0,0,0,0,82030,82030,81987,0,43,0,0.9994758015360234,117567.29339236039,0.5927280684011563,353968,100,5.5031568130154245
1028,57,43,1.2986240000000002,1214.6100806475954,57,57,0,0,0,0,82087,82087,82044,0,43,0,0.9994761655316919,117540.47020907428,0.5927936032727481,354341,100,5.46814506923101
1029,57,43,1.3311039999999996,1215.9411846475955,57,57,0,0,0,0,82144,82144,82101,0,43,0,0.999476529022205,117499.60426038814,0.5928546704015005,354724,101,5.433583444898019
1030,57,43,1.2940479999999996,1217.2352326475955,57,57,0,0,0,0,82201,82201,82158,0,43,0,0.999476892008613,117449.03545803753,0.592838306023052,355102,101,5.4006023726708
1031,57,43,1.1820159999999997,1218.4172486475954,57,57,0,0,0,0,82258,82258,82215,0,43,0,0.9994772544919643,117404.81855356104,0.5927885165190355,355457,101,5.369952295622672
1032,57,43,1.3319679999999998,1219.7492166475954,57,57,0,0,0,0,82315,82315,82272,0,43,0,0.9994776164733038,117358.7209946598,0.5927991899183853,355842,101,5.33613299213587
1033,57,43,1.1323199999999998,1220.8815366475953,57,57,0,0,0,0,82372,82372,82329,0,43,0,0.9994779779536735,117329.18854136734,0.5927542737519542,356181,101,5.306530171157718
1034,57,43,1.4882559999999996,1222.3697926475954,57,57,0,0,0,0,82429,82429,82386,0,43,0,0.999478338934113,117280.0709427626,0.5928407625435007,356599,101,5.268260785126907
1035,57,43,1.0790719999999996,1223.4488646475954,57,57,0,0,0,0,82486,82486,82443,0,43,0,0.9994786994156584,117247.702086281,0.5928114394842481,356930,101,5.240979004312109
1036,57,43,0.990784,1224.4396486475955,57,57,0,0,0,0,82543,82543,82500,0,43,0,0.9994790593993433,117225.37093480771,0.5927344463151011,357236,101,5.214881078211644
1037,57,43,1.304672,1225.7443206475955,57,57,0,0,0,0,82600,82600,82557,0,43,0,0.9994794188861985,117187.91723555337,0.5928056883870761,357614,101,5.181246882030233
1038,57,43,0.9853120000000001,1226.7296326475955,57,57,0,0,0,0,82657,82657,82614,0,43,0,0.9994797778772517,117174.5396658995,0.5927471289979674,357913,101,5.154999957609876
1039,57,43,1.063264,1227.7928966475954,57,57,0,0,0,0,82714,82714,82671,0,43,0,0.9994801363735281,117153.11303131386,0.5927239079987642,358227,101,5.127045457798881
1040,57,43,1.312128,1229.1050246475954,57,57,0,0,0,0,82771,82771,82728,0,43,0,0.9994804943760496,117119.72948875831,0.5927908335009507,358607,101,5.09302282071266
1041,57,43,1.2680319999999998,1230.3730566475954,57,57,0,0,0,0,82828,82828,82785,0,43,0,0.9994808518858357,117086.59517668701,0.592853535553601,358970,101,5.060170906391069
1042,57,43,1.193279999999999,1231.5663366475953,57,57,0,0,0,0,82885,82885,82842,0,43,0,0.999481208903903,117047.5253427198,0.5929005347012442,359316,101,5.029309293752995
1043,57,43,1.2801279999999995,1232.8464646475954,57,57,0,0,0,0,82942,82942,82899,0,43,0,0.9994815654312652,117004.47390359586,0.5929784455230918,359693,101,4.995837351252392
1044,57,43,1.2837439999999998,1234.1302086475955,57,57,0,0,0,0,82999,82999,82956,0,43,0,0.9994819214689333,116959.38644770425,0.593081004374193,360057,101,4.9619171142679885
1045,57,43,1.3038079999999996,1235.4340166475954,57,57,0,0,0,0,83056,83056,83013,0,43,0,0.9994822770179156,116913.27748279153,0.5931856914317426,360436,102,4.927376752619899
1046,57,43,1.0334079999999997,1236.4674246475954,57,57,0,0,0,0,83113,83113,83070,0,43,0,0.9994826320792175,116893.55426504166,0.5931518108277812,360738,102,4.900269378629034
1047,57,43,1.5997759999999996,1238.0672006475954,57,57,0,0,0,0,83170,83170,83127,0,43,0,0.9994829866538415,116823.52615782537,0.5933754556868118,361183,102,4.859674810040915
1048,57,43,2.3213119999999985,1240.3885126475955,57,57,0,0,0,0,83227,83227,83184,0,43,0,0.9994833407427878,116728.88496117167,0.5938261307457227,361781,102,4.800746422802972
1049,57,43,1.711263999999999,1242.0997766475955,57,57,0,0,0,0,83284,83284,83241,0,43,0,0.9994836943470534,116666.27973407463,0.5940580666686387,362241,102,4.755970578991834
1050,57,43,1.6912959999999995,1243.7910726475955,57,57,0,0,0,0,83341,83341,83298,0,43,0,0.999484047467633,116597.91679586178,0.5943229763357154,362695,102,4.711351604730112
1051,57,43,1.7092799999999992,1245.5003526475955,57,57,0,0,0,0,83398,83398,83355,0,43,0,0.9994844001055181,116542.82368643393,0.5946110537038727,363150,102,4.666157858808149
1052,57,43,2.519871999999997,1248.0202246475956,57,57,0,0,0,0,83455,83455,83412,0,43,0,0.999484752261698,116469.29202693353,0.5952000970683599,363776,102,4.601079026880569
1053,57,43,1.5814719999999993,1249.6016966475956,57,57,0,0,0,0,83512,83512,83469,0,43,0,0.9994851039371587,116448.8111614953,0.5953932551203197,364207,103,4.55828974802838
1054,57,43,1.8287679999999986,1251.4304646475957,57,57,0,0,0,0,83569,83569,83526,0,43,0,0.9994854551328842,116406.53165737192,0.5957068332264258,364706,104,4.510355527118408
1055,57,43,1.541151999999999,1252.9716166475957,57,57,0,0,0,0,83626,83626,83583,0,43,0,0.9994858058498554,116378.77671175721,0.5958364853498596,365129,104,4.470017022148066
1056,57,43,2.0088319999999986,1254.9804486475957,57,57,0,0,0,0,83683,83683,83640,0,43,0,0.9994861560890503,116343.05232192489,0.5962126810845318,365649,105,4.418332636229026
1057,57,43,1.019456,1255.9999046475957,57,57,0,0,0,0,83740,83740,83697,0,43,0,0.9994865058514449,116323.1043723628,0.5961745275613761,365951,105,4.391660539910527
1058,57,43,1.1975679999999995,1257.1974726475958,57,57,0,0,0,0,83797,83797,83754,0,43,0,0.999486855138012,116300.03653450283,0.5962291657567566,366292,105,4.359397263477425
1059,57,43,1.0683519999999995,1258.2658246475958,57,57,0,0,0,0,83854,83854,83811,0,43,0,0.9994872039497221,116267.95954739796,0.5962325445554175,366612,105,4.332180479362875
1060,57,43,1.0786239999999996,1259.3444486475958,57,57,0,0,0,0,83911,83911,83868,0,43,0,0.9994875522875427,116239.60716800153,0.5962135789004959,366929,105,4.303344115214594
1061,57,43,1.0791359999999997,1260.4235846475958,57,57,0,0,0,0,83968,83968,83925,0,43,0,0.999487900152439,116209.47892763584,0.5961773013295498,367247,105,4.274782235074282
1062,57,43,1.1455359999999997,1261.5691206475958,57,57,0,0,0,0,84025,84025,83982,0,43,0,0.9994882475453734,116173.54103021046,0.5961450316666619,367580,105,4.244775361568229
1063,57,43,1.1325119999999993,1262.7016326475957,57,57,0,0,0,0,84082,84082,84039,0,43,0,0.9994885944673058,116132.85372295525,0.5961590841027179,367932,105,4.215646189548361
1064,57,43,0.9021119999999997,1263.6037446475957,57,57,0,0,0,0,84139,84139,84096,0,43,0,0.9994889409191933,116109.83001709734,0.5960607045256483,368217,105,4.191979706079478
1065,57,43,1.1190399999999996,1264.7227846475957,57,57,0,0,0,0,84196,84196,84153,0,43,0,0.9994892869019906,116081.09048253405,0.5960191574214566,368555,105,4.162636169181182
1066,56,44,1.5414860086632272,1266.264270656259,57,56,0,1,0,0,84253,84253,84209,0,44,0,0.9994777634030836,116015.7065190378,0.5961284713446757,368990,105,4.121918799075582
1067,54,46,1.2613856526424048,1267.5256563089015,56,54,0,2,0,0,84309,84309,84263,0,46,0,0.9994543880250033,115970.93539554864,0.596140025915753,369363,105,4.090043628722271
1068,54,46,1.4214399999999998,1268.9470963089016,54,54,0,0,0,0,84363,84363,84317,0,46,0,0.9994547372663372,115935.37384492141,0.5961694505059023,369773,105,4.052729341402767
1069,53,47,0.9454858353632808,1269.892582144265,54,47,0,1,6,0,84417,84417,84364,0,47,6,0.9993721643744743,115906.45860098329,0.5960725392492245,370047,105,4.027290236368273
1070,51,49,1.0816652960581803,1270.974247440323,53,46,0,3,4,0,84470,84469,84410,0,50,10,0.9992896886468569,115869.09199504823,0.5960290956045261,370355,105,3.998534786835853
1071,50,50,0.9782240729414934,1271.9524715132645,51,47,0,1,3,0,84521,84520,84457,0,51,13,0.9992427917322322,115844.60528206409,0.5959581261000676,370651,105,3.9729685557488628
1072,48,52,0.81698482041337,1272.769456333678,50,39,0,3,8,0,84571,84569,84496,0,54,21,0.9991131711816107,115823.64682496923,0.5958841588023055,370897,105,3.9515333309702045
1073,47,53,1.0685275088325796,1273.8379838425105,48,47,0,1,0,0,84619,84617,84543,0,55,21,0.999101856557038,115783.39621739107,0.5958702057360991,371223,105,3.924621192741896
1074,44,56,0.97798448179993,1274.8159683243105,47,41,0,4,2,0,84666,84663,84584,0,59,23,0.9990314884369168,115756.42262621783,0.5958115840233227,371508,105,3.8995761614135116
1075,40,60,0.8974058741325143,1275.713374198443,44,27,0,5,12,0,84710,84706,84611,0,64,35,0.9988313068114745,115709.08872280768,0.5957621329883238,371774,105,3.876565986374552
1076,38,62,0.6351678485919043,1276.348542047035,40,23,0,2,15,0,84750,84746,84634,0,66,50,0.9986312684365781,115681.26662580458,0.5956789613668186,371961,105,3.859688644603117
1077,35,65,0.6148949492013089,1276.9634369962362,38,19,0,4,15,0,84788,84783,84653,0,70,65,0.9984077935556919,115647.79047031968,0.5956140047357027,372142,106,3.843596306472841
1078,34,66,0.8149625857743946,1277.7783995820105,35,19,0,2,14,0,84823,84817,84672,0,72,79,0.9982198224538156,115600.70200616936,0.5955477345308097,372371,106,3.8224883946820962
1079,33,67,0.511072,1278.2894715820105,34,12,0,2,20,0,84857,84850,84684,0,74,99,0.9979612760290842,115572.91465223634,0.5954838889670024,372523,106,3.8090790572194297
1080,33,67,0.423808,1278.7132795820105,33,22,11,0,0,22,84890,84883,84706,11,74,99,0.9978324891035457,115560.16063921925,0.595380095152721,372641,152,3.7771039678455307
1081,33,67,0.4378560000000001,1279.1511355820105,33,23,10,0,0,22,84923,84916,84729,21,74,99,0.9977155776409218,115545.59573818558,0.5952735298078824,372765,199,3.7429538998173606
1082,33,67,0.6097279999999999,1279.7608635820104,33,21,12,0,0,22,84956,84949,84750,33,74,99,0.9975752154056218,115540.99848477234,0.5951997413726063,372919,240,3.7040647107528506
1083,33,67,0.542656,1280.3035195820105,33,21,12,0,0,22,84989,84982,84771,45,74,99,0.9974349621715751,115533.67286554977,0.5951226064523842,373063,281,3.6694363650927233
1084,33,67,0.573312,1280.8768315820105,33,22,11,0,0,22,85022,85015,84793,56,74,99,0.9973065794735481,115523.54477146764,0.595046186436522,373217,328,3.6340964657633896
1085,33,67,0.54096,1281.4177915820105,33,22,11,0,0,22,85055,85048,84815,67,74,99,0.9971782963964494,115517.74680547373,0.5949536983465561,373359,369,3.5997521363016305
1086,33,67,0.5224,1281.9401915820106,33,22,11,0,0,22,85088,85081,84837,78,74,99,0.9970501128243701,115508.68985335738,0.594864092082184,373497,411,3.5654652504964965
1087,33,67,0.5840000000000001,1282.5241915820106,33,22,11,0,0,22,85121,85114,84859,89,74,99,0.9969220286415809,115500.52386713808,0.5947851663901489,373647,458,3.5279584478004704
1088,32,68,0.5474219990093245,1283.07161358102,33,21,11,1,0,22,85154,85147,84880,100,75,99,0.9967823003029804,115491.11868076013,0.5947086243531603,373791,504,3.490699313439052
1089,32,68,0.512032,1283.5836455810202,32,21,11,0,0,21,85186,85179,84901,111,75,99,0.9966543798276712,115484.07032944194,0.5946279900749933,373925,545,3.4560407037285032
1090,31,69,0.4701460398891475,1284.0537916209094,32,21,10,1,0,21,85218,85211,84922,121,76,99,0.9965265554225633,115479.4300422713,0.5945480087893189,374050,583,3.4227809590744034
1091,30,70,0.5742850767421368,1284.6280766976515,31,21,9,1,0,20,85249,85242,84943,130,77,99,0.9964105150793557,115472.00212323616,0.5944724076573473,374201,626,3.3858653354160957
1092,29,71,0.40309105634860654,1285.031167754,30,20,9,1,0,19,85279,85272,84963,139,78,99,0.9962945156486357,115462.3076258363,0.5943871324761733,374310,664,3.353250153181518
1093,29,71,0.38918400000000003,1285.420351754,29,20,9,0,0,18,85308,85301,84983,148,78,99,0.9961902752379612,115453.2272633579,0.5942883614685256,374416,699,3.3197624549368894
1094,28,72,0.3407080629792952,1285.7610598169792,29,22,6,1,0,18,85337,85330,85005,154,79,99,0.99610954216811,115449.26397221083,0.5941750151947569,374512,727,3.2900607135229607
1095,28,72,0.3337280000000001,1286.0947878169793,28,20,8,0,0,17,85365,85358,85025,162,79,99,0.9960171030281731,115441.51287014483,0.5940776725504536,374604,756,3.261916485794303
1096,28,72,0.5370240000000001,1286.6318118169793,28,18,10,0,0,17,85393,85386,85043,172,79,99,0.9959013033855234,115440.85155973748,0.5940089648040724,374742,790,3.2276285828369784
1097,26,74,0.44195350999264493,1287.0737653269719,28,17,9,2,0,17,85421,85414,85060,181,81,99,0.9957738729352267,115433.81894840844,0.5939346292004534,374858,825,3.1947466852725146
1098,26,74,0.40915199999999996,1287.4829173269718,26,19,7,0,0,16,85447,85440,85079,188,81,99,0.9956932367432444,115432.46593792035,0.5938518054712082,374968,855,3.164258729298001
1099,25,75,0.38079836998431266,1287.8637156969562,26,19,6,1,0,16,85473,85466,85098,194,82,99,0.9956126496086484,115431.65490888078,0.5937619204017553,375069,877,3.135871337004363
1100,24,76,0.42419859754749434,1288.2879142945037,25,17,7,1,0,15,85498,85491,85115,201,83,99,0.995520363049428,115431.04794353068,0.5936903005333457,375178,899,3.107667419817797
1101,24,76,0.354688,1288.6426022945036,24,19,5,0,0,14,85522,85515,85134,206,83,99,0.9954631556792404,115431.02465737444,0.5935969035144645,375274,918,3.0830847923113742
1102,24,76,0.366912,1289.0095142945036,24,17,7,0,0,14,85546,85539,85151,213,83,99,0.9953826011736375,115429.82604083829,0.5935171892374767,375374,944,3.056795282550935
1103,23,77,0.34238988350346455,1289.351904178007,24,17,6,1,0,14,85570,85563,85168,219,84,99,0.9953020918546219,115427.98169975246,0.5934313815857423,375467,967,3.030387782454885
1104,23,77,0.340096,1289.692000178007,23,17,6,0,0,13,85593,85586,85185,225,84,99,0.9952332550559041,115427.14382926557,0.5933504767252931,375557,988,3.0041048887090054
1105,23,77,0.298432,1289.990432178007,23,17,6,0,0,13,85616,85609,85202,231,84,99,0.9951644552420108,115426.12742375235,0.5932650329898833,375638,1007,2.9805203783843166
1106,23,77,0.42188800000000004,1290.4123201780071,23,18,5,0,0,13,85639,85632,85220,236,84,99,0.9951073693060405,115430.16884669282,0.593188001621735,375748,1032,2.9544563162363904
1107,23,77,0.233376,1290.645696178007,23,17,6,0,0,13,85662,85655,85237,242,84,99,0.9950386402372113,115423.4414922295,0.5930925062021641,375816,1053,2.9323185670442204
1108,23,77,0.275008,1290.920704178007,23,18,5,0,0,13,85685,85678,85255,247,84,99,0.9949816187197292,115419.22870845409,0.5930000141291675,375894,1072,2.9102195820935206
1109,23,77,0.2810560000000001,1291.2017601780071,23,18,5,0,0,13,85708,85701,85273,252,84,99,0.9949246278060391,115415.20202036842,0.5929090771754528,375973,1094,2.8857063644348515
1110,23,77,0.251296,1291.453056178007,23,18,5,0,0,13,85731,85724,85291,257,84,99,0.9948676674715097,115409.1906686048,0.5928120150469834,376046,1118,2.863167688502954
1111,23,77,0.21609600000000004,1291.6691521780072,23,18,5,0,0,13,85754,85747,85309,262,84,99,0.9948107376915363,115404.28889909512,0.5927132106206463,376110,1135,2.843708549367827
1112,23,77,0.2632960000000001,1291.9324481780072,23,19,4,0,0,13,85777,85770,85328,266,84,99,0.9947654965783369,115402.31860439932,0.5926147914252188,376187,1152,2.8218345875908017
1113,23,77,0.324352,1292.2568001780073,23,17,6,0,0,13,85800,85793,85345,272,84,99,0.9946969696969697,115399.8802555792,0.592535129271674,376275,1175,2.7951015990033614
1114,23,77,0.28361600000000003,1292.5404161780073,23,17,6,0,0,13,85823,85816,85362,278,84,99,0.9946284795451102,115394.53786755627,0.5924496373169673,376355,1198,2.7695748751923834
1115,21,79,0.24876949621000075,1292.7891856742172,23,15,6,2,0,13,85846,85839,85377,284,86,99,0.9945367285604455,115387.50606287271,0.5923728707250271,376425,1219,2.7471294625434903
1116,21,79,0.284928,1293.0741136742172,21,15,6,0,0,11,85867,85860,85392,290,86,99,0.9944681891762842,115383.6105929424,0.5922929598565435,376503,1241,2.7235839607716557
1117,21,79,0.228768,1293.3028816742171,21,15,6,0,0,11,85888,85881,85407,296,86,99,0.9943996833084948,115376.8155274147,0.5922114996691015,376570,1259,2.703383403978891
1118,20,80,0.2407395459409696,1293.543621220158,21,15,5,1,0,11,85909,85902,85422,301,87,99,0.9943312109324983,115371.29908246062,0.5921318469104069,376638,1281,2.6816816096090963
1119,20,80,0.320768,1293.864389220158,20,14,6,0,0,11,85929,85922,85436,307,87,99,0.9942627052566654,115371.28098097774,0.5920609794312492,376722,1302,2.6576190303801828
1120,20,80,0.304352,1294.1687412201582,20,14,6,0,0,11,85949,85942,85450,313,87,99,0.9941942314628442,115364.85100021551,0.5919905029210768,376803,1323,2.630045516208159
1121,20,80,0.27984000000000003,1294.448581220158,20,14,6,0,0,11,85969,85962,85464,319,87,99,0.9941257895287836,115359.63202126038,0.5919174300116242,376880,1347,2.6065254963083166
1122,20,80,0.27155199999999996,1294.720133220158,20,14,6,0,0,11,85989,85982,85478,325,87,99,0.9940573794322529,115353.73256963477,0.5918423104239792,376955,1371,2.581904512238327
1123,20,80,0.299392,1295.019525220158,20,14,6,0,0,11,86009,86002,85492,331,87,99,0.9939890011510424,115349.66160035685,0.5917673726470158,377035,1393,2.557806796982847
1124,20,80,0.24470399999999998,1295.2642292201579,20,14,6,0,0,11,86029,86022,85506,337,87,99,0.9939206546629625,115344.09476431708,0.5916900904526714,377104,1414,2.5346507282349595
1125,20,80,0.288,1295.5522292201579,20,15,5,0,0,11,86049,86042,85521,342,87,99,0.9938639612313914,115340.0909895752,0.5916147977533984,377182,1435,2.510155407271786
1126,20,80,0.300576,1295.852805220158,20,14,6,0,0,11,86069,86062,85535,348,87,99,0.9937956755626299,115333.7843603374,0.5915451216294596,377263,1458,2.482334483746923
1127,20,80,0.261952,1296.114757220158,20,15,5,0,0,11,86089,86082,85550,353,87,99,0.9937390375076955,115330.47299037046,0.5914659022212497,377336,1477,2.4593727614645355
1128,20,80,0.283616,1296.398373220158,20,14,6,0,0,11,86109,86102,85564,359,87,99,0.9936708125747599,115322.40944474778,0.5913968657256056,377414,1504,2.4300584580228666
1129,20,80,0.268384,1296.666757220158,20,14,6,0,0,11,86129,86122,85578,365,87,99,0.9936026193268237,115317.09220383139,0.5913288116905414,377489,1526,2.4066130217292683
1130,20,80,0.28220800000000007,1296.948965220158,20,14,6,0,0,11,86149,86142,85592,371,87,99,0.9935344577418194,115311.92360727406,0.5912603305312003,377569,1549,2.38096279678018
1131,20,80,0.264032,1297.212997220158,20,14,6,0,0,11,86169,86162,85606,377,87,99,0.9934663277976998,115305.12901160413,0.5911878242032601,377641,1569,2.3590129627337215
1132,20,80,0.27152000000000004,1297.484517220158,20,15,5,0,0,11,86189,86182,85621,382,87,99,0.9934098318810985,115302.86335942084,0.5911108241563635,377716,1587,2.3379613846976968
1133,20,80,0.31251199999999996,1297.797029220158,20,15,5,0,0,11,86209,86202,85636,387,87,99,0.9933533621779629,115296.26638913857,0.5910384379416348,377803,1612,2.3101569477219615
1134,20,80,0.22473599999999996,1298.021765220158,20,14,6,0,0,11,86229,86222,85650,393,87,99,0.9932853216435306,115290.17772257305,0.5909629048866687,377867,1630,2.290067273091367
1135,20,80,0.25248,1298.274245220158,20,14,6,0,0,11,86249,86242,85664,399,87,99,0.9932173126644946,115283.5747539761,0.5908879314468267,377938,1651,2.267844546768752
1136,20,80,0.25408,1298.528325220158,20,15,5,0,0,11,86269,86262,85679,404,87,99,0.993160926868284,115277.66402370985,0.5908034654443759,378010,1670,2.246400706823658
1137,20,80,0.20672,1298.7350452201579,20,14,6,0,0,11,86289,86282,85693,410,87,99,0.9930929782475171,115271.88132096796,0.5907192678956511,378070,1689,2.2265954048956775
1138,20,80,0.243904,1298.9789492201578,20,14,6,0,0,11,86309,86302,85707,416,87,99,0.9930250611176124,115265.47992936212,0.5906386485556064,378140,1711,2.2049613057050665
1139,20,80,0.24976,1299.2287092201577,20,16,4,0,0,11,86329,86322,85723,420,87,99,0.9929803426426809,115261.7510198693,0.5905494681317308,378210,1729,2.1842831591180314
1140,20,80,0.265536,1299.4942452201578,20,14,6,0,0,11,86349,86342,85737,426,87,99,0.9929124830629191,115256.10717469969,0.5904761148694707,378283,1748,2.1626534412991125
1141,20,80,0.20777600000000002,1299.7020212201578,20,14,6,0,0,11,86369,86362,85751,432,87,99,0.9928446549109056,115249.98003725256,0.5903969136749093,378343,1766,2.1424333941170004
1142,20,80,0.239776,1299.9417972201577,20,15,5,0,0,11,86389,86382,85766,437,87,99,0.9927884337126255,115245.0427552703,0.590317879310575,378412,1788,2.121310975617702
1143,20,80,0.21641599999999997,1300.1582132201577,20,14,6,0,0,11,86409,86402,85780,443,87,99,0.9927206656713999,115240.26420516022,0.5902379286648238,378473,1806,2.1012537827226234
1144,19,81,0.22453811127429138,1300.382751331432,20,14,5,1,0,11,86429,86422,85794,448,88,99,0.9926529289937406,115233.85083858884,0.5901602065595314,378537,1825,2.0795936544770033
1145,19,81,0.219712,1300.602463331432,19,13,6,0,0,10,86448,86441,85807,454,88,99,0.9925851378863594,115228.18710963005,0.5900885348401176,378597,1844,2.060317665588872
1146,19,81,0.25936,1300.861823331432,19,13,6,0,0,10,86467,86460,85820,460,88,99,0.9925173765714087,115222.24829086375,0.5900202518824215,378669,1865,2.0381569905377193
1147,19,81,0.22752,1301.089343331432,19,13,6,0,0,10,86486,86479,85833,466,88,99,0.9924496450292533,115216.41981646266,0.5899507373156861,378733,1886,2.0181879903652344
1148,19,81,0.279008,1301.368351331432,19,14,5,0,0,10,86505,86498,85847,471,88,99,0.9923935032657072,115209.9633025544,0.5898811280531563,378812,1912,1.9943090701814374
1149,19,81,0.292064,1301.660415331432,19,13,6,0,0,10,86524,86517,85860,477,88,99,0.9923258286718136,115204.25929355594,0.5898175774925113,378891,1933,1.9720675674513526
1150,19,81,0.25283200000000006,1301.9132473314319,19,13,6,0,0,10,86543,86536,85873,483,88,99,0.9922581837930278,115197.94295619433,0.5897500913096138,378960,1954,1.949577358003697
1151,19,81,0.22550399999999998,1302.1387513314319,19,13,6,0,0,10,86562,86555,85886,489,88,99,0.9921905686097826,115190.29277535283,0.5896810338646384,379023,1975,1.9287393729278093
1152,19,81,0.2136,1302.352351331432,19,13,6,0,0,10,86581,86574,85899,495,88,99,0.9921229831025282,115184.01133659438,0.5896126857591099,379083,1995,1.9096212758908284
1153,19,81,0.224736,1302.5770873314318,19,15,4,0,0,10,86600,86593,85914,499,88,99,0.9920785219399538,115179.90409870131,0.589530080994165,379146,2015,1.8901038932539707
1154,19,81,0.265824,1302.8429113314319,19,13,6,0,0,10,86619,86612,85927,505,88,99,0.9920109906602478,115172.32560804732,0.589464968054165,379220,2037,1.8695648641217966
1155,18,82,0.2261371743738429,1303.0690485058058,19,13,5,1,0,10,86638,86631,85940,510,89,99,0.9919434890002078,115165.40905647287,0.5893938338466435,379286,2058,1.85077349883304
1156,18,82,0.20275200000000002,1303.2718005058057,18,14,4,0,0,9,86656,86649,85954,514,89,99,0.9918990029542097,115163.53222846503,0.5893146970320021,379344,2072,1.8345148195102472
1157,17,83,0.20102105696439485,1303.4728215627702,18,14,3,1,0,9,86674,86667,85968,517,90,99,0.9918545353854674,115159.40303230283,0.5892389792863687,379403,2086,1.8189264599537376
1158,17,83,0.21913599999999994,1303.69195756277,17,13,4,0,0,8,86691,86684,85981,521,90,99,0.9918099918099919,115156.62049542989,0.5891694099721331,379464,2099,1.8040819484917934
1159,17,83,0.19209599999999996,1303.88405356277,17,13,4,0,0,8,86708,86701,85994,525,90,99,0.9917654657009733,115154.98758476971,0.5890935885094525,379517,2111,1.7899267867205109
1160,17,83,0.22252799999999998,1304.10658156277,17,13,4,0,0,8,86725,86718,86007,529,90,99,0.9917209570481407,115150.64958881353,0.5890213294005109,379578,2127,1.7729930025180358
1161,17,83,0.21276799999999998,1304.3193495627702,17,13,4,0,0,8,86742,86735,86020,533,90,99,0.9916764658412304,115146.62881474965,0.5889523821585381,379637,2139,1.7582350372435709
1162,17,83,0.18665600000000002,1304.5060055627703,17,14,3,0,0,8,86759,86752,86034,536,90,99,0.9916435182517087,115144.61363878507,0.58887196435334,379692,2154,1.7438265979861483
1163,17,83,0.20870399999999997,1304.7147095627702,17,14,3,0,0,8,86776,86769,86048,539,90,99,0.9916105835714945,115145.0251146052,0.5887946110207976,379750,2165,1.729732852991424
1164,17,83,0.202624,1304.9173335627702,17,14,3,0,0,8,86793,86786,86062,542,90,99,0.9915776617930018,115143.33677350331,0.5887161123501813,379809,2178,1.7144039562207871
1165,17,83,0.23401599999999997,1305.1513495627703,17,14,3,0,0,8,86810,86803,86076,545,90,99,0.9915447529086511,115141.09229580393,0.5886408824880724,379874,2193,1.6984422139306017
1166,17,83,0.17580800000000002,1305.3271575627703,17,13,4,0,0,8,86827,86820,86089,549,90,99,0.9915003397560667,115137.9339112331,0.5885688683637983,379926,2206,1.6845399793458369
1167,17,83,0.22230399999999997,1305.5494615627701,17,13,4,0,0,8,86844,86837,86102,553,90,99,0.991455943991525,115133.32924213615,0.5885000041819364,379988,2223,1.6668511693549457
1168,17,83,0.250752,1305.80021356277,17,13,4,0,0,8,86861,86854,86115,557,90,99,0.9914115656048169,115130.22469939523,0.588430886181745,380055,2237,1.6510482381466969
1169,17,83,0.19504000000000002,1305.9952535627701,17,13,4,0,0,8,86878,86871,86128,561,90,99,0.9913672045857409,115125.79665954623,0.5883594215941902,380111,2249,1.6367632581579286
1170,17,83,0.241248,1306.2365015627702,17,14,3,0,0,8,86895,86888,86142,564,90,99,0.9913343690661143,115123.28113637061,0.588284395383165,380178,2266,1.6183501219080891
1171,17,83,0.18844799999999995,1306.4249495627703,17,13,4,0,0,8,86912,86905,86155,568,90,99,0.9912900405007363,115120.4897383,0.5882066458664537,380232,2280,1.6040443027282767
1172,17,83,0.19417600000000002,1306.6191255627703,17,13,4,0,0,8,86929,86922,86168,572,90,99,0.991245729273315,115116.05567170626,0.5881308980837648,380288,2294,1.588094380681992
1173,17,83,0.24473599999999998,1306.8638615627704,17,13,4,0,0,8,86946,86939,86181,576,90,99,0.9912014353736802,115114.564282237,0.5880612741739351,380355,2306,1.5724096566709056
1174,17,83,0.182272,1307.0461335627704,17,13,4,0,0,8,86963,86956,86194,580,90,99,0.99115715879167,115108.83674005725,0.5879880363030761,380409,2323,1.5563916391470396
1175,17,83,0.206592,1307.2527255627704,17,13,4,0,0,8,86980,86973,86207,584,90,99,0.9911128995171303,115105.38173498327,0.5879168279672792,380466,2336,1.541069600238238
1176,17,83,0.201728,1307.4544535627704,17,13,4,0,0,8,86997,86990,86220,588,90,99,0.9910686575399151,115100.92423481509,0.5878427239167588,380523,2352,1.526588256295475
1177,17,83,0.296448,1307.7509015627704,17,14,3,0,0,8,87014,87007,86234,591,90,99,0.9910359252534074,115098.82487569074,0.5877746057015408,380603,2369,1.5067547671582662
1178,17,83,0.234368,1307.9852695627703,17,13,4,0,0,8,87031,87024,86247,595,90,99,0.9909917155955924,115096.97204030732,0.5877049429606155,380668,2383,1.491540397704135
1179,15,85,0.15684306239054946,1308.142112625161,17,14,1,2,0,8,87048,87041,86261,596,92,99,0.9909590111203015,115095.54393739047,0.587622995839529,380715,2393,1.478928170143837
1180,15,85,0.15564799999999998,1308.297760625161,15,13,2,0,0,6,87063,87056,86274,598,92,99,0.9909375969125805,115095.28528738514,0.5875466546075951,380761,2399,1.4693014692858697
1181,15,85,0.16739199999999999,1308.465152625161,15,13,2,0,0,6,87078,87071,86287,600,92,99,0.9909161900824548,115094.13429762296,0.5874721580200167,380807,2408,1.459308313645566
1182,15,85,0.18057600000000001,1308.645728625161,15,13,2,0,0,6,87093,87086,86300,602,92,99,0.9908947906261123,115094.23880383276,0.5873992723817042,380859,2415,1.448940549869936
1183,15,85,0.18268800000000002,1308.828416625161,15,13,2,0,0,6,87108,87101,86313,604,92,99,0.9908733985397438,115092.8923047224,0.5873243043581938,380913,2421,1.4384518854445103
1184,15,85,0.214976,1309.043392625161,15,13,2,0,0,6,87123,87116,86326,606,92,99,0.9908520138195425,115093.0097877522,0.587253456867813,380973,2428,1.4270170385937337
1185,15,85,0.15945600000000001,1309.202848625161,15,14,1,0,0,6,87138,87131,86340,607,92,99,0.9908421125111891,115092.47184898323,0.587172172267764,381023,2433,1.4184122898239888
1186,15,85,0.167552,1309.370400625161,15,13,2,0,0,6,87153,87146,86353,609,92,99,0.9908207405367572,115091.33849982357,0.5870989485143109,381072,2439,1.4083391860913008
1187,15,85,0.242272,1309.612672625161,15,13,2,0,0,6,87168,87161,86366,611,92,99,0.990799375917768,115091.07933253837,0.5870342045773124,381136,2446,1.3964007718270355
1188,15,85,0.18374400000000002,1309.7964166251609,15,13,2,0,0,6,87183,87176,86379,613,92,99,0.9907780186504249,115089.97740916879,0.5869605327689816,381188,2452,1.3848103252596595
1189,14,86,0.18787683276223455,1309.984293457923,15,12,2,1,0,6,87198,87191,86391,615,93,99,0.9907452005779949,115088.06689737807,0.5868931208590381,381240,2460,1.375837276383917
1190,14,86,0.15152,1310.135813457923,14,13,1,0,0,5,87212,87205,86404,616,93,99,0.9907352199238637,115088.79495632733,0.5868165483957999,381286,2468,1.3688309835908656
1191,14,86,0.12563199999999997,1310.261445457923,14,13,1,0,0,5,87226,87219,86417,617,93,99,0.9907252424735744,115089.672006107,0.5867383800304654,381324,2472,1.362465330107197
1192,14,86,0.167328,1310.428773457923,14,13,1,0,0,5,87240,87233,86430,618,93,99,0.9907152682255846,115092.95511118657,0.5866646688258264,381374,2477,1.355197545569863
1193,14,86,0.149344,1310.5781174579229,14,13,1,0,0,5,87254,87247,86443,619,93,99,0.9907052971783529,115092.44507498253,0.5865894772062964,381419,2484,1.3481721803787479
1194,13,87,0.20190308229536316,1310.7800205402182,14,13,0,1,0,5,87268,87261,86456,619,94,99,0.9906953293303388,115095.92581203907,0.5865212540038989,381474,2486,1.3414614963240372
1195,13,87,0.18111999999999998,1310.9611405402181,13,13,0,0,0,4,87281,87274,86469,619,94,99,0.9906967152072044,115099.19198506627,0.5864487629510996,381526,2487,1.3362186187438776
1196,13,87,0.23312,1311.1942605402182,13,13,0,0,0,4,87294,87287,86482,619,94,99,0.9906981006712947,115104.79304402864,0.586381890972927,381591,2489,1.329466118340656
1197,13,87,0.22121600000000002,1311.4154765402182,13,12,1,0,0,4,87307,87300,86494,620,94,99,0.9906880318874776,115111.25398509085,0.5863183954768363,381649,2493,1.322879286036902
1198,13,87,0.16671999999999998,1311.582196540218,13,13,0,0,0,4,87320,87313,86507,620,94,99,0.9906894182317911,115117.16490074377,0.5862440517165243,381696,2495,1.3179619164120782
1199,13,87,0.13526399999999997,1311.717460540218,13,13,0,0,0,4,87333,87326,86520,620,94,99,0.9906908041633746,115121.42556813212,0.5861672929415037,381737,2496,1.3139313666283317
1200,13,87,0.140864,1311.858324540218,13,13,0,0,0,4,87346,87339,86533,620,94,99,0.9906921896824125,115124.0047609043,0.5860930570859941,381779,2496,1.309920483999855
1201,13,87,0.11379199999999998,1311.9721165402182,13,13,0,0,0,4,87359,87352,86546,620,94,99,0.9906935747890887,115126.80040663792,0.5860134825905283,381814,2496,1.3065837464388013
1202,13,87,0.125376,1312.0974925402181,13,13,0,0,0,4,87372,87365,86559,620,94,99,0.9906949594835874,115129.59734992383,0.5859349423600984,381854,2499,1.3030687097524152
1203,13,87,0.134816,1312.2323085402181,13,13,0,0,0,4,87385,87378,86572,620,94,99,0.9906963437660926,115132.41292471164,0.5858577046536462,381894,2502,1.2991388937453368
1204,13,87,0.15180799999999997,1312.3841165402182,13,13,0,0,0,4,87398,87391,86585,620,94,99,0.990697727636788,115135.40136278345,0.5857808275653212,381938,2504,1.2949081106816043
1205,13,87,0.13635199999999997,1312.5204685402182,13,13,0,0,0,4,87411,87404,86598,620,94,99,0.9906991110958575,115139.03182635915,0.5857042211390664,381978,2506,1.2910647221344365
1206,13,87,0.141248,1312.661716540218,13,13,0,0,0,4,87424,87417,86611,620,94,99,0.9907004941434846,115142.96341205832,0.5856271762446377,382021,2508,1.286800422582781
1207,13,87,0.15449599999999997,1312.8162125402182,13,13,0,0,0,4,87437,87430,86624,620,94,99,0.9907018767798529,115148.0356168811,0.5855517122878923,382065,2509,1.2825075735203764
1208,13,87,0.12118399999999999,1312.9373965402183,13,13,0,0,0,4,87450,87443,86637,620,94,99,0.9907032590051458,115152.11037358001,0.5854736381994287,382102,2509,1.2790947988409462
1209,13,87,0.14528,1313.0826765402182,13,13,0,0,0,4,87463,87456,86650,620,94,99,0.9907046408195466,115157.12353956151,0.5853969997484978,382145,2510,1.2750717849059336
1210,13,87,0.10473599999999998,1313.1874125402182,13,13,0,0,0,4,87476,87469,86663,620,94,99,0.9907060222232383,115160.00119698716,0.5853182223518135,382179,2510,1.2720327218701981
1211,13,87,0.12870399999999999,1313.3161165402182,13,13,0,0,0,4,87489,87482,86676,620,94,99,0.9907074032164044,115161.32490510591,0.5852400426785145,382220,2515,1.2681724110649917
1212,13,87,0.151232,1313.4673485402182,13,13,0,0,0,4,87502,87495,86689,620,94,99,0.9907087837992274,115162.17146022826,0.5851679624249958,382265,2518,1.263871691613863
1213,13,87,0.137248,1313.6045965402182,13,13,0,0,0,4,87515,87508,86702,620,94,99,0.9907101639718905,115167.23403560973,0.5850924167165984,382306,2518,1.2599829291755058
1214,13,87,0.11567999999999998,1313.7202765402183,13,13,0,0,0,4,87528,87521,86715,620,94,99,0.9907115437345764,115170.73969389102,0.5850146488807036,382343,2518,1.2566606756254046
1215,13,87,0.10502399999999998,1313.8253005402182,13,13,0,0,0,4,87541,87534,86728,620,94,99,0.9907129230874676,115173.80882966785,0.5849351211280357,382376,2518,1.2537050308706474
1216,13,87,0.10230399999999996,1313.9276045402182,13,13,0,0,0,4,87554,87547,86741,620,94,99,0.9907143020307467,115175.8251193419,0.5848550291640138,382410,2519,1.250822765223385
1217,13,87,0.13792000000000001,1314.0655245402181,13,13,0,0,0,4,87567,87560,86754,620,94,99,0.9907156805645962,115177.76334095413,0.5847768626712729,382452,2520,1.2468087404099872
1218,13,87,0.11558399999999998,1314.181108540218,13,13,0,0,0,4,87580,87573,86767,620,94,99,0.9907170586891985,115179.28466353974,0.5846979904761159,382489,2522,1.2435592802950102
1219,13,87,0.11459199999999999,1314.295700540218,13,13,0,0,0,4,87593,87586,86780,620,94,99,0.9907184364047356,115181.23352132784,0.5846196426727727,382525,2522,1.240359653213101
1220,13,87,0.12758399999999998,1314.423284540218,13,13,0,0,0,4,87606,87599,86793,620,94,99,0.9907198137113896,115182.43307212777,0.5845426589087936,382563,2524,1.2367262676442101
1221,13,87,0.12758399999999998,1314.550868540218,13,13,0,0,0,4,87619,87612,86806,620,94,99,0.9907211906093427,115185.49462307662,0.5844667204363103,382600,2525,1.232783130969361
1222,13,87,0.16678400000000002,1314.717652540218,13,13,0,0,0,4,87632,87625,86819,620,94,99,0.9907225670987767,115187.56723726836,0.5843941175286754,382648,2527,1.2279715054700864
1223,13,87,0.139008,1314.8566605402182,13,13,0,0,0,4,87645,87638,86832,620,94,99,0.9907239431798733,115190.9531627362,0.5843195875851065,382688,2530,1.2240557722582062
1224,13,87,0.142208,1314.9988685402182,13,13,0,0,0,4,87658,87651,86845,620,94,99,0.9907253188528143,115193.64436271918,0.5842449594644714,382730,2530,1.2200943266400808
1225,13,87,0.18345599999999998,1315.1823245402181,13,13,0,0,0,4,87671,87664,86858,620,94,99,0.9907266941177812,115198.16011286955,0.5841738621222622,382782,2533,1.2149571221494544
1226,13,87,0.14086400000000002,1315.323188540218,13,13,0,0,0,4,87684,87677,86871,620,94,99,0.9907280689749555,115202.20225735554,0.5840975560506149,382824,2535,1.21074013039383
1227,13,87,0.11689599999999997,1315.440084540218,13,13,0,0,0,4,87697,87690,86884,620,94,99,0.9907294434245185,115205.06466318396,0.5840193948153958,382861,2537,1.2072460943603534
1228,13,87,0.158208,1315.5982925402182,13,13,0,0,0,4,87710,87703,86897,620,94,99,0.9907308174666515,115206.05405115834,0.5839402722602436,382909,2539,1.202715350442259
1229,13,87,0.12569599999999997,1315.7239885402182,13,13,0,0,0,4,87723,87716,86910,620,94,99,0.9907321911015355,115209.93256965799,0.583862159038848,382948,2539,1.1988200421373403
1230,13,87,0.12950399999999998,1315.8534925402182,13,13,0,0,0,4,87736,87729,86923,620,94,99,0.9907335643293517,115214.12745375701,0.5837845496081558,382987,2539,1.1950618308463434
1231,13,87,0.12166399999999998,1315.9751565402182,13,13,0,0,0,4,87749,87742,86936,620,94,99,0.9907349371502809,115216.79512448014,0.5837059544621034,383025,2540,1.1915964751754649
1232,13,87,0.146592,1316.1217485402183,13,13,0,0,0,4,87762,87755,86949,620,94,99,0.990736309564504,115220.92706711777,0.5836305478915166,383068,2541,1.1874730723504525
1233,13,87,0.184,1316.3057485402182,13,13,0,0,0,4,87775,87768,86962,620,94,99,0.9907376815722017,115226.22017582551,0.5835594415968228,383118,2542,1.1818803784291079
1234,13,87,0.12406399999999998,1316.4298125402183,13,13,0,0,0,4,87788,87781,86975,620,94,99,0.9907390531735545,115228.94312708805,0.5834828377305064,383157,2544,1.1781322932100937
1235,13,87,0.10572799999999997,1316.5355405402183,13,13,0,0,0,4,87801,87794,86988,620,94,99,0.990740424368743,115230.4752348352,0.5834047268026952,383192,2545,1.175109152991822
1236,13,87,0.12847999999999998,1316.6640205402184,13,13,0,0,0,4,87814,87807,87001,620,94,99,0.9907417951579475,115233.40626999801,0.5833295857585629,383233,2547,1.1715319178760808
1237,13,87,0.14140799999999998,1316.8054285402184,13,13,0,0,0,4,87827,87820,87014,620,94,99,0.9907431655413483,115237.33173565463,0.5832544984259804,383274,2549,1.1675161598473554
1238,13,87,0.14268799999999998,1316.9481165402183,13,13,0,0,0,4,87840,87833,87027,620,94,99,0.9907445355191257,115240.72519934025,0.5831796137010549,383316,2551,1.163485764249453
1239,13,87,0.22988799999999998,1317.1780045402184,13,13,0,0,0,4,87853,87846,87040,620,94,99,0.9907459050914595,115246.01798447735,0.5831148351680788,383380,2554,1.156516568212982
1240,13,87,0.14326400000000003,1317.3212685402184,13,13,0,0,0,4,87866,87859,87053,620,94,99,0.99074727425853,115249.24984186943,0.5830399058108626,383422,2556,1.1522100729838674
1241,12,88,0.16111030045787053,1317.4823788406763,13,12,0,1,0,4,87879,87872,87065,620,95,99,0.9907372637376393,115250.5736992192,0.5829685717535968,383468,2558,1.1472337265920818
1242,9,91,0.1741759362785456,1317.6565547769549,12,8,0,3,1,4,87891,87884,87073,620,98,100,0.9906930174875699,115248.50193281633,0.5829227664634974,383513,2560,1.1418463041213522
1243,8,92,0.11283199999999999,1317.769386776955,9,6,0,2,1,4,87900,87892,87079,620,100,101,0.9906598407281001,115249.47044903983,0.5828873729589801,383545,2563,1.137942573203112
1244,8,92,0.09225599999999999,1317.8616427769548,8,8,0,0,0,6,87908,87900,87087,620,100,101,0.9906606907221186,115253.42803053775,0.5828386666222878,383571,2565,1.134592284123016
1245,8,92,0.108192,1317.9698347769547,8,8,0,0,0,6,87916,87908,87095,620,100,101,0.9906615405614451,115255.08095237028,0.5827912570225079,383601,2573,1.1306639504285942
1246,8,92,0.09507199999999999,1318.0649067769548,8,8,0,0,0,6,87924,87916,87103,620,100,101,0.9906623902461217,115257.49241854873,0.5827431845586887,383628,2578,1.1274623883419765
1247,8,92,0.06767999999999999,1318.132586776955,8,8,0,0,0,6,87932,87924,87111,620,100,101,0.9906632397761906,115259.62222926827,0.5826930193299996,383649,2581,1.1251750539807654
1248,8,92,0.08921599999999999,1318.221802776955,8,8,0,0,0,6,87940,87932,87119,620,100,101,0.9906640891516943,115264.64490263723,0.5826444537827081,383674,2581,1.1216418204242988
1249,8,92,0.08367999999999999,1318.305482776955,8,7,1,0,0,6,87948,87940,87126,621,100,101,0.9906535680174648,115267.00145394885,0.5826020975949889,383697,2584,1.1186319847790578
1250,8,92,0.059455999999999995,1318.364938776955,8,8,0,0,0,6,87956,87948,87134,621,100,101,0.99065441811815,115269.9647344842,0.5825516313413955,383716,2584,1.1163171583788876
1251,8,92,0.059775999999999996,1318.424714776955,8,8,0,0,0,6,87964,87956,87142,621,100,101,0.9906552680642081,115272.8087517011,0.5825013594310585,383735,2585,1.1140889945604906
1252,8,92,0.053439999999999994,1318.4781547769549,8,8,0,0,0,6,87972,87964,87150,621,100,101,0.9906561178556813,115275.4844282662,0.5824507251610035,383752,2585,1.1120879381300415
1253,8,92,0.09894399999999999,1318.577098776955,8,8,0,0,0,6,87980,87972,87158,621,100,101,0.990656967492612,115279.79375721935,0.582402811950958,383780,2587,1.1085282762690465
1254,8,92,0.07516799999999998,1318.652266776955,8,8,0,0,0,6,87988,87980,87166,621,100,101,0.9906578169750421,115282.04958200181,0.5823533961207551,383802,2590,1.1057318361174662
1255,8,92,0.05919999999999999,1318.711466776955,8,8,0,0,0,6,87996,87988,87174,621,100,101,0.9906586663030138,115284.98525273972,0.5823032515257058,383821,2590,1.1034584724222585
1256,8,92,0.07039999999999999,1318.781866776955,8,8,0,0,0,6,88004,87996,87182,621,100,101,0.9906595154765693,115288.1911938773,0.5822529689470537,383842,2591,1.1011086062711875
1257,8,92,0.09340799999999999,1318.875274776955,8,8,0,0,0,6,88012,88004,87190,621,100,101,0.9906603644957506,115292.70349367606,0.5822045592955863,383869,2592,1.0978151284136657
1258,8,92,0.08831999999999998,1318.963594776955,8,8,0,0,0,6,88020,88012,87198,621,100,101,0.9906612133605999,115295.88883438149,0.5821560634787762,383894,2595,1.094769755084418
1259,8,92,0.076,1319.039594776955,8,8,0,0,0,6,88028,88020,87206,621,100,101,0.9906620620711591,115299.73217044862,0.582106397925171,383917,2596,1.0919932142205995
1260,8,92,0.083328,1319.122922776955,8,8,0,0,0,6,88036,88028,87214,621,100,101,0.9906629106274706,115301.25462440877,0.5820573124005619,383943,2602,1.0886864770729412
1261,8,92,0.09414399999999999,1319.2170667769549,8,8,0,0,0,6,88044,88036,87222,621,100,101,0.9906637590295762,115306.61013326519,0.5820087737261557,383969,2602,1.08507116505618
1262,8,92,0.103776,1319.3208427769548,8,8,0,0,0,6,88052,88044,87230,621,100,101,0.9906646072775178,115310.88046770102,0.5819603088866548,383997,2605,1.081051486281977
1263,8,92,0.075456,1319.3962987769548,8,8,0,0,0,6,88060,88052,87238,621,100,101,0.9906654553713378,115314.98166323146,0.5819109700179169,384019,2605,1.0782436015872696
1264,8,92,0.07676799999999999,1319.4730667769547,8,8,0,0,0,6,88068,88060,87246,621,100,101,0.9906663033110779,115318.29472781591,0.581861710618976,384042,2607,1.0756067875874487
1265,8,92,0.09452799999999999,1319.5675947769548,8,8,0,0,0,6,88076,88068,87254,621,100,101,0.99066715109678,115321.33450558239,0.5818139595079116,384068,2611,1.0723508685192988
1266,8,92,0.10460799999999999,1319.672202776955,8,8,0,0,0,6,88084,88076,87262,621,100,101,0.9906679987284864,115326.65739245176,0.5817664012415882,384097,2612,1.0686917518018382
1267,8,92,0.09513599999999997,1319.7673387769548,8,8,0,0,0,6,88092,88084,87270,621,100,101,0.990668846206239,115330.2915808283,0.5817187900926276,384123,2615,1.0655145198166558
1268,8,92,0.08908799999999999,1319.8564267769548,8,8,0,0,0,6,88100,88092,87278,621,100,101,0.9906696935300795,115333.77488014054,0.581670433117438,384148,2618,1.0626265117787221
1269,8,92,0.10780799999999997,1319.9642347769548,8,8,0,0,0,6,88108,88100,87286,621,100,101,0.9906705407000499,115336.30077918377,0.5816226272238836,384179,2625,1.0591847250109212
1270,8,92,0.086144,1320.0503787769549,8,8,0,0,0,6,88116,88108,87294,621,100,101,0.9906713877161923,115339.9494806145,0.5815729502841438,384203,2627,1.0562890115523904
1271,8,92,0.08432,1320.1346987769548,8,8,0,0,0,6,88124,88116,87302,621,100,101,0.9906722345785484,115344.78727138366,0.5815240818806464,384226,2627,1.0534288214024787
1272,8,92,0.070496,1320.2051947769548,8,8,0,0,0,6,88132,88124,87310,621,100,101,0.9906730812871601,115348.22056637026,0.5814739751985378,384248,2628,1.0511414656473514
1273,8,92,0.086688,1320.291882776955,8,8,0,0,0,6,88140,88132,87318,621,100,101,0.9906739278420694,115352.52922987849,0.5814252699423313,384272,2629,1.04808751021372
1274,8,92,0.103168,1320.395050776955,8,8,0,0,0,6,88148,88140,87326,621,100,101,0.9906747742433181,115357.1727721735,0.5813776025818729,384300,2632,1.0443085813575521
1275,8,92,0.09462399999999999,1320.489674776955,8,8,0,0,0,6,88156,88148,87334,621,100,101,0.9906756204909478,115361.35640419208,0.5813287564213798,384326,2634,1.0412146632734638
1276,8,92,0.07068799999999999,1320.5603627769551,8,8,0,0,0,6,88164,88156,87342,621,100,101,0.9906764665850006,115364.96497565373,0.5812792894088173,384348,2634,1.0387782356486577
1277,8,92,0.07862399999999999,1320.638986776955,8,8,0,0,0,6,88172,88164,87350,621,100,101,0.9906773125255183,115368.77642226718,0.5812301545710942,384370,2635,1.0362181121612417
1278,8,92,0.07075199999999998,1320.7097387769552,8,8,0,0,0,6,88180,88172,87358,621,100,101,0.9906781583125426,115371.78497760216,0.5811810891735757,384392,2636,1.0337446257075191
1279,8,92,0.07903999999999999,1320.7887787769553,8,8,0,0,0,6,88188,88180,87366,621,100,101,0.9906790039461151,115374.09951431272,0.5811316441437787,384416,2640,1.0310592036671098
1280,8,92,0.087264,1320.8760427769553,8,8,0,0,0,6,88196,88188,87374,621,100,101,0.9906798494262778,115377.94847092585,0.5810828996326768,384441,2642,1.0282146408240547
1281,8,92,0.084,1320.9600427769553,8,8,0,0,0,6,88204,88196,87382,621,100,101,0.9906806947530724,115381.37344381068,0.5810344592106572,384465,2644,1.0252836926319489
1282,8,92,0.14476799999999998,1321.1048107769554,8,8,0,0,0,6,88212,88204,87390,621,100,101,0.9906815399265406,115386.88433838155,0.5809884850553358,384503,2649,1.0204536925258798
1283,8,92,0.071616,1321.1764267769554,8,8,0,0,0,6,88220,88212,87398,621,100,101,0.9906823849467241,115389.56108375752,0.5809392236804726,384525,2651,1.0178645432342155
1284,8,92,0.076288,1321.2527147769554,8,8,0,0,0,6,88228,88220,87406,621,100,101,0.9906832298136646,115393.57330723663,0.5808896938135379,384548,2651,1.0150158340608935
1285,8,92,0.075392,1321.3281067769553,8,8,0,0,0,6,88236,88228,87414,621,100,101,0.9906840745274038,115397.05181321682,0.5808398435457278,384570,2652,1.0121360742123027
1286,8,92,0.059008,1321.3871147769553,8,8,0,0,0,6,88244,88236,87422,621,100,101,0.9906849190879833,115400.12029384697,0.5807896374590651,384588,2652,1.0100566217564413
1287,8,92,0.094496,1321.4816107769552,8,8,0,0,0,6,88252,88244,87430,621,100,101,0.9906857634954449,115402.91045770748,0.5807412720597794,384615,2656,1.0068464317532322
1288,8,92,0.082464,1321.5640747769553,8,8,0,0,0,6,88260,88252,87438,621,100,101,0.9906866077498301,115406.94462789549,0.5806920463234138,384638,2657,1.0041846789347169
1289,8,92,0.080384,1321.6444587769554,8,8,0,0,0,6,88268,88260,87446,621,100,101,0.9906874518511805,115410.76647887021,0.580643453887734,384661,2658,1.0014235190941723
1290,8,92,0.08864000000000001,1321.7330987769553,8,8,0,0,0,6,88276,88268,87454,621,100,101,0.9906882957995378,115415.1016881985,0.5805950975702305,384686,2659,0.998084986510086
1291,8,92,0.081824,1321.8149227769554,8,8,0,0,0,6,88284,88276,87462,621,100,101,0.9906891395949436,115419.51098530887,0.5805457241904722,384710,2659,0.9955614587816622
1292,8,92,0.07478399999999999,1321.8897067769553,8,8,0,0,0,6,88292,88284,87470,621,100,101,0.9906899832374394,115421.9502714868,0.5804960002216445,384733,2662,0.9929114041721996
1293,8,92,0.09276799999999999,1321.9824747769553,8,8,0,0,0,6,88300,88292,87478,621,100,101,0.9906908267270668,115423.40606727375,0.5804479409866183,384760,2668,0.9899143619741301
1294,8,92,0.10966399999999998,1322.0921387769554,8,8,0,0,0,6,88308,88300,87486,621,100,101,0.9906916700638674,115427.08372895439,0.5804010515038696,384791,2672,0.9862609201408588
1295,8,92,0.07264,1322.1647787769555,8,8,0,0,0,6,88316,88308,87494,621,100,101,0.9906925132478827,115430.5684509133,0.5803521806079008,384814,2673,0.9833182232776618
1296,8,92,0.08294399999999999,1322.2477227769555,8,8,0,0,0,6,88324,88316,87502,621,100,101,0.990693356279154,115433.8792729741,0.5803036759428107,384838,2675,0.9807052858139773
1297,8,92,0.091232,1322.3389547769555,8,8,0,0,0,6,88332,88324,87510,621,100,101,0.9906941991577232,115436.127362479,0.5802554500124326,384865,2681,0.9775802752523359
1298,8,92,0.09081599999999998,1322.4297707769554,8,8,0,0,0,6,88340,88332,87518,621,100,101,0.9906950418836314,115440.27469247616,0.5802067407485102,384891,2683,0.9743507398189304
1299,8,92,0.08230399999999999,1322.5120747769554,8,8,0,0,0,6,88348,88340,87526,621,100,101,0.9906958844569204,115443.51912684733,0.5801578707477579,384915,2685,0.971438669418359
1300,8,92,0.09923199999999999,1322.6113067769554,8,8,0,0,0,6,88356,88348,87534,621,100,101,0.9906967268776314,115447.22717673688,0.5801099678445908,384943,2688,0.9679100013600453
1301,8,92,0.06992,1322.6812267769553,8,8,0,0,0,6,88364,88356,87542,621,100,101,0.990697569145806,115450.9105509144,0.5800606967118476,384964,2688,0.9653284340242582
1302,8,92,0.11152000000000001,1322.7927467769553,8,8,0,0,0,6,88372,88364,87550,621,100,101,0.9906984112614855,115456.14562229822,0.5800136137268841,384994,2690,0.9614499254214888
1303,8,92,0.12265600000000002,1322.9154027769553,8,8,0,0,0,6,88380,88372,87558,621,100,101,0.9906992532247114,115459.09563028389,0.5799675367188474,385027,2697,0.957088964727111
1304,8,92,0.07615999999999999,1322.9915627769553,8,8,0,0,0,6,88388,88380,87566,621,100,101,0.9907000950355251,115463.24882024471,0.579918487612418,385049,2697,0.9543147221626528
1305,8,92,0.104576,1323.0961387769553,8,8,0,0,0,6,88396,88388,87574,621,100,101,0.9907009366939681,115466.25186376886,0.5798714553692779,385078,2702,0.9506433664954577
1306,8,92,0.08128,1323.1774187769554,8,8,0,0,0,6,88404,88396,87582,621,100,101,0.9907017782000814,115470.76138982624,0.5798223534830134,385101,2702,0.947852514970717
1307,8,92,0.083424,1323.2608427769553,8,8,0,0,0,6,88412,88404,87590,621,100,101,0.9907026195539067,115475.32509110613,0.5797740953646471,385125,2702,0.9446555795601973
1308,8,92,0.06403199999999999,1323.3248747769553,8,8,0,0,0,6,88420,88412,87598,621,100,101,0.9907034607554852,115478.26154613531,0.5797244009136006,385145,2703,0.9426293063180808
1309,8,92,0.078144,1323.4030187769554,8,8,0,0,0,6,88428,88420,87606,621,100,101,0.9907043018048582,115482.45079661386,0.5796753792373779,385168,2703,0.9401772605039718
1310,8,92,0.100448,1323.5034667769553,8,8,0,0,0,6,88436,88428,87614,621,100,101,0.990705142702067,115486.27701914331,0.5796274381230155,385196,2706,0.9367617305797776
1311,8,92,0.078336,1323.5818027769553,8,8,0,0,0,6,88444,88436,87622,621,100,101,0.990705983447153,115489.49953776247,0.5795784207385135,385218,2708,0.934133043330086
1312,8,92,0.085536,1323.6673387769554,8,8,0,0,0,6,88452,88444,87630,621,100,101,0.9907068240401574,115493.06651416901,0.5795302989408898,385242,2710,0.9310767417536061
1313,7,93,0.0809947412939249,1323.7483335182494,8,7,0,1,0,6,88460,88452,87637,621,101,101,0.9906963599366946,115495.54256560073,0.5794877750043443,385264,2712,0.9282152335349738
1314,7,93,0.094944,1323.8432775182494,7,7,0,0,0,5,88467,88459,87644,621,101,101,0.9906970960923283,115499.13392062545,0.5794460640308668,385290,2715,0.9251677605890324
1315,7,93,0.07516799999999998,1323.9184455182494,7,7,0,0,0,5,88474,88466,87651,621,101,101,0.9906978321314737,115503.18111939331,0.5794032217520264,385312,2715,0.9227509819588657
1316,7,93,0.100992,1324.0194375182493,7,7,0,0,0,5,88481,88473,87658,621,101,101,0.9906985680541586,115507.53687322061,0.5793616103453472,385338,2718,0.9196968795569913
1317,7,93,0.084256,1324.1036935182494,7,7,0,0,0,5,88488,88480,87665,621,101,101,0.9906993038604105,115511.29775463615,0.5793194507445162,385360,2720,0.9171619521532302
1318,7,93,0.07472000000000001,1324.1784135182495,7,7,0,0,0,5,88495,88487,87672,621,101,101,0.9907000395502571,115515.62420775853,0.5792763090996393,385380,2720,0.9149217289355587
1319,7,93,0.099552,1324.2779655182494,7,7,0,0,0,5,88502,88494,87679,621,101,101,0.990700775123726,115520.07960815975,0.579235014875274,385407,2723,0.911581142301052
1320,7,93,0.066976,1324.3449415182495,7,7,0,0,0,5,88509,88501,87686,621,101,101,0.9907015105808449,115523.0145890898,0.5791919759039608,385427,2724,0.9094376776960232
1321,7,93,0.062112,1324.4070535182495,7,7,0,0,0,5,88516,88508,87693,621,101,101,0.9907022459216412,115525.61849738873,0.5791487022337046,385446,2725,0.9074483536239435
1322,7,93,0.076128,1324.4831815182495,7,7,0,0,0,5,88523,88515,87700,621,101,101,0.9907029811461429,115528.55191758557,0.5791057616744107,385468,2727,0.9048039321456531
1323,7,93,0.07455999999999999,1324.5577415182495,7,7,0,0,0,5,88530,88522,87707,621,101,101,0.990703716254377,115530.88491604397,0.5790627221625569,385489,2730,0.9023596802029545
1324,7,93,0.08563199999999999,1324.6433735182495,7,7,0,0,0,5,88537,88529,87714,621,101,101,0.9907044512463715,115534.27515627968,0.5790208642471777,385513,2733,0.8996817284743663
1325,7,93,0.0672,1324.7105735182495,7,7,0,0,0,5,88544,88536,87721,621,101,101,0.990705186122154,115537.9983066856,0.5789773659721447,385532,2733,0.8977081346423335
1326,7,93,0.079744,1324.7903175182494,7,7,0,0,0,5,88551,88543,87728,621,101,101,0.9907059208817518,115541.9012170516,0.578935200555217,385554,2734,0.8952279480979628
1327,7,93,0.09078399999999999,1324.8811015182494,7,7,0,0,0,5,88558,88550,87735,621,101,101,0.9907066555251925,115545.83111237123,0.5788931042363211,385579,2736,0.8925951979480475
1328,7,93,0.07552,1324.9566215182494,7,7,0,0,0,5,88565,88557,87742,621,101,101,0.9907073900525039,115549.46744186016,0.5788508319167468,385600,2737,0.89016803665371
1329,7,93,0.0552,1325.0118215182495,7,7,0,0,0,5,88572,88564,87749,621,101,101,0.9907081244637131,115551.69358758151,0.5788068038599272,385617,2738,0.8884055049577388
1330,7,93,0.06707199999999999,1325.0788935182495,7,7,0,0,0,5,88579,88571,87756,621,101,101,0.9907088587588481,115555.23882313742,0.5787635500452427,385637,2738,0.8862099731072753
1331,7,93,0.056991999999999994,1325.1358855182496,7,7,0,0,0,5,88586,88578,87763,621,101,101,0.990709592937936,115556.87961775534,0.5787202006726738,385655,2740,0.8843699617906263
1332,7,93,0.054111999999999986,1325.1899975182496,7,7,0,0,0,5,88593,88585,87770,621,101,101,0.9907103270010046,115558.99477568392,0.5786767871197612,385672,2741,0.8826340141352959
1333,7,93,0.0624,1325.2523975182496,7,7,0,0,0,5,88600,88592,87777,621,101,101,0.9907110609480813,115562.07729697092,0.5786335244923728,385691,2742,0.8807555005494146
1334,7,93,0.05590399999999999,1325.3083015182497,7,7,0,0,0,5,88607,88599,87784,621,101,101,0.9907117947791935,115564.97746565347,0.5785902046071331,385708,2742,0.8791053767325243
1335,7,93,0.051871999999999995,1325.3601735182497,7,7,0,0,0,5,88614,88606,87791,621,101,101,0.9907125284943689,115567.6313959278,0.5785462234978316,385724,2742,0.8774005908446236
1336,7,93,0.054784,1325.4149575182496,7,7,0,0,0,5,88621,88613,87798,621,101,101,0.9907132620936346,115570.26660300903,0.5785025697733854,385741,2743,0.8756253117483297
1337,7,93,0.07824,1325.4931975182496,7,7,0,0,0,5,88628,88620,87805,621,101,101,0.9907139955770186,115573.7111943125,0.5784597368125878,385764,2745,0.873077740359059
1338,7,93,0.077664,1325.5708615182496,7,7,0,0,0,5,88635,88627,87812,621,101,101,0.9907147289445478,115576.19169791232,0.5784177747084093,385786,2748,0.8705138861172608
1339,7,93,0.062048,1325.6329095182496,7,7,0,0,0,5,88642,88634,87819,621,101,101,0.9907154621962501,115579.55064323237,0.5783746361329599,385804,2748,0.8685113643679697
1340,7,93,0.05449599999999999,1325.6874055182495,7,7,0,0,0,5,88649,88641,87826,621,101,101,0.9907161953321526,115582.30647902966,0.5783313787309677,385821,2748,0.8666880312276026
1341,7,93,0.084832,1325.7722375182495,7,7,0,0,0,5,88656,88648,87833,621,101,101,0.990716928352283,115587.16019492042,0.5782891301252552,385844,2748,0.8641749393748874
1342,7,93,0.082624,1325.8548615182494,7,7,0,0,0,5,88663,88655,87840,621,101,101,0.9907176612566685,115590.365467684,0.5782470940819343,385867,2751,0.8616852018371768
1343,7,93,0.085024,1325.9398855182494,7,7,0,0,0,5,88670,88662,87847,621,101,101,0.9907183940453367,115593.29474434948,0.5782041737341364,385891,2754,0.8587752556441455
1344,6,94,0.07632819177155409,1326.016213710021,7,6,0,1,0,5,88677,88669,87853,621,102,101,0.9907078498370491,115596.24566816985,0.5781678191164403,385911,2756,0.8562408492126445
1345,6,94,0.062431999999999994,1326.078645710021,6,6,0,0,0,5,88683,88675,87859,621,102,101,0.9907084785133565,115599.64146615288,0.5781307572189529,385929,2756,0.8540807580629295
1346,6,94,0.11081599999999997,1326.189461710021,6,6,0,0,0,5,88689,88681,87865,621,102,101,0.9907091071046015,115601.92598900483,0.5780946749691381,385958,2763,0.8505828749552931
1347,6,94,0.074624,1326.2640857100212,6,6,0,0,0,5,88695,88687,87871,621,102,101,0.9907097356108011,115605.78443765779,0.5780581519025236,385978,2764,0.8481073825477786
1348,6,94,0.09708800000000001,1326.3611737100211,6,6,0,0,0,5,88701,88693,87877,621,102,101,0.9907103640319725,115608.7097838436,0.5780224779121954,386005,2769,0.8447888567199142
1349,6,94,0.07183999999999999,1326.4330137100212,6,6,0,0,0,5,88707,88699,87883,621,102,101,0.9907109923681333,115612.12847912806,0.5779861391754189,386025,2770,0.8422639642478843
1350,6,94,0.056255999999999994,1326.4892697100213,6,6,0,0,0,5,88713,88705,87889,621,102,101,0.9907116206193004,115613.85342644012,0.577949131459189,386042,2772,0.840256903814282
1351,6,94,0.04867199999999999,1326.5379417100212,6,6,0,0,0,5,88719,88711,87895,621,102,101,0.9907122487854912,115615.88943494098,0.5779115189769611,386057,2773,0.8386699368041804
1352,6,94,0.052352,1326.5902937100211,6,6,0,0,0,5,88725,88717,87901,621,102,101,0.990712876866723,115618.75036116237,0.5778742549247828,386072,2773,0.8370062082634315
1353,6,94,0.07647999999999999,1326.666773710021,6,6,0,0,0,5,88731,88723,87907,621,102,101,0.9907135048630129,115622.02283173178,0.5778378699740258,386093,2775,0.8345856885745726
1354,6,94,0.072768,1326.739541710021,6,6,0,0,0,5,88737,88729,87913,621,102,101,0.9907141327743783,115623.89389727595,0.5778013196395303,386115,2779,0.8323721308700168
1355,6,94,0.05696,1326.796501710021,6,6,0,0,0,5,88743,88735,87919,621,102,101,0.9907147606008361,115626.45500065484,0.5777643200574776,386131,2780,0.8305849255008395
1356,6,94,0.05702399999999999,1326.853525710021,6,5,1,0,0,5,88749,88741,87924,622,102,101,0.9907041206098097,115627.21357498919,0.5777336243178406,386147,2783,0.8286054103560923
1357,6,94,0.056672,1326.9101977100208,6,6,0,0,0,5,88755,88747,87930,622,102,101,0.9907047490282238,115630.34805579993,0.5776965444579228,386163,2783,0.8267672778459589
1358,6,94,0.082624,1326.9928217100207,6,6,0,0,0,5,88761,88753,87936,622,102,101,0.9907053773616791,115631.51622950583,0.5776596388720034,386185,2789,0.8242840907080069
1359,6,94,0.06879999999999999,1327.0616217100207,6,6,0,0,0,5,88767,88759,87942,622,102,101,0.990706005610193,115633.41859156809,0.577622763065564,386205,2792,0.8221423211572667
1360,6,94,0.054176,1327.1157977100208,6,6,0,0,0,5,88773,88765,87948,622,102,101,0.9907066337737825,115634.52131667835,0.577585827888925,386221,2795,0.8203977025112241
1361,6,94,0.055583999999999995,1327.1713817100208,6,6,0,0,0,5,88779,88771,87954,622,102,101,0.9907072618524652,115637.54471728993,0.5775490876689919,386237,2795,0.8186130118491683
1362,6,94,0.052095999999999996,1327.2234777100207,6,6,0,0,0,5,88785,88777,87960,622,102,101,0.9907078898462578,115640.37750809989,0.5775117460038864,386252,2795,0.8169041343067611
1363,6,94,0.060864,1327.2843417100207,6,6,0,0,0,5,88791,88783,87966,622,102,101,0.9907085177551779,115643.16942234682,0.5774747281013708,386269,2796,0.8148275521167729
1364,6,94,0.04070399999999999,1327.3250457100207,6,6,0,0,0,5,88797,88789,87972,622,102,101,0.9907091455792425,115645.17410118598,0.5774369939279377,386282,2796,0.8134861815136079
1365,6,94,0.059615999999999995,1327.3846617100207,6,6,0,0,0,5,88803,88795,87978,622,102,101,0.990709773318469,115647.07384989751,0.5774002807916964,386300,2798,0.8114817899774126
1366,6,94,0.05708799999999999,1327.4417497100208,6,6,0,0,0,5,88809,88801,87984,622,102,101,0.9907104009728743,115648.8802868644,0.5773634471853428,386317,2800,0.8096045742729261
1367,6,94,0.05980799999999999,1327.5015577100207,6,6,0,0,0,5,88815,88807,87990,622,102,101,0.990711028542476,115650.96184507558,0.5773267975317483,386334,2802,0.8076479617085257
1368,6,94,0.048415999999999994,1327.5499737100208,6,6,0,0,0,5,88821,88813,87996,622,102,101,0.9907116560272908,115652.31218447282,0.5772895543033987,386349,2804,0.8060422867232447
1369,6,94,0.044031999999999995,1327.5940057100208,6,6,0,0,0,5,88827,88819,88002,622,102,101,0.9907122834273363,115654.4902580235,0.5772520877951092,386363,2804,0.8046949690598684
1370,6,94,0.08671999999999999,1327.6807257100209,6,6,0,0,0,5,88833,88825,88008,622,102,101,0.9907129107426295,115658.31831887156,0.5772158011977154,386386,2806,0.8020635325425634
1371,6,94,0.078912,1327.7596377100208,6,6,0,0,0,5,88839,88831,88014,622,102,101,0.9907135379731874,115662.12109359179,0.5771794242901342,386408,2807,0.7995716407555091
1372,6,94,0.054431999999999994,1327.8140697100207,6,6,0,0,0,5,88845,88837,88020,622,102,101,0.9907141651190275,115665.02532507466,0.5771423332326201,386424,2807,0.7977720931471841
1373,6,94,0.04854399999999999,1327.8626137100207,6,6,0,0,0,5,88851,88843,88026,622,102,101,0.9907147921801668,115666.8938595036,0.5771050280235221,386439,2808,0.7962831505257637
1374,6,94,0.056704,1327.9193177100208,6,6,0,0,0,5,88857,88849,88032,622,102,101,0.9907154191566224,115669.86484154894,0.5770677547989583,386456,2808,0.7942685522819697
1375,6,94,0.05980799999999999,1327.9791257100208,6,6,0,0,0,5,88863,88855,88038,622,102,101,0.9907160460484116,115671.78205295255,0.5770304833835983,386474,2810,0.7922635603906973
1376,6,94,0.047584,1328.0267097100207,6,6,0,0,0,5,88869,88861,88044,622,102,101,0.9907166728555514,115673.71565406465,0.5769930516763045,386488,2811,0.7906991565381858
1377,6,94,0.09251199999999998,1328.1192217100206,6,6,0,0,0,5,88875,88867,88050,622,102,101,0.9907172995780591,115675.83202522431,0.5769571431170005,386514,2816,0.7877686300997356
1378,6,94,0.06483199999999999,1328.1840537100206,6,6,0,0,0,5,88881,88873,88056,622,102,101,0.9907179262159517,115678.25676782617,0.5769208556954124,386532,2818,0.7856658088690143
1379,6,94,0.073856,1328.2579097100206,6,6,0,0,0,5,88887,88879,88062,622,102,101,0.9907185527692464,115681.40710981742,0.5768846306327198,386553,2820,0.7834508259974663
1380,6,94,0.07577600000000001,1328.3336857100205,6,6,0,0,0,5,88893,88885,88068,622,102,101,0.9907191792379603,115684.28750480854,0.5768481594272825,386575,2822,0.7808847781390278
1381,6,94,0.056192,1328.3898777100205,6,6,0,0,0,5,88899,88891,88074,622,102,101,0.9907198056221105,115686.60268995722,0.5768112012410616,386592,2823,0.77884433370102
1382,6,94,0.06675199999999999,1328.4566297100205,6,6,0,0,0,5,88905,88897,88080,622,102,101,0.9907204319217142,115688.45573343805,0.5767738760645845,386611,2826,0.7767620496202572
1383,6,94,0.05859199999999999,1328.5152217100206,6,6,0,0,0,5,88911,88903,88086,622,102,101,0.9907210581367885,115691.0131614194,0.5767370783714999,386628,2827,0.7747693952161802
1384,6,94,0.046079999999999996,1328.5613017100206,6,6,0,0,0,5,88917,88909,88092,622,102,101,0.9907216842673504,115693.3954061148,0.5766998337998374,386642,2827,0.7732784371787291
1385,6,94,0.057983999999999994,1328.6192857100207,6,6,0,0,0,5,88923,88915,88098,622,102,101,0.9907223103134172,115695.89095483701,0.5766626066512137,386659,2828,0.7713021375623469
1386,5,95,0.07239205273786076,1328.6916777627584,6,5,0,1,0,5,88929,88921,88103,622,103,101,0.9907116913492786,115698.0167579919,0.576632607407186,386678,2830,0.7689988366207781
1387,5,95,0.044863999999999994,1328.7365417627584,5,5,0,0,0,5,88934,88926,88108,622,103,101,0.9907122135516225,115700.43809892373,0.5766015972655579,386691,2830,0.767467421905712
1388,5,95,0.04572799999999999,1328.7822697627585,5,5,0,0,0,5,88939,88931,88113,622,103,101,0.9907127356952518,115702.18198911501,0.5765705183724563,386705,2831,0.7659029311637391
1389,5,95,0.03712,1328.8193897627584,5,5,0,0,0,5,88944,88936,88118,622,103,101,0.9907132577801763,115703.6999794605,0.576539131424121,386717,2832,0.7645254851697935
1390,5,95,0.035552,1328.8549417627585,5,5,0,0,0,5,88949,88941,88123,622,103,101,0.990713779806406,115705.50491842182,0.576507583177027,386728,2832,0.763308294924215
1391,5,95,0.040672,1328.8956137627586,5,5,0,0,0,5,88954,88946,88128,622,103,101,0.9907143017739506,115707.66462583166,0.5764763148350991,386740,2832,0.7619111287443645
1392,5,95,0.0696,1328.9652137627586,5,5,0,0,0,5,88959,88951,88133,622,103,101,0.9907148236828202,115711.15813077368,0.5764458996660283,386759,2833,0.759590569131637
1393,5,95,0.07056,1329.0357737627585,5,5,0,0,0,5,88964,88956,88138,622,103,101,0.9907153455330246,115714.43525902582,0.5764155064642326,386779,2834,0.7570102497449008
1394,5,95,0.06211199999999999,1329.0978857627586,5,5,0,0,0,5,88969,88961,88143,622,103,101,0.9907158673245737,115716.43115791754,0.5763854311088003,386797,2837,0.7547981553125085
1395,5,95,0.058112,1329.1559977627585,5,5,0,0,0,5,88974,88966,88148,622,103,101,0.9907163890574775,115718.48621146817,0.5763546766767419,386814,2839,0.752665343478462
1396,5,95,0.05238399999999999,1329.2083817627586,5,5,0,0,0,5,88979,88971,88153,622,103,101,0.9907169107317457,115720.13697055787,0.5763240531482752,386829,2841,0.750831859518764
1397,5,95,0.064192,1329.2725737627586,5,5,0,0,0,5,88984,88976,88158,622,103,101,0.9907174323473883,115720.7235266811,0.5762932301851036,386847,2846,0.7487467482043547
1398,5,95,0.073184,1329.3457577627587,5,5,0,0,0,5,88989,88981,88163,622,103,101,0.9907179539044152,115722.15813807417,0.5762629290307364,386867,2851,0.7463165122283095
1399,5,95,0.053888,1329.3996457627586,5,5,0,0,0,5,88994,88986,88168,622,103,101,0.9907184754028362,115724.30344054311,0.5762319395428644,386883,2853,0.7443756252106122
1400,5,95,0.047839999999999994,1329.4474857627586,5,5,0,0,0,5,88999,88991,88173,622,103,101,0.9907189968426612,115725.80763634236,0.5762009452223893,386897,2855,0.7425346437509861
1401,5,95,0.042559999999999994,1329.4900457627587,5,5,0,0,0,5,89004,88996,88178,622,103,101,0.9907195182239,115727.39223611707,0.5761698738525731,386910,2856,0.740991943242278
1402,5,95,0.034367999999999996,1329.5244137627587,5,5,0,0,0,5,89009,89001,88183,622,103,101,0.9907200395465627,115728.66087095081,0.5761385182410516,386921,2857,0.7397338747916198
1403,5,95,0.04908799999999999,1329.5735017627587,5,4,1,0,0,5,89014,89006,88187,623,103,101,0.9907093266227784,115728.93698317379,0.5761136001820474,386935,2860,0.7380702423394703
1404,5,95,0.05305599999999999,1329.6265577627587,5,5,0,0,0,5,89019,89011,88192,623,103,101,0.9907098484593176,115731.40676350439,0.5760830474048969,386950,2861,0.73628481597443
1405,5,95,0.036608,1329.6631657627586,5,5,0,0,0,5,89024,89016,88197,623,103,101,0.9907103702372394,115732.55239549634,0.5760517807885883,386962,2862,0.7350512172608442
1406,5,95,0.051904,1329.7150697627585,5,5,0,0,0,5,89029,89021,88202,623,103,101,0.9907108919565535,115734.91757708449,0.5760211272271557,386976,2863,0.7333182665959204
1407,5,95,0.045056,1329.7601257627584,5,5,0,0,0,5,89034,89026,88207,623,103,101,0.9907114136172698,115735.98953549717,0.5759898067179255,386990,2865,0.731834777667982
1408,5,95,0.05312,1329.8132457627585,5,5,0,0,0,5,89039,89031,88212,623,103,101,0.9907119352193983,115738.3147523994,0.5759587422419458,387005,2866,0.7298877565805424
1409,5,95,0.05184,1329.8650857627586,5,5,0,0,0,5,89044,89036,88217,623,103,101,0.9907124567629486,115741.11212320269,0.5759278350898916,387020,2866,0.7281067964489665
1410,5,95,0.08937599999999998,1329.9544617627585,5,5,0,0,0,5,89049,89041,88222,623,103,101,0.9907129782479309,115743.39154137079,0.5758986637981846,387043,2871,0.7250096100559593
1411,5,95,0.036832,1329.9912937627585,5,5,0,0,0,5,89054,89046,88227,623,103,101,0.9907134996743548,115743.95766492836,0.5758672441665464,387055,2873,0.7237164525863574
1412,5,95,0.043135999999999994,1330.0344297627585,5,5,0,0,0,5,89059,89051,88232,623,103,101,0.9907140210422304,115745.59917780448,0.5758361806210938,387068,2874,0.7222235664016566
1413,5,95,0.07087999999999998,1330.1053097627585,5,5,0,0,0,5,89064,89056,88237,623,103,101,0.9907145423515674,115747.90572594602,0.5758062256200778,387089,2879,0.7198840791801204
1414,5,95,0.052704,1330.1580137627584,5,5,0,0,0,5,89069,89061,88242,623,103,101,0.9907150636023757,115749.92926175814,0.5757753489213443,387103,2881,0.7180990601113291
1415,5,95,0.034144,1330.1921577627584,5,5,0,0,0,5,89074,89066,88247,623,103,101,0.9907155847946651,115751.28232522705,0.5757439317936669,387114,2882,0.7169243267171503
1416,5,95,0.040032,1330.2321897627585,5,5,0,0,0,5,89079,89071,88252,623,103,101,0.9907161059284455,115752.17107583393,0.5757128503657047,387126,2884,0.7155838644059676
1417,5,95,0.077568,1330.3097577627584,5,5,0,0,0,5,89084,89076,88257,623,103,101,0.9907166270037269,115756.75146439264,0.5756824903628339,387146,2884,0.7130471603991253
1418,5,95,0.081984,1330.3917417627583,5,5,0,0,0,5,89089,89081,88262,623,103,101,0.9907171480205188,115761.01321550697,0.5756525173849573,387167,2885,0.7102714955713318
1419,5,95,0.07814399999999999,1330.4698857627584,5,5,0,0,0,5,89094,89086,88267,623,103,101,0.9907176689788314,115762.48184805865,0.5756228787985267,387188,2890,0.7077857062271716
1420,5,95,0.08620799999999998,1330.5560937627583,5,5,0,0,0,5,89099,89091,88272,623,103,101,0.9907181898786743,115765.04043839604,0.5755935274196576,387211,2894,0.7049849265872219
1421,5,95,0.08559999999999998,1330.6416937627585,5,5,0,0,0,5,89104,89096,88277,623,103,101,0.9907187107200575,115769.34100448027,0.5755639890556596,387234,2895,0.7019868817221278
1422,5,95,0.09433599999999999,1330.7360297627586,5,5,0,0,0,5,89109,89101,88282,623,103,101,0.9907192315029907,115773.15752656535,0.5755339915197313,387258,2898,0.698954588728731
1423,5,95,0.042783999999999996,1330.7788137627585,5,5,0,0,0,5,89114,89106,88287,623,103,101,0.9907197522274839,115774.1605191097,0.5755029328533463,387271,2900,0.6975377238361512
1424,5,95,0.05315199999999999,1330.8319657627585,5,5,0,0,0,5,89119,89111,88292,623,103,101,0.9907202728935468,115775.55391201565,0.5754720879162533,387287,2903,0.6957580366484585
1425,5,95,0.035712,1330.8676777627586,5,5,0,0,0,5,89124,89116,88297,623,103,101,0.9907207935011894,115777.37033859138,0.575440809764548,387298,2903,0.6944428367438888
1426,5,95,0.050624,1330.9183017627586,5,5,0,0,0,5,89129,89121,88302,623,103,101,0.9907213140504213,115779.60254653386,0.5754100932397767,387312,2904,0.6927941378928307
1427,5,95,0.051968,1330.9702697627586,5,5,0,0,0,5,89134,89126,88307,623,103,101,0.9907218345412525,115781.80782916228,0.5753792366940019,387327,2905,0.6909964704227587
1428,5,95,0.071456,1331.0417257627585,5,5,0,0,0,5,89139,89131,88312,623,103,101,0.9907223549736928,115784.72786920652,0.5753488891228337,387346,2907,0.6884226284499085
1429,5,95,0.07071999999999999,1331.1124457627584,5,5,0,0,0,5,89144,89136,88317,623,103,101,0.9907228753477519,115786.81011556664,0.5753190218156656,387366,2910,0.6861390285193083
1430,5,95,0.039936,1331.1523817627583,5,5,0,0,0,5,89149,89141,88322,623,103,101,0.9907233956634398,115788.56493941945,0.5752877329224043,387379,2911,0.6846601626146387
1431,5,95,0.039743999999999995,1331.1921257627582,5,5,0,0,0,5,89154,89146,88327,623,103,101,0.9907239159207664,115790.62482185263,0.5752565225655921,387391,2911,0.6832982300877054
1432,5,95,0.05273599999999999,1331.2448617627583,5,5,0,0,0,5,89159,89151,88332,623,103,101,0.9907244361197411,115792.90664520206,0.5752260986067282,387406,2912,0.6813853330653461
1433,5,95,0.032704000000000004,1331.2775657627583,5,5,0,0,0,5,89164,89156,88337,623,103,101,0.9907249562603742,115794.41880827973,0.5751947500097125,387417,2912,0.680239755857618
1434,5,95,0.030912000000000002,1331.3084777627582,5,5,0,0,0,5,89169,89161,88342,623,103,101,0.9907254763426752,115795.91249885484,0.5751633528003264,387427,2912,0.6791597654055626
1435,5,95,0.03952,1331.3479977627583,5,5,0,0,0,5,89174,89166,88347,623,103,101,0.9907259963666539,115797.3484461363,0.5751321920446071,387439,2913,0.6776544999860141
1436,5,95,0.046624,1331.3946217627583,5,5,0,0,0,5,89179,89171,88352,623,103,101,0.9907265163323203,115798.57502794708,0.5751011985245762,387453,2915,0.6759389138140475
1437,5,95,0.054847999999999994,1331.4494697627583,5,5,0,0,0,5,89184,89176,88357,623,103,101,0.9907270362396843,115799.70513448965,0.5750704203800696,387469,2918,0.6739707212842888
1438,5,95,0.06047999999999999,1331.5099497627584,5,5,0,0,0,5,89189,89181,88362,623,103,101,0.9907275560887553,115801.84138126268,0.57503985178018,387486,2920,0.6717521385443224
1439,5,95,0.08816,1331.5981097627584,5,5,0,0,0,5,89194,89186,88367,623,103,101,0.9907280758795435,115803.99136153288,0.5750107503533981,387509,2925,0.668660271826647
1440,5,95,0.04988799999999999,1331.6479977627585,5,5,0,0,0,5,89199,89191,88372,623,103,101,0.9907285956120584,115805.83476946282,0.5749797634766348,387524,2927,0.6669693584290444
1441,5,95,0.065728,1331.7137257627585,5,5,0,0,0,5,89204,89196,88377,623,103,101,0.99072911528631,115808.93777426958,0.5749494963105292,387542,2928,0.664707527880485
1442,5,95,0.061888,1331.7756137627584,5,5,0,0,0,5,89209,89201,88382,623,103,101,0.990729634902308,115810.87264710582,0.5749188132981161,387559,2931,0.6626149318550811
1443,5,95,0.036192,1331.8118057627585,5,5,0,0,0,5,89214,89206,88387,623,103,101,0.9907301544600623,115812.7352022254,0.574887516109751,387570,2931,0.661360395388815
1444,5,95,0.034496,1331.8463017627585,5,5,0,0,0,5,89219,89211,88392,623,103,101,0.9907306739595826,115813.82611180299,0.5748561996546181,387581,2932,0.6601884150899346
1445,5,95,0.042432,1331.8887337627584,5,5,0,0,0,5,89224,89216,88397,623,103,101,0.9907311934008787,115815.99280009855,0.5748251347144073,387594,2932,0.658585742609724
1446,5,95,0.037439999999999994,1331.9261737627585,5,5,0,0,0,5,89229,89221,88402,623,103,101,0.9907317127839603,115817.21798003848,0.5747941004369574,387606,2933,0.6572409989055006
1447,5,95,0.045408,1331.9715817627584,5,5,0,0,0,5,89234,89226,88407,623,103,101,0.9907322321088374,115818.483000846,0.5747631579886929,387619,2935,0.6556879500715271
1448,5,95,0.061888,1332.0334697627584,5,5,0,0,0,5,89239,89231,88412,623,103,101,0.9907327513755196,115820.9095357623,0.5747325299482517,387636,2937,0.6534447546599147
1449,5,95,0.06412799999999999,1332.0975977627584,5,5,0,0,0,5,89244,89236,88417,623,103,101,0.9907332705840168,115822.93689225467,0.5747020110528891,387655,2940,0.6511743495329769
1450,5,95,0.049791999999999996,1332.1473897627584,5,5,0,0,0,5,89249,89241,88422,623,103,101,0.9907337897343388,115825.68204219405,0.5746715147897781,387669,2940,0.6494187570040071
1451,5,95,0.056479999999999995,1332.2038697627584,5,5,0,0,0,5,89254,89246,88427,623,103,101,0.9907343088264952,115827.56325987788,0.5746412105151166,387686,2942,0.6475977573517722
1452,5,95,0.072128,1332.2759977627584,5,5,0,0,0,5,89259,89251,88432,623,103,101,0.9907348278604958,115830.54581718871,0.5746114079484651,387705,2944,0.6450492885213008
1453,5,95,0.04368,1332.3196777627584,5,5,0,0,0,5,89264,89256,88437,623,103,101,0.9907353468363506,115832.83695032264,0.574580736356696,387718,2944,0.6435730127506119
1454,5,95,0.066464,1332.3861417627584,5,5,0,0,0,5,89269,89261,88442,623,103,101,0.9907358657540691,115834.93640650675,0.574550472746609,387738,2947,0.6413906864815613
1455,5,95,0.051648,1332.4377897627583,5,5,0,0,0,5,89274,89266,88447,623,103,101,0.9907363846136613,115837.70528414805,0.5745198898338445,387753,2947,0.6396881489748258
1456,5,95,0.04108799999999999,1332.4788777627582,5,5,0,0,0,5,89279,89271,88452,623,103,101,0.9907369034151369,115839.73493010373,0.5744888635826493,387766,2947,0.6383199677282002
1457,5,95,0.06512,1332.5439977627582,5,5,0,0,0,5,89284,89276,88457,623,103,101,0.9907374221585055,115843.02526533372,0.5744590255953849,387784,2948,0.6359474408903869
1458,5,95,0.081728,1332.6257257627583,5,5,0,0,0,5,89289,89281,88462,623,103,101,0.990737940843777,115845.28575090958,0.5744296359179016,387806,2952,0.633052210084448
1459,5,95,0.050592,1332.6763177627583,5,5,0,0,0,5,89294,89286,88467,623,103,101,0.9907384594709611,115847.79735500929,0.5743987462675108,387821,2953,0.6312493558658825
1460,5,95,0.052767999999999995,1332.7290857627584,5,5,0,0,0,5,89299,89291,88472,623,103,101,0.9907389780400676,115850.6778679884,0.574367941128564,387836,2953,0.629325544261155
1461,5,95,0.071104,1332.8001897627585,5,5,0,0,0,5,89304,89296,88477,623,103,101,0.9907394965511064,115853.99310866348,0.5743379402218066,387856,2954,0.6269956850680436
1462,5,95,0.06512,1332.8653097627584,5,5,0,0,0,5,89309,89301,88482,623,103,101,0.9907400150040869,115855.31926514443,0.5743071976953872,387874,2958,0.6249193510419417
1463,5,95,0.046464,1332.9117737627585,5,5,0,0,0,5,89314,89306,88487,623,103,101,0.9907405333990192,115857.54664320807,0.5742762738477031,387888,2959,0.6231973267478782
1464,5,95,0.070912,1332.9826857627584,5,5,0,0,0,5,89319,89311,88492,623,103,101,0.9907410517359129,115859.20931270567,0.574246589854904,387907,2963,0.6208616582471561
1465,5,95,0.06121599999999999,1333.0439017627584,5,5,0,0,0,5,89324,89316,88497,623,103,101,0.9907415700147777,115861.804548045,0.5742165060388331,387925,2965,0.6188419038279056
1466,5,95,0.046335999999999995,1333.0902377627585,5,5,0,0,0,5,89329,89321,88502,623,103,101,0.9907420882356234,115863.82648725668,0.5741856627013747,387938,2966,0.617259334164749
1467,5,95,0.05696,1333.1471977627584,5,5,0,0,0,5,89334,89326,88507,623,103,101,0.9907426063984597,115866.36513898919,0.5741549099831148,387954,2967,0.6153705707507953
1468,5,95,0.069728,1333.2169257627584,5,5,0,0,0,5,89339,89331,88512,623,103,101,0.9907431245032964,115868.55598283099,0.574124868982217,387973,2970,0.6131178997327333
1469,5,95,0.07100799999999999,1333.2879337627583,5,5,0,0,0,5,89344,89336,88517,623,103,101,0.9907436425501432,115872.02140501009,0.5740951039555392,387992,2971,0.6107119055823753
1470,5,95,0.04928,1333.3372137627582,5,5,0,0,0,5,89349,89341,88522,623,103,101,0.9907441605390099,115874.54876774353,0.5740643362589064,388007,2971,0.6089410953250861
1471,5,95,0.037152000000000004,1333.3743657627583,5,5,0,0,0,5,89354,89346,88527,623,103,101,0.9907446784699062,115876.05399299436,0.5740332232176554,388019,2972,0.6076052259741014
1472,5,95,0.035904,1333.4102697627584,5,5,0,0,0,5,89359,89351,88532,623,103,101,0.9907451963428417,115877.72158638842,0.5740019513991306,388031,2972,0.6063921782513642
1473,5,95,0.054079999999999996,1333.4643497627585,5,5,0,0,0,5,89364,89356,88537,623,103,101,0.9907457141578264,115878.76948303211,0.5739714135643436,388047,2975,0.6046162258923257
1474,5,95,0.04995199999999999,1333.5143017627586,5,5,0,0,0,5,89369,89361,88542,623,103,101,0.9907462319148698,115881.5258267038,0.5739408983332741,388061,2975,0.6029785370284335
1475,5,95,0.05283199999999999,1333.5671337627587,5,5,0,0,0,5,89374,89366,88547,623,103,101,0.9907467496139817,115883.8097366401,0.5739107266164095,388076,2976,0.6012656196366939
1476,5,95,0.043808,1333.6109417627586,5,5,0,0,0,5,89379,89371,88552,623,103,101,0.9907472672551718,115886.27174558157,0.573879824003768,388088,2976,0.5997617205822677
1477,5,95,0.055616,1333.6665577627587,5,5,0,0,0,5,89384,89376,88557,623,103,101,0.9907477848384498,115889.27314730923,0.5738494025843255,388104,2976,0.5979327426341664
1478,5,95,0.04016,1333.7067177627587,5,5,0,0,0,5,89389,89381,88562,623,103,101,0.9907483023638255,115891.36797576978,0.5738183103604094,388116,2976,0.5964316220153856
1479,5,95,0.057311999999999995,1333.7640297627586,5,5,0,0,0,5,89394,89386,88567,623,103,101,0.9907488198313086,115893.02196693266,0.5737879579935758,388133,2979,0.5944011803928451
1480,5,95,0.052512,1333.8165417627586,5,5,0,0,0,5,89399,89391,88572,623,103,101,0.9907493372409087,115895.71066175551,0.57375727630736,388149,2979,0.5924078579758261
1481,5,95,0.049215999999999996,1333.8657577627584,5,5,0,0,0,5,89404,89396,88577,623,103,101,0.9907498545926356,115897.22211573231,0.5737267942532931,388163,2981,0.5906916251953191
1482,5,95,0.063456,1333.9292137627585,5,5,0,0,0,5,89409,89401,88582,623,103,101,0.9907503718864992,115899.12148628906,0.5736960208626176,388180,2984,0.5886629347673422
1483,5,95,0.048928,1333.9781417627585,5,5,0,0,0,5,89414,89406,88587,623,103,101,0.9907508891225087,115901.77316975611,0.5736653065746763,388194,2984,0.5869837472058527
1484,5,95,0.053632,1334.0317737627586,5,5,0,0,0,5,89419,89411,88592,623,103,101,0.9907514063006744,115903.53621329647,0.5736349454014958,388209,2986,0.5852214955015509
1485,5,95,0.038911999999999995,1334.0706857627586,5,5,0,0,0,5,89424,89416,88597,623,103,101,0.9907519234210056,115905.666506413,0.5736039776119708,388220,2986,0.583801113197256
1486,5,95,0.063392,1334.1340777627586,5,5,0,0,0,5,89429,89421,88602,623,103,101,0.9907524404835121,115908.6860739782,0.573573791268439,388237,2987,0.581597305612768
1487,5,95,0.071808,1334.2058857627585,5,5,0,0,0,5,89434,89426,88607,623,103,101,0.9907529574882036,115911.62777069255,0.5735437636241458,388256,2989,0.5790822280296268
1488,5,95,0.04975999999999999,1334.2556457627586,5,5,0,0,0,5,89439,89431,88612,623,103,101,0.9907534744350899,115913.1628868516,0.5735129156426122,388270,2991,0.5773283900508078
1489,5,95,0.046944,1334.3025897627585,5,5,0,0,0,5,89444,89436,88617,623,103,101,0.9907539913241805,115915.17635253926,0.5734819516165252,388283,2992,0.5756973802426101
1490,5,95,0.05222399999999999,1334.3548137627586,5,5,0,0,0,5,89449,89441,88622,623,103,101,0.9907545081554853,115918.15790271551,0.573451476020402,388297,2992,0.5738009045330266
1491,5,95,0.05702399999999999,1334.4118377627585,5,5,0,0,0,5,89454,89446,88627,623,103,101,0.9907550249290138,115920.69826009832,0.5734213670930813,388313,2993,0.5716683992240057
1492,5,95,0.044928,1334.4567657627586,5,5,0,0,0,5,89459,89451,88632,623,103,101,0.9907555416447759,115922.50867084414,0.5733907571851813,388326,2994,0.5699827903559253
1493,5,95,0.0408,1334.4975657627585,5,5,0,0,0,5,89464,89456,88637,623,103,101,0.990756058302781,115924.66555873968,0.5733597554104432,388338,2994,0.5685565514248415
1494,5,95,0.040992,1334.5385577627585,5,5,0,0,0,5,89469,89461,88642,623,103,101,0.990756574903039,115925.48083387961,0.5733287625481589,388351,2996,0.5671927946312766
1495,5,95,0.063392,1334.6019497627585,5,5,0,0,0,5,89474,89466,88647,623,103,101,0.9907570914455596,115927.34749675945,0.5732982428200882,388370,3000,0.5650579624995451
1496,5,95,0.07622399999999999,1334.6781737627584,5,5,0,0,0,5,89479,89471,88652,623,103,101,0.9907576079303524,115928.90858759421,0.5732685498889006,388391,3005,0.5624265197281816
1497,5,95,0.08592,1334.7640937627584,5,5,0,0,0,5,89484,89476,88657,623,103,101,0.990758124357427,115932.2765147022,0.5732387624917298,388415,3008,0.5596004349530674
1498,5,95,0.055071999999999996,1334.8191657627585,5,5,0,0,0,5,89489,89481,88662,623,103,101,0.9907586407267932,115933.04918690697,0.5732082277380135,388431,3012,0.55778565596256
1499,5,95,0.062816,1334.8819817627586,5,5,0,0,0,5,89494,89486,88667,623,103,101,0.9907591570384606,115935.99592649593,0.5731784539590401,388449,3013,0.5557054167692465
1500,5,95,0.06272,1334.9447017627585,5,4,1,0,0,5,89499,89491,88671,624,103,101,0.99074849998324,115937.14690625822,0.5731545430906357,388466,3016,0.5536729030602576
1501,5,95,0.052576000000000005,1334.9972777627586,5,5,0,0,0,5,89504,89496,88676,624,103,101,0.9907490168037183,115939.99971249812,0.5731240099673894,388481,3016,0.5518366742640988
1502,5,95,0.055392,1335.0526697627586,5,5,0,0,0,5,89509,89501,88681,624,103,101,0.990749533566457,115942.37403944995,0.5730936051391694,388497,3017,0.549829499271933
1503,5,95,0.056864000000000005,1335.1095337627585,5,5,0,0,0,5,89514,89506,88686,624,103,101,0.9907500502714659,115944.895969492,0.573063365027458,388513,3018,0.5478048461053665
1504,5,95,0.060128,1335.1696617627586,5,5,0,0,0,5,89519,89511,88691,624,103,101,0.9907505669187546,115946.69084647563,0.5730329114826036,388530,3021,0.5456792210549682
1505,5,95,0.074432,1335.2440937627584,5,5,0,0,0,5,89524,89516,88696,624,103,101,0.990751083508333,115948.83117117002,0.5730035170219858,388550,3025,0.5431064166784838
1506,5,95,0.06518399999999999,1335.3092777627585,5,5,0,0,0,5,89529,89521,88701,624,103,101,0.9907516000402105,115951.26505779319,0.572973699093139,388568,3027,0.5407405434918752
1507,5,95,0.068384,1335.3776617627584,5,5,0,0,0,5,89534,89526,88706,624,103,101,0.9907521165143968,115954.44527325725,0.5729439566741706,388588,3030,0.5381814950138584
1508,5,95,0.079456,1335.4571177627583,5,5,0,0,0,5,89539,89531,88711,624,103,101,0.9907526329309017,115957.22688529627,0.5729140567259691,388609,3033,0.5352674732421752
1509,5,95,0.08246399999999998,1335.5395817627584,5,5,0,0,0,5,89544,89536,88716,624,103,101,0.9907531492897347,115959.69907203429,0.5728850088788482,388631,3037,0.5324853424196967
1510,5,95,0.064192,1335.6037737627585,5,5,0,0,0,5,89549,89541,88721,624,103,101,0.9907536655909055,115963.3920198187,0.5728548003874433,388648,3037,0.5302203889384928
1511,5,95,0.077376,1335.6811497627584,5,5,0,0,0,5,89554,89546,88726,624,103,101,0.9907541818344239,115965.36495818019,0.5728253923613463,388669,3041,0.5274356375647498
1512,5,95,0.06928,1335.7504297627584,5,5,0,0,0,5,89559,89551,88731,624,103,101,0.9907546980202995,115969.24436514142,0.5727959349960134,388688,3041,0.524911197874379
1513,5,95,0.05609599999999999,1335.8065257627584,5,5,0,0,0,5,89564,89556,88736,624,103,101,0.9907552141485418,115971.95028789174,0.5727657319420497,388704,3042,0.5230093386924597
1514,5,95,0.04895999999999999,1335.8554857627585,5,5,0,0,0,5,89569,89561,88741,624,103,101,0.9907557302191606,115973.68850983166,0.5727355005587967,388719,3044,0.5213185816636408
1515,5,95,0.06508800000000001,1335.9205737627585,5,5,0,0,0,5,89574,89566,88746,624,103,101,0.9907562462321656,115977.30811466239,0.572705192533372,388737,3044,0.5189070157407363
1516,5,95,0.04751999999999999,1335.9680937627586,5,5,0,0,0,5,89579,89571,88751,624,103,101,0.9907567621875663,115979.97341657715,0.5726746070471893,388750,3044,0.5171179171237046
1517,5,95,0.05139199999999999,1336.0194857627587,5,5,0,0,0,5,89584,89576,88756,624,103,101,0.9907572780853724,115981.50599692347,0.5726439835450399,388765,3046,0.5153321217755932
1518,5,95,0.048223999999999996,1336.0677097627586,5,5,0,0,0,5,89589,89581,88761,624,103,101,0.9907577939255935,115983.72063607177,0.5726132939128898,388779,3047,0.5137228245056145
1519,5,95,0.054784,1336.1224937627585,5,5,0,0,0,5,89594,89586,88766,624,103,101,0.9907583097082394,115986.19192733742,0.572582824397635,388794,3048,0.5119395944446489
1520,5,95,0.058399999999999994,1336.1808937627584,5,5,0,0,0,5,89599,89591,88771,624,103,101,0.9907588254333196,115988.540715893,0.572552599474591,388811,3050,0.5098305290990088
1521,5,95,0.042688000000000004,1336.2235817627584,5,5,0,0,0,5,89604,89596,88776,624,103,101,0.9907593411008437,115990.7205016816,0.5725219673947619,388824,3050,0.5083261091600317
1522,5,95,0.05424,1336.2778217627583,5,5,0,0,0,5,89609,89601,88781,624,103,101,0.9907598567108215,115993.57369826834,0.5724912396449222,388840,3050,0.5065711589076123
1523,5,95,0.06624,1336.3440617627584,5,5,0,0,0,5,89614,89606,88786,624,103,101,0.9907603722632624,115996.10941176847,0.5724614005405615,388858,3052,0.5044349986953246
1524,5,95,0.04112,1336.3851817627585,5,5,0,0,0,5,89619,89611,88791,624,103,101,0.9907608877581763,115997.69446375039,0.5724305290161474,388870,3053,0.5030289587677976
1525,5,95,0.045184,1336.4303657627586,5,5,0,0,0,5,89624,89616,88796,624,103,101,0.9907614031955726,116000.12389086948,0.5724000029658003,388883,3053,0.5014502550417596
1526,5,95,0.09142399999999998,1336.5217897627585,5,5,0,0,0,5,89629,89621,88801,624,103,101,0.990761918575461,116003.61564439654,0.5723711711448031,388907,3056,0.4983278022154647
1527,5,95,0.042559999999999994,1336.5643497627586,5,5,0,0,0,5,89634,89626,88806,624,103,101,0.9907624338978512,116005.94316878301,0.5723406814213916,388919,3056,0.4967081174578345
1528,5,95,0.059264,1336.6236137627586,5,5,0,0,0,5,89639,89631,88811,624,103,101,0.9907629491627529,116009.29865624999,0.5723102383689698,388935,3056,0.49458114253548635
1529,5,95,0.046239999999999996,1336.6698537627585,5,5,0,0,0,5,89644,89636,88816,624,103,101,0.9907634643701754,116011.23460926252,0.5722794517796909,388948,3057,0.492937687675426
1530,5,95,0.08038399999999998,1336.7502377627586,5,5,0,0,0,5,89649,89641,88821,624,103,101,0.9907639795201285,116013.49273709515,0.572250187936901,388970,3061,0.4902064152851974
1531,5,95,0.039456,1336.7896937627586,5,5,0,0,0,5,89654,89646,88826,624,103,101,0.9907644946126218,116014.51501579533,0.5722196070544879,388983,3063,0.4888862075435324
1532,5,95,0.075296,1336.8649897627586,5,5,0,0,0,5,89659,89651,88831,624,103,101,0.990765009647665,116016.43635497097,0.5721894071405299,389003,3067,0.4865025974259325
1533,5,95,0.030879999999999998,1336.8958697627586,5,5,0,0,0,5,89664,89656,88836,624,103,101,0.9907655246252677,116017.91546227474,0.5721582762301193,389013,3067,0.48543799078933986
1534,5,95,0.042272,1336.9381417627585,5,5,0,0,0,5,89669,89661,88841,624,103,101,0.9907660395454393,116019.23765559273,0.5721274892072054,389027,3069,0.48396529946533434
1535,5,95,0.045599999999999995,1336.9837417627584,5,5,0,0,0,5,89674,89666,88846,624,103,101,0.9907665544081896,116020.94711748933,0.5720969303979447,389041,3070,0.4823654999715544
1536,5,95,0.04473599999999999,1337.0284777627585,5,5,0,0,0,5,89679,89671,88851,624,103,101,0.9907670692135282,116022.58185223589,0.572066464346088,389054,3072,0.48088094363486333
1537,5,95,0.06448,1337.0929577627585,5,5,0,0,0,5,89684,89676,88856,624,103,101,0.9907675839614647,116026.13498135423,0.5720363024341937,389072,3072,0.47862764682571857
1538,5,95,0.072032,1337.1649897627585,5,5,0,0,0,5,89689,89681,88861,624,103,101,0.9907680986520087,116028.32648761371,0.572006827050913,389092,3075,0.4762112696491731
1539,5,95,0.053056,1337.2180457627585,5,5,0,0,0,5,89694,89686,88866,624,103,101,0.9907686132851696,116031.21906083476,0.5719764331470938,389107,3075,0.47436043078536233
1540,5,95,0.07257599999999999,1337.2906217627585,5,4,1,0,0,5,89699,89691,88870,625,103,101,0.990757979464654,116031.74169834831,0.5719529936002385,389127,3078,0.47194864858505714
1541,5,95,0.061984,1337.3526057627585,5,5,0,0,0,5,89704,89696,88875,625,103,101,0.990758494604477,116034.00878072398,0.5719232380616782,389144,3080,0.46968710731008606
1542,5,95,0.05059199999999999,1337.4031977627585,5,5,0,0,0,5,89709,89701,88880,625,103,101,0.9907590096868765,116036.05573816533,0.571893102072571,389159,3081,0.4677456093026647
1543,5,95,0.04323199999999999,1337.4464297627585,5,5,0,0,0,5,89714,89706,88885,625,103,101,0.9907595247118621,116038.28650357913,0.5718621187566921,389172,3081,0.4660218900653312
1544,5,95,0.05216,1337.4985897627585,5,5,0,0,0,5,89719,89711,88890,625,103,101,0.9907600396794436,116039.89207011387,0.5718317944781982,389187,3083,0.46404983650944664
1545,5,95,0.054368,1337.5529577627585,5,5,0,0,0,5,89724,89716,88895,625,103,101,0.9907605545896304,116042.00573831034,0.571801367778227,389203,3085,0.4620229924993975
1546,5,95,0.055647999999999996,1337.6086057627585,5,5,0,0,0,5,89729,89721,88900,625,103,101,0.9907610694424323,116044.55842408851,0.5717712245458262,389218,3086,0.4600009322976545
1547,5,95,0.079264,1337.6878697627585,5,5,0,0,0,5,89734,89726,88905,625,103,101,0.9907615842378585,116047.31081812922,0.5717418693617053,389239,3089,0.45717042076401976
1548,5,95,0.048448,1337.7363177627585,5,5,0,0,0,5,89739,89731,88910,625,103,101,0.990762098975919,116049.1420757941,0.571711393826126,389254,3090,0.4555392889058409
1549,5,95,0.032672,1337.7689897627586,5,5,0,0,0,5,89744,89736,88915,625,103,101,0.9907626136566233,116050.63743294873,0.5716803124170199,389265,3090,0.4544210326359349
1550,5,95,0.04934399999999999,1337.8183337627586,5,5,0,0,0,5,89749,89741,88920,625,103,101,0.9907631282799808,116053.31761549371,0.5716495594696107,389279,3090,0.4527227722973543
1551,4,96,0.039081309025391746,1337.857415071784,5,4,0,1,0,5,89754,89746,88924,625,104,101,0.9907525012812799,116055.44077480712,0.5716248997469585,389290,3090,0.45152042632214207
1552,4,96,0.040479999999999995,1337.897895071784,4,4,0,0,0,4,89758,89750,88928,625,104,101,0.9907529133893358,116056.95813705497,0.571600467189549,389302,3091,0.45028695217966863
1553,4,96,0.030112,1337.928007071784,4,4,0,0,0,4,89762,89754,88932,625,104,101,0.9907533254606626,116057.99951810778,0.5715757241416577,389311,3092,0.4493605463711109
1554,4,96,0.02864,1337.956647071784,4,4,0,0,0,4,89766,89758,88936,625,104,101,0.9907537374952655,116059.41368866252,0.5715509635299494,389320,3092,0.4484765973622712
1555,4,96,0.022912,1337.9795590717838,4,4,0,0,0,4,89770,89762,88940,625,104,101,0.9907541494931491,116060.4158315611,0.5715259475335424,389328,3092,0.4477627493832141
1556,4,96,0.028031999999999998,1338.0075910717837,4,4,0,0,0,4,89774,89766,88944,625,104,101,0.9907545614543186,116061.7690334678,0.5715010489158002,389337,3092,0.44689685579094346
1557,4,96,0.032639999999999995,1338.0402310717836,4,4,0,0,0,4,89778,89770,88948,625,104,101,0.9907549733787787,116063.42200608208,0.5714763655158138,389347,3092,0.4458941211467807
1558,4,96,0.055647999999999996,1338.0958790717837,4,4,0,0,0,4,89782,89774,88952,625,104,101,0.9907553852665345,116066.13429505103,0.5714522869079313,389361,3093,0.4441205837246198
1559,4,96,0.037759999999999995,1338.1336390717836,4,4,0,0,0,4,89786,89778,88956,625,104,101,0.9907557971175908,116067.61796059164,0.571427711881919,389372,3094,0.44294579962946123
1560,4,96,0.04313600000000001,1338.1767750717836,4,4,0,0,0,4,89790,89782,88960,625,104,101,0.9907562089319524,116069.40046591985,0.5714032016558191,389384,3095,0.44157008112150503
1561,4,96,0.065152,1338.2419270717835,4,4,0,0,0,4,89794,89786,88964,625,104,101,0.9907566207096242,116071.22214432608,0.5713795554655294,389402,3098,0.43957446109506515
1562,4,96,0.048928,1338.2908550717834,4,4,0,0,0,4,89798,89790,88968,625,104,101,0.9907570324506114,116074.02039048365,0.5713553657671189,389415,3098,0.43805423110594394
1563,4,96,0.032128,1338.3229830717835,4,4,0,0,0,4,89802,89794,88972,625,104,101,0.9907574441549186,116075.62147923428,0.5713305157431857,389425,3098,0.43706746923620804
1564,4,96,0.03376,1338.3567430717835,4,4,0,0,0,4,89806,89798,88976,625,104,101,0.9907578558225508,116076.78804937855,0.5713057247778771,389435,3099,0.4360065503181031
1565,4,96,0.033951999999999996,1338.3906950717835,4,4,0,0,0,4,89810,89802,88980,625,104,101,0.9907582674535129,116077.98572723006,0.5712810320630487,389445,3100,0.4349258121177385
1566,4,96,0.039232,1338.4299270717836,4,4,0,0,0,4,89814,89806,88984,625,104,101,0.9907586790478099,116079.37693077854,0.5712566371718933,389457,3101,0.4337281055454698
1567,4,96,0.051328,1338.4812550717836,4,4,0,0,0,4,89818,89810,88988,625,104,101,0.9907590906054465,116080.61555682177,0.5712322897833129,389472,3104,0.4321542506755579
1568,4,96,0.06307199999999999,1338.5443270717835,4,4,0,0,0,4,89822,89814,88992,625,104,101,0.9907595021264278,116081.79188201606,0.5712085857197402,389489,3108,0.43025279179941556
1569,4,96,0.033344,1338.5776710717835,4,4,0,0,0,4,89826,89818,88996,625,104,101,0.9907599136107585,116083.51413450936,0.5711837418030564,389499,3108,0.4292305483772119
1570,4,96,0.036096,1338.6137670717835,4,4,0,0,0,4,89830,89822,89000,625,104,101,0.9907603250584437,116084.15498364366,0.5711591011082976,389510,3110,0.42812662523405154
1571,4,96,0.04704,1338.6608070717834,4,4,0,0,0,4,89834,89826,89004,625,104,101,0.9907607364694881,116086.16550142036,0.5711347790186078,389523,3111,0.42670027248556563
1572,4,96,0.04688,1338.7076870717835,4,4,0,0,0,4,89838,89830,89008,625,104,101,0.9907611478438968,116087.75948686012,0.5711103642021598,389536,3113,0.4251912735193304
1573,4,96,0.052511999999999996,1338.7601990717835,4,4,0,0,0,4,89842,89834,89012,625,104,101,0.9907615591816745,116090.15573345906,0.5710862359461591,389550,3114,0.4235907340809473
1574,4,96,0.043392,1338.8035910717836,4,4,0,0,0,4,89846,89838,89016,625,104,101,0.9907619704828262,116091.8009456299,0.5710617147835579,389563,3115,0.422271395953611
1575,4,96,0.056096,1338.8596870717836,4,4,0,0,0,4,89850,89842,89020,625,104,101,0.9907623817473568,116094.99150725141,0.5710376872198031,389578,3115,0.42051384794546004
1576,4,96,0.044544,1338.9042310717837,4,4,0,0,0,4,89854,89846,89024,625,104,101,0.990762792975271,116097.51048106598,0.5710133375880724,389590,3115,0.4190993466568551
1577,4,96,0.043519999999999996,1338.9477510717836,4,4,0,0,0,4,89858,89850,89028,625,104,101,0.9907632041665739,116099.32939919921,0.5709889419797618,389602,3116,0.41777451436469676
1578,4,96,0.044544,1338.9922950717837,4,4,0,0,0,4,89862,89854,89032,625,104,101,0.9907636153212704,116101.08928346435,0.5709644741633111,389615,3117,0.41642100596271525
1579,4,96,0.037503999999999996,1339.0297990717836,4,4,0,0,0,4,89866,89858,89036,625,104,101,0.9907640264393652,116103.06515043114,0.5709396753767194,389626,3117,0.41527382798599966
1580,4,96,0.059135999999999994,1339.0889350717837,4,4,0,0,0,4,89870,89862,89040,625,104,101,0.9907644375208635,116106.39736311873,0.5709158304804051,389642,3117,0.4134590718542925
1581,4,96,0.04124799999999999,1339.1301830717837,4,4,0,0,0,4,89874,89866,89044,625,104,101,0.9907648485657699,116108.16779839943,0.5708913933236259,389654,3118,0.41214766879340714
1582,4,96,0.06886399999999998,1339.1990470717838,4,4,0,0,0,4,89878,89870,89048,625,104,101,0.9907652595740893,116110.35741101835,0.5708672907672562,389672,3121,0.41004629022033245
1583,4,96,0.037919999999999995,1339.2369670717837,4,4,0,0,0,4,89882,89874,89052,625,104,101,0.9907656705458268,116111.7769471376,0.5708429514146376,389683,3122,0.4088277013293494
1584,4,96,0.07465599999999999,1339.3116230717837,4,4,0,0,0,4,89886,89878,89056,625,104,101,0.990766081480987,116114.56312409294,0.5708195488513967,389703,3125,0.406497841471825
1585,4,96,0.05334399999999999,1339.3649670717837,4,4,0,0,0,4,89890,89882,89060,625,104,101,0.990766492379575,116116.28183766341,0.5707955152890598,389718,3127,0.4048203293094522
1586,4,96,0.042272,1339.4072390717836,4,4,0,0,0,4,89894,89886,89064,625,104,101,0.9907669032415957,116117.95088384216,0.5707711863915538,389732,3129,0.4034558940579209
1587,4,96,0.042656,1339.4498950717837,4,4,0,0,0,4,89898,89890,89068,625,104,101,0.9907673140670538,116119.52083632402,0.5707469053073048,389745,3130,0.40208394431840033
1588,4,96,0.034976,1339.4848710717836,4,4,0,0,0,4,89902,89894,89072,625,104,101,0.9907677248559542,116120.6455997848,0.5707221119436491,389756,3131,0.40094011885720093
1589,4,96,0.04166399999999999,1339.5265350717837,4,4,0,0,0,4,89906,89898,89076,625,104,101,0.990768135608302,116122.27748191962,0.5706977016051281,389768,3132,0.3996137987352843
1590,4,96,0.054688,1339.5812230717836,4,4,0,0,0,4,89910,89902,89080,625,104,101,0.9907685463241018,116123.53272860427,0.5706735104323313,389783,3135,0.397960228054978
1591,4,96,0.035232,1339.6164550717835,4,4,0,0,0,4,89914,89906,89084,625,104,101,0.9907689570033588,116124.08567470471,0.5706488950478845,389794,3137,0.3968815740831628
1592,4,96,0.045248,1339.6617030717834,4,4,0,0,0,4,89918,89910,89088,625,104,101,0.9907693676460776,116125.7649175809,0.5706245092445607,389807,3139,0.39546549949275
1593,4,96,0.02384,1339.6855430717835,4,4,0,0,0,4,89922,89914,89092,625,104,101,0.9907697782522631,116126.85738422125,0.5705995983557794,389815,3139,0.39471837499293094
1594,4,96,0.025472,1339.7110150717835,4,4,0,0,0,4,89926,89918,89096,625,104,101,0.9907701888219203,116128.11289131927,0.5705747374724655,389823,3139,0.39392259487678716
1595,4,96,0.023391999999999996,1339.7344070717836,4,4,0,0,0,4,89930,89922,89100,625,104,101,0.990770599355054,116129.16051029197,0.5705498156114529,389831,3139,0.3931944926214913
1596,4,96,0.052863999999999994,1339.7872710717836,4,4,0,0,0,4,89934,89926,89104,625,104,101,0.990771009851669,116132.185578634,0.5705257726265279,389845,3139,0.3915296469468076
1597,4,96,0.03216,1339.8194310717836,4,4,0,0,0,4,89938,89930,89108,625,104,101,0.9907714203117703,116133.50604680365,0.5705010785703621,389854,3140,0.3905123011473602
1598,4,96,0.022912,1339.8423430717835,4,4,0,0,0,4,89942,89934,89112,625,104,101,0.9907718307353628,116134.50552940425,0.570476157985249,389862,3140,0.3897984531683031
1599,4,96,0.03811199999999999,1339.8804550717834,4,4,0,0,0,4,89946,89938,89116,625,104,101,0.9907722411224512,116136.53995099386,0.5704515972834866,389873,3140,0.3886351123283378
1600,4,96,0.05008,1339.9305350717834,4,4,0,0,0,4,89950,89942,89120,625,104,101,0.9907726514730406,116138.09218226616,0.5704272089839416,389887,3142,0.38701666564275633
1601,4,96,0.065344,1339.9958790717835,4,4,0,0,0,4,89954,89946,89124,625,104,101,0.9907730617871356,116140.81090145129,0.5704035628762462,389904,3144,0.38498665740487104
1602,4,96,0.02656,1340.0224390717835,4,4,0,0,0,4,89958,89950,89128,625,104,101,0.9907734720647413,116142.01334404887,0.5703788148608321,389913,3144,0.3841644769263993
1603,4,96,0.036192,1340.0586310717836,4,4,0,0,0,4,89962,89954,89132,625,104,101,0.9907738823058625,116143.85549348607,0.57035427801519,389924,3144,0.38305653593021916
1604,4,96,0.047552,1340.1061830717836,4,4,0,0,0,4,89966,89958,89136,625,104,101,0.990774292510504,116146.06213011005,0.5703302790026881,389937,3145,0.3816053300027681
1605,4,96,0.052256,1340.1584390717835,4,4,0,0,0,4,89970,89962,89140,625,104,101,0.9907747026786706,116146.13575676079,0.5703062024491506,389953,3151,0.37988939863611604
1606,4,96,0.046368,1340.2048070717835,4,4,0,0,0,4,89974,89966,89144,625,104,101,0.9907751128103675,116147.60906588996,0.570281980160762,389966,3153,0.37838031304447595
1607,4,96,0.056735999999999995,1340.2615430717835,4,4,0,0,0,4,89978,89970,89148,625,104,101,0.9907755229055991,116149.66407468005,0.5702579994681278,389981,3155,0.3765779938492557
1608,4,96,0.04192,1340.3034630717834,4,4,0,0,0,4,89982,89974,89152,625,104,101,0.9907759329643706,116150.45419879089,0.5702335313365751,389994,3159,0.3752648135924551
1609,4,96,0.052416,1340.3558790717834,4,4,0,0,0,4,89986,89978,89156,625,104,101,0.9907763429866868,116152.38790746721,0.5702093715605457,390008,3161,0.37357172632081137
1610,4,96,0.05411199999999999,1340.4099910717835,4,4,0,0,0,4,89990,89982,89160,625,104,101,0.9907767529725525,116154.998125243,0.5701852993717552,390022,3162,0.3718438245180604
1611,4,96,0.05852799999999999,1340.4685190717835,4,4,0,0,0,4,89994,89986,89164,625,104,101,0.9907771629219726,116156.63462788258,0.5701617683944123,390037,3165,0.3699342118088332
1612,4,96,0.091904,1340.5604230717836,4,4,0,0,0,4,89998,89990,89168,625,104,101,0.9907775728349519,116156.84106441941,0.5701390164885728,390061,3174,0.3671542157307327
1613,4,96,0.037759999999999995,1340.5981830717835,4,4,0,0,0,4,90002,89994,89172,625,104,101,0.9907779827114953,116158.83861873152,0.5701145509283939,390072,3174,0.3659791609596249
1614,4,96,0.029728,1340.6279110717835,4,4,0,0,0,4,90006,89998,89176,625,104,101,0.9907783925516077,116160.35643738108,0.5700898564694584,390081,3174,0.36506356604634704
1615,4,96,0.035392,1340.6633030717835,4,4,0,0,0,4,90010,90002,89180,625,104,101,0.9907788023552938,116162.2785103274,0.5700653601441367,390091,3174,0.36394406963351733
1616,4,96,0.05983999999999999,1340.7231430717834,4,4,0,0,0,4,90014,90006,89184,625,104,101,0.9907792121225587,116164.17066029667,0.5700416966584565,390108,3177,0.36210580722271124
1617,4,96,0.024576,1340.7477190717834,4,4,0,0,0,4,90018,90010,89188,625,104,101,0.9907796218534071,116165.02477276359,0.570016892540717,390117,3178,0.3613428665732427
1618,4,96,0.055296,1340.8030150717834,4,4,0,0,0,4,90022,90014,89192,625,104,101,0.9907800315478439,116166.93447818741,0.56999286632271,390132,3180,0.35964230605757314
1619,4,96,0.025632,1340.8286470717835,4,4,0,0,0,4,90026,90018,89196,625,104,101,0.9907804412058738,116167.88792525035,0.5699680752297057,390141,3181,0.35884190577524516
1620,4,96,0.032448,1340.8610950717834,4,4,0,0,0,4,90030,90022,89200,625,104,101,0.9907808508275019,116168.91904202873,0.5699434399027188,390151,3182,0.3578191895375385
1621,4,96,0.0288,1340.8898950717835,4,4,0,0,0,4,90034,90026,89204,625,104,101,0.990781260412733,116170.34371913206,0.569918702036413,390160,3182,0.35689420777157815
1622,4,96,0.034624,1340.9245190717834,4,4,0,0,0,4,90038,90030,89208,625,104,101,0.9907816699615718,116171.43081836721,0.5698941371355694,390171,3183,0.3557862159562118
1623,4,96,0.040672,1340.9651910717835,4,4,0,0,0,4,90042,90034,89212,625,104,101,0.9907820794740232,116173.10951635335,0.5698699700794014,390183,3184,0.35446577613922103
1624,4,96,0.0472,1341.0123910717834,4,4,0,0,0,4,90046,90038,89216,625,104,101,0.9907824889500921,116173.77515467018,0.5698456523925892,390197,3187,0.3529584877042806
1625,4,96,0.041184,1341.0535750717834,4,4,0,0,0,4,90050,90042,89220,625,104,101,0.9907828983897835,116174.61591097178,0.5698214118470177,390210,3190,0.35165722498618834
1626,4,96,0.041248,1341.0948230717834,4,4,0,0,0,4,90054,90046,89224,625,104,101,0.9907833077931019,116176.20269619106,0.5697970328849257,390222,3191,0.35033747583193686
1627,4,96,0.041568,1341.1363910717835,4,4,0,0,0,4,90058,90050,89228,625,104,101,0.9907837171600524,116178.00026698428,0.5697726604121832,390234,3192,0.34904514189348557
1628,4,96,0.07401599999999998,1341.2104070717835,4,4,0,0,0,4,90062,90054,89232,625,104,101,0.9907841264906397,116180.53601313887,0.5697493785233096,390253,3195,0.3467349939980485
1629,4,96,0.034752,1341.2451590717835,4,4,0,0,0,4,90066,90058,89236,625,104,101,0.9907845357848689,116181.79640464974,0.5697248052526519,390263,3196,0.34561603172579536
1630,4,96,0.032256,1341.2774150717835,4,4,0,0,0,4,90070,90062,89240,625,104,101,0.9907849450427445,116182.8077092165,0.569700176811512,390273,3197,0.34459375773099504
1631,4,96,0.033184,1341.3105990717834,4,4,0,0,0,4,90074,90066,89244,625,104,101,0.9907853542642716,116183.31511571092,0.5696755975504573,390283,3199,0.3435664744908848
1632,4,96,0.030912,1341.3415110717833,4,4,0,0,0,4,90078,90070,89248,625,104,101,0.9907857634494549,116184.78867136162,0.5696508932068695,390293,3199,0.3425941540392195
1633,4,96,0.046976,1341.3884870717834,4,4,0,0,0,4,90082,90074,89252,625,104,101,0.9907861725982994,116186.52873651788,0.5696267536196429,390307,3201,0.341077168873677
1634,4,96,0.070752,1341.4592390717835,4,4,0,0,0,4,90086,90078,89256,625,104,101,0.9907865817108097,116190.09170032595,0.5696033024020126,390325,3202,0.3388308326444295
1635,4,96,0.041055999999999995,1341.5002950717835,4,4,0,0,0,4,90090,90082,89260,625,104,101,0.9907869907869908,116191.06203152896,0.5695789204607632,390337,3204,0.33758139717078134
1636,4,96,0.06348799999999999,1341.5637830717835,4,4,0,0,0,4,90094,90086,89264,625,104,101,0.9907873998268475,116192.70732181004,0.5695551193029822,390355,3207,0.33559003096900175
1637,4,96,0.06656000000000001,1341.6303430717835,4,4,0,0,0,4,90098,90090,89268,625,104,101,0.9907878088303846,116194.9689085551,0.5695314901935193,390373,3210,0.33349421002711443
1638,4,96,0.064256,1341.6945990717834,4,4,0,0,0,4,90102,90094,89272,625,104,101,0.9907882177976072,116195.65891362666,0.5695077531558469,390390,3215,0.3314031378878286
1639,4,96,0.034943999999999996,1341.7295430717834,4,4,0,0,0,4,90106,90098,89276,625,104,101,0.9907886267285198,116197.53385102213,0.5694833909769976,390400,3215,0.33027215116274744
1640,4,96,0.069632,1341.7991750717833,4,4,0,0,0,4,90110,90102,89280,625,104,101,0.9907890356231273,116199.94027173163,0.569459951052824,390418,3218,0.3281141249747921
1641,4,96,0.04175999999999999,1341.8409350717834,4,4,0,0,0,4,90114,90106,89284,625,104,101,0.9907894444814346,116201.05775924826,0.5694355369285629,390430,3220,0.3267308639854804
1642,4,96,0.049056,1341.8899910717835,4,4,0,0,0,4,90118,90110,89288,625,104,101,0.9907898533034466,116203.09938779366,0.5694114160051013,390444,3221,0.32519551497319765
1643,4,96,0.065984,1341.9559750717835,4,4,0,0,0,4,90122,90114,89292,625,104,101,0.990790262089168,116206.18477566546,0.5693878201115123,390462,3222,0.323134387561922
1644,4,96,0.05513599999999999,1342.0111110717835,4,4,0,0,0,4,90126,90118,89296,625,104,101,0.9907906708386037,116207.47899430635,0.5693634282670091,390477,3225,0.321298595071081
1645,4,96,0.026976,1342.0380870717836,4,4,0,0,0,4,90130,90122,89300,625,104,101,0.9907910795517586,116208.12367574644,0.5693387476334213,390486,3226,0.3204640608865357
1646,4,96,0.05395199999999999,1342.0920390717836,4,4,0,0,0,4,90134,90126,89304,625,104,101,0.9907914882286374,116208.85264163176,0.5693143458389122,390501,3230,0.31883407126043295
1647,4,96,0.023552,1342.1155910717837,4,4,0,0,0,4,90138,90130,89308,625,104,101,0.990791896869245,116209.91294456844,0.5692895545968099,390509,3230,0.3181013005532703
1648,4,96,0.063136,1342.1787270717837,4,4,0,0,0,4,90142,90134,89312,625,104,101,0.9907923054735861,116212.27847970344,0.5692658368759581,390526,3232,0.31608643923207774
1649,4,96,0.049375999999999996,1342.2281030717836,4,4,0,0,0,4,90146,90138,89316,625,104,101,0.9907927140416657,116213.15903237186,0.569241886965373,390540,3235,0.3145912068122564
1650,4,96,0.026527999999999996,1342.2546310717837,4,4,0,0,0,4,90150,90142,89320,625,104,101,0.9907931225734886,116214.35485414816,0.5692171212867548,390549,3235,0.313770676684036
1651,4,96,0.027743999999999998,1342.2823750717837,4,4,0,0,0,4,90154,90146,89324,625,104,101,0.9907935310690597,116215.07582684132,0.56919251043915,390558,3236,0.31288833701825314
1652,4,96,0.032192,1342.3145670717836,4,4,0,0,0,4,90158,90150,89328,625,104,101,0.9907939395283835,116216.83607316282,0.569168042938388,390567,3236,0.31188978563848263
1653,4,96,0.044447999999999994,1342.3590150717837,4,4,0,0,0,4,90162,90154,89332,625,104,101,0.9907943479514651,116218.57807663876,0.5691440121427261,390580,3237,0.3105373314506541
1654,4,96,0.036736,1342.3957510717837,4,4,0,0,0,4,90166,90158,89336,625,104,101,0.9907947563383094,116219.87321953115,0.569119696582203,390591,3238,0.30941375126350434
1655,4,96,0.027136,1342.4228870717836,4,4,0,0,0,4,90170,90162,89340,625,104,101,0.9907951646889209,116221.12934942625,0.5690949551712712,390600,3238,0.3085732825666425
1656,4,96,0.029504,1342.4523910717837,4,4,0,0,0,4,90174,90166,89344,625,104,101,0.9907955730033047,116221.71559874497,0.5690703463482164,390610,3240,0.30765437651185756
1657,4,96,0.032096,1342.4844870717836,4,4,0,0,0,4,90178,90170,89348,625,104,101,0.9907959812814655,116222.70909090745,0.5690457587105333,390620,3241,0.306612615032676
1658,4,96,0.04944,1342.5339270717836,4,4,0,0,0,4,90182,90174,89352,625,104,101,0.9907963895234082,116224.7872128873,0.5690214096427882,390634,3242,0.30511530205379456
1659,4,96,0.051232,1342.5851590717837,4,4,0,0,0,4,90186,90178,89356,625,104,101,0.9907967977291375,116226.88285030924,0.568997392939882,390649,3243,0.30356416251425183
1660,4,96,0.041024,1342.6261830717838,4,4,0,0,0,4,90190,90182,89360,625,104,101,0.9907972058986584,116227.9433900007,0.5689732677335473,390661,3245,0.3023156690838296
1661,4,96,0.044576,1342.6707590717838,4,4,0,0,0,4,90194,90186,89364,625,104,101,0.9907976140319755,116228.50571936577,0.5689493856788356,390674,3248,0.3009625392712799
1662,4,96,0.053312,1342.7240710717838,4,3,1,0,0,4,90198,90190,89367,626,104,101,0.9907869354087674,116227.99007053529,0.5689309845318994,390688,3251,0.299337640922626
1663,4,96,0.040799999999999996,1342.7648710717838,4,4,0,0,0,4,90202,90194,89371,626,104,101,0.9907873439613313,116230.28525867396,0.5689066239361307,390699,3251,0.2980846176689054
1664,4,96,0.04736,1342.8122310717838,4,4,0,0,0,4,90206,90198,89375,626,104,101,0.9907877524776623,116231.76225869247,0.5688826296495622,390713,3253,0.29664777955454463
1665,4,96,0.034943999999999996,1342.8471750717838,4,4,0,0,0,4,90210,90202,89379,626,104,101,0.9907881609577652,116233.3249065787,0.568858166348508,390724,3254,0.2955152288381856
1666,4,96,0.05734399999999999,1342.9045190717839,4,4,0,0,0,4,90214,90206,89383,626,104,101,0.990788569401645,116232.88907232902,0.5688344631439645,390740,3260,0.2935945078087746
1667,4,96,0.045663999999999996,1342.9501830717838,4,4,0,0,0,4,90218,90210,89387,626,104,101,0.9907889778093063,116233.55949284406,0.5688102730411655,390753,3263,0.29220901083924766
1668,4,96,0.035775999999999995,1342.9859590717838,4,4,0,0,0,4,90222,90214,89391,626,104,101,0.9907893861807542,116234.75803715103,0.5687859404801864,390764,3264,0.29111474050293873
1669,4,96,0.045087999999999996,1343.0310470717839,4,3,1,0,0,4,90226,90218,89394,627,104,101,0.9907787112362291,116234.34047958851,0.5687681943567032,390776,3268,0.28973748186421666
1670,4,96,0.035392,1343.0664390717839,4,4,0,0,0,4,90230,90222,89398,627,104,101,0.9907791200265987,116235.50068594646,0.5687437349320658,390787,3269,0.28865449098122586
1671,4,96,0.031104,1343.0975430717838,4,4,0,0,0,4,90234,90226,89402,627,104,101,0.9907795287807256,116236.3945979284,0.5687192479876344,390797,3270,0.2876731272043433
1672,4,96,0.043104,1343.1406470717839,4,4,0,0,0,4,90238,90230,89406,627,104,101,0.9907799374986148,116238.1619083381,0.5686949060434889,390809,3271,0.2863006590143964
1673,4,96,0.07353599999999999,1343.214183071784,4,4,0,0,0,4,90242,90234,89410,627,104,101,0.9907803461802708,116240.04717024033,0.5686717262370858,390828,3275,0.28403828426510175
1674,4,96,0.05215999999999999,1343.266343071784,4,4,0,0,0,4,90246,90238,89414,627,104,101,0.9907807548256986,116242.98993669912,0.5686474633948994,390842,3275,0.28246019819685797
1675,4,96,0.05983999999999999,1343.3261830717838,4,4,0,0,0,4,90250,90242,89418,627,104,101,0.9907811634349031,116245.78004049478,0.568623659007417,390858,3276,0.28065522487000155
1676,4,96,0.06972799999999998,1343.3959110717838,4,3,1,0,0,4,90254,90246,89421,628,104,101,0.9907704921665522,116244.46874742313,0.5686063230559263,390876,3280,0.27855049505987084
1677,4,96,0.07862399999999999,1343.4745350717837,4,4,0,0,0,4,90258,90250,89425,628,104,101,0.990770901194354,116245.53195692351,0.5685833471972901,390896,3286,0.27612676963691896
1678,4,96,0.06428799999999998,1343.5388230717838,4,4,0,0,0,4,90262,90254,89429,628,104,101,0.9907713101859033,116247.41266717778,0.5685592720062995,390913,3289,0.27419102036450826
1679,4,96,0.06915199999999999,1343.6079750717838,4,4,0,0,0,4,90266,90258,89433,628,104,101,0.9907717191412049,116250.36089239878,0.5685360154907588,390931,3291,0.2720294585314822
1680,4,96,0.06883199999999999,1343.6768070717837,4,4,0,0,0,4,90270,90262,89437,628,104,101,0.9907721280602636,116253.88425094314,0.5685128100732216,390948,3292,0.2699436524158786
1681,4,96,0.08294399999999999,1343.7597510717837,4,4,0,0,0,4,90274,90266,89441,628,104,101,0.9907725369430844,116256.38279119336,0.5684897573557138,390969,3296,0.26731336144138723
1682,4,96,0.035936,1343.7956870717837,4,4,0,0,0,4,90278,90270,89445,628,104,101,0.9907729457896719,116257.59592994928,0.568465417684455,390980,3297,0.26616579514521876
1683,4,96,0.037312,1343.8329990717837,4,4,0,0,0,4,90282,90274,89449,628,104,101,0.990773354600031,116258.87450889612,0.5684412247193347,390991,3299,0.26496511502415176
1684,4,96,0.046431999999999994,1343.8794310717838,4,4,0,0,0,4,90286,90278,89453,628,104,101,0.9907737633741666,116260.81059622555,0.5684169537863843,391004,3300,0.2634936512385237
1685,4,96,0.03488,1343.9143110717837,4,4,0,0,0,4,90290,90282,89457,628,104,101,0.9907741721120833,116262.6744225914,0.5683926488948559,391014,3300,0.2624248303072686
1686,4,96,0.031424,1343.9457350717837,4,4,0,0,0,4,90294,90286,89461,628,104,101,0.9907745808137861,116264.35496791403,0.5683682771411096,391023,3300,0.26144538972145603
1687,4,96,0.05337599999999999,1343.9991110717838,4,4,0,0,0,4,90298,90290,89465,628,104,101,0.9907749894792797,116266.06499418584,0.5683443485883248,391038,3302,0.2598297055576734
1688,4,96,0.025056000000000002,1344.0241670717837,4,4,0,0,0,4,90302,90294,89469,628,104,101,0.9907753981085691,116267.27244083394,0.5683196957559395,391046,3302,0.25905260356097076
1689,3,97,0.04874059678945278,1344.0729076685732,4,3,0,1,0,4,90306,90298,89472,628,105,101,0.9907647332403162,116269.3237162807,0.5683018152968226,391059,3302,0.25752705062923353
1690,3,97,0.03984,1344.112747668573,3,3,0,0,0,3,90309,90301,89475,628,105,101,0.9907650400292329,116270.9246460739,0.5682838031974976,391070,3303,0.25628486946723933
1691,3,97,0.03968,1344.1524276685732,3,3,0,0,0,3,90312,90304,89478,628,105,101,0.9907653467977677,116273.10473342836,0.5682655927485514,391081,3303,0.25504028093443765
1692,3,97,0.037632,1344.1900596685732,3,3,0,0,0,3,90315,90307,89481,628,105,101,0.9907656535459226,116275.24164145115,0.5682475272830395,391091,3303,0.25388949140060046
1693,3,97,0.027424,1344.2174836685733,3,3,0,0,0,3,90318,90310,89484,628,105,101,0.9907659602736996,116276.68431556957,0.5682292373795589,391099,3303,0.25304054427210954
1694,3,97,0.028991999999999997,1344.2464756685733,3,3,0,0,0,3,90321,90313,89487,628,105,101,0.9907662669811007,116278.28291107064,0.568210783136447,391107,3303,0.2521324135809344
1695,3,97,0.029728,1344.2762036685733,3,3,0,0,0,3,90324,90316,89490,628,105,101,0.990766573668128,116279.79396899168,0.568192432756621,391116,3303,0.2512150459264974
1696,3,97,0.02864,1344.3048436685733,3,3,0,0,0,3,90327,90319,89493,628,105,101,0.9907668803347837,116280.00652993131,0.5681740221050673,391125,3305,0.2502803354150599
1697,3,97,0.025599999999999998,1344.3304436685733,3,3,0,0,0,3,90330,90322,89496,628,105,101,0.9907671869810694,116281.26755309777,0.5681555415337844,391133,3305,0.24948617683787283
1698,3,97,0.032352,1344.3627956685732,3,3,0,0,0,3,90333,90325,89499,628,105,101,0.9907674936069875,116283.03944714289,0.56813720557734,391142,3305,0.24843164801202877
1699,3,97,0.031776,1344.3945716685732,3,3,0,0,0,3,90336,90328,89502,628,105,101,0.9907678002125399,116284.75396621869,0.5681187428529546,391151,3305,0.24745535390915996
1700,3,97,0.038368,1344.4329396685732,3,3,0,0,0,3,90339,90331,89505,628,105,101,0.9907681067977285,116286.20765461189,0.5681004830085908,391162,3306,0.2462828945089024
1701,3,97,0.034336,1344.4672756685732,3,3,0,0,0,3,90342,90334,89508,628,105,101,0.9907684133625556,116288.01595208255,0.5680821793419886,391172,3306,0.24516926546613643
1702,3,97,0.019327999999999998,1344.4866036685733,3,3,0,0,0,3,90345,90337,89511,628,105,101,0.9907687199070231,116288.97422509483,0.568063591618924,391178,3306,0.2445551798599101
1703,3,97,0.019488,1344.5060916685732,3,3,0,0,0,3,90348,90340,89514,628,105,101,0.990769026431133,116289.9483824292,0.5680450419628247,391184,3306,0.24393112899613217
1704,3,97,0.033184,1344.539275668573,3,3,0,0,0,3,90351,90343,89517,628,105,101,0.9907693329348872,116290.45192618217,0.5680266783640994,391194,3308,0.2428342835988961
1705,3,97,0.029664,1344.568939668573,3,3,0,0,0,3,90354,90346,89520,628,105,101,0.9907696394182881,116291.95602163939,0.5680083921355883,391203,3308,0.2418712958573332
1706,3,97,0.030336,1344.599275668573,3,3,0,0,0,3,90357,90349,89523,628,105,101,0.9907699458813374,116293.52687420517,0.5679901393031583,391212,3308,0.24087592971654911
1707,3,97,0.021407999999999996,1344.620683668573,3,3,0,0,0,3,90360,90352,89526,628,105,101,0.9907702523240371,116294.53116351372,0.5679715745782836,391219,3308,0.24018177726436318
1708,3,97,0.022208,1344.6428916685732,3,3,0,0,0,3,90363,90355,89529,628,105,101,0.9907705587463895,116295.61496878347,0.5679530539886988,391226,3308,0.23948815806677376
1709,3,97,0.027136,1344.670027668573,3,3,0,0,0,3,90366,90358,89532,628,105,101,0.9907708651483965,116296.68303913728,0.5679346361458808,391234,3309,0.238624496128257
1710,3,97,0.018496,1344.688523668573,3,3,0,0,0,3,90369,90361,89535,628,105,101,0.9907711715300601,116297.55831733724,0.5679160679987912,391240,3309,0.23804084863357683
1711,3,97,0.029504,1344.718027668573,3,3,0,0,0,3,90372,90364,89538,628,105,101,0.9907714778913823,116298.6118890231,0.5678977466230043,391248,3310,0.23712068659160268
1712,3,97,0.029088000000000003,1344.747115668573,3,3,0,0,0,3,90375,90367,89541,628,105,101,0.9907717842323651,116300.21896142518,0.567879413609289,391256,3310,0.23618269122754967
1713,3,97,0.026976,1344.7740916685732,3,3,0,0,0,3,90378,90370,89544,628,105,101,0.9907720905530107,116301.6159881116,0.5678609160060766,391264,3310,0.23528711331779156
1714,3,97,0.019296,1344.7933876685731,3,3,0,0,0,3,90381,90373,89547,628,105,101,0.990772396853321,116302.57066563284,0.5678423796186014,391270,3310,0.23467953860027704
1715,3,97,0.036608,1344.829995668573,3,3,0,0,0,3,90384,90376,89550,628,105,101,0.9907727031332979,116304.08639289922,0.5678242071754963,391280,3311,0.233498113764457
1716,3,97,0.06095999999999999,1344.890955668573,3,3,0,0,0,3,90387,90379,89553,628,105,101,0.9907730093929437,116307.73732301574,0.5678065801639752,391295,3311,0.23156524506160442
1717,3,97,0.04636799999999999,1344.937323668573,3,3,0,0,0,3,90390,90382,89556,628,105,101,0.9907733156322602,116310.41926422766,0.5677887913962578,391307,3311,0.23006381455955657
1718,3,97,0.06015999999999999,1344.997483668573,3,3,0,0,0,3,90393,90385,89559,628,105,101,0.9907736218512495,116313.39530338437,0.5677711035087712,391322,3312,0.22815407238481739
1719,3,97,0.04636799999999999,1345.043851668573,3,3,0,0,0,3,90396,90388,89562,628,105,101,0.9907739280499137,116316.07683713667,0.5677529912686275,391334,3312,0.22665264188276954
1720,3,97,0.04636799999999999,1345.0902196685731,3,3,0,0,0,3,90399,90391,89565,628,105,101,0.9907742342282547,116318.7581860131,0.5677352060833988,391346,3312,0.22515121138072175
1721,3,97,0.05043199999999999,1345.1406516685731,3,3,0,0,0,3,90402,90394,89568,628,105,101,0.9907745403862747,116321.08791441977,0.5677173952942837,391359,3313,0.22350405266706141
1722,3,97,0.050527999999999997,1345.191179668573,3,3,0,0,0,3,90405,90397,89571,628,105,101,0.9907748465239754,116324.02171901909,0.5676994260036975,391372,3313,0.22187962443232798
1723,3,97,0.06908799999999998,1345.260267668573,3,3,0,0,0,3,90408,90400,89574,628,105,101,0.9907751526413592,116326.96791915799,0.5676819434147853,391389,3315,0.21968086819439306
1724,3,97,0.025088,1345.2853556685732,3,3,0,0,0,3,90411,90403,89577,628,105,101,0.9907754587384279,116328.17627917023,0.5676634756722682,391397,3315,0.21890174408275764
1725,3,97,0.018847999999999997,1345.304203668573,3,3,0,0,0,3,90414,90406,89580,628,105,101,0.9907757648151835,116328.77647541677,0.5676449005710376,391404,3316,0.21829721993656884
1726,3,97,0.03376,1345.3379636685731,3,3,0,0,0,3,90417,90409,89583,628,105,101,0.9907760708716281,116330.68583988544,0.5676266892827023,391413,3316,0.21723223451871143
1727,3,97,0.017856,1345.355819668573,3,3,0,0,0,3,90420,90412,89586,628,105,101,0.9907763769077638,116331.49662856878,0.5676081205865997,391419,3316,0.2166632818257509
1728,3,97,0.020895999999999998,1345.376715668573,3,3,0,0,0,3,90423,90415,89589,628,105,101,0.9907766829235924,116332.4488801066,0.567589573850918,391426,3316,0.21598630574639213
1729,3,97,0.017183999999999998,1345.393899668573,3,3,0,0,0,3,90426,90418,89592,628,105,101,0.9907769889191161,116333.1928579102,0.5675709851391718,391432,3316,0.21544144984432817
1730,3,97,0.017183999999999998,1345.4110836685732,3,3,0,0,0,3,90429,90421,89595,628,105,101,0.990777294894337,116333.93681670916,0.5675523976722749,391438,3316,0.21489659394226424
1731,3,97,0.017183999999999998,1345.4282676685732,3,3,0,0,0,3,90432,90424,89598,628,105,101,0.9907776008492569,116334.68075650424,0.5675338114501021,391444,3316,0.21435173804020025
1732,3,97,0.032544,1345.4608116685731,3,3,0,0,0,3,90435,90427,89601,628,105,101,0.9907779067838779,116336.46899450316,0.5675155236120695,391453,3316,0.21335200649639824
1733,3,97,0.0224,1345.4832116685732,3,3,0,0,0,3,90438,90430,89604,628,105,101,0.9907782126982021,116337.57050441547,0.5674970005805969,391460,3316,0.21265228316661416
1734,3,97,0.017183999999999998,1345.5003956685732,3,3,0,0,0,3,90441,90433,89607,628,105,101,0.9907785185922314,116338.31435792282,0.5674784180798664,391466,3316,0.2121074272645502
1735,3,97,0.046208,1345.5466036685732,3,3,0,0,0,3,90444,90436,89610,628,105,101,0.9907788244659679,116339.40851487445,0.567460604951918,391480,3319,0.2106468506505853
1736,3,97,0.028575999999999997,1345.5751796685731,3,3,0,0,0,3,90447,90439,89613,628,105,101,0.9907791303194136,116340.65369618249,0.5674421891756795,391489,3320,0.20975343983929085
1737,3,97,0.029023999999999998,1345.604203668573,3,3,0,0,0,3,90450,90442,89616,628,105,101,0.9907794361525705,116342.09195630523,0.56742379427177,391498,3320,0.20881164753542258
1738,3,97,0.030528,1345.634731668573,3,3,0,0,0,3,90453,90445,89619,628,105,101,0.9907797419654406,116342.22892409629,0.5674055145038188,391508,3323,0.20778829821412687
1739,3,97,0.02928,1345.664011668573,3,3,0,0,0,3,90456,90448,89622,628,105,101,0.990780047758026,116343.69251346185,0.5673870731424931,391517,3323,0.20688423455084595
1740,3,97,0.032256,1345.696267668573,3,3,0,0,0,3,90459,90451,89625,628,105,101,0.9907803535303287,116345.45161609976,0.5673689461426533,391526,3323,0.205893092910883
1741,3,97,0.030976,1345.727243668573,3,3,0,0,0,3,90462,90454,89628,628,105,101,0.9907806592823506,116346.48903530734,0.5673508339234847,391535,3324,0.20493866413822512
1742,3,97,0.0248,1345.752043668573,3,3,0,0,0,3,90465,90457,89631,628,105,101,0.9907809650140939,116347.07354645531,0.5673324369442814,391543,3325,0.2041425983803817
1743,3,97,0.01968,1345.771723668573,3,3,0,0,0,3,90468,90460,89634,628,105,101,0.9907812707255604,116347.75589813238,0.5673139026776856,391550,3326,0.20351336682204574
1744,3,97,0.045792,1345.817515668573,3,3,0,0,0,3,90471,90463,89637,628,105,101,0.9907815764167524,116350.10406460008,0.5672958808691773,391563,3327,0.2020607595795212
1745,3,97,0.03168,1345.849195668573,3,3,0,0,0,3,90474,90466,89640,628,105,101,0.9907818820876716,116351.80561386027,0.5672775821768097,391572,3327,0.20108668573294894
1746,3,97,0.028928,1345.878123668573,3,3,0,0,0,3,90477,90469,89643,628,105,101,0.9907821877383203,116353.39429780543,0.5672593432525463,391580,3327,0.2001938510082336
1747,3,97,0.031456,1345.9095796685729,3,3,0,0,0,3,90480,90472,89646,628,105,101,0.9907824933687003,116355.0734504492,0.5672410516481136,391589,3327,0.19916577251496406
1748,3,97,0.038272,1345.9478516685729,3,3,0,0,0,3,90483,90475,89649,628,105,101,0.9907827989788137,116356.82304173238,0.5672230810929914,391599,3328,0.19791543218841495
1749,3,97,0.05184,1345.999691668573,3,3,0,0,0,3,90486,90478,89652,628,105,101,0.9907831045686626,116359.88400996217,0.5672052902084099,391612,3328,0.19625339473409886
1750,3,97,0.027039999999999998,1346.026731668573,3,3,0,0,0,3,90489,90481,89655,628,105,101,0.9907834101382489,116360.69055318367,0.5671870118858195,391620,3329,0.19539080902047457
1751,3,97,0.027264,1346.053995668573,3,3,0,0,0,3,90492,90484,89658,628,105,101,0.9907837156875746,116362.11363289587,0.5671687876093816,391628,3329,0.19448450125496214
1752,3,97,0.02624,1346.0802356685729,3,3,0,0,0,3,90495,90487,89661,628,105,101,0.9907840212166418,116362.84067584052,0.5671505003105111,391636,3330,0.1936634328974341
1753,3,97,0.034624,1346.1148596685728,3,3,0,0,0,3,90498,90490,89664,628,105,101,0.9907843267254525,116364.83385865488,0.5671323370048126,391645,3330,0.19251090222440062
1754,3,97,0.038464,1346.1533236685727,3,3,0,0,0,3,90501,90493,89667,628,105,101,0.9907846322140087,116367.04768005105,0.5671141435094105,391655,3330,0.19130537833127523
1755,3,97,0.046015999999999994,1346.1993396685727,3,3,0,0,0,3,90504,90496,89670,628,105,101,0.9907849376823123,116369.52967052266,0.5670962509971796,391668,3330,0.18984587846988857
1756,3,97,0.031391999999999996,1346.2307316685728,3,3,0,0,0,3,90507,90499,89673,628,105,101,0.9907852431303656,116370.60744098983,0.5670781270145515,391677,3331,0.18885484270963512
1757,3,97,0.033088,1346.2638196685728,3,3,0,0,0,3,90510,90502,89676,628,105,101,0.9907855485581704,116372.44774101484,0.5670599029019433,391686,3331,0.18782673108809284
1758,3,97,0.029216,1346.2930356685727,3,3,0,0,0,3,90513,90505,89679,628,105,101,0.9907858539657287,116373.90363695641,0.5670415383478122,391695,3331,0.18687769696262022
1759,3,97,0.024288,1346.3173236685727,3,3,0,0,0,3,90516,90508,89682,628,105,101,0.9907861593530426,116375.19123134295,0.5670232003562837,391702,3331,0.18610866663513326
1760,3,97,0.037279999999999994,1346.3546036685727,3,3,0,0,0,3,90519,90511,89685,628,105,101,0.990786464720114,116376.69271755274,0.5670048899951053,391712,3332,0.18496721839168526
1761,3,97,0.037568,1346.3921716685727,3,3,0,0,0,3,90522,90514,89688,628,105,101,0.990786770066945,116378.81688350393,0.5669868934090381,391722,3332,0.18378323290061277
1762,3,97,0.065024,1346.4571956685727,3,3,0,0,0,3,90525,90517,89691,628,105,101,0.9907870753935377,116382.10891820448,0.5669694121475799,391738,3333,0.18170463598614758
1763,3,97,0.044607999999999995,1346.5018036685726,3,3,0,0,0,3,90528,90520,89694,628,105,101,0.9907873806998939,116384.01639941127,0.5669515032196956,391750,3334,0.1802555499885108
1764,3,97,0.046495999999999996,1346.5482996685726,3,3,0,0,0,3,90531,90523,89697,628,105,101,0.9907876859860159,116386.54479647978,0.5669336361600295,391763,3334,0.17879535375946498
1765,3,97,0.03862399999999999,1346.5869236685726,3,3,0,0,0,3,90534,90526,89700,628,105,101,0.9907879912519053,116388.12559758245,0.5669157042977141,391774,3335,0.17755603277494797
1766,3,97,0.04144,1346.6283636685725,3,3,0,0,0,3,90537,90529,89703,628,105,101,0.9907882964975645,116389.87877324616,0.5668977472365889,391785,3336,0.17620597112396091
1767,3,97,0.042144,1346.6705076685726,3,3,0,0,0,3,90540,90532,89706,628,105,101,0.9907886017229953,116391.70168756336,0.566879669377996,391796,3337,0.17486013647818216
1768,3,97,0.028224,1346.6987316685725,3,3,0,0,0,3,90543,90535,89709,628,105,101,0.9907889069281999,116393.21870140138,0.5668614750145615,391804,3337,0.17398397838149415
1769,3,97,0.032416,1346.7311476685725,3,3,0,0,0,3,90546,90538,89712,628,105,101,0.99078921211318,116394.99113937217,0.5668431837763074,391813,3337,0.17297783652087842
1770,3,97,0.031903999999999995,1346.7630516685724,3,3,0,0,0,3,90549,90541,89715,628,105,101,0.990789517277938,116396.71269996876,0.566825029301665,391822,3337,0.1719964966744861
1771,3,97,0.06297599999999999,1346.8260276685724,3,3,0,0,0,3,90552,90544,89718,628,105,101,0.9907898224224755,116399.79981035688,0.5668075358864182,391838,3338,0.1699784524899584
1772,3,97,0.028256,1346.8542836685724,3,3,0,0,0,3,90555,90547,89721,628,105,101,0.9907901275467947,116401.31965350649,0.5667891851575044,391846,3338,0.16910551567049498
1773,3,97,0.034623999999999995,1346.8889076685723,3,3,0,0,0,3,90558,90550,89724,628,105,101,0.9907904326508977,116402.55637072856,0.5667710442955646,391856,3339,0.16804107518764536
1774,3,97,0.05043199999999999,1346.9393396685723,3,3,0,0,0,3,90561,90553,89727,628,105,101,0.9907907377347865,116404.2859113311,0.5667534146381136,391869,3341,0.16639391647398497
1775,3,97,0.040448,1346.9797876685723,3,3,0,0,0,3,90564,90556,89730,628,105,101,0.990791042798463,116406.53366550765,0.5667354669797481,391880,3341,0.16509952144500667
1776,3,97,0.019007999999999997,1346.9987956685723,3,3,0,0,0,3,90567,90559,89733,628,105,101,0.9907913478419291,116407.45671355497,0.5667169713366497,391886,3341,0.1644975415759766
1777,3,97,0.023328,1347.0221236685722,3,3,0,0,0,3,90570,90562,89736,628,105,101,0.9907916528651871,116408.64782008663,0.5666985543127661,391893,3341,0.1637707702661068
1778,3,97,0.026656,1347.0487796685723,3,3,0,0,0,3,90573,90565,89739,628,105,101,0.9907919578682389,116410.0085808188,0.5666802062722914,391901,3341,0.1629239259587864
1779,3,97,0.05216,1347.1009396685722,3,3,0,0,0,3,90576,90568,89742,628,105,101,0.9907922628510863,116412.5503754621,0.5666623718607557,391914,3342,0.16125446604463034
1780,3,97,0.023008,1347.123947668572,3,3,0,0,0,3,90579,90571,89745,628,105,101,0.9907925678137317,116413.40076494776,0.5666439478119866,391922,3343,0.16053719758558643
1781,3,97,0.027552,1347.1514996685721,3,3,0,0,0,3,90582,90574,89748,628,105,101,0.9907928727561768,116414.85017726895,0.5666256216210446,391930,3343,0.15967473107630775
1782,3,97,0.023424,1347.174923668572,3,3,0,0,0,3,90585,90577,89751,628,105,101,0.9907931776784236,116415.74174563795,0.5666072695580473,391938,3344,0.1589349094241648
1783,3,97,0.025599999999999998,1347.200523668572,3,3,0,0,0,3,90588,90580,89754,628,105,101,0.9907934825804743,116416.99750302639,0.5665888502681005,391946,3344,0.15813598507198856
1784,3,97,0.020544,1347.221067668572,3,3,0,0,0,3,90591,90583,89757,628,105,101,0.9907937874623307,116417.9122223942,0.5665704040444965,391953,3344,0.15749178484737086
1785,3,97,0.027392,1347.248459668572,3,3,0,0,0,3,90594,90586,89760,628,105,101,0.990794092323995,116418.75177098694,0.566551997913109,391961,3345,0.15658088721692576
1786,3,97,0.019584,1347.2680436685719,3,3,0,0,0,3,90597,90589,89763,628,105,101,0.990794397165469,116419.73157242403,0.5665335595015701,391967,3345,0.15596475993366798
1787,3,97,0.027615999999999998,1347.295659668572,3,3,0,0,0,3,90600,90592,89766,628,105,101,0.990794701986755,116421.1870456001,0.5665153800592454,391975,3345,0.1550502261063859
1788,3,97,0.022016,1347.3176756685718,3,3,0,0,0,3,90603,90595,89769,628,105,101,0.9907950067878547,116422.24757584611,0.5664970253791065,391982,3345,0.1543625036071256
1789,3,97,0.019392,1347.3370676685718,3,3,0,0,0,3,90606,90598,89772,628,105,101,0.9907953115687703,116423.20824100265,0.5664785842369091,391988,3345,0.1537520780343633
1790,3,97,0.028607999999999998,1347.3656756685718,3,3,0,0,0,3,90609,90601,89775,628,105,101,0.9907956163295036,116424.16816218958,0.5664603097184582,391996,3346,0.1528692730424923
1791,3,97,0.030912000000000002,1347.3965876685718,3,3,0,0,0,3,90612,90604,89778,628,105,101,0.990795921070057,116425.78987930968,0.5664419947184539,392005,3346,0.15185680177022165
1792,3,97,0.023584,1347.4201716685718,3,3,0,0,0,3,90615,90607,89781,628,105,101,0.990796225790432,116427.00569469224,0.566423664546977,392012,3346,0.1511220796907971
1793,3,97,0.027392,1347.4475636685718,3,3,0,0,0,3,90618,90610,89784,628,105,101,0.990796530490631,116428.43864949662,0.5664053658953815,392020,3346,0.1502470690297585
1794,3,97,0.029952,1347.4775156685719,3,3,0,0,0,3,90621,90613,89787,628,105,101,0.9907968351706558,116429.96500921813,0.5663871415283918,392029,3346,0.14932304937974333
1795,3,97,0.026944,1347.5044596685718,3,3,0,0,0,3,90624,90616,89790,628,105,101,0.9907971398305084,116431.51373212427,0.5663689034109421,392036,3346,0.14847453920760123
1796,3,97,0.024736,1347.529195668572,3,3,0,0,0,3,90627,90619,89793,628,105,101,0.990797444470191,116432.68324301974,0.5663504811970564,392044,3346,0.14770541602604734
1797,3,97,0.030784000000000002,1347.559979668572,3,3,0,0,0,3,90630,90622,89796,628,105,101,0.9907977490897054,116434.29188108539,0.5663323456611216,392053,3346,0.14675746476654208
1798,3,97,0.024832,1347.584811668572,3,3,0,0,0,3,90633,90625,89799,628,105,101,0.9907980536890536,116435.47080774755,0.5663140973044785,392061,3346,0.14598549072974043
1799,3,97,0.026624000000000002,1347.611435668572,3,3,0,0,0,3,90636,90628,89802,628,105,101,0.9907983582682378,116436.23365525538,0.5662957040678789,392069,3347,0.14515973407692614
1800,3,97,0.023072,1347.634507668572,3,3,0,0,0,3,90639,90631,89805,628,105,101,0.9907986628272598,116437.39835028817,0.5662772942437775,392076,3347,0.14441813861195169
1801,3,97,0.026304,1347.660811668572,3,3,0,0,0,3,90642,90634,89808,628,105,101,0.9907989673661217,116438.12941753096,0.5662590534743144,392084,3348,0.14357740945522682
1802,3,97,0.025568,1347.686379668572,3,3,0,0,0,3,90645,90637,89811,628,105,101,0.9907992718848254,116438.94779035395,0.5662407868443734,392091,3349,0.14274512853716162
1803,3,97,0.020864,1347.7072436685721,3,3,0,0,0,3,90648,90640,89814,628,105,101,0.990799576383373,116439.89355791533,0.5662223710795511,392098,3349,0.14209098985060042
1804,3,97,0.028512,1347.7357556685722,3,3,0,0,0,3,90651,90643,89817,628,105,101,0.9907998808617665,116441.43693594483,0.5662040962067045,392106,3349,0.1411795618819884
1805,3,97,0.0272,1347.7629556685722,3,3,0,0,0,3,90654,90646,89820,628,105,101,0.9908001853200079,116442.85023559617,0.566185715674197,392114,3349,0.1403373040871713
1806,3,97,0.018047999999999998,1347.781003668572,3,3,0,0,0,3,90657,90649,89823,628,105,101,0.9908004897580992,116443.67710541844,0.5661672465929123,392120,3349,0.13976589170434817
1807,3,97,0.035488,1347.816491668572,3,3,0,0,0,3,90660,90652,89826,628,105,101,0.9908007941760424,116444.40394530573,0.5661491100524786,392130,3351,0.1386048349195256
1808,3,97,0.028415999999999997,1347.8449076685722,3,3,0,0,0,3,90663,90655,89829,628,105,101,0.9908010985738394,116445.93759046454,0.5661308767595401,392138,3351,0.1377207888111065
1809,3,97,0.022912,1347.867819668572,3,3,0,0,0,3,90666,90658,89832,628,105,101,0.9908014029514923,116446.4925341074,0.5661125720154457,392145,3352,0.13700496385387537
1810,3,97,0.017183999999999998,1347.8850036685722,3,3,0,0,0,3,90669,90661,89835,628,105,101,0.9908017073090031,116447.2336829959,0.5660940829092259,392151,3352,0.1364601079518114
1811,3,97,0.022656,1347.9076596685723,3,3,0,0,0,3,90672,90664,89838,628,105,101,0.9908020116463737,116448.35673579763,0.5660757759857642,392158,3352,0.1357200419730149
1812,3,97,0.024159999999999997,1347.9318196685722,3,3,0,0,0,3,90675,90667,89841,628,105,101,0.9908023159636062,116449.62876430548,0.5660574788333598,392165,3352,0.13495664721509962
1813,3,97,0.027903999999999998,1347.9597236685722,3,3,0,0,0,3,90678,90670,89844,628,105,101,0.9908026202607028,116451.11144180977,0.5660391807658459,392173,3352,0.13405638162014083
1814,3,97,0.027072,1347.9867956685723,3,3,0,0,0,3,90681,90673,89847,628,105,101,0.990802924537665,116451.91815261326,0.5660208703861614,392181,3353,0.1332186302407969
1815,3,97,0.031904,1348.0186996685723,3,3,0,0,0,3,90684,90676,89850,628,105,101,0.9908032287944951,116452.87712892686,0.5660025897211378,392191,3355,0.13215681168218124
1816,3,97,0.020992,1348.0396916685722,3,3,0,0,0,3,90687,90679,89853,628,105,101,0.9908035330311952,116453.8351283176,0.5659842351318599,392198,3355,0.13149887185528975
1817,3,97,0.030495999999999995,1348.0701876685723,3,3,0,0,0,3,90690,90682,89856,628,105,101,0.9908038372477671,116455.09962022574,0.5659660815545071,392207,3356,0.13051249254615704
1818,3,97,0.02912,1348.0993076685722,3,3,0,0,0,3,90693,90685,89859,628,105,101,0.9908041414442129,116456.70248990068,0.5659477596792818,392215,3356,0.1295532372385112
1819,3,97,0.04208,1348.1413876685722,3,3,0,0,0,3,90696,90688,89862,628,105,101,0.9908044456205345,116458.51498670671,0.5659297427820366,392226,3357,0.12818533566419676
1820,3,97,0.035904,1348.1772916685723,3,3,0,0,0,3,90699,90691,89865,628,105,101,0.990804749776734,116459.87584146169,0.5659117808572653,392236,3358,0.12702566953440264
1821,3,97,0.028128,1348.2054196685722,3,3,0,0,0,3,90702,90694,89868,628,105,101,0.9908050539128134,116461.38022394135,0.5658934540837333,392244,3358,0.12609603071405467
1822,3,97,0.022848,1348.2282676685722,3,3,0,0,0,3,90705,90697,89871,628,105,101,0.9908053580287746,116462.52178907653,0.5658751057455211,392251,3358,0.12534807328871966
1823,3,97,0.028768,1348.2570356685721,3,3,0,0,0,3,90708,90700,89874,628,105,101,0.9908056621246196,116464.08944725836,0.565856958378558,392259,3358,0.1244222620108185
1824,3,97,0.036928,1348.2939636685721,3,3,0,0,0,3,90711,90703,89877,628,105,101,0.9908059662003506,116465.55145343655,0.565838931853236,392269,3359,0.12323324099833186
1825,3,97,0.025728,1348.3196916685722,3,3,0,0,0,3,90714,90706,89880,628,105,101,0.9908062702559693,116466.9780989896,0.565820663718648,392276,3359,0.1224032593475074
1826,3,97,0.02256,1348.3422516685723,3,3,0,0,0,3,90717,90709,89883,628,105,101,0.9908065742914779,116468.09095069488,0.5658023736623262,392283,3359,0.12166562911827092
1827,3,97,0.039456,1348.3817076685723,3,3,0,0,0,3,90720,90712,89886,628,105,101,0.9908068783068783,116470.23621489343,0.5657844297971838,392294,3359,0.1204010289697149
1828,3,97,0.028608,1348.4103156685724,3,3,0,0,0,3,90723,90715,89889,628,105,101,0.9908071823021726,116471.78768587971,0.5657661781264498,392302,3359,0.1194876011006171
1829,3,97,0.020864,1348.4311796685724,3,3,0,0,0,3,90726,90718,89892,628,105,101,0.9908074862773626,116472.89262370982,0.5657477945364129,392308,3359,0.11882736834845735
1830,3,97,0.024768000000000002,1348.4559476685724,3,3,0,0,0,3,90729,90721,89895,628,105,101,0.9908077902324505,116474.22392370415,0.5657295221683742,392315,3359,0.11804540764870707
1831,3,97,0.034592,1348.4905396685724,3,3,0,0,0,3,90732,90724,89898,628,105,101,0.9908080941674382,116474.86087562986,0.5657113845044917,392325,3361,0.1169111601760248
1832,3,97,0.031872,1348.5224116685724,3,3,0,0,0,3,90735,90727,89901,628,105,101,0.9908083980823277,116475.98189017222,0.5656933925656396,392334,3362,0.11584513834515234
1833,3,97,0.032832,1348.5552436685725,3,3,0,0,0,3,90738,90730,89904,628,105,101,0.9908087019771209,116477.63095910952,0.5656753655221386,392344,3362,0.11481265684225044
1834,3,97,0.027232,1348.5824756685724,3,3,0,0,0,3,90741,90733,89907,628,105,101,0.99080900585182,116478.5000799641,0.5656570837728001,392352,3363,0.11393326676094186
1835,3,97,0.025376000000000003,1348.6078516685725,3,3,0,0,0,3,90744,90736,89910,628,105,101,0.9908093097064269,116479.29811890525,0.5656387836683342,392359,3364,0.11313359326743559
1836,3,97,0.035232,1348.6430836685724,3,3,0,0,0,3,90747,90739,89913,628,105,101,0.9908096135409435,116480.31262110027,0.5656207004602083,392369,3366,0.11199454738865873
1837,3,97,0.026912,1348.6699956685725,3,3,0,0,0,3,90750,90742,89916,628,105,101,0.9908099173553719,116481.69567390987,0.5656023526106311,392377,3366,0.11116206601939155
1838,3,97,0.034111999999999996,1348.7041076685725,3,3,0,0,0,3,90753,90745,89919,628,105,101,0.9908102211497141,116483.63129224328,0.5655842262724928,392386,3366,0.11010689735476653
1839,3,97,0.040768,1348.7448756685726,3,3,0,0,0,3,90756,90748,89922,628,105,101,0.9908105249239719,116485.31225901497,0.565566450602245,392397,3367,0.10886346942675873
1840,3,97,0.04464,1348.7895156685727,3,3,0,0,0,3,90759,90751,89925,628,105,101,0.9908108286781476,116486.62313490792,0.5655485601102458,392409,3369,0.10743140910429115
1841,3,97,0.040736,1348.8302516685726,3,3,0,0,0,3,90762,90754,89928,628,105,101,0.9908111324122431,116488.3007373469,0.5655305693974362,392420,3370,0.10616336257322317
1842,3,97,0.033151999999999994,1348.8634036685726,3,3,0,0,0,3,90765,90757,89931,628,105,101,0.9908114361262601,116490.14093839856,0.5655125400321515,392429,3370,0.10514507777157474
1843,3,97,0.022784,1348.8861876685726,3,3,0,0,0,3,90768,90760,89934,628,105,101,0.990811739820201,116491.27512499105,0.5654941621020994,392436,3370,0.10442981608271835
1844,3,97,0.0224,1348.9085876685726,3,3,0,0,0,3,90771,90763,89937,628,105,101,0.9908120434940675,116492.37126705043,0.5654758305852873,392443,3370,0.10373073994659476
1845,3,97,0.039136,1348.9477236685727,3,3,0,0,0,3,90774,90766,89940,628,105,101,0.9908123471478617,116494.48324997467,0.5654578656905468,392454,3370,0.10250437568459797
1846,3,97,0.025023999999999998,1348.9727476685728,3,3,0,0,0,3,90777,90769,89943,628,105,101,0.9908126507815856,116495.83897940234,0.5654395458575605,392461,3370,0.10172012195590392
1847,3,97,0.028415999999999997,1349.0011636685729,3,3,0,0,0,3,90780,90772,89946,628,105,101,0.9908129543952412,116497.37022659114,0.5654213350446416,392469,3370,0.10084297718775526
1848,3,97,0.04636799999999999,1349.047531668573,3,3,0,0,0,3,90783,90775,89949,628,105,101,0.9908132579888305,116500.0374787471,0.5654035413265752,392481,3370,0.09934343848256111
1849,3,97,0.037312,1349.0848436685728,3,3,0,0,0,3,90786,90778,89952,628,105,101,0.9908135615623554,116502.12863751657,0.5653853852237072,392491,3370,0.09816863272135397
1850,3,97,0.031776,1349.1166196685729,3,3,0,0,0,3,90789,90781,89955,628,105,101,0.990813865115818,116503.83199534858,0.5653672694625278,392500,3370,0.09719233861848517
1851,3,97,0.037568,1349.1541876685728,3,3,0,0,0,3,90792,90784,89958,628,105,101,0.9908141686492202,116505.94827239512,0.5653493815042628,392510,3370,0.09600835312741267
1852,3,97,0.04636799999999999,1349.2005556685729,3,3,0,0,0,3,90795,90787,89961,628,105,101,0.990814472162564,116508.61492723408,0.565331592559212,392522,3370,0.09459872902688538
1853,3,97,0.035264,1349.235819668573,3,3,0,0,0,3,90798,90790,89964,628,105,101,0.9908147756558514,116509.98714117637,0.5653136205490868,392532,3371,0.09348387200613206
1854,3,97,0.03168,1349.267499668573,3,3,0,0,0,3,90801,90793,89967,628,105,101,0.9908150791290845,116511.68062568402,0.5652956088336484,392541,3371,0.09249582099661513
1855,3,97,0.032479999999999995,1349.299979668573,3,3,0,0,0,3,90804,90796,89970,628,105,101,0.9908153825822651,116513.45317489421,0.5652773525485788,392550,3371,0.0914942826366166
1856,3,97,0.055999999999999994,1349.3559796685731,3,3,0,0,0,3,90807,90799,89973,628,105,101,0.9908156860153953,116516.15909288562,0.5652599279523236,392564,3372,0.08968366611544022
1857,3,97,0.030176,1349.386155668573,3,3,0,0,0,3,90810,90802,89976,628,105,101,0.990815989428477,116517.86357782758,0.5652417540956833,392572,3372,0.08872406472887633
1858,3,97,0.022816,1349.408971668573,3,3,0,0,0,3,90813,90805,89979,628,105,101,0.9908162928215123,116519.00002234278,0.5652234487977416,392579,3372,0.08797725476977448
1859,3,97,0.017183999999999998,1349.426155668573,3,3,0,0,0,3,90816,90808,89982,628,105,101,0.9908165961945031,116519.73940144805,0.5652050195398054,392585,3372,0.08743239886771051
1860,3,97,0.023136,1349.449291668573,3,3,0,0,0,3,90819,90811,89985,628,105,101,0.9908168995474516,116520.59915906648,0.5651867529598217,392593,3373,0.08670109244321503
1861,3,97,0.021248,1349.470539668573,3,3,0,0,0,3,90822,90814,89988,628,105,101,0.9908172028803593,116520.98758570764,0.5651684164771785,392600,3374,0.08601050832953852
1862,3,97,0.024512,1349.495051668573,3,3,0,0,0,3,90825,90817,89991,628,105,101,0.9908175061932287,116522.1315969809,0.5651501491349926,392608,3374,0.08522674157929949
1863,3,97,0.024287999999999997,1349.5193396685731,3,3,0,0,0,3,90828,90820,89994,628,105,101,0.9908178094860616,116523.41346854577,0.5651318154506512,392615,3374,0.08443365515144116
1864,3,97,0.017183999999999998,1349.5365236685732,3,3,0,0,0,3,90831,90823,89997,628,105,101,0.9908181127588599,116524.15273098546,0.5651133923189071,392621,3374,0.0838887992493772
1865,3,97,0.017183999999999998,1349.5537076685732,3,3,0,0,0,3,90834,90826,90000,628,105,101,0.9908184160116256,116524.89197459896,0.5650949704153718,392627,3374,0.08334394334731324
1866,3,97,0.018784,1349.5724916685733,3,3,0,0,0,3,90837,90829,90003,628,105,101,0.9908187192443608,116525.78944134241,0.565076585294293,392633,3374,0.08275157319112003
1867,3,97,0.028896,1349.6013876685734,3,3,0,0,0,3,90840,90832,90006,628,105,101,0.9908190224570673,116527.36684842553,0.565058534176622,392641,3374,0.08184668771749387
1868,3,97,0.019552,1349.6209396685733,3,3,0,0,0,3,90843,90835,90009,628,105,101,0.9908193256497474,116527.9667627419,0.5650401685604753,392648,3375,0.08123181772143964
1869,3,97,0.021248,1349.6421876685733,3,3,0,0,0,3,90846,90838,90012,628,105,101,0.9908196288224027,116528.35502399145,0.5650217967028686,392655,3376,0.08054123360776311
1870,3,97,0.017183999999999998,1349.6593716685734,3,3,0,0,0,3,90849,90841,90015,628,105,101,0.9908199319750355,116529.094156226,0.5650033809218173,392661,3376,0.07999637770569915
1871,3,97,0.018047999999999998,1349.6774196685733,3,3,0,0,0,3,90852,90844,90018,628,105,101,0.9908202351076476,116529.91871096216,0.5649849951624806,392667,3376,0.07942054021533958
1872,3,97,0.026591999999999998,1349.7040116685732,3,3,0,0,0,3,90855,90847,90021,628,105,101,0.9908205382202411,116531.26807081135,0.5649667442862772,392675,3376,0.07857046976826913
1873,3,97,0.024672000000000003,1349.7286836685732,3,3,0,0,0,3,90858,90850,90024,628,105,101,0.9908208413128178,116532.42751905683,0.5649485436800603,392683,3376,0.07778214877376778
1874,3,97,0.028319999999999998,1349.7570036685731,3,3,0,0,0,3,90861,90853,90027,628,105,101,0.9908211443853798,116533.94764575156,0.5649303951160489,392691,3376,0.0768864309255637
1875,3,97,0.021567999999999997,1349.778571668573,3,3,0,0,0,3,90864,90856,90030,628,105,101,0.9908214474379292,116534.96010501405,0.5649120344992926,392698,3376,0.07618456933070608
1876,3,97,0.031135999999999997,1349.809707668573,3,3,0,0,0,3,90867,90859,90033,628,105,101,0.9908217504704678,116536.59853409749,0.5648938890721191,392707,3376,0.0751659936882624
1877,3,97,0.04060799999999999,1349.850315668573,3,3,0,0,0,3,90870,90862,90036,628,105,101,0.9908220534829977,116537.50802887071,0.5648761749043592,392719,3378,0.07383071964118065
1878,3,97,0.028192,1349.878507668573,3,3,0,0,0,3,90873,90865,90039,628,105,101,0.9908223564755207,116538.48780191409,0.5648580716861322,392727,3379,0.0729596460537866
1879,3,97,0.026496000000000002,1349.905003668573,3,3,0,0,0,3,90876,90868,90042,628,105,101,0.990822659448039,116539.4954255791,0.5648398676773778,392736,3380,0.07212694075964197
1880,3,97,0.017664,1349.922667668573,3,3,0,0,0,3,90879,90871,90045,628,105,101,0.9908229624005546,116540.2817271786,0.5648214747544588,392742,3380,0.07156789281149889
1881,3,97,0.02416,1349.946827668573,3,3,0,0,0,3,90882,90874,90048,628,105,101,0.9908232653330693,116541.55021180214,0.5648032429717931,392749,3380,0.07081605730323319
1882,3,97,0.02768,1349.9745076685729,3,3,0,0,0,3,90885,90877,90051,628,105,101,0.990823568245585,116543.00663181524,0.5647851915024021,392757,3380,0.06995950789408152
1883,3,97,0.017344,1349.991851668573,3,3,0,0,0,3,90888,90880,90054,628,105,101,0.990823871138104,116543.7612127349,0.5647667951322717,392763,3380,0.06940992130999117
1884,3,97,0.031583999999999994,1350.023435668573,3,3,0,0,0,3,90891,90883,90057,628,105,101,0.9908241740106282,116544.85088407465,0.5647487624249128,392772,3381,0.06843701128644823
1885,3,97,0.051871999999999995,1350.075307668573,3,3,0,0,0,3,90894,90886,90060,628,105,101,0.9908244768631593,116545.96088548453,0.564731022635567,392786,3384,0.06672846249318912
1886,3,97,0.023456,1350.098763668573,3,3,0,0,0,3,90897,90889,90063,628,105,101,0.9908247796956995,116547.15953700917,0.5647127656353658,392793,3384,0.06599816385569149
1887,3,97,0.041791999999999996,1350.140555668573,3,3,0,0,0,3,90900,90892,90066,628,105,101,0.9908250825082509,116549.08619649489,0.5646949532595733,392804,3385,0.06466428001833034
1888,3,97,0.037792,1350.178347668573,3,3,0,0,0,3,90903,90895,90069,628,105,101,0.9908253853008152,116551.2217491346,0.5646770226952171,392814,3385,0.06344816953902843
1889,3,97,0.028384,1350.206731668573,3,3,0,0,0,3,90906,90898,90072,628,105,101,0.9908256880733946,116552.74730079537,0.5646589867438749,392822,3385,0.0625109616274383
1890,3,97,0.026912,1350.233643668573,3,3,0,0,0,3,90909,90901,90075,628,105,101,0.9908259908259909,116554.12730822843,0.564640703312274,392830,3385,0.06161727599049076
1891,3,97,0.025727999999999997,1350.259371668573,3,3,0,0,0,3,90912,90904,90078,628,105,101,0.9908262935586061,116555.39024737063,0.564622512752413,392838,3385,0.060771567676386876
1892,3,97,0.028672,1350.288043668573,3,3,0,0,0,3,90915,90907,90081,628,105,101,0.9908265962712424,116556.78411578239,0.564604506350625,392847,3385,0.059814771396614994
1893,3,97,0.027679999999999996,1350.315723668573,3,3,0,0,0,3,90918,90910,90084,628,105,101,0.9908268989639015,116558.2398554892,0.5645862521361111,392855,3385,0.05889837848594089
1894,3,97,0.027648,1350.343371668573,3,3,0,0,0,3,90921,90913,90087,628,105,101,0.9908272016365856,116559.69237328996,0.5645680978863569,392863,3385,0.057978301125630446
1895,3,97,0.026528,1350.369899668573,3,3,0,0,0,3,90924,90916,90090,628,105,101,0.9908275042892966,116561.0341571087,0.5645499079048397,392871,3385,0.05713052561102632
1896,3,97,0.023711999999999997,1350.393611668573,3,3,0,0,0,3,90927,90919,90093,628,105,101,0.9908278069220363,116561.50520847668,0.5645316147093092,392879,3387,0.056361840017226175
1897,3,97,0.032704,1350.426315668573,3,3,0,0,0,3,90930,90922,90096,628,105,101,0.990828109534807,116562.70480931005,0.5645134232470318,392888,3388,0.055347236147898084
1898,3,97,0.024672,1350.450987668573,3,3,0,0,0,3,90933,90925,90099,628,105,101,0.9908284121276104,116563.43061495267,0.5644952432959672,392895,3389,0.05454708428436162
1899,3,97,0.051232,1350.502219668573,3,3,0,0,0,3,90936,90928,90102,628,105,101,0.9908287147004486,116565.82100148867,0.5644775646110202,392908,3390,0.052902471647663415
1900,3,97,0.032352,1350.5345716685729,3,3,0,0,0,3,90939,90931,90105,628,105,101,0.9908290172533236,116566.82568703129,0.5644594776254472,392918,3391,0.051883117698175434
1901,3,97,0.033504,1350.5680756685729,3,3,0,0,0,3,90942,90934,90108,628,105,101,0.9908293197862373,116567.94413866612,0.5644414618047201,392928,3393,0.050845047347151125
1902,3,97,0.04454399999999999,1350.612619668573,3,3,0,0,0,3,90945,90937,90111,628,105,101,0.9908296222991918,116570.42567737491,0.5644237241752783,392940,3393,0.049429389208559986
1903,3,97,0.026848,1350.639467668573,3,3,0,0,0,3,90948,90940,90114,628,105,101,0.9908299247921889,116571.20628332983,0.5644056574784971,392948,3394,0.04859762188774711
1904,3,97,0.023744,1350.663211668573,3,3,0,0,0,3,90951,90943,90117,628,105,101,0.9908302272652307,116572.04745029742,0.5643875014356458,392956,3395,0.04781753540788336
1905,3,97,0.020575999999999997,1350.683787668573,3,3,0,0,0,3,90954,90946,90120,628,105,101,0.9908305297183192,116572.96062743253,0.5643691658647898,392963,3395,0.047151048085103404
1906,3,97,0.027968,1350.711755668573,3,3,0,0,0,3,90957,90949,90123,628,105,101,0.9908308321514562,116574.44405824503,0.5643511294186129,392971,3395,0.04628608301655974
1907,3,97,0.039904,1350.751659668573,3,3,0,0,0,3,90960,90952,90126,628,105,101,0.9908311345646438,116576.18250762431,0.5643332990419239,392982,3396,0.04498646915872322
1908,3,97,0.040479999999999995,1350.7921396685729,3,3,0,0,0,3,90963,90955,90129,628,105,101,0.990831436957884,116578.42193147293,0.5643153810905616,392993,3396,0.04369036048803717
1909,3,97,0.03264,1350.8247796685728,3,3,0,0,0,3,90966,90958,90132,628,105,101,0.9908317393311786,116579.3064875798,0.5642974185324856,393003,3398,0.04267679035327295
1910,3,97,0.021311999999999998,1350.8460916685729,3,3,0,0,0,3,90969,90961,90135,628,105,101,0.9908320416845299,116580.29213785361,0.5642791376494013,393010,3398,0.042009820624769004
1911,3,97,0.02176,1350.867851668573,3,3,0,0,0,3,90972,90964,90138,628,105,101,0.9908323440179396,116581.32200383299,0.5642609240152606,393017,3398,0.041329667216750895
1912,3,97,0.02448,1350.892331668573,3,3,0,0,0,3,90975,90967,90141,628,105,101,0.9908326463314098,116582.62047092487,0.5642426892285015,393024,3398,0.040568805955550076
1913,3,97,0.036704,1350.929035668573,3,3,0,0,0,3,90978,90970,90144,628,105,101,0.9908329486249423,116584.646448179,0.5642246501886441,393034,3398,0.03944553735101206
1914,3,97,0.027904,1350.956939668573,3,3,0,0,0,3,90981,90973,90147,628,105,101,0.9908332508985392,116584.93870177638,0.564206639682562,393042,3400,0.038583667671699046
1915,3,97,0.022463999999999998,1350.979403668573,3,3,0,0,0,3,90984,90976,90150,628,105,101,0.9908335531522026,116586.037930923,0.564188439049614,393049,3400,0.03788110765012462
1916,3,97,0.027263999999999997,1351.006667668573,3,3,0,0,0,3,90987,90979,90153,628,105,101,0.9908338553859343,116586.85909508777,0.5641701980985823,393057,3401,0.03703699492059277
1917,3,97,0.024512,1351.031179668573,3,3,0,0,0,3,90990,90982,90156,628,105,101,0.9908341575997363,116588.16048837634,0.5641519917259004,393064,3401,0.03626880548124999
1918,3,97,0.044736,1351.075915668573,3,3,0,0,0,3,90993,90985,90159,628,105,101,0.9908344597936105,116588.88310658088,0.56413434735189,393076,3404,0.034805723004934785
1919,3,97,0.01968,1351.0955956685732,3,3,0,0,0,3,90996,90988,90162,628,105,101,0.990834761967559,116589.86714559686,0.5641160642372379,393082,3404,0.03417412527279178
1920,3,97,0.028096,1351.1236916685732,3,3,0,0,0,3,90999,90991,90165,628,105,101,0.9908350641215837,116590.77031316042,0.5640979573073436,393090,3405,0.0333052926850808
1921,3,97,0.02864,1351.1523316685732,3,3,0,0,0,3,91002,90994,90168,628,105,101,0.9908353662556867,116592.15937958486,0.5640797305637856,393099,3405,0.032421719949928846
1922,3,97,0.031136000000000004,1351.1834676685733,3,3,0,0,0,3,91005,90997,90171,628,105,101,0.9908356683698698,116593.79482479155,0.5640617002177442,393108,3405,0.031435730936819783
1923,2,98,0.018737249542166275,1351.2022049181155,3,2,0,1,0,3,91008,91000,90173,628,106,101,0.990824982419128,116593.65817090803,0.5640495453563336,393114,3406,0.03083448132313278
1924,2,98,0.01312,1351.2153249181156,2,2,0,0,0,2,91010,91002,90175,628,106,101,0.9908251840457093,116594.0062214342,0.5640372849015807,393119,3407,0.030399315593487984
1925,2,98,0.014783999999999999,1351.2301089181155,2,2,0,0,0,2,91012,91004,90177,628,106,101,0.990825385663429,116594.6665635966,0.564025061895865,393124,3407,0.029924988459379225
1926,2,98,0.029887999999999998,1351.2599969181156,2,2,0,0,0,2,91014,91006,90179,628,106,101,0.9908255872722878,116596.33849839146,0.5640131091181626,393132,3407,0.02892483175526121
1927,2,98,0.018847999999999997,1351.2788449181155,2,2,0,0,0,2,91016,91008,90181,628,106,101,0.9908257888722862,116597.40000558324,0.5640009194813781,393137,3407,0.028297677888118836
1928,2,98,0.028416,1351.3072609181156,2,2,0,0,0,2,91018,91010,90183,628,106,101,0.9908259904634248,116598.92650391645,0.5639888609641899,393145,3407,0.027391515491198934
1929,2,98,0.031456,1351.3387169181156,2,2,0,0,0,2,91020,91012,90185,628,106,101,0.9908261920457042,116600.75303647782,0.5639769019783435,393153,3407,0.026362146759285783
1930,2,98,0.019648,1351.3583649181155,2,2,0,0,0,2,91022,91014,90187,628,106,101,0.9908263936191251,116601.89339157855,0.5639647696619277,393158,3407,0.025703940062507147
1931,2,98,0.029184,1351.3875489181155,2,2,0,0,0,2,91024,91016,90189,628,106,101,0.9908265951836878,116603.49551551774,0.5639527865491761,393166,3407,0.02475604143314904
1932,2,98,0.032959999999999996,1351.4205089181155,2,2,0,0,0,2,91026,91018,90191,628,106,101,0.9908267967393931,116605.31045673821,0.5639408398029406,393175,3407,0.023682009302354416
1933,2,98,0.022848,1351.4433569181156,2,2,0,0,0,2,91028,91020,90193,628,106,101,0.9908269982862415,116606.60670186584,0.5639287814714045,393181,3407,0.02295795690760395
1934,2,98,0.023488000000000002,1351.4668449181156,2,2,0,0,0,2,91030,91022,90195,628,106,101,0.9908271998242337,116607.96607226304,0.5639167350278148,393187,3407,0.0221628429874473
1935,2,98,0.021183999999999998,1351.4880289181156,2,2,0,0,0,2,91032,91024,90197,628,106,101,0.9908274013533702,116609.0979926456,0.5639045514642076,393193,3407,0.02143851576704375
1936,2,98,0.016,1351.5040289181156,2,2,0,0,0,2,91034,91026,90199,628,106,101,0.9908276028736516,116609.87805279308,0.5638923613454752,393198,3407,0.020900078076413683
1937,2,98,0.019648,1351.5236769181156,2,2,0,0,0,2,91036,91028,90201,628,106,101,0.9908278043850784,116610.26639161761,0.5638801618339473,393204,3408,0.020230829235202273
1938,2,98,0.015008,1351.5386849181157,2,2,0,0,0,2,91038,91030,90203,628,106,101,0.9908280058876513,116610.94851276759,0.5638679114238689,393209,3408,0.019749850105515426
1939,2,98,0.011456,1351.5501409181156,2,2,0,0,0,2,91040,91032,90205,628,106,101,0.9908282073813708,116611.43987816627,0.5638556221800413,393213,3408,0.01937435261999545
1940,2,98,0.011456,1351.5615969181156,2,2,0,0,0,2,91042,91034,90207,628,106,101,0.9908284088662376,116611.93123523523,0.5638433334811489,393217,3408,0.01899885513447547
1941,2,98,0.016576,1351.5781729181156,2,2,0,0,0,2,91044,91036,90209,628,106,101,0.9908286103422521,116612.76806483969,0.5638311588413281,393222,3408,0.018471312035741982
1942,2,98,0.021183999999999998,1351.5993569181155,2,2,0,0,0,2,91046,91038,90211,628,106,101,0.9908288118094151,116613.8998167257,0.5638189790657541,393228,3408,0.017806927885116338
1943,2,98,0.044703999999999994,1351.6440609181154,2,2,0,0,0,2,91048,91040,90213,628,106,101,0.9908290132677269,116615.96167036245,0.5638072222970538,393239,3409,0.016329127587999967
1944,2,98,0.0288,1351.6728609181155,2,2,0,0,0,2,91050,91042,90215,628,106,101,0.9908292147171883,116617.52525898289,0.5637951861848638,393247,3409,0.015406237879023255
1945,2,98,0.025792000000000002,1351.6986529181154,2,2,0,0,0,2,91052,91044,90217,628,106,101,0.9908294161578,116618.35991305768,0.5637832126788838,393254,3410,0.014602054959246675
1946,1,99,0.017422878968589274,1351.716075797084,2,1,0,1,0,2,91054,91046,90218,628,107,101,0.9908186350956575,116618.22983576302,0.5637770856653637,393258,3410,0.01402294032225337
1947,1,99,0.005728,1351.721803797084,1,1,0,0,0,1,91055,91047,90219,628,107,101,0.9908187359288342,116618.47545640667,0.5637709112588778,393260,3410,0.013817543866516005
1948,1,99,0.006208,1351.728011797084,1,1,0,0,0,1,91056,91048,90220,628,107,101,0.9908188367597962,116618.7684387973,0.5637647423095944,393262,3410,0.013594935417281096
1949,1,99,0.007296,1351.735307797084,1,1,0,0,0,1,91057,91049,90221,628,107,101,0.9908189375885434,116619.16877565492,0.5637585855563397,393264,3410,0.01333331311611842
1950,1,99,0.005728,1351.7410357970841,1,1,0,0,0,1,91058,91050,90222,628,107,101,0.9908190384150761,116619.41438882523,0.5637524115602119,393266,3410,0.013127916660381055
1951,1,99,0.024383999999999996,1351.7654197970842,1,1,0,0,0,1,91059,91051,90223,628,107,101,0.9908191392393942,116620.26982733743,0.5637464444774875,393272,3411,0.012253547390705798
1952,1,99,0.009792,1351.7752117970842,1,1,0,0,0,1,91060,91052,90224,628,107,101,0.9908192400614979,116620.16482046874,0.5637403157962324,393275,3412,0.01190242272335589
1953,1,99,0.005728,1351.7809397970843,1,1,0,0,0,1,91061,91053,90225,628,107,101,0.9908193408813872,116620.41042216805,0.5637341422078823,393277,3412,0.011697026267618526
1954,1,99,0.009792,1351.7907317970844,1,1,0,0,0,1,91062,91054,90226,628,107,101,0.9908194416990622,116620.30541548651,0.5637280137988285,393280,3413,0.011345901600268618
1955,1,99,0.024383999999999996,1351.8151157970844,1,1,0,0,0,1,91063,91055,90227,628,107,101,0.9908195425145229,116621.1608064784,0.5637220472510447,393286,3414,0.01047153233059336
1956,1,99,0.015456,1351.8305717970845,1,1,0,0,0,1,91064,91056,90228,628,107,101,0.9908196433277695,116622.04664481018,0.5637159818861875,393290,3414,0.009917306139972428
1957,1,99,0.017248,1351.8478197970846,1,1,0,0,0,1,91065,91057,90229,628,107,101,0.9908197441388019,116622.94948529384,0.563709936516351,393295,3414,0.009298821840293998
1958,1,99,0.024383999999999996,1351.8722037970847,1,1,0,0,0,1,91066,91058,90230,628,107,101,0.9908198449476204,116623.8047924719,0.563703970367292,393301,3415,0.00842445257061874
1959,1,99,0.021439999999999997,1351.8936437970847,1,1,0,0,0,1,91067,91059,90231,628,107,101,0.9908199457542249,116624.36961917166,0.563697971723107,393307,3416,0.007655650194395088
1960,1,99,0.021887999999999998,1351.9155317970847,1,1,0,0,0,1,91068,91060,90232,628,107,101,0.9908200465586156,116624.9786260056,0.5636919781768617,393313,3417,0.006870783290907056
1961,1,99,0.017984,1351.9335157970847,1,1,0,0,0,1,91069,91061,90233,628,107,101,0.9908201473607924,116625.95398194506,0.5636859414976949,393318,3417,0.006225907267865721
1962,1,99,0.015456,1351.9489717970848,1,1,0,0,0,1,91070,91062,90234,628,107,101,0.9908202481607554,116626.83968790011,0.5636798769362814,393322,3417,0.0056716810772447866
1963,1,99,0.015456,1351.964427797085,1,1,0,0,0,1,91071,91063,90235,628,107,101,0.9908203489585049,116627.72537360393,0.5636738125092849,393326,3417,0.005117454886623853
1964,1,99,0.020319999999999998,1351.984747797085,1,1,0,0,0,1,91072,91064,90236,628,107,101,0.9908204497540407,116628.93110068262,0.5636678021197996,393331,3417,0.004388813828561134
1965,1,99,0.005728,1351.990475797085,1,1,0,0,0,1,91073,91065,90237,628,107,101,0.9908205505473631,116629.17662717751,0.5636616301560242,393333,3417,0.004183417372823769
1966,1,99,0.005728,1351.9962037970852,1,1,0,0,0,1,91074,91066,90238,628,107,101,0.990820651338472,116629.42215159196,0.5636554583290417,393335,3417,0.003978020917086405
1967,1,99,0.005728,1352.0019317970853,1,1,0,0,0,1,91075,91067,90239,628,107,101,0.9908207521273675,116629.66767392599,0.5636492866388477,393337,3417,0.0037726244613490406
1968,1,99,0.005728,1352.0076597970854,1,1,0,0,0,1,91076,91068,90240,628,107,101,0.9908208529140498,116629.91319417962,0.5636431150854377,393339,3417,0.0035672280056116765
1969,1,99,0.021279999999999997,1352.0289397970853,1,1,0,0,0,1,91077,91069,90241,628,107,101,0.9908209536985189,116629.87038107772,0.5636371160073227,393345,3419,0.0028041629605538706
1970,1,99,0.005728,1352.0346677970854,1,1,0,0,0,1,91078,91070,90242,628,107,101,0.9908210544807747,116630.11589556812,0.5636309447255571,393347,3419,0.0025987665048165065
1971,1,99,0.0232,1352.0578677970855,1,1,0,0,0,1,91079,91071,90243,628,107,101,0.9908211552608175,116629.40452166046,0.5636249671911465,393354,3423,0.0017668534857685227
1972,1,99,0.011744,1352.0696117970854,1,1,0,0,0,1,91080,91072,90244,628,107,101,0.9908212560386473,116630.08370582768,0.5636188628444834,393357,3423,0.0013457333781952672
1973,1,99,0.015456,1352.0850677970855,1,1,0,0,0,1,91081,91073,90245,628,107,101,0.9908213568142642,116630.96927542293,0.5636127997655767,393361,3423,0.0007915071875743343
1974,1,99,0.007776,1352.0928437970854,1,1,0,0,0,1,91082,91074,90246,628,107,101,0.9908214575876683,116631.41678728256,0.5636066517203132,393363,3423,0.0005126728929141133
1975,0,100,0.01429718112744355,1352.1071409782128,1,0,0,1,0,1,91083,91075,90246,628,108,101,0.9908105793616812,116630.18352666259,0.5636066517203132,393366,3423,0.0
