round,lambda_energy,alive_nodes,dead_nodes,generated_round,delivered_round,channel_drops_round,energy_drops_round,route_drops_round,fallback_direct_round,round_airtime_s,elapsed_channel_time_s,pdr,goodput_bps,average_delay_s,residual_energy_j,mean_alive_energy_j,std_alive_energy_j,jain_energy_fairness,route_changes_total
1,2.0,100,0,100,100,0,0,0,0,2.600959999999994,2.600959999999994,1.0,153789.37007874053,1.3623139537196491,49.861351492454155,0.49861351492454153,0.0025735748319141716,0.9999733600172057,0
2,2.0,100,0,100,100,0,0,0,0,2.600959999999994,5.201919999999988,1.0,153789.37007874053,1.3549987508222168,49.73402471296973,0.49734024712969727,0.0034382216664256204,0.9999522096976304,28
3,2.0,100,0,100,100,0,0,0,0,2.6050239999999945,7.806943999999982,1.0,153709.31314481093,1.355689630393177,49.602097585790744,0.49602097585790744,0.004521225886767644,0.9999169238723049,55
4,2.0,100,0,100,100,0,0,0,0,2.6090879999999945,10.416031999999976,1.0,153609.35911103227,1.357630191161386,49.462621890918044,0.49462621890918046,0.006165213500576139,0.99984466314526,82
5,2.0,100,0,100,100,0,0,0,0,2.6009599999999944,13.01699199999997,1.0,153645.3275841304,1.3590546229435323,49.3311823362477,0.493311823362477,0.00738426840355779,0.9997759862891279,107
6,2.0,100,0,100,100,0,0,0,0,2.600959999999994,15.617951999999963,1.0,153669.31592567358,1.3609525105684426,49.19945226388885,0.4919945226388885,0.00853543637597887,0.9996991152123285,132
7,2.0,100,0,100,100,0,0,0,0,2.600959999999994,18.218911999999957,1.0,153686.45504188212,1.3631209446247015,49.069586957408085,0.49069586957408085,0.009696793763870632,0.9996096430192918,155
8,2.0,100,0,100,100,0,0,0,0,2.609087999999994,20.82799999999995,1.0,153639.3316689076,1.3631572300508688,48.94099083640917,0.4894099083640917,0.010844726758089672,0.9995092294185948,177
9,2.0,100,0,100,100,0,0,0,0,2.605023999999994,23.433023999999943,1.0,153629.33951674393,1.3614243854513361,48.81116640996277,0.48811166409962775,0.012083022292499003,0.99938758371413,201
10,2.0,100,0,100,100,0,0,0,0,2.600959999999994,26.033983999999936,1.0,153645.3275841304,1.3585059818179945,48.683222914798456,0.4868322291479846,0.013248864675800725,0.9992599225785822,225
11,2.0,100,0,100,100,0,0,0,0,2.6009599999999935,28.63494399999993,1.0,153658.41120555397,1.3566354333475794,48.55656921068304,0.48556569210683037,0.014411572469243806,0.9991198750138998,244
12,2.0,100,0,100,100,0,0,0,0,2.6090879999999936,31.244031999999923,1.0,153629.33951674393,1.3543891496233043,48.425861625937976,0.48425861625937977,0.01568989095540999,0.9989513526194767,267
13,2.0,100,0,100,100,0,0,0,0,2.6009599999999935,33.84499199999992,1.0,153641.63773476478,1.3524353033860992,48.294957616227734,0.48294957616227735,0.01696699041820656,0.9987672632319473,289
14,2.0,100,0,100,100,0,0,0,0,2.6009599999999935,36.44595199999991,1.0,153652.1806317479,1.3511669781288285,48.166914552424544,0.48166914552424545,0.018170208222340688,0.9985789656790325,313
15,2.0,100,0,100,100,0,0,0,0,2.6050239999999936,39.050975999999906,1.0,153645.3275841304,1.350560861451336,48.039289841384736,0.48039289841384736,0.019328106876958497,0.9983838449465473,337
16,2.0,100,0,100,100,0,0,0,0,2.6050239999999936,41.6559999999999,1.0,153639.3316689076,1.3492253294360628,47.90714371058783,0.4790714371058783,0.02060715975707783,0.9981531445792136,362
17,2.0,100,0,100,100,0,0,0,0,2.6009599999999935,44.25695999999989,1.0,153648.14935323203,1.348178401211797,47.778717112190364,0.47778717112190366,0.021842132496845912,0.9979144796604442,386
18,2.0,100,0,100,100,0,0,0,0,2.6009599999999935,46.857919999999886,1.0,153655.98814458723,1.3475638871972226,47.65017563562325,0.4765017563562325,0.023040193809141744,0.9976674602582744,410
19,2.0,100,0,100,100,0,0,0,0,2.6009599999999935,49.45887999999988,1.0,153663.0024780185,1.347313511540642,47.51867525148316,0.4751867525148316,0.02430353646673859,0.9973909900328491,436
20,2.0,100,0,100,100,0,0,0,0,2.600959999999994,52.05983999999987,1.0,153669.3159256736,1.3473726534174386,47.387453057096245,0.47387453057096246,0.02559544431921355,0.9970910688799788,461
21,2.0,100,0,100,100,0,0,0,0,2.600959999999994,54.66079999999987,1.0,153675.02853964854,1.3476970960161048,47.258598641524976,0.47258598641524974,0.0267967957333825,0.9967951333658078,483
22,2.0,100,0,100,100,0,0,0,0,2.6009599999999935,57.26175999999986,1.0,153680.2221936598,1.3473270256913799,47.13086519996005,0.4713086519996005,0.02802227285344077,0.9964773998955836,506
23,2.0,100,0,100,100,0,0,0,0,2.6050239999999936,59.86678399999985,1.0,153674.53177374657,1.3472559458770326,46.99604791951556,0.4699604791951556,0.02935981707796178,0.9961123038058579,530
24,2.0,100,0,100,100,0,0,0,0,2.6090879999999936,62.475871999999846,1.0,153659.31987311874,1.346784389360697,46.865995520568916,0.46865995520568915,0.03057139865782455,0.9957628791046566,554
25,2.0,100,0,100,100,0,0,0,0,2.6009599999999935,65.07683199999984,1.0,153664.5176581433,1.346365187733044,46.73646720015094,0.4673646720015094,0.03182966803671912,0.9953831819955196,578
26,2.0,100,0,100,100,0,0,0,0,2.6050239999999936,67.68185599999984,1.0,153660.08875406763,1.345468669340755,46.60638667954913,0.46606386679549133,0.03305285656307124,0.9949956427130553,603
27,2.0,100,0,100,100,0,0,0,0,2.6009599999999935,70.28281599999983,1.0,153664.87307509175,1.3447981094053392,46.4698328822983,0.464698328822983,0.03455925047322938,0.9944996409627377,624
28,2.0,100,0,100,100,0,0,0,0,2.600959999999993,72.88377599999981,1.0,153669.3159256736,1.3436529322644166,46.33742981047805,0.4633742981047805,0.035844996147464565,0.9940515733490785,646
29,2.0,100,0,100,100,0,0,0,0,2.6009599999999935,75.4847359999998,1.0,153673.4526037162,1.342082236306673,46.20910790364442,0.46209107903644425,0.037056741755789574,0.9936100820299658,671
30,2.0,100,0,100,100,0,0,0,0,2.6050239999999936,78.0897599999998,1.0,153669.3159256736,1.3401800507009374,46.08139499180801,0.4608139499180801,0.03826885000046176,0.9931505660465623,696
31,2.0,100,0,100,100,0,0,0,0,2.6050239999999936,80.6947839999998,1.0,153665.44633169885,1.338610341637306,45.947773660714645,0.45947773660714647,0.03955870727531133,0.9926422001417693,721
32,2.0,100,0,100,100,0,0,0,0,2.600959999999994,83.2957439999998,1.0,153669.31592567358,1.3372428793521483,45.820354455128616,0.45820354455128615,0.040763547225902426,0.992147583477579,746
33,2.0,100,0,100,100,0,0,0,0,2.600959999999994,85.8967039999998,1.0,153672.9511763342,1.3361307057399843,45.68821966561786,0.4568821966561786,0.0420599859073088,0.9915964125825667,769
34,2.0,100,0,100,100,0,0,0,0,2.600959999999994,88.4976639999998,1.0,153676.37274583915,1.335251295271809,45.55753491503433,0.4555753491503433,0.04331975891734953,0.9910392883852601,794
35,2.0,100,0,100,100,0,0,0,0,2.605023999999994,91.1026879999998,1.0,153672.74344309172,1.3340122534128835,45.423087886741925,0.45423087886741925,0.044670810437465666,0.9904211306031637,819
36,2.0,100,0,100,100,0,0,0,0,2.605023999999994,93.7077119999998,1.0,153669.31592567355,1.3325237005410657,45.2941129275537,0.452941129275537,0.04588946346896572,0.9898396819405131,843
37,2.0,100,0,100,100,0,0,0,0,2.6050239999999936,96.3127359999998,1.0,153666.07382018544,1.3312463169727724,45.16478972194806,0.4516478972194806,0.04710998604668195,0.9892371721625497,868
38,2.0,100,0,100,100,0,0,0,0,2.600959999999994,98.9136959999998,1.0,153669.31592567352,1.3301174441223267,45.03540015877265,0.45035400158772654,0.04832435892729611,0.9886171168852034,891
39,2.0,100,0,100,100,0,0,0,0,2.600959999999994,101.5146559999998,1.0,153672.39189580694,1.3291923494473052,44.89685694944302,0.4489685694944302,0.049829359348211,0.987831927514282,915
40,2.0,100,0,100,100,0,0,0,0,2.600959999999994,104.1156159999998,1.0,153675.31418149636,1.3284557494308098,44.76948788423728,0.4476948788423728,0.05102840511206186,0.9871751017115377,940
41,2.0,100,0,100,100,0,0,0,0,2.609087999999994,106.7247039999998,1.0,153666.39011713755,1.3279949562523423,44.63686037224033,0.4463686037224033,0.05231488925334314,0.9864500270057628,963
42,2.0,100,0,100,100,0,0,0,0,2.605023999999994,109.3297279999998,1.0,153663.60373639665,1.3271380941992026,44.50703206717399,0.4450703206717399,0.05353695608624026,0.9857369916672789,988
43,2.0,100,0,100,100,0,0,0,0,2.605023999999994,111.9347519999998,1.0,153660.94704886674,1.326489316870099,44.37587743320232,0.4437587743320232,0.0548220308209961,0.9849672606478492,1013
44,2.0,100,0,100,100,0,0,0,0,2.600959999999994,114.5357119999998,1.0,153663.86337215095,1.3259365312496616,44.247468746814675,0.4424746874681468,0.056032845533190226,0.9842166494982505,1038
45,2.0,100,0,100,100,0,0,0,0,2.600959999999994,117.1366719999998,1.0,153666.65018449584,1.3255347494166203,44.11882695469392,0.44118826954693924,0.057246857747242974,0.983442139970063,1062
46,2.0,100,0,100,100,0,0,0,0,2.629407999999994,119.7660799999998,1.0,153632.81490051298,1.325212497244759,43.98948675178236,0.4398948675178236,0.05842269670774061,0.9826670767099871,1087
47,2.0,100,0,100,100,0,0,0,0,2.6212799999999943,122.3873599999998,1.0,153610.63430079733,1.3249601621741112,43.86096848049164,0.4386096848049164,0.05959426376829714,0.9818737431283183,1110
48,2.0,100,0,100,100,0,0,0,0,2.6212799999999943,125.0086399999998,1.0,153589.38390178495,1.324417774409349,43.73174944619808,0.4373174944619808,0.06076849614476374,0.9810566252737009,1133
49,2.0,100,0,100,100,0,0,0,0,2.6212799999999943,127.6299199999998,1.0,153569.00638972453,1.3240177861393023,43.60268830255555,0.4360268830255555,0.06194062963605915,0.9802190190983239,1154
50,2.0,100,0,100,100,0,0,0,0,2.6212799999999943,130.25119999999978,1.0,153549.449064577,1.3233452534305192,43.47331825610206,0.4347331825610206,0.06310092555960171,0.9793665828164574,1178
51,2.0,100,0,100,100,0,0,0,0,2.6212799999999943,132.87247999999977,1.0,153530.66338492392,1.3228146396026488,43.34419946108808,0.4334419946108808,0.06430722415018535,0.9784621870275153,1201
52,2.0,100,0,100,100,0,0,0,0,2.6253439999999943,135.49782399999975,1.0,153508.00024655776,1.322449018654125,43.21332099633733,0.4321332099633733,0.06550538755551379,0.9775377988017185,1224
53,2.0,100,0,100,100,0,0,0,0,2.6212799999999947,138.11910399999974,1.0,153490.71479641253,1.322177707948389,43.0840838434595,0.43084083843459503,0.06667684467664213,0.9766096160468141,1248
54,2.0,100,0,100,100,0,0,0,0,2.6212799999999947,140.74038399999972,1.0,153474.07322691433,1.3216492753657783,42.95651043468249,0.42956510434682493,0.06783306060602837,0.9756707827333916,1273
55,2.0,100,0,100,100,0,0,0,0,2.625343999999995,143.3657279999997,1.0,153453.69013157763,1.3212701065193182,42.82754087672064,0.4282754087672064,0.06901695492107784,0.9746877461339903,1296
56,2.0,100,0,100,100,0,0,0,0,2.6212799999999943,145.9870079999997,1.0,153438.31144207055,1.3209872108325067,42.69830272692055,0.4269830272692055,0.0702271248269904,0.9736611744938104,1317
57,2.0,100,0,100,100,0,0,0,0,2.6212799999999943,148.60828799999967,1.0,153423.47527750302,1.320817623804678,42.569867898691506,0.42569867898691505,0.07138798450547029,0.9726472497818811,1337
58,2.0,100,0,100,100,0,0,0,0,2.6294079999999944,151.23769599999966,1.0,153400.9087258249,1.3204478818276704,42.43941185828387,0.4243941185828387,0.07258064750782145,0.9715827048086193,1360
59,2.0,100,0,100,100,0,0,0,0,2.6212799999999947,153.85897599999964,1.0,153387.21609586207,1.320148533835667,42.310210914967136,0.4231021091496714,0.07376627395667044,0.9705000766346671,1385
60,2.0,100,0,100,100,0,0,0,0,2.6212799999999947,156.48025599999963,1.0,153373.9822102544,1.3199573774019777,42.18403075883916,0.4218403075883916,0.0749040898451324,0.9694343717756589,1406
61,2.0,100,0,100,100,0,0,0,0,2.629407999999995,159.1096639999996,1.0,153353.35005169804,1.3198824162990552,42.054707525593805,0.42054707525593804,0.07606936338647094,0.9683183005778342,1429
62,2.0,100,0,100,100,0,0,0,0,2.706623999999994,161.81628799999962,1.0,153260.22062748132,1.3202634578343786,41.92630027958586,0.4192630027958586,0.07709406589549204,0.9672940085961318,1453
63,2.0,100,0,100,100,0,0,0,0,2.706623999999994,164.52291199999962,1.0,153170.15541276135,1.320751742531727,41.794445296050895,0.41794445296050897,0.07818241261862105,0.966190122408935,1475
64,2.0,100,0,100,100,0,0,0,0,2.7066239999999944,167.22953599999963,1.0,153083.00562407862,1.3210006133207883,41.66241183228009,0.41662411832280094,0.07927936588187112,0.9650551133159683,1494
65,2.0,100,0,100,100,0,0,0,0,2.7066239999999944,169.93615999999963,1.0,152998.63195684814,1.3210530068270043,41.53255269809427,0.4153255269809427,0.08034073456488867,0.9639305042538567,1514
66,2.0,100,0,100,100,0,0,0,0,2.6415999999999946,172.5777599999996,1.0,152974.52000767688,1.3205916635711916,41.401936671530386,0.41401936671530387,0.0815044783362068,0.9626914189898443,1539
67,2.0,100,0,100,100,0,0,0,0,2.706623999999994,175.28438399999962,1.0,152894.3958864017,1.3208457311716861,41.270904519860046,0.41270904519860047,0.08259365123327843,0.961491994170975,1561
68,2.0,100,0,100,100,0,0,0,0,2.706623999999994,177.99100799999962,1.0,152816.70858339124,1.3212052814665383,41.1435940739921,0.41143594073992096,0.08362266059711644,0.9603298416613489,1583
69,2.0,100,0,100,100,0,0,0,0,2.828543999999994,180.81955199999962,1.0,152638.36070117052,1.322704979352253,41.011270711426754,0.41011270711426756,0.08455207393726914,0.9592278280478135,1603
70,2.0,100,0,100,100,0,0,0,0,2.865119999999994,183.6846719999996,1.0,152435.14711995164,1.3247037875053065,40.88453137101308,0.40884531371013083,0.08537230804436778,0.9582188207055561,1620
71,2.0,100,0,100,100,0,0,0,0,2.865119999999994,186.5497919999996,1.0,152238.1756394564,1.3267636321221692,40.754748969298525,0.40754748969298527,0.08619539741680948,0.9571839012332267,1637
72,2.0,100,0,100,100,0,0,0,0,2.8651199999999934,189.4149119999996,1.0,152047.16300266824,1.3288819699080188,40.627321872277754,0.40627321872277755,0.08701454438669835,0.9561399834621606,1656
73,2.0,100,0,100,100,0,0,0,0,2.8691839999999935,192.28409599999958,1.0,151858.6331757779,1.3310686447191207,40.50070021786733,0.40500700217867336,0.08782844855896144,0.9550853971543647,1675
74,2.0,100,0,100,100,0,0,0,0,2.8651199999999934,195.14921599999957,1.0,151678.80561713385,1.3332967218332874,40.373097086657076,0.4037309708665708,0.08865334738274167,0.9540003347129932,1694
75,2.0,100,0,100,100,0,0,0,0,2.8691839999999935,198.01839999999956,1.0,151501.07262759455,1.3356046433201647,40.24366644735565,0.4024366644735565,0.08950435797425484,0.9528669498418623,1714
76,2.0,100,0,100,100,0,0,0,0,2.8447999999999936,200.86319999999955,1.0,151346.7872661596,1.3368159131649926,40.117322292787,0.40117322292787,0.09034406201290728,0.9517329816812415,1733
77,2.0,100,0,100,100,0,0,0,0,2.926079999999994,203.78927999999954,1.0,151136.507278499,1.3382020798996728,39.991422663610194,0.39991422663610193,0.09107643204280443,0.9506919178498023,1751
78,2.0,100,0,100,100,0,0,0,0,2.934207999999994,206.72348799999952,1.0,150926.2459812988,1.339712137760553,39.86415057709167,0.3986415057709167,0.09181726201806037,0.9496227168743867,1766
79,2.0,100,0,100,100,0,0,0,0,2.9260799999999945,209.6495679999995,1.0,150727.71340029698,1.341252900004944,39.73611273701924,0.3973611273701924,0.09256160859210232,0.9485313566410059,1782
80,2.0,100,0,100,100,0,0,0,0,2.926079999999994,212.5756479999995,1.0,150534.64637680454,1.342866903173965,39.609643738734775,0.39609643738734773,0.09330055893577448,0.9474327782713868,1798
81,2.0,100,0,100,100,0,0,0,0,2.930143999999994,215.50579199999947,1.0,150343.98704235328,1.3445925763588553,39.48337909149581,0.3948337909149581,0.09405731057535442,0.9462987081733165,1815
82,2.0,100,0,100,100,0,0,0,0,2.8651199999999943,218.37091199999946,1.0,150203.1552627306,1.346012129717358,39.35604534937933,0.3935604534937933,0.0949008449140501,0.9450494806775896,1833
83,2.0,100,0,100,100,0,0,0,0,2.9301439999999945,221.30105599999945,1.0,150021.87788927715,1.347855160822173,39.230264365484246,0.39230264365484246,0.09564680638814164,0.9438924884218307,1852
84,2.0,100,0,100,100,0,0,0,0,2.9260799999999945,224.22713599999943,1.0,149848.05407317018,1.3497394607241218,39.1037904762007,0.391037904762007,0.09640263561340691,0.9427051010643804,1868
85,2.0,100,0,100,100,0,0,0,0,2.787903999999995,227.01503999999943,1.0,149769.81260801083,1.35082939026659,38.977161441051614,0.3897716144105161,0.09733107109510854,0.9413034926931512,1886
86,2.0,100,0,100,100,0,0,0,0,2.9260799999999945,229.94111999999942,1.0,149603.51589137292,1.352843210770474,38.850468022564215,0.38850468022564216,0.09809214686196813,0.9400710526858912,1908
87,2.0,100,0,100,100,0,0,0,0,2.9342079999999946,232.8753279999994,1.0,149436.18243663874,1.3549644211233443,38.7236443718628,0.387236443718628,0.09886366884924551,0.9388075854197947,1927
88,2.0,100,0,100,100,0,0,0,0,2.9260799999999945,235.80140799999938,1.0,149278.15867834043,1.3570886839722949,38.598227555267144,0.38598227555267145,0.09962083592843456,0.9375462743342203,1941
89,2.0,100,0,100,100,0,0,0,0,2.926079999999995,238.72748799999937,1.0,149124.00871071912,1.3588090398173576,38.46990752232182,0.38469907522321817,0.10039489583385129,0.9362372693343881,1957
90,2.0,100,0,100,100,0,0,0,0,2.8732479999999945,241.60073599999936,1.0,149006.1685904802,1.3602998241891742,38.341298000548676,0.38341298000548674,0.10125298344884362,0.9348065756521164,1978
91,2.0,100,0,100,100,0,0,0,0,2.930143999999995,244.53087999999934,1.0,148856.45526650906,1.3621877965972065,38.214522019843095,0.38214522019843095,0.10203036794973105,0.9334578606906914,1994
92,2.0,100,0,100,100,0,0,0,0,2.9463999999999952,247.47727999999933,1.0,148700.51909411684,1.3641567548179732,38.0886514741179,0.380886514741179,0.10278026489234966,0.9321260801719571,2015
93,2.0,100,0,100,100,0,0,0,0,2.905759999999995,250.3830399999993,1.0,148572.3633677429,1.3659695375838063,37.96218311511229,0.3796218311511229,0.10358122459284932,0.9307094740740949,2033
94,2.0,100,0,100,100,0,0,0,0,2.930143999999995,253.3131839999993,1.0,148432.8585124101,1.3675825939171193,37.835286778834096,0.378352867788341,0.10436446626272974,0.9292927719617474,2051
95,2.0,100,0,100,100,0,0,0,0,2.930143999999995,256.2433279999993,1.0,148296.5441348003,1.3692446823299484,37.70865547055649,0.37708655470556485,0.10514224573864071,0.9278632801309703,2067
96,2.0,100,0,100,100,0,0,0,0,2.9463999999999952,259.18972799999926,1.0,148154.019437067,1.3705924247551906,37.58197150040706,0.3758197150040706,0.1059043677719913,0.9264330633574585,2087
97,2.0,100,0,100,100,0,0,0,0,2.9504639999999953,262.1401919999993,1.0,148012.40398877906,1.3720087415404927,37.45522535479163,0.37455225354791627,0.10667220219600482,0.9249747309216194,2105
98,2.0,100,0,100,100,0,0,0,0,2.930143999999995,265.07033599999926,1.0,147885.2767591471,1.3734300567859714,37.32526932260128,0.3732526932260128,0.10747434731595329,0.923438292251459,2124
99,2.0,100,0,100,100,0,0,0,0,2.926079999999995,267.9964159999993,1.0,147763.1700865735,1.3748936759255437,37.19918687666731,0.3719918687666731,0.10826601058064785,0.9219082631865043,2140
100,2.0,100,0,100,100,0,0,0,0,2.946399999999995,270.94281599999925,1.0,147632.62813360628,1.3764967786821094,37.07302473549002,0.37073024735490023,0.10903931676634594,0.9203808097858738,2160
101,2.0,100,0,100,100,0,0,0,0,2.946399999999995,273.88921599999924,1.0,147504.8948257974,1.3781586714983458,36.94668275645569,0.36946682756455684,0.10980478927972886,0.9188417999505951,2176
102,2.0,100,0,100,100,0,0,0,0,2.950463999999995,276.83967999999925,1.0,147377.7169515588,1.3796899640633058,36.82031389021056,0.36820313890210554,0.11058160782190025,0.9172656328224479,2193
103,2.0,100,0,100,100,0,0,0,0,2.946399999999995,279.78607999999923,1.0,147255.36023807945,1.3812688571584935,36.69383428059901,0.36693834280599014,0.11136026903465396,0.915664445683581,2206
104,2.0,100,0,100,100,0,0,0,0,2.8447999999999944,282.63087999999925,1.0,147188.44593343837,1.3824124599904728,36.56869836722709,0.3656869836722709,0.11222133707502983,0.9139312672166658,2225
105,2.0,100,0,100,100,0,0,0,0,2.9301439999999945,285.56102399999924,1.0,147078.89547279433,1.3840529176496872,36.44043945945193,0.3644043945945193,0.11303455435517475,0.9122275123157851,2247
106,2.0,100,0,100,100,0,0,0,0,2.9463999999999944,288.5074239999992,1.0,146963.28923584343,1.385804757591701,36.31444796110463,0.3631444796110463,0.11381646089150149,0.9105547419042782,2270
107,2.0,100,0,100,100,0,0,0,0,2.9260799999999945,291.43350399999923,1.0,146860.25941615866,1.3875218603807047,36.18617044577382,0.3618617044577382,0.11462141507561804,0.9088153116712125,2285
108,2.0,100,0,100,100,0,0,0,0,2.9545279999999945,294.3880319999992,1.0,146745.0959419441,1.389222309385507,36.05954885132079,0.3605954885132079,0.11541068842882306,0.9070823529912097,2304
109,2.0,100,0,100,100,0,0,0,0,2.909823999999994,297.29785599999923,1.0,146654.26985117616,1.3905528316119071,35.93278618507008,0.35932786185070076,0.1162439609764097,0.9052602045504118,2322
110,2.0,100,0,100,100,0,0,0,0,2.9504639999999944,300.24831999999924,1.0,146545.36618223248,1.3915922287108338,35.80594754034465,0.35805947540344646,0.11703669425418024,0.903472975818636,2341
111,2.0,100,0,100,100,0,0,0,0,3.011423999999994,303.2597439999992,1.0,146409.14555411652,1.3930272568824886,35.67809054424686,0.35678090544246854,0.1177755530404077,0.9017376184690687,2360
112,2.0,100,0,100,100,0,0,0,0,3.015487999999994,306.2752319999992,1.0,146273.66276878736,1.3943807795510559,35.55011894867902,0.3555011894867902,0.11852257053067237,0.899966316143499,2379
113,2.0,100,0,100,100,0,0,0,0,2.987039999999994,309.2622719999992,1.0,146154.26481766297,1.3956631439108567,35.42372231145495,0.3542372231145495,0.11928150715088474,0.8981614394809462,2400
114,2.0,100,0,100,100,0,0,0,0,3.007359999999994,312.2696319999992,1.0,146027.64831131615,1.3971013440053395,35.29675738784683,0.35296757387846833,0.12002723276466874,0.8963503671410794,2417
115,2.0,100,0,100,100,0,0,0,0,2.987039999999994,315.2566719999992,1.0,145912.85160810212,1.3985038432284755,35.16814481509022,0.35168144815090224,0.12080048945146024,0.8944638465359095,2436
116,2.0,100,0,100,100,0,0,0,0,3.011423999999994,318.26809599999916,1.0,145789.0394392535,1.3997119800464501,35.041257917539376,0.35041257917539376,0.12154961739823322,0.892599907924092,2453
117,2.0,100,0,100,100,0,0,0,0,3.007359999999994,321.27545599999917,1.0,145669.3909415854,1.4009814396409321,34.914058019901745,0.34914058019901745,0.12230016086294648,0.8907079153785847,2470
118,2.0,100,0,100,100,0,0,0,0,3.0317439999999944,324.30719999999917,1.0,145541.01789907878,1.4024013267333637,34.7859938964712,0.34785993896471196,0.12303704689200512,0.8888085967345654,2488
119,2.0,100,0,100,100,0,0,0,0,2.970783999999994,327.27798399999915,1.0,145442.1083209805,1.403689180058807,34.65977057584286,0.34659770575842863,0.12381445138544778,0.8868299148906329,2503
120,2.0,100,0,100,100,0,0,0,0,2.946399999999994,330.22438399999913,1.0,145355.7106188746,1.4047851364906194,34.53383299968157,0.34533832999681574,0.12461008933144867,0.8847977748830084,2518
121,2.0,100,0,100,100,0,0,0,0,3.0723839999999942,333.29676799999913,1.0,145215.92960661452,1.4066134665497503,34.40670329749086,0.3440670329749086,0.12531222821668214,0.8828868104869098,2535
122,2.0,98,2,100,98,0,2,0,0,3.0516008809758977,336.34836888097504,0.9998360655737705,145063.88171980766,1.408278055063226,34.28252687610152,0.34982170281736247,0.11718566729691028,0.8991057803657132,2554
123,2.0,98,2,98,98,0,0,0,0,2.987039999999994,339.335408880975,0.9998373719303952,144942.13899514312,1.4095147454680923,34.161876056627825,0.3485905720064065,0.1178540152672263,0.8974220047420515,2575
124,2.0,98,2,98,98,0,0,0,0,3.0317439999999944,342.367152880975,0.999838657631494,144803.61092711263,1.4103821701505177,34.04063182318489,0.34735338595086623,0.11848841047838216,0.8957673235739826,2588
125,2.0,98,2,98,98,0,0,0,0,3.031743999999994,345.39889688097503,0.9998399231631183,144667.5147234736,1.4113104850396583,33.920038661616466,0.3461228434858823,0.11912856065770866,0.8940866131983083,2603
126,2.0,98,2,98,98,0,0,0,0,2.9911039999999938,348.39000088097504,0.999841168996188,144550.64689759893,1.4121234768574478,33.79851471478409,0.34488280321208253,0.11981140024945904,0.8923114180156868,2619
127,2.0,98,2,98,98,0,0,0,0,3.031743999999994,351.42174488097504,0.9998423955870764,144419.06552250907,1.412558281842911,33.678875208702976,0.3436619919255405,0.1204388482149106,0.8906144581806411,2635
128,2.0,98,2,98,98,0,0,0,0,3.2146239999999944,354.63636888097506,0.999843603378167,144215.3272699598,1.413188958730141,33.556711165552976,0.34241542005666303,0.12094659146004245,0.8890773616724623,2652
129,2.0,98,2,98,98,0,0,0,0,3.0317439999999944,357.66811288097506,0.9998447927983859,144088.8861600871,1.413309070824983,33.43700803091928,0.3411939594991763,0.1215946695538819,0.8873062233101289,2666
130,2.0,98,2,98,98,0,0,0,0,3.194303999999994,360.86241688097505,0.9998459642637092,143899.71792803143,1.4141101191842746,33.31299042412193,0.33992847371552987,0.12211784116770764,0.8856945075134007,2683
131,2.0,98,2,98,98,0,0,0,0,3.0764479999999943,363.938864880975,0.9998471181776487,143760.40881786856,1.4146715811769894,33.192282375980746,0.338696758938579,0.12273400709839824,0.8839286688025898,2699
132,2.0,98,2,98,98,0,0,0,0,3.190239999999994,367.12910488097504,0.9998482549317147,143578.9189666384,1.4156214323964458,33.06952011014276,0.33744408275655885,0.12326163126106246,0.8822779985267899,2713
133,2.0,98,2,98,98,0,0,0,0,3.0683199999999946,370.197424880975,0.9998493749058593,143447.78334715287,1.4160073298109115,32.949532469028824,0.33621971907172254,0.12387242177146843,0.8804844086025297,2727
134,2.0,98,2,98,98,0,0,0,0,3.149599999999995,373.347024880975,0.9998504784688995,143287.60224366272,1.41653373001711,32.82738418439876,0.334973308004069,0.1244237815190315,0.8787573649882876,2745
135,2.0,98,2,98,98,0,0,0,0,3.068319999999994,376.415344880975,0.9998515659789223,143161.00746912893,1.4169933506255994,32.70779838973533,0.33375304479321766,0.12504049051186739,0.8769141963852225,2763
136,2.0,98,2,98,98,0,0,0,0,3.2105599999999948,379.625904880975,0.9998526377836723,142982.86629575118,1.4178286907767332,32.58615824484023,0.3325118188249003,0.12555438248589157,0.8752145099529521,2780
137,2.0,98,2,98,98,0,0,0,0,2.9504639999999944,382.576368880975,0.9998536942209217,142904.80136008936,1.4178575089345875,32.46697196722702,0.3312956323186431,0.12625601335614917,0.8731828674434754,2797
138,2.0,98,2,98,98,0,0,0,0,3.0723839999999942,385.648752880975,0.9998547356188263,142782.77730356026,1.4186170224114212,32.34565665349057,0.33005772095398545,0.1268914388026346,0.8712292311326123,2814
139,2.0,98,2,98,98,0,0,0,0,3.2511999999999945,388.899952880975,0.9998557622962643,142597.08593220793,1.4197618843754412,32.22345115248023,0.32881072604571665,0.12738463528701113,0.86949968165017,2829
140,2.0,98,2,98,98,0,0,0,0,3.027679999999994,391.92763288097495,0.9998567745631625,142495.6938847957,1.4202058587178725,32.102856564216,0.3275801690226122,0.12803258374039594,0.8674842727970616,2845
141,2.0,98,2,98,98,0,0,0,0,3.1902399999999944,395.11787288097497,0.9998577727208079,142337.27163474,1.4214000707272085,31.978014230018353,0.32630626765324844,0.12858191058055762,0.8655927948722506,2865
142,2.0,98,2,98,98,0,0,0,0,3.113023999999994,398.23089688097497,0.9998587570621469,142208.95576800618,1.422351562447257,31.85630706365319,0.32506435779237947,0.12918471529778605,0.8636049304448604,2882
143,2.0,98,2,98,98,0,0,0,0,3.2105599999999943,401.44145688097495,0.9998597278720718,142048.10943805258,1.4234291537162662,31.73474786531708,0.3238239578093579,0.1297141799531495,0.8617299435838413,2899
144,2.0,98,2,98,98,0,0,0,0,3.2105599999999943,404.65201688097494,0.9998606854276957,141889.81545812596,1.4247157008429885,31.612855446876903,0.32258015762119285,0.13024479707648323,0.8598291708385158,2920
145,2.0,98,2,98,98,0,0,0,0,3.0276799999999935,407.6796968809749,0.9998616299986163,141797.5936556818,1.4251939859115361,31.49235695346999,0.32135058115785703,0.13089290722998792,0.8576987189634271,2934
146,2.0,98,2,98,98,0,0,0,0,3.2552639999999946,410.9349608809749,0.9998625618471688,141628.25152483757,1.4264478217668988,31.369702105614508,0.32009900107769906,0.13140744891603703,0.8557777344457448,2954
147,2.0,98,2,98,98,0,0,0,0,3.0723839999999933,414.0073448809749,0.999863481228669,141524.05923340542,1.4271585096526291,31.24844112719037,0.3188616441550038,0.1320452413823186,0.8536131561600615,2971
148,2.0,98,2,98,98,0,0,0,0,3.0723839999999933,417.0797288809749,0.9998643883916464,141421.40199010415,1.4279176272741796,31.127917691671012,0.31763181318031647,0.13267199771029745,0.8514508610843832,2990
149,2.0,98,2,98,98,0,0,0,0,3.2511999999999945,420.3309288809749,0.9998652835780681,141260.12605846926,1.4292376129179343,31.005417221736053,0.31638180838506175,0.13319012030269425,0.8494564560208338,3011
150,2.0,98,2,98,98,0,0,0,0,3.113023999999995,423.4439528809749,0.9998661670235546,141147.3693114708,1.4298865073301688,30.88377601495953,0.31514057158121966,0.13380429725221266,0.8472613697234129,3031
151,2.0,98,2,98,98,0,0,0,0,3.088639999999993,426.5325928809749,0.9998670389575854,141044.3211236329,1.4307922278730063,30.76264770062854,0.3139045683737607,0.13442756808592518,0.8450282191841917,3051
152,2.0,98,2,98,98,0,0,0,0,3.0683199999999933,429.6009128809749,0.9998678996036988,140949.42115911315,1.4316606514713097,30.637921073351038,0.3126318476872555,0.13508925255721024,0.8426635425138149,3067
153,2.0,98,2,98,98,0,0,0,0,3.312159999999994,432.9130728809749,0.9998687491796824,140776.52955690701,1.4333469083988928,30.515511310677656,0.31138276847630264,0.13555405853603547,0.8406811359296674,3085
154,2.0,98,2,98,98,0,0,0,0,3.1780479999999933,436.09112088097487,0.9998695878977569,140649.50434232946,1.4344426614642194,30.39553044369733,0.31015847391527884,0.13609670809121557,0.8385441228475556,3108
155,2.0,98,2,98,98,0,0,0,0,3.1333439999999944,439.2244648809749,0.9998704159647531,140538.61962522427,1.435389533284432,30.27490154564447,0.3089275667922905,0.13667247342821928,0.8363119159326107,3121
156,2.0,98,2,98,98,0,0,0,0,3.3121599999999947,442.5366248809749,0.9998712335822817,140372.56242171561,1.43701902847415,30.152679627948135,0.30768040436681765,0.13714578462747223,0.8342474751530375,3140
157,2.0,98,2,98,98,0,0,0,0,3.117087999999994,445.65371288097487,0.999872040946897,140270.3448735671,1.4379757718786232,30.03114500630642,0.30644025516639206,0.13773524833255538,0.8319315622266548,3162
158,2.0,98,2,98,98,0,0,0,0,3.218687999999995,448.87240088097485,0.9998728382502543,140137.82062907433,1.4390645934909685,29.90950995807967,0.3051990812048946,0.13827987825619115,0.8296811368308826,3177
159,2.0,98,2,98,98,0,0,0,0,3.0683199999999937,451.9407208809748,0.999873625679262,140053.76607050624,1.4397337027049049,29.790000353978833,0.30397959544876363,0.1389016682278759,0.827268170460235,3197
160,2.0,98,2,98,98,0,0,0,0,3.1130239999999945,455.0537448809748,0.9998744034162271,139957.0945551902,1.4403536064571156,29.67018843753966,0.30275702487285366,0.13950838302419746,0.824857654568863,3213
161,2.0,98,2,98,98,0,0,0,0,3.3162239999999947,458.3699688809748,0.9998751716389964,139799.73460399124,1.4412534654474694,29.547986276610413,0.301510064047045,0.1399951904404382,0.8226478114487153,3230
162,2.0,98,2,98,98,0,0,0,0,3.1577279999999948,461.5276968809748,0.9998759305210918,139692.59144295068,1.4416726521247563,29.427450548726586,0.30028010764006724,0.14057032987654905,0.8202460814562635,3250
163,2.0,96,4,98,96,0,2,0,0,3.2710020856606388,464.79869896663547,0.9997533604636824,139535.67457092978,1.4424757217480129,29.308243119887653,0.30529419916549644,0.1356275621751216,0.8351708135174464,3270
164,2.0,96,4,96,96,0,0,0,0,2.9911039999999955,467.7898029666355,0.9997548118180704,139464.34827407548,1.4427495495966314,29.192226261490408,0.3040856902238584,0.1362831543406575,0.8327368823946647,3287
165,2.0,96,4,96,96,0,0,0,0,3.234943999999995,471.02474696663546,0.9997562461913467,139321.76689784075,1.4438472790104615,29.075425101718555,0.30286901147623496,0.1367739930908014,0.8306078100512322,3305
166,2.0,96,4,96,96,0,0,0,0,3.1292799999999947,474.15402696663546,0.9997576638798013,139212.14678335897,1.4446171963024323,28.958971773532014,0.3016559559742918,0.13732705444822046,0.8283308564743176,3318
167,2.0,95,5,96,95,0,1,0,0,3.21791759201135,477.3719445586468,0.9996988314660884,139069.75631209093,1.4457573115023956,28.84371403598369,0.3036180424840389,0.13499647889380492,0.8349389982157981,3335
168,2.0,95,5,95,95,0,0,0,0,3.1536639999999956,480.5256085586468,0.9997005450080853,138947.84962714667,1.446003008664799,28.72855423202614,0.3024058340213278,0.1355075388561796,0.832783638757875,3354
169,2.0,95,5,95,95,0,0,0,0,3.190239999999995,483.7158485586468,0.9997022391615055,138817.0352492778,1.4466292758448391,28.614469126527926,0.30120493817397814,0.13599795653383082,0.8306585967314603,3369
170,2.0,95,5,95,95,0,0,0,0,3.210559999999995,486.9264085586468,0.9997039142535679,138682.14747253072,1.4472954962204343,28.496485637419838,0.29996300670968246,0.1365025247701491,0.8284429470910033,3390
171,2.0,95,5,95,95,0,0,0,0,3.1089599999999953,490.0353685586468,0.9997055706041691,138577.75245843886,1.4476439653750108,28.38310997930187,0.2987695787294934,0.13704459145635245,0.8261714079693563,3407
172,2.0,95,5,95,95,0,0,0,0,3.0073599999999954,493.0427285586468,0.9997072085260877,138503.20883877965,1.4478763796271048,28.272138227294583,0.2976014550241536,0.13764232663495016,0.8237833570429465,3429
173,2.0,95,5,95,95,0,0,0,0,2.8691839999999957,495.9119125586468,0.9997088283251805,138468.1397260835,1.447873105021205,28.16126151186138,0.296434331703804,0.13832780671995276,0.8211853238523538,3446
174,2.0,95,5,95,95,0,0,0,0,3.2471359999999954,499.1590485586468,0.9997104303005734,138328.65536421796,1.448935290170816,28.045549904867627,0.29521631478808025,0.13882709798303366,0.8189067604208476,3457
175,2.0,95,5,95,95,0,0,0,0,3.047999999999996,502.2070485586468,0.9997120147448451,138245.76974628487,1.4493840532387812,27.932512978364283,0.29402645240383457,0.13941758833327447,0.8164370498745406,3474
176,2.0,94,6,95,94,0,1,0,0,3.1965299874129243,505.40357854605975,0.9996562983330469,138115.3655476906,1.4503786205014468,27.819906313858713,0.2959564501474331,0.137306621035639,0.8228812605303658,3494
177,2.0,94,6,94,94,0,0,0,0,3.072383999999996,508.47596254605975,0.9996581391373711,138020.29037634758,1.4511040995747124,27.708741090069733,0.29477384138372054,0.1378699054330064,0.8205084081573489,3507
178,2.0,94,6,94,94,0,0,0,0,3.169919999999995,511.64588254605974,0.999659960328705,137900.0641007765,1.452041699631193,27.596159583052437,0.2935761657771535,0.13836539182250546,0.8182414524568118,3527
179,2.0,94,6,94,94,0,0,0,0,2.987039999999996,514.6329225460597,0.9996617622188398,137830.2803658108,1.452491017444893,27.48662210368408,0.2924108734434477,0.13895980020558873,0.8157704485156796,3544
180,2.0,94,6,94,94,0,0,0,0,3.259327999999995,517.8922505460597,0.9996635451129927,137688.8723953943,1.453818565374505,27.374667623981015,0.2912198683402236,0.13939733535010157,0.8135888345753817,3563
181,2.0,94,6,94,94,0,0,0,0,2.9667199999999956,520.8589705460597,0.9996653093099793,137626.50554880087,1.4544000623593845,27.26415538106733,0.2900442061815673,0.13999648959173228,0.8110476587201642,3582
182,2.0,94,6,94,94,0,0,0,0,3.255263999999995,524.1142345460597,0.9996670551023805,137489.1106752936,1.4557910984438742,27.151281158711836,0.28884341658204077,0.14042676711410967,0.8088255995255308,3603
183,2.0,94,6,94,94,0,0,0,0,3.291839999999995,527.4060745460597,0.9996687827767043,137343.88642062177,1.4570753432740033,27.04002186273475,0.2876598070503697,0.14082529091650892,0.8066701438386543,3617
184,2.0,94,6,94,94,0,0,0,0,3.1739839999999955,530.5800585460597,0.9996704926135428,137230.93966163296,1.4581426050756914,26.930355617645077,0.2864931448685647,0.1412819382392082,0.8043825983777427,3637
185,2.0,93,7,94,93,0,1,0,0,3.125772776206162,533.7058313222659,0.9996175490356772,137124.2278141974,1.4589198239417953,26.82218506257587,0.2884105920707083,0.13937385780397168,0.8106824054145588,3662
186,2.0,93,7,93,93,0,0,0,0,3.0927039999999955,536.7985353222659,0.9996194824961948,137027.19951693012,1.4597600049629988,26.713612980582536,0.28724315032884445,0.1398809538957059,0.808311319191426,3682
187,2.0,92,8,93,92,0,1,0,0,3.2491894677895754,540.0477247900556,0.9995673102926064,136884.19857474277,1.460881714466613,26.605285404945338,0.2891878848363623,0.13781963359164334,0.8149139300016945,3701
188,2.0,92,8,92,92,0,0,0,0,3.2105599999999948,543.2582847900555,0.9995694526667025,136752.63144621984,1.4621240745647963,26.498059779022505,0.28802238890241855,0.13824815515333072,0.8127495288065004,3716
189,2.0,92,8,92,92,0,0,0,0,3.068319999999995,546.3266047900555,0.9995715739302736,136658.18092218047,1.4630010837642922,26.394405734423795,0.28689571450460655,0.13873062950301665,0.8104857131633133,3740
190,2.0,92,8,92,92,0,0,0,0,2.966719999999995,549.2933247900555,0.9995736743938183,136590.045088708,1.4636742240295662,26.290917377313164,0.2857708410577518,0.1392686375657164,0.808078231934503,3761
191,2.0,92,8,92,92,0,0,0,0,3.194303999999994,552.4876287900555,0.9995757543617755,136466.4040806068,1.4648791038224762,26.18422961552191,0.2846111914730642,0.13970278768332192,0.8058417093230249,3781
192,2.0,92,8,92,92,0,0,0,0,3.1739839999999946,555.6616127900555,0.9995778141326719,136349.17053128476,1.466123291709012,26.07822581230227,0.2834589762206769,0.14013003003946223,0.8036071058908684,3807
193,2.0,91,9,92,91,0,1,0,0,3.1660134739775865,558.8276262640331,0.9995273357491729,136228.05391520011,1.4672508709462426,25.97363282990006,0.2854245365923083,0.13813468223983502,0.8102287188305881,3828
194,2.0,91,9,91,91,0,0,0,0,3.2146239999999944,562.0422502640331,0.999529583943132,136096.53004567898,1.4682066955515716,25.86865533448342,0.2842709377415761,0.13855541818207961,0.8080384923180453,3839
195,2.0,91,9,91,91,0,0,0,0,3.194303999999995,565.2365542640331,0.999531810851584,135971.3900670675,1.4689564962299504,25.762357300027897,0.28310282747283405,0.13899143669362185,0.805776321406077,3855
196,2.0,90,10,91,90,0,1,0,0,2.9972469809496958,568.2338012449828,0.9994822408615512,135887.72760582372,1.4694075837373708,25.660469664293565,0.28511632960326183,0.13704320799402125,0.81232702049749,3879
197,2.0,90,10,90,90,0,0,0,0,3.190239999999994,571.4240412449828,0.9994846423417852,135759.07627369385,1.4703752040579086,25.556682596053516,0.28396313995615025,0.1374753028222314,0.8101215721344412,3893
198,2.0,90,10,90,90,0,0,0,0,2.9463999999999952,574.3704412449829,0.9994870216476864,135689.4338626984,1.4707794856572367,25.454705141154832,0.2828300571239426,0.1380310417747376,0.8076380465289152,3916
199,2.0,90,10,90,90,0,0,0,0,3.2999679999999945,577.6704092449829,0.9994893790849673,135537.4946456633,1.4721214473259692,25.347600571975146,0.2816400063552794,0.1384030756836875,0.8054824199084525,3936
200,2.0,90,10,90,90,0,0,0,0,3.0276799999999953,580.698089244983,0.9994917149537461,135450.76427282143,1.472821147312636,25.247635079678208,0.2805292786630912,0.13889194924501755,0.8031285206468092,3955
201,2.0,89,11,90,89,0,1,0,0,2.9263033277730126,583.6243925727559,0.9994434325035418,135381.5930339995,1.473173094589631,25.147931123972207,0.2825610238648563,0.13697414404638233,0.8097219856445215,3977
202,2.0,89,11,89,89,0,0,0,0,3.1902399999999944,586.814632572756,0.9994459275676221,135252.25104225668,1.4741545271495877,25.04664646970998,0.2814229940416852,0.13739109023762291,0.8075322902620922,3996
203,2.0,88,12,89,88,0,1,0,0,3.0234551161884484,589.8380876889444,0.999398254939324,135155.7345378499,1.4744051217082794,24.943451344318163,0.2834483107308882,0.1353933301444657,0.8142236216683455,4015
204,2.0,88,12,88,88,0,0,0,0,2.9463999999999952,592.7844876889444,0.999400898652022,135077.75871830285,1.4740923921220281,24.847187545217366,0.2823544039229246,0.1359167143742693,0.8118752607432314,4039
205,2.0,88,12,88,88,0,0,0,0,3.169919999999995,595.9544076889445,0.9994035192365046,134949.9206019413,1.4741488001605465,24.744202411032134,0.2811841183071833,0.1363478124037101,0.8096289863642696,4062
206,2.0,88,12,88,88,0,0,0,0,3.190239999999995,599.1446476889445,0.999406116994952,134818.8627096543,1.474386895413708,24.645054582540087,0.2800574384379555,0.13674468605918627,0.8074862232598388,4083
207,2.0,87,13,88,87,0,1,0,0,3.0377449008467496,602.1823925897912,0.999359416576328,134716.65893635977,1.4743684721240073,24.548016030194056,0.282161103795334,0.1346181323902597,0.814583478767798,4106
208,2.0,87,13,87,87,0,0,0,0,2.926079999999996,605.1084725897912,0.9993621510230116,134640.32267026385,1.4740438242676617,24.453165575872653,0.28107086868819137,0.1351220877065713,0.8122742994063812,4126
209,2.0,86,14,87,86,0,1,0,0,2.993330078786762,608.101802668578,0.9993160054719562,134543.26173834843,1.4740859747830486,24.359043519789747,0.2832446920905784,0.13292617935869447,0.819510477955569,4141
210,2.0,86,14,86,86,0,0,0,0,3.153663999999995,611.255466668578,0.9993188673737472,134411.88583193,1.4743501938395078,24.26308326558442,0.2821288751812142,0.13330266077697017,0.8174974392408858,4163
211,2.0,86,14,86,86,0,0,0,0,3.1699199999999945,614.4253866685781,0.9993217054263566,134278.3058612498,1.4748957883643907,24.167315827378943,0.2810153003183598,0.13368290125872898,0.8154586353368946,4185
212,2.0,86,14,86,86,0,0,0,0,3.015487999999994,617.4408746685781,0.9993245199266622,134179.6492570565,1.475150580930753,24.072809207796357,0.279916386137167,0.1341331471132998,0.8132573278818985,4207
213,2.0,86,14,86,86,0,0,0,0,3.190239999999995,620.6311146685781,0.9993273111666346,134044.19796842636,1.4757567930277034,23.976851106198495,0.27880059425812204,0.13451545255747516,0.8111707578289437,4227
214,2.0,86,14,86,86,0,0,0,0,3.007359999999994,623.638474668578,0.9993300794334387,133949.40080371688,1.4759460051092406,23.883089955395008,0.27771034831854663,0.13495824221320513,0.8089537945016823,4246
215,2.0,86,14,86,86,0,0,0,0,3.0073599999999936,626.645834668578,0.999332825009531,133855.5135284074,1.476193743466598,23.785432254731056,0.2765747936596634,0.13546974330631498,0.8065061718732276,4269
216,2.0,85,15,86,85,0,1,0,0,3.0960197323921546,629.7418544009702,0.9992880873279545,133737.33921514975,1.47650092350557,23.691676219870796,0.27872560258671525,0.1332966953977963,0.8138617322393125,4289
217,2.0,85,15,85,85,0,0,0,0,2.966719999999996,632.7085744009702,0.9992909477664854,133647.62770926396,1.4764450564444858,23.599547828354776,0.27764173915711504,0.13376985676159717,0.8115971299768365,4309
218,2.0,84,16,85,84,0,1,0,0,2.755938557963913,635.464512958934,0.9992467043314501,133596.75995862618,1.4759913284072714,23.51039494117655,0.2798856540616256,0.13164876964820488,0.8188369020826212,4324
219,2.0,84,16,84,84,0,0,0,0,2.9667199999999956,638.4312329589341,0.9992496717313825,133502.24049186264,1.4761225934995847,23.417781813180557,0.2787831168235781,0.13216305970444753,0.8164974639978845,4346
220,2.0,84,16,84,84,0,0,0,0,2.828543999999996,641.259776958934,0.9992526158445441,133437.34173659194,1.4759557555549627,23.326573969848038,0.2776973091648576,0.1327080183592786,0.814082802001042,4362
221,2.0,83,17,84,83,0,1,0,0,2.8504035898446465,644.1101805487787,0.9992090080029778,133362.27650805586,1.4758782882070645,23.237290570555274,0.27996735627175023,0.13048552767526117,0.8215407680806751,4379
222,2.0,83,17,83,83,0,0,0,0,3.1089599999999957,647.2191405487787,0.9992120509849363,133234.62579750604,1.4761451223493465,23.14487775983917,0.2788539489137249,0.1308837095159482,0.8194695675420091,4397
223,2.0,83,17,83,83,0,0,0,0,2.926079999999996,650.1452205487786,0.9992150706436421,133145.63771911222,1.4760141923011914,23.05480638031879,0.2777687515701059,0.13137701858589743,0.8171916769249054,4411
224,2.0,83,17,83,83,0,0,0,0,2.8041599999999964,652.9493805487787,0.9992180672462169,133082.29181099348,1.4755266748002467,22.96744721157986,0.2767162314648176,0.13192587586413404,0.8147997424129491,4430
225,2.0,83,17,83,83,0,0,0,0,2.865119999999996,655.8145005487787,0.9992210410557185,133007.1230919849,1.4752452089511927,22.87821589779835,0.2756411553951608,0.13243477005946247,0.8124515806518608,4450
226,2.0,83,17,83,83,0,0,0,0,2.885439999999996,658.6999405487787,0.9992239923312183,132928.50751899517,1.475052253082486,22.78489934870543,0.27451685962295697,0.1329957182126034,0.8099047659281579,4467
227,2.0,83,17,83,83,0,0,0,0,3.0520639999999957,661.7520045487787,0.9992269213278763,132817.12695366886,1.4752654290257952,22.6936788446042,0.2734178174048699,0.1334540943400336,0.8075994908774105,4488
228,2.0,83,17,83,83,0,0,0,0,2.8651199999999957,664.6171245487787,0.9992298282970145,132744.09692632724,1.4751484285369842,22.6056014392668,0.2723566438465879,0.1339472960929849,0.8052336700229399,4503
229,2.0,82,18,83,82,0,1,0,0,3.033367439555437,667.6504919883342,0.9991875789853765,132632.2695221608,1.4754520131410442,22.516111622754636,0.27458672710676385,0.13179035558301855,0.8127698577157761,4522
230,2.0,82,18,82,82,0,0,0,0,2.9667199999999965,670.6172119883342,0.9991905746919687,132534.62394213962,1.4753341338691854,22.428255554565286,0.2735153116410401,0.13224849877609077,0.8105134316014455,4542
231,2.0,82,18,82,82,0,0,0,0,2.8244799999999968,673.4416919883342,0.9991935483870967,132465.81116267646,1.4750072478755676,22.341631780208324,0.272458924148882,0.13277480832393623,0.8080930643165739,4555
232,2.0,82,18,82,82,0,0,0,0,2.8447999999999967,676.2864919883342,0.9991965003124721,132393.59511197286,1.474873437711018,22.25451522327083,0.27139652711305895,0.13330536501006074,0.8056324949913591,4571
233,2.0,82,18,82,82,0,0,0,0,2.8244799999999968,679.1109719883342,0.99919943070628,132325.9433386738,1.474592225473722,22.166167959599292,0.27031912145852793,0.13387760914168145,0.8030321683171608,4592
234,2.0,82,18,82,82,0,0,0,0,3.092703999999996,682.2036759883342,0.9992023398032438,132206.8513766588,1.4748858898933515,22.073511373574974,0.2691891630923778,0.13434110430696117,0.8006025307323971,4609
235,2.0,82,18,82,82,0,0,0,0,2.987039999999996,685.1907159883342,0.9992052278346873,132109.20388702577,1.4750999838045844,21.984037337683258,0.26809801631321045,0.13482159640376043,0.7981546393775346,4624
236,2.0,82,18,82,82,0,0,0,0,2.8447999999999967,688.0355159883342,0.9992080950285965,132039.6954647038,1.4750151893783834,21.896519050734685,0.2670307201309108,0.13533644578491777,0.7956295937533784,4644
237,2.0,82,18,82,82,0,0,0,0,3.0276799999999957,691.0631959883342,0.9992109416096792,131935.83528870076,1.4753699995121183,21.806922868335274,0.2659380837601863,0.1358153812623875,0.7931361553921413,4659
238,2.0,82,18,82,82,0,0,0,0,2.7228799999999964,693.7860759883342,0.9992137677994234,131890.7991482069,1.4751682198080973,21.720812193398405,0.26488795357802936,0.13638388555422704,0.790454408598113,4675
239,2.0,82,18,82,82,0,0,0,0,2.6863039999999963,696.4723799883342,0.999216573816156,131853.03917082565,1.4750023130767929,21.6366639617817,0.2638617556314842,0.13697043748922874,0.7877340211203706,4695
240,2.0,82,18,82,82,0,0,0,0,3.088639999999996,699.5610199883341,0.9992193598750976,131739.75874404333,1.475430240073926,21.545809362448495,0.2627537727127865,0.13741965046957577,0.7852210590178763,4714
241,2.0,82,18,82,82,0,0,0,0,2.8244799999999963,702.3854999883341,0.9992221261884183,131676.97795802465,1.4754309799735998,21.458809671602804,0.2616928008732049,0.137939814724515,0.7825702135147301,4735
242,2.0,82,18,82,82,0,0,0,0,2.9870399999999955,705.3725399883341,0.9992248729652915,131584.36817165444,1.4757429368501938,21.36990359690578,0.2606085804500705,0.13844153548780327,0.779910169051551,4754
243,2.0,82,18,82,82,0,0,0,0,2.9667199999999956,708.3392599883341,0.9992276004119465,131496.3115294979,1.475926122771829,21.278420149163466,0.25949292864833495,0.1389786150886351,0.7770953156614918,4773
244,2.0,82,18,82,82,0,0,0,0,2.824479999999996,711.1637399883341,0.9992303087317198,131435.27255978112,1.475971201757401,21.190388034775378,0.25841936627774853,0.1395320056179703,0.7742697142443221,4790
245,2.0,82,18,82,82,0,0,0,0,2.9667199999999956,714.1304599883341,0.9992329981251066,131348.54939744805,1.4760500584391874,21.10127280667397,0.2573325952033411,0.14003031867205232,0.7715388518938013,4807
246,2.0,82,18,82,82,0,0,0,0,2.9667199999999956,717.0971799883341,0.999235668789809,131262.54380407868,1.4761836298813718,21.012769595977257,0.25625328775582024,0.1405204854013184,0.7688139416109859,4824
247,2.0,82,18,82,82,0,0,0,0,2.8651199999999957,719.9622999883342,0.9992383209207854,131195.75844669994,1.476215382650807,20.926184250050927,0.2551973689030601,0.14103948872647634,0.7660239465872072,4836
248,2.0,82,18,82,82,0,0,0,0,2.7472639999999964,722.7095639883341,0.9992409547102977,131150.88650124738,1.4759935199866987,20.837481953670597,0.2541156335813488,0.14166655234308195,0.762896692153383,4856
249,2.0,82,18,82,82,0,0,0,0,3.0723839999999947,725.7819479883341,0.9992435703479576,131047.62423979274,1.4764342732504523,20.746549298663492,0.2530066987641889,0.14214477734997025,0.7600839354435138,4874
250,2.0,82,18,82,82,0,0,0,0,2.787903999999996,728.5698519883341,0.9992461680207723,130996.36189932299,1.476420895600415,20.660376140926036,0.251955806596659,0.14270233890963716,0.7571257568537891,4889
251,2.0,82,18,82,82,0,0,0,0,3.068319999999994,731.6381719883341,0.9992487479131886,130895.3027146416,1.4769406798400868,20.569853733750154,0.2508518748018312,0.14317588600219722,0.7542812196981844,4912
252,2.0,82,18,82,82,0,0,0,0,2.7228799999999955,734.3610519883341,0.9992513102071375,130856.61302408854,1.4768734375743113,20.483589271799186,0.2497998691682828,0.1437454327744056,0.7512392029955315,4931
253,2.0,82,18,82,82,0,0,0,0,2.7838399999999957,737.144891988334,0.999253855082076,130807.39085081525,1.4769214175687575,20.39682544679386,0.24874177374138856,0.1443181590748019,0.7481538040279626,4952
254,2.0,82,18,82,82,0,0,0,0,3.1292799999999947,740.274171988334,0.9992563827150294,130697.5221628085,1.4775897585509883,20.30516352067456,0.24762394537408003,0.14478284593203342,0.7452339420254172,4973
255,2.0,81,19,82,81,0,1,0,0,2.7641021805891546,743.0382741689232,0.9992177206851119,130647.37493984144,1.4773412148053515,20.21821383800708,0.24960757824700106,0.14363360713926054,0.7512422560559147,4995
256,2.0,81,19,81,81,0,0,0,0,2.828543999999996,745.8668181689231,0.9992203208995035,130586.31598482096,1.4771638292104343,20.132821161353906,0.24855334767103593,0.14415378720595393,0.7482976540795365,5015
257,2.0,81,19,81,81,0,0,0,0,3.0479999999999947,748.9148181689231,0.9992229038854805,130487.47017575722,1.477415912103863,20.043098063752478,0.24744565510805527,0.14466721765364576,0.745263820349675,5034
258,2.0,81,19,81,81,0,0,0,0,2.8488639999999954,751.7636821689232,0.9992254698137051,130423.9647719087,1.4774081077049932,19.956290329734987,0.2463739546880862,0.14522232569736626,0.7421492324758665,5052
259,2.0,81,19,81,81,0,0,0,0,2.9463999999999952,754.7100821689232,0.9992280188525923,130344.09149178672,1.4775881171013996,19.865853297620273,0.2452574481187688,0.14579262515046307,0.7388975583490646,5068
260,2.0,81,19,81,81,0,0,0,0,2.9463999999999952,757.6564821689233,0.9992305511683474,130264.83943945884,1.477819651103385,19.778800951084545,0.24418272779116726,0.14630382205768336,0.7358409855488529,5077
261,2.0,81,19,81,81,0,0,0,0,2.702559999999995,760.3590421689232,0.999233066925002,130227.9508869199,1.4776724176253642,19.695401954968514,0.24315311055516683,0.14686641086355579,0.7326943463543234,5094
262,2.0,80,20,81,80,0,1,0,0,2.886337546906747,763.2453797158299,0.9991953329309998,130154.73482064978,1.4778313421422558,19.610468393764357,0.24513085492205447,0.1457485574457442,0.7388149809159394,5112
263,2.0,80,20,80,80,0,0,0,0,2.8447999999999953,766.0901797158299,0.9991979145779025,130089.12349844693,1.4777478743383043,19.523998121452973,0.24404997651816215,0.14630404116972953,0.7356289408938856,5126
264,2.0,79,21,80,79,0,1,0,0,2.977871514844448,769.0680512306743,0.9991605036977813,129996.29855903765,1.4779300687582961,19.438385254737586,0.24605550955364033,0.1451689457251098,0.7417947744339219,5145
265,2.0,79,21,79,79,0,0,0,0,2.7838399999999957,771.8518912306743,0.9991631465689009,129936.8455780941,1.4774558467360577,19.354147005495335,0.24498920260120682,0.14572468702254837,0.7386550798049006,5163
266,2.0,79,21,79,79,0,0,0,0,2.7635199999999958,774.6154112306742,0.9991657728518651,129881.22691770167,1.4770451555120039,19.272662846058562,0.24395775754504515,0.14627166774212683,0.735568009573324,5182
267,2.0,79,21,79,79,0,0,0,0,3.275583999999996,777.8909952306742,0.9991683827023602,129740.5428508299,1.477296165921541,19.18110299748374,0.24279877212004736,0.14678665768142685,0.7323357241841781,5203
268,2.0,79,21,79,79,0,0,0,0,2.743199999999996,780.6341952306742,0.9991709762741305,129689.42510913705,1.4768130299758904,19.09959660306212,0.24176704560838128,0.1473285872981077,0.7292100747541614,5226
269,2.0,79,21,79,79,0,0,0,0,2.539999999999996,783.1741952306742,0.9991735537190083,129672.30102632269,1.4760187709313817,19.017524955806575,0.24072816399755162,0.1479938378493004,0.7257161457175598,5239
270,2.0,79,21,79,79,0,0,0,0,2.9260799999999962,786.1002752306741,0.9991761151869434,129591.60963288884,1.475878848816601,18.93273654087955,0.23965489292252595,0.1485242846234721,0.7225012916824876,5257
271,2.0,79,21,79,79,0,0,0,0,2.7106879999999958,788.8109632306741,0.9991786608260326,129546.88101883909,1.4754377470734734,18.84984555535793,0.23860563994123962,0.14911568828484664,0.7191358983613212,5277
272,2.0,79,21,79,79,0,0,0,0,2.8041599999999964,791.6151232306742,0.9991811907825476,129487.16742761199,1.4750742554875003,18.766380575075075,0.23754912120348196,0.14969125741502312,0.7157748748084729,5290
273,2.0,79,21,79,79,0,0,0,0,2.905759999999996,794.5208832306741,0.999183705200964,129411.32469912455,1.4749716886683275,18.68287062112193,0.23649203317875864,0.1502110823789206,0.7125387033892503,5313
274,2.0,79,21,79,79,0,0,0,0,2.6822399999999953,797.2031232306741,0.9991862042239876,129372.29796847793,1.474588765270213,18.600967145440475,0.23545528032203128,0.15079653393194575,0.7091334301168241,5331
275,2.0,78,22,79,78,0,1,0,0,3.026453869017895,800.229577099692,0.9991500540874672,129272.90237750424,1.4747126610887895,18.515190212097625,0.23737423348843104,0.14992588600843995,0.7148370253824994,5355
276,2.0,78,22,78,78,0,0,0,0,2.702559999999995,802.932137099692,0.9991526076573454,129226.36323263415,1.4744516032062853,18.434464113579445,0.23633928350742878,0.15051641834108057,0.7114409115557219,5381
277,2.0,78,22,78,78,0,0,0,0,2.702559999999995,805.634697099692,0.9991551459293395,129180.13632563516,1.4742350654804728,18.350478734091887,0.23526254787297296,0.15116451923282204,0.7077883378095616,5399
278,2.0,78,22,78,78,0,0,0,0,2.950463999999996,808.585161099692,0.9991576690405085,129094.62728457159,1.4742629135545822,18.263435128768624,0.23414660421498246,0.15176437357686068,0.7041703620665761,5421
279,2.0,78,22,78,78,0,0,0,0,2.7025599999999956,811.2877210996919,0.9991601771262788,129049.16132353844,1.4739519621888753,18.18111085656051,0.23309116482769887,0.1523877171857134,0.700567813027491,5441
280,2.0,78,22,78,78,0,0,0,0,2.7635199999999953,814.0512410996919,0.9991626703204689,128994.33684069564,1.4737822994301413,18.09956363008099,0.23204568756514085,0.15294200888484866,0.6971474569882734,5463
281,2.0,78,22,78,78,0,0,0,0,2.9667199999999965,817.0179610996919,0.9991651487553127,128907.81477832032,1.4737791747378453,18.01485078472071,0.23095962544513732,0.15347861936060275,0.693676352800454,5483
282,2.0,78,22,78,78,0,0,0,0,2.804159999999996,819.8221210996919,0.9991676125614831,128847.46249382425,1.473618794955595,17.930344633977338,0.22987621325611982,0.15404492859161342,0.6901013823693468,5503
283,2.0,78,22,78,78,0,0,0,0,2.783839999999995,822.6059610996919,0.9991700618681153,128790.70297323145,1.4734861739491683,17.847839926150648,0.22881846059167493,0.15461084327343494,0.6865491694747446,5521
284,2.0,78,22,78,78,0,0,0,0,2.9260799999999962,825.5320410996918,0.9991724968028286,128712.14527113485,1.473558070670352,17.76350285221371,0.22773721605402186,0.15516832378260498,0.6829503617544751,5544
285,2.0,78,22,78,78,0,0,0,0,2.7635199999999966,828.2955610996918,0.9991749174917491,128659.38803114474,1.47329899464768,17.68087581576717,0.22667789507393807,0.15568204028582666,0.6794899135604082,5563
286,2.0,77,23,78,70,0,1,7,0,2.677955160456971,830.9735162601487,0.9988781691720888,128581.71519217182,1.4729949700916247,17.60153028293198,0.22859130237573988,0.1549951217516748,0.6850513348049323,5577
287,2.0,77,23,77,77,0,0,0,0,3.596639999999996,834.5701562601487,0.9988813900592863,128396.6353172564,1.473956765416721,17.501904518000295,0.2272974612727311,0.1551526705541641,0.6821564861556588,5593
288,2.0,76,24,77,76,0,1,0,0,3.055169070422958,837.6253253305716,0.9988474122546104,128291.24997813378,1.4741314589547787,17.415357297254197,0.22914943812176575,0.15458759926275287,0.6872355770484463,5612
289,2.0,75,25,76,68,0,1,7,0,2.413748333731854,840.0390736643035,0.9985540560581344,128246.41540787645,1.4733426112193047,17.34358612022956,0.23124781493639418,0.15382733211842578,0.6932416526570204,5634
290,2.0,74,26,75,63,0,2,10,0,2.4184760828997054,842.4575497472032,0.9981143934632307,128177.3782339571,1.4728176426832282,17.274214983822837,0.23343533761922752,0.15286388254014002,0.6998774771963319,5657
291,2.0,72,28,74,70,0,2,2,0,2.81386906431045,845.2714188115136,0.9979720511780539,128081.9362758339,1.4728488779669362,17.195740553860034,0.2388297299147227,0.1504249940925979,0.7159728831603043,5681
292,2.0,69,31,72,60,0,4,8,0,2.301949470615986,847.5733682821296,0.9975361306218512,128017.23610065405,1.4723366771082314,17.12758434555708,0.24822586008053743,0.1455868454927237,0.7440512230240691,5706
293,2.0,68,32,69,49,0,2,18,0,1.8463118985370757,849.4196801806668,0.996808744772944,127969.72160673287,1.4715397520599016,17.074317443994335,0.251092903588152,0.1438446572897129,0.7529072198576091,5723
294,2.0,66,34,68,46,0,2,20,0,1.5776569256412805,850.997337106308,0.9960117087449689,127948.69649092454,1.470355577239552,17.028330346791318,0.25800500525441383,0.13941176014749201,0.7740100371247391,5745
295,2.0,65,35,66,51,0,2,13,0,2.808223999999996,853.805561106308,0.9954737917944225,127766.79488787889,1.4702223244636532,16.95284557136623,0.26081300879024966,0.13695689096464836,0.7838550710127042,5763
296,2.0,64,36,65,46,0,2,17,0,1.9701516862181372,855.7757127925262,0.9947926149812462,127687.66204339787,1.4694438660073506,16.89840598218458,0.26403759347163414,0.13444156860374415,0.7941171446625597,5789
297,2.0,61,39,64,49,0,3,12,0,2.180939618678365,857.9566524112046,0.9942597638510445,127591.52772153549,1.468722607111312,16.839255401730725,0.27605336724148727,0.12463046400997592,0.830683944444054,5804
298,2.0,58,42,61,36,0,4,21,0,1.7510263369962344,859.7076787482008,0.9933662002465018,127499.15199036415,1.4680139265128327,16.791614538002456,0.289510595482801,0.11089276827816277,0.872055492522571,5828
299,2.0,55,45,58,29,0,4,25,0,1.3334451474512221,861.041123895652,0.9923310664158588,127436.42197198671,1.4672693128071228,16.75667616187549,0.30466683930682714,0.09038762573341086,0.9191031112253322,5850
300,2.0,55,45,55,45,10,0,0,26,1.223264,862.264387895652,0.991985270226362,127464.38510377242,1.465849344633468,16.67370087116155,0.30315819765748264,0.09011599902890917,0.9188120023986512,5851
301,2.0,55,45,55,43,12,0,0,26,1.166368,863.430755895652,0.9915687828781437,127491.40478070191,1.4644603345620903,16.597144163350883,0.3017662575154706,0.08989179166559742,0.9184965058133296,5852
302,2.0,55,45,55,43,12,0,0,26,1.227328,864.658083895652,0.9911539429681039,127509.36127638789,1.4630834729100202,16.517678836070974,0.30032143338310857,0.08980381204111622,0.9179227109781911,5853
303,2.0,55,45,55,45,10,0,0,26,1.1907519999999996,865.848835895652,0.9908125179443009,127541.89348278889,1.461657634357155,16.440604172652318,0.2989200758664058,0.08971575527267583,0.917364056945261,5854
304,2.0,55,45,55,45,10,0,0,26,1.2517119999999997,867.100547895652,0.9904724381245746,127565.36744030658,1.4602855223938624,16.356267672779747,0.2973866849596318,0.0896252036295945,0.9167352465017774,5855
305,2.0,55,45,55,43,12,0,0,26,1.1866879999999997,868.287235895652,0.9900622006148566,127589.11500722979,1.4589050264082044,16.277404323939965,0.29595280588981754,0.08950109505573213,0.9162074171208642,5856
306,2.0,55,45,55,44,11,0,0,26,1.1988799999999997,869.486115895652,0.9896892504192086,127615.60877335093,1.457477036499186,16.199940143249176,0.2945443662408941,0.08943506308249598,0.9155862032557627,5857
307,2.0,55,45,55,45,10,0,0,26,1.2517119999999993,870.737827895652,0.9893533684660305,127638.87870657534,1.4560725789456284,16.11742280438324,0.29304405098878616,0.08941714580680633,0.9148247004346658,5858
308,2.0,55,45,55,44,11,0,0,26,1.1785599999999996,871.916387895652,0.9889832616653044,127668.20482484373,1.4546686758113498,16.041478141069586,0.291663238928538,0.08933137127307374,0.9142363785934311,5859
309,2.0,55,45,55,42,13,0,0,26,1.1907519999999996,873.1071398956519,0.9885436617720083,127686.50593479724,1.4533171342026039,15.96321844188328,0.29024033530696874,0.08920397259248285,0.9136917046691432,5860
310,2.0,55,45,55,42,13,0,0,26,1.2029439999999996,874.3100838956519,0.9881057736557046,127702.97638855274,1.4519658743816026,15.883157675451455,0.28878468500820825,0.08917757433307724,0.9129424581844242,5861
311,2.0,55,45,55,43,12,0,0,26,1.2191999999999996,875.5292838956519,0.9877049180327869,127721.5988738162,1.450615229942078,15.803617508770248,0.2873385001594591,0.08917324547057429,0.9121488925806066,5862
312,2.0,55,45,55,42,13,0,0,26,1.2029439999999996,876.7322278956519,0.9872703550900949,127737.97567451713,1.4493002853244445,15.724415331940758,0.2858984605807411,0.08913689700728043,0.9114061929536692,5863
313,2.0,55,45,55,44,11,0,0,26,1.2110719999999997,877.9432998956519,0.9869078623213908,127762.23705258842,1.447943323929875,15.645523606932976,0.28446406558059956,0.08909971684590806,0.9106584759940636,5864
314,2.0,55,45,55,42,13,0,0,26,1.2232639999999995,879.1665638956518,0.9864765183181706,127775.559960141,1.4466776438476314,15.565724595314117,0.2830131744602567,0.08917879461018201,0.9096772363421023,5865
315,2.0,55,45,55,44,11,0,0,26,1.1988799999999995,880.3654438956519,0.9861169541438788,127801.47242278156,1.4453510396382079,15.486278652282413,0.28156870276877116,0.08920239634438282,0.9087889756646604,5866
316,2.0,55,45,55,43,12,0,0,26,1.2029439999999996,881.5683878956519,0.9857237831974527,127822.18775900346,1.444051383607742,15.408123957033101,0.28014770830969277,0.08925012576824592,0.9078572650753196,5867
317,2.0,55,45,55,43,12,0,0,26,1.2435839999999994,882.8119718956519,0.9853321226513935,127836.96142867842,1.4427974612714511,15.32476260109998,0.2786320472927269,0.08936942781262239,0.9067199063996569,5868
318,2.0,55,45,55,43,12,0,0,26,1.1785599999999996,883.9905318956519,0.9849419638188853,127861.09796630952,1.4414619245159817,15.247232175809067,0.2772224031965285,0.08938001895975908,0.9058381771692013,5869
319,2.0,55,45,55,44,11,0,0,26,1.2557759999999993,885.2463078956519,0.9845880879487893,127878.53390668293,1.4401868640037727,15.160854330217413,0.2756518969130438,0.08945410780153004,0.9047217767017365,5870
320,2.0,55,45,55,42,13,0,0,26,1.1948159999999994,886.4411238956518,0.9841661168790583,127895.69091939567,1.4389277542401184,15.082040287764869,0.2742189143229976,0.08957106916244195,0.9035919987923278,5871
321,2.0,55,45,55,43,12,0,0,26,1.1744959999999998,887.6156198956518,0.98378041172801,127920.2364795566,1.437649247061856,15.005813181367282,0.27283296693395054,0.08963726498277383,0.9025757314002882,5872
322,2.0,55,45,55,44,11,0,0,26,1.1907519999999994,888.8063718956518,0.9834307655055519,127946.87751558,1.4363582839333275,14.927564211862371,0.27141025839749766,0.08973754086921946,0.9014539221650929,5873
323,2.0,55,45,55,43,12,0,0,26,1.2354559999999992,890.0418278956517,0.9830479215577959,127962.52538970861,1.4351646388130346,14.8447061085353,0.26990374742791456,0.0899569618927538,0.9000219148452879,5874
324,2.0,55,45,55,44,11,0,0,26,1.243583999999999,891.2854118956518,0.9827009890072022,127981.45069758489,1.4339343195274818,14.761269487233154,0.2683867179496937,0.09018270850262376,0.8985469129041191,5875
325,2.0,55,45,55,42,13,0,0,26,1.2070079999999994,892.4924198956518,0.9822865790740868,127996.60529705812,1.432758817683467,14.680458441892476,0.2669174262162268,0.09035703969927998,0.8971859228164484,5876
326,2.0,55,45,55,44,11,0,0,26,1.2801599999999989,893.7725798956518,0.9819423941776236,128010.1924959005,1.431612765349701,14.592220882096239,0.26531310694720434,0.09053200482885795,0.8957075005240588,5877
327,2.0,55,45,55,42,13,0,0,26,1.1785599999999994,894.9511398956517,0.981530975877193,128029.3357840291,1.4304546953247128,14.514419751953135,0.26389854094460247,0.0906873377749522,0.8943810345908825,5878
328,2.0,55,45,55,44,11,0,0,26,1.2842239999999987,896.2353638956517,0.9811895071650877,128042.25834293343,1.4293401189517716,14.426312738200322,0.2622965952400058,0.09100313491326996,0.8925602604223446,5879
329,2.0,55,45,55,44,11,0,0,26,1.194815999999999,897.4301798956517,0.9808493206800027,128067.90163148254,1.4281514469698937,14.346994841887916,0.2608544516706894,0.0912197447167959,0.8910374725644331,5880
330,2.0,55,45,55,45,10,0,0,26,1.2720319999999987,898.7022118956517,0.9805444819244268,128086.92187058472,1.4270312467614332,14.260778248411356,0.25928687724384286,0.09163379526044317,0.8889706728115822,5881
331,2.0,55,45,55,44,11,0,0,26,1.2070079999999992,899.9092198956516,0.9802067745884914,128110.6998918937,1.425872612602391,14.181073379711442,0.2578376978129353,0.09189785959840534,0.8872851410939855,5882
332,2.0,55,45,55,45,10,0,0,26,1.2354559999999992,901.1446758956516,0.9799042737363793,128134.80797102403,1.4247083140614918,14.097331965606173,0.256315126647385,0.0922306095048313,0.8853634114866328,5883
333,2.0,55,45,55,43,12,0,0,26,1.1948159999999994,902.3394918956516,0.9795351358677238,128155.75627423925,1.4235840587576358,14.017218578102003,0.25485851960185457,0.09257963111825515,0.8834257491241961,5884
334,2.0,55,45,55,45,10,0,0,26,1.2354559999999992,903.5749478956516,0.9792350096384728,128179.73790634063,1.4224443999377205,13.932210289913206,0.2533129143620583,0.09293324455139734,0.8813721016982733,5885
335,2.0,55,45,55,44,11,0,0,26,1.2110719999999995,904.7860198956515,0.9789022414258709,128202.68820397751,1.4213251631220136,13.851263254953375,0.2518411500900614,0.09335216007819841,0.879196062602098,5886
336,2.0,55,45,55,43,12,0,0,26,1.2232639999999992,906.0092838956515,0.9785370127025843,128219.43667122455,1.4202311775367895,13.77185346790376,0.25039733578006834,0.09375595329669552,0.8770415277901709,5887
337,2.0,55,45,55,45,10,0,0,26,1.2313919999999996,907.2406758956515,0.9782403981973499,128243.80904784525,1.419068345292879,13.6904088077385,0.24891652377706364,0.09423799080125907,0.8746362297440038,5888
338,2.0,55,45,55,43,12,0,0,26,1.2070079999999996,908.4476838956515,0.9778777401054081,128262.75201708151,1.4179708115407164,13.61115960584771,0.24747562919723107,0.09452905691590967,0.872673816485239,5889
339,2.0,55,45,55,43,12,0,0,26,1.2273279999999998,909.6750118956514,0.9775164187106286,128278.77920580466,1.4168624432482118,13.528420908343469,0.24597128924260844,0.09502059523198954,0.8701451012773322,5890
340,2.0,55,45,55,45,10,0,0,26,1.2110719999999997,910.8860838956514,0.9772233185056356,128305.83545657565,1.4156810817439474,13.447795751221271,0.24450537729493216,0.09553637624640932,0.8675491400266131,5891
341,2.0,55,45,55,45,10,0,0,26,1.2557759999999998,912.1418598956514,0.9769312946517994,128326.53027610277,1.4145398786183119,13.360264046628131,0.2429138917568751,0.09599846965659709,0.8649176316700987,5892
342,2.0,55,45,55,44,11,0,0,26,1.2151359999999995,913.3569958956514,0.9766070178946316,128348.4995755077,1.413431652814639,13.280809085191592,0.24146925609439257,0.09647075175920097,0.8623568358456533,5893
343,2.0,55,45,55,44,11,0,0,26,1.223264,914.5802598956514,0.9762839276210751,128369.269650971,1.4123333958694864,13.198229435063832,0.2399678079102515,0.09701118411829811,0.8595258020983793,5894
344,2.0,55,45,55,45,10,0,0,26,1.227328,915.8075878956513,0.975995218964773,128393.78222469776,1.411173448210317,13.11769680255389,0.23850357822825255,0.09756785233475865,0.8566416825514449,5895
345,2.0,55,45,55,44,11,0,0,26,1.2760960000000001,917.0836838956513,0.9756744216875456,128407.03860281425,1.4100794016546587,13.032984128807842,0.2369633477965062,0.09821754397630246,0.8533900743463699,5896
346,2.0,55,45,55,43,12,0,0,26,1.186688,918.2703718956514,0.975321710939826,128428.40584799062,1.4089171429420424,12.957488946222053,0.23559070811312827,0.09864721479738012,0.8508257199138085,5897
347,2.0,55,45,55,45,10,0,0,26,1.284224,919.5545958956513,0.9750363228107252,128444.79330230333,1.4077707524666843,12.870832972879029,0.23401514496143688,0.09938175747921496,0.8472035744220483,5898
348,2.0,55,45,55,45,10,0,0,26,1.267968,920.8225638956513,0.9747519694123076,128463.40287270043,1.4065422365119267,12.782684684469672,0.23241244880853945,0.10007100255324088,0.8436007441417648,5899
349,2.0,55,45,55,45,10,0,0,26,1.263904,922.0864678956514,0.9744686451273278,128482.52753385702,1.4053486011844005,12.697344295086097,0.23086080536520173,0.10070214278554927,0.8401434435750768,5900
350,2.0,55,45,55,43,12,0,0,26,1.231392,923.3178598956514,0.974120660777037,128497.46024993877,1.404130161035334,12.617415150934542,0.22940754819880987,0.10129679879551214,0.8368385006035535,5901
351,2.0,55,45,55,42,13,0,0,26,1.1948160000000003,924.5126758956513,0.9737411487018096,128513.11085042404,1.402946301408139,12.538420134804628,0.22797127517826596,0.10186527484858274,0.8335691922860928,5902
352,2.0,55,45,55,43,12,0,0,26,1.2476479999999994,925.7603238956514,0.9733957262999444,128525.70684743611,1.401802171028841,12.454432387895935,0.22644422523447155,0.10246721588247738,0.8300401064961572,5903
353,2.0,55,45,55,44,11,0,0,26,1.2232639999999997,926.9835878956513,0.973084209838636,128545.96516698373,1.400584483131281,12.372231915322207,0.22494967118767648,0.10304976491638634,0.8265440211511486,5904
354,2.0,55,45,55,41,14,0,0,26,1.2395199999999997,928.2231078956513,0.9726759920440836,128550.99058082717,1.3995243671438375,12.287985495940033,0.22341791810800063,0.10357696816301575,0.8230949183738988,5905
355,2.0,55,45,55,45,10,0,0,26,1.2598399999999996,929.4829478956514,0.9723994271579222,128570.40602041916,1.3983658932179122,12.203570976342075,0.22188310866076502,0.10429307654204881,0.8190451195021374,5906
356,2.0,55,45,55,45,10,0,0,26,1.2639039999999997,930.7468518956514,0.9721238506774099,128589.20742653031,1.3971759970352904,12.118502991380469,0.2203364180250994,0.10504040348271394,0.8148172922980677,5907
357,2.0,55,45,55,43,12,0,0,26,1.1866879999999997,931.9335398956514,0.9717843938509437,128610.02943774324,1.395980385398486,12.041266090608023,0.21893211073832772,0.10565346103182056,0.8111031850217213,5908
358,2.0,55,45,55,44,11,0,0,26,1.1866879999999997,933.1202278956514,0.9714785198614393,128635.08518156665,1.394797415129528,11.963256165539223,0.2175137484643495,0.10626720819471293,0.8073077533885649,5909
359,2.0,55,45,55,43,12,0,0,26,1.3004799999999994,934.4207078956514,0.9711414167528438,128640.1285676809,1.3936837247961782,11.874783232841288,0.21590514968802346,0.10708861614293212,0.8025589131535148,5910
360,2.0,55,45,55,43,12,0,0,26,1.2191999999999996,935.6399078956514,0.9708055098551566,128656.33347207023,1.3925031294812404,11.792345445463221,0.214406280826604,0.10777136016856867,0.7983029837147155,5911
361,2.0,55,45,55,42,13,0,0,26,1.2151359999999998,936.8550438956514,0.9704385908417595,128668.78476605224,1.3913303678943907,11.711111385393695,0.212929297916249,0.10851064118521264,0.7938391001081403,5912
362,2.0,55,45,55,44,11,0,0,26,1.2435839999999994,938.0986278956515,0.9701372593140248,128685.82941092222,1.390164958644885,11.627066577106223,0.2114012104928404,0.10929054391452316,0.7890978162127661,5913
363,2.0,55,45,55,44,11,0,0,26,1.2476479999999994,939.3462758956515,0.9698369914003337,128702.27210378581,1.3890026736724705,11.544167429370507,0.20989395326128193,0.11011644127399055,0.7841688725878009,5914
364,2.0,54,46,55,44,10,1,0,26,1.2178979667729226,940.5641738624245,0.9695377814792274,128722.74254591065,1.3878021228913615,11.466231687987204,0.2123376238516149,0.10810560973423364,0.7941521742053979,5915
365,2.0,54,46,54,45,9,0,0,25,1.1866879999999997,941.7508618624245,0.9693025932913376,128751.67404700829,1.3866230519282088,11.390817922438446,0.21094107263774903,0.10878936292466829,0.7899012884309513,5916
366,2.0,54,46,54,43,11,0,0,25,1.1988799999999995,942.9497418624245,0.9690043732243752,128770.38362635837,1.385465191519597,11.314080464852946,0.20952000860838785,0.10948241439557699,0.7855168297555689,5917
367,2.0,54,46,54,43,11,0,0,25,1.1419839999999999,944.0917258624245,0.9687071795035213,128796.80720527709,1.3842957673086964,11.242812708308431,0.20820023533904505,0.11006247813485144,0.7815811097630959,5918
368,2.0,54,46,54,42,12,0,0,25,1.1379199999999998,945.2296458624245,0.9683791951646255,128819.48903422609,1.383161699902197,11.170319608306823,0.20685777052420043,0.11066721656427504,0.7774742359358712,5919
369,2.0,54,46,54,42,12,0,0,25,1.1988799999999995,946.4285258624245,0.9680523357362889,128833.8175235056,1.382074086639456,11.093392417214417,0.2054331929113781,0.11140483049168984,0.772749218034707,5920
370,2.0,54,46,54,41,13,0,0,25,1.1663679999999996,947.5948938624246,0.9676948926861745,128848.30932586934,1.3810004590098772,11.02062643269496,0.20408567467953634,0.11201194714777289,0.7685014226556811,5921
371,2.0,53,47,54,43,10,1,0,25,1.2012790836449279,948.7961729460695,0.9674019685413172,128866.4557112941,1.3799220029106622,10.943254549607119,0.2064765009359834,0.11031830939980036,0.7779281864048448,5922
372,2.0,53,47,53,43,10,0,0,24,1.1501119999999996,949.9462849460696,0.9671406003159557,128891.49833029893,1.3788735781651718,10.869912851550762,0.20509269531227856,0.1109459386357557,0.7736151344306498,5923
373,2.0,53,47,53,44,9,0,0,24,1.2151359999999995,951.1614209460696,0.9669116487398669,128911.87268512257,1.3778535778932215,10.790867476662154,0.20360127314456894,0.11172301436167485,0.76857488037499,5924
374,2.0,53,47,53,42,11,0,0,24,1.1338559999999998,952.2952769460696,0.966620481168913,128934.79887221314,1.3768182422789492,10.718564041456476,0.20223705738597125,0.11235162143473806,0.7641583200110205,5925
375,2.0,52,48,53,42,10,1,0,24,1.156050984423512,953.4513279304931,0.9663302838819202,128954.668579541,1.375823833227835,10.646647072571199,0.2047432129340615,0.110587426573046,0.7741510069827483,5926
376,2.0,51,49,52,42,9,1,0,23,1.1320086500866904,954.5833365805798,0.9660713725244029,128977.73853986293,1.3747918240421553,10.574208894538144,0.20733742930466953,0.10862272363076259,0.7846433621813259,5927
377,2.0,51,49,51,42,9,0,0,22,1.0891519999999997,955.6724885805799,0.9658435698169967,129006.53882284975,1.373663497380875,10.506226464789323,0.20600444048606517,0.1093190477154519,0.7802723410936784,5928
378,2.0,50,50,51,40,10,1,0,22,1.0899905240898065,956.7624791046696,0.9655539217219911,129026.79891410626,1.3725616896342532,10.437627361627856,0.20875254723255707,0.1072364375935512,0.79120875890795,5929
379,2.0,49,51,50,40,9,1,0,21,1.0408147218597186,957.8032938265294,0.9652953487645644,129053.63846283349,1.3714396392137087,10.375744443809682,0.2117498866083608,0.10471543516125567,0.8035005972399657,5930
380,2.0,49,51,49,40,9,0,0,20,1.0403840000000002,958.8436778265294,0.9650676813673508,129080.47772766529,1.3703459067414698,10.313397084419357,0.21047749151876238,0.10538587987764088,0.7995525461836279,5931
381,2.0,49,51,49,40,9,0,0,20,1.0525760000000002,959.8962538265295,0.96484070879138,129105.61897285623,1.3692405694195051,10.248689096799048,0.20915692034283767,0.10610998511906952,0.7953070584977916,5932
382,2.0,49,51,49,40,9,0,0,20,1.05664,960.9528938265295,0.9646144278606965,129130.15902983511,1.3681404406264188,10.181883411320989,0.2077935390065508,0.10678494817755983,0.7910813735583697,5933
383,2.0,48,52,49,39,9,1,0,20,1.0494951161714046,962.0023889427009,0.9643577881958458,129151.44642889267,1.367065527606322,10.116839293486604,0.21076748528097097,0.10438460876995491,0.8030309494248103,5934
384,2.0,48,52,48,40,8,0,0,19,1.03632,963.038708942701,0.9641628173729733,129178.60813360287,1.3660278325577933,10.053350256602895,0.20944479701256033,0.10513838467318548,0.7987283718764264,5935
385,2.0,48,52,48,38,10,0,0,19,1.003808,964.042516942701,0.9639065160191921,129201.77047274682,1.365020505182277,9.993739534646094,0.20820290697179364,0.10584065027668105,0.7946452650450708,5936
386,2.0,48,52,48,39,9,0,0,19,1.016,965.058516942701,0.963681884214756,129227.39689929559,1.3639943360658033,9.932769149972597,0.2069326906244291,0.10651644177588158,0.7905408230502381,5937
387,2.0,48,52,48,39,9,0,0,19,1.03632,966.094836942701,0.9634579179654948,129250.25082957349,1.3629953360282365,9.870439983763355,0.20563416632840323,0.10729716741993021,0.7860020383290339,5938
388,2.0,48,52,48,39,9,0,0,19,1.020064,967.1149009427011,0.9632346143178526,129275.22870150393,1.361986606850887,9.809990473637864,0.2043748015341221,0.10802402269882498,0.7816322633637462,5939
389,2.0,48,52,48,39,9,0,0,19,1.028192,968.1430929427011,0.9630119703357233,129299.06840476597,1.3609964946051465,9.747793029175787,0.2030790214411622,0.1087967086202787,0.7769929996739704,5940
390,2.0,48,52,48,39,9,0,0,19,1.003808,969.1469009427011,0.9627899831003226,129326.11132335472,1.3599652680666972,9.689613533488183,0.20186694861433718,0.10947940181023398,0.7727218896204082,5941
391,2.0,48,52,48,39,9,0,0,19,1.0241280000000001,970.1710289427011,0.9625686497100604,129350.38901003056,1.3589512431897033,9.628469285427022,0.200593110113063,0.1102670901642784,0.7679454140311631,5942
392,2.0,48,52,48,39,9,0,0,19,1.024128,971.1951569427011,0.9623479672804142,129374.61549492984,1.3579375368505806,9.566943129963656,0.19931131520757614,0.11106242105248343,0.7630638853463184,5943
393,2.0,48,52,48,39,9,0,0,19,1.028192,972.2233489427011,0.9621279329438037,129398.2500387515,1.3569196252738285,9.504623496592036,0.19801298951233406,0.11186309246297912,0.7580675228170531,5944
394,2.0,48,52,48,39,9,0,0,19,1.0444479999999998,973.2677969427011,0.961908543849467,129419.6729776477,1.3559201090322333,9.440144277375719,0.1966696724453275,0.1127232080629754,0.7527215622645997,5945
395,2.0,48,52,48,39,9,0,0,19,1.032256,974.3000529427011,0.9616897971633369,129442.66975978181,1.354907855636362,9.37739858778065,0.19536247057876355,0.11357435009275313,0.7474008736009521,5946
396,2.0,48,52,48,39,9,0,0,19,1.0485119999999999,975.348564942701,0.9614716900679194,129463.46007841629,1.3539300303882287,9.31253313130097,0.19401110690210355,0.11440772723316311,0.7419816056223877,5947
397,2.0,47,53,48,38,9,1,0,19,1.0314095888834438,976.3799745315845,0.961223807061829,129482.37704347793,1.3529200078515413,9.249667238484376,0.19680143060605063,0.11290478483675732,0.7523715421492305,5948
398,2.0,47,53,47,37,10,0,0,18,1.0119360000000002,977.3919105315845,0.9609754616132167,129499.74174756567,1.351968567396922,9.189861234267639,0.19552896243122636,0.11373310327905488,0.7471950499976817,5949
399,2.0,45,55,47,36,9,2,0,18,0.9731889591240502,978.3650994907085,0.9606974981046247,129518.11145549087,1.351016538912235,9.136788026934049,0.20303973393186775,0.10903731339636094,0.7761592905901193,5950
400,2.0,45,55,45,36,9,0,0,16,0.9225280000000002,979.2876274907086,0.9604784978800727,129543.1458937774,1.3500302920916347,9.090712184290702,0.20201582631757115,0.10952841289725317,0.7728236147709715,5951
401,2.0,44,56,45,36,8,1,0,16,0.9250439782722808,980.2126714689808,0.9602600937547255,129567.80063827106,1.3490489332174722,9.043914246669052,0.2055435056061148,0.10696761535225108,0.7868871786106688,5952
402,2.0,44,56,44,36,8,0,0,15,0.9265920000000001,981.1392634689809,0.9600712797124649,129592.20442411726,1.3480897783410934,8.99634776029222,0.20446244909755046,0.10757095049227833,0.7832092675414238,5953
403,2.0,44,56,44,36,8,0,0,15,0.9387840000000002,982.0780474689809,0.9598829668506621,129614.95303561456,1.3471317719139575,8.94851194904251,0.20337527156914795,0.10816859008887314,0.7794946286090649,5954
404,2.0,44,56,44,36,8,0,0,15,0.9062720000000001,982.9843194689809,0.9596951531764919,129641.94593545739,1.3461592199097987,8.90395764876322,0.20236267383552775,0.10868439241516249,0.7761251522665514,5955
405,2.0,44,56,44,36,8,0,0,15,0.9387840000000002,983.9231034689809,0.9595078367076803,129664.60442914286,1.345211671189584,8.854505161872142,0.2012387536789123,0.10937180538982197,0.7719716374659675,5956
406,2.0,44,56,44,36,8,0,0,15,0.9103360000000001,984.8334394689809,0.959321015472435,129690.96588441226,1.3442429678401333,8.808974761652047,0.20020397185572836,0.10992793642239342,0.768350998559608,5957
407,2.0,44,56,44,36,8,0,0,15,0.910336,985.743775468981,0.9591346875093762,129717.27864998697,1.3432670386208188,8.76352616144611,0.19917104912377515,0.11049506386877873,0.7646575320867133,5958
408,2.0,44,56,44,36,8,0,0,15,0.9225280000000001,986.666303468981,0.9589488508674677,129741.93965064752,1.3422863206912237,8.71632828000056,0.19809837000001276,0.11107095341595827,0.7608215694073834,5959
409,2.0,44,56,44,36,8,0,0,15,0.9306560000000001,987.596959468981,0.9587635036059491,129765.48658969945,1.34129207786203,8.669371089139025,0.19703116111679603,0.11168461178766233,0.7568278012882557,5960
410,2.0,44,56,44,36,8,0,0,15,0.9347200000000002,988.531679468981,0.9585786437942679,129788.45561016328,1.3403105831989741,8.620350807086654,0.19591706379742393,0.11237434591034164,0.7524480515836337,5961
411,2.0,44,56,44,36,8,0,0,15,0.9062720000000002,989.4379514689809,0.9583942695120131,129815.11352915468,1.3393048380187038,8.575398321815237,0.19489541640489175,0.1129229477483934,0.7486668537479408,5962
412,2.0,43,57,44,36,7,1,0,15,0.8923233034618703,990.3302747724429,0.958210378848848,129843.55146523904,1.3383018584342747,8.531748128420729,0.19841274717257504,0.11078452855952335,0.7623351180435622,5963
413,2.0,43,57,43,36,7,0,0,14,0.9387840000000003,991.2690587724429,0.9580554894022386,129865.85111353899,1.3372950540525161,8.484036853395885,0.19730318263711366,0.11148892481727748,0.7579792554009425,5964
414,2.0,43,57,43,36,7,0,0,14,0.8900160000000004,992.1590747724429,0.9579009959863237,129894.49300714044,1.336268551788126,8.441830518835156,0.19632163997291063,0.11200269987501196,0.7544452389952533,5965
415,2.0,41,59,43,34,7,2,0,14,0.8868930257976642,993.0459677982406,0.9576875111348655,129915.4361263281,1.3353051155245352,8.399712924942484,0.20487104694981664,0.10642154835067702,0.7875040069441459,5966
416,2.0,41,59,41,34,7,0,0,12,0.8656320000000001,993.9115997982406,0.9575313621400398,129939.1213727825,1.3344012682371578,8.361486919012409,0.20393870534176606,0.1069013243972446,0.7844561921362854,5967
417,2.0,41,59,41,34,7,0,0,12,0.8656320000000001,994.7772317982406,0.9573755924170616,129962.7653985362,1.3334836052142722,8.322828275364417,0.20299581159425406,0.10741162461759365,0.7812616535123215,5968
418,2.0,41,59,41,34,7,0,0,12,0.8493760000000001,995.6266077982406,0.9572202005857815,129988.49065133302,1.3325651074861342,8.286296913340754,0.2021048027644086,0.1078189911804627,0.7784514977618303,5969
419,2.0,40,60,41,34,6,1,0,12,0.8562470098200611,996.4828548080607,0.957065185272738,130013.27556704893,1.3316607815465424,8.249646444849501,0.20624116112123753,0.10472704040687866,0.795007415670672,5970
420,2.0,40,60,40,34,6,0,0,11,0.8575040000000003,997.3403588080606,0.9569387875568148,130037.85403309783,1.3307061371887627,8.214317135151237,0.2053579283787809,0.10510587652150609,0.79241963333198,5971
421,2.0,40,60,40,34,6,0,0,11,0.8453120000000002,998.1856708080606,0.9568126879311362,130063.97887369031,1.3297542441594574,8.17934147557031,0.2044835368892577,0.1055107598025066,0.7897383637508381,5972
422,2.0,40,60,40,34,6,0,0,11,0.8290560000000003,999.0147268080607,0.9566868853424415,130092.17633382276,1.3288043433332577,8.1454023281526,0.20363505820381497,0.10587103294127684,0.7872144007695451,5973
423,2.0,40,60,40,34,6,0,0,11,0.8290560000000002,999.8437828080607,0.956561378742427,130120.32703210317,1.3278404348593753,8.11154089376579,0.20278852234414474,0.10621686992886382,0.784715606829916,5974
424,2.0,40,60,40,34,6,0,0,11,0.8331200000000003,1000.6769028080607,0.9564361670877152,130147.90251932146,1.3268836571259126,8.077353172424214,0.20193382931060536,0.10659009842698428,0.7820919084103394,5975
425,2.0,40,60,40,34,6,0,0,11,0.8331200000000003,1001.5100228080607,0.9563112493398275,130175.43212843689,1.3259337384391128,8.043067906010497,0.20107669765026243,0.10697573053886379,0.7793992370317679,5976
426,2.0,40,60,40,34,6,0,0,11,0.8249920000000003,1002.3350148080607,0.9561866244651545,130203.97179778386,1.3249647489980156,8.00909300616566,0.2002273251541415,0.1073593415563074,0.7767009706910536,5977
427,2.0,40,60,40,34,6,0,0,11,0.8371840000000004,1003.1721988080607,0.9560622914349277,130230.8817521332,1.324009846670819,7.9746072122198886,0.19936518030549719,0.10775195785563214,0.7739257828788171,5978
428,2.0,40,60,40,34,6,0,0,11,0.8453120000000003,1004.0175108080607,0.9559382492251915,130256.69233073902,1.3230601621861429,7.93976006575948,0.19849400164398698,0.10815690351495455,0.771068043359245,5979
429,2.0,40,60,40,34,6,0,0,11,0.8331200000000002,1004.8506308080607,0.9558144968167748,130284.04022070683,1.3221158034537361,7.905490165633358,0.19763725414083394,0.1085462489633774,0.7682603129108727,5980
430,2.0,39,61,40,34,5,1,0,11,0.819264628261149,1005.6698954363219,0.9556910331952628,130313.138132808,1.3211685105634499,7.872134919095825,0.2018496133101493,0.10558536352170377,0.7851620903558343,5981
431,2.0,39,61,39,34,5,0,0,10,0.8209280000000001,1006.4908234363219,0.9555956994260074,130341.97326519384,1.3202557036360216,7.839150936549071,0.2010038701679249,0.10597205117645427,0.7825004204799982,5982
432,2.0,39,61,39,34,5,0,0,10,0.8249920000000001,1007.3158154363218,0.9555005820721769,130370.2354192827,1.319352338238494,7.805889058585391,0.20015100150218954,0.10637876700354476,0.779736619481648,5983
433,2.0,39,61,39,34,5,0,0,10,0.804672,1008.1204874363218,0.955405680397686,130401.07967085006,1.3184371159993986,7.773552620870902,0.19932186207361285,0.10676753445380315,0.7770459932235506,5984
434,2.0,39,61,39,34,5,0,0,10,0.8249920000000001,1008.9454794363218,0.9553109936697833,130429.24784550314,1.3175426854883625,7.740247235625979,0.1984678778365636,0.10718593027690944,0.7741902021028355,5985
435,2.0,39,61,39,34,5,0,0,10,0.8249920000000001,1009.7704714363217,0.9552165211590335,130457.36999282743,1.316652693239059,7.707110755863715,0.19761822450932603,0.10758757877290913,0.77137007725808,5986
436,2.0,39,61,39,34,5,0,0,10,0.8128000000000001,1010.5832714363218,0.9551222621392977,130487.02044372718,1.3157292801589264,7.674317118974754,0.1967773620249937,0.10800341827508353,0.7684927859742999,5987
437,2.0,39,61,39,34,5,0,0,10,0.8046720000000002,1011.3879434363217,0.9550282158877152,130517.67213231679,1.3148146660892563,7.642053822138268,0.19595009800354532,0.10839054423287368,0.7657090126139481,5988
438,2.0,39,61,39,34,5,0,0,10,0.8087360000000001,1012.1966794363217,0.9549343816846853,130547.7509307647,1.3139058713544718,7.609563463016803,0.1951170118722257,0.10878934969163398,0.7628506205557232,5989
439,2.0,39,61,39,34,5,0,0,10,0.8168640000000001,1013.0135434363217,0.9548407588138481,130576.7340003139,1.3130047214235463,7.576747611370343,0.19427557977872673,0.10920336532274305,0.7599000413715686,5990
440,2.0,39,61,39,34,5,0,0,10,0.8046720000000002,1013.8182154363217,0.9547473465620674,130607.24100623229,1.3120785363657879,7.5443676085587565,0.19344532329637842,0.10961981957588872,0.7569359082489284,5991
441,2.0,39,61,39,34,5,0,0,10,0.8371840000000002,1014.6553994363217,0.9546541442194117,130633.51367728914,1.3111670067258365,7.510470636313457,0.19257617016188353,0.11008324852396585,0.7537121877234099,5992
442,2.0,39,61,39,34,5,0,0,10,0.8128000000000003,1015.4681994363217,0.9545611510791366,130662.88050541792,1.3102151999784837,7.477710820247723,0.19173617487814676,0.11050749051734267,0.750648520885358,5993
443,2.0,39,61,39,34,5,0,0,10,0.8168640000000003,1016.2850634363217,0.9544683664376671,130691.67773744637,1.3092646080724766,7.445029770322435,0.1908981992390368,0.11090304107506371,0.7476594376214559,5994
444,2.0,39,61,39,34,5,0,0,10,0.8128000000000003,1017.0978634363217,0.954375789594579,130720.95103100577,1.3083230523069278,7.4124214075994885,0.19006208737434585,0.11131071141050901,0.7446065390744482,5995
445,2.0,38,62,39,34,4,1,0,10,0.8249680163670032,1017.9228314526888,0.9542834198525827,130748.61461753731,1.3073929456386997,7.3797109892715,0.19420292077030263,0.10881722697727113,0.761054208352167,5996
446,2.0,38,62,38,34,4,0,0,9,0.788416,1018.7112474526888,0.9542185933247386,130780.9257364535,1.3064679124747902,7.350111886924143,0.19342399702431956,0.10917665453901929,0.7583830173217965,5997
447,2.0,37,63,38,34,3,1,0,9,0.7943550508054747,1019.5056025034943,0.9541539077926909,130812.42483858042,1.305548103601302,7.320654329809043,0.19785552242727142,0.10625748952409277,0.7761454746292727,5998
448,2.0,37,63,37,34,3,0,0,8,0.7802880000000001,1020.2858905034943,0.9541166380789022,130845.67888527787,1.3046387677837676,7.293486979666468,0.19712126972071536,0.10654350189652803,0.7739115861596602,5999
449,2.0,37,63,37,34,3,0,0,8,0.7762240000000001,1021.0621145034943,0.9540794471256818,130879.40302729023,1.3037305529450338,7.266663388018226,0.19639630778427639,0.10680176482579636,0.7717678166957935,6000
450,2.0,37,63,37,34,3,0,0,8,0.788416,1021.8505305034943,0.954042334683631,130911.51397072407,1.3028291671179035,7.23793807091849,0.19561994786266187,0.10715607680354765,0.7691955838546669,6001
451,2.0,37,63,37,34,3,0,0,8,0.7721600000000001,1022.6226905034943,0.9540053005044028,130945.6569304849,1.3019035119181965,7.211221232779768,0.19489787115620993,0.107430036688429,0.7669684365820244,6002
452,2.0,37,63,37,34,3,0,0,8,0.8006080000000001,1023.4232985034943,0.9539683443406969,130976.1075363503,1.3010070216062122,7.183140910433678,0.19413894352523453,0.10773668907422734,0.7645462182557017,6003
453,2.0,37,63,37,33,4,0,0,8,0.784352,1024.2076505034943,0.9539030285795536,131004.68438606165,1.3001389617602537,7.155860383130368,0.19340163197649646,0.1080289714924032,0.7621927765330347,6004
454,2.0,37,63,37,34,3,0,0,8,0.7721600000000001,1024.9798105034943,0.953866257599,131038.67863897025,1.2992281343111025,7.129047218407421,0.19267695184884923,0.10831475775670339,0.7598663829085661,6005
455,2.0,37,63,37,34,3,0,0,8,0.7680960000000001,1025.7479065034943,0.9538295638355231,131073.1410199003,1.2982956931589467,7.10255391698803,0.19196091667535214,0.10858476704346473,0.757591742416031,6006
456,2.0,37,63,37,34,3,0,0,8,0.7843520000000002,1026.5322585034942,0.9537929470461504,131105.4756293778,1.2973855495161368,7.074863483835635,0.19121252659015237,0.10891085587844745,0.7550466229544848,6007
457,2.0,37,63,37,34,3,0,0,8,0.804672,1027.3369305034942,0.9537564069889276,131135.1670517424,1.2964825527198143,7.045209473381259,0.19041106684814216,0.10928320725074461,0.7522195195800584,6008
458,2.0,37,63,37,34,3,0,0,8,0.7640320000000002,1028.1009625034942,0.9537199434229138,131169.9968372918,1.2955591972522025,7.018859212767886,0.1896988976423753,0.10955993781107302,0.7498725326304695,6009
459,2.0,37,63,37,34,3,0,0,8,0.7843520000000003,1028.885314503494,0.9536835561081753,131202.1836613954,1.2946423987412896,6.991589853395713,0.18896188792961388,0.10986095825199443,0.7473747535938973,6010
460,2.0,37,63,37,34,3,0,0,8,0.776224,1029.661538503494,0.9536472448057814,131235.3573936485,1.2937321373907202,6.964613647732623,0.18823280129007092,0.11015453869385591,0.7448992575435078,6011
461,2.0,37,63,37,34,3,0,0,8,0.7762240000000001,1030.437762503494,0.9536110092777982,131268.4811466635,1.292820221253096,6.9375987612290375,0.18750266922240638,0.1104603430073165,0.7423603794305136,6012
462,2.0,37,63,37,34,3,0,0,8,0.7802880000000001,1031.218050503494,0.9535748492872838,131301.03757773704,1.2919162600429837,6.910593687214353,0.1867728023571447,0.11074497494157894,0.7398763081399682,6013
463,2.0,37,63,37,33,4,0,0,8,0.7924800000000001,1032.010530503494,0.9535106233291122,131328.11729535073,1.2910401913258918,6.88299253179524,0.18602682518365515,0.11104769317352282,0.737276765726499,6014
464,2.0,35,65,37,32,3,2,0,8,0.748005417760308,1032.7585359212544,0.9534184189812211,131356.93899541275,1.2901892705723823,6.857302265563,0.1959229218732286,0.1049770392472104,0.7769464145674566,6015
465,2.0,35,65,35,32,3,0,0,7,0.7355840000000002,1033.4941199212544,0.9533799533799534,131387.29808191475,1.2893129673748513,6.832115628808377,0.1952033036802393,0.10528510021128863,0.7746469992126097,6016
466,2.0,35,65,35,32,3,0,0,7,0.7396480000000001,1034.2337679212544,0.9533415633241681,131417.09758054285,1.2884470457468982,6.806811755130414,0.19448033586086894,0.10560624816116532,0.7722794133248387,6017
467,2.0,35,65,35,32,3,0,0,7,0.7396480000000002,1034.9734159212544,0.9533032485915296,131446.85448650294,1.2875794078208442,6.781495601162946,0.19375701717608415,0.10591646559079859,0.7699286419546516,6018
468,2.0,35,65,35,32,3,0,0,7,0.7355840000000001,1035.7089999212544,0.9532650089605734,131477.08478960136,1.2867179374130244,6.756209898599868,0.19303456853142478,0.10624337397160574,0.7675045374266131,6019
469,2.0,35,65,35,32,3,0,0,7,0.7559040000000002,1036.4649039212545,0.953226844210703,131504.69396921847,1.2858653896210186,6.730515921377587,0.1923004548965025,0.10652721477766175,0.7651845312340735,6021
470,2.0,34,66,35,32,2,1,0,7,0.7525441329562752,1037.2174480542108,0.9531887541221843,131532.68898043982,1.2850150975094436,6.705339169173829,0.19721585791687735,0.10309336108876241,0.7853848986070154,6022
471,2.0,34,66,34,32,2,0,0,6,0.743712,1037.9611600542107,0.9531773509046236,131561.76286294562,1.2841868146919386,6.681785833047912,0.1965231127367033,0.1033209222509769,0.7834490716974704,6023
472,2.0,32,68,34,31,1,2,0,6,0.6973520376060922,1038.6585120918169,0.9531380753138076,131592.81747446707,1.2833620724230526,6.660425148420169,0.20813828588813027,0.09397505163436423,0.8306648773947621,6024
473,2.0,32,68,32,31,1,0,0,5,0.6786880000000001,1039.3372000918168,0.9531519982163759,131626.19406667489,1.2825223760248559,6.640587268961512,0.20751835215504724,0.09414997670790312,0.8292981883851266,6025
474,2.0,32,68,32,31,1,0,0,5,0.682752,1040.0199520918168,0.9531658963078465,131659.01262239582,1.2816885930754678,6.620673099500153,0.2068960343593798,0.09431014693030985,0.8279624822005479,6026
475,2.0,32,68,32,31,1,0,0,5,0.69088,1040.7108320918169,0.9531797696544817,131690.75959796348,1.280860707524613,6.600251588024441,0.20625786212576377,0.09451197181499735,0.826468298951212,6027
476,2.0,31,69,32,30,1,1,0,5,0.6584482604818865,1041.3692803522988,0.9531658235588415,131722.72563445912,1.2800469966661658,6.581524571791248,0.2123072442513306,0.08850965498190817,0.8519333389027351,6028
477,2.0,31,69,31,30,1,0,0,4,0.6543040000000001,1042.0235843522987,0.9531783720736483,131755.175277859,1.279216798766063,6.563100625850812,0.21171292341454231,0.08864464822037114,0.8508382969668118,6029
478,2.0,30,70,31,29,1,1,0,4,0.648810493947731,1042.6723948462463,0.9531631520532742,131784.442245891,1.2784057158574387,6.544916557443664,0.21816388524812214,0.08124252323604536,0.8782129958041808,6030
479,2.0,30,70,30,29,1,0,0,3,0.6380480000000001,1043.3104428462464,0.9531743831438869,131815.03256578353,1.277619642191034,6.527266162090781,0.21757553873635935,0.08136536592682538,0.8773092708376986,6031
480,2.0,30,70,30,29,1,0,0,3,0.62992,1043.9403628462464,0.9531855955678671,131846.6120274649,1.2768311141296789,6.509920342665966,0.21699734475553223,0.08148712091754812,0.8764117208899507,6032
481,2.0,30,70,30,29,1,0,0,3,0.642112,1044.5824748462464,0.9531967893717133,131876.61416613034,1.2760532365120205,6.49211085431933,0.21640369514397764,0.08161142042110925,0.8754851090254676,6033
482,2.0,30,70,30,29,1,0,0,3,0.62992,1045.2123948462465,0.9532079646017699,131908.11808185774,1.2752526149261287,6.474748694842408,0.21582495649474692,0.08173354182576394,0.8745724077899047,6034
483,2.0,30,70,30,29,1,0,0,3,0.6380480000000001,1045.8504428462466,0.9532191213042277,131938.55865707752,1.2744598188352896,6.456969580665452,0.21523231935551507,0.08187486800952132,0.8735868273564932,6035
484,2.0,30,70,30,29,1,0,0,3,0.642112,1046.4925548462465,0.9532302595251242,131968.44961815386,1.2736716503915688,6.438898159218289,0.21462993864060967,0.0820556647960989,0.8724764876359468,6036
485,2.0,30,70,30,29,1,0,0,3,0.6258560000000001,1047.1184108462467,0.9532413793103448,132000.35312939933,1.2728753961062544,6.421711432787229,0.2140570477595743,0.08217738899132156,0.8715490172127548,6037
486,2.0,30,70,30,29,1,0,0,3,0.6258560000000001,1047.7442668462468,0.953252480705623,132032.21852637478,1.2720668459254816,6.404538316415604,0.2134846105471868,0.08229896696277547,0.8706155612928282,6038
487,2.0,30,70,30,29,1,0,0,3,0.6258560000000001,1048.3701228462469,0.9532635637565409,132064.04587734066,1.2712607073216189,6.387335249932433,0.2129111749977478,0.08242093891443847,0.8696730546760412,6039
488,2.0,29,71,30,28,1,1,0,3,0.6160803607275127,1048.9862032069743,0.9532471106219043,132093.25306317693,1.2704847833939035,6.370790117758306,0.21968241785373463,0.07365438846613744,0.8989487710881024,6040
489,2.0,28,72,29,27,1,1,0,2,0.6089402942801705,1049.5951435012546,0.9532293986636972,132119.5137559573,1.2697454604185145,6.354498396078745,0.22694637128852663,0.062081459691602614,0.9303794481105554,6041
490,2.0,28,72,28,27,1,0,0,2,0.5852160000000001,1050.1803595012545,0.9532379042228755,132148.72925819005,1.2689903005113459,6.33895067447032,0.22639109551679718,0.062192158122230425,0.929829301336891,6042
491,2.0,28,72,28,27,1,0,0,2,0.597408,1050.7777675012546,0.9532463967055593,132176.37857934044,1.268239826354769,6.322912063821201,0.2258182879936144,0.062312202229164185,0.9292448369241841,6043
492,2.0,28,72,28,27,1,0,0,2,0.58928,1051.3670475012545,0.9532548761418813,132205.01853310573,1.2674900506242899,6.30717529910748,0.22525626068240998,0.062426697290335335,0.9286736347512938,6044
493,2.0,28,72,28,26,2,0,0,2,0.601472,1051.9685195012546,0.9532359310325923,132228.29145680924,1.2667695397060628,6.290991205524044,0.22467825734014443,0.06254985546269495,0.928069815317488,6045
494,2.0,28,72,28,26,2,0,0,2,0.581152,1052.5496715012546,0.953217014982607,132254.0909650876,1.2660469523710567,6.275543051016917,0.22412653753631845,0.06265663244719798,0.9275118521554955,6046
495,2.0,28,72,28,27,1,0,0,2,0.58928,1053.1389515012545,0.9532254974409503,132282.63924851522,1.265304077980771,6.259822626355304,0.22356509379840372,0.06277114117370265,0.9269268984674877,6047
496,2.0,28,72,28,27,1,0,0,2,0.5852160000000001,1053.7241675012544,0.9532339669082456,132311.66589887862,1.2645621213137126,6.244220550441201,0.22300787680147152,0.06288255987321174,0.9263464849397297,6048
497,2.0,28,72,28,26,2,0,0,2,0.58928,1054.3134475012544,0.9532150957833465,132336.35626167426,1.2638501767874868,6.228513735839024,0.22244691913710798,0.06299679729449754,0.9257529415999479,6049
498,2.0,28,72,28,27,1,0,0,2,0.5852160000000001,1054.8986635012543,0.9532235602523143,132365.32079446886,1.2631125667175862,6.212936064119055,0.2218905737185377,0.0631085060242466,0.9251630034433851,6050
499,2.0,28,72,28,27,1,0,0,2,0.593344,1055.4920075012542,0.9532320117874976,132393.2336833294,1.2623806336747285,6.197056546463688,0.2213234480879889,0.0632265028085181,0.9245476508686824,6051
500,2.0,28,72,28,27,1,0,0,2,0.593344,1056.085351501254,0.9532404504185185,132421.11520740465,1.2616511097743455,6.181131112975304,0.22075468260626083,0.06334310178755405,0.9239292789002309,6052
501,2.0,28,72,28,27,1,0,0,2,0.58928,1056.674631501254,0.953248876174908,132449.47482193235,1.2609220148727518,6.165424298373127,0.22019372494189732,0.06345764954647543,0.923315398396635,6053
502,2.0,28,72,28,27,1,0,0,2,0.597408,1057.272039501254,0.9532572890861079,132476.78437242346,1.2601988028574902,6.14939797240543,0.21962135615733674,0.06357528855724784,0.9226821677266365,6054
503,2.0,28,72,28,27,1,0,0,2,0.5933440000000001,1057.865383501254,0.9532656891814695,132504.57211868285,1.2594764733416386,6.133502114697956,0.2190536469534984,0.06369400874173407,0.9220442831031395,6055
504,2.0,28,72,28,27,1,0,0,2,0.5933440000000001,1058.4587275012539,0.9532740764902552,132532.32871078936,1.258756530760199,6.117622597042589,0.21848652132294966,0.06381265879322232,0.92140166053938,6056
505,2.0,27,73,28,27,0,1,0,2,0.5828293369188612,1059.0415568381727,0.9532824510416383,132561.37031972207,1.2580320790654864,6.102306964061994,0.22601136903933317,0.04904420093153078,0.9550291217763031,6057
506,2.0,27,73,27,27,0,0,0,1,0.56896,1059.6105168381728,0.9533166865704049,132592.11546826977,1.2572954938351377,6.087550458432526,0.22546483179379725,0.04914323809046478,0.9546463309859233,6058
507,2.0,27,73,27,27,0,0,0,1,0.577088,1060.1876048381728,0.9533508719589922,132621.81085531728,1.256563855478209,6.0725216826485715,0.22490821046846565,0.049255644191866864,0.9542326608433637,6059
508,2.0,27,73,27,27,0,0,0,1,0.581152,1060.7687568381727,0.9533850073174698,132650.96571982326,1.2558358818115782,6.057317473818755,0.22434509162291685,0.04937430653593939,0.9538016014747213,6060
509,2.0,27,73,27,27,0,0,0,1,0.5730240000000001,1061.3417808381728,0.9534190927555857,132681.10475099765,1.255106254249193,6.04240704678231,0.22379285358453002,0.04948135702640347,0.9533918146640639,6061
510,2.0,27,73,27,27,0,0,0,1,0.56896,1061.9107408381728,0.9534531283827669,132711.7191495442,1.2543764761380256,6.027710067045295,0.2232485210016776,0.04958167494855234,0.9529937857654751,6062
511,2.0,27,73,27,27,0,0,0,1,0.56896,1062.479700838173,0.9534871143081208,132742.30075994768,1.2536483920076835,6.012953561415827,0.22270198375614175,0.04968099420910043,0.9525932809672292,6063
512,2.0,27,73,27,27,0,0,0,1,0.577088,1063.056788838173,0.9535210506404367,132771.83447015838,1.2529263745465076,5.997924785631872,0.2221453624308101,0.04979398779060237,0.952160201750534,6064
513,2.0,27,73,27,27,0,0,0,1,0.56896,1063.625748838173,0.9535549374881862,132802.3509719404,1.2522016633732653,5.983227805894859,0.22160102984795774,0.04989447630351793,0.9517513792137848,6065
514,2.0,27,73,27,27,0,0,0,1,0.5933440000000001,1064.2190928381729,0.9535887749595251,132829.79130078008,1.251493124197886,5.967546318083784,0.2210202340031031,0.05003209993563718,0.9512549709816364,6066
515,2.0,27,73,27,27,0,0,0,1,0.5730240000000001,1064.792116838173,0.9536225631622941,132859.73643388675,1.2507587780594471,5.952635891047338,0.22046799596471622,0.05013973116007348,0.9508218651549748,6067
516,2.0,27,73,27,27,0,0,0,1,0.577088,1065.369204838173,0.9536563022040201,132889.14242786384,1.2500288821291072,5.937607115263384,0.21991137463938457,0.05025345963598281,0.950371630360221,6068
517,2.0,27,73,27,27,0,0,0,1,0.577088,1065.946292838173,0.9536899921919173,132918.51658187606,1.2493009020787014,5.922591949538863,0.21935525739032827,0.05036656702323916,0.9499187603787306,6069
518,2.0,27,73,27,27,0,0,0,1,0.5730240000000001,1066.519316838173,0.9537236332328886,132948.36554893327,1.2485719673615916,5.907676350915643,0.21880282781169044,0.05047241324631653,0.9494772653437785,6070
519,2.0,27,73,27,27,0,0,0,1,0.58928,1067.1085968381728,0.953757225433526,132976.15671024265,1.247856743776938,5.89215395609832,0.21822792429993776,0.050605768776532584,0.9489692947470275,6071
520,2.0,27,73,27,27,0,0,0,1,0.577088,1067.6856848381728,0.9537907689001128,133005.43597858943,1.2471344805345876,5.877138790373799,0.21767180705088143,0.05071951848317108,0.948502701103694,6072
521,2.0,27,73,27,27,0,0,0,1,0.573024,1068.2587088381729,0.9538242637386238,133035.18971969243,1.246407824548624,5.8622691075835975,0.21712107805865177,0.050827642131856754,0.9480452771316258,6073
522,2.0,27,73,27,27,0,0,0,1,0.573024,1068.831732838173,0.9538577100547269,133064.91155753654,1.2456829579498039,5.847358680547153,0.21656884002026494,0.050935971494834094,0.9475827316490895,6074
523,2.0,27,73,27,27,0,0,0,1,0.577088,1069.408820838173,0.9538911079537838,133094.09575324442,1.2449602193004312,5.832283988930179,0.21601051810852517,0.05104889178552385,0.9471042677713972,6075
524,2.0,27,73,27,27,0,0,0,1,0.56896,1069.977780838173,0.9539244575408519,133124.25972847664,1.2442384625054876,5.817557059081621,0.21546507626228226,0.051151049454111835,0.946648797841124,6076
525,2.0,27,73,27,27,0,0,0,1,0.56896,1070.546740838173,0.9539577589206842,133154.39164140893,1.2435183695673735,5.802860079344607,0.21492074367942987,0.05125216423216656,0.9461919799835066,6077
526,2.0,27,73,27,27,0,0,0,1,0.56896,1071.115700838173,0.9539910121977316,133184.49154313427,1.2427999367070897,5.7881494895481564,0.21437590702030213,0.05135400583510956,0.9457295217711531,6078
527,2.0,27,73,27,27,0,0,0,1,0.577088,1071.692788838173,0.9540242174761434,133213.54915037833,1.2420847542853044,5.773079969517959,0.21381777664881335,0.05146930047136066,0.9452295626489822,6079
528,2.0,27,73,27,27,0,0,0,1,0.5730240000000001,1072.2658128381731,0.9540573748597682,133243.08048377768,1.2413705393275327,5.758164370894739,0.21326534707017555,0.05157607872458682,0.9447451116089749,6080
529,2.0,27,73,27,27,0,0,0,1,0.577088,1072.8429008381731,0.9540904844521554,133272.07542529752,1.2406591087467582,5.743149205170219,0.21270922982111923,0.05169065653468483,0.9442386597084165,6081
530,2.0,27,73,27,27,0,0,0,1,0.581152,1073.424052838173,0.954123546356556,133300.53451072762,1.2399506834565035,5.727944996340402,0.21214611097557046,0.05181313938943236,0.9437079238388371,6082
531,2.0,27,73,27,27,0,0,0,1,0.5730240000000001,1073.9970768381731,0.9541565606759242,133329.9718296872,1.2392417374523081,5.713075313550199,0.21159538198334074,0.051921948535270365,0.9432067780357225,6083
532,2.0,27,73,27,27,0,0,0,1,0.5730240000000001,1074.5701008381732,0.9541895275129175,133359.3777532259,1.2385345406550343,5.698219240819433,0.21104515706738639,0.05203019992072018,0.9427026003163053,6084
533,2.0,27,73,27,27,0,0,0,1,0.5730240000000001,1075.1431248381732,0.9542224469698986,133388.75233154272,1.2378290891141956,5.683303642196211,0.21049272748874856,0.0521374315979749,0.9421949417253558,6085
534,2.0,27,73,27,27,0,0,0,1,0.56896,1075.7120848381733,0.9542553191489361,133418.5996633018,1.2371237931573704,5.6685523081535205,0.2099463817834637,0.052239818614995465,0.9416961382327702,6086
535,2.0,27,73,27,27,0,0,0,1,0.577088,1076.2891728381733,0.9542881441518059,133447.40765277154,1.2364235192285524,5.6535071923174565,0.2093891552710169,0.05235611099746911,0.9411578084317966,6087
536,2.0,27,73,27,27,0,0,0,1,0.56896,1076.8581328381733,0.9543209220799915,133477.1922288116,1.2357214702340056,5.638796602521007,0.2088443186118892,0.05245828288527418,0.9406512664980324,6088
537,2.0,27,73,27,27,0,0,0,1,0.56896,1077.4270928381734,0.9543536530346859,133506.9453479995,1.2350210405116886,5.6240996227839934,0.20829998602903682,0.05255979905235725,0.9401419788040729,6089
538,2.0,27,73,27,27,0,0,0,1,0.577088,1078.0041808381734,0.9543863371167922,133535.66021244368,1.234326291771979,5.609070847000038,0.20774336470370514,0.052676107442188445,0.939589663178484,6090
539,2.0,27,73,27,27,0,0,0,1,0.5730240000000001,1078.5772048381734,0.9544189744269246,133564.84761015725,1.2336312306204078,5.5941552483768175,0.2071909351250673,0.05278367481324377,0.9390535909766761,6091
540,2.0,27,73,27,27,0,0,0,1,0.56896,1079.1461648381735,0.9544515650654096,133594.5071181522,1.2329356322414724,5.57942831852826,0.20664549327882445,0.05288635041421883,0.9385273077880248,6092
541,2.0,27,73,27,27,0,0,0,1,0.577088,1079.7232528381735,0.9544841091322872,133623.12946466086,1.2322463708918798,5.56441315280374,0.20608937602976815,0.05300208967293645,0.9379617009512837,6093
542,2.0,27,73,27,27,0,0,0,1,0.577088,1080.3003408381735,0.9545166067273112,133651.72123150184,1.2315437293377214,5.549343632773542,0.20553124565827932,0.053118844002638645,0.9373875493559041,6094
543,2.0,27,73,27,27,0,0,0,1,0.5852160000000001,1080.8855568381734,0.9545490579499512,133679.27722401128,1.2308481008948187,5.533996671002082,0.20496283966674375,0.053250047891183344,0.9367700628972264,6095
544,2.0,27,73,27,27,0,0,0,1,0.5730240000000001,1081.4585808381735,0.9545814628993926,133708.31075927962,1.2301464290753967,5.519140598271315,0.20441261475078942,0.05335911815702463,0.9362068957877498,6096
545,2.0,27,73,27,27,0,0,0,1,0.577088,1082.0356688381735,0.9546138216745389,133736.81124151754,1.2294492870478138,5.504095482435252,0.20385538823834265,0.05347653073252181,0.935615757972611,6097
546,2.0,27,73,27,27,0,0,0,1,0.577088,1082.6127568381735,0.9546461343740111,133765.28133932452,1.228753970611887,5.4890207908182775,0.20329706632660288,0.05359191160762359,0.9350231522541593,6098
547,2.0,27,73,27,27,0,0,0,1,0.56896,1083.1817168381735,0.9546784010961503,133794.7250651864,1.2280544185506317,5.474269456775585,0.20275072062131796,0.05369477055205693,0.9344609239972184,6099
548,2.0,27,73,27,27,0,0,0,1,0.581152,1083.7628688381735,0.9547106219390173,133822.63239510934,1.2273568050350265,5.459095198057313,0.20218871103915972,0.053818871045735045,0.9338353998027745,6100
549,2.0,27,73,27,27,0,0,0,1,0.573024,1084.3358928381735,0.9547427970003947,133851.5131322511,1.226660677729341,5.444225515267111,0.20163798204693004,0.05392896948505524,0.933243360404429,6101
550,2.0,27,73,27,27,0,0,0,1,0.577088,1084.9129808381736,0.9547749263777872,133879.86185563513,1.2259665929131502,5.429180399431047,0.20108075553448324,0.05404697760944677,0.9326235411078799,6102
551,2.0,27,73,27,27,0,0,0,1,0.56896,1085.4819408381736,0.9548070101684227,133909.18312999373,1.2252734276773252,5.414423893801579,0.20053421828894732,0.054147980884364726,0.9320445596768545,6103
552,2.0,27,73,27,27,0,0,0,1,0.56896,1086.0509008381737,0.9548390484692538,133938.47368271256,1.2245818504872241,5.399726914064564,0.19998988570609497,0.054250093724957864,0.9314592604654938,6104
553,2.0,27,73,27,27,0,0,0,1,0.56896,1086.6198608381737,0.954871041376958,133967.73356204972,1.2238918578096762,5.385016324268115,0.19944504904696725,0.05435290570607996,0.9308668156673277,6105
554,2.0,27,73,27,27,0,0,0,1,0.5730240000000001,1087.1928848381738,0.9549029889879391,133996.46192651836,1.2232042272307169,5.370105897231672,0.19889281100858044,0.054463444801443994,0.930245889967104,6106
555,2.0,27,73,27,27,0,0,0,1,0.581152,1087.7740368381737,0.9549348913983284,134024.15856859492,1.2225200685432513,5.3549016884018545,0.19832969216303165,0.05458940121304696,0.9295751861299186,6107
556,2.0,27,73,27,27,0,0,0,1,0.581152,1088.3551888381737,0.9549667487039849,134051.82563216786,1.2218378141319282,5.339727429683581,0.19776768258087338,0.05471451532277187,0.9289009389013199,6108
557,2.0,27,73,27,27,0,0,0,1,0.5730240000000001,1088.9282128381737,0.9549985610004971,134080.46396323625,1.2211552329840814,5.3248118310603605,0.1972152530022356,0.05482335362491014,0.9282663695176454,6109
558,2.0,27,73,27,27,0,0,0,1,0.5730240000000001,1089.5012368381738,0.9550303283831835,134109.0721696008,1.2204743284494386,5.309942148270157,0.19666452401000584,0.05493401780628715,0.9276227514622402,6110
559,2.0,27,73,27,27,0,0,0,1,0.56896,1090.0701968381738,0.9550620509470934,134138.15039079273,1.2197937627151734,5.295245168533143,0.1961201914271535,0.05503639980321474,0.9269980848485394,6111
560,2.0,27,73,27,27,0,0,0,1,0.56896,1090.639156838174,0.9550937287870085,134167.19827317895,1.219114757053423,5.280493834490452,0.19557384572186862,0.055139630005539376,0.9263643731845923,6112
561,2.0,27,73,27,27,0,0,0,1,0.577088,1091.216244838174,0.9551253619974431,134195.2162943801,1.2184400832850253,5.265497164446742,0.19501841349802748,0.055251221062080524,0.9256977870991681,6113
562,2.0,27,73,27,27,0,0,0,1,0.5730240000000001,1091.789268838174,0.9551569506726457,134223.70431973983,1.2177658493129888,5.250627481656541,0.1944676845057978,0.055362079369810316,0.9250302861810291,6114
563,2.0,27,73,27,27,0,0,0,1,0.58928,1092.3785488381739,0.9551884949065993,134250.16461186952,1.2171003677258998,5.235075511058307,0.19389168559475212,0.055502565367224206,0.9242637719120635,6115
564,2.0,27,73,27,27,0,0,0,1,0.573024,1092.951572838174,0.9552199947930227,134278.593532643,1.2164294411661687,5.22021943832754,0.1933414606787978,0.05561292586659083,0.9235850403473542,6116
565,2.0,27,73,27,27,0,0,0,1,0.577088,1093.528660838174,0.9552514504253714,134306.49351927164,1.2157621577699673,5.2051743224914775,0.19278423416635096,0.05573238612337035,0.9228717303358027,6117
566,2.0,27,73,27,27,0,0,0,1,0.5730240000000001,1094.101684838174,0.9552828618968386,134334.8630541035,1.2150945277947158,5.190304639701274,0.19223350517412127,0.0558436191918342,0.9221777829720732,6118
567,2.0,27,73,27,27,0,0,0,1,0.58928,1094.6909648381738,0.9553142293003559,134361.20761419015,1.2144373831487913,5.17475784068982,0.19165769780332662,0.05598716863511239,0.9213749596862225,6119
568,2.0,27,73,27,27,0,0,0,1,0.5730240000000001,1095.2639888381739,0.9553455527285944,134389.51841750706,1.213773030224911,5.159901767959052,0.19110747288737231,0.056097862558551655,0.9206693564792539,6120
569,2.0,27,73,27,27,0,0,0,1,0.577088,1095.8410768381739,0.9553768322739655,134417.30111541733,1.2130978430066608,5.144827076342078,0.19054915097563255,0.056215610535769824,0.9199325812218171,6121
570,2.0,27,73,27,27,0,0,0,1,0.5730240000000001,1096.414100838174,0.9554080680286218,134445.55290497563,1.2124218806894995,5.1299573935518765,0.1899984219834028,0.05632721562637141,0.9192110752859686,6122
571,2.0,27,73,27,27,0,0,0,1,0.5730240000000001,1096.987124838174,0.9554392600844581,134473.77517923136,1.211747569338146,5.1151013208211085,0.1894481970674485,0.056438143904395485,0.9184851676948973,6123
572,2.0,27,73,27,27,0,0,0,1,0.56896,1097.556084838174,0.9554704085331124,134502.46601454174,1.211072152389169,5.100374390972552,0.18890275522120561,0.05654186536264949,0.9177756914206643,6124
573,2.0,27,73,27,27,0,0,0,1,0.5730240000000001,1098.129108838174,0.9555015134659665,134530.6292411292,1.2104011341225958,5.085463963936108,0.1883505171828188,0.05665371687114649,0.91703251663401,6125
574,2.0,27,73,27,27,0,0,0,1,0.577088,1098.706196838174,0.9555325749741469,134558.26537198917,1.2097347248120627,5.070389272319133,0.18779219527107896,0.056771889063323415,0.9162604621325086,6126
575,2.0,27,73,27,27,0,0,0,1,0.581152,1099.287348838174,0.9555635931485261,134585.37493073562,1.2090642341229594,5.05521501360086,0.18723018568892072,0.05689961321508826,0.9154521547873073,6127
576,2.0,27,73,27,27,0,0,0,1,0.577088,1099.864436838174,0.9555945680797232,134612.95323414833,1.2083953803953917,5.040186237816905,0.1866735643635891,0.05701980793431998,0.9146612745633347,6128
577,2.0,27,73,27,27,0,0,0,1,0.573024,1100.437460838174,0.9556254998581047,134640.9998503208,1.2077279406173755,5.025300214974594,0.18612223018424423,0.0571320684893381,0.9138893228932667,6129
578,2.0,27,73,27,27,0,0,0,1,0.577088,1101.014548838174,0.9556563885737857,134668.52019027487,1.2070625695171109,5.010285049250076,0.18556611293518796,0.05725187970656025,0.9130852498490951,6130
579,2.0,27,73,27,27,0,0,0,1,0.581152,1101.595700838174,0.9556872343166302,134695.51477652075,1.2063994816919876,4.995051264639348,0.1850018986903462,0.05737910950187472,0.9122459478853768,6131
580,2.0,27,73,27,27,0,0,0,1,0.577088,1102.172788838174,0.9557180371762525,134722.97765264614,1.2057375773884338,4.980022488855393,0.18444527736501454,0.05749978030931188,0.9114236863186052,6132
581,2.0,27,73,27,27,0,0,0,1,0.577088,1102.749876838174,0.9557487972420181,134750.41178517957,1.205077401014525,4.964952968825195,0.18388714699352576,0.057620677403998725,0.9105917337736055,6133
582,2.0,27,73,27,27,0,0,0,1,0.56896,1103.318836838174,0.955779514603044,134778.81010909515,1.2044171997186832,4.950226038976637,0.18334170514728287,0.05772474773046964,0.9098111574321449,6134
583,2.0,27,73,27,27,0,0,0,1,0.56896,1103.8877968381742,0.9558101893482003,134807.1791591834,1.203758502894762,4.935529059239624,0.18279737256443052,0.05782783007041273,0.9090273502991979,6135
584,2.0,27,73,27,27,0,0,0,1,0.577088,1104.4648848381742,0.9558408215661104,134834.52669644603,1.2031034904550897,4.920500283455668,0.18224075123909883,0.0579488150620625,0.9081737074236089,6136
585,2.0,27,73,27,27,0,0,0,1,0.577088,1105.0419728381742,0.9558714113451523,134861.84567020435,1.2024501909479286,4.905425591838695,0.18168242932735906,0.05806810757338926,0.9073153630046763,6137
586,2.0,27,73,27,27,0,0,0,1,0.5730240000000001,1105.6149968381742,0.9559019587734592,134889.63194827994,1.201797292635505,4.890515164802251,0.18113019128897226,0.058180790959488624,0.9064738941632636,6138
587,2.0,27,73,27,27,0,0,0,1,0.577088,1106.1920848381742,0.9559324639389204,134916.89377060859,1.2011474087822418,4.87549999907773,0.18057407403991596,0.05830135610052352,0.9055978465392704,6139
588,2.0,27,73,27,27,0,0,0,1,0.577088,1106.7691728381742,0.9559629269291823,134944.12716339494,1.2004992267268573,4.860454883241667,0.18001684752746913,0.058422982786423945,0.9047093624084286,6140
589,2.0,27,73,27,27,0,0,0,1,0.577088,1107.3462608381742,0.955993347831649,134971.3321710867,1.1998527427800496,4.845426107457712,0.17946022620213747,0.05854443822497991,0.9038135868263973,6141
590,2.0,27,73,27,27,0,0,0,1,0.5730240000000001,1107.9192848381742,0.9560237267334833,134999.0040310981,1.1992062142818944,4.830570034726944,0.17891000128618315,0.05865655506143324,0.9029435366564872,6142
591,2.0,27,73,27,27,0,0,0,1,0.56896,1108.4882448381743,0.9560540637216076,135027.14232377888,1.19855942411429,4.815813529097476,0.17836346404064726,0.05875872103796091,0.9020990111123636,6143
592,2.0,27,73,27,27,0,0,0,1,0.573024,1109.0612688381743,0.9560843588827044,135054.75685478593,1.1979160628474546,4.8009275062551655,0.17781212986130243,0.05887187041933416,0.9012087870863216,6144
593,2.0,27,73,27,27,0,0,0,1,0.577088,1109.6383568381743,0.9561146123032174,135081.84813212953,1.197276339974407,4.785857986224968,0.1772539994898136,0.058993752348433556,0.9002768397852676,6145
594,2.0,27,73,27,27,0,0,0,1,0.5730240000000001,1110.2113808381744,0.9561448240693524,135109.40582031754,1.1966361294482695,4.770988303434767,0.17670327049758391,0.059106641327913385,0.899371185277313,6146
595,2.0,27,73,27,27,0,0,0,1,0.5730240000000001,1110.7844048381744,0.9561749942670777,135136.9350759553,1.1959974899342387,4.756132230703999,0.17615304558162956,0.05921890212078062,0.8984595844118015,6147
596,2.0,27,73,27,27,0,0,0,1,0.5730240000000001,1111.3574288381744,0.9562051229821256,135164.43594302284,1.1953458086825954,4.741216632080777,0.17560061600299176,0.05933015224827329,0.8975403564879799,6148
597,2.0,27,73,27,27,0,0,0,1,0.577088,1111.9345168381744,0.9562352102999924,135191.41435365428,1.194698199880774,4.7261715162447135,0.17504338949054496,0.05945253620190646,0.8965727711404239,6149
598,2.0,27,73,27,27,0,0,0,1,0.5933440000000001,1112.5278608381743,0.9562652563059398,135216.38899601588,1.1940626513552575,4.710506368485747,0.17446319883280542,0.05961086672803331,0.8954585115020466,6150
599,2.0,27,73,27,27,0,0,0,1,0.56896,1113.0968208381744,0.9562952610849955,135244.29967075255,1.1934130048789848,4.695809388748733,0.1739188662499531,0.05971432527560341,0.8945452858003854,6151
600,2.0,27,73,27,27,0,0,0,1,0.56896,1113.6657808381744,0.9563252247219541,135272.18182695558,1.1927648294061854,4.681058054706041,0.17337252054466823,0.05981862411807672,0.8936188601980997,6152
601,2.0,27,73,27,27,0,0,0,1,0.58928,1114.2550608381744,0.9563551473013778,135297.56812286502,1.1921326788081341,4.665506084107808,0.17279652163362258,0.05996680248533393,0.8925107023446729,6153
602,2.0,27,73,27,27,0,0,0,1,0.573024,1114.8280848381744,0.9563850289075971,135324.9008091674,1.1914875331967576,4.650636401317606,0.17224579264139284,0.06008026351695042,0.8915316178025947,6154
603,2.0,27,73,27,27,0,0,0,1,0.581152,1115.4092368381744,0.9564148696247118,135351.21909870225,1.1908443873698686,4.635462142599334,0.17168378305923462,0.06021148428817294,0.8904730716127244,6155
604,2.0,27,73,27,27,0,0,0,1,0.581152,1115.9903888381743,0.9564446695365916,135377.50997773831,1.190203021841518,4.620257933769517,0.17112066421368588,0.060343852545879074,0.8893992864095531,6156
605,2.0,27,73,27,27,0,0,0,1,0.5811520000000001,1116.5715408381743,0.956474428726877,135403.77348907533,1.1895634327970288,4.605029320745567,0.1705566415090951,0.060476343585442564,0.8883136459246428,6157
606,2.0,27,73,27,27,0,0,0,1,0.577088,1117.1486288381743,0.9565041472789804,135430.50234716453,1.1889274429960173,4.590067183948712,0.17000248829439674,0.06058899472171528,0.8872945882044648,6158
607,2.0,27,73,27,27,0,0,0,1,0.56896,1117.7175888381744,0.956533825276086,135458.1886443952,1.1882894615817419,4.575356594152263,0.169457651635269,0.06069336181280872,0.8863045698929042,6159
608,2.0,27,73,27,27,0,0,0,1,0.581152,1118.2987408381744,0.9565634628011516,135484.3696653369,1.1876551792817602,4.560122809541536,0.16889343739042725,0.060824168759316906,0.8851938382600247,6160
609,2.0,27,73,27,27,0,0,0,1,0.577088,1118.8758288381744,0.9565930599369085,135511.0156928139,1.1870212645109532,4.545130722633137,0.1683381749123384,0.06093787975519478,0.884140715761595,6161
610,2.0,27,73,27,27,0,0,0,1,0.5730240000000001,1119.4488528381744,0.956622616765863,135538.12629788235,1.186388573598538,4.5302746499023705,0.1677879499963841,0.06105111011823687,0.8830855066829575,6162
611,2.0,27,73,27,27,0,0,0,1,0.577088,1120.0259408381744,0.9566521333702966,135564.71726572077,1.185758495750386,4.515245874118415,0.1672313286710524,0.061174547785352834,0.8819777514407052,6163
612,2.0,27,73,27,27,0,0,0,1,0.5730240000000001,1120.5989648381744,0.9566816098322671,135591.77258560312,1.18512888565956,4.50033544708197,0.16667909063266556,0.061288693991424725,0.8808967778693299,6164
613,2.0,27,73,27,27,0,0,0,1,0.5730240000000001,1121.1719888381745,0.9567110462336094,135618.80024987546,1.184500811436015,4.48544942423966,0.16612775645332073,0.06140305595141754,0.8798060723618469,6165
614,2.0,27,73,27,27,0,0,0,1,0.5730240000000001,1121.7450128381745,0.9567404426559356,135645.80030092003,1.183874269809918,4.470593351508893,0.1655775315373664,0.0615164486038098,0.8787099322834063,6166
615,2.0,27,73,27,27,0,0,0,1,0.577088,1122.3221008381745,0.9567697991806369,135672.28150125794,1.1832507521494546,4.455518659891919,0.16501920962562663,0.0616382855593168,0.8775635640856629,6167
616,2.0,27,73,27,27,0,0,0,1,0.581152,1122.9032528381745,0.9567991158888833,135698.24436331866,1.1826304653888393,4.440330791114212,0.16445669596719303,0.061771692007615564,0.8763601438231632,6168
617,2.0,27,73,27,27,0,0,0,1,0.581152,1123.4844048381744,0.9568283928616249,135724.1803654263,1.182011910153839,4.425156532395939,0.1638946863850348,0.0619046626558259,0.8751472511784509,6169
618,2.0,27,73,27,27,0,0,0,1,0.56896,1124.0533648381745,0.9568576301795927,135751.56195717456,1.1813896496133398,4.4104051983532475,0.1633483406797499,0.06200944230844079,0.8740438397448447,6170
619,2.0,27,73,27,27,0,0,0,1,0.573024,1124.6263888381745,0.9568868279232987,135778.425186831,1.1807707177970623,4.395519175510937,0.1627970065004051,0.06212405821545572,0.8728883123648474,6171
620,2.0,27,73,27,27,0,0,0,1,0.577088,1125.2034768381745,0.9569159861730374,135804.77055526967,1.1801553204127233,4.380444483893964,0.1622386845886653,0.06224635453361749,0.8716847024144895,6172
621,2.0,27,73,27,27,0,0,0,1,0.581152,1125.7846288381745,0.9569451050088863,135830.59857355795,1.1795436625822284,4.365256615116255,0.16167617093023168,0.06238030466496955,0.8704216000702407,6173
622,2.0,27,73,27,27,0,0,0,1,0.5730240000000001,1126.3576528381745,0.9569741845107064,135857.38030403847,1.1789292562554392,4.350400542385488,0.16112594601427735,0.06249411186940753,0.8692368510661425,6174
623,2.0,27,73,27,27,0,0,0,1,0.581152,1126.9388048381745,0.9570032247581431,135883.15473970157,1.1783066932518675,4.335196333555671,0.16056282716872858,0.06262869111376465,0.8679465798282715,6175
624,2.0,27,73,27,27,0,0,0,1,0.581152,1127.5199568381745,0.9570322258306271,135908.90260578645,1.177685856439843,4.320008464777964,0.16000031351029498,0.0627631268637192,0.8666451573144914,6176
625,2.0,27,73,27,27,0,0,0,1,0.5730240000000001,1128.0929808381745,0.9570611878073745,135935.60336317512,1.1770616538249095,4.30509803774152,0.15944807547190815,0.06287794994828289,0.86541876971229,6177
626,2.0,27,73,27,27,0,0,0,1,0.5730240000000001,1128.6660048381746,0.9570901107673885,135962.277008602,1.1764389654152219,4.290182439118299,0.15889564589327032,0.06299083604937017,0.8641877734121952,6178
627,2.0,27,73,27,27,0,0,0,1,0.56896,1129.2349648381746,0.9571189947894593,135989.41299343007,1.17581503570216,4.275485459381285,0.15835131331041793,0.06309486521255475,0.8629904923423732,6179
628,2.0,27,73,27,27,0,0,0,1,0.5811520000000001,1129.8161168381746,0.957147839952165,136015.0538744799,1.1752010803814565,4.260281250551468,0.15778819446486916,0.06322996371152516,0.861636664575001,6180
629,2.0,27,73,27,27,0,0,0,1,0.573024,1130.3891408381746,0.9571766463338728,136041.64658373606,1.174580059215605,4.245411567761266,0.1572374654726395,0.0633448081581847,0.8603654353194229,6181
630,2.0,27,73,27,27,0,0,0,1,0.56896,1130.9581008381747,0.9572054140127388,136068.70129490265,1.173960332267519,4.230714588024252,0.15669313288978712,0.06344893246422373,0.8591330427774018,6182
631,2.0,27,73,27,27,0,0,0,1,0.573024,1131.5311248381747,0.9572341430667097,136095.2399979485,1.1733423190602352,4.215798989401032,0.1561407033111493,0.06356200684963456,0.8578422977140766,6183
632,2.0,27,73,27,27,0,0,0,1,0.577088,1132.1082128381747,0.9572628335735228,136121.26319061327,1.1727262269629644,4.200729469370833,0.15558257293966055,0.06368710893310373,0.8564839707385635,6184
633,2.0,27,73,27,27,0,0,0,1,0.5730240000000001,1132.6812368381748,0.9572914856107069,136147.7483554644,1.1721112086329788,4.1858733966400665,0.15503234802370616,0.0638014267012703,0.8551671316348501,6185
634,2.0,27,73,27,27,0,0,0,1,0.577088,1133.2583248381748,0.9573200992555831,136173.71839914465,1.1714983152119334,4.170844620856112,0.15447572669837453,0.06392652045369428,0.8537855086267776,6186
635,2.0,27,73,27,27,0,0,0,1,0.56896,1133.8272848381748,0.9573486745852654,136200.63837327808,1.1708855421900055,4.156117691007554,0.15393028485213164,0.06403168667670403,0.8524872295865826,6187
636,2.0,27,73,27,27,0,0,0,1,0.597408,1134.424692838175,0.9573772116766616,136224.11516217276,1.1702800423935795,4.140247534421816,0.1533425012748821,0.06420613023933777,0.8508331533809672,6188
637,2.0,27,73,27,27,0,0,0,1,0.577088,1135.001780838175,0.9574057106064734,136250.006485275,1.169671919409369,4.125232368697296,0.15278638402582578,0.06433093137471425,0.8494124713130973,6189
638,2.0,27,73,27,27,0,0,0,1,0.5730240000000001,1135.574804838175,0.9574341714511978,136276.35919771303,1.1690643300961743,4.110321941660851,0.15223414598743898,0.0644463178356967,0.8480224566018453,6190
639,2.0,27,73,27,27,0,0,0,1,0.581152,1136.155956838175,0.9574625942871274,136301.71022555933,1.1684605274753954,4.095134072883145,0.15167163232900535,0.06458217184062565,0.8465194008083888,6191
640,2.0,27,73,27,27,0,0,0,1,0.577088,1136.733044838175,0.9574909791903514,136327.52272285812,1.1678571468603354,4.080088957047081,0.15111440581655855,0.06470814673294496,0.8450509005508593,6192
641,2.0,27,73,27,27,0,0,0,1,0.581152,1137.314196838175,0.9575193262367556,136352.8217893734,1.1672567031936645,4.064914698328808,0.1505523962344003,0.06484364953525135,0.8435211847045404,6193
642,2.0,27,73,27,27,0,0,0,1,0.577088,1137.891284838175,0.9575476355020239,136378.5820910558,1.1666564667651094,4.049840006711834,0.14999407432266054,0.06496775452938373,0.8420298604449882,6194
643,2.0,27,73,27,27,0,0,0,1,0.5730240000000001,1138.464308838175,0.9575759070616383,136404.80320237577,1.166056227779109,4.034970323921632,0.14944334533043083,0.06508324440941608,0.8405733735652355,6195
644,2.0,27,73,27,27,0,0,0,1,0.581152,1139.045460838175,0.95760414099088,136430.02438695272,1.165460798186448,4.019741710897682,0.14887932262584005,0.06521988891844228,0.8389914694719273,6196
645,2.0,27,73,27,27,0,0,0,1,0.56896,1139.614420838175,0.9576323373648299,136456.67969489665,1.1648617006455408,4.005014781049124,0.14833388077959722,0.06532529414592136,0.837558440791905,6197
646,2.0,27,73,27,27,0,0,0,1,0.581152,1140.195572838175,0.9576604962583695,136481.8489977475,1.1642695979449098,3.9898405223308515,0.14777187119743895,0.06546123139958614,0.8359535166505997,6198
647,2.0,27,73,27,27,0,0,0,1,0.58928,1140.7848528381749,0.9576886177461809,136506.02005502794,1.1636831184633813,3.9743344675656376,0.1471975728728014,0.06561922143786153,0.8342170350515143,6199
648,2.0,27,73,27,27,0,0,0,1,0.581152,1141.3660048381748,0.9577167019027484,136531.13842486852,1.1630943223831283,3.959100682954911,0.14663335862795968,0.06575447178652358,0.832578825612057,6200
649,2.0,27,73,27,27,0,0,0,1,0.5852160000000001,1141.9512208381748,0.9577447488023584,136555.74524938327,1.1625093649827876,3.943767331242886,0.14606545671269952,0.06590167318228507,0.8308666770290775,6201
650,2.0,27,73,27,27,0,0,0,1,0.56896,1142.5201808381748,0.9577727585191005,136582.27015781915,1.161902924236316,3.9290404013943276,0.14552001486645658,0.06600718631508956,0.8293602531215241,6202
651,2.0,27,73,27,27,0,0,0,1,0.5730240000000001,1143.0932048381749,0.9578007311268677,136608.2829808324,1.1613002371675074,3.9141299743578832,0.14496777682806974,0.06612324874858949,0.8277810658957128,6203
652,2.0,27,73,27,27,0,0,0,1,0.581152,1143.6743568381748,0.9578286666993576,136633.29868828272,1.1607040007482585,3.8989421055801765,0.14440526316963617,0.0662606854639219,0.8260739178782954,6204
653,2.0,27,73,27,27,0,0,0,1,0.577088,1144.2514448381748,0.9578565653100728,136658.7743501734,1.1601068206503344,3.883926939855656,0.14384914592057987,0.06638681078669888,0.8244124971115055,6205
654,2.0,27,73,27,27,0,0,0,1,0.58928,1144.8407248381748,0.9578844270323212,136682.76870751494,1.1595192951479432,3.8683749692574234,0.14327314700953422,0.06654438471262146,0.8225568796309005,6206
655,2.0,27,73,27,27,0,0,0,1,0.577088,1145.4178128381748,0.9579122519392175,136708.19350364237,1.1589252093044347,3.85332985342136,0.1427159204970874,0.06667173190331661,0.8208548699555099,6207
656,2.0,27,73,27,27,0,0,0,1,0.56896,1145.9867728381748,0.9579400401036827,136734.56248707252,1.1583268590159248,3.838619263624911,0.14217108383795965,0.06677705245104813,0.8192601993515501,6208
657,2.0,27,73,27,27,0,0,0,1,0.573024,1146.5597968381749,0.9579677915984458,136760.42054885626,1.1577300586602866,3.823763190894144,0.14162085892200535,0.06689257835767583,0.8175940000125255,6209
658,2.0,27,73,27,27,0,0,0,1,0.593344,1147.1531408381747,0.9579955064960438,136783.82982532852,1.1571362554302302,3.808057298888935,0.14103915921810872,0.06706365202559923,0.8155960939721102,6210
659,2.0,27,73,27,27,0,0,0,1,0.577088,1147.7302288381748,0.9580231848688224,136809.1525819167,1.1565427514080011,3.7929826072719615,0.14048083730636893,0.06718923587102947,0.8138337586143712,6211
660,2.0,27,73,27,27,0,0,0,1,0.56896,1148.2991888381748,0.9580508267889372,136835.4184408846,1.1559497528886806,3.778285627534947,0.13993650472351657,0.06729398402326524,0.8121796867604524,6212
661,2.0,27,73,27,27,0,0,0,1,0.56896,1148.8681488381749,0.9580784323283531,136861.65828429424,1.155358085919925,3.7635586976863893,0.13939106287727368,0.06739963424705815,0.8105038812712123,6213
662,2.0,27,73,27,27,0,0,0,1,0.577088,1149.4452368381749,0.9581060015588464,136886.90418415447,1.1547691941701106,3.7485299219024344,0.13883444155194202,0.0675270003272849,0.8086882609784335,6214
663,2.0,26,74,27,26,0,1,0,1,0.5562501963261336,1150.001487034501,0.9581091935837207,136911.12731167837,1.1541988263141383,3.734250739525987,0.1436250284433072,0.06309560919218052,0.8382289899764983,6215
664,2.0,26,74,26,26,0,0,0,1,0.5527040000000001,1150.554191034501,0.9581356880488457,136935.74907440026,1.1536261332263151,3.720149526752485,0.1430826741058648,0.0632065629476377,0.8367208142404132,6216
665,2.0,26,74,26,26,0,0,0,1,0.556768,1151.1109590345009,0.9581621490215145,136959.8636540083,1.1530556392579043,3.7058296950927754,0.14253191134972212,0.06332931657276675,0.8351306875012617,6217
666,2.0,26,74,26,26,0,0,0,1,0.5648960000000001,1151.675855034501,0.9581885765651952,136982.98814754083,1.1524884735255863,3.6912375932785797,0.14197067666456073,0.0634797249145729,0.833383609339911,6218
667,2.0,26,74,26,26,0,0,0,1,0.5648960000000001,1152.240751034501,0.9582149707431956,137006.0899671072,1.1519229818575791,3.6766291514122744,0.14140881351585669,0.06363073826822163,0.8316150385476523,6219
668,2.0,26,74,26,26,0,0,0,1,0.556768,1152.797519034501,0.958241331618664,137030.13529409957,1.151356896995144,3.6623688456450196,0.14086034021711613,0.06375489737382506,0.8299743944866039,6220
669,2.0,26,74,26,26,0,0,0,1,0.556768,1153.3542870345009,0.9582676592545891,137054.15740590342,1.1507917626972595,3.648147958745993,0.14031338302869206,0.0638667350582937,0.8283757621254138,6221
670,2.0,26,74,26,26,0,0,0,1,0.556768,1153.9110550345008,0.958293953713801,137078.15633612307,1.1502280909476632,3.6338863276007256,0.13976485875387404,0.06397885637784749,0.8267572800924713,6222
671,2.0,26,74,26,26,0,0,0,1,0.5527040000000001,1154.4637590345008,0.9583202150589717,137102.61475195416,1.1496649545268474,3.6197255889347693,0.13922021495902956,0.0640890361286307,0.8251399844531268,6223
672,2.0,26,74,26,26,0,0,0,1,0.560832,1155.0245910345006,0.9583464433526151,137126.0847859031,1.149106252570195,3.6052762400622163,0.13866447077162372,0.06422756272835306,0.8233555809982848,6224
673,2.0,26,74,26,26,0,0,0,1,0.556768,1155.5813590345006,0.9583726386570882,137150.0143723487,1.148547463300955,3.5910159342949615,0.13811599747288314,0.06435195017801833,0.8216333972032434,6225
674,2.0,25,75,26,25,0,1,0,1,0.5334647345946635,1156.1148237690952,0.958374628344896,137173.22599755364,1.1480038074125365,3.577654269023771,0.14310617076095083,0.05937898476167191,0.8531210752333691,6226
675,2.0,25,75,25,25,0,0,0,0,0.52832,1156.643143769095,0.9583997680823307,137197.026459597,1.1474597862045934,3.5645076142127863,0.14258030456851142,0.059464868331067816,0.8518315992128547,6227
676,2.0,25,75,25,25,0,0,0,0,0.52832,1157.171463769095,0.9584248774716917,137220.80518888857,1.1469169620911792,3.551331009290257,0.14205324037161027,0.05955210293506759,0.8505219449924917,6228
677,2.0,25,75,25,25,0,0,0,0,0.52832,1157.699783769095,0.9584499565678989,137244.56221518174,1.14636254393055,3.5381248285868168,0.1415249931434727,0.05963691356993388,0.8492080564976792,6229
678,2.0,25,75,25,25,0,0,0,0,0.52832,1158.2281037690948,0.9584750054257397,137268.2975681757,1.1458093344367175,3.5249238194701547,0.14099695277880617,0.05972405371799782,0.8478719290357525,6230
679,2.0,25,75,25,25,0,0,0,0,0.52832,1158.7564237690947,0.9585000240998699,137292.01127751544,1.1452573313305117,3.511763554599734,0.14047054218398936,0.0598107808051223,0.8465278201074322,6231
680,2.0,25,75,25,25,0,0,0,0,0.52832,1159.2847437690946,0.9585250126448133,137315.70337279185,1.1447065323391439,3.498616899788749,0.13994467599154997,0.05989660280661184,0.8451758516180459,6232
681,2.0,25,75,25,25,0,0,0,0,0.52832,1159.8130637690945,0.9585499711149624,137339.373883542,1.1441569351947625,3.4854402948662195,0.13941761179464882,0.05998387357801666,0.8438023583893391,6233
682,2.0,25,75,25,25,0,0,0,0,0.52832,1160.3413837690944,0.9585748995645794,137363.02283924908,1.1436085376364984,3.47223411416278,0.13888936456651121,0.060068745031657184,0.8424240627927682,6234
683,2.0,25,75,25,25,0,0,0,0,0.52832,1160.8697037690943,0.9585997980477954,137386.65026934267,1.1430613374052583,3.45907384929236,0.1383629539716944,0.06015551184026871,0.8410276863615819,6235
684,2.0,25,75,25,25,0,0,0,0,0.52832,1161.3980237690942,0.9586246666186117,137410.2562031988,1.1425153322522834,3.4458728401756975,0.1378349136070279,0.060242696958561784,0.8396128989503204,6236
685,2.0,25,75,25,25,0,0,0,0,0.532384,1161.9304077690942,0.9586495053309,137433.35997772953,1.141970621729702,3.4326155381633128,0.13730462152653256,0.06032972096342065,0.8381808059135577,6237
686,2.0,25,75,25,25,0,0,0,0,0.52832,1162.4587277690941,0.9586743142384027,137456.92314311533,1.1414269999378697,3.419438933240784,0.13677755732963137,0.060417027303025055,0.8367400763414513,6238
687,2.0,25,75,25,25,0,0,0,0,0.52832,1162.987047769094,0.958699093394733,137480.46490002275,1.1408845665050278,3.406278668370364,0.13625114673481456,0.06050383856747826,0.8352891003350869,6239
688,2.0,25,75,25,25,0,0,0,0,0.52832,1163.515367769094,0.9587238428533762,137503.98527761476,1.1403433192030095,3.3931320135593785,0.13572528054237515,0.06058966150717966,0.833829855479577,6240
689,2.0,25,75,25,25,0,0,0,0,0.52832,1164.0436877690938,0.9587485626676888,137527.4843050014,1.1398032558102673,3.3799258328559394,0.13519703331423757,0.06067447196169097,0.8323563896879385,6241
690,2.0,25,75,25,25,0,0,0,0,0.52832,1164.5720077690937,0.9587732528909,137550.9620112399,1.1392643741075594,3.3667248237392764,0.13466899294957105,0.06076169503511789,0.8308580386380829,6242
691,2.0,25,75,25,25,0,0,0,0,0.5323840000000001,1165.1043917690938,0.9587979135761114,137573.93855208013,1.1387271789705837,3.3534721048622034,0.1341388841944881,0.06084781955587891,0.8293460183904326,6243
692,2.0,25,75,25,25,0,0,0,0,0.52832,1165.6327117690937,0.9588225447762978,137597.37383877754,1.1381906537031237,3.340295499939674,0.13361181999758695,0.06093509399854346,0.8278205177508937,6244
693,2.0,25,75,25,25,0,0,0,0,0.52832,1166.1610317690936,0.9588471465443075,137620.78789113366,1.1376553035081758,3.3271352350692536,0.13308540940277017,0.061021818990481216,0.8262843532096763,6245
694,2.0,25,75,25,25,0,0,0,0,0.52832,1166.6893517690935,0.958871718932862,137644.18073799557,1.1371211261920142,3.3139290543658144,0.1325571621746326,0.06110668883902054,0.8247382167408582,6246
695,2.0,25,75,25,25,0,0,0,0,0.52832,1167.2176717690934,0.9588962619945577,137667.55240815814,1.136588119562247,3.300782399554829,0.13203129598219315,0.06119258824949134,0.8231775542900832,6247
696,2.0,25,75,25,25,0,0,0,0,0.52832,1167.7459917690933,0.9589207757818651,137690.90293036413,1.136056281436463,3.2875813904381666,0.13150325561752665,0.061279848174879546,0.8215905727171615,6248
697,2.0,25,75,25,25,0,0,0,0,0.52832,1168.2743117690932,0.9589452603471295,137714.23233330424,1.1355256096345876,3.2744211255677462,0.13097684502270984,0.06136662009381827,0.819994322259655,6249
698,2.0,25,75,25,25,0,0,0,0,0.5323840000000001,1168.8066957690933,0.958969715742572,137737.0617252217,1.134997313701575,3.261138456579129,0.13044553826316516,0.061454098369644994,0.8183681648810229,6250
699,2.0,25,75,25,25,0,0,0,0,0.52832,1169.3350157690932,0.9589941420202887,137760.34911094274,1.1344689672830508,3.24793227587569,0.12991729103502758,0.06153902660973958,0.8167456947920777,6251
700,2.0,25,75,25,25,0,0,0,0,0.52832,1169.863335769093,0.9590185392322521,137783.61546311012,1.1339417806845875,3.234785621064704,0.12939142484258817,0.06162486561949919,0.8151086887407508,6252
701,2.0,25,75,25,25,0,0,0,0,0.52832,1170.391655769093,0.9590429074303111,137806.86081020779,1.1334157517501044,3.221625356194284,0.12886501424777136,0.061711675818090006,0.8134499168013472,6253
702,2.0,25,75,25,25,0,0,0,0,0.52832,1170.9199757690928,0.9590672466661913,137830.0851806682,1.1328782875533405,3.2084243470776213,0.12833697388310486,0.061798978041721755,0.8117688908619091,6254
703,2.0,25,75,25,25,0,0,0,0,0.52832,1171.4482957690927,0.9590915569914952,137853.2886028726,1.1323419923149594,3.195247742155092,0.12780990968620368,0.06188626169772711,0.8100741010824742,6255
704,2.0,25,75,25,25,0,0,0,0,0.52832,1171.9766157690926,0.9591158384577032,137876.47110515102,1.1318068638652217,3.182101087344107,0.12728404349376427,0.06197210317445871,0.808373127423036,6256
705,2.0,25,75,25,25,0,0,0,0,0.52832,1172.5049357690925,0.9591400911161732,137899.6327157825,1.13127290004055,3.1688949066406673,0.12675579626562672,0.062057026839521086,0.8066545840327118,6257
706,2.0,25,75,25,25,0,0,0,0,0.52832,1173.0332557690924,0.9591643150181413,137922.77346299498,1.130740098678765,3.155734641770247,0.12622938567080988,0.06214382364098027,0.8049145847810125,6258
707,2.0,25,75,25,25,0,0,0,0,0.52832,1173.5615757690923,0.9591885102147225,137945.89337496576,1.1302084576270948,3.142587986959262,0.1257035194783705,0.06222972782780467,0.8031637701554678,6259
708,2.0,25,75,25,25,0,0,0,0,0.52832,1174.0898957690922,0.9592126767569104,137968.99247982126,1.1296779747366152,3.129411382036733,0.1251764552814693,0.06231702504304536,0.8013859928291922,6260
709,2.0,25,75,25,25,0,0,0,0,0.52832,1174.618215769092,0.9592368146955781,137992.07080563737,1.1291486478642614,3.1162103729200696,0.1246484149168028,0.06240431805925603,0.7995886240949899,6261
710,2.0,25,75,25,25,0,0,0,0,0.52832,1175.146535769092,0.9592609240814781,138015.12838043954,1.1286204748705575,3.1030501080496498,0.12412200432198599,0.062491157212256766,0.7977805153761796,6262
711,2.0,25,75,25,25,0,0,0,0,0.52832,1175.674855769092,0.9592850049652433,138038.1652322027,1.1280934536244762,3.08984392734621,0.1235937570938484,0.06257608223831758,0.7959601502062288,6263
712,2.0,25,75,25,25,0,0,0,0,0.52832,1176.2031757690918,0.9593090573973865,138061.1813888517,1.1275675819956168,3.0766972725352253,0.12306789090140902,0.06266192679808323,0.7941237839559159,6264
713,2.0,25,75,25,25,0,0,0,0,0.52832,1176.7314957690917,0.9593330814283015,138084.1768782611,1.1270428578627583,3.0635206676126963,0.12254082670450785,0.06274925750982276,0.7922587974690127,6265
714,2.0,25,75,25,25,0,0,0,0,0.5323840000000001,1177.2638797690918,0.9593570771082631,138106.67497238595,1.1265197790223598,3.050249755540877,0.12200999022163508,0.06283740675876029,0.7903613259585719,6266
715,2.0,25,75,25,25,0,0,0,0,0.52832,1177.7921997690917,0.9593810444874274,138129.62934539324,1.1259973432274208,3.037103100729892,0.12148412402919569,0.062923310226559,0.7884710466568754,6267
716,2.0,25,75,25,25,0,0,0,0,0.52832,1178.3205197690916,0.9594049836158325,138152.56313443527,1.1254760485930797,3.0239020916132286,0.12095608366452915,0.06301058780517305,0.7865493022830506,6268
717,2.0,25,75,25,25,0,0,0,0,0.52832,1178.8488397690915,0.9594288945433984,138175.47636718708,1.1249558930177377,3.0106959109097895,0.1204278364363916,0.06309550819167117,0.7846211211567388,6269
718,2.0,25,75,25,25,0,0,0,0,0.52832,1179.3771597690913,0.9594527773199275,138198.3690712742,1.1244368744028572,2.9975193059872605,0.11990077223949042,0.06318287186343116,0.7826646062763081,6270
719,2.0,25,75,25,25,0,0,0,0,0.52832,1179.9054797690912,0.9594766319951052,138221.24127427267,1.1239189906582223,2.984372651176275,0.119374906047051,0.06326878655870766,0.7807006022088875,6271
720,2.0,25,75,25,25,0,0,0,0,0.52832,1180.4337997690911,0.9595004586185,138244.09300370913,1.1234022396974759,2.9712123863058553,0.11884849545223419,0.06335557876213077,0.7787114633865515,6272
721,2.0,25,75,25,25,0,0,0,0,0.5323840000000001,1180.9661837690912,0.9595242572395637,138266.44847599373,1.122887614981746,2.9579053131231046,0.11831621252492416,0.06344318071202508,0.7766816448786252,6273
722,2.0,25,75,25,25,0,0,0,0,0.52832,1181.4945037690911,0.9595480279076323,138289.25947499136,1.122373122742443,2.944699132419665,0.1177879652967866,0.06352815689878703,0.7746585878417972,6274
723,2.0,25,75,25,25,0,0,0,0,0.52832,1182.022823769091,0.9595717706719257,138312.05008266194,1.1218597570582398,2.9315524776086797,0.11726209910434719,0.06361407640630251,0.7726180551476994,6275
724,2.0,25,75,25,25,0,0,0,0,0.52832,1182.551143769091,0.9595954855815482,138334.82032633573,1.1213475158643729,2.918392212738259,0.11673568850953035,0.06370091298389488,0.7705513116162385,6276
725,2.0,25,75,25,25,0,0,0,0,0.52832,1183.0794637690908,0.9596191726854891,138357.5702332942,1.120836397100097,2.90521560781573,0.11620862431262921,0.0637881873627165,0.7684603933544163,6277
726,2.0,25,75,25,25,0,0,0,0,0.5323840000000001,1183.611847769091,0.9596428320326232,138379.82469397617,1.12032808596366,2.891958305803346,0.11567833223213383,0.06387544572836747,0.7663395990742073,6278
727,2.0,25,75,25,25,0,0,0,0,0.52832,1184.1401677690908,0.9596664636717103,138402.53414320323,1.1198068061561492,2.8787521250999064,0.11515008500399626,0.06396045735567012,0.7642174976848188,6279
728,2.0,25,75,25,25,0,0,0,0,0.52832,1184.6684877690907,0.9596900676513963,138425.2233372174,1.1192866577469238,2.8655918602294865,0.11462367440917946,0.06404733021471122,0.7620703880841475,6280
729,2.0,25,75,25,25,0,0,0,0,0.52832,1185.1968077690906,0.9597136440202133,138447.89230310594,1.118767638669435,2.852390851112824,0.11409563404451296,0.06413464179211807,0.7598951354686667,6281
730,2.0,25,75,25,25,0,0,0,0,0.52832,1185.7251277690905,0.95973719282658,138470.54106790773,1.118249746859027,2.839214246190294,0.11356856984761177,0.06422194877767562,0.7577023169188486,6282
731,2.0,25,75,25,25,0,0,0,0,0.52832,1186.2534477690904,0.9597607141188017,138493.16965861362,1.1177329802577496,2.826067591379309,0.11304270365517237,0.0643078671374886,0.7555005338811411,6283
732,2.0,25,75,25,25,0,0,0,0,0.52832,1186.7817677690903,0.9597842079450711,138515.77810216634,1.1172173368121068,2.8129073265088884,0.11251629306035557,0.06439478052594508,0.7532703353927653,6284
733,2.0,25,75,25,25,0,0,0,0,0.52832,1187.3100877690902,0.9598076743534684,138538.3664254606,1.1167028144750477,2.7997011458054493,0.11198804583221798,0.06447979239581904,0.7510238886489257,6285
734,2.0,25,75,25,25,0,0,0,0,0.5323840000000001,1187.8424717690903,0.9598311133919616,138560.46059278722,1.1161916828606662,2.7864184768168325,0.1114567390726733,0.06456741328356436,0.7487305607141498,6286
735,2.0,25,75,25,25,0,0,0,0,0.52832,1188.3707917690901,0.9598545251084067,138583.00888970366,1.1156793952319937,2.7732718220058468,0.11093087288023387,0.06465332844583452,0.7464438889959488,6287
736,2.0,25,75,25,25,0,0,0,0,0.52832,1188.89911176909,0.9598779095505487,138605.53714670904,1.1151682225972415,2.760070812889184,0.11040283251556737,0.06474063033476628,0.7441199778061864,6288
737,2.0,25,75,25,25,0,0,0,0,0.52832,1189.42743176909,0.9599012667660208,138628.04539050735,1.114658162926579,2.7469105480187643,0.10987642192075057,0.06482752964160923,0.7417821298090468,6289
738,2.0,25,75,25,25,0,0,0,0,0.52832,1189.9557517690898,0.9599245968023459,138650.5336477552,1.1141492141969898,2.733763893207779,0.10935055572831115,0.06491350899814637,0.739429628598446,6290
739,2.0,25,75,25,25,0,0,0,0,0.52832,1190.4840717690897,0.9599478997069358,138673.00194506175,1.113641374390846,2.72055771250434,0.10882230850017359,0.06499851502237032,0.737052331383383,6291
740,2.0,24,76,25,24,0,1,0,0,0.5184173533633629,1191.0024891224532,0.9599479299844255,138693.24498365223,1.1131507968862062,2.707710604962533,0.11282127520677221,0.06245440853853245,0.7654394245706393,6292
741,2.0,24,76,24,24,0,0,0,0,0.508,1191.5104891224532,0.9599702622958437,138714.68317641804,1.1126622147570582,2.6951857167882762,0.11229940486617818,0.06253809679544664,0.7632869303346345,6293
742,2.0,24,76,24,24,0,0,0,0,0.508,1192.0184891224533,0.9599925697169527,138736.10309664527,1.1121746913526624,2.6827015728602626,0.11177923220251094,0.06262111423677405,0.7611230640209441,6294
743,2.0,24,76,24,24,0,0,0,0,0.508,1192.5264891224533,0.9600148522893411,138757.50476768543,1.1116882248310347,2.6702310389916835,0.1112596266246535,0.06270304393208384,0.7589465956088441,6295
744,2.0,24,76,24,24,0,0,0,0,0.508,1193.0344891224534,0.9600371100545054,138778.88821285038,1.111202813353718,2.657730555011561,0.11073877312548171,0.06278670160921385,0.7567349514869706,6296
745,2.0,24,76,24,24,0,0,0,0,0.508,1193.5424891224534,0.9600593430538492,138800.25345541214,1.1107184550877633,2.645200495250528,0.11021668730210536,0.06286782407109855,0.7545128381835995,6297
746,2.0,24,76,24,24,0,0,0,0,0.508,1194.0504891224534,0.9600815513286843,138821.6005186032,1.1102233798610177,2.632729961381949,0.10969708172424787,0.06294982397179706,0.7522725609862604,6298
747,2.0,24,76,24,24,0,0,0,0,0.508,1194.5584891224535,0.9601037349202306,138842.9294256166,1.1097293678121603,2.6202458174539354,0.10917690906058064,0.06303280537085083,0.7500030487719687,6299
748,2.0,24,76,24,24,0,0,0,0,0.508,1195.0664891224535,0.9601258938696166,138864.24019960582,1.1092364170968056,2.6077209292796795,0.10865503871998665,0.06311647587095964,0.7477017930183029,6300
749,2.0,24,76,24,24,0,0,0,0,0.508,1195.5744891224535,0.960148028217879,138885.53286368508,1.10874452587298,2.595220445299556,0.10813418522081485,0.06320016653751857,0.7453819041511046,6301
750,2.0,24,76,24,24,0,0,0,0,0.508,1196.0824891224536,0.9601701380059641,138906.80744092923,1.1082536923046242,2.582749911430978,0.1076145796429574,0.06328216740946474,0.7430544490385699,6302
751,2.0,24,76,24,24,0,0,0,0,0.508,1196.5904891224536,0.9601922232747268,138928.06395437408,1.1077639145606974,2.570219851669944,0.10709249381958101,0.06336328342332026,0.7407012772864274,6303
752,2.0,24,76,24,24,0,0,0,0,0.508,1197.0984891224537,0.9602142840649318,138949.30242701623,1.107275190810538,2.557735707741931,0.10657232115591377,0.0634462500342091,0.7383212594571,6304
753,2.0,24,76,24,24,0,0,0,0,0.5120640000000001,1197.6105531224537,0.9602363204172533,138970.0512959513,1.106789765722726,2.5451591098072637,0.10604829624196932,0.063528898466997,0.7359064168871073,6305
754,2.0,24,76,24,24,0,0,0,0,0.508,1198.1185531224537,0.9602583323722754,138991.253883855,1.106303143200904,2.5326342216330073,0.1055264259013753,0.06361260342920579,0.7334699380394751,6306
755,2.0,24,76,24,24,0,0,0,0,0.508,1198.6265531224537,0.9602803199704927,139012.43849966454,1.1058175692160284,2.5201500777049937,0.10500625323770807,0.06369567267358521,0.7310205426146631,6307
756,2.0,24,76,24,24,0,0,0,0,0.508,1199.1345531224538,0.9603022832523097,139033.60516622092,1.1053330419575276,2.507649593724871,0.10448539973853628,0.06377926855775334,0.7285420910562302,6308
757,2.0,24,76,24,24,0,0,0,0,0.508,1199.6425531224538,0.9603242222580423,139054.75390632648,1.1048495596193997,2.4951195339638375,0.1039633139151599,0.06386038420619544,0.7260508930453081,6309
758,2.0,24,76,24,24,0,0,0,0,0.508,1200.1505531224539,0.9603461370279165,139075.88474274497,1.104367120396214,2.4826490000952592,0.10344370833730245,0.06394238529348141,0.7235401170877874,6310
759,2.0,24,76,24,24,0,0,0,0,0.508,1200.658553122454,0.9603680276020702,139096.99769820157,1.103885722490325,2.4701648561672447,0.10292353567363521,0.06402549132668077,0.7209965226173486,6311
760,2.0,24,76,24,24,0,0,0,0,0.508,1201.166553122454,0.9603898940205522,139118.0927953831,1.1034053641072128,2.4576643721871223,0.10240268217446342,0.06410916556746721,0.7184227044395076,6312
761,2.0,24,76,24,24,0,0,0,0,0.508,1201.674553122454,0.9604117363233233,139139.1700569379,1.1029260434567412,2.445139484012866,0.10188081183386939,0.06419286509352422,0.7158204477131921,6313
762,2.0,24,76,24,24,0,0,0,0,0.508,1202.182553122454,0.960433554550256,139160.22950547616,1.1024477587513755,2.432668950144287,0.10136120625601196,0.06427486695432616,0.7132136490688262,6314
763,2.0,24,76,24,24,0,0,0,0,0.508,1202.690553122454,0.9604553487411351,139181.2711635698,1.1019705082105535,2.420138890383254,0.10083912043263558,0.06435597613952843,0.7105780553203055,6315
764,2.0,24,76,24,24,0,0,0,0,0.508,1203.198553122454,0.9604771189356578,139202.29505375255,1.1014942900534501,2.40765474645524,0.10031894776896833,0.0644390666432595,0.7079129020540581,6316
765,2.0,24,76,24,24,0,0,0,0,0.508,1203.7065531224541,0.9604988651734336,139223.3011985202,1.101019102507252,2.395184212586661,0.09979934219111088,0.06452113028545996,0.7052318795663336,6317
766,2.0,24,76,24,24,0,0,0,0,0.508,1204.2145531224542,0.9605205874939853,139244.28962033062,1.1005449438017816,2.3826837286065383,0.0992784886919391,0.06460477070684092,0.7025104796647175,6318
767,2.0,24,76,24,24,0,0,0,0,0.508,1204.7225531224542,0.9605422859367486,139265.26034160363,1.100071812171456,2.370158840432282,0.09875661835134508,0.06468850395330532,0.6997588601367098,6319
768,2.0,24,76,24,24,0,0,0,0,0.508,1205.2305531224542,0.9605639605410725,139286.21338472143,1.099599705854395,2.3576287806712495,0.09823453252796871,0.06476966901246747,0.6969975007624183,6320
769,2.0,24,76,24,24,0,0,0,0,0.508,1205.7385531224543,0.9605856113462198,139307.1487720284,1.099128623090591,2.3451446367432354,0.09771435986430148,0.06485274405410706,0.6942063255509744,6321
770,2.0,24,76,24,24,0,0,0,0,0.508,1206.2465531224543,0.960607238391367,139328.0665258313,1.0986469551205698,2.3326741028746563,0.09719475428644402,0.0649347458154104,0.691398972802263,6322
771,2.0,24,76,24,24,0,0,0,0,0.508,1206.7545531224544,0.9606288417156045,139348.9666683993,1.0981663204536807,2.3201736188945334,0.09667390078727223,0.06501841817721485,0.6885492786689318,6323
772,2.0,24,76,24,24,0,0,0,0,0.508,1207.2625531224544,0.9606504213579373,139369.8492219642,1.0976867173224238,2.3076435591335,0.09615181496389587,0.065099680315617,0.685683868205695,6324
773,2.0,24,76,24,24,0,0,0,0,0.508,1207.7705531224544,0.9606719773572847,139390.71420872022,1.0972081439596388,2.295159415205486,0.0956316423002286,0.06518279117115346,0.6827885235775707,6325
774,2.0,24,76,24,24,0,0,0,0,0.508,1208.2785531224545,0.9606935097524809,139411.56165082444,1.0967305986060745,2.282688881336908,0.09511203672237116,0.06526478873983797,0.679876809134023,6326
775,2.0,24,76,24,24,0,0,0,0,0.508,1208.7865531224545,0.960715018582275,139432.39157039652,1.0962540795055984,2.2701639931626514,0.09459016638177715,0.06534846215613747,0.6769169602247643,6327
776,2.0,24,76,24,24,0,0,0,0,0.508,1209.2945531224545,0.9607365038853315,139453.2039895191,1.0957785849045243,2.2576635091825286,0.09406931288260535,0.0654321659255781,0.6739347586351869,6328
777,2.0,24,76,24,24,0,0,0,0,0.508,1209.8025531224546,0.96075796570023,139473.99893023763,1.0953041130547247,2.24519297531395,0.09354970730474792,0.06551423533898974,0.670942502262438,6329
778,2.0,24,76,24,24,0,0,0,0,0.508,1210.3105531224546,0.9607794040654662,139494.77641456062,1.0948306622115085,2.232708831385936,0.09302953464108066,0.06559731541987578,0.6679137880781532,6330
779,2.0,24,76,24,24,0,0,0,0,0.508,1210.8185531224547,0.9608008190194517,139515.53646445958,1.094358230635562,2.2201787716249033,0.0925074488177043,0.06567851417152398,0.6648614518037698,6331
780,2.0,24,76,24,24,0,0,0,0,0.508,1211.3265531224547,0.9608222106005139,139536.27910186918,1.0938868165881748,2.2076538834506465,0.09198557847711027,0.06576227740501248,0.6617652833412957,6332
781,2.0,24,76,24,24,0,0,0,0,0.508,1211.8345531224547,0.9608435788468968,139557.00434868733,1.0934164183366997,2.195183349582068,0.09146597289925283,0.06584435018958293,0.6586641304375401,6333
782,2.0,24,76,24,24,0,0,0,0,0.508,1212.3425531224548,0.960864923796761,139577.71222677527,1.0929470341528587,2.182682865601945,0.09094511940008103,0.06592802028018761,0.655518331646994,6334
783,2.0,23,77,24,23,0,1,0,0,0.49860264553346345,1212.8411557679883,0.9608635445279335,139596.18635532842,1.0924973143149594,2.1704942143582087,0.09436931366774823,0.06460282931566903,0.6809009935285497,6335
784,2.0,23,77,23,23,0,0,0,0,0.48768000000000006,1213.3288357679883,0.9608839678722149,139615.9021414641,1.0920374608806807,2.1586031015865554,0.09385230876463284,0.06468201777861855,0.677974352381986,6336
785,2.0,23,77,23,23,0,0,0,0,0.48768000000000006,1213.8165157679882,0.9609043699117854,139635.60208501652,1.0915785862113239,2.146771514707356,0.09333789194379813,0.0647619176933174,0.675028369200174,6337
786,2.0,23,77,23,23,0,0,0,0,0.48768000000000006,1214.3041957679882,0.9609247506799637,139655.2862050735,1.0911206887157072,2.1348855735224794,0.09282111189228173,0.06484380333005575,0.6720310313455079,6338
787,2.0,23,77,23,23,0,0,0,0,0.48768000000000006,1214.7918757679881,0.9609451102099993,139674.95452069212,1.090663766803173,2.123040376583845,0.0923061033297324,0.06492484765411426,0.6690208197214372,6339
788,2.0,23,77,23,23,0,0,0,0,0.48768000000000006,1215.279555767988,0.9609654485350723,139694.60705089883,1.0902078188883768,2.1111788395931024,0.09179038433013488,0.06500650590967536,0.6659759096355259,6340
789,2.0,23,77,23,23,0,0,0,0,0.48768000000000006,1215.767235767988,0.9609857656882934,139714.2438146897,1.0897528433885806,2.099347252713903,0.09127596750930013,0.06508640600788532,0.6629221464901859,6341
790,2.0,23,77,23,23,0,0,0,0,0.48768000000000006,1216.254915767988,0.9610060617027052,139733.86483103017,1.0892988387258427,2.08745613994225,0.0907589626061848,0.06516558617398185,0.6598333007658013,6342
791,2.0,23,77,23,23,0,0,0,0,0.48768000000000006,1216.742595767988,0.9610263366112807,139753.47011885536,1.0888458033218764,2.0756109430036154,0.09024395404363546,0.06524666752313936,0.6567136775976574,6343
792,2.0,23,77,23,23,0,0,0,0,0.48768000000000006,1217.230275767988,0.9610465904469249,139773.05969707004,1.0883937356057034,2.0637494060128723,0.08972823504403793,0.06532840534884166,0.6535582804575265,6344
793,2.0,23,77,23,23,0,0,0,0,0.48768000000000006,1217.7179557679879,0.9610668232424742,139792.6335845487,1.0879426340082379,2.0519178191336733,0.08921381822320319,0.06540830047007826,0.6503944583991365,6345
794,2.0,23,77,23,23,0,0,0,0,0.48768000000000006,1218.2056357679878,0.961087035030697,139812.19180013557,1.0874924969644733,2.0400318779487963,0.08869703817168681,0.06549011950240255,0.647177254338116,6346
795,2.0,23,77,23,23,0,0,0,0,0.48768000000000006,1218.6933157679878,0.9611072258442935,139831.73436264475,1.0870433229110612,2.0281866810101623,0.08818202960913747,0.06557124247299416,0.643945880760628,6347
796,2.0,23,77,23,23,0,0,0,0,0.48768000000000006,1219.1809957679877,0.9611273957158962,139851.26129086022,1.0865951102910778,2.016295568238509,0.08766502470602214,0.06565042059334628,0.6406894976586166,6348
797,2.0,23,77,23,23,0,0,0,0,0.48768000000000006,1219.6686757679877,0.96114754467807,139870.77260353594,1.0861478575465562,2.00446398135931,0.0871506078851874,0.0657303190354409,0.6374133583688646,6349
798,2.0,23,77,23,23,0,0,0,0,0.48768000000000006,1220.1563557679876,0.961167672763312,139890.26831939584,1.085701563126635,1.992602444368567,0.08663488888558986,0.06581202132943133,0.6340892308285846,6350
799,2.0,23,77,23,23,0,0,0,0,0.48768000000000006,1220.6440357679876,0.9611877800040524,139909.74845713397,1.0852562254830416,1.9807165031836902,0.0861181088340735,0.06589393323305569,0.6307292724125184,6351
800,2.0,23,77,23,23,0,0,0,0,0.48768000000000006,1221.1317157679875,0.9612078664326538,139929.21303541455,1.084811843069225,1.968871306245056,0.08560310027152417,0.06597503927996867,0.6273558652027957,6352
801,2.0,23,77,23,23,0,0,0,0,0.48768000000000006,1221.6193957679875,0.9612279320814123,139948.66207287187,1.0843684143437617,1.9570397193658566,0.08508868345068943,0.06605493775220087,0.6239655794946316,6353
802,2.0,22,78,23,22,0,1,0,0,0.4871928685508657,1222.1065886365384,0.9612254990109692,139964.8783424339,1.0839431039110878,1.9451635528043019,0.08841652512746827,0.06505782209143547,0.6487535712190149,6354
803,2.0,22,78,22,22,0,0,0,0,0.46736000000000005,1222.5739486365385,0.9612446641204224,139983.35249238863,1.08351118657245,1.9339254758462396,0.08790570344755634,0.06513802832601272,0.6455447234703513,6355
804,2.0,22,78,22,22,0,0,0,0,0.46736000000000005,1223.0413086365386,0.9612638102937213,140001.81252331295,1.0830801878770668,1.9227173489997214,0.08739624313635097,0.0652162759979425,0.6423288600230755,6356
805,2.0,22,78,22,22,0,0,0,0,0.46736000000000005,1223.5086686365387,0.9612829375589172,140020.25845138653,1.0826501064092555,1.9114956120937676,0.08688616418608036,0.06529573082818903,0.6390733065012948,6357
806,2.0,22,78,22,22,0,0,0,0,0.46736000000000005,1223.9760286365388,0.9613020459440057,140038.69029276443,1.0822209407569587,1.9002331309415723,0.08637423322461692,0.06537617020500192,0.6357727414695064,6358
807,2.0,22,78,22,22,0,0,0,0,0.46736000000000005,1224.4433886365389,0.9613211354769272,140057.1080635769,1.0817926895104075,1.8889654782025997,0.08586206719102726,0.06545378941591418,0.6324624824400602,6359
808,2.0,22,78,22,22,0,0,0,0,0.46736000000000005,1224.910748636539,0.961340206185567,140075.5117799297,1.0813653512608026,1.8777274012445373,0.08535124551111534,0.06553402898344293,0.6291124304499875,6360
809,2.0,22,78,22,22,0,0,0,0,0.46736000000000005,1225.378108636539,0.9613592580977555,140093.90145790394,1.080938924605248,1.866519274398019,0.08484178519990995,0.0656122085912893,0.6257560573286715,6361
810,2.0,22,78,22,22,0,0,0,0,0.46736000000000005,1225.8454686365392,0.9613782912412682,140112.27711355625,1.0805134081425238,1.8552975374920657,0.08433170624963936,0.06569164586910818,0.6223588123628022,6362
811,2.0,22,78,22,22,0,0,0,0,0.46736000000000005,1226.3128286365393,0.9613973056438259,140130.63876291877,1.080088800474457,1.8440894106455477,0.08382224593843397,0.06576995808588408,0.6189444904864708,6363
812,2.0,22,78,22,22,0,0,0,0,0.46736000000000005,1226.7801886365394,0.9614163013330947,140148.98642199923,1.0796651002060718,1.8328269294933517,0.08331031497697054,0.06585043184654073,0.6154719820469089,6364
813,2.0,22,78,22,22,0,0,0,0,0.46736000000000005,1227.2475486365395,0.9614352783366867,140167.3201067809,1.0792423059437277,1.8215888525352892,0.0827994932970586,0.06593068767124732,0.6119783755793636,6365
814,2.0,22,78,22,22,0,0,0,0,0.46736000000000005,1227.7149086365396,0.9614542366821595,140185.6398332228,1.0788204162993766,1.810321199796317,0.08228732726346896,0.06600824362635437,0.6084674945115907,6366
815,2.0,22,78,22,22,0,0,0,0,0.46736000000000005,1228.1822686365397,0.9614731763970161,140203.94561725965,1.0783994298836603,1.7990994628903636,0.08177724831319834,0.06608766343894729,0.6049262144349774,6367
816,2.0,22,78,22,22,0,0,0,0,0.46736000000000005,1228.6496286365398,0.9614920975087061,140222.23747480186,1.0779689661724368,1.7878913360438455,0.08126778800199298,0.0661659077549076,0.6013680947387494,6368
817,2.0,22,78,22,22,0,0,0,0,0.46736000000000005,1229.1169886365399,0.961511000044625,140240.51542173568,1.0775394135234366,1.776653259085783,0.08075696632208106,0.06624624478011477,0.5977577123413049,6369
818,2.0,22,78,22,22,0,0,0,0,0.46736000000000005,1229.58434863654,0.9615298840321141,140258.77947392323,1.077110770541896,1.76543152217983,0.08024688737181045,0.06632576250435772,0.594128533144822,6370
819,2.0,22,78,22,22,0,0,0,0,0.46736000000000005,1230.05170863654,0.9615487494984619,140277.0296472025,1.0766830358373811,1.7541638694408574,0.0797347213382208,0.06640336105603296,0.5904715153095059,6371
820,2.0,22,78,22,22,0,0,0,0,0.46736000000000005,1230.5190686365402,0.9615675964709027,140295.26595738737,1.0762562080189886,1.7429013882886617,0.07922279037675733,0.06648378170553375,0.5867659701983274,6372
821,2.0,22,78,22,22,0,0,0,0,0.46736000000000005,1230.9864286365403,0.9615864249766178,140313.4884202678,1.0758302857007214,1.7316932614421434,0.07871333006555198,0.06656195881030831,0.5830626297422277,6373
822,2.0,22,78,22,22,0,0,0,0,0.46736000000000005,1231.4537886365404,0.9616052350427351,140331.69705160972,1.07540526749974,1.7204715245361901,0.07820325111528136,0.06664152216094041,0.5793161522121485,6374
823,2.0,22,78,22,22,0,0,0,0,0.46736000000000005,1231.9211486365405,0.9616240266963293,140349.89186715512,1.0749811520357129,1.709233447578128,0.07769242943536944,0.06672182762647462,0.5755303212229739,6375
824,2.0,22,78,22,22,0,0,0,0,0.46736000000000005,1232.3885086365406,0.9616427999644223,140368.0728826222,1.0745579379308394,1.6980253207316092,0.07718296912416406,0.0668000655248285,0.571738940585567,6376
825,2.0,22,78,22,22,0,0,0,0,0.46736000000000005,1232.8558686365407,0.9616615548739832,140386.2401137052,1.074135623811465,1.6867576679926368,0.07667080309057439,0.06687765493585718,0.5679058480066077,6377
826,2.0,22,78,22,22,0,0,0,0,0.46736000000000005,1233.3232286365408,0.9616802914519282,140404.39357607468,1.0737142083036362,1.6754951868404413,0.07615887212911097,0.06695810945301298,0.5640237961117894,6378
827,2.0,22,78,22,22,0,0,0,0,0.46736000000000005,1233.7905886365409,0.961699009725121,140422.53328537737,1.0732936900381207,1.664273449934488,0.07564879317884035,0.06703765470391661,0.5601310741960425,6379
828,2.0,22,78,22,22,0,0,0,0,0.46736000000000005,1234.257948636541,0.9617177097203728,140440.65925723637,1.0728740676490698,1.6530653230879695,0.07513933286763498,0.06711589534368832,0.5562228522946342,6380
829,2.0,22,78,22,22,0,0,0,0,0.46736000000000005,1234.725308636541,0.9617363914644426,140458.77150725108,1.072455339772698,1.641827246129907,0.07462851118772305,0.06719616323839404,0.5522616561701005,6381
830,2.0,22,78,22,22,0,0,0,0,0.46736000000000005,1235.1926686365412,0.9617550549840369,140476.87005099733,1.0720375050491744,1.6305595933909347,0.07411634515413339,0.06727380943350918,0.548281633454176,6382
831,2.0,21,79,22,21,0,1,0,0,0.460611447518984,1235.65328008406,0.9617515401320746,140492.48506683865,1.071638527304639,1.6195513742384051,0.07712149401135264,0.06693704684665228,0.5703450021429416,6383
832,2.0,20,80,21,20,0,1,0,0,0.440348710783195,1236.0936287948432,0.9617471814295524,140507.1557316683,1.0712491349177584,1.6091295350356176,0.08045647675178089,0.06637699277196754,0.5950138345330583,6384
833,2.0,19,81,20,19,0,1,0,0,0.4197363020996538,1236.5133650969428,0.961741979763987,140520.92351333177,1.0708798266651207,1.599276557868946,0.08417245041415507,0.06551980443027672,0.6227014582394984,6385
834,2.0,19,81,19,19,0,0,0,0,0.40640000000000004,1236.919765096943,0.9617580666578144,140536.19717716775,1.0705084153580902,1.5898420935271895,0.08367589965932576,0.06559710081803745,0.6193614987315065,6386
835,2.0,19,81,19,19,0,0,0,0,0.40640000000000004,1237.326165096943,0.9617741400287578,140551.46080772852,1.0701377960474845,1.5804375792969771,0.08318092522615668,0.06567174406234426,0.616022279425942,6387
836,2.0,19,81,19,19,0,0,0,0,0.40640000000000004,1237.732565096943,0.9617901998938617,140566.71441489708,1.0697679676966396,1.5709735391743105,0.0826828178512795,0.06574613832716832,0.6126397065446036,6388
837,2.0,19,81,19,19,0,0,0,0,0.40640000000000004,1238.1389650969431,0.9618062462701412,140581.95800854353,1.0693989292670278,1.561555414884663,0.08218712709919278,0.06582231433725448,0.6092306780692202,6389
838,2.0,19,81,19,19,0,0,0,0,0.40640000000000004,1238.5453650969432,0.9618222791745835,140597.19159852498,1.0690218112556262,1.552096546348773,0.08168929191309332,0.06590010887223043,0.6057699490740505,6390
839,2.0,19,81,19,19,0,0,0,0,0.40640000000000004,1238.9517650969433,0.961838298624147,140612.41519468563,1.0686454888372356,1.5426620820070165,0.08119274115826403,0.06597744231547234,0.6022923799663079,6391
840,2.0,19,81,19,19,0,0,0,0,0.40640000000000004,1239.3581650969434,0.9618543046357616,140627.62880685672,1.0682699609715578,1.5332575677768039,0.08069776672509495,0.06605200597691452,0.5988166732992494,6392
841,2.0,19,81,19,19,0,0,0,0,0.40640000000000004,1239.7645650969434,0.9618702972263289,140642.83244485667,1.0678952266195865,1.5238394434871565,0.08020207597300824,0.06612823098188825,0.5952970774861549,6393
842,2.0,19,81,19,19,0,0,0,0,0.40640000000000004,1240.1709650969435,0.9618862764127222,140658.02611849093,1.067521284745493,1.5143754033644898,0.07970396859813106,0.06620262110137622,0.5917485817461341,6394
843,2.0,19,81,19,19,0,0,0,0,0.40640000000000004,1240.5773650969436,0.9619022422117864,140673.20983755225,1.0671481343114795,1.5049708891342777,0.07920899416496197,0.06627725893215583,0.58818953770773,6395
844,2.0,19,81,19,19,0,0,0,0,0.40640000000000004,1240.9837650969437,0.9619181946403385,140688.38361182038,1.0667757742852193,1.495536424792521,0.07871244341013268,0.06635460382009187,0.5845733545472166,6396
845,2.0,19,81,19,19,0,0,0,0,0.40640000000000004,1241.3901650969437,0.9619341337151669,140703.5474510624,1.0664042036354446,1.4860775562566313,0.0782146082240332,0.06643238024643718,0.5809181660656947,6397
846,2.0,19,81,19,19,0,0,0,0,0.40640000000000004,1241.7965650969438,0.9619500594530321,140718.70136503252,1.0660334213311047,1.4766594319669835,0.0777189174719465,0.06650858380258612,0.577259979211169,6398
847,2.0,19,81,19,19,0,0,0,0,0.40640000000000004,1242.202965096944,0.9619659718706667,140733.84536347224,1.0656634263447031,1.467254917736771,0.07722394303877743,0.06658321998860274,0.5735900943773125,6399
848,2.0,19,81,19,19,0,0,0,0,0.40640000000000004,1242.609365096944,0.9619818709847752,140748.97945611028,1.0652942176509872,1.4577908776141046,0.07672583566390023,0.06665759836967748,0.5698744414959738,6400
849,2.0,19,81,19,19,0,0,0,0,0.40640000000000004,1243.015765096944,0.961997756812034,140764.10365266266,1.064925794222926,1.4483727533244568,0.07623014491181353,0.06673391765852414,0.5661320931364636,6401
850,2.0,19,81,19,19,0,0,0,0,0.40640000000000004,1243.4221650969441,0.9620136293690921,140779.21796283266,1.0645581550390557,1.4389382889827005,0.07573359415698423,0.06681122537105058,0.5623491471757388,6402
851,2.0,19,81,19,19,0,0,0,0,0.40640000000000004,1243.8285650969442,0.9620294886725702,140794.32239631095,1.0641912990782247,1.4295337747524879,0.07523861972381515,0.06688585386218646,0.558568482041714,6403
852,2.0,19,81,19,19,0,0,0,0,0.40640000000000004,1244.2349650969443,0.9620453347390617,140809.41696277546,1.0638252253217229,1.420074906216598,0.07474078453771568,0.06696360476822823,0.5547183052593346,6404
853,2.0,19,81,19,19,0,0,0,0,0.40640000000000004,1244.6413650969444,0.9620611675851318,140824.50167189154,1.0634599327521854,1.4106108660939314,0.0742426771628385,0.06703804826749503,0.5508628605102606,6405
854,2.0,19,81,19,19,0,0,0,0,0.40640000000000004,1245.0477650969444,0.9620769872273186,140839.57653331186,1.0630954203519707,1.4011927418042838,0.07374698641075178,0.0671143456807502,0.5469821475998798,6406
855,2.0,18,82,19,18,0,1,0,0,0.38734656833993536,1245.4351116652845,0.9620708566414391,140853.58470859128,1.0627470053505954,1.3922879286975252,0.07734932937208473,0.06667971242452089,0.5736753071800219,6407
856,2.0,18,82,18,18,0,0,0,0,0.38608000000000003,1245.8211916652845,0.962085827686775,140867.72738663657,1.0623947957910018,1.383386382887702,0.07685479904931679,0.06675953129413609,0.5699486561503043,6408
857,2.0,18,82,18,18,0,0,0,0,0.38608000000000003,1246.2072716652845,0.9621007869183051,140881.86130176534,1.0620433380669625,1.3744604328837458,0.07635891293798587,0.06684006456725286,0.5661804516257217,6409
858,2.0,18,82,18,18,0,0,0,0,0.38608000000000003,1246.5933516652844,0.9621157343500076,140895.9864621194,1.061692631252785,1.365575227126032,0.07586529039589067,0.06691884613903099,0.5624121056811762,6410
859,2.0,18,82,18,18,0,0,0,0,0.38608000000000003,1246.9794316652844,0.9621306699958385,140910.1028758306,1.0613426744260472,1.356703631427753,0.0753724239682085,0.06699575472681907,0.5586350827570401,6411
860,2.0,18,82,18,18,0,0,0,0,0.38608000000000003,1247.3655116652844,0.9621455938697318,140924.21055102054,1.0609934666662937,1.3477725098370203,0.07487625054650113,0.0670725807634946,0.5548095812576037,6412
861,2.0,18,82,18,18,0,0,0,0,0.38608000000000003,1247.7515916652844,0.9621605059855995,140938.30949580087,1.060645007051125,1.3388709640271972,0.07438172022373318,0.06715242740100202,0.5509451677348469,6413
862,2.0,18,82,18,18,0,0,0,0,0.38608000000000003,1248.1376716652844,0.9621754063573319,140952.3997182732,1.0602972946631184,1.3299993683289184,0.07388885379605102,0.0672294153643272,0.5470856200727573,6414
863,2.0,18,82,18,18,0,0,0,0,0.38608000000000003,1248.5237516652844,0.9621902949987973,140966.4812265291,1.059950328585181,1.3211141625712046,0.0733952312539558,0.06730813749452443,0.5431810733801699,6415
864,2.0,18,82,18,18,0,0,0,0,0.38608000000000003,1248.9098316652844,0.962205171923842,140980.55402865016,1.059604107902419,1.3121882125672482,0.0728993451426249,0.06738862775385628,0.5392209478354502,6416
865,2.0,18,82,18,18,0,0,0,0,0.38608000000000003,1249.2959116652844,0.9622200371462908,140994.61813270792,1.0592586317008406,1.303257090976515,0.07240317172091752,0.06746551187748351,0.5352581712443529,6417
866,2.0,18,82,18,18,0,0,0,0,0.38608000000000003,1249.6819916652844,0.9622348906799467,141008.67354676404,1.0589055965282812,1.2943555451666924,0.07190864139814956,0.06754538588562231,0.5312575289434582,6418
867,2.0,18,82,18,18,0,0,0,0,0.38608000000000003,1250.0680716652844,0.9622497325385908,141022.72027887014,1.0585533107944842,1.2854839494684134,0.07141577497046742,0.06762228159703139,0.5272635540164524,6419
868,2.0,18,82,18,18,0,0,0,0,0.38608000000000003,1250.4541516652844,0.9622645627359829,141036.75833706793,1.0582017735815195,1.2765987437106996,0.0709221524283722,0.06770097087201489,0.5232244312444295,6420
869,2.0,18,82,18,18,0,0,0,0,0.38608000000000003,1250.8402316652844,0.9622793812858608,141050.78772938918,1.0578509839743073,1.2676676221199665,0.07042597900666481,0.0677779688588897,0.5191531315097848,6421
870,2.0,18,82,18,18,0,0,0,0,0.39014400000000005,1251.2303756652843,0.9622941882019409,141064.35028493623,1.0575024146538627,1.2586899623555998,0.06992722013086666,0.06785792552034423,0.5150148840776025,6422
871,2.0,18,82,18,18,0,0,0,0,0.38608000000000003,1251.6164556652843,0.9623089834979182,141078.362465395,1.0571531169104535,1.2497884165457767,0.0694326898080987,0.06793780044784427,0.5108808838865364,6423
872,2.0,18,82,18,18,0,0,0,0,0.38608000000000003,1252.0025356652843,0.9623237671874659,141092.36600398214,1.0568045640323305,1.2408624665418202,0.0689368036967678,0.0680181996286735,0.5067070404226688,6424
873,2.0,18,82,18,18,0,0,0,0,0.38608000000000003,1252.3886156652843,0.9623385392842362,141106.3609086898,1.056456755107978,1.2319772607841064,0.06844318115467257,0.06809685607796837,0.5025364197612113,6425
874,2.0,18,82,18,18,0,0,0,0,0.38608000000000003,1252.7746956652843,0.9623532998018595,141120.34718750033,1.0561096892291069,1.2231056650858276,0.06795031472699042,0.06817381259401853,0.4983581362912061,6426
875,2.0,18,82,18,18,0,0,0,0,0.38608000000000003,1253.1607756652843,0.9623680487539449,141134.3248483863,1.0557633654893617,1.2141745434950946,0.06745414130528303,0.06825078489100103,0.49412979207691604,6427
876,2.0,18,82,18,18,0,0,0,0,0.38608000000000003,1253.5468556652843,0.9623827861540805,141148.2938993104,1.0554177829804292,1.2052729976852716,0.06695961098251509,0.0683306867957555,0.4898667159840239,6428
877,2.0,18,82,18,18,0,0,0,0,0.38608000000000003,1253.9329356652843,0.9623975120158327,141162.25434822554,1.0550729407988566,1.1963877919275578,0.06646598844041988,0.06840937862651421,0.48559420568146894,6429
878,2.0,18,82,18,18,0,0,0,0,0.38608000000000003,1254.3190156652843,0.9624122263527468,141176.2062030748,1.0547288380422792,1.1874618419236016,0.06597010232908897,0.06848981178483016,0.48126709405594975,6430
879,2.0,18,82,18,18,0,0,0,0,0.38608000000000003,1254.7050956652843,0.9624269291783472,141190.14947179155,1.0543854738080138,1.1785902462253228,0.06547723590140682,0.06856667750292762,0.4769642555645746,6431
880,2.0,18,82,18,18,0,0,0,0,0.38608000000000003,1255.0911756652843,0.9624416205061367,141204.08416229932,1.0540428471964978,1.1696887004154999,0.06498270557863889,0.0686466718267905,0.47260172995241045,6432
881,2.0,18,82,18,18,0,0,0,0,0.38608000000000003,1255.4772556652842,0.9624563003495972,141218.01028251197,1.0537009573089684,1.1608034946577859,0.06448908303654366,0.06872540481578203,0.46823136857599645,6433
882,2.0,18,82,18,18,0,0,0,0,0.38608000000000003,1255.8633356652842,0.9624709687221896,141231.92784033355,1.0533598032495664,1.1518723730670533,0.06399290961483628,0.06880229414477107,0.46383088784648674,6434
883,2.0,18,82,18,18,0,0,0,0,0.38608000000000003,1256.2494156652842,0.9624856256373538,141245.83684365844,1.0530193841201503,1.1430007773687743,0.06350004318715413,0.06887914468848551,0.4594329391432163,6435
884,2.0,18,82,18,18,0,0,0,0,0.38608000000000003,1256.6354956652842,0.9625002711085084,141259.73730037134,1.0526714571064615,1.1340748273648176,0.0630041570758232,0.0689596038658378,0.45496231572875623,6436
885,2.0,18,82,18,18,0,0,0,0,0.38608000000000003,1257.0215756652842,0.9625149051490515,141273.62921834725,1.0523242699194801,1.1251896216071038,0.062510534533728,0.06903838166257306,0.4504989293736482,6437
886,2.0,15,85,18,15,0,3,0,0,0.357836653375751,1257.37941231866,0.9624645124937694,141281.14255697656,1.0520262838580565,1.1168974998744943,0.07445983332496628,0.06930703823586384,0.535795341737019,6438
887,2.0,13,87,15,12,0,2,1,0,0.26670479078664744,1257.6461171094465,0.9624117162788682,141289.34807861882,1.0517811614427306,1.110598813515844,0.08543067796275723,0.06769338443883224,0.6143023860200186,6439
888,2.0,13,87,13,13,0,0,0,1,0.26416,1257.9102771094465,0.9624222997119404,141301.01584704287,1.0515153627163054,1.1043235345857931,0.08494796419890717,0.0677269878973111,0.6113780021888985,6439
889,2.0,12,88,13,12,0,1,0,1,0.26140826722472943,1258.1716853766711,0.9624112246665512,141309.80856302826,1.051271357608116,1.0981244314439769,0.09151036928699807,0.06579427866890644,0.659224179399876,6439
890,2.0,12,88,12,12,0,0,0,1,0.24384000000000003,1258.4155253766712,0.9624209888302018,141320.57052202104,1.0510235327394757,1.092411667897265,0.09103430565810543,0.06582255239225027,0.6566831379648251,6439
891,2.0,12,88,12,12,0,0,0,1,0.24384000000000003,1258.6593653766713,0.9624307479224377,141331.32831118652,1.0507758416133441,1.0866989043505533,0.09055824202921277,0.06585084392989776,0.6541206763008897,6439
892,2.0,12,88,12,12,0,0,0,1,0.24384000000000003,1258.9032053766714,0.962440501947209,141342.0819329477,1.0505282841214862,1.0809861408038417,0.09008217840032014,0.06587915325889802,0.6515366497968607,6439
893,2.0,12,88,12,12,0,0,0,1,0.24384000000000003,1259.1470453766715,0.9624502509084617,141352.83138972576,1.0502808601557838,1.0752733772571295,0.08960611477142745,0.06590748035632525,0.6489309147661,6439
894,2.0,12,88,12,12,0,0,0,1,0.251968,1259.3990133766715,0.9624599948101376,141362.66434151374,1.05003448270251,1.0693726885153378,0.08911439070961147,0.06589449124308748,0.6465096586516246,6439
895,2.0,12,88,12,12,0,0,0,1,0.24384000000000003,1259.6428533766716,0.9624697336561744,141373.4055828828,1.0497873252191123,1.063659924968626,0.08863832708071884,0.06592287010727514,0.6438601037074272,6439
896,2.0,12,88,12,12,0,0,0,1,0.256032,1259.8988853766716,0.9624794674505057,141382.77449681616,1.049542217402911,1.0576652736292942,0.08813877280244119,0.06588934285277862,0.6414979589702875,6439
897,2.0,12,88,12,12,0,0,0,1,0.247904,1260.1467893766717,0.9624891961970614,141393.05158896153,1.0492960555858921,1.0518585474850426,0.08765487895708686,0.06589715598457278,0.6389071427416431,6439
898,2.0,12,88,12,12,0,0,0,1,0.24384000000000003,1260.3906293766718,0.9624989198997667,141403.78057883607,1.0490492966749603,1.0461457839383306,0.08717881532819421,0.06592562049188974,0.636190675779727,6439
899,2.0,12,88,12,12,0,0,0,1,0.24790400000000004,1260.6385333766718,0.9625086385625432,141414.0495313047,1.048803582509448,1.0403390577940785,0.0866949214828399,0.06593349715958284,0.6335547698719765,6439
900,2.0,12,88,12,12,0,0,0,1,0.24384000000000003,1260.882373376672,0.9625183521893083,141424.7702761162,1.048557089006564,1.034626294247367,0.08621885785394724,0.06596200504950812,0.6307929437970399,6439
901,2.0,12,88,12,12,0,0,0,1,0.24384000000000003,1261.126213376672,0.9625280607839751,141435.48687519447,1.0483107281697204,1.0289135307006552,0.08574279422505458,0.06599053051453938,0.6280082416439677,6439
902,2.0,12,88,12,12,0,0,0,1,0.268224,1261.394437376672,0.9625377643504531,141443.46503624402,1.04806871350537,1.0227068806620128,0.08522557338850105,0.06593318070197496,0.6255843105844722,6440
903,2.0,11,89,12,11,0,1,0,1,0.22534674914224148,1261.6197841258142,0.962525888850535,141453.0766285155,1.047840983084423,1.0174983517065026,0.0924998501551366,0.06344395617144986,0.6800714500307556,6440
904,2.0,11,89,11,11,0,0,0,1,0.227584,1261.8473681258142,0.9625347798891357,141462.43397497977,1.0476137250635786,1.0122327601006973,0.09202116000915429,0.06347737011130639,0.6775794725208937,6440
905,2.0,11,89,11,11,0,0,0,1,0.22758400000000004,1262.0749521258142,0.9625436667097943,141471.78794671208,1.0473866700957275,1.0069671684948922,0.091542469863172,0.06351082429624913,0.6750653304644967,6440
906,2.0,11,89,11,11,0,0,0,1,0.22352000000000002,1262.2984721258142,0.9625525493155115,141481.5940474335,1.0471589077996486,1.0018076409551748,0.0910734219050159,0.06353293931496716,0.6726543661829442,6440
907,2.0,11,89,11,11,0,0,0,1,0.22352000000000002,1262.5219921258142,0.9625614277092853,141491.39667596252,1.0469312577042575,0.9966481134154577,0.0906043739468598,0.0635550712024878,0.6702224625498917,6440
908,2.0,11,89,11,11,0,0,0,1,0.22352000000000002,1262.7455121258142,0.9625703018941107,141501.19583414297,1.046703719726666,0.9914885858757404,0.09013532598870368,0.06357721994119443,0.6677694598300249,6440
909,2.0,11,89,11,11,0,0,0,1,0.22352000000000002,1262.9690321258142,0.9625791718729803,141510.9915238174,1.0464762937840668,0.9863290583360232,0.08966627803054757,0.06359938551348158,0.6652951985850396,6440
910,2.0,11,89,11,11,0,0,0,1,0.231648,1263.2006801258142,0.9625880376488832,141519.87313860122,1.046249889128739,0.9809695041326779,0.08917904583024346,0.0636107221342537,0.6627845906192097,6440
911,2.0,11,89,11,11,0,0,0,1,0.227584,1263.4282641258142,0.9625968992248062,141529.20674425692,1.046023414073269,0.975716013995421,0.08870145581776555,0.06361069964950568,0.6603802564092638,6440
912,2.0,11,89,11,11,0,0,0,1,0.22758400000000004,1263.6558481258141,0.9626057566037329,141538.53698795405,1.0457971413358913,0.9704625238581637,0.08822386580528761,0.06361071338363747,0.6579543212016097,6440
913,2.0,11,89,11,11,0,0,0,1,0.23571200000000003,1263.891560125814,0.9626146097886444,141546.95358689743,1.0455728880954451,0.9650211085258266,0.08772919168416606,0.0635663511270301,0.6557340632760866,6440
914,2.0,11,89,11,11,0,0,0,1,0.22758400000000004,1264.119144125814,0.9626234587825189,141556.27721605822,1.0453470190997072,0.9597676183885694,0.08725160167168812,0.06356646052221586,0.6532645034010653,6440
915,2.0,11,89,11,11,0,0,0,1,0.227584,1264.346728125814,0.9626323035883315,141565.5974886891,1.0451209886879618,0.954502026782764,0.08677291152570583,0.06360024567371841,0.6505265051010777,6440
916,2.0,11,89,11,11,0,0,0,1,0.22352000000000002,1264.570248125814,0.9626411442090548,141575.36939156885,1.0448943429821695,0.9493424992430467,0.08630386356754971,0.06362259428137669,0.6478977799783691,6440
917,2.0,11,89,11,11,0,0,0,1,0.22352000000000002,1264.793768125814,0.9626499806476584,141585.13784058002,1.0446678086526764,0.9441829717033295,0.08583481560939359,0.0636449595708232,0.6452464781679734,6440
918,2.0,11,89,11,11,0,0,0,1,0.22352000000000002,1265.017288125814,0.9626588129071092,141594.90283755344,1.044441385617405,0.9390234441636123,0.08536576765123748,0.0636673415244778,0.6425724452564008,6440
919,2.0,11,89,11,11,0,0,0,1,0.227584,1265.244872125814,0.9626676409903714,141604.20954639063,1.044215527456925,0.9337699540263551,0.08488817763875955,0.0636675934118359,0.6399894316053218,6440
920,2.0,11,89,11,11,0,0,0,1,0.22352000000000002,1265.468392125814,0.9626764649004061,141613.96769377624,1.0439893266528022,0.9286104264866379,0.08441912968060344,0.06369001653819006,0.6372694780334186,6440
921,2.0,11,89,11,11,0,0,0,1,0.22352000000000002,1265.691912125814,0.9626852846401719,141623.72239460258,1.0437632368972078,0.9234508989469208,0.08395008172244735,0.06371245627629438,0.6345263276654575,6440
922,2.0,11,89,11,11,0,0,0,1,0.22352000000000002,1265.915432125814,0.9626941002126242,141633.47365069526,1.043537258108386,0.9182913714072037,0.08348103376429124,0.0637349126086029,0.6317598309191519,6440
923,2.0,11,89,11,11,0,0,0,1,0.22352000000000002,1266.138952125814,0.9627029116207163,141643.2214638787,1.0433113902046618,0.9131318438674866,0.08301198580613516,0.06375738551758135,0.6289698397332653,6440
924,2.0,11,89,11,11,0,0,0,1,0.22352000000000002,1266.362472125814,0.9627117188673979,141652.96583597595,1.0430856331044405,0.9079723163277695,0.08254293784797904,0.06377987498570739,0.6261562076807979,6440
925,2.0,11,89,11,11,0,0,0,1,0.22758400000000004,1266.590056125814,0.9627205219556166,141662.25222770649,1.042860983315368,0.9027188261905125,0.08206534783550114,0.06378028545042691,0.6234325586411243,6440
926,2.0,11,89,11,11,0,0,0,1,0.22352000000000002,1266.813576125814,0.9627293208883168,141671.98977205757,1.0426354473333597,0.8975592986507953,0.08159629987734503,0.06380281588652811,0.6205711532043685,6440
927,2.0,11,89,11,11,0,0,0,1,0.22352000000000002,1267.037096125814,0.96273811566844,141681.72388077772,1.0424100219106687,0.8923997711110783,0.08112725191918892,0.06382536282941284,0.6176856678742462,6440
928,2.0,10,90,11,10,0,1,0,1,0.2171198882097434,1267.2542160140238,0.9627254594977159,141689.0137203639,1.0422038525055035,0.8874238952277473,0.08874238952277472,0.061324542825363766,0.6768023172716899,6440
929,2.0,10,90,10,10,0,0,0,1,0.20320000000000002,1267.4574160140237,0.9627334519801874,141697.8572462058,1.0419968448572474,0.8828034599447693,0.08828034599447691,0.06134023325377232,0.67440204348209,6440
930,2.0,10,90,10,10,0,0,0,1,0.21132800000000002,1267.6687440140238,0.9627414410358651,141705.7893461896,1.0417915582928048,0.8779950994667114,0.08779950994667114,0.061307929706658194,0.6722311127412626,6440
931,2.0,10,90,10,10,0,0,0,1,0.20320000000000002,1267.8719440140237,0.9627494266669524,141714.62729205453,1.0415847346000036,0.8733746641837332,0.08733746641837334,0.06132366517296427,0.6697882344090952,6440
932,2.0,10,90,10,10,0,0,0,1,0.20320000000000002,1268.0751440140236,0.9627574088756509,141723.46240548385,1.041378002974105,0.8687542289007553,0.08687542289007553,0.0613394158008404,0.6673236519513223,6440
933,2.0,10,90,10,10,0,0,0,1,0.22352000000000002,1268.2986640140236,0.9627653876641601,141730.02392913695,1.0411750029546012,0.8637113945921135,0.08637113945921135,0.06128990165750379,0.6650936653100153,6441
934,2.0,10,90,10,10,0,0,0,1,0.22352000000000002,1268.5221840140237,0.9627733630346778,141736.583140443,1.0409725453275955,0.8586685602834718,0.08586685602834718,0.06124097707836998,0.6628370348084471,6441
935,2.0,10,90,10,10,0,0,0,1,0.22352000000000002,1268.7457040140237,0.9627813349893998,141743.14004062413,1.040770629731163,0.8536257259748301,0.085362572597483,0.06119264347753938,0.6605534471087677,6441
936,2.0,10,90,10,10,0,0,0,1,0.22352,1268.9692240140237,0.9627893035305201,141749.6946309016,1.0405647371352846,0.8485828916661884,0.08485828916661883,0.06114490225647518,0.6582425869285706,6441
937,2.0,10,90,10,10,0,0,0,1,0.22758399999999998,1269.1968080140236,0.9627972686602307,141755.79300543913,1.040359929975986,0.8434460947600066,0.08434460947600067,0.061073648855841926,0.6560319715233905,6441
938,2.0,10,90,10,10,0,0,0,1,0.22352,1269.4203280140237,0.9628052303807221,141762.34303852424,1.040155123531155,0.8384032604513649,0.0838403260451365,0.061027072851502356,0.6536660368410877,6441
939,2.0,10,90,10,10,0,0,0,1,0.227584,1269.6479120140236,0.9628131886941823,141768.43697909528,1.0399515821839682,0.8332664635451833,0.08332664635451834,0.060956943879661406,0.6514005565392414,6441
940,2.0,9,91,10,9,0,1,0,1,0.19805964587274816,1269.8459716598963,0.9627997518557341,141774.67505343875,1.0397662166539294,0.8287994202412199,0.09208882447124667,0.05716365031190934,0.7218527989217363,6441
941,2.0,9,91,9,9,0,0,0,1,0.18288000000000001,1270.0288516598964,0.9628069124818205,141782.60577675505,1.039578854233739,0.8247093052886825,0.09163436725429805,0.0571696370804464,0.7198195922077233,6441
942,2.0,9,91,9,9,0,0,0,1,0.186944,1270.2157956598965,0.9628140703517588,141790.08056377794,1.0393920180100473,0.820525227738605,0.0911694697487339,0.05714875752204858,0.7179113803934891,6441
943,2.0,9,91,9,9,0,0,0,1,0.191008,1270.4068036598965,0.9628212254671399,141797.09954404944,1.0392058881492297,0.8162471875909876,0.09069413195455417,0.05710103640117443,0.7161290757197141,6441
944,2.0,9,91,9,9,0,0,0,1,0.18288000000000001,1270.5896836598965,0.9628283778295534,141805.0235391557,1.039018749992912,0.81215707263845,0.09023967473760558,0.057107076658779496,0.7140390275491376,6441
945,2.0,9,91,9,9,0,0,0,1,0.18288000000000001,1270.7725636598966,0.9628355274405881,141812.94525353875,1.0388316866037977,0.8080669576859126,0.08978521752065696,0.05711312911053308,0.7119292949776259,6441
946,2.0,9,91,9,9,0,0,0,1,0.18694400000000003,1270.9595076598966,0.9628426743018311,141820.41120403152,1.038645509618771,0.8038828801358351,0.08932032001509278,0.057092345713667024,0.7099451983423816,6441
947,2.0,9,91,9,9,0,0,0,1,0.18288000000000001,1271.1423876598967,0.9628498184148686,141828.32839985215,1.038458595467623,0.7997927651832977,0.08886586279814418,0.057098428207205495,0.7077958427901022,6441
948,2.0,9,91,9,9,0,0,0,1,0.18288000000000001,1271.3252676598968,0.9628569597812854,141836.2433178973,1.0382717559494543,0.7957026502307601,0.08841140558119558,0.057104522887763985,0.7056262152330577,6441
949,2.0,9,91,9,9,0,0,0,1,0.191008,1271.5162756598968,0.9628640984026651,141843.24923910084,1.0380855318166644,0.7914246100831428,0.08793606778701586,0.05705697568838881,0.7037291353238451,6441
950,2.0,9,91,9,9,0,0,0,1,0.186944,1271.7032196598968,0.9628712342805902,141850.70636861632,1.0378992017819362,0.7872405325330654,0.0874711702814517,0.057036288772029535,0.7016658428533291,6441
951,2.0,9,91,9,9,0,0,0,1,0.191008,1271.8942276598968,0.9628783674166418,141857.70803595963,1.0377134866837057,0.7829624923854479,0.086995832487272,0.05698882186447332,0.6997295108156044,6441
952,2.0,9,91,9,9,0,0,0,1,0.186944,1272.0811716598969,0.9628854978124,141865.16082501123,1.0375274853648835,0.7787784148353706,0.08653093498170784,0.05696819592169776,0.697625828560628,6441
953,2.0,9,91,9,9,0,0,0,1,0.18288000000000001,1272.264051659897,0.9628926254694435,141873.0646083298,1.0373410178748421,0.774688299882833,0.08607647776475921,0.05697438573788234,0.6953536071652378,6441
954,2.0,9,91,9,9,0,0,0,1,0.18288000000000001,1272.446931659897,0.9628997503893499,141880.96611973608,1.037154624750353,0.7705981849302954,0.0856220205478106,0.05698058774447939,0.6930598775205375,6441
955,2.0,9,91,9,9,0,0,0,1,0.18694400000000003,1272.633875659897,0.9629068725736957,141888.41225554227,1.0369691161722214,0.7664141073802181,0.08515712304224646,0.056960023989687136,0.6908928436677579,6441
956,2.0,9,91,9,9,0,0,0,1,0.18288000000000001,1272.8167556598971,0.9629139920240558,141896.30926595008,1.0367828714839378,0.7623239924276807,0.08470266582529785,0.05696625610624995,0.6885557548194438,6441
957,2.0,9,91,9,9,0,0,0,1,0.18288000000000001,1272.9996356598972,0.9629211087420043,141904.20400737805,1.0365967010279429,0.7582338774751431,0.08424820860834922,0.05697250040573277,0.6861965369470072,6441
958,2.0,9,91,9,9,0,0,0,1,0.186944,1273.1865796598972,0.9629282227291138,141911.64349868073,1.0364108746735246,0.7540497999250656,0.08378331110278507,0.05695199890967647,0.6839642035011119,6441
959,2.0,9,91,9,9,0,0,0,1,0.18288000000000001,1273.3694596598973,0.962935333986956,141919.53374495663,1.0362248524952584,0.7499596849725281,0.08332885388583645,0.056958273322547034,0.6815603535652064,6441
960,2.0,9,91,9,9,0,0,0,1,0.186944,1273.5564036598973,0.962942442517101,141926.96882569304,1.0360393540931983,0.7457756074224506,0.08286395638027229,0.05693781621067937,0.6792834778649008,6441
961,2.0,9,91,9,9,0,0,0,1,0.18288000000000001,1273.7392836598974,0.9629495483211181,141934.85458070587,1.0358534799797245,0.7416854924699132,0.08240949916332369,0.05694412074375292,0.6768341321334972,6441
962,2.0,9,91,9,9,0,0,0,1,0.18694400000000003,1273.9262276598974,0.9629566514005752,141942.28525474312,1.035668309174087,0.7375014149198358,0.08194460165775953,0.056923708064942506,0.674511814348116,6441
963,2.0,9,91,9,9,0,0,0,1,0.18288000000000001,1274.1091076598975,0.9629637517570389,141950.1665223773,1.0354825829128376,0.7334112999672981,0.08149014444081093,0.056930042724914864,0.6720161017657995,6441
964,2.0,9,91,9,9,0,0,0,1,0.18694400000000003,1274.2960516598976,0.9629708493920746,141957.59279357802,1.0352977393482248,0.7292272224172209,0.08102524693524676,0.05690967452791204,0.6696474331724327,6441
965,2.0,9,91,9,9,0,0,0,1,0.18288000000000001,1274.4789316598976,0.9629779443072469,141965.4695777135,1.0351121607269977,0.7251371074646833,0.08057078971829815,0.05691603932135946,0.6671044762990228,6441
966,2.0,9,91,9,9,0,0,0,1,0.18288000000000001,1274.6618116598977,0.9629850365041187,141973.34410163178,1.0349266559401542,0.7210469925121458,0.08011633250134953,0.056922416279084856,0.6645374756025242,6441
967,2.0,9,91,9,9,0,0,0,1,0.18288000000000001,1274.8446916598978,0.962992125984252,141981.21636630554,1.0347412249436396,0.7169568775596084,0.07966187528440091,0.056928805397000445,0.6619462200886123,6441
968,2.0,9,91,9,9,0,0,0,1,0.186944,1275.0316356598978,0.9629992127492074,141988.63380068372,1.034556226862678,0.7127728000095308,0.07919697777883677,0.05690851768204419,0.6594818957058228,6441
969,2.0,9,91,9,9,0,0,0,1,0.18288000000000001,1275.2145156598979,0.9630062968005446,141996.50158961437,1.034370943243389,0.7086826850569934,0.07874252056188816,0.0569149369322982,0.6568416472620077,6441
970,2.0,9,91,9,9,0,0,0,1,0.18288000000000001,1275.397395659898,0.9630133781398218,142004.36712221106,1.0341857332825026,0.7045925701044559,0.07828806334493953,0.05692136833482361,0.6541764997350239,6441
971,2.0,9,91,9,9,0,0,0,1,0.18288000000000001,1275.580275659898,0.963020456768596,142012.2303994442,1.0340005969361035,0.7005024551519182,0.07783360612799091,0.05692781188550173,0.651486242169299,6441
972,2.0,9,91,9,9,0,0,0,1,0.18288000000000001,1275.763155659898,0.9630275326884236,142020.0914222838,1.033815534160312,0.6964123401993807,0.0773791489110423,0.056934267580207955,0.6487706639372879,6441
973,2.0,9,91,9,9,0,0,0,1,0.18288000000000001,1275.9460356598981,0.9630346059008588,142027.95019169914,1.0336305449112824,0.6923222252468433,0.07692469169409369,0.056940735414811754,0.646029554847368,6441
974,2.0,9,91,9,9,0,0,0,1,0.191008,1276.1370436598982,0.9630416764074554,142034.90205108907,1.033445808515819,0.6880441850992258,0.07644935389991397,0.05689391594845033,0.6435670656388489,6441
975,2.0,9,91,9,9,0,0,0,1,0.186944,1276.3239876598982,0.9630487442097658,142042.30411150813,1.033261145488295,0.6838601075491484,0.07598445639434981,0.05687378018183415,0.6409267426261256,6441
976,2.0,9,91,9,9,0,0,0,1,0.186944,1276.5109316598982,0.9630558093093412,142049.70400387558,1.0330766454347078,0.6796760299990708,0.07551955888878564,0.05685367115256341,0.6382604089166056,6441
977,2.0,9,91,9,9,0,0,0,1,0.186944,1276.6978756598983,0.9630628717077315,142057.10172914385,1.0328923082580082,0.6754919524489934,0.07505466138322148,0.05683358888901897,0.635567817862122,6441
978,2.0,9,91,9,9,0,0,0,1,0.18288000000000001,1276.8807556598983,0.9630699314064856,142064.94944490847,1.0327076857906619,0.6714018374964559,0.07460020416627287,0.05684014675547427,0.6326961177768654,6441
979,2.0,9,91,9,9,0,0,0,1,0.18288000000000001,1277.0636356598984,0.9630769884071511,142072.79491303218,1.0325231365878147,0.6673117225439182,0.07414574694932426,0.05684671675851575,0.6297975703025108,6441
980,2.0,9,91,9,9,0,0,0,1,0.18694400000000003,1277.2505796598984,0.9630840427112743,142080.1860573997,1.0323392876557673,0.6631276449938408,0.0736808494437601,0.05682669735988767,0.6270246127078296,6441
981,2.0,9,91,9,9,0,0,0,1,0.18288000000000001,1277.4334596598985,0.9630910943204007,142088.02707291255,1.0321548847267785,0.6590375300413033,0.07322639222681147,0.056833297530859084,0.6240717523091027,6441
982,2.0,9,91,9,9,0,0,0,1,0.18288000000000001,1277.6163396598986,0.9630981432360742,142095.86584367495,1.031970554931635,0.6549474150887657,0.07277193500986284,0.05683990983007692,0.6210914173740772,6441
983,2.0,9,91,9,9,0,0,0,1,0.18288000000000001,1277.7992196598987,0.9631051894598379,142103.70237065075,1.031786298226839,0.6508573001362282,0.07231747779291425,0.05684653425330896,0.6180834069239917,6441
984,2.0,9,91,9,9,0,0,0,1,0.18288000000000001,1277.9820996598987,0.9631122329932333,142111.53665480315,1.031602114568926,0.6467671851836907,0.07186302057596562,0.05685317079631722,0.6150475219171668,6441
985,2.0,9,91,9,9,0,0,0,1,0.18288000000000001,1278.1649796598988,0.9631192738378012,142119.36869709493,1.0314180039144674,0.6426770702311531,0.071408563359017,0.05685981945485792,0.6119835654238027,6441
986,2.0,9,91,9,9,0,0,0,1,0.18288000000000001,1278.3478596598989,0.9631263119950807,142127.1984984882,1.031233966220067,0.6385869552786155,0.07095410614206839,0.056866480224681513,0.608891342807422,6441
987,2.0,9,91,9,9,0,0,0,1,0.18288000000000001,1278.530739659899,0.9631333474666102,142135.02605994462,1.0310500014423643,0.634496840326078,0.07049964892511978,0.056873153101532715,0.6057706619131478,6441
988,2.0,9,91,9,9,0,0,0,1,0.18288000000000001,1278.713619659899,0.9631403802539266,142142.8513824252,1.030866109538033,0.6304067253735404,0.07004519170817117,0.05687983808115053,0.6026213332629836,6441
989,2.0,9,91,9,9,0,0,0,1,0.18288000000000001,1278.896499659899,0.9631474103585658,142150.67446689046,1.0306822904637811,0.6263166104210028,0.06959073449122252,0.0568865351592682,0.599443170258277,6441
990,2.0,9,91,9,9,0,0,0,1,0.19507200000000002,1279.091571659899,0.9631544377820624,142157.1402929608,1.0305006898052829,0.6219446076758455,0.06910495640842727,0.05681363521892123,0.5966919220281763,6441
991,2.0,9,91,9,9,0,0,0,1,0.18288000000000001,1279.2744516598991,0.9631614625259501,142164.95902346875,1.0303170158367323,0.617854492723308,0.06865049919147866,0.056820374362652165,0.5934550269498013,6441
992,2.0,9,91,9,9,0,0,0,1,0.191008,1279.4654596598991,0.9631684845917611,142171.87234452798,1.0301335933003977,0.6135764525756905,0.06817516139729896,0.056774091548498926,0.5904921861355968,6441
993,2.0,9,91,9,9,0,0,0,1,0.191008,1279.6564676598991,0.9631755039810266,142178.78360175266,1.0299504220470277,0.6092984124280731,0.06769982360311924,0.05672785668425598,0.5874991104016409,6441
994,2.0,9,91,9,9,0,0,0,1,0.18288000000000001,1279.8393476598992,0.9631825206952767,142186.5957885503,1.029766965944723,0.6052082974755355,0.06724536638617062,0.05673465607585814,0.5841724853964682,6441
995,2.0,9,91,9,9,0,0,0,1,0.18288000000000001,1280.0222276598993,0.96318953473604,142194.40574305435,1.0295835824136739,0.601118182522998,0.06679090916922199,0.05674146756970216,0.5808158362121661,6441
996,2.0,8,92,9,8,0,1,0,1,0.18815945606507026,1280.2103871159643,0.9631753825315866,142198.5025524637,1.0294203319445576,0.5969105259005258,0.07461381573756573,0.05473945231398264,0.6501007235186429,6441
997,2.0,8,92,8,8,0,0,0,1,0.170688,1280.3810751159642,0.9631816162000889,142204.5385851313,1.0292563712027063,0.5931345644512268,0.07414182055640335,0.05468117741678731,0.6476944953314887,6441
998,2.0,8,92,8,8,0,0,0,1,0.166624,1280.5476991159642,0.9631878477584784,142211.02433413424,1.0290922002860545,0.5894525655994677,0.07368157069993346,0.054651993507086265,0.6450919300546862,6441
999,2.0,8,92,8,8,0,0,0,1,0.16256,1280.7102591159642,0.9631940772078266,142217.95968568703,1.0289276408053243,0.5858645293452486,0.07323306616815607,0.054651880441685445,0.6422921887760746,6441
1000,2.0,8,92,8,8,0,0,0,1,0.16256,1280.8728191159641,0.9632003045492037,142224.89327686094,1.0287631391370282,0.5822764930910294,0.07278456163637867,0.05465177662802513,0.6394653315506662,6441
1001,2.0,8,92,8,8,0,0,0,1,0.16256,1281.0353791159641,0.9632065297836798,142231.82510832607,1.0285986952507058,0.5786884568368102,0.07233605710460128,0.05465168206615806,0.6366111262494443,6441
1002,2.0,8,92,8,8,0,0,0,1,0.16256,1281.1979391159641,0.9632127529123238,142238.75518075228,1.0284343091159185,0.5751004205825911,0.07188755257282389,0.05465159675613224,0.6337293414239121,6441
1003,2.0,8,92,8,8,0,0,0,1,0.16256,1281.360499115964,0.9632189739362039,142245.68349480905,1.0282699807022488,0.5715123843283719,0.0714390480410465,0.054651520697991014,0.6308197464488566,6441
1004,2.0,8,92,8,8,0,0,0,1,0.16256,1281.523059115964,0.9632251928563881,142252.61005116554,1.0281057099793003,0.5679243480741528,0.07099054350926909,0.054651453891773,0.6278821116714136,6441
1005,2.0,8,92,8,8,0,0,0,1,0.16256,1281.685619115964,0.9632314096739429,142259.5348504905,1.027941496916698,0.5643363118199336,0.0705420389774917,0.05465139633751213,0.6249162085666419,6441
1006,2.0,8,92,8,8,0,0,0,1,0.16256,1281.848179115964,0.9632376243899348,142266.45789345246,1.0277773414840883,0.5607482755657145,0.07009353444571431,0.05465134803523763,0.6219218098998011,6441
1007,2.0,8,92,8,8,0,0,0,1,0.16662400000000002,1282.014803115964,0.9632438370054289,142272.92817265657,1.0276137783997084,0.5570662767139554,0.06963328458924442,0.054622294999159896,0.6190696164630952,6441
1008,2.0,8,92,8,8,0,0,0,1,0.16256,1282.177363115964,0.9632500475214902,142279.84774014502,1.0274497380423078,0.5534782404597363,0.06918478005746703,0.054622269767016646,0.6160175139501495,6441
1009,2.0,8,92,8,8,0,0,0,1,0.16662400000000002,1282.343987115964,0.9632562559391827,142286.31461855947,1.0272864679719997,0.5497962416079771,0.06872453020099714,0.05459325122155702,0.6131071306784548,6441
1010,2.0,8,92,8,8,0,0,0,1,0.16256,1282.506547115964,0.9632624622595697,142293.23071323012,1.0271225425375357,0.546208205353758,0.06827602566921975,0.05459324908413296,0.6099963595929159,6441
1011,2.0,8,92,8,8,0,0,0,1,0.166624,1282.673171115964,0.9632686664837137,142299.6941934933,1.0269588527062137,0.5425262065019989,0.06781577581274986,0.05456426509661977,0.6070267540405286,6441
1012,2.0,8,92,8,8,0,0,0,1,0.170688,1282.8438591159638,0.9632748686126765,142305.7051742863,1.0267955764474346,0.5387502450526999,0.0673437806315875,0.05450631995022109,0.604197981332855,6441
1013,2.0,8,92,8,8,0,0,0,1,0.166624,1283.0104831159638,0.9632810686475194,142312.16533520477,1.0266321793574977,0.5350682462009408,0.0668835307751176,0.05447738442504188,0.6011680154445904,6441
1014,2.0,8,92,8,8,0,0,0,1,0.170688,1283.1811711159637,0.9632872665893026,142318.1730769772,1.026469373623457,0.5312922847516418,0.06641153559395521,0.05441950401456911,0.5982782595930695,6441
1015,2.0,8,92,8,8,0,0,0,1,0.17475200000000002,1283.3559231159636,0.9632934624390861,142323.7285230464,1.026307336934195,0.5274223607048028,0.06592779508810034,0.05433270667269182,0.5955283872389249,6441
1016,2.0,8,92,8,8,0,0,0,1,0.16256,1283.5184831159636,0.9632996561979288,142330.6344264735,1.0261437552949002,0.5238343244505836,0.06547929055632296,0.054332801819800214,0.5922347800240422,6441
1017,2.0,8,92,8,8,0,0,0,1,0.16256,1283.6810431159636,0.9633058478668888,142337.5385808311,1.0259802309534056,0.5202462881963645,0.06503078602454557,0.054332906273014646,0.5889100657611664,6441
1018,2.0,8,92,8,8,0,0,0,1,0.16256,1283.8436031159636,0.9633120374470239,142344.44098678368,1.025816763879612,0.5166582519421453,0.06458228149276818,0.05433302003228145,0.5855540424799844,6441
1019,2.0,8,92,8,8,0,0,0,1,0.16256,1284.0061631159635,0.9633182249393908,142351.34164499523,1.025653354043442,0.5130702156879261,0.06413377696099078,0.054333143097542176,0.5821665122651569,6441
1020,2.0,8,92,8,8,0,0,0,1,0.16256,1284.1687231159635,0.9633244103450457,142358.24055612952,1.0254900014148376,0.509482179433707,0.06368527242921337,0.05433327546873357,0.5787472815383725,6441
1021,2.0,8,92,8,8,0,0,0,1,0.16256,1284.3312831159635,0.9633305936650439,142365.1377208499,1.0253267059637627,0.5058941431794879,0.06323676789743599,0.05433341714578764,0.5752961613507266,6441
1022,2.0,8,92,8,8,0,0,0,1,0.16256,1284.4938431159635,0.9633367749004403,142372.03313981945,1.025163467660202,0.5023061069252687,0.0627882633656586,0.05433356812863158,0.5718129676856732,6441
1023,2.0,8,92,8,8,0,0,0,1,0.16256,1284.6564031159635,0.963342954052289,142378.9268137009,1.025000286474162,0.4987180706710496,0.06233975883388121,0.054333728417187824,0.5682975217727951,6441
1024,2.0,8,92,8,8,0,0,0,1,0.16256,1284.8189631159635,0.963349131121643,142385.81874315662,1.0248371623756694,0.49513003441683046,0.061891254302103814,0.054333898011373984,0.5647496504126326,6441
1025,2.0,8,92,8,8,0,0,0,1,0.16256,1284.9815231159635,0.963355306109555,142392.70892884865,1.024674095334772,0.49154199816261135,0.061442749770326426,0.054334076911102945,0.561169186312816,6441
1026,2.0,8,92,8,8,0,0,0,1,0.16256,1285.1440831159634,0.9633614790170769,142399.59737143875,1.0245110853215382,0.4879539619083923,0.06099424523854904,0.0543342651162828,0.5575559684357376,6441
1027,2.0,8,92,8,8,0,0,0,1,0.16256,1285.3066431159634,0.9633676498452599,142406.48407158823,1.0243481323060588,0.4843659256541732,0.06054574070677165,0.054334462626816835,0.5539098423579993,6441
1028,2.0,8,92,8,8,0,0,0,1,0.166624,1285.4732671159634,0.9633738185951544,142412.91879272144,1.024185502651259,0.4806839268024141,0.060085490850301765,0.05430577866938636,0.5503971587290155,6441
1029,2.0,8,92,8,8,0,0,0,1,0.166624,1285.6398911159633,0.9633799852678102,142419.35184592416,1.0240230186234278,0.477001927950655,0.059625240993831874,0.05427711588267619,0.5468503067333358,6441
1030,2.0,8,92,8,8,0,0,0,1,0.170688,1285.8105791159633,0.9633861498642763,142425.33307348366,1.023861123979089,0.47322596650135607,0.05915324581266951,0.05421960026103016,0.543434741165753,6441
1031,2.0,8,92,8,8,0,0,0,1,0.16256,1285.9731391159632,0.963392312385601,142432.21295113154,1.0236983983923014,0.4696379302471369,0.05870474128089212,0.05421985395569223,0.539653223937417,6441
1032,2.0,8,92,8,8,0,0,0,1,0.16256,1286.1356991159632,0.963398472832832,142439.09108962715,1.0235357296541212,0.46604989399291774,0.05825623674911473,0.054220116974798956,0.5358380150277228,6441
1033,2.0,8,92,8,8,0,0,0,1,0.16256,1286.2982591159632,0.9634046312070162,142445.96748962987,1.0233731177347638,0.46246185773869863,0.057807732217337336,0.05422038931821462,0.5319890057110249,6441
1034,2.0,8,92,8,8,0,0,0,1,0.16256,1286.4608191159632,0.9634107875091998,142452.84215179872,1.0232105626044647,0.4588738214844795,0.05735922768555995,0.05422067098579875,0.5281060967450849,6441
1035,2.0,8,92,8,8,0,0,0,1,0.16256,1286.6233791159632,0.9634169417404285,142459.71507679243,1.023048064233481,0.4552857852302604,0.05691072315378256,0.054220961977405994,0.5241891988351086,6441
1036,2.0,8,92,8,8,0,0,0,1,0.16256,1286.7859391159632,0.9634230939017469,142466.58626526935,1.022885622592089,0.4516977489760413,0.05646221862200517,0.05422126229288627,0.5202382331115104,6441
1037,2.0,8,92,8,8,0,0,0,1,0.16256,1286.9484991159632,0.9634292439941992,142473.45571788753,1.0227232376505873,0.4481097127218222,0.056013714090227776,0.054221571932084635,0.516253131621552,6441
1038,2.0,8,92,8,8,0,0,0,1,0.16256,1287.1110591159631,0.9634353920188287,142480.3234353047,1.022560909379294,0.4445216764676031,0.05556520955845039,0.05422189089484135,0.5122338378349928,6441
1039,2.0,8,92,8,8,0,0,0,1,0.16256,1287.2736191159631,0.9634415379766782,142487.1894181782,1.0223986377485492,0.440933640213384,0.055116705026673006,0.054222219180991876,0.5081803071638662,6441
1040,2.0,8,92,8,8,0,0,0,1,0.16256,1287.4361791159631,0.9634476818687898,142494.05366716508,1.0222364227287128,0.4373456039591649,0.05466820049489562,0.05422255679036689,0.5040925074964837,6441
1041,2.0,8,92,8,8,0,0,0,1,0.16256,1287.598739115963,0.9634538236962047,142500.91618292208,1.0220742642901655,0.4337575677049458,0.05421969596311823,0.05422290372279224,0.4999704197457412,6441
1042,2.0,8,92,8,8,0,0,0,1,0.16256,1287.761299115963,0.9634599634599634,142507.77696610554,1.021912162403309,0.43016953145072667,0.053771191431340834,0.05422325997808896,0.4958140384117854,6441
1043,2.0,8,92,8,8,0,0,0,1,0.16256,1287.923859115963,0.9634661011611061,142514.63601737155,1.0217501170385654,0.4265814951965076,0.053322686899563446,0.054223625556073296,0.4916233721590697,6441
1044,2.0,8,92,8,8,0,0,0,1,0.166624,1288.090483115963,0.9634722368006717,142521.0436738184,1.0215883938162302,0.42289949634474855,0.05286243704309357,0.05419519584893139,0.4875529445720053,6441
1045,2.0,8,92,8,8,0,0,0,1,0.16256,1288.253043115963,0.963478370379699,142527.89929833065,1.0214264613607633,0.41931146009052944,0.05241393251131618,0.05419558489392385,0.48329272124292727,6441
1046,2.0,8,92,8,8,0,0,0,1,0.166624,1288.419667115963,0.9634845018992256,142534.30360239238,1.0212650279342717,0.4156294612387704,0.0519536826548463,0.05416719082789888,0.4791507034861136,6441
1047,2.0,8,92,8,8,0,0,0,1,0.16662400000000002,1288.586291115963,0.9634906313602887,142540.70625020374,1.0211037392612552,0.41194746238701135,0.051493432798376426,0.05413881829230461,0.4749723460243713,6441
1048,2.0,8,92,8,8,0,0,0,1,0.16256,1288.748851115963,0.9634967587639247,142547.5567570223,1.0209419758482985,0.4083594261327923,0.05104492826659904,0.05413924500671733,0.47060735408512683,6441
1049,2.0,8,92,8,8,0,0,0,1,0.16662400000000002,1288.9154751159629,0.9635028841111694,142553.95605632637,1.0207809765632316,0.4046774272810333,0.050584678410129154,0.054110908228667265,0.4663573764173182,6441
1050,2.0,7,93,8,7,0,1,0,1,0.14701461137649374,1289.0624897273394,0.9634880355682318,142559.41931788763,1.0206380848563412,0.40145395615703444,0.05735056516529064,0.05412902073222228,0.5288739534321748,6441
1051,2.0,7,93,7,7,0,0,0,1,0.14630400000000002,1289.2087937273395,0.9634933948416858,142564.95991515229,1.020495751896595,0.3982484949863518,0.05689264214090739,0.054094203210308694,0.5251981298792845,6441
1052,2.0,7,93,7,7,0,0,0,1,0.146304,1289.3550977273396,0.9634987525420886,142570.49925502628,1.020352931702569,0.39504303381566913,0.05643471911652415,0.05405940414911531,0.5214872764294118,6441
1053,2.0,7,93,7,7,0,0,0,1,0.14224,1289.4973377273395,0.9635041086701325,142576.48668280925,1.0202100665916034,0.39193153524252633,0.055990219320360905,0.05405568223620743,0.5175739341820911,6441
1054,2.0,7,93,7,7,0,0,0,1,0.146304,1289.6436417273396,0.9635094632265097,142582.02347565754,1.020067510206145,0.3887260740718437,0.05553229629597767,0.05402091388708324,0.5137932499237656,6441
1055,2.0,7,93,7,7,0,0,0,1,0.14224,1289.7858817273395,0.9635148162119116,142588.00829305255,1.0199247320530502,0.385614575498701,0.05508779649981442,0.054017212257752335,0.5098114759759613,6441
1056,2.0,7,93,7,7,0,0,0,1,0.14224,1289.9281217273394,0.9635201676270299,142593.99179055943,1.0197819973692959,0.38250307692555824,0.05464329670365118,0.05401351869798159,0.5057958338584052,6441
1057,2.0,7,93,7,7,0,0,0,1,0.14224,1290.0703617273393,0.9635255174725551,142599.97396861474,1.019639306135033,0.37939157835241555,0.05419879690748793,0.05400983320942659,0.5017462851309402,6441
1058,2.0,7,93,7,7,0,0,0,1,0.14224,1290.2126017273392,0.9635308657491778,142605.95482765487,1.0194966583304255,0.37628007977927275,0.05375429711132468,0.054006155793739706,0.4976628039336936,6441
1059,2.0,6,94,7,6,0,1,0,1,0.1341772529174627,1290.3467789802567,0.9635152682947262,142609.72553860702,1.019373723705667,0.3733571379220358,0.062226189653672624,0.053241216560468284,0.5773456054320816,6441
1060,2.0,6,94,6,6,0,0,0,1,0.12192,1290.4686989802567,0.96351985257162,142614.85005055182,1.019250195752304,0.3707181383875247,0.06178635639792079,0.05323140964954605,0.5739701265912037,6441
1061,2.0,6,94,6,6,0,0,0,1,0.130048,1290.5987469802567,0.9635244356966373,142619.07539479097,1.0191274065492761,0.36789121365793376,0.06131520227632229,0.05315353193796354,0.5709397929107665,6441
1062,2.0,6,94,6,6,0,0,0,1,0.130048,1290.7287949802567,0.9635290176702119,142623.29988757696,1.0190048259740883,0.36506428892834286,0.06084404815472381,0.05307567476473178,0.5678760154595254,6441
1063,2.0,6,94,6,6,0,0,0,1,0.12192,1290.8507149802567,0.9635335984927779,142628.42160087888,1.01888139441617,0.3624252893938318,0.060404214898971964,0.053065893684076666,0.5644024844673653,6441
1064,2.0,6,94,6,6,0,0,0,1,0.12192,1290.9726349802568,0.9635381781647689,142633.54234678726,1.018757995034007,0.3597862898593207,0.05996438164322013,0.0530561178128027,0.5608964717024123,6441
1065,2.0,6,94,6,6,0,0,0,1,0.12598399999999998,1291.0986189802568,0.9635427566866184,142638.2131408787,1.0186348043571565,0.3570533277272697,0.05950888795454495,0.05301232394328864,0.5575445255820131,6441
1066,2.0,6,94,6,6,0,0,0,1,0.12192,1291.2205389802568,0.9635473340587595,142643.33197910525,1.0185114692657664,0.35441432819275864,0.05906905469879311,0.05300256108879898,0.5539723639547111,6441
1067,2.0,6,94,6,6,0,0,0,1,0.130048,1291.3505869802568,0.9635519102816253,142647.55199496905,1.0183888722969572,0.35158740346316775,0.05859790057719463,0.052924771314089465,0.5507384420524245,6441
1068,2.0,6,94,6,6,0,0,0,1,0.12192,1291.4725069802569,0.9635564853556485,142652.66895287955,1.0182656013771219,0.34894840392865667,0.058158067321442776,0.052915024113865304,0.5470985969562916,6441
1069,2.0,6,94,6,6,0,0,0,1,0.125984,1291.5984909802569,0.9635610592812618,142657.33607365796,1.0181428919207076,0.3462154417966057,0.057702573632767616,0.05287127326212748,0.5436097211091212,6441
1070,2.0,6,94,6,6,0,0,0,1,0.12192,1291.720410980257,0.9635656320588973,142662.45112605608,1.0180196851452894,0.3435764422620946,0.057262740377015765,0.052861539155687275,0.5399020322952993,6441
1071,2.0,6,94,6,6,0,0,0,1,0.12192,1291.842330980257,0.9635702036889874,142667.56521296923,1.0178965104577544,0.34093744272758353,0.05682290712126392,0.05285181029611085,0.5361605442398201,6441
1072,2.0,6,94,6,6,0,0,0,1,0.12192,1291.964250980257,0.9635747741719639,142672.67833467072,1.0177733678455685,0.33829844319307245,0.056383073865512084,0.05284208668629628,0.5323851160839042,6441
1073,2.0,6,94,6,6,0,0,0,1,0.125984,1292.090234980257,0.9635793435082585,142677.34172823996,1.017650610012747,0.33556548106102146,0.05592758017683691,0.052798371269098705,0.528756879089436,6441
1074,2.0,6,94,6,6,0,0,0,1,0.12192,1292.212154980257,0.9635839116983025,142682.45294660376,1.0175275314677719,0.3329264815265104,0.055487746921085074,0.0527886608059247,0.5249122594870448,6441
1075,2.0,6,94,6,6,0,0,0,1,0.130048,1292.342202980257,0.9635884787425275,142686.66578771247,1.0174055428347826,0.33009955679691944,0.05501659279948656,0.052710976077671015,0.5213924914773526,6441
1076,2.0,6,94,6,6,0,0,0,1,0.12598399999999998,1292.468186980257,0.9635930446413643,142691.3264541475,1.0172826163599418,0.3273665946648684,0.0545610991108114,0.05266729636258623,0.5176558848994741,6441
1077,2.0,6,94,6,6,0,0,0,1,0.12192,1292.5901069802571,0.9635976093952439,142696.43485892564,1.0171596337417481,0.3247275951303573,0.05412126585505955,0.05265760967311134,0.5137047821267249,6441
1078,2.0,6,94,6,6,0,0,0,1,0.12598399999999998,1292.7160909802571,0.9636021730045967,142701.09367952266,1.017036947489212,0.32199463299830633,0.053665772166384386,0.05261394987330614,0.5098957662088022,6441
1079,2.0,6,94,6,6,0,0,0,1,0.12192,1292.8380109802572,0.9636067354698533,142706.2001836651,1.0169140288248089,0.31935563346379525,0.05322593891063254,0.05260427643109878,0.5058739465606443,6441
1080,2.0,6,94,6,6,0,0,0,1,0.125984,1292.9639949802572,0.9636112967914439,142710.85715949693,1.0167915826300344,0.3166226713317442,0.05277044522195737,0.052560636614540905,0.501991888541485,6441
1081,2.0,6,94,6,6,0,0,0,1,0.12192,1293.0859149802573,0.9636158569697982,142715.96176408557,1.016668727846616,0.31398367179723313,0.05233061196620553,0.052550976452601934,0.4978989304327219,6441
1082,2.0,6,94,6,6,0,0,0,1,0.12192,1293.2078349802573,0.9636204160053462,142721.06540617865,1.0165459050136423,0.31134467226272206,0.051890778710453674,0.052541321595827396,0.49377090338744023,6441
1083,2.0,6,94,6,6,0,0,0,1,0.12192,1293.3297549802573,0.9636249738985174,142726.1680860484,1.0164231141186506,0.3087056727282109,0.05145094545470182,0.0525316720471424,0.48960778359586743,6441
1084,2.0,6,94,6,6,0,0,0,1,0.12192,1293.4516749802574,0.9636295306497411,142731.2698039669,1.0163003551491852,0.30606667319369985,0.051011112198949986,0.05252202780947264,0.48540956164531923,6441
1085,2.0,6,94,6,6,0,0,0,1,0.12192,1293.5735949802574,0.9636340862594464,142736.37056020612,1.0161776280927963,0.30342767365918877,0.05057127894319813,0.052512388885744304,0.4811762431564053,6441
1086,2.0,6,94,6,6,0,0,0,1,0.130048,1293.7036429802574,0.9636386407280622,142740.5735478926,1.0160558132385624,0.3006007489295978,0.05010012482159964,0.05243484851548851,0.4772417766170447,6441
1087,2.0,6,94,6,6,0,0,0,1,0.130048,1293.8336909802574,0.9636431940560171,142744.77569066343,1.0159342060811634,0.29777382420000686,0.04962897070000114,0.05235732996673883,0.47326691907912544,6441
1088,2.0,6,94,6,6,0,0,0,1,0.12598399999999998,1293.9596749802574,0.9636477462437396,142749.42532719826,1.015811662445049,0.2950408620679559,0.04917347701132598,0.05231377491655949,0.4690868160742965,6441
1089,2.0,6,94,6,6,0,0,0,1,0.12192,1294.0815949802575,0.963652297291658,142754.52237060704,1.0156890626536352,0.29240186253344475,0.048733643755574124,0.05230417094952759,0.46470555255728885,6441
1090,2.0,6,94,6,6,0,0,0,1,0.12192,1294.2035149802575,0.9636568472002003,142759.61845368534,1.0155664947132168,0.2897628629989336,0.04829381049982228,0.05229457233339319,0.4602892227120967,6441
1091,2.0,6,94,6,6,0,0,0,1,0.12192,1294.3254349802576,0.9636613959697943,142764.71357670455,1.0154439586113835,0.28712386346442254,0.04785397724407043,0.0522849790711033,0.45583793420760027,6441
1092,2.0,6,94,6,6,0,0,0,1,0.12192,1294.4473549802576,0.9636659436008677,142769.80773993596,1.0153214543357318,0.28448486392991146,0.04741414398831858,0.05227539116560541,0.4513518147975115,6441
1093,2.0,6,94,6,6,0,0,0,1,0.125984,1294.5733389802576,0.9636704900938478,142774.45273636884,1.0151995095746944,0.2817519017978604,0.04695865029964341,0.05223188081354869,0.4469871881534759,6441
1094,2.0,6,94,6,6,0,0,0,1,0.130048,1294.7033869802576,0.9636750354491618,142778.64865338363,1.0150772447231462,0.27892497706826946,0.0464874961780449,0.05215446065606543,0.4427391501306366,6441
1095,2.0,6,94,6,6,0,0,0,1,0.12598399999999998,1294.8293709802576,0.9636795796672366,142783.29187114097,1.0149550116149608,0.2761920149362184,0.046032002489369735,0.052110979253854266,0.4382967237376996,6441
1096,2.0,6,94,6,6,0,0,0,1,0.12192,1294.9512909802577,0.963684122748499,142788.38230280505,1.0148326344059941,0.2735530154017073,0.04559216923361789,0.052101423937202955,0.4336652013132028,6441
1097,2.0,6,94,6,6,0,0,0,1,0.125984,1295.0772749802577,0.9636886646933756,142793.02368487554,1.014710640579241,0.2708200532696563,0.04513667554494272,0.05205796314163702,0.429148692987086,6441
1098,2.0,6,94,6,6,0,0,0,1,0.12192,1295.1991949802577,0.9636932055022926,142798.1122261423,1.0145883268408555,0.26818105373514517,0.04469684228919087,0.052048421409030036,0.4244472329869794,6441
1099,2.0,6,94,6,6,0,0,0,1,0.12192,1295.3211149802578,0.9636977451756762,142803.19980950767,1.0144660448420437,0.2655420542006341,0.04425700903343902,0.05203888507650836,0.41971220030284123,6441
1100,2.0,6,94,6,6,0,0,0,1,0.12192,1295.4430349802578,0.9637022837139523,142808.2864352421,1.0143437945704534,0.262903054666123,0.04381717577768717,0.05202935414704129,0.4149439117842394,6441
1101,2.0,6,94,6,6,0,0,0,1,0.12192,1295.5649549802579,0.9637068211175466,142813.37210361593,1.0142215760137383,0.26026405513161194,0.043377342521935314,0.05201982862359863,0.4101427121705913,6441
1102,2.0,6,94,6,6,0,0,0,1,0.12598399999999998,1295.690938980258,0.9637113573868844,142818.00885760423,1.0140996527019903,0.2575310929995609,0.04292184883326014,0.05197641318165079,0.4054473955047025,6441
1103,2.0,6,94,6,6,0,0,0,1,0.125984,1295.816922980258,0.9637158925223912,142822.64470998858,1.0139778488481774,0.25479813086750985,0.04246635514458497,0.05193301030195381,0.4007154358034649,6441
1104,2.0,6,94,6,6,0,0,0,1,0.12192,1295.938842980258,0.9637204265244919,142827.7275603041,1.0138557252823501,0.2521591313329987,0.04202652188883312,0.051923506684640276,0.395813105151457,6441
1105,2.0,6,94,6,6,0,0,0,1,0.12192,1296.060762980258,0.9637249593936112,142832.8094543356,1.0137336333820974,0.24952013179848767,0.04158668863308128,0.051914008494384795,0.390879431864669,6441
1106,2.0,6,94,6,6,0,0,0,1,0.12192,1296.182682980258,0.963729491130174,142837.89039235289,1.013611573135105,0.24688113226397657,0.04114685537732943,0.0519045157341667,0.3859149144295261,6441
1107,2.0,6,94,6,6,0,0,0,1,0.12192,1296.304602980258,0.9637340217346047,142842.97037462576,1.013489544529065,0.2442421327294655,0.04070702212157758,0.05189502840696584,0.380920085043826,6441
1108,2.0,5,95,6,5,0,1,0,1,0.11685082715538259,1296.4214538074134,0.9637177352206494,142845.52253908484,1.0133879230111722,0.24170846074518584,0.04834169214903716,0.05317776468343863,0.4524709532916437,6441
1109,2.0,5,95,5,5,0,0,0,1,0.1016,1296.5230538074134,0.9637215110833594,142849.75454629358,1.0132851814748474,0.23952098941712363,0.047904197883424725,0.053164550348562774,0.4480933405329602,6441
1110,2.0,5,95,5,5,0,0,0,1,0.1016,1296.6246538074133,0.9637252861602498,142853.98589028508,1.0131824621255647,0.2373335180890614,0.04746670361781228,0.053151340510788805,0.4436825700864736,6441
1111,2.0,5,95,5,5,0,0,0,1,0.10566400000000001,1296.7303178074133,0.9637290604515659,142857.76884836628,1.0130802037193096,0.23505208416345924,0.04701041683269185,0.05310139912077291,0.4393825968246164,6441
1112,2.0,5,95,5,5,0,0,0,1,0.1016,1296.8319178074132,0.963732833957553,142861.99888821162,1.012977528675191,0.23286461283539703,0.04657292256707941,0.053088200592933274,0.43490388917505385,6441
1113,2.0,5,95,5,5,0,0,0,1,0.1016,1296.9335178074132,0.9637366066784563,142866.22826530584,1.0128748757965753,0.23067714150733484,0.04613542830146696,0.053075006576529735,0.43039250254681366,6441
1114,2.0,5,95,5,5,0,0,0,1,0.10566400000000001,1297.0391818074131,0.9637403786145204,142870.00932521935,1.0127725082489498,0.22839570758173267,0.04567914151634654,0.05302508915159209,0.42598611843548295,6441
1115,2.0,5,95,5,5,0,0,0,1,0.1016,1297.140781807413,0.9637441497659907,142874.23739909497,1.0126698996514125,0.22620823625367045,0.04524164725073409,0.05301190649014982,0.42140778694911857,6441
1116,2.0,5,95,5,5,0,0,0,1,0.1016,1297.242381807413,0.9637479201331115,142878.46481068525,1.012567313197863,0.22402076492560824,0.04480415298512165,0.05299872835453458,0.4167974529650469,6441
1117,2.0,5,95,5,5,0,0,0,1,0.10566399999999998,1297.348045807413,0.9637516897161277,142882.24397380967,1.0124648365769613,0.2217393310000061,0.04434786620000122,0.05294883501626047,0.41228604870429325,6441
1118,2.0,5,95,5,5,0,0,0,1,0.1016,1297.449645807413,0.9637554585152839,142886.47008310803,1.0123622943804276,0.21955185967194385,0.04391037193438877,0.05293566828084326,0.4076101777547855,6441
1119,2.0,5,95,5,5,0,0,0,1,0.1016,1297.551245807413,0.9637592265308245,142890.69553058632,1.0122597743063906,0.21736438834388166,0.04347287766877633,0.052922506085700774,0.4029032011482713,6441
1120,2.0,5,95,5,5,0,0,0,1,0.1016,1297.6528458074129,0.9637629937629938,142894.92031640004,1.0121572763476923,0.21517691701581945,0.043035383403163895,0.052909348434221466,0.3981654886002777,6441
1121,2.0,5,95,5,5,0,0,0,1,0.10566400000000001,1297.7585098074128,0.9637667602120362,142898.69694441106,1.0120552387871555,0.2128954830902173,0.04257909661804346,0.05285948620685577,0.3935181783026925,6441
1122,2.0,5,95,5,5,0,0,0,1,0.1016,1297.8601098074128,0.9637705258781958,142902.92042916804,1.0119527849904084,0.2107080117621551,0.042141602352431015,0.05284634001213839,0.3887175711924942,6441
1123,2.0,4,96,5,4,0,1,0,1,0.09583109629505357,1297.9559409037079,0.9637535072222799,142904.69665006959,1.0118705890457056,0.20864697611185606,0.052161744027964016,0.05424364309167265,0.48044175734859834,6441
1124,2.0,4,96,4,4,0,0,0,1,0.08127999999999999,1298.037220903708,0.9637565202934392,142908.07460116807,1.0117877797398163,0.2069048533462851,0.05172621333657128,0.054225754809367706,0.47642185251051383,6441
1125,2.0,4,96,4,4,0,0,0,1,0.08940799999999999,1298.126628903708,0.9637595328637034,142910.55731340454,1.0117056857247793,0.2049748053856343,0.05124370134640858,0.05412756182543459,0.47265191773667364,6441
1126,2.0,4,96,4,4,0,0,0,1,0.08127999999999999,1298.2079089037081,0.9637625449331976,142913.9344534385,1.0116229049226033,0.20323268262006333,0.05080817065501583,0.054109683332324375,0.46856353236049664,6441
1127,2.0,4,96,4,4,0,0,0,1,0.08127999999999999,1298.2891889037082,0.9637655565020465,142917.31117061758,1.0115401383969793,0.2014905598544924,0.0503726399636231,0.05409180813247451,0.4644428311589823,6441
1128,2.0,4,96,4,4,0,0,0,1,0.08127999999999999,1298.3704689037083,0.963768567570375,142920.68746502127,1.0114573861442142,0.19974843708892145,0.04993710927223037,0.054073936229150944,0.4602898588818668,6441
1129,2.0,4,96,4,4,0,0,0,1,0.08127999999999999,1298.4517489037084,0.9637715781383078,142924.06333672887,1.0113746481606165,0.1980063143233505,0.049501578580837625,0.05405606762562335,0.4561046755139375,6441
1130,2.0,4,96,4,4,0,0,0,1,0.08127999999999999,1298.5330289037086,0.9637745882059697,142927.43878581983,1.011291924442496,0.19626419155777958,0.049066047889444894,0.05403820232516513,0.4518873568845073,6441
1131,2.0,4,96,4,4,0,0,0,1,0.08127999999999999,1298.6143089037087,0.9637775977734854,142930.81381237344,1.0112092149861633,0.19452206879220862,0.04863051719805215,0.05402034033105339,0.4476379952912213,6441
1132,2.0,4,96,4,4,0,0,0,1,0.08127999999999999,1298.6955889037088,0.9637806068409794,142934.1884164691,1.0111265197879307,0.1927799460266377,0.04819498650665942,0.05400248164656898,0.44335670013811757,6441
1133,2.0,4,96,4,4,0,0,0,1,0.08127999999999999,1298.7768689037089,0.9637836154085765,142937.56259818608,1.0110438388441116,0.19103782326106675,0.047759455815266694,0.053984626274996485,0.43904359858781417,6441
1134,2.0,4,96,4,4,0,0,0,1,0.08534399999999999,1298.862212903709,0.9637866234764011,142940.489110806,1.0109612597089224,0.18920173789795586,0.04730043447448897,0.05392663610587576,0.4348204938707416,6441
1135,2.0,4,96,4,4,0,0,0,1,0.08940799999999999,1298.951620903709,0.9637896310445778,142942.9680150991,1.0108789574567567,0.18727168993730506,0.046817922484326265,0.05382851856955473,0.4306806535173793,6441
1136,2.0,4,96,4,4,0,0,0,1,0.08127999999999999,1299.032900903709,0.963792638113231,142946.34098244784,1.0107963192163532,0.18552956717173413,0.046382391792933526,0.05381067812256076,0.4262655740990131,6441
1137,2.0,4,96,4,4,0,0,0,1,0.08127999999999999,1299.1141809037092,0.9637956446824854,142949.71352773244,1.0107136952156357,0.18378744440616318,0.04594686110154079,0.05379284101239322,0.4218192301555299,6441
1138,2.0,4,96,4,4,0,0,0,1,0.08127999999999999,1299.1954609037093,0.963798650752465,142953.08565103204,1.0106310854509248,0.18204532164059223,0.04551133041014806,0.05377500724237258,0.41734184777684513,6441
1139,2.0,4,96,4,4,0,0,0,1,0.08127999999999999,1299.2767409037094,0.9638016563232944,142956.45735242587,1.010548489918541,0.18030319887502128,0.04507579971875532,0.05375717681582309,0.41283367515242875,6441
1140,2.0,4,96,4,4,0,0,0,1,0.08127999999999999,1299.3580209037095,0.9638046613950979,142959.8286319931,1.010465908614807,0.17856107610945038,0.044640269027362595,0.0537393497360728,0.40829498332312475,6441
1141,2.0,4,96,4,4,0,0,0,1,0.08127999999999999,1299.4393009037096,0.9638076659679997,142963.19948981286,1.010383341536046,0.17681895334387943,0.044204738335969856,0.05372152600645352,0.4037260669447644,6441
1142,2.0,4,96,4,4,0,0,0,1,0.08940799999999999,1299.5287089037097,0.9638106700421241,142965.67573080544,1.0103009636737388,0.1748889053832286,0.04372222634580715,0.0536234619224435,0.3993293610800184,6441
1143,2.0,4,96,4,4,0,0,0,1,0.08127999999999999,1299.6099889037098,0.9638136736175952,142969.04578021562,1.0102184250188309,0.17314678261765767,0.04328669565441442,0.053605648278172525,0.3946952205040437,6441
1144,2.0,4,96,4,4,0,0,0,1,0.085344,1299.6953329037099,0.9638166766945372,142971.96834957536,1.0101361630254069,0.17131069725454678,0.042827674313636696,0.053547720812993777,0.3901272195711341,6441
1145,2.0,4,96,4,4,0,0,0,1,0.08127999999999999,1299.77661290371,0.9638196792730743,142975.33757346278,1.0100536527721398,0.16956857448897586,0.042392143622243965,0.05352991560598797,0.3854318980084946,6441
1146,2.0,3,97,4,3,0,1,0,1,0.06808749551568163,1299.8447003992258,0.9638019374779596,142977.0802180598,1.0099915835999986,0.16810987469155747,0.056036624897185826,0.055000680116322455,0.5093288883094265,6441
1147,2.0,3,97,3,3,0,0,0,1,0.06095999999999999,1299.9056603992258,0.9638041900020743,142979.60664539214,1.0099290622580197,0.16680429941548755,0.05560143313849585,0.05497724290617429,0.5056445814555023,6441
1148,2.0,3,97,3,3,0,0,0,1,0.06095999999999999,1299.9666203992258,0.9638064422458673,142982.13283577838,1.0098665489888663,0.16549872413941763,0.05516624137980588,0.054953807769456686,0.5019291021156415,6441
1149,2.0,3,97,3,3,0,0,0,1,0.06095999999999999,1300.0275803992258,0.9638086942093911,142984.65878925187,1.0098040437909745,0.1641931488633477,0.05473104962111591,0.054930374708823414,0.4981823651261716,6441
1150,2.0,3,97,3,3,0,0,0,1,0.065024,1300.0926043992258,0.9638109458926979,142986.7375377485,1.009741809003015,0.16279361098973785,0.054264536996579286,0.054862928908506074,0.4945167431946775,6441
1151,2.0,3,97,3,3,0,0,0,1,0.06095999999999999,1300.1535643992258,0.96381319729584,142989.2630305592,1.0096793199260252,0.16148803571366793,0.05382934523788931,0.054839500977176714,0.4907050779138709,6441
1152,2.0,3,97,3,3,0,0,0,1,0.065024,1300.2185883992258,0.9638154484188699,142991.34134737824,1.0096170137865235,0.16008849784005807,0.0533628326133527,0.05477206270868811,0.48697006371079143,6441
1153,2.0,3,97,3,3,0,0,0,1,0.065024,1300.2836123992258,0.9638176992618396,142993.41945633423,1.009554803119277,0.15868895996644825,0.05289631998881608,0.05470462893803988,0.48319904807408254,6441
1154,2.0,3,97,3,3,0,0,0,1,0.065024,1300.3486363992258,0.9638199498248015,142995.4973574583,1.0094924256332896,0.1572894220928384,0.05242980736427946,0.05463719968188584,0.4793918359318014,6441
1155,2.0,3,97,3,3,0,0,0,1,0.06095999999999999,1300.4095963992258,0.9638222001078077,142998.0219423969,1.009429968779385,0.15598384681676847,0.05199461560558949,0.054613783061157994,0.47544670464389177,6441
1156,2.0,3,97,3,3,0,0,0,1,0.06095999999999999,1300.4705563992259,0.9638244501109107,143000.54629065396,1.0093675199858168,0.15467827154069858,0.05155942384689952,0.05459036854533623,0.4714697927105832,6441
1157,2.0,3,97,3,3,0,0,0,1,0.06095999999999999,1300.531516399226,0.9638266998341625,143003.07040226273,1.0093050792510234,0.15337269626462866,0.05112423208820955,0.05456695613713012,0.4674610991557317,6441
1158,2.0,3,97,3,3,0,0,0,1,0.06095999999999999,1300.592476399226,0.9638289492776154,143005.5942772565,1.0092426465734456,0.15206712098855873,0.050689040329519576,0.05454354583925375,0.46342063604305583,6441
1159,2.0,3,97,3,3,0,0,0,1,0.065024,1300.657500399226,0.9638311984413216,143007.67107628845,1.0091804841394338,0.15066758311494888,0.05022252770498296,0.054476133520970506,0.4594398200587839,6441
1160,2.0,3,97,3,3,0,0,0,1,0.065024,1300.722524399226,0.9638334473253332,143009.7476676792,1.0091181549450277,0.14926804524133902,0.04975601508044634,0.05440872578930616,0.4554220900178553,6441
1161,2.0,3,97,3,3,0,0,0,1,0.065024,1300.787548399226,0.9638356959297024,143011.82405145993,1.0090559211765822,0.14786850736772916,0.04928950245590972,0.054341322661329114,0.4513673314680135,6441
1162,2.0,3,97,3,3,0,0,0,1,0.065024,1300.852572399226,0.9638379442544814,143013.90022766174,1.008993782815632,0.14646896949411933,0.0488229898313731,0.05427392415419142,0.44727544388423496,6441
1163,2.0,3,97,3,3,0,0,0,1,0.06095999999999999,1300.913532399226,0.9638401922997223,143016.42297230262,1.0089313903500268,0.1451633942180494,0.04838779807268314,0.05425052848714364,0.44306547729150747,6441
1164,2.0,3,97,3,3,0,0,0,1,0.065024,1300.978556399226,0.9638424400654773,143018.49871759402,1.0088691806678678,0.14376385634443956,0.04792128544814652,0.05418313777197917,0.43890187287668325,6441
1165,2.0,3,97,3,3,0,0,0,1,0.065024,1301.043580399226,0.9638446875517984,143020.5742554008,1.008807066371639,0.1423643184708297,0.04745477282360991,0.05411575172207848,0.4347009909899865,6441
1166,2.0,3,97,3,3,0,0,0,1,0.06095999999999999,1301.104540399226,0.9638469347587378,143023.09631699653,1.0087446980168098,0.1410587431947598,0.047019581064919935,0.05409236452057636,0.43039057108059253,6441
1167,2.0,3,97,3,3,0,0,0,1,0.06095999999999999,1301.165500399226,0.9638491816863476,143025.61814227357,1.0086823377051857,0.13975316791868989,0.04658438930622996,0.05406897946974419,0.4260488505683559,6441
1168,2.0,3,97,3,3,0,0,0,1,0.06908799999999998,1301.234588399226,0.9638514283346798,143027.2463237811,1.008620509506738,0.1382596674475401,0.0460865558158467,0.05395761285463253,0.42180817803867704,6441
1169,2.0,3,97,3,3,0,0,0,1,0.06095999999999999,1301.295548399226,0.9638536747037866,143029.767702624,1.0085581652430693,0.13695409217147017,0.045651364057156724,0.053934234182877586,0.4173980514070089,6441
1170,2.0,2,98,3,2,0,1,0,1,0.05111070914606288,1301.346659108372,0.9638352078543466,143030.2976514573,1.0085163448590484,0.13583895865973247,0.06791947932986624,0.05282507325307158,0.6230874902094012,6441
1171,2.0,2,98,2,2,0,0,0,1,0.040639999999999996,1301.387299108372,0.963836705950581,143031.97835688986,1.008474353405543,0.13496105720157656,0.06748052860078828,0.05279421099444986,0.6203125602816186,6441
1172,2.0,2,98,2,2,0,0,0,1,0.040639999999999996,1301.427939108372,0.9638382039227057,143033.6589573548,1.0084323655613336,0.1340831557434206,0.0670415778717103,0.05276334873582813,0.6175099142335845,6441
1173,2.0,2,98,2,2,0,0,0,1,0.040639999999999996,1301.4685791083718,0.9638397017707363,143035.33945286204,1.0083903813259552,0.1332052542852647,0.06660262714263235,0.05273248647720641,0.6146792853746202,6441
1174,2.0,2,98,2,2,0,0,0,1,0.040639999999999996,1301.5092191083718,0.963841199494688,143037.01984342135,1.0083484006989423,0.13232735282710878,0.06616367641355439,0.05270162421858468,0.6118204068407878,6441
1175,2.0,2,98,2,2,0,0,0,1,0.040639999999999996,1301.5498591083717,0.9638426970945764,143038.70012904258,1.0083064236798298,0.13144945136895286,0.06572472568447643,0.05267076195996295,0.608933011733009,6441
1176,2.0,2,98,2,2,0,0,0,1,0.040639999999999996,1301.5904991083717,0.9638441945704168,143040.38030973554,1.0082644502681526,0.13057154991079695,0.06528577495539847,0.052639899701341225,0.6060168332624892,6441
1177,2.0,2,98,2,2,0,0,0,1,0.040639999999999996,1301.6311391083716,0.9638456919222248,143042.06038551012,1.0082224804634456,0.12969364845264103,0.06484682422632052,0.052609037442719504,0.603071604903723,6441
1178,2.0,2,98,2,2,0,0,0,1,0.040639999999999996,1301.6717791083715,0.9638471891500155,143043.74035637607,1.008180514265244,0.1288157469944851,0.06440787349724254,0.052578175184097777,0.6000970605553728,6441
1179,2.0,2,98,2,2,0,0,0,1,0.040639999999999996,1301.7124191083715,0.9638486862538046,143045.42022234327,1.008138551673083,0.12793784553632917,0.06396892276816459,0.052547312925476056,0.5970929347093199,6441
1180,2.0,2,98,2,2,0,0,0,1,0.044703999999999994,1301.7571231083714,0.9638501832336073,143046.65339979695,1.0080966799848459,0.12696598148063332,0.06348299074031666,0.05246946936808436,0.5941338212793386,6441
1181,2.0,2,98,2,2,0,0,0,1,0.044703999999999994,1301.8018271083713,0.9638516800894391,143047.88649255576,1.008054899188817,0.12599411742493746,0.06299705871246873,0.05239162581069267,0.5911405964999199,6441
1182,2.0,2,98,2,2,0,0,0,1,0.044703999999999994,1301.8465311083712,0.9638531768213154,143049.11950062844,1.008013034691587,0.1250222533692416,0.0625111266846208,0.052313782253300974,0.5881128426815808,6441
1183,2.0,2,98,2,2,0,0,0,1,0.04876799999999999,1301.8952991083713,0.9638546734292517,143049.90587764423,1.007971435652335,0.1239564267160058,0.0619782133580029,0.052188957397139316,0.5851191169263892,6441
1184,2.0,2,98,2,2,0,0,0,1,0.04876799999999999,1301.9440671083714,0.9638561699132631,143050.69219574807,1.0079296656201093,0.12289060006277,0.061445300031385,0.052064132540977644,0.5820859052161809,6441
1185,2.0,2,98,2,2,0,0,0,1,0.040639999999999996,1301.9847071083714,0.9638576662733652,143052.3714934059,1.0078877246169438,0.12201269860461408,0.06100634930230704,0.05203327028235592,0.5788828920882471,6441
1186,2.0,2,98,2,2,0,0,0,1,0.040639999999999996,1302.0253471083713,0.9638591625095734,143054.0506862322,1.0078457872165703,0.12113479714645817,0.060567398573229084,0.052002408023734195,0.5756481043912355,6441
1187,2.0,2,98,2,2,0,0,0,1,0.040639999999999996,1302.0659871083712,0.963860658621903,143055.72977423677,1.0078038534185245,0.12025689568830224,0.06012844784415112,0.051971545765112474,0.5723812832961873,6441
1188,2.0,2,98,2,2,0,0,0,1,0.044703999999999994,1302.1106911083712,0.9638621546103695,143056.96226289318,1.0077620104906972,0.11928503163260638,0.05964251581630319,0.05189370220772078,0.5691398112848738,6441
1189,2.0,2,98,2,2,0,0,0,1,0.044703999999999994,1302.155395108371,0.9638636504749881,143058.194666925,1.0077202584213807,0.11831316757691052,0.05915658378845526,0.05181585865032908,0.5658608939127142,6441
1190,2.0,2,98,2,2,0,0,0,1,0.04876799999999999,1302.2041631083712,0.9638651462157743,143058.9805175554,1.0076785099380106,0.11724734092367473,0.05862367046183736,0.051691033794167424,0.5625969559816993,6441
1191,2.0,2,98,2,2,0,0,0,1,0.044703999999999994,1302.248867108371,0.9638666418327435,143060.21276384525,1.0076367650401248,0.11627547686797887,0.058137738433989436,0.05161319023677573,0.5592393228581791,6441
1192,2.0,2,98,2,2,0,0,0,1,0.044703999999999994,1302.293571108371,0.963868137325911,143061.44492553614,1.007594936473896,0.115303612812283,0.0576518064061415,0.05153534667938403,0.5558428895641389,6441
1193,2.0,2,98,2,2,0,0,0,1,0.040639999999999996,1302.334211108371,0.9638696326952922,143063.12343698088,1.0075530242501018,0.11442571135412709,0.057212855677063544,0.05150448442076231,0.5523621797742293,6441
1194,2.0,2,98,2,2,0,0,0,1,0.040639999999999996,1302.3748511083709,0.9638711279409026,143064.8018436713,1.007511115625391,0.11354780989597117,0.056773904947985586,0.05147362216214058,0.54884735744393,6441
1195,2.0,2,98,2,2,0,0,0,1,0.040639999999999996,1302.4154911083708,0.9638726230627573,143066.48014561718,1.0074692105992997,0.11266990843781524,0.05633495421890762,0.05144275990351886,0.5452981885164265,6441
1196,2.0,2,98,2,2,0,0,0,1,0.044703999999999994,1302.4601951083707,0.9638741180608719,143067.71193456367,1.0074273964097462,0.11169804438211939,0.055849022191059694,0.051364916346127165,0.5417508752015057,6441
1197,2.0,2,98,2,2,0,0,0,1,0.044703999999999994,1302.5048991083706,0.9638756129352616,143068.94363895635,1.0073856730450312,0.11072618032642353,0.05536309016321177,0.051287072788735476,0.5381628332453584,6441
1198,2.0,2,98,2,2,0,0,0,1,0.040639999999999996,1302.5455391083706,0.9638771076859418,143070.6216441123,1.0073437788007837,0.1098482788682676,0.0549241394341338,0.05125621053011375,0.5345031556548056,6441
1199,2.0,2,98,2,2,0,0,0,1,0.044703999999999994,1302.5902431083705,0.963878602312928,143071.8531679461,1.007302062607597,0.10887641481257175,0.054438207406285875,0.05117836697272206,0.5308354816079389,6441
1200,2.0,2,98,2,2,0,0,0,1,0.040639999999999996,1302.6308831083704,0.9638800968162353,143073.53097239218,1.007260175548932,0.10799851335441582,0.05399925667720791,0.051147504714100324,0.5271016983021647,6441
1201,2.0,2,98,2,2,0,0,0,1,0.040639999999999996,1302.6715231083704,0.9638815911958792,143075.20867215187,1.0072182920861088,0.1071206118962599,0.05356030594812995,0.0511166424554786,0.5233320946698432,6441
1202,2.0,2,98,2,2,0,0,0,1,0.040639999999999996,1302.7121631083703,0.9638830854518752,143076.886267235,1.007176412218664,0.10624271043810399,0.053121355219051994,0.05108578019685688,0.5195264804744495,6441
1203,2.0,2,98,2,2,0,0,0,1,0.040639999999999996,1302.7528031083702,0.9638845795842382,143078.56375765137,1.0071345359461346,0.10536480897994806,0.05268240448997403,0.051054917938235155,0.5156846739319596,6441
1204,2.0,2,98,2,2,0,0,0,1,0.040639999999999996,1302.7934431083702,0.9638860735929841,143080.24114341076,1.007092663268058,0.10448690752179214,0.05224345376089607,0.05102405567961343,0.5118065022389675,6441
1205,2.0,2,98,2,2,0,0,0,1,0.040639999999999996,1302.8340831083701,0.9638875674781278,143081.91842452297,1.0070507941839713,0.10360900606363622,0.05180450303181811,0.0509931934209917,0.5078918021207823,6441
1206,2.0,2,98,2,2,0,0,0,1,0.044703999999999994,1302.87878710837,0.9638890612396848,143083.14928800362,1.0070090158943559,0.10263714200794036,0.05131857100397018,0.0509153498636,0.5039440419046625,6441
1207,2.0,1,99,2,1,0,1,0,1,0.04039764042723834,1302.9191847487973,0.9638698736376233,143081.78295489796,1.0069878664973118,0.1017641078798705,0.1017641078798705,0.0,1.0,6441
1208,2.0,1,99,1,1,0,0,0,1,0.020319999999999998,1302.9395047487974,0.9638706208379865,143082.6215035538,1.006966718007831,0.10129429489217082,0.10129429489217082,0.0,1.0,6441
1209,2.0,1,99,1,1,0,0,0,1,0.020319999999999998,1302.9598247487975,0.9638713680074449,143083.46002605485,1.0069455704258548,0.10082448190447113,0.10082448190447113,0.0,1.0,6441
1210,2.0,1,99,1,1,0,0,0,1,0.020319999999999998,1302.9801447487976,0.9638721151460005,143084.29852240236,1.0069244237513248,0.10035466891677144,0.10035466891677144,0.0,1.0,6441
1211,2.0,1,99,1,1,0,0,0,1,0.020319999999999998,1303.0004647487976,0.9638728622536551,143085.13699259757,1.0069032779841827,0.09988485592907176,0.09988485592907176,0.0,1.0,6441
1212,2.0,1,99,1,1,0,0,0,1,0.024383999999999996,1303.0248487487977,0.9638736093304107,143085.52916625416,1.0068822203140892,0.09932108034383214,0.09932108034383214,0.0,1.0,6441
1213,2.0,1,99,1,1,0,0,0,1,0.020319999999999998,1303.0451687487978,0.9638743563762692,143086.36758849272,1.0068610763596773,0.09885126735613245,0.09885126735613245,0.0,1.0,6441
1214,2.0,1,99,1,1,0,0,0,1,0.020319999999999998,1303.0654887487979,0.9638751033912324,143087.20598458257,1.006839933312478,0.09838145436843276,0.09838145436843276,0.0,1.0,6441
1215,2.0,1,99,1,1,0,0,0,1,0.024383999999999996,1303.089872748798,0.9638758503753024,143087.59809995384,1.0068188783565408,0.09781767878319314,0.09781767878319314,0.0,1.0,6441
1216,2.0,1,99,1,1,0,0,0,1,0.020319999999999998,1303.110192748798,0.9638765973284811,143088.4364480941,1.0067977371217216,0.09734786579549345,0.09734786579549345,0.0,1.0,6441
1217,2.0,1,99,1,1,0,0,0,1,0.020319999999999998,1303.130512748798,0.9638773442507702,143089.2747700892,1.0067765967939402,0.09687805280779377,0.09687805280779377,0.0,1.0,6441
1218,2.0,1,99,1,1,0,0,0,1,0.024383999999999996,1303.1548967487981,0.9638780911421718,143089.66682718485,1.0067555445516352,0.09631427722255415,0.09631427722255415,0.0,1.0,6441
1219,2.0,1,99,1,1,0,0,0,1,0.020319999999999998,1303.1752167487982,0.9638788380026879,143090.50510123736,1.0067344060358838,0.09584446423485446,0.09584446423485446,0.0,1.0,6441
1220,2.0,1,99,1,1,0,0,0,1,0.020319999999999998,1303.1955367487983,0.9638795848323203,143091.34334914837,1.0067132684269953,0.09537465124715477,0.09537465124715477,0.0,1.0,6441
1221,2.0,1,99,1,1,0,0,0,1,0.020319999999999998,1303.2158567487984,0.9638803316310708,143092.18157091914,1.0066921317249111,0.09490483825945509,0.09490483825945509,0.0,1.0,6441
1222,2.0,1,99,1,1,0,0,0,1,0.020319999999999998,1303.2361767487985,0.9638810783989414,143093.01976655086,1.0066709959295728,0.0944350252717554,0.0944350252717554,0.0,1.0,6441
1223,2.0,1,99,1,1,0,0,0,1,0.028447999999999994,1303.2646247487985,0.9638818251359341,143092.96551032003,1.0066500353792174,0.09377728708897584,0.09377728708897584,0.0,1.0,6441
1224,2.0,1,99,1,1,0,0,0,1,0.020319999999999998,1303.2849447487986,0.9638825718420508,143093.80366236437,1.0066289013934568,0.09330747410127616,0.09330747410127616,0.0,1.0,6441
1225,2.0,1,99,1,1,0,0,0,1,0.028447999999999994,1303.3133927487986,0.9638833185172935,143093.74939105328,1.006607942645084,0.0926497359184966,0.0926497359184966,0.0,1.0,6441
1226,2.0,1,99,1,1,0,0,0,1,0.024383999999999996,1303.3377767487987,0.9638840651616638,143094.14130942163,1.0065868976322072,0.09208596033325697,0.09208596033325697,0.0,1.0,6441
1227,2.0,1,99,1,1,0,0,0,1,0.020319999999999998,1303.3580967487987,0.9638848117751638,143094.97939609273,1.0065657663603766,0.09161614734555729,0.09161614734555729,0.0,1.0,6441
1228,2.0,1,99,1,1,0,0,0,1,0.024383999999999996,1303.3824807487988,0.9638855583577955,143095.37127800763,1.0065447231547424,0.09105237176031766,0.09105237176031766,0.0,1.0,6441
1229,2.0,1,99,1,1,0,0,0,1,0.020319999999999998,1303.4028007487989,0.9638863049095607,143096.20931675896,1.006523593693777,0.09058255877261798,0.09058255877261798,0.0,1.0,6441
1230,2.0,1,99,1,1,0,0,0,1,0.020319999999999998,1303.423120748799,0.9638870514304614,143097.0473293807,1.0065024651390915,0.09011274578491829,0.09011274578491829,0.0,1.0,6441
1231,2.0,1,99,1,1,0,0,0,1,0.024383999999999996,1303.447504748799,0.9638877979204994,143097.43915306064,1.0064814246448202,0.08954897019967867,0.08954897019967867,0.0,1.0,6441
1232,2.0,1,99,1,1,0,0,0,1,0.020319999999999998,1303.467824748799,0.9638885443796767,143098.2771177696,1.0064602979006503,0.08907915721197898,0.08907915721197898,0.0,1.0,6441
1233,2.0,1,99,1,1,0,0,0,1,0.020319999999999998,1303.4881447487992,0.9638892908079952,143099.1150563526,1.0064391720625854,0.0886093442242793,0.0886093442242793,0.0,1.0,6441
1234,2.0,1,99,1,1,0,0,0,1,0.020319999999999998,1303.5084647487993,0.9638900372054569,143099.95296881083,1.0064180471305673,0.08813953123657961,0.08813953123657961,0.0,1.0,6441
1235,2.0,1,99,1,1,0,0,0,1,0.020319999999999998,1303.5287847487994,0.9638907835720634,143100.79085514558,1.0063969231045375,0.08766971824887992,0.08766971824887992,0.0,1.0,6441
1236,2.0,1,99,1,1,0,0,0,1,0.024383999999999996,1303.5531687487994,0.9638915299078169,143101.18257703926,1.0063758871292863,0.0871059426636403,0.0871059426636403,0.0,1.0,6441
1237,2.0,1,99,1,1,0,0,0,1,0.020319999999999998,1303.5734887487995,0.9638922762127193,143102.02041547294,1.0063547649131899,0.08663612967594062,0.08663612967594062,0.0,1.0,6441
1238,2.0,1,99,1,1,0,0,0,1,0.020319999999999998,1303.5938087487996,0.9638930224867724,143102.85822778672,1.0063336436029071,0.08616631668824093,0.08616631668824093,0.0,1.0,6441
1239,2.0,1,99,1,1,0,0,0,1,0.020319999999999998,1303.6141287487997,0.9638937687299783,143103.69601398183,1.0063125231983798,0.08569650370054124,0.08569650370054124,0.0,1.0,6441
1240,2.0,1,99,1,1,0,0,0,1,0.020319999999999998,1303.6344487487997,0.9638945149423387,143104.53377405947,1.0062914036995498,0.08522669071284156,0.08522669071284156,0.0,1.0,6441
1241,2.0,1,99,1,1,0,0,0,1,0.028447999999999994,1303.6628967487998,0.9638952611238556,143104.47928315005,1.0062704593773706,0.084568952530062,0.084568952530062,0.0,1.0,6441
1242,2.0,1,99,1,1,0,0,0,1,0.028447999999999994,1303.6913447487998,0.9638960072745308,143104.42479461874,1.0062495159532991,0.08391121434728244,0.08391121434728244,0.0,1.0,6441
1243,2.0,1,99,1,1,0,0,0,1,0.020319999999999998,1303.7116647487999,0.9638967533943665,143105.2624937187,1.0062283991637384,0.08344140135958275,0.08344140135958275,0.0,1.0,6441
1244,2.0,1,99,1,1,0,0,0,1,0.024383999999999996,1303.7360487488,0.9638974994833643,143105.65407703025,1.0062073704095436,0.08287762577434313,0.08287762577434313,0.0,1.0,6441
1245,2.0,1,99,1,1,0,0,0,1,0.020319999999999998,1303.7563687488,0.9638982455415264,143106.49172824738,1.0061862554289855,0.08240781278664344,0.08240781278664344,0.0,1.0,6441
1246,2.0,1,99,1,1,0,0,0,1,0.020319999999999998,1303.7766887488,0.9638989915688544,143107.32935335411,1.0061651413537755,0.08193799979894376,0.08193799979894376,0.0,1.0,6441
1247,2.0,1,99,1,1,0,0,0,1,0.020319999999999998,1303.7970087488002,0.9638997375653504,143108.16695235166,1.0061440281838554,0.08146818681124407,0.08146818681124407,0.0,1.0,6441
1248,2.0,1,99,1,1,0,0,0,1,0.024383999999999996,1303.8213927488002,0.9639004835310162,143108.55845571237,1.006123003041597,0.08090441122600445,0.08090441122600445,0.0,1.0,6441
1249,2.0,1,99,1,1,0,0,0,1,0.020319999999999998,1303.8417127488003,0.9639012294658539,143109.39600683647,1.0061018916802145,0.08043459823830476,0.08043459823830476,0.0,1.0,6441
1250,2.0,1,99,1,1,0,0,0,1,0.020319999999999998,1303.8620327488004,0.9639019753698653,143110.233531855,1.006080781223947,0.07996478525060507,0.07996478525060507,0.0,1.0,6441
1251,2.0,1,99,1,1,0,0,0,1,0.024383999999999996,1303.8864167488005,0.9639027212430522,143110.62497704456,1.006059758789564,0.07940100966536545,0.07940100966536545,0.0,1.0,6441
1252,2.0,1,99,1,1,0,0,0,1,0.020319999999999998,1303.9067367488005,0.9639034670854167,143111.46245419662,1.006038650141485,0.07893119667766577,0.07893119667766577,0.0,1.0,6441
1253,2.0,1,99,1,1,0,0,0,1,0.020319999999999998,1303.9270567488006,0.9639042128969607,143112.2999052467,1.006017542398347,0.07846138368996608,0.07846138368996608,0.0,1.0,6441
1254,2.0,1,99,1,1,0,0,0,1,0.024383999999999996,1303.9514407488007,0.963904958677686,143112.69129227474,1.0059965226713168,0.07789760810472646,0.07789760810472646,0.0,1.0,6441
1255,2.0,1,99,1,1,0,0,0,1,0.020319999999999998,1303.9717607488008,0.9639057044275945,143113.52869546536,1.0059754167360184,0.07742779511702677,0.07742779511702677,0.0,1.0,6441
1256,2.0,1,99,1,1,0,0,0,1,0.024383999999999996,1303.9961447488008,0.9639064501466882,143113.92004609806,1.0059543988129775,0.07686401953178715,0.07686401953178715,0.0,1.0,6441
1257,2.0,1,99,1,1,0,0,0,1,0.020319999999999998,1304.016464748801,0.9639071958349689,143114.7574014338,1.0059332946852864,0.07639420654408746,0.07639420654408746,0.0,1.0,6441
1258,2.0,1,99,1,1,0,0,0,1,0.020319999999999998,1304.036784748801,0.9639079414924386,143115.59473067356,1.0059121914622455,0.07592439355638778,0.07592439355638778,0.0,1.0,6441
1259,2.0,1,99,1,1,0,0,0,1,0.028447999999999994,1304.065232748801,0.9639086871190993,143115.54001528272,1.005891263347577,0.07526665537360822,0.07526665537360822,0.0,1.0,6441
1260,2.0,1,99,1,1,0,0,0,1,0.020319999999999998,1304.085552748801,0.9639094327149527,143116.3773010149,1.005870161929928,0.07479684238590853,0.07479684238590853,0.0,1.0,6441
1261,2.0,1,99,1,1,0,0,0,1,0.020319999999999998,1304.1058727488012,0.9639101782800008,143117.21456065468,1.0058490614167546,0.07432702939820884,0.07432702939820884,0.0,1.0,6441
1262,2.0,1,99,1,1,0,0,0,1,0.028447999999999994,1304.1343207488012,0.9639109238142456,143117.15981282794,1.0058281360005792,0.07366929121542928,0.07366929121542928,0.0,1.0,6441
1263,2.0,1,99,1,1,0,0,0,1,0.020319999999999998,1304.1546407488013,0.9639116693176889,143117.99702896664,1.0058070372924497,0.0731994782277296,0.0731994782277296,0.0,1.0,6441
1264,2.0,1,99,1,1,0,0,0,1,0.020319999999999998,1304.1749607488014,0.9639124147903326,143118.83421901645,1.0057859394886215,0.07272966524002991,0.07272966524002991,0.0,1.0,6441
1265,2.0,1,99,1,1,0,0,0,1,0.020319999999999998,1304.1952807488015,0.9639131602321787,143119.67138297862,1.0057648425890366,0.07225985225233023,0.07225985225233023,0.0,1.0,6441
1266,2.0,1,99,1,1,0,0,0,1,0.028447999999999994,1304.2237287488015,0.963913905643229,143119.61658531628,1.0057439207712862,0.07160211406955067,0.07160211406955067,0.0,1.0,6441
1267,2.0,1,99,1,1,0,0,0,1,0.020319999999999998,1304.2440487488016,0.9639146510234854,143120.4537057862,1.005722825676281,0.07113230108185098,0.07113230108185098,0.0,1.0,6441
1268,2.0,1,99,1,1,0,0,0,1,0.020319999999999998,1304.2643687488016,0.96391539637295,143121.290800172,1.005701731485345,0.0706624880941513,0.0706624880941513,0.0,1.0,6441
1269,2.0,1,99,1,1,0,0,0,1,0.020319999999999998,1304.2846887488017,0.9639161416916245,143122.1278684749,1.0056806381984196,0.07019267510645161,0.07019267510645161,0.0,1.0,6441
1270,2.0,1,99,1,1,0,0,0,1,0.020319999999999998,1304.3050087488018,0.963916886979511,143122.96491069614,1.0056595458154471,0.06972286211875192,0.06972286211875192,0.0,1.0,6441
1271,2.0,1,99,1,1,0,0,0,1,0.020319999999999998,1304.325328748802,0.9639176322366111,143123.80192683695,1.0056384543363697,0.06925304913105224,0.06925304913105224,0.0,1.0,6441
1272,2.0,1,99,1,1,0,0,0,1,0.024383999999999996,1304.349712748802,0.963918377462927,143124.19297933523,1.005617450838757,0.06868927354581261,0.06868927354581261,0.0,1.0,6441
1273,2.0,1,99,1,1,0,0,0,1,0.020319999999999998,1304.370032748802,0.9639191226584605,143125.02994765804,1.0055963611654286,0.06821946055811293,0.06821946055811293,0.0,1.0,6441
1274,2.0,1,99,1,1,0,0,0,1,0.020319999999999998,1304.3903527488021,0.9639198678232136,143125.86688990402,1.005575272395821,0.06774964757041324,0.06774964757041324,0.0,1.0,6441
1275,2.0,1,99,1,1,0,0,0,1,0.020319999999999998,1304.4106727488022,0.963920612957188,143126.70380607437,1.0055541845298754,0.06727983458271355,0.06727983458271355,0.0,1.0,6441
1276,2.0,1,99,1,1,0,0,0,1,0.020319999999999998,1304.4309927488023,0.9639213580603858,143127.54069617027,1.0055330975675345,0.06681002159501387,0.06681002159501387,0.0,1.0,6441
1277,2.0,1,99,1,1,0,0,0,1,0.03657599999999999,1304.4675687488023,0.9639221031328088,143126.59392450796,1.0055123597819422,0.06596435821715443,0.06596435821715443,0.0,1.0,6441
1278,2.0,1,99,1,1,0,0,0,1,0.020319999999999998,1304.4878887488023,0.963922848174459,143127.43077981408,1.0054912746191742,0.06549454522945475,0.06549454522945475,0.0,1.0,6441
1279,2.0,1,99,1,1,0,0,0,1,0.024383999999999996,1304.5122727488024,0.9639235931853382,143127.8217157512,1.0054702774244066,0.06493076964421512,0.06493076964421512,0.0,1.0,6441
1280,2.0,1,99,1,1,0,0,0,1,0.020319999999999998,1304.5325927488025,0.9639243381654483,143128.65852325514,1.0054491940665762,0.06446095665651544,0.06446095665651544,0.0,1.0,6441
1281,2.0,1,99,1,1,0,0,0,1,0.020319999999999998,1304.5529127488026,0.9639250831147913,143129.49530469047,1.0054281116120602,0.06399114366881575,0.06399114366881575,0.0,1.0,6441
1282,2.0,1,99,1,1,0,0,0,1,0.024383999999999996,1304.5772967488026,0.9639258280333691,143129.88618255392,1.0054071171197754,0.06342736808357613,0.06342736808357613,0.0,1.0,6441
1283,2.0,1,99,1,1,0,0,0,1,0.020319999999999998,1304.5976167488027,0.9639265729211836,143130.72291619406,1.005386036469849,0.06295755509587644,0.06295755509587644,0.0,1.0,6441
1284,2.0,1,99,1,1,0,0,0,1,0.020319999999999998,1304.6179367488028,0.9639273177782366,143131.5596237692,1.005364956723063,0.06248774210817676,0.06248774210817676,0.0,1.0,6441
1285,2.0,1,99,1,1,0,0,0,1,0.020319999999999998,1304.6382567488029,0.9639280626045301,143132.39630528053,1.0053438778793593,0.06201792912047707,0.06201792912047707,0.0,1.0,6441
1286,2.0,1,99,1,1,0,0,0,1,0.020319999999999998,1304.658576748803,0.963928807400066,143133.23296072934,1.0053227999386798,0.061548116132777386,0.061548116132777386,0.0,1.0,6441
1287,2.0,1,99,1,1,0,0,0,1,0.020319999999999998,1304.678896748803,0.9639295521648463,143134.06959011682,1.0053017229009666,0.0610783031450777,0.0610783031450777,0.0,1.0,6441
1288,2.0,1,99,1,1,0,0,0,1,0.020319999999999998,1304.699216748803,0.9639302968988727,143134.90619344416,1.0052806467661617,0.060608490157378014,0.060608490157378014,0.0,1.0,6441
1289,2.0,1,99,1,1,0,0,0,1,0.020319999999999998,1304.7195367488032,0.9639310416021472,143135.7427707126,1.005259571534207,0.06013867716967833,0.06013867716967833,0.0,1.0,6441
1290,2.0,1,99,1,1,0,0,0,1,0.024383999999999996,1304.7439207488032,0.9639317862746717,143136.13348190134,1.0052385842491018,0.059574901584438705,0.059574901584438705,0.0,1.0,6441
1291,2.0,1,99,1,1,0,0,0,1,0.024383999999999996,1304.7683047488033,0.9639325309164481,143136.52417848655,1.0052175978630022,0.05901112599919908,0.05901112599919908,0.0,1.0,6441
1292,2.0,1,99,1,1,0,0,0,1,0.020319999999999998,1304.7886247488034,0.9639332755274784,143137.36068626106,1.0051965253355215,0.058541313011499396,0.058541313011499396,0.0,1.0,6441
1293,2.0,1,99,1,1,0,0,0,1,0.020319999999999998,1304.8089447488035,0.9639340201077644,143138.19716798142,1.005175453710659,0.05807150002379971,0.05807150002379971,0.0,1.0,6441
1294,2.0,1,99,1,1,0,0,0,1,0.020319999999999998,1304.8292647488036,0.963934764657308,143139.03362364884,1.005154382988357,0.057601687036100024,0.057601687036100024,0.0,1.0,6441
1295,2.0,1,99,1,1,0,0,0,1,0.020319999999999998,1304.8495847488036,0.9639355091761111,143139.87005326457,1.0051333131685571,0.05713187404840034,0.05713187404840034,0.0,1.0,6441
1296,2.0,1,99,1,1,0,0,0,1,0.028447999999999994,1304.8780327488037,0.9639362536641757,143139.8148427227,1.0051124183169478,0.05647413586562078,0.05647413586562078,0.0,1.0,6441
1297,2.0,1,99,1,1,0,0,0,1,0.020319999999999998,1304.8983527488037,0.9639369981215036,143140.6512289133,1.005091350298251,0.05600432287792109,0.05600432287792109,0.0,1.0,6441
1298,2.0,1,99,1,1,0,0,0,1,0.020319999999999998,1304.9186727488038,0.9639377425480967,143141.48758905576,1.005070283181883,0.055534509890221406,0.055534509890221406,0.0,1.0,6441
1299,2.0,1,99,1,1,0,0,0,1,0.020319999999999998,1304.938992748804,0.9639384869439571,143142.32392315124,1.0050492169677856,0.05506469690252172,0.05506469690252172,0.0,1.0,6441
1300,2.0,1,99,1,1,0,0,0,1,0.024383999999999996,1304.963376748804,0.9639392313090864,143142.71444566132,1.005028238681319,0.0545009213172821,0.0545009213172821,0.0,1.0,6441
1301,2.0,1,99,1,1,0,0,0,1,0.024383999999999996,1304.987760748804,0.9639399756434867,143143.1049535774,1.0050072612932799,0.053937145732042474,0.053937145732042474,0.0,1.0,6441
1302,2.0,1,99,1,1,0,0,0,1,0.020319999999999998,1305.008080748804,0.9639407199471598,143143.94121821318,1.0049861977819197,0.05346733274434279,0.05346733274434279,0.0,1.0,6441
1303,2.0,1,99,1,1,0,0,0,1,0.020319999999999998,1305.0284007488042,0.9639414642201077,143144.77745680677,1.0049651351725986,0.0529975197566431,0.0529975197566431,0.0,1.0,6441
1304,2.0,1,99,1,1,0,0,0,1,0.020319999999999998,1305.0487207488043,0.9639422084623323,143145.6136693594,1.0049440734652582,0.052527706768943416,0.052527706768943416,0.0,1.0,6441
1305,2.0,1,99,1,1,0,0,0,1,0.020319999999999998,1305.0690407488044,0.9639429526738355,143146.44985587223,1.004923012659841,0.05205789378124373,0.05205789378124373,0.0,1.0,6441
1306,2.0,1,99,1,1,0,0,0,1,0.020319999999999998,1305.0893607488044,0.963943696854619,143147.28601634657,1.004901952756289,0.051588080793544044,0.051588080793544044,0.0,1.0,6441
1307,2.0,1,99,1,1,0,0,0,1,0.020319999999999998,1305.1096807488045,0.9639444410046849,143148.12215078354,1.004880893754544,0.05111826780584436,0.05111826780584436,0.0,1.0,6441
1308,2.0,1,99,1,1,0,0,0,1,0.028447999999999994,1305.1381287488045,0.9639451851240352,143148.066771374,1.004860009675573,0.0504605296230648,0.0504605296230648,0.0,1.0,6441
1309,2.0,1,99,1,1,0,0,0,1,0.020319999999999998,1305.1584487488046,0.9639459292126715,143148.9028624128,1.0048389524735433,0.04999071663536511,0.04999071663536511,0.0,1.0,6441
1310,2.0,1,99,1,1,0,0,0,1,0.020319999999999998,1305.1787687488047,0.963946673270596,143149.73892741778,1.0048178961731469,0.049520903647665426,0.049520903647665426,0.0,1.0,6441
1311,2.0,1,99,1,1,0,0,0,1,0.024383999999999996,1305.2031527488048,0.9639474172978104,143150.12923965763,1.0047969277792501,0.0489571280624258,0.0489571280624258,0.0,1.0,6441
1312,2.0,1,99,1,1,0,0,0,1,0.020319999999999998,1305.2234727488049,0.9639481612943167,143150.96525693484,1.0047758732800847,0.04848731507472612,0.04848731507472612,0.0,1.0,6441
1313,2.0,1,99,1,1,0,0,0,1,0.020319999999999998,1305.243792748805,0.9639489052601168,143151.80124818187,1.0047548196823792,0.04801750208702643,0.04801750208702643,0.0,1.0,6441
1314,2.0,1,99,1,1,0,0,0,1,0.024383999999999996,1305.268176748805,0.9639496491952125,143152.191502451,1.004733853985412,0.04745372650178681,0.04745372650178681,0.0,1.0,6441
1315,2.0,1,99,1,1,0,0,0,1,0.020319999999999998,1305.288496748805,0.9639503930996058,143153.02744597718,1.0047128021885905,0.04698391351408712,0.04698391351408712,0.0,1.0,6441
1316,2.0,1,99,1,1,0,0,0,1,0.020319999999999998,1305.3088167488052,0.9639511369732987,143153.8633634768,1.0046917512930553,0.046514100526387436,0.046514100526387436,0.0,1.0,6441
1317,2.0,1,99,1,1,0,0,0,1,0.020319999999999998,1305.3291367488052,0.9639518808162928,143154.69925495097,1.0046707012987486,0.04604428753868775,0.04604428753868775,0.0,1.0,6441
1318,2.0,1,99,1,1,0,0,0,1,0.028447999999999994,1305.3575847488053,0.9639526246285903,143154.64374151523,1.004649826189387,0.04538654935590819,0.04538654935590819,0.0,1.0,6441
1319,2.0,1,99,1,1,0,0,0,1,0.020319999999999998,1305.3779047488053,0.963953368410193,143155.47958961347,1.0046287779936396,0.044916736368208504,0.044916736368208504,0.0,1.0,6441
1320,2.0,1,99,1,1,0,0,0,1,0.020319999999999998,1305.3982247488054,0.9639541121611026,143156.31541168987,1.0046077306989472,0.04444692338050882,0.04444692338050882,0.0,1.0,6441
1321,2.0,1,99,1,1,0,0,0,1,0.024383999999999996,1305.4226087488055,0.9639548558813213,143156.70553547167,1.0045867712915535,0.043883147795269195,0.043883147795269195,0.0,1.0,6441
1322,2.0,1,99,1,1,0,0,0,1,0.020319999999999998,1305.4429287488056,0.9639555995708509,143157.54130984333,1.0045657257969358,0.04341333480756951,0.04341333480756951,0.0,1.0,6441
1323,2.0,1,99,1,1,0,0,0,1,0.024383999999999996,1305.4673127488056,0.9639563432296933,143157.9313973681,1.0045447681857775,0.042849559222329886,0.042849559222329886,0.0,1.0,6441
1324,2.0,1,99,1,1,0,0,0,1,0.020319999999999998,1305.4876327488057,0.9639570868578502,143158.7671240396,1.0045237244910035,0.0423797462346302,0.0423797462346302,0.0,1.0,6441
1325,2.0,1,99,1,1,0,0,0,1,0.020319999999999998,1305.5079527488058,0.9639578304553238,143159.6028246952,1.0045026816969955,0.041909933246930514,0.041909933246930514,0.0,1.0,6441
1326,2.0,1,99,1,1,0,0,0,1,0.020319999999999998,1305.5282727488059,0.9639585740221158,143160.43849933616,1.0044816398036955,0.04144012025923083,0.04144012025923083,0.0,1.0,6441
1327,2.0,1,99,1,1,0,0,0,1,0.020319999999999998,1305.548592748806,0.9639593175582283,143161.27414796368,1.004460598811046,0.04097030727153114,0.04097030727153114,0.0,1.0,6441
1328,2.0,1,99,1,1,0,0,0,1,0.020319999999999998,1305.568912748806,0.9639600610636629,143162.10977057897,1.004439558718989,0.040500494283831456,0.040500494283831456,0.0,1.0,6441
1329,2.0,1,99,1,1,0,0,0,1,0.020319999999999998,1305.5892327488061,0.9639608045384218,143162.94536718322,1.0044185195274666,0.04003068129613177,0.04003068129613177,0.0,1.0,6441
1330,2.0,1,99,1,1,0,0,0,1,0.020319999999999998,1305.6095527488062,0.9639615479825068,143163.7809377777,1.004397481236421,0.039560868308432084,0.039560868308432084,0.0,1.0,6441
1331,2.0,1,99,1,1,0,0,0,1,0.020319999999999998,1305.6298727488063,0.9639622913959197,143164.61648236358,1.0043764438457945,0.0390910553207324,0.0390910553207324,0.0,1.0,6441
1332,2.0,1,99,1,1,0,0,0,1,0.024383999999999996,1305.6542567488063,0.9639630347786625,143165.0063819017,1.0043554943213548,0.038527279735492775,0.038527279735492775,0.0,1.0,6441
1333,2.0,1,99,1,1,0,0,0,1,0.024383999999999996,1305.6786407488064,0.963963778130737,143165.39626687684,1.004334545693497,0.03796350415025315,0.03796350415025315,0.0,1.0,6441
1334,2.0,1,99,1,1,0,0,0,1,0.024383999999999996,1305.7030247488065,0.9639645214521452,143165.78613728978,1.004313597962163,0.03739972856501353,0.03739972856501353,0.0,1.0,6441
1335,2.0,1,99,1,1,0,0,0,1,0.020319999999999998,1305.7233447488065,0.963965264742889,143166.6215908566,1.0042925641670521,0.03692991557731384,0.03692991557731384,0.0,1.0,6441
1336,2.0,1,99,1,1,0,0,0,1,0.020319999999999998,1305.7436647488066,0.9639660080029702,143167.45701842077,1.0042715312720718,0.03646010258961416,0.03646010258961416,0.0,1.0,6441
1337,2.0,1,99,1,1,0,0,0,1,0.028447999999999994,1305.7721127488066,0.9639667512323907,143167.4012446632,1.0042506731902074,0.0358023644068346,0.0358023644068346,0.0,1.0,6441
1338,2.0,1,99,1,1,0,0,0,1,0.020319999999999998,1305.7924327488067,0.9639674944311526,143168.23662889376,1.0042296420915935,0.03533255141913491,0.03533255141913491,0.0,1.0,6441
1339,2.0,1,99,1,1,0,0,0,1,0.024383999999999996,1305.8168167488068,0.9639682375992575,143168.62641229332,1.004208698845737,0.03476877583389529,0.03476877583389529,0.0,1.0,6441
1340,2.0,1,99,1,1,0,0,0,1,0.020319999999999998,1305.8371367488069,0.9639689807367074,143169.46174886063,1.004187669545119,0.0342989628461956,0.0342989628461956,0.0,1.0,6441
1341,2.0,1,99,1,1,0,0,0,1,0.020319999999999998,1305.857456748807,0.9639697238435044,143170.29705943118,1.0041666411443428,0.033829149858495916,0.033829149858495916,0.0,1.0,6441
1342,2.0,1,99,1,1,0,0,0,1,0.024383999999999996,1305.881840748807,0.9639704669196503,143170.68678494892,1.0041457005905703,0.03326537427325629,0.03326537427325629,0.0,1.0,6441
1343,2.0,1,99,1,1,0,0,0,1,0.020319999999999998,1305.902160748807,0.9639712099651467,143171.52204786317,1.0041246739874439,0.03279556128555661,0.03279556128555661,0.0,1.0,6441
1344,2.0,1,99,1,1,0,0,0,1,0.024383999999999996,1305.9265447488071,0.9639719529799958,143171.91173716725,1.0041037352274857,0.032231785700316984,0.032231785700316984,0.0,1.0,6441
1345,2.0,1,99,1,1,0,0,0,1,0.020319999999999998,1305.9468647488072,0.9639726959641995,143172.74695242976,1.0040827104217787,0.0317619727126173,0.0317619727126173,0.0,1.0,6441
1346,2.0,1,99,1,1,0,0,0,1,0.020319999999999998,1305.9671847488073,0.9639734389177597,143173.58214170148,1.0040616865156249,0.03129215972491761,0.03129215972491761,0.0,1.0,6441
1347,2.0,1,99,1,1,0,0,0,1,0.020319999999999998,1305.9875047488074,0.9639741818406781,143174.4173049836,1.0040406635089663,0.03082234673721791,0.03082234673721791,0.0,1.0,6441
1348,2.0,1,99,1,1,0,0,0,1,0.020319999999999998,1306.0078247488075,0.9639749247329567,143175.25244227733,1.0040196414017455,0.030352533749518205,0.030352533749518205,0.0,1.0,6441
1349,2.0,1,99,1,1,0,0,0,1,0.024383999999999996,1306.0322087488075,0.9639756675945974,143175.6420304062,1.0039987071281051,0.02978875816427856,0.02978875816427856,0.0,1.0,6441
1350,2.0,1,99,1,1,0,0,0,1,0.020319999999999998,1306.0525287488076,0.9639764104256021,143176.4771200599,1.003977686817727,0.029318945176578858,0.029318945176578858,0.0,1.0,6441
1351,2.0,1,99,1,1,0,0,0,1,0.020319999999999998,1306.0728487488077,0.9639771532259728,143177.31218372876,1.0039566674066136,0.028849132188879155,0.028849132188879155,0.0,1.0,6441
1352,2.0,1,99,1,1,0,0,0,1,0.028447999999999994,1306.1012967488077,0.9639778959957112,143177.25620937426,1.0039358227519506,0.02819139400609957,0.02819139400609957,0.0,1.0,6441
1353,2.0,1,99,1,1,0,0,0,1,0.020319999999999998,1306.1216167488078,0.9639786387348193,143178.09122974283,1.0039148051354745,0.027721581018399867,0.027721581018399867,0.0,1.0,6441
1354,2.0,1,99,1,1,0,0,0,1,0.020319999999999998,1306.141936748808,0.963979381443299,143178.92622413012,1.00389378841809,0.027251768030700164,0.027251768030700164,0.0,1.0,6441
1355,2.0,1,99,1,1,0,0,0,1,0.024383999999999996,1306.166320748808,0.9639801241211522,143179.31570367407,1.0038728595227835,0.02668799244546052,0.02668799244546052,0.0,1.0,6441
1356,2.0,1,99,1,1,0,0,0,1,0.024383999999999996,1306.190704748808,0.9639808667683807,143179.70516867642,1.0038519315227352,0.026124216860220876,0.026124216860220876,0.0,1.0,6441
1357,2.0,1,99,1,1,0,0,0,1,0.020319999999999998,1306.211024748808,0.9639816093849864,143180.5400937921,1.0038309174985616,0.025654403872521173,0.025654403872521173,0.0,1.0,6441
1358,2.0,1,99,1,1,0,0,0,1,0.020319999999999998,1306.2313447488082,0.9639823519709715,143181.3749929313,1.003809904373249,0.02518459088482147,0.02518459088482147,0.0,1.0,6441
1359,2.0,1,99,1,1,0,0,0,1,0.020319999999999998,1306.2516647488083,0.9639830945263375,143182.20986609513,1.00378889214674,0.024714777897121766,0.024714777897121766,0.0,1.0,6441
1360,2.0,1,99,1,1,0,0,0,1,0.024383999999999996,1306.2760487488083,0.9639838370510865,143182.59925162746,1.0037679677327258,0.024151002311882122,0.024151002311882122,0.0,1.0,6441
1361,2.0,1,99,1,1,0,0,0,1,0.020319999999999998,1306.2963687488084,0.9639845795452203,143183.43407717647,1.0037469573017919,0.02368118932418242,0.02368118932418242,0.0,1.0,6441
1362,2.0,1,99,1,1,0,0,0,1,0.020319999999999998,1306.3166887488085,0.9639853220087409,143184.26887675372,1.0037259477694884,0.023211376336482716,0.023211376336482716,0.0,1.0,6441
1363,2.0,1,99,1,1,0,0,0,1,0.024383999999999996,1306.3410727488085,0.96398606444165,143184.6582044709,1.003705026043931,0.02264760075124307,0.02264760075124307,0.0,1.0,6441
1364,2.0,1,99,1,1,0,0,0,1,0.020319999999999998,1306.3613927488086,0.9639868068439497,143185.49295644026,1.0036840183068572,0.02217778776354337,0.02217778776354337,0.0,1.0,6441
1365,2.0,1,99,1,1,0,0,0,1,0.020319999999999998,1306.3817127488087,0.9639875492156418,143186.32768244142,1.003663011468241,0.021707974775843665,0.021707974775843665,0.0,1.0,6441
1366,2.0,1,99,1,1,0,0,0,1,0.024383999999999996,1306.4060967488087,0.9639882915567283,143186.71695235302,1.003642092430623,0.02114419919060402,0.02114419919060402,0.0,1.0,6441
1367,2.0,1,99,1,1,0,0,0,1,0.020319999999999998,1306.4264167488088,0.9639890338672108,143187.55163075324,1.003621087386891,0.020674386202904318,0.020674386202904318,0.0,1.0,6441
1368,2.0,1,99,1,1,0,0,0,1,0.020319999999999998,1306.446736748809,0.9639897761470916,143188.38628318885,1.0036000832414438,0.020204573215204615,0.020204573215204615,0.0,1.0,6441
1369,2.0,1,99,1,1,0,0,0,1,0.028447999999999994,1306.475184748809,0.9639905183963723,143188.33008371884,1.003579253788271,0.01954683503242503,0.01954683503242503,0.0,1.0,6441
1370,2.0,1,99,1,1,0,0,0,1,0.020319999999999998,1306.495504748809,0.9639912606150548,143189.1646928918,1.0035582514355048,0.019077022044725327,0.019077022044725327,0.0,1.0,6441
1371,2.0,1,99,1,1,0,0,0,1,0.020319999999999998,1306.515824748809,0.9639920028031411,143189.99927610368,1.0035372499808506,0.018607209057025623,0.018607209057025623,0.0,1.0,6441
1372,2.0,1,99,1,1,0,0,0,1,0.024383999999999996,1306.5402087488092,0.9639927449606331,143190.38843753497,1.003516336315701,0.01804343347178598,0.01804343347178598,0.0,1.0,6441
1373,2.0,1,99,1,1,0,0,0,1,0.020319999999999998,1306.5605287488092,0.9639934870875327,143191.22297315957,1.0034953366552404,0.017573620484086276,0.017573620484086276,0.0,1.0,6441
1374,2.0,1,99,1,1,0,0,0,1,0.024383999999999996,1306.5849127488093,0.9639942291838417,143191.61209843878,1.003474424780454,0.017009844898846632,0.017009844898846632,0.0,1.0,6441
1375,2.0,1,99,1,1,0,0,0,1,0.020319999999999998,1306.6052327488094,0.963994971249562,143192.44658648066,1.003453426913957,0.01654003191114693,0.01654003191114693,0.0,1.0,6441
1376,2.0,1,99,1,1,0,0,0,1,0.020319999999999998,1306.6255527488095,0.9639957132846956,143193.28104856738,1.0034324299452846,0.016070218923447226,0.016070218923447226,0.0,1.0,6441
1377,2.0,1,99,1,1,0,0,0,1,0.020319999999999998,1306.6458727488096,0.9639964552892443,143194.11548470028,1.003411433874379,0.015600405935747524,0.015600405935747524,0.0,1.0,6441
1378,2.0,1,99,1,1,0,0,0,1,0.024383999999999996,1306.6702567488096,0.96399719726321,143194.50453058648,1.0033905255814868,0.01503663035050789,0.01503663035050789,0.0,1.0,6441
1379,2.0,1,99,1,1,0,0,0,1,0.020319999999999998,1306.6905767488097,0.9639979392065945,143195.33891914587,1.0033695313040845,0.014566817362808196,0.014566817362808196,0.0,1.0,6441
1380,2.0,1,99,1,1,0,0,0,1,0.024383999999999996,1306.7149607488097,0.9639986811193999,143195.7279288925,1.0033486248008663,0.014003041777568562,0.014003041777568562,0.0,1.0,6441
1381,2.0,1,99,1,1,0,0,0,1,0.020319999999999998,1306.7352807488098,0.963999423001628,143196.562269883,1.0033276323167377,0.013533228789868868,0.013533228789868868,0.0,1.0,6441
1382,2.0,1,99,1,1,0,0,0,1,0.020319999999999998,1306.75560074881,0.9640001648532806,143197.39658492556,1.0033066407300881,0.013063415802169173,0.013063415802169173,0.0,1.0,6441
1383,2.0,1,99,1,1,0,0,0,1,0.020319999999999998,1306.77592074881,0.9640009066743597,143198.23087402142,1.0032856500408598,0.012593602814469479,0.012593602814469479,0.0,1.0,6441
1384,2.0,1,99,1,1,0,0,0,1,0.020319999999999998,1306.79624074881,0.9640016484648671,143199.06513717174,1.0032646602489956,0.012123789826769784,0.012123789826769784,0.0,1.0,6441
1385,2.0,1,99,1,1,0,0,0,1,0.028447999999999994,1306.82468874881,0.9640023902248047,143199.0087202662,1.0032438450890482,0.011466051643990212,0.011466051643990212,0.0,1.0,6441
1386,2.0,1,99,1,1,0,0,0,1,0.020319999999999998,1306.8450087488102,0.9640031319541745,143199.84294018935,1.003222857088026,0.010996238656290517,0.010996238656290517,0.0,1.0,6441
1387,2.0,1,99,1,1,0,0,0,1,0.024383999999999996,1306.8693927488102,0.9640038736529783,143200.2318199294,1.0032019568477868,0.010432463071050883,0.010432463071050883,0.0,1.0,6441
1388,2.0,1,99,1,1,0,0,0,1,0.020319999999999998,1306.8897127488103,0.9640046153212181,143201.0659922997,1.0031809706392334,0.009962650083351189,0.009962650083351189,0.0,1.0,6441
1389,2.0,1,99,1,1,0,0,0,1,0.020319999999999998,1306.9100327488104,0.9640053569588957,143201.9001387304,1.0031599853277564,0.009492837095651494,0.009492837095651494,0.0,1.0,6441
1390,2.0,1,99,1,1,0,0,0,1,0.020319999999999998,1306.9303527488105,0.9640060985660128,143202.73425922263,1.0031390009132986,0.0090230241079518,0.0090230241079518,0.0,1.0,6441
1391,2.0,1,99,1,1,0,0,0,1,0.024383999999999996,1306.9547367488105,0.9640068401425717,143203.1230596252,1.0031181042519681,0.008459248522712166,0.008459248522712166,0.0,1.0,6441
1392,2.0,1,99,1,1,0,0,0,1,0.020319999999999998,1306.9750567488106,0.9640075816885739,143203.95713257388,1.0030971216295195,0.007989435535012471,0.007989435535012471,0.0,1.0,6441
1393,2.0,1,99,1,1,0,0,0,1,0.020319999999999998,1306.9953767488107,0.9640083232040215,143204.79117958772,1.0030761399039176,0.007519622547312773,0.007519622547312773,0.0,1.0,6441
1394,2.0,1,99,1,1,0,0,0,1,0.020319999999999998,1307.0156967488108,0.9640090646889163,143205.62520066788,1.0030551590751047,0.007049809559613074,0.007049809559613074,0.0,1.0,6441
1395,2.0,1,99,1,1,0,0,0,1,0.024383999999999996,1307.0400807488109,0.9640098061432604,143206.01392175042,1.0030342659917646,0.006486033974373436,0.006486033974373436,0.0,1.0,6441
1396,2.0,1,99,1,1,0,0,0,1,0.020319999999999998,1307.060400748811,0.9640105475670553,143206.8478952963,1.0030132869545014,0.006016220986673737,0.006016220986673737,0.0,1.0,6441
1397,2.0,1,99,1,1,0,0,0,1,0.028447999999999994,1307.088848748811,0.9640112889603032,143206.79132040546,1.0029924825039138,0.005358482803894158,0.005358482803894158,0.0,1.0,6441
1398,2.0,1,99,1,1,0,0,0,1,0.020319999999999998,1307.109168748811,0.964012030323006,143207.62525075072,1.002971505256115,0.004888669816194459,0.004888669816194459,0.0,1.0,6441
1399,2.0,1,99,1,1,0,0,0,1,0.024383999999999996,1307.133552748811,0.9640127716551653,143208.01390672606,1.002950615746136,0.0043248942309548205,0.0043248942309548205,0.0,1.0,6441
1400,2.0,1,99,1,1,0,0,0,1,0.020319999999999998,1307.1538727488112,0.9640135129567833,143208.84778954595,1.0029296402894279,0.0038550812432551216,0.0038550812432551216,0.0,1.0,6441
1401,2.0,1,99,1,1,0,0,0,1,0.020319999999999998,1307.1741927488113,0.9640142542278617,143209.6816464404,1.0029086657291066,0.0033852682555554226,0.0033852682555554226,0.0,1.0,6441
1402,2.0,1,99,1,1,0,0,0,1,0.020319999999999998,1307.1945127488113,0.9640149954684024,143210.51547741072,1.002887692065115,0.0029154552678557237,0.0029154552678557237,0.0,1.0,6441
1403,2.0,1,99,1,1,0,0,0,1,0.020319999999999998,1307.2148327488114,0.9640157366784073,143211.34928245805,1.0028667192973957,0.0024456422801560247,0.0024456422801560247,0.0,1.0,6441
1404,2.0,1,99,1,1,0,0,0,1,0.020319999999999998,1307.2351527488115,0.9640164778578785,143212.1830615836,1.002845747425891,0.0019758292924563258,0.0019758292924563258,0.0,1.0,6441
1405,2.0,1,99,1,1,0,0,0,1,0.020319999999999998,1307.2554727488116,0.9640172190068176,143213.01681478863,1.0028247764505434,0.0015060163047566268,0.0015060163047566268,0.0,1.0,6441
1406,2.0,1,99,1,1,0,0,0,1,0.024383999999999996,1307.2798567488117,0.9640179601252266,143213.4053267016,1.002803893199626,0.0009422407195169882,0.0009422407195169882,0.0,1.0,6441
1407,2.0,1,99,1,1,0,0,0,1,0.03251199999999999,1307.3123687488117,0.9640187012131073,143212.9034158732,1.0027831844939912,0.00019053993919747073,0.00019053993919747073,0.0,1.0,6441
1408,2.0,0,100,1,0,0,1,0,1,0.008241090957169147,1307.3206098397688,0.9639988466449726,143212.0006300115,1.0027831844939912,0.0,0.0,0.0,0.0,6441
