round,lambda_energy,alive_nodes,dead_nodes,generated_round,delivered_round,channel_drops_round,energy_drops_round,route_drops_round,fallback_direct_round,round_airtime_s,elapsed_channel_time_s,pdr,goodput_bps,average_delay_s,residual_energy_j,mean_alive_energy_j,std_alive_energy_j,jain_energy_fairness,route_changes_total
1,0.5,100,0,100,100,0,0,0,0,2.5034239999999945,2.5034239999999945,1.0,159781.16371817194,1.3304428345455868,49.86179939821649,0.4986179939821649,0.0023675415023194668,0.9999774550375629,0
2,0.5,100,0,100,100,0,0,0,0,2.499359999999995,5.0027839999999895,1.0,159910.96157659448,1.32085179246719,49.733842773635175,0.49733842773635173,0.003258372110963589,0.9999570781250916,23
3,0.5,100,0,100,100,0,0,0,0,2.4993599999999945,7.5021439999999835,1.0,159954.2744047572,1.3192126454277384,49.60317266369839,0.49603172663698386,0.0042834939814445205,0.9999254332823279,45
4,0.5,100,0,100,100,0,0,0,0,2.4993599999999945,10.001503999999978,1.0,159975.9396186817,1.3144814715887105,49.47193182849351,0.4947193182849351,0.005431758390160387,0.9998794656588682,68
5,0.5,100,0,100,100,0,0,0,0,2.4993599999999945,12.500863999999972,1.0,159988.94156435944,1.312577487335095,49.34497729773705,0.4934497729773705,0.0064582692684382985,0.999828733665341,89
6,0.5,100,0,100,100,0,0,0,0,2.4993599999999945,15.000223999999966,1.0,159997.6107023472,1.3087004312224964,49.21713385604858,0.4921713385604858,0.0075760618144087135,0.9997631074038682,108
7,0.5,100,0,100,100,0,0,0,0,2.4993599999999945,17.49958399999996,1.0,160003.80351898688,1.3065987624927946,49.09076154033255,0.4909076154033255,0.008647448784715624,0.9996898000528923,128
8,0.5,100,0,100,100,0,0,0,0,2.4993599999999945,19.998943999999955,1.0,160008.4484460783,1.3056067110593261,48.96228237576721,0.4896228237576721,0.009814415822976385,0.9995983653829658,146
9,0.5,100,0,100,100,0,0,0,0,2.499359999999994,22.498303999999948,1.0,160012.06135360285,1.303096626485142,48.834921039387474,0.48834921039387474,0.010948286189956202,0.999497642284114,165
10,0.5,100,0,100,100,0,0,0,0,2.503423999999994,25.001727999999943,1.0,159988.94156435944,1.3018851028866194,48.70721067293221,0.4870721067293221,0.012086072213364208,0.999384658042383,187
11,0.5,100,0,100,100,0,0,0,0,2.499359999999994,27.50108799999994,1.0,159993.67006861727,1.2991721980861795,48.577374705565745,0.48577374705565746,0.013311197736813921,0.9992496909033385,207
12,0.5,100,0,100,100,0,0,0,0,2.499359999999994,30.000447999999935,1.0,159997.61070234718,1.2973009107572508,48.45116685821995,0.4845116685821995,0.014390394081598945,0.9991186387466278,228
13,0.5,100,0,100,100,0,0,0,0,2.499359999999994,32.49980799999993,1.0,160000.94523635373,1.296077021559228,48.32199848355817,0.4832199848355817,0.015593703088437499,0.9989597045067038,250
14,0.5,100,0,100,100,0,0,0,0,2.503423999999994,35.003231999999926,1.0,159985.22650708404,1.2956114478559184,48.19461242460217,0.4819461242460217,0.016718273332367157,0.9987981131823194,271
15,0.5,100,0,100,100,0,0,0,0,2.4993599999999936,37.50259199999992,1.0,159988.9415643594,1.2952865214052185,48.06670272183936,0.4806670272183936,0.017864019618880088,0.9986206634024057,293
16,0.5,100,0,100,100,0,0,0,0,2.4993599999999936,40.00195199999992,1.0,159992.19238101214,1.2952943107410062,47.94005996485185,0.4794005996485185,0.018887669388013548,0.9984501631213076,310
17,0.5,100,0,100,100,0,0,0,0,2.5074879999999937,42.50943999999991,1.0,159964.46906851782,1.2944859930237613,47.81296624876846,0.4781296624876846,0.019999249123976538,0.9982534668521365,329
18,0.5,100,0,100,100,0,0,0,0,2.4993599999999936,45.00879999999991,1.0,159968.71722863117,1.2927989017231682,47.68746359952798,0.4768746359952798,0.020965876211361412,0.9980707925358155,351
19,0.5,100,0,100,100,0,0,0,0,2.5034239999999937,47.512223999999904,1.0,159958.83501475357,1.291727883325018,47.557823915742375,0.47557823915742375,0.022147382914230452,0.9978359861199844,373
20,0.5,100,0,100,100,0,0,0,0,2.4993599999999936,50.0115839999999,1.0,159962.93978611068,1.2908147666112109,47.43187538797151,0.4743187538797151,0.02310458580879631,0.9976328459525433,393
21,0.5,100,0,100,100,0,0,0,0,2.5034239999999937,52.515007999999895,1.0,159954.27440475713,1.2903737258110743,47.30594639284822,0.4730594639284822,0.024091659261061774,0.9974131155613651,413
22,0.5,100,0,100,100,0,0,0,0,2.4993599999999936,55.01436799999989,1.0,159958.2130980768,1.2900300450967523,47.1801124758602,0.471801124758602,0.02518819280159996,0.9971578957339045,433
23,0.5,100,0,100,100,0,0,0,0,2.4993599999999936,57.51372799999989,1.0,159961.80946573344,1.289919449687053,47.05211595736368,0.4705211595736368,0.02634675094843023,0.9968743794800318,451
24,0.5,100,0,100,100,0,0,0,0,2.499359999999994,60.01308799999988,1.0,159965.10627815084,1.2900128038786411,46.92617626339179,0.4692617626339179,0.027318597389918223,0.9966223311050972,473
25,0.5,100,0,100,100,0,0,0,0,2.503423999999994,62.51651199999988,1.0,159957.74044463676,1.2894907153411268,46.80031795392629,0.4680031795392629,0.028309528688308654,0.9963542954659191,494
26,0.5,100,0,100,100,0,0,0,0,2.499359999999994,65.01587199999987,1.0,159960.93999939,1.2891713474217743,46.67465249168875,0.46674652491688745,0.02929147668968723,0.9960770454301823,511
27,0.5,100,0,100,100,0,0,0,0,2.499359999999994,67.51523199999987,1.0,159963.90266421688,1.2890487327276634,46.548462215478665,0.46548462215478664,0.030389351902027475,0.9957559050573275,532
28,0.5,100,0,100,100,0,0,0,0,2.511551999999994,70.02678399999986,1.0,159938.80284435197,1.2892687047664082,46.42204057900916,0.4642204057900916,0.03139685598574714,0.9954465370394852,554
29,0.5,100,0,100,100,0,0,0,0,2.4993599999999936,72.52614399999986,1.0,159942.32369502538,1.289473506329437,46.29628778813049,0.4629628778813049,0.03238786773367109,0.9951297407276748,576
30,0.5,100,0,100,100,0,0,0,0,2.499359999999994,75.02550399999986,1.0,159945.60996218064,1.2898204411407905,46.16952829629655,0.46169528296296547,0.03345312091473988,0.9947773814422857,596
31,0.5,100,0,100,100,0,0,0,0,2.503423999999994,77.52892799999985,1.0,159940.2999613257,1.2896717336765753,46.043784844367295,0.46043784844367297,0.03445926367601106,0.9944301405825398,618
32,0.5,100,0,100,100,0,0,0,0,2.499359999999994,80.02828799999985,1.0,159943.44399820254,1.2890128904316822,45.917486596324245,0.4591748659632425,0.035551016028092866,0.9940412900929242,639
33,0.5,100,0,100,100,0,0,0,0,2.507487999999994,82.53577599999984,1.0,159930.64631754387,1.2886082607154725,45.79064548977842,0.4579064548977842,0.03657367239771962,0.9936609840095996,660
34,0.5,100,0,100,100,0,0,0,0,2.4993599999999936,85.03513599999984,1.0,159933.88897502352,1.2882943692110032,45.664875281687614,0.4566487528168761,0.03758891447208677,0.9932698880909883,681
35,0.5,100,0,100,100,0,0,0,0,2.5074879999999937,87.54262399999983,1.0,159922.0969204673,1.2875827252476257,45.53645765334679,0.45536457653346785,0.038731999383197845,0.9928172514834757,702
36,0.5,100,0,100,100,0,0,0,0,2.4993599999999936,90.04198399999983,1.0,159925.39657944484,1.287009959245589,45.41153819069676,0.4541153819069676,0.0397320072097151,0.9924030949940533,723
37,0.5,100,0,100,100,0,0,0,0,2.503423999999994,92.54540799999982,1.0,159921.4949703396,1.286603254129193,45.28514246865294,0.45285142468652945,0.040769153566742815,0.9919601831930932,743
38,0.5,100,0,100,100,0,0,0,0,2.499359999999994,95.04476799999982,1.0,159924.63677748185,1.2857976513923604,45.15903440741205,0.4515903440741205,0.041848671895536885,0.9914854750685016,765
39,0.5,100,0,100,100,0,0,0,0,2.499359999999994,97.54412799999982,1.0,159927.61758042502,1.2851531975468726,45.03180465782979,0.4503180465782979,0.04285145953973348,0.9910261737046063,788
40,0.5,100,0,100,100,0,0,0,0,2.5115519999999942,100.05567999999981,1.0,159910.96157659445,1.2848701503582678,44.905587443896174,0.4490558744389617,0.04386943610231306,0.9905463797045578,810
41,0.5,100,0,100,100,0,0,0,0,2.503423999999994,102.5591039999998,1.0,159907.79326621292,1.2841072830391524,44.779949947082876,0.44779949947082875,0.04489593198855003,0.9900481665521821,826
42,0.5,100,0,100,100,0,0,0,0,2.507487999999994,105.0665919999998,1.0,159898.590790877,1.2834339617673922,44.65215527104915,0.44652155271049154,0.04592712984056377,0.9895315256414239,848
43,0.5,100,0,100,100,0,0,0,0,2.499359999999994,107.5659519999998,1.0,159901.89906932664,1.2828666219754474,44.52532080919059,0.4452532080919059,0.047024312461030254,0.9889690354606152,870
44,0.5,100,0,100,100,0,0,0,0,2.503423999999994,110.06937599999979,1.0,159899.15305779543,1.2819842485209323,44.39957530750125,0.4439957530750125,0.04804871989295397,0.9884242430310941,892
45,0.5,100,0,100,100,0,0,0,0,2.507487999999994,112.57686399999979,1.0,159890.75694984748,1.2813397760900742,44.27340393524979,0.4427340393524979,0.049089576025663634,0.9878553199467384,910
46,0.5,100,0,100,100,0,0,0,0,2.507487999999994,115.08435199999978,1.0,159882.72671509706,1.2808090216016952,44.14703201605093,0.4414703201605093,0.050132075115525684,0.9872689617159246,930
47,0.5,100,0,100,100,0,0,0,0,2.499359999999994,117.58371199999978,1.0,159886.0903455747,1.2798788881586873,44.019800239505074,0.44019800239505075,0.051166614479273065,0.9866694244770152,950
48,0.5,100,0,100,100,0,0,0,0,2.507487999999994,120.09119999999977,1.0,159878.49234581747,1.2791576902812267,43.89351878840395,0.4389351878840395,0.052206519916631625,0.9860508417826117,971
49,0.5,100,0,100,100,0,0,0,0,2.499359999999994,122.59055999999977,1.0,159881.8049285364,1.2784899812921342,43.76766796566413,0.4376766796566413,0.05328450144265131,0.985394874337076,992
50,0.5,100,0,100,100,0,0,0,0,2.4993599999999945,125.08991999999976,1.0,159884.9851370921,1.2779424526588554,43.64131989431888,0.4364131989431888,0.054325879612223,0.9847405250493831,1012
51,0.5,100,0,100,100,0,0,0,0,2.5034239999999945,127.59334399999976,1.0,159882.94812619724,1.2771390875212614,43.512907589844836,0.43512907589844835,0.05545759150891481,0.9840159098432765,1034
52,0.5,100,0,100,100,0,0,0,0,2.5034239999999945,130.09676799999974,1.0,159880.98951082354,1.2764463379674977,43.385368203682965,0.43385368203682967,0.05650850807744249,0.9833184917788609,1056
53,0.5,100,0,100,100,0,0,0,0,2.4993599999999945,132.59612799999974,1.0,159884.00505933358,1.2754661117662225,43.260027043128474,0.43260027043128474,0.0575369528924918,0.9826177989043993,1075
54,0.5,100,0,100,100,0,0,0,0,2.503423999999995,135.09955199999973,1.0,159882.09938697683,1.2742512569127071,43.1340484830013,0.431340484830013,0.058573982299089736,0.9818935435952532,1095
55,0.5,100,0,100,100,0,0,0,0,2.499359999999995,137.59891199999973,1.0,159884.9851370921,1.273147080419535,43.008239758154645,0.4300823975815464,0.059641913059964885,0.9811319417094896,1115
56,0.5,100,0,100,100,0,0,0,0,2.503423999999995,140.10233599999972,1.0,159883.1300000597,1.2721890188029237,42.882346275123496,0.42882346275123495,0.060682882111387094,0.9803680043707329,1136
57,0.5,100,0,100,100,0,0,0,0,2.503423999999995,142.60575999999972,1.0,159881.33999636513,1.2713351586573556,42.756651759141555,0.42756651759141556,0.06171724797477294,0.979589674719198,1157
58,0.5,100,0,100,100,0,0,0,0,2.499359999999995,145.10511999999972,1.0,159884.08954832226,1.2705801102403445,42.6296021913398,0.426296021913398,0.0627584406073348,0.9787866257277856,1177
59,0.5,100,0,100,100,0,0,0,0,2.499359999999995,147.6044799999997,1.0,159886.74598494603,1.269929870264292,42.50080301127321,0.42500803011273214,0.06389900564573917,0.9778952172629668,1200
60,0.5,100,0,100,100,0,0,0,0,2.503423999999995,150.1079039999997,1.0,159884.9851370921,1.2693920675920431,42.375211033942726,0.4237521103394273,0.06492800876266602,0.9770616390500475,1219
61,0.5,100,0,100,100,0,0,0,0,2.499359999999995,152.6072639999997,1.0,159887.53982248215,1.2689358558197177,42.24981607666928,0.42249816076669283,0.06596816287227582,0.976201017481607,1240
62,0.5,100,0,100,100,0,0,0,0,2.499359999999995,155.1066239999997,1.0,159890.0121763984,1.2685697412039387,42.12261418372027,0.42122614183720275,0.06706007907311774,0.9752812022816627,1263
63,0.5,100,0,100,100,0,0,0,0,2.5115519999999947,157.6181759999997,1.0,159880.03820067077,1.2684107083299099,41.99454348341176,0.4199454348341176,0.06812528560634552,0.9743581379235339,1286
64,0.5,100,0,100,100,0,0,0,0,2.5074879999999946,160.1256639999997,1.0,159874.4346190505,1.2682877602275244,41.869086656947175,0.41869086656947174,0.06915381661454048,0.9734443782044354,1305
65,0.5,100,0,100,100,0,0,0,0,2.503423999999995,162.62908799999968,1.0,159872.9988573757,1.268179224063686,41.743646889190686,0.41743646889190683,0.07019553617866865,0.9725002998050196,1323
66,0.5,100,0,100,100,0,0,0,0,2.499359999999995,165.12844799999968,1.0,159875.54125137813,1.2678221320248972,41.61829789474034,0.41618297894740336,0.07122857841597115,0.9715421827383518,1345
67,0.5,100,0,100,100,0,0,0,0,2.503423999999995,167.63187199999967,1.0,159874.13181187914,1.2672931227487643,41.491186697755495,0.41491186697755494,0.07231486374008773,0.9705186532637257,1367
68,0.5,100,0,100,100,0,0,0,0,2.503423999999995,170.13529599999967,1.0,159872.76385024807,1.2668143360894117,41.363826651513286,0.41363826651513286,0.07337297694920812,0.9694946318989772,1389
69,0.5,100,0,100,100,0,0,0,0,2.5074879999999946,172.64278399999966,1.0,159867.67219879894,1.2664760592011846,41.234513881201025,0.41234513881201024,0.07450889657075378,0.9683815192574974,1410
70,0.5,100,0,100,100,0,0,0,0,2.5034239999999945,175.14620799999966,1.0,159866.435703821,1.2661985376399885,41.10862310417625,0.4110862310417625,0.07555830723842327,0.9673209682830046,1430
71,0.5,100,0,100,100,0,0,0,0,2.503423999999995,177.64963199999966,1.0,159865.234058014,1.265666104579004,40.9835443886969,0.40983544388696896,0.07658346699491651,0.9662600044909053,1449
72,0.5,100,0,100,100,0,0,0,0,2.503423999999995,180.15305599999965,1.0,159864.0658085759,1.2649204257650597,40.85556071668178,0.40855560716681777,0.07765501764281568,0.9651322810538239,1470
73,0.5,100,0,100,100,0,0,0,0,2.507487999999995,182.66054399999965,1.0,159859.37280467126,1.2643098592422455,40.72927158132098,0.4072927158132098,0.07873079760075309,0.9639799735101986,1493
74,0.5,100,0,100,100,0,0,0,0,2.503423999999995,185.16396799999964,1.0,159858.31541480066,1.2637300734379013,40.60379843309292,0.4060379843309292,0.07976564535222791,0.9628419064087472,1511
75,0.5,100,0,100,100,0,0,0,0,2.503423999999995,187.66739199999964,1.0,159857.28623542687,1.2632394424582676,40.47756070598088,0.40477560705980875,0.08081503288824247,0.9616663594278019,1529
76,0.5,100,0,100,100,0,0,0,0,2.503423999999995,190.17081599999963,1.0,159856.28415245406,1.2628130575514889,40.35185342939626,0.40351853429396256,0.08185869719126133,0.9604735254450354,1551
77,0.5,100,0,100,100,0,0,0,0,2.499359999999995,192.67017599999963,1.0,159858.6799443213,1.26245263798,40.2249802642049,0.402249802642049,0.08291542575482717,0.9592425120746155,1574
78,0.5,100,0,100,100,0,0,0,0,2.507487999999995,195.17766399999962,1.0,159854.3571051248,1.2619461942833503,40.09843048468192,0.4009843048468192,0.08398445242572077,0.9579759737565393,1595
79,0.5,100,0,100,100,0,0,0,0,2.499359999999995,197.67702399999962,1.0,159856.7165802742,1.2614669759984827,39.9725419984916,0.399725419984916,0.08504497168451032,0.9566941215864202,1615
80,0.5,100,0,100,100,0,0,0,0,2.507487999999995,200.18451199999961,1.0,159852.52645319563,1.2611130221736924,39.846674823222344,0.39846674823222344,0.0860880818954221,0.9554046828042416,1637
81,0.5,100,0,100,100,0,0,0,0,2.507487999999995,202.6919999999996,1.0,159848.43999763217,1.2608270118894918,39.719852047516724,0.39719852047516724,0.08715594598790015,0.9540636839877686,1659
82,0.5,100,0,100,100,0,0,0,0,2.503423999999995,205.1954239999996,1.0,159847.61921396485,1.2605702799250902,39.59280923594637,0.3959280923594637,0.08821449927672652,0.9527059828699083,1679
83,0.5,100,0,100,100,0,0,0,0,2.4993599999999945,207.6947839999996,1.0,159849.94596686677,1.2603559675266516,39.464018709522705,0.394640187095227,0.08933681780082212,0.9512523073823996,1701
84,0.5,100,0,100,100,0,0,0,0,2.4993599999999945,210.1941439999996,1.0,159852.21738622777,1.2602023958898925,39.339050668628715,0.39339050668628717,0.09036055221712673,0.9498835424801093,1721
85,0.5,100,0,100,100,0,0,0,0,2.5034239999999945,212.6975679999996,1.0,159851.3810933657,1.2601284584107233,39.21280193641487,0.3921280193641487,0.09142222786918892,0.9484462148892268,1741
86,0.5,100,0,100,100,0,0,0,0,2.4993599999999945,215.1969279999996,1.0,159853.58303999613,1.2600897920306038,39.08744702027384,0.3908744702027384,0.09246596426004261,0.9470042407469774,1760
87,0.5,100,0,100,100,0,0,0,0,2.499359999999995,217.69628799999958,1.0,159855.7344257522,1.2601057340801796,38.96108767442088,0.3896108767442088,0.09352509648544473,0.9455167018835692,1783
88,0.5,100,0,100,100,0,0,0,0,2.499359999999995,220.19564799999958,1.0,159857.83697232776,1.2601744228927303,38.83459325080336,0.38834593250803356,0.09458155198387365,0.9440049517792825,1803
89,0.5,100,0,100,100,0,0,0,0,2.499359999999995,222.69500799999958,1.0,159859.8923241246,1.2602940804984035,38.70857378312141,0.3870857378312141,0.09563256524854202,0.9424736913908273,1825
90,0.5,100,0,100,100,0,0,0,0,2.503423999999995,225.19843199999957,1.0,159859.01713560807,1.2604742968168374,38.58288317904148,0.38582883179041483,0.09668120381672164,0.9409191096333739,1845
91,0.5,100,0,100,100,0,0,0,0,2.5074879999999946,227.70591999999957,1.0,159855.30810968846,1.260746569934568,38.45603127794532,0.38456031277945324,0.09775988220970908,0.9392989437142552,1867
92,0.5,100,0,100,100,0,0,0,0,2.5115519999999947,230.21747199999956,1.0,159848.85803975846,1.2611030388487965,38.32841830213632,0.3832841830213632,0.09883611912197583,0.9376508247483916,1888
93,0.5,100,0,100,100,0,0,0,0,2.4993599999999945,232.71683199999956,1.0,159850.92131195767,1.2614085798335797,38.20264813440653,0.3820264813440653,0.09987881896503636,0.9360198962364978,1910
94,0.5,100,0,100,100,0,0,0,0,2.503423999999995,235.22025599999955,1.0,159850.17888935583,1.261791926322558,38.07711922248138,0.3807711922248138,0.10092716176026831,0.9343552521829455,1932
95,0.5,100,0,100,100,0,0,0,0,2.5074879999999946,237.72774399999955,1.0,159846.71944726852,1.2622544714096948,37.95027677481394,0.37950276774813946,0.10200696949093935,0.9326194916064128,1951
96,0.5,100,0,100,100,0,0,0,0,2.503423999999995,240.23116799999954,1.0,159846.03629783823,1.262719233489498,37.82123634811291,0.37821236348112913,0.103127734890785,0.9307955808838667,1972
97,0.5,100,0,100,100,0,0,0,0,2.503423999999995,242.73459199999954,1.0,159845.36723962307,1.263211701073313,37.69619974810328,0.3769619974810328,0.10416342076265436,0.9290618353845398,1993
98,0.5,100,0,100,100,0,0,0,0,2.499359999999995,245.23395199999953,1.0,159847.36077653748,1.2637185852485795,37.5698068106055,0.375698068106055,0.10521865632258183,0.9272699688202823,2015
99,0.5,100,0,100,100,0,0,0,0,2.499359999999995,247.73331199999953,1.0,159849.3140882082,1.2642624374107765,37.442965710169766,0.3744296571016977,0.10628917379841633,0.925427296581438,2038
100,0.5,100,0,100,100,0,0,0,0,2.5034239999999945,250.23673599999952,1.0,159848.6322967387,1.2648563725347532,37.317226543040135,0.37317226543040133,0.1073313241030881,0.9235959669178265,2058
101,0.5,100,0,100,100,0,0,0,0,2.4993599999999945,252.73609599999952,1.0,159850.53436925795,1.2654707366788307,37.191682658485824,0.37191682658485825,0.10838333363437995,0.921723065371316,2076
102,0.5,100,0,100,100,0,0,0,0,2.499359999999995,255.23545599999952,1.0,159852.39919018178,1.2659196583776047,37.065451831050936,0.3706545183105094,0.10943933567376875,0.9198123416227393,2097
103,0.5,100,0,100,100,0,0,0,0,2.4993599999999945,257.7348159999995,1.0,159854.2278432421,1.2664052379156154,36.93654025359392,0.3693654025359392,0.1105602283542995,0.9177719125858499,2118
104,0.5,100,0,100,100,0,0,0,0,2.4993599999999945,260.2341759999995,1.0,159856.021370537,1.2667310332238817,36.81062391017317,0.3681062391017317,0.11160982839479265,0.9158093971339026,2139
105,0.5,100,0,100,100,0,0,0,0,2.5034239999999945,262.7375999999995,1.0,159855.30810968846,1.2671106152905167,36.6839028003338,0.36683902800333795,0.11267780670018826,0.9137873774983596,2160
106,0.5,100,0,100,100,0,0,0,0,2.4993599999999945,265.23695999999944,1.0,159857.05762877123,1.267320092025142,36.557860704610036,0.36557860704610035,0.1137342400603579,0.9117533402355555,2179
107,0.5,100,0,100,100,0,0,0,0,2.5643839999999942,267.80134399999946,1.0,159819.95967876876,1.2679023284503836,36.43288555630056,0.3643288555630056,0.11466075778224535,0.909878978155891,2199
108,0.5,100,0,100,100,0,0,0,0,2.564383999999994,270.3657279999995,1.0,159783.5654672921,1.26852307754299,36.30764999010288,0.3630764999010288,0.11558830661197705,0.9079750794429786,2217
109,0.5,100,0,100,100,0,0,0,0,2.564383999999994,272.9301119999995,1.0,159747.85515788043,1.2689933659142778,36.18306045561436,0.3618306045561436,0.11650413207470428,0.9060642206204453,2236
110,0.5,100,0,100,100,0,0,0,0,2.5603199999999937,275.4904319999995,1.0,159715.16571581,1.2694794875910287,36.05757177702499,0.3605757177702499,0.11743640847626938,0.9040979176369872,2253
111,0.5,100,0,100,100,0,0,0,0,2.5603199999999937,278.0507519999995,1.0,159683.0782892473,1.2698213836586905,35.932948221153715,0.35932948221153715,0.1183596619535534,0.9021216103465498,2271
112,0.5,100,0,100,100,0,0,0,0,2.564383999999994,280.6151359999995,1.0,159649.26425066422,1.2702348258617255,35.80781123183461,0.35807811231834613,0.11929586275560264,0.9000957580271115,2290
113,0.5,100,0,100,100,0,0,0,0,2.564383999999994,283.1795199999995,1.0,159616.0626305182,1.2706877044872695,35.68255372261462,0.3568255372261462,0.12022915136947597,0.8980455740898823,2309
114,0.5,100,0,100,100,0,0,0,0,2.5603199999999937,285.7398399999995,1.0,159585.72665260846,1.2711490364666407,35.557422355887375,0.35557422355887375,0.12116097705225531,0.895970029446766,2327
115,0.5,100,0,100,100,0,0,0,0,2.5684479999999934,288.3082879999995,1.0,159551.43127900673,1.2716733769360464,35.43229650448546,0.35432296504485455,0.12209560098186348,0.8938617802833831,2346
116,0.5,100,0,100,100,0,0,0,0,2.5603199999999933,290.8686079999995,1.0,159522.19910922833,1.2722093473978426,35.30816324519935,0.35308163245199353,0.12301247546669428,0.8917581621107077,2359
117,0.5,100,0,100,100,0,0,0,0,2.5603199999999933,293.4289279999995,1.0,159493.47707121802,1.2726076363138719,35.183061317416914,0.35183061317416914,0.12395201345807497,0.8895851593003996,2376
118,0.5,100,0,100,100,0,0,0,0,2.5603199999999933,295.98924799999946,1.0,159465.2519269892,1.2728717440658732,35.058322867138834,0.35058322867138836,0.12488566719013595,0.8873944877033882,2394
119,0.5,100,0,100,100,0,0,0,0,2.580639999999993,298.5698879999995,1.0,159426.65993162742,1.2732937155478696,34.932596406718275,0.34932596406718275,0.12579760427840098,0.8852040888437478,2413
120,0.5,100,0,100,100,0,0,0,0,2.580639999999993,301.1505279999995,1.0,159388.72934667437,1.2737543741672326,34.8087969648054,0.34808796964805405,0.1266832730222767,0.8830391580688949,2431
121,0.5,100,0,100,100,0,0,0,0,2.580639999999993,303.7311679999995,1.0,159351.443313187,1.2742527607492844,34.6839906680793,0.346839906680793,0.12758480082353912,0.8808143087507025,2445
122,0.5,100,0,100,100,0,0,0,0,2.600959999999993,306.3321279999995,1.0,159304.21767579037,1.274939596730068,34.55996711057816,0.34559967110578155,0.1284511977491485,0.8786240205180086,2462
123,0.5,100,0,100,100,0,0,0,0,2.600959999999993,308.9330879999995,1.0,159257.78723967593,1.2756615215540428,34.43652140592526,0.34436521405925263,0.12930304102372997,0.8764342101973256,2479
124,0.5,100,0,100,100,0,0,0,0,2.600959999999993,311.5340479999995,1.0,159212.13208772635,1.276417686302043,34.31274808414081,0.3431274808414081,0.13016499976618778,0.8741980751411517,2494
125,0.5,100,0,100,100,0,0,0,0,2.6009599999999935,314.13500799999946,1.0,159167.23296245953,1.2768821492167015,34.188545274453205,0.341885452744532,0.1310325566778802,0.871921926822495,2509
126,0.5,100,0,100,100,0,0,0,0,2.6415999999999933,316.77660799999944,1.0,159102.6569739647,1.277700642879286,34.06613465383221,0.3406613465383221,0.13180365153829432,0.8697954140985471,2528
127,0.5,100,0,100,100,0,0,0,0,2.6415999999999933,319.4182079999994,1.0,159039.14907693706,1.2785542468792959,33.944112170979146,0.33944112170979146,0.13257485617440798,0.8676462857555847,2546
128,0.5,100,0,100,100,0,0,0,0,2.6415999999999933,322.0598079999994,1.0,158976.68298926667,1.279442138316871,33.822299557418894,0.33822299557418894,0.13333718476096898,0.8654889864759178,2562
129,0.5,100,0,100,100,0,0,0,0,2.6456639999999942,324.7054719999994,1.0,158913.24430775252,1.280053206632,33.69974189665515,0.3369974189665515,0.13412436253795262,0.8632577617522197,2578
130,0.5,99,1,100,99,0,1,0,0,2.5928937326244483,327.2983657326239,0.9999230769230769,158864.2212851026,1.2805899695220322,33.57982159134825,0.33919011708432584,0.13126143697325954,0.8697487910909982,2596
131,0.5,99,1,99,99,0,0,0,0,2.5847039999999946,329.8830697326239,0.9999236582945263,158819.91168102276,1.2808154735306279,33.45931261009843,0.3379728546474589,0.1320986411332601,0.8674770607277131,2610
132,0.5,99,1,99,99,0,0,0,0,2.5806399999999945,332.4637097326239,0.9999242309440824,158778.23189319973,1.2810526837074991,33.339376513179324,0.3367613789210033,0.1329236222979664,0.8652036533604707,2629
133,0.5,99,1,99,99,0,0,0,0,2.584703999999994,335.0484137326239,0.9999247950665564,158735.26875564322,1.2811796875310784,33.21933819822917,0.3355488706891835,0.1337574449695804,0.8628870930460306,2645
134,0.5,99,1,99,99,0,0,0,0,2.588767999999994,337.6371817326239,0.9999253508510003,158691.0532929107,1.281360335643576,33.09836447273258,0.3343269138659856,0.1346086813284132,0.860505492626974,2661
135,0.5,99,1,99,99,0,0,0,0,2.580639999999994,340.2178217326239,0.9999258984809188,158651.30087870458,1.281565739623573,32.97785815182672,0.33310967830128,0.13545304329838262,0.8581116242931278,2678
136,0.5,99,1,99,99,0,0,0,0,2.584703999999994,342.8025257326239,0.9999264381344711,158610.266606987,1.2816659013562797,32.85769284106285,0.33189588728346314,0.1362840674970037,0.8557165939492947,2696
137,0.5,99,1,99,99,0,0,0,0,2.5847039999999946,345.3872297326239,0.9999269699846637,158569.8464948973,1.2818052783855656,32.737484498770826,0.3306816616037458,0.13712271998125128,0.8532797508284825,2714
138,0.5,99,1,99,99,0,0,0,0,2.5806399999999945,347.9678697326239,0.999927494199536,158531.87836678035,1.2819809633950097,32.61689239067801,0.329463559501798,0.13797131463091675,0.8507937184677881,2732
139,0.5,99,1,99,99,0,0,0,0,2.5806399999999945,350.5485097326239,0.9999280109423367,158494.469260125,1.2820502765111097,32.496917894188435,0.32825169590089326,0.1388086996827797,0.8483049480800696,2750
140,0.5,98,2,99,98,0,1,0,0,2.5802283026199193,353.1287380352438,0.9998570407433881,158446.46434416148,1.2821365022628906,32.377473671919056,0.33038238440733736,0.13636839917199578,0.8544304797648038,2763
141,0.5,98,2,98,98,0,0,0,0,2.580639999999994,355.70937803524384,0.9998580352072686,158398.9725298089,1.2822616007176255,32.260302897370245,0.32918676425888005,0.13715876734345847,0.8520753883088931,2781
142,0.5,98,2,98,98,0,0,0,0,2.6212799999999943,358.33065803524386,0.9998590159311997,158334.20537078267,1.2824925565348375,32.14281484805785,0.3279879066128353,0.1379020617117723,0.8497786466235111,2798
143,0.5,97,3,98,97,0,1,0,0,2.6117195794365964,360.9423776146805,0.9997899747969756,158263.48897435926,1.2826306548237087,32.02736327331629,0.3301790028176938,0.1352588713999132,0.8562994924224392,2814
144,0.5,97,3,97,97,0,0,0,0,2.6009599999999944,363.54333761468047,0.9997913914192337,158198.47057947452,1.2827938972842976,31.91416824388262,0.3290120437513672,0.13595947242987214,0.8541433847247764,2826
145,0.5,97,3,97,97,0,0,0,0,2.6212799999999943,366.1646176146805,0.9997927890592623,158125.60038482168,1.283056094563954,31.799965367149646,0.32783469450669733,0.13664501653812455,0.8519838417690672,2839
146,0.5,97,3,97,97,0,0,0,0,2.6822399999999944,368.84685761468046,0.9997941680960549,158027.6442557934,1.2833415016848764,31.685448908640886,0.3266541124602153,0.13725305540697927,0.8499426112594357,2853
147,0.5,97,3,97,97,0,0,0,0,2.6822399999999944,371.52909761468044,0.9997955288985824,157931.1025077609,1.283671617439289,31.571135258736348,0.325475621224086,0.1378650036823132,0.8478742922132301,2864
148,0.5,96,4,97,96,0,1,0,0,2.6810958183442075,374.21019343302464,0.9997291624348297,157825.7381451327,1.2839413288005883,31.45666021350541,0.3276735438906813,0.13514577038795667,0.8546227041313168,2876
149,0.5,96,4,96,96,0,0,0,0,2.661919999999995,376.87211343302465,0.9997309115371679,157729.8979712491,1.2839530659447984,31.344981203515804,0.32651022086995624,0.13573595541226377,0.8526451099862066,2888
150,0.5,96,4,96,96,0,0,0,0,2.661919999999995,379.53403343302466,0.9997326381926341,157635.40217680554,1.2840122020582203,31.234131833145263,0.3253555399285965,0.1363256717622127,0.8506545165581589,2900
151,0.5,96,4,96,96,0,0,0,0,2.661919999999995,382.19595343302467,0.9997343428305772,157542.22267178306,1.284117830296977,31.12228792222154,0.3241904991898077,0.1369233979775605,0.8486201383434812,2910
152,0.5,96,4,96,96,0,0,0,0,2.6619199999999954,384.8578734330247,0.9997360258694648,157450.332143316,1.2842690667877783,31.01034252499971,0.3230244013020803,0.13752002770054586,0.8465658633386005,2921
153,0.5,96,4,96,96,0,0,0,0,2.661919999999995,387.5197934330247,0.9997376877172274,157359.70402900004,1.284465049923942,30.899092486926502,0.3218655467388178,0.13811235765490135,0.8445044279256646,2932
154,0.5,96,4,96,96,0,0,0,0,2.661919999999995,390.1817134330247,0.9997393287715869,157270.31249129318,1.284704939665032,30.787937205637107,0.3207076792253865,0.1387104755144953,0.8424116320194864,2944
155,0.5,96,4,96,96,0,0,0,0,2.661919999999995,392.8436334330247,0.9997409494203743,157182.1323929571,1.284987916859701,30.67608421002269,0.319542543854403,0.13931444249251737,0.8402801139097247,2956
156,0.5,95,5,96,95,0,1,0,0,2.6548110157275846,395.4984444487523,0.9996781875522945,157087.84919898817,1.2852792460100027,30.565662280817236,0.32174381348228664,0.1367344291712438,0.8470216820602547,2967
157,0.5,95,5,95,95,0,0,0,0,2.6415999999999955,398.1400444487523,0.9996801432958035,157000.03270594374,1.2854228861499681,30.45545520317468,0.3205837389807861,0.13732292563571324,0.8449613556869238,2977
158,0.5,95,5,95,95,0,0,0,0,2.641599999999996,400.7816444487523,0.9996820754117124,156913.37383102498,1.2853644596476772,30.347117814963532,0.31944334542066877,0.13791172582328895,0.8428955591417007,2988
159,0.5,95,5,95,95,0,0,0,0,2.6415999999999955,403.42324444875226,0.9996839843256226,156827.84983411405,1.2853516992746736,30.238068837378165,0.3182954614460859,0.13850575380737562,0.840792486254974,2999
160,0.5,95,5,95,95,0,0,0,0,2.6415999999999955,406.06484444875224,0.9996858704529749,156743.43856682416,1.2853837870916442,30.129677044926822,0.317154495209756,0.1390955868314611,0.8386821704779768,3011
161,0.5,95,5,95,95,0,0,0,0,2.6456639999999956,408.71050844875225,0.9996877341993505,156658.56070844922,1.2854700801577412,30.019679275705048,0.31599662395478995,0.13969695235843374,0.8365134887883153,3022
162,0.5,95,5,95,95,0,0,0,0,2.641599999999996,411.35210844875223,0.9996895759607624,156576.32154333344,1.2853496563040443,29.91108952361484,0.31485357393278773,0.14029917729996805,0.8343341433630177,3033
163,0.5,95,5,95,95,0,0,0,0,2.641599999999996,413.9937084487522,0.9996913961239353,156495.13187715516,1.2851553718940036,29.801358465227164,0.3136985101602859,0.14089470297394846,0.8321356260153501,3045
164,0.5,95,5,95,95,0,0,0,0,2.641599999999996,416.6353084487522,0.9996931950665767,156414.97174744593,1.2850070065919132,29.692775627287258,0.3125555329188132,0.1414945015780277,0.8299174881717778,3057
165,0.5,95,5,95,95,0,0,0,0,2.641599999999996,419.2769084487522,0.9996949731576379,156335.8216948212,1.2849037617800214,29.583286953764162,0.31140302056593855,0.14210156568417576,0.8276541003649944,3068
166,0.5,95,5,95,95,0,0,0,0,2.661919999999996,421.9388284487522,0.9996967307575666,156250.13759075617,1.2849164237932118,29.475442224564834,0.3102678128901561,0.14268375957370075,0.8254345532411218,3081
167,0.5,95,5,95,95,0,0,0,0,2.661919999999996,424.6007484487522,0.9996984682185502,156165.52783350344,1.2849730692921675,29.36722619869404,0.3091286968283583,0.14326442429056047,0.8231929044265637,3092
168,0.5,95,5,95,95,0,0,0,0,2.6659839999999955,427.2667324487522,0.9997001858847514,156080.48775011706,1.2849686162765381,29.258993207182396,0.3079894021808673,0.14383791784919883,0.8209440390856295,3104
169,0.5,95,5,95,95,0,0,0,0,2.6659839999999955,429.93271644875216,0.9997018840925351,155996.50232246163,1.2850051760773813,29.150329740600068,0.3068455762168428,0.1444129435423908,0.8186659931714897,3116
170,0.5,95,5,95,95,0,0,0,0,2.6619199999999954,432.59463644875217,0.9997035631706883,155915.0167780462,1.2850760301377449,29.041493176891457,0.30569992817780484,0.14499933420474947,0.8163407457165316,3128
171,0.5,94,6,95,94,0,1,0,0,2.6506229059551587,435.24525935470734,0.9996462681287585,155829.38249702146,1.2851287387083312,28.93513428681529,0.30782057751931163,0.1428787907964145,0.822742652107965,3140
172,0.5,93,7,94,93,0,1,0,0,2.630255853264946,437.8755152079723,0.9995895872420263,155742.89411366102,1.2852988629534294,28.830976160334004,0.31001049634767747,0.14060077362691886,0.82939751476415,3152
173,0.5,92,8,93,92,0,1,0,0,2.6158944182992334,440.4914096262715,0.9995335004956557,155653.4327381597,1.2854965904264912,28.728100558481763,0.3122619625921931,0.13818046684409896,0.8362468584395928,3163
174,0.5,92,8,92,92,0,0,0,0,2.6050239999999953,443.0964336262715,0.9995359897917754,155568.8440908114,1.2858108754132391,28.625650939855518,0.31114837978103826,0.13873824907796498,0.8341544567359803,3176
175,0.5,92,8,92,92,0,0,0,0,2.600959999999995,445.6973936262715,0.9995384526625513,155486.66200662102,1.2861588852831758,28.5245624821022,0.31004959219676304,0.13929882314212635,0.8320493620946185,3188
176,0.5,92,8,92,92,0,0,0,0,2.6212799999999947,448.3186736262715,0.9995408895265423,155398.38980268934,1.286637443822255,28.423780874713493,0.30895413994253795,0.13983202538233305,0.8299823154975956,3202
177,0.5,92,8,92,92,0,0,0,0,2.6212799999999947,450.9399536262715,0.9995433007935148,155311.14383810887,1.287153913443672,28.32392141239037,0.3078687110042431,0.14035670732261057,0.8279222265673734,3215
178,0.5,92,8,92,92,0,0,0,0,2.6822399999999944,453.6221936262715,0.9995456868646715,155204.04642724377,1.2878406353195118,28.22068244993503,0.306746548368859,0.14084228960459322,0.8258882530630733,3229
179,0.5,92,8,92,92,0,0,0,0,2.6822399999999944,456.3044336262715,0.9995480481328739,155098.20809228564,1.2885661546318314,28.118987695989606,0.3056411706085827,0.14132324462496512,0.8238603620778662,3244
180,0.5,92,8,92,92,0,0,0,0,2.6863039999999945,458.9907376262715,0.9995503849828584,154992.2344139437,1.2893362675021993,28.0156461420423,0.30451789284828584,0.14179874782788704,0.8218075542614046,3260
181,0.5,91,9,92,91,0,1,0,0,2.651834801335707,461.6425724276072,0.999496785015376,154890.39415058054,1.290049655053533,27.914915526793564,0.306757313481248,0.13941868511609465,0.8288006221391196,3275
182,0.5,91,9,91,91,0,0,0,0,2.641599999999994,464.2841724276072,0.9994993324432577,154793.12944101257,1.2908448458353663,27.814531966401272,0.30565419743298106,0.13991829434137387,0.8267535498645926,3288
183,0.5,91,9,91,91,0,0,0,0,2.641599999999994,466.92577242760717,0.9995018542093319,154696.96526806935,1.2916759074255426,27.71419271278255,0.3045515682723357,0.14043006084819,0.8246625253400304,3302
184,0.5,90,10,91,90,0,1,0,0,2.6579393444150816,469.58371177202224,0.999449278554907,154587.98544367446,1.2923623219647074,27.614922083867622,0.3068324675985291,0.13796329248321657,0.8318266082186264,3317
185,0.5,90,10,90,90,0,0,0,0,2.641599999999995,472.2253117720222,0.9994519947391495,154485.57750165515,1.2928228626975635,27.516893977372835,0.30574326641525373,0.1384410516764245,0.8298553246834182,3330
186,0.5,89,11,90,89,0,1,0,0,2.622940290523031,474.84825206254527,0.9994001526884065,154381.95187953254,1.2931907121352724,27.418816665993027,0.3080765917527306,0.1358293883391178,0.8372486675123104,3343
187,0.5,89,11,89,89,0,0,0,0,2.6212799999999956,477.4695320625453,0.9994030498724698,154280.00124278193,1.293288115319111,27.323400609151598,0.3070045012264224,0.13630197533214292,0.8353431733130798,3356
188,0.5,89,11,89,89,0,0,0,0,2.6212799999999956,480.0908120625453,0.9994059192050119,154179.1639002598,1.2934285048397305,27.227965179593774,0.30593219302914354,0.13677646613026737,0.8334156977670089,3370
189,0.5,88,12,89,88,0,1,0,0,2.6079251999179167,482.6987372624632,0.9993550120935233,154075.39788023286,1.2936339152446132,27.13271285902411,0.30832628248891036,0.13408190136066445,0.8409636343340926,3384
190,0.5,88,12,88,88,0,0,0,0,2.6009599999999953,485.2996972624632,0.9993580484673407,153974.95696270184,1.2938057221794745,27.037367970658938,0.3072428178483971,0.13458942209355546,0.8390017223657085,3398
191,0.5,88,12,88,88,0,0,0,0,2.6253439999999952,487.9250412624632,0.9993610563867739,153867.89701497476,1.2940991753576288,26.939660054929842,0.3061325006242028,0.13508697903357478,0.8370169772677406,3412
192,0.5,88,12,88,88,0,0,0,0,2.6415999999999955,490.5666412624632,0.9993640362499338,153756.8877612379,1.2944354166840049,26.844263262261002,0.3050484461620568,0.13556358101302998,0.835078989296894,3425
193,0.5,88,12,88,88,0,0,0,0,2.6415999999999955,493.20824126246316,0.9993669884475391,153647.0676281204,1.294813582593821,26.748691398119927,0.3039624022513628,0.136052648012122,0.8330951785063506,3438
194,0.5,88,12,88,88,0,0,0,0,2.6009599999999953,495.80920126246315,0.9993699133630874,153551.002696496,1.2951475769562433,26.654310157662298,0.30288988815525336,0.13656235458799887,0.8310624787313812,3453
195,0.5,88,12,88,88,0,0,0,0,2.6619199999999954,498.47112126246316,0.9993728113730205,153437.1736647275,1.2956529377347574,26.557191720248817,0.301786269548282,0.13705216527270758,0.8290224333314706,3467
196,0.5,88,12,88,88,0,0,0,0,2.665983999999996,501.13710526246314,0.9993756828468863,153323.31051351363,1.2959380809318712,26.459260057968766,0.30067340974964507,0.13754590385862078,0.8269457408491182,3478
197,0.5,88,12,88,88,0,0,0,0,2.661919999999996,503.79902526246315,0.999378528147496,153211.88833143836,1.2962477911885733,26.364355942447034,0.29959495389144347,0.13801972618442873,0.8249237812307394,3489
198,0.5,88,12,88,88,0,0,0,0,2.621279999999995,506.42030526246316,0.999381347631077,153113.92373932013,1.2965074158692893,26.26888769702349,0.29851008746617597,0.13853383529189944,0.8227918561520942,3501
199,0.5,88,12,88,88,0,0,0,0,2.641599999999995,509.06190526246314,0.9993841416474211,153010.86016216493,1.2968899649214096,26.172030900524195,0.29740944205141134,0.13905367325654977,0.8206120330485016,3514
200,0.5,86,14,88,86,0,2,0,0,2.6220130217411417,511.6839182842043,0.999284728963368,152899.0793033785,1.2971374279012369,26.078424821805243,0.30323749792796795,0.13352068563459066,0.8376056558103326,3526
201,0.5,86,14,86,86,0,0,0,0,2.600959999999995,514.2848782842043,0.999287857978534,152794.69282115484,1.2971968491415966,25.98489332553209,0.30214992238990807,0.1340535914753422,0.8355340219378643,3537
202,0.5,86,14,86,86,0,0,0,0,2.6009599999999944,516.8858382842043,0.9992909597366422,152691.35688063572,1.2972104389377073,25.89190596282599,0.3010686739863487,0.13458578200933394,0.8334493163347924,3547
203,0.5,86,14,86,86,0,0,0,0,2.5684479999999943,519.4542862842043,0.9992940345923049,152598.60606219125,1.2971805387336568,25.799132956548714,0.2999899180994037,0.13515682626398842,0.831265978337931,3560
204,0.5,86,14,86,86,0,0,0,0,2.6415999999999946,522.0958862842043,0.9992970828940101,152485.39988814047,1.2973953095196697,25.706635941485175,0.29891437141261834,0.1356270283496943,0.8292748851118223,3573
205,0.5,86,14,86,86,0,0,0,0,2.661919999999995,524.7578062842043,0.9993001049842524,152367.43320917178,1.297499510455083,25.613177370304406,0.2978276438407489,0.13609642963670013,0.827255866214263,3584
206,0.5,86,14,86,86,0,0,0,0,2.706623999999995,527.4644302842044,0.9993031011996615,152237.75365617237,1.2976778213651228,25.518967760821447,0.29673218326536566,0.13651158101156788,0.8253236929173295,3594
207,0.5,86,14,86,86,0,0,0,0,2.7025599999999947,530.1669902842043,0.9993060718711276,152110.56417671256,1.297884847645259,25.42333653415809,0.2956201922576522,0.13694560346944126,0.8233168940981752,3603
208,0.5,86,14,86,86,0,0,0,0,2.7066239999999953,532.8736142842043,0.9993090173239229,151983.5057113667,1.2979815251081206,25.3294785175628,0.29452881997166047,0.13735958327776543,0.8213541978621635,3612
209,0.5,86,14,86,86,0,0,0,0,2.702559999999995,535.5761742842043,0.9993119378778198,151858.88376886805,1.2981075654401675,25.236719864152064,0.29345023097851236,0.13777324144785444,0.8193866918359063,3621
210,0.5,86,14,86,86,0,0,0,0,2.706623999999995,538.2827982842043,0.999314833847208,151734.36762301374,1.2982825006766259,25.142259154720122,0.29235185063628044,0.13821324972549845,0.8173238554457,3630
211,0.5,86,14,86,86,0,0,0,0,2.8285439999999955,541.1113422842043,0.9993177055412057,151576.9372967998,1.298661195347099,25.047391512037684,0.2912487385120661,0.1384904969960622,0.8155902541784524,3639
212,0.5,86,14,86,86,0,0,0,0,2.8285439999999955,543.9398862842042,0.9993205532637709,151421.14427873646,1.299087450256671,24.952756972914134,0.2901483368943504,0.13876138740365832,0.8138575267186866,3647
213,0.5,86,14,86,86,0,0,0,0,2.8326079999999956,546.7724942842043,0.9993233773138079,151265.83883535588,1.299573054391814,24.85604657479563,0.2890237973813445,0.13906131774119604,0.8120198045583141,3655
214,0.5,86,14,86,86,0,0,0,0,2.8244799999999954,549.5969742842043,0.9993261779852721,151114.36904864153,1.3000943695605196,24.76133196420782,0.287922464700091,0.13933623034964787,0.8102449496124019,3663
215,0.5,86,14,86,86,0,0,0,0,2.8285439999999955,552.4255182842043,0.9993289555672722,150963.33757177304,1.3004125600547332,24.66676438291647,0.2868228416618194,0.13962717583321796,0.8084202426313521,3670
216,0.5,86,14,86,86,0,0,0,0,2.8854399999999956,555.3109582842043,0.9993317103441691,150798.39277571478,1.3009447286333575,24.572149489366577,0.2857226684810067,0.13984288419997123,0.8067461152412222,3679
217,0.5,86,14,86,86,0,0,0,0,2.8854399999999956,558.1963982842043,0.9993344425956738,150635.1532515422,1.3014435432712537,24.476918552849565,0.2846153320098786,0.1400679355045727,0.8050281404360412,3685
218,0.5,86,14,86,86,0,0,0,0,2.885439999999996,561.0818382842043,0.9993371525969414,150473.59269047444,1.3017438249145719,24.38174100965655,0.2835086163913552,0.14028825674765258,0.8033059961042117,3694
219,0.5,86,14,86,86,0,0,0,0,2.885439999999996,563.9672782842043,0.9993398406186637,150313.6853221477,1.3020953627019825,24.285341368153762,0.2823876903273693,0.14052637419326688,0.8015120247731066,3703
220,0.5,86,14,86,86,0,0,0,0,2.885439999999996,566.8527182842043,0.9993425069271592,150155.40590091195,1.3024975351766128,24.19032973908893,0.28128290394289457,0.14075812818663513,0.7997345058686484,3712
221,0.5,86,14,86,86,0,0,0,0,2.885439999999996,569.7381582842044,0.9993451517844614,149998.72969254362,1.3029497308890738,24.094293010620348,0.2801661977979111,0.14099699265046012,0.7979109984595151,3721
222,0.5,86,14,86,86,0,0,0,0,2.885439999999996,572.6235982842044,0.9993477754484044,149843.6324613604,1.3034513481776673,23.999996527622933,0.27906972706538297,0.1412340664161733,0.7960985535546284,3729
223,0.5,85,15,86,85,0,1,0,0,2.872001203365939,575.4955994875703,0.9993039766136143,149686.6354437877,1.3039621293209513,23.90650479900612,0.28125299763536615,0.13901871288271747,0.8036542691856823,3738
224,0.5,85,15,85,85,0,0,0,0,2.8651199999999957,578.3607194875703,0.9993067110371603,149532.97671499048,1.3046692311181243,23.81326947163693,0.2801561114310227,0.13926073758600027,0.8018660100366413,3747
225,0.5,85,15,85,85,0,0,0,0,2.8651199999999957,581.2258394875704,0.9993094240596657,149380.8328902706,1.3051049292877883,23.718546807292423,0.2790417271446167,0.13951859505103356,0.8000052029897821,3754
226,0.5,85,15,85,85,0,0,0,0,2.865119999999996,584.0909594875704,0.999312115931395,149230.18167661756,1.3054309239578143,23.625287536705148,0.27794455925535466,0.13976816494123087,0.7981663454365324,3763
227,0.5,85,15,85,85,0,0,0,0,2.8691839999999957,586.9601434875705,0.9993147868987255,149079.96900790077,1.3058207067527408,23.530789976323703,0.27683282325086705,0.1400354376743544,0.7962527753936269,3772
228,0.5,85,15,85,85,0,0,0,0,2.8651199999999957,589.8252634875705,0.9993174372042228,148932.24389980908,1.3062450384705335,23.43779216258418,0.27573873132451976,0.14029766307771468,0.7943543203442142,3781
229,0.5,84,16,85,84,0,1,0,0,2.8451980805917825,592.6704615681623,0.9992747382258284,148784.1991765242,1.3063628417092978,23.346473794454806,0.2779342118387477,0.13810928283299828,0.801974074539272,3789
230,0.5,84,16,84,84,0,0,0,0,2.8447999999999958,595.5152615681623,0.9992774892752314,148637.66844012027,1.3066076222999516,23.25456656439029,0.27684007814750344,0.1383750736189972,0.8001039479386906,3798
231,0.5,84,16,84,84,0,0,0,0,2.8447999999999958,598.3600615681622,0.9992802195330425,148492.53101408476,1.306671254777321,23.161681101587618,0.27573429882842404,0.13865675088175736,0.7981662404906005,3807
232,0.5,84,16,84,84,0,0,0,0,2.8447999999999958,601.2048615681622,0.9992829292340788,148348.76711968874,1.3067854424762868,23.069295754519455,0.2746344732680887,0.13894165288182528,0.7962101572924976,3816
233,0.5,84,16,84,84,0,0,0,0,2.8447999999999958,604.0496615681622,0.9992856186096353,148206.35735079861,1.306949616170745,22.977114132992472,0.2735370730118151,0.13922312608668608,0.794247083455012,3825
234,0.5,84,16,84,84,0,0,0,0,2.8447999999999958,606.8944615681621,0.9992882878875495,148065.28266514352,1.3071632151364792,22.885705157931355,0.27244887092775427,0.1395078376750357,0.7922695528441445,3835
235,0.5,84,16,84,84,0,0,0,0,2.8447999999999958,609.7392615681621,0.9992909372922668,147925.52437582714,1.3074256870211074,22.793731961766603,0.2713539519257928,0.13979172582079205,0.7902678742059109,3844
236,0.5,84,16,84,84,0,0,0,0,2.8447999999999958,612.584061568162,0.9992935670449027,147787.06414307604,1.3077364876572282,22.701391111031562,0.2702546560837091,0.14009693313965935,0.7881917886625408,3853
237,0.5,84,16,84,84,0,0,0,0,2.8447999999999958,615.428861568162,0.9992961773633044,147649.88396621676,1.3080950809333005,22.60919953339216,0.2691571373022876,0.1403975905996993,0.7861098649263223,3863
238,0.5,84,16,84,84,0,0,0,0,2.8447999999999958,618.273661568162,0.9992987684621116,147513.96617587464,1.3085009386434732,22.517432362618447,0.2680646709835529,0.14069632355450978,0.7840200227670546,3873
239,0.5,84,16,84,84,0,0,0,0,2.8529279999999955,621.126589568162,0.9993013405528143,147377.3648357948,1.308967036692871,22.42529545277399,0.2669678030092142,0.1410021237835518,0.7818885808086036,3881
240,0.5,84,16,84,84,0,0,0,0,2.8447999999999958,623.971389568162,0.9993038938438111,147243.9306289116,1.3094658201566427,22.333460838279326,0.2658745337890395,0.1413182877750183,0.7797172880541954,3891
241,0.5,84,16,84,84,0,0,0,0,2.8488639999999954,626.820253568162,0.9993064285404656,147110.75380076663,1.3100196730868976,22.241152836128563,0.26477562900153045,0.14163599299944946,0.7775152840737147,3901
242,0.5,84,16,84,84,0,0,0,0,2.8488639999999954,629.669117568162,0.9993089448451604,146978.78205846998,1.3106169297786074,22.149290750159643,0.26368203273999574,0.1419534798976653,0.7753009136319503,3911
243,0.5,84,16,84,84,0,0,0,0,2.8488639999999954,632.5179815681621,0.9993114429573525,146847.99911888439,1.3112609695113933,22.057026402422863,0.2625836476478912,0.14227487393414384,0.7730506211533275,3921
244,0.5,82,18,84,82,0,2,0,0,2.8318502921964837,635.3498318603586,0.9992281634578277,146709.7263991828,1.3118807678292483,21.96227924605623,0.2678326737323931,0.13827321667604897,0.7895577566363117,3929
245,0.5,82,18,82,82,0,0,0,0,2.9463999999999944,638.2962318603586,0.9992308678374567,146546.37663670862,1.3131608193744941,21.866172265047705,0.26666063737863055,0.13849831236251425,0.7875528749177894,3943
246,0.5,81,19,82,81,0,1,0,0,2.9360983033105827,641.2323301636692,0.9991909729614648,146380.64174967908,1.3144607510640691,21.77395082108322,0.26881420766769404,0.136367354354068,0.795326414104205,3953
247,0.5,81,19,81,81,0,0,0,0,2.930143999999995,644.1624741636692,0.9991937537129764,146217.7692394864,1.3154001272598166,21.68255170554091,0.2676858235251964,0.1366042182804611,0.7933851453866387,3962
248,0.5,79,21,81,79,0,2,0,0,2.778080183722284,646.9405543473915,0.9991119380893982,146078.33651011717,1.3159547524999637,21.595150312562126,0.2733563330704067,0.1318498349634313,0.8112610529320958,3976
249,0.5,79,21,79,79,0,0,0,0,2.8895039999999956,649.8300583473915,0.9991148950518418,145915.072382371,1.316427265886317,21.502539936295957,0.2721840498265311,0.13210860643830785,0.8093370524017064,3990
250,0.5,79,21,79,79,0,0,0,0,2.8854399999999956,652.7154983473915,0.9991178323881538,145754.1612553625,1.31687237661222,21.41229915727567,0.27104176148450215,0.13238766877007924,0.8073802665206422,4000
251,0.5,79,21,79,79,0,0,0,0,2.743199999999996,655.4586983473915,0.9991207502930832,145626.2617929447,1.3172043997788416,21.327688232578925,0.2699707371212522,0.13275352273505428,0.805281777781704,4014
252,0.5,79,21,79,79,0,0,0,0,2.8854399999999956,658.3441383473915,0.9991236489588114,145467.99222728956,1.3177509472630433,21.23852140922492,0.2688420431547458,0.13302147481110002,0.8033281772323574,4027
253,0.5,79,21,79,79,0,0,0,0,2.885439999999995,661.2295783473916,0.9991265285749937,145311.10395899462,1.318347193156412,21.148888893501457,0.2677074543481197,0.13330168949505625,0.8013191898675845,4037
254,0.5,79,21,79,79,0,0,0,0,2.7472639999999955,663.9768423473915,0.9991293893288006,145185.78638856157,1.3185594832140717,21.06343783797627,0.2666257954174211,0.13367979062862512,0.7991190812396315,4050
255,0.5,79,21,79,79,0,0,0,0,2.8854399999999956,666.8622823473916,0.9991322314049587,145031.44436292665,1.3189231239069477,20.974487158463965,0.2654998374489109,0.1339715030035645,0.7970526628552251,4064
256,0.5,79,21,79,79,0,0,0,0,2.8854399999999956,669.7477223473916,0.9991350549857901,144878.43222506766,1.319337168781187,20.885336497247565,0.26437134806642476,0.1342796465551792,0.7949231069938474,4073
257,0.5,79,21,79,79,0,0,0,0,2.8691839999999953,672.6169063473916,0.9991378602512522,144730.23065780915,1.319844502910293,20.797446895282587,0.26325882145927326,0.13458704557693935,0.7927944986814827,4090
258,0.5,79,21,79,79,0,0,0,0,2.885439999999995,675.5023463473916,0.9991406473789745,144579.8086832613,1.3200290143714786,20.70713751361806,0.2621156647293426,0.13491377059233903,0.7905593079957594,4107
259,0.5,78,22,79,78,0,1,0,0,2.9943982471222723,678.4967445945139,0.9991026268559309,144401.57713439412,1.32046279579492,20.616502287780527,0.26431413189462216,0.13270516016810283,0.7986723209554584,4118
260,0.5,78,22,78,78,0,0,0,0,2.9911039999999947,681.4878485945138,0.9991054728795641,144225.60901519682,1.3209370807178964,20.526561510642097,0.2631610450082319,0.1329545933643122,0.7966548971672178,4128
261,0.5,77,23,78,77,0,1,0,0,2.9760266456698217,684.4638752401836,0.9990677691309987,144048.50798795174,1.3214544836540862,20.434697946203297,0.26538568761302983,0.13064400755839667,0.8049330285364178,4138
262,0.5,77,23,77,77,0,0,0,0,2.9667199999999947,687.4305952401836,0.9990706695220009,143874.88814844444,1.3217279040085943,20.345767402599854,0.26423074548830977,0.13091778688754543,0.8028980163547628,4148
263,0.5,77,23,77,77,0,0,0,0,2.9667199999999947,690.3973152401836,0.9990735519213727,143702.76043945065,1.322056155358995,20.25379210956522,0.2630362611631847,0.1312021550339256,0.8007686221069219,4156
264,0.5,77,23,77,77,0,0,0,0,2.9667199999999947,693.3640352401836,0.9990764164960045,143532.10570768345,1.32243872863178,20.165340782471272,0.2618875426294971,0.13149614523502576,0.7986495465709517,4166
265,0.5,77,23,77,77,0,0,0,0,2.9667199999999943,696.3307552401836,0.9990792634107286,143362.9051262666,1.322812427581261,20.076683113818042,0.26073614433529924,0.13179718156772713,0.7964883796236142,4175
266,0.5,77,23,77,77,0,0,0,0,2.8244799999999954,699.1552352401836,0.9990820928283514,143224.2725974867,1.3230301374761106,19.991231686730607,0.25962638554195594,0.13215880956785872,0.7942078678737488,4189
267,0.5,77,23,77,77,0,0,0,0,2.9707839999999943,702.1260192401836,0.999084904909684,143056.9402750478,1.3235120490782335,19.90256794647758,0.2584749083958127,0.13248033721447908,0.7919514748086357,4201
268,0.5,77,23,77,77,0,0,0,0,2.9707839999999943,705.0968032401836,0.9990876998135735,142891.01799498574,1.324047324256401,19.81354283566115,0.25731873812546946,0.13280660979441525,0.7896543301455357,4211
269,0.5,77,23,77,77,0,0,0,0,2.966719999999995,708.0635232401836,0.9990904776969314,142727.3072019546,1.3244477573835542,19.724396481343092,0.25616099326419606,0.13313677503241064,0.7873220431843089,4220
270,0.5,77,23,77,77,0,0,0,0,2.966719999999995,711.0302432401836,0.9990932387147644,142564.96255076767,1.3249010834649628,19.63609056590097,0.2550141631935191,0.13348665630515405,0.7849306998475272,4229
271,0.5,77,23,77,77,0,0,0,0,2.966719999999995,713.9969632401836,0.9990959830202029,142403.96701210746,1.3253452679083817,19.541827268692824,0.2537899645284783,0.13384305908995833,0.7823949942697821,4239
272,0.5,77,23,77,77,0,0,0,0,2.9667199999999956,716.9636832401836,0.9990987107645284,142244.30383851848,1.325657657359518,19.45312517150226,0.25263798924028913,0.13419959913071114,0.7799300366626504,4248
273,0.5,77,23,77,77,0,0,0,0,2.722879999999997,719.6865632401837,0.9991014220972027,142134.0972929374,1.3256840284273905,19.366826863938595,0.2515172319992025,0.13472508296852487,0.7770488360760686,4259
274,0.5,77,23,77,77,0,0,0,0,2.966719999999996,722.6532832401837,0.9991041171658941,141976.79908125388,1.3261028493534137,19.27817952844777,0.2503659679019191,0.1350901939102389,0.7745112857370477,4267
275,0.5,77,23,77,77,0,0,0,0,2.966719999999996,725.6200032401837,0.9991067961165049,141820.7871068529,1.326573661628877,19.18953148267357,0.24921469458017623,0.13546208973516588,0.7719308081182261,4277
276,0.5,75,25,77,75,0,2,0,0,2.950758663567438,728.5707619037511,0.9990320207534751,141658.16883773665,1.32703602420416,19.098616316242392,0.2546482175498986,0.13136256377417677,0.7898205008493278,4286
277,0.5,75,25,75,75,0,0,0,0,2.9260799999999954,731.496841903751,0.9990348235657478,141501.6361938298,1.327372953691757,19.012510658568203,0.2535001421142427,0.13178199976447558,0.7872504344562585,4296
278,0.5,74,26,75,74,0,1,0,0,2.7683727378213496,734.2652146415724,0.9989991146013781,141371.26195018154,1.3272409601507515,18.930743424023046,0.25582085708139246,0.1297587223759303,0.7953695787218644,4309
279,0.5,74,26,74,74,0,0,0,0,2.909823999999996,737.1750386415723,0.9990019576983609,141214.76520939998,1.3273285508066233,18.84194123109583,0.25462082744724096,0.13020160623238386,0.7927172573263912,4323
280,0.5,74,26,74,74,0,0,0,0,2.905759999999996,740.0807986415723,0.9990047846889952,141060.2736777122,1.3274650063487397,18.755951665945734,0.253458806296564,0.13065345253823282,0.7900630964766506,4330
281,0.5,74,26,74,74,0,0,0,0,2.9057599999999955,742.9865586415723,0.9990075957097599,140906.99055365412,1.3276542599844985,18.6701162888599,0.25229886876837704,0.1311091244599592,0.7873740275690316,4340
282,0.5,74,26,74,74,0,0,0,0,2.6619199999999967,745.6484786415723,0.9990103908955963,140800.93101144372,1.327572573335448,18.58653886324845,0.251169444097952,0.13174955969507485,0.784223326982779,4351
283,0.5,74,26,74,74,0,0,0,0,2.9057599999999955,748.5542386415723,0.9990131703799294,140649.79471769818,1.327866997396161,18.50051957375934,0.2500070212670181,0.13222215974121243,0.7814285802408495,4362
284,0.5,74,26,74,74,0,0,0,0,2.9057599999999955,751.4599986415723,0.9990159342946898,140499.82725741738,1.3282128897223826,18.414828030280404,0.24884902743622173,0.1326914597849078,0.7786195156709678,4370
285,0.5,74,26,74,74,0,0,0,0,2.9057599999999955,754.3657586415723,0.999018682770334,140351.01512382628,1.3286098186605517,18.32986793918209,0.24770091809705527,0.1331719053739674,0.7757662916498186,4378
286,0.5,73,27,74,73,0,1,0,0,2.7370938585619915,757.1028525001343,0.9989837780872445,140229.29599249022,1.3288212856565353,18.24630462244927,0.249949378389716,0.13151183989007093,0.7831847569833764,4388
287,0.5,72,28,73,72,0,1,0,0,2.9772491279814917,760.0801016281158,0.998949027850762,140058.92243721135,1.329629653404798,18.16056784525398,0.2522301089618608,0.12955787100761829,0.7912420170925399,4399
288,0.5,72,28,72,72,0,0,0,0,2.7431999999999954,762.8233016281158,0.9989518604477053,139932.7993418308,1.3302695428284814,18.081389220038066,0.25113040583386204,0.13005637800912803,0.7885168803968096,4412
289,0.5,72,28,72,72,0,0,0,0,3.047999999999995,765.8713016281158,0.9989546778167699,139751.93974818962,1.3315102715360836,17.99406162498308,0.2499175225692095,0.13056246861497625,0.7855922489148713,4431
290,0.5,72,28,72,72,0,0,0,0,2.885439999999995,768.7567416281158,0.998957480080423,139602.02777891967,1.3323108323322983,17.909400774933477,0.24874167742963163,0.13110527745678047,0.7825907801915877,4446
291,0.5,72,28,72,72,0,0,0,0,2.8244799999999954,771.5812216281158,0.9989602673598218,139464.25468071402,1.3328607574207332,17.828485875275348,0.24761785937882427,0.13158904358730011,0.7797836120709675,4460
292,0.5,71,29,72,71,0,1,0,0,3.011824335843202,774.5930459639591,0.9989260054810755,139288.62460381564,1.3335541446818548,17.741742740902705,0.24988370057609444,0.1297461807324806,0.7876521876885694,4474
293,0.5,70,30,71,70,0,1,0,0,2.529683623483101,777.1227295874422,0.9988918849037787,139195.5168489618,1.333467369508865,17.66475962833475,0.25235370897621073,0.1278329751001405,0.7957945348299306,4495
294,0.5,69,31,70,63,0,2,5,0,2.2360510393248076,779.358780626767,0.9986368492797406,139119.49501974494,1.3329535355271218,17.59541668349794,0.2550060388912745,0.12560694654240837,0.8047513282589096,4513
295,0.5,68,32,69,58,0,1,10,0,2.29898829498755,781.6577689217546,0.9982360723210348,139007.12603404914,1.3327058730581196,17.526866679216944,0.2577480394002492,0.12287655992208991,0.8148148064341966,4530
296,0.5,67,33,68,67,0,1,0,0,2.6934479361873342,784.351216857942,0.9982038123167155,138871.46173667224,1.3326370301113406,17.4484867233335,0.26042517497512685,0.1204479061274875,0.8237838015379567,4549
297,0.5,65,35,67,58,0,2,7,0,2.038409541241644,786.3896263991836,0.9978791092258749,138806.51058409398,1.3321054914696684,17.390311472524175,0.26754325342344887,0.11359445669034966,0.8472629241429335,4571
298,0.5,64,36,65,54,0,2,9,0,2.2799039999999975,788.6695303991836,0.9974828542244273,138679.12450559813,1.3317071173424093,17.32605582236564,0.270719622224463,0.10951271026777669,0.8593722830362048,4591
299,0.5,64,36,64,55,9,0,0,16,1.4630399999999992,790.1325703991836,0.9971611588295239,138700.77516818847,1.330458778519181,17.24154491811749,0.26939913934558585,0.10898559007667492,0.8593566523258743,4596
300,0.5,64,36,64,55,9,0,0,16,1.4467839999999992,791.5793543991836,0.9968409586056645,138725.19462479965,1.3292449005297897,17.159264842402266,0.2681135131625354,0.10846306232988752,0.8593620608118671,4601
301,0.5,64,36,64,55,9,0,0,16,1.430527999999999,793.0098823991835,0.9965222431531662,138752.36922282432,1.3279918504682915,17.078650457994613,0.2668539134061658,0.10800141004219131,0.8592547795851986,4605
302,0.5,64,36,64,55,9,0,0,16,1.5199359999999986,794.5298183991836,0.9962050021685702,138763.82918155976,1.3268288763574614,16.98582082683521,0.26540345041930014,0.10735950817211065,0.8593783176728985,4610
303,0.5,64,36,64,56,8,0,0,16,1.4752319999999988,796.0050503991836,0.9959252848694649,138788.0641518519,1.325599617359893,16.899007372570388,0.2640469901964123,0.10683356734489767,0.8593267978817263,4615
304,0.5,64,36,64,55,9,0,0,16,1.4671039999999989,797.4721543991835,0.9956108792632034,138808.60841266427,1.324425356084585,16.81309943376744,0.26270467865261626,0.10630546278762476,0.8592926880773151,4620
305,0.5,64,36,64,55,9,0,0,16,1.434591999999999,798.9067463991835,0.9952979181622398,138834.7269564544,1.3231949300971357,16.73185865067789,0.26143529141684196,0.10588269586219774,0.8590848702214424,4625
306,0.5,64,36,64,53,11,0,0,16,1.3695679999999988,800.2763143991834,0.9949147686577854,138862.03802424244,1.3219671934391204,16.65976490042791,0.2603088265691862,0.10559736171175557,0.8586922755549532,4630
307,0.5,64,36,64,54,10,0,0,16,1.4792959999999988,801.7556103991834,0.9945691010433043,138875.23648829013,1.3208190671091942,16.573309814615474,0.25895796585336683,0.10515026151654405,0.8584591502899744,4635
308,0.5,64,36,64,54,10,0,0,16,1.454911999999999,803.2105223991834,0.9942250106944246,138892.6027347988,1.3196618352081053,16.489588864135932,0.2576498260021239,0.1047198735240209,0.8582249954042166,4640
309,0.5,64,36,64,55,9,0,0,16,1.4345919999999988,804.6451143991834,0.9939180537772087,138918.38526039454,1.3184915967910775,16.408654166339648,0.25638522134905695,0.10434543330724101,0.8578990152921996,4645
310,0.5,64,36,64,55,9,0,0,16,1.4630399999999986,806.1081543991834,0.99361249112846,138939.17260206476,1.3173626768833513,16.324590714612956,0.2550717299158275,0.10394804042637358,0.8575767318595071,4649
311,0.5,64,36,64,56,8,0,0,16,1.4549119999999987,807.5630663991834,0.9933437190199689,138966.23640849738,1.3162321528939351,16.240424841096257,0.253756638142129,0.10356866022609272,0.8572068074090802,4654
312,0.5,64,36,64,57,7,0,0,16,1.4833599999999982,809.0464263991834,0.9931114879186096,138993.2596334295,1.3151198151357228,16.15350624245451,0.25239853503835175,0.1031668379363085,0.8568443433238319,4659
313,0.5,64,36,64,55,9,0,0,16,1.410207999999999,810.4566343991834,0.9928098124911885,139022.86096223674,1.3139834360727858,16.075691686769204,0.2511826826057688,0.10285888514212566,0.8563925083975914,4664
314,0.5,64,36,64,54,10,0,0,16,1.4264639999999986,811.8830983991834,0.9924743283162188,139044.64845072522,1.3128948013359216,15.99598899593488,0.2499373280614825,0.10259824295116389,0.855793003151921,4669
315,0.5,64,36,64,54,10,0,0,16,1.4508479999999984,813.3339463991833,0.992140350877193,139062.1902611313,1.3118806067042974,15.9144314897163,0.24866299202681713,0.10234804612087872,0.855132714123858,4674
316,0.5,64,36,64,56,8,0,0,16,1.4549119999999984,814.7888583991834,0.9918778882509452,139088.7943935017,1.3108149641399363,15.830849140538271,0.24735701782091057,0.10204732518262813,0.8545561441101094,4679
317,0.5,64,36,64,55,9,0,0,16,1.4589759999999983,816.2478343991834,0.9915816682967724,139109.71057409229,1.3097992003522874,15.746277144447651,0.24603558038199458,0.10173661586673712,0.8539816951521111,4684
318,0.5,64,36,64,56,8,0,0,16,1.4833599999999982,817.7311943991833,0.9913216227519867,139131.29495272881,1.308788108330989,15.65777855689464,0.24465278995147874,0.10138731819051258,0.8534329541699105,4689
319,0.5,64,36,64,55,9,0,0,16,1.5158719999999979,819.2470663991833,0.9910279593823897,139142.39632376868,1.3078542254758625,15.565536825439548,0.24321151289749293,0.10107286736248683,0.8527305292155289,4694
320,0.5,64,36,64,55,9,0,0,16,1.4671039999999982,820.7141703991832,0.990735600277585,139161.72538418457,1.3068916310739769,15.479870341781417,0.2418729740903346,0.1008297979060164,0.8519474443718,4699
321,0.5,64,36,64,56,8,0,0,16,1.446783999999998,822.1609543991832,0.9904791580113558,139189.29059776047,1.3058991997976424,15.397460250719003,0.24058531641748443,0.10060975235682953,0.8511502365049392,4703
322,0.5,64,36,64,54,10,0,0,16,1.467103999999998,823.6280583991831,0.9901547602597761,139203.61118201763,1.3049795097153283,15.311415882388033,0.23924087316231296,0.10040297975821233,0.8502493386154542,4708
323,0.5,64,36,64,55,9,0,0,16,1.491487999999998,825.1195463991832,0.989866262236316,139218.61444356848,1.3040163473573736,15.222766798697315,0.23785573122964554,0.10018624664814493,0.8493186114850199,4713
324,0.5,64,36,64,56,8,0,0,16,1.4833599999999982,826.6029063991831,0.9896134268812766,139239.77173196367,1.3029795548845509,15.134870797472225,0.2364823562105035,0.0999924405567995,0.8483294110173898,4718
325,0.5,64,36,64,55,9,0,0,16,1.4427199999999984,828.0456263991831,0.9893273850377488,139262.85741216948,1.3019035288308587,15.053395132596407,0.23520929894681886,0.09982138288914,0.8473785260744978,4723
326,0.5,64,36,64,55,9,0,0,16,1.4711679999999985,829.5167943991831,0.9890425969045337,139281.08602512674,1.3008330076525692,14.96695185556874,0.23385862274326152,0.09969589842884075,0.8462106401028273,4728
327,0.5,64,36,64,54,10,0,0,16,1.4223999999999986,830.9391943991832,0.9887248872488725,139302.6117677544,1.2997855959967626,14.888308207317365,0.23262981573933386,0.09957697156658583,0.8451470888202263,4733
328,0.5,63,37,64,54,9,1,0,16,1.4546153460372468,832.3938097452204,0.9884085640256375,139318.67181412072,1.2987190633939865,14.804209289284387,0.23498744903626012,0.09579999656319566,0.8574828591682914,4738
329,0.5,62,38,63,53,9,1,0,16,1.395776861798429,833.7895866070189,0.9880932131314849,139339.71096086365,1.297641886785692,14.725938112573846,0.23751513084796533,0.09169922652305612,0.8702797803466634,4743
330,0.5,62,38,62,52,10,0,0,16,1.3776959999999994,835.1672826070189,0.9877787962114268,139358.9073995915,1.2965923090678533,14.650033727408308,0.23629086657110177,0.09167070041257595,0.8691792645739163,4748
331,0.5,62,38,62,53,9,0,0,16,1.4427199999999991,836.6100026070189,0.9874995765439208,139371.98890361647,1.295582649217941,14.56477169703151,0.2349156725327663,0.09163964172005473,0.8679238491797735,4753
332,0.5,62,38,62,52,10,0,0,16,1.458975999999999,838.068978607019,0.9871877218484838,139377.5488434738,1.2945946488606184,14.476590610925895,0.23349339695041763,0.0915937325324164,0.8666412106036705,4758
333,0.5,62,38,62,53,9,0,0,16,1.3898879999999991,839.458866607019,0.9869109064534629,139399.32575014577,1.293521245588388,14.398298310892786,0.2322306179176256,0.0915506543211807,0.865492296899893,4763
334,0.5,62,38,62,54,8,0,0,16,1.4102079999999988,840.869074607019,0.9866689109577512,139422.41847197243,1.292473109005845,14.317852333172395,0.23093310214794185,0.09154346400682177,0.8642008654772405,4768
335,0.5,62,38,62,53,9,0,0,16,1.3817599999999992,842.250834607019,0.9863943292908254,139445.39461905003,1.2914150594508553,14.240275021710264,0.22968185518887527,0.09152382567321848,0.8629713624477877,4773
336,0.5,62,38,62,52,10,0,0,16,1.4264639999999988,843.677298607019,0.986087364645144,139456.1643347045,1.2903998218167712,14.157000279611536,0.22833871418728283,0.0915621796135363,0.8614783900992395,4778
337,0.5,62,38,62,53,9,0,0,16,1.4183359999999994,845.095634607019,0.9858151282994881,139472.97225693308,1.2893779582134781,14.074156353551489,0.22700252183147562,0.09165071376306022,0.8598389190989121,4783
338,0.5,62,38,62,52,10,0,0,16,1.4142719999999993,846.5099066070189,0.9855106333255433,139485.66824607196,1.2883852021405333,13.991802367600696,0.2256742317354951,0.09170613041299705,0.858271418072353,4787
339,0.5,62,38,62,53,9,0,0,16,1.381759999999999,847.8916666070189,0.9852407129768449,139508.3884635278,1.287339793782853,13.914796556883113,0.2244322025303728,0.09180138461523361,0.8566687057659167,4792
340,0.5,62,38,62,51,11,0,0,16,1.3614399999999993,849.2531066070189,0.9849054094490807,139524.95325381326,1.2863451176616243,13.84058081099151,0.2232351743708308,0.09186423135280145,0.8551809605294792,4797
341,0.5,62,38,62,53,9,0,0,16,1.402079999999999,850.6551866070189,0.9846378446531072,139544.20294957684,1.2853341316979745,13.760519852144355,0.22194386858297346,0.09199382276077821,0.8533856830470784,4802
342,0.5,62,38,62,54,8,0,0,16,1.438655999999999,852.0938426070189,0.9844044899175524,139562.0928748399,1.2843256870665445,13.674676969879958,0.22055930596580572,0.09215386133183909,0.8513734478638941,4807
343,0.5,62,38,62,54,8,0,0,16,1.4711679999999991,853.565010607019,0.9841720913326504,139574.60594041404,1.283315304749197,13.58494633748562,0.21911203770138096,0.0924267336780164,0.8489428783648644,4812
344,0.5,62,38,62,53,9,0,0,16,1.4386559999999993,855.003666607019,0.9839076669414675,139587.70548156646,1.282271842222443,13.499539914333615,0.2177345147473164,0.09265937518925771,0.8466666475042661,4817
345,0.5,62,38,62,53,9,0,0,16,1.458975999999999,856.462642607019,0.9836443215848882,139597.44891623853,1.2812709662133757,13.411390163967297,0.21631274458011776,0.09293252214551777,0.8441851213285843,4822
346,0.5,61,39,62,52,9,1,0,16,1.3860257138581487,857.8486683208772,0.9833492068705048,139614.36838787622,1.2802554612269184,13.334138608741743,0.21859243620888105,0.08969304684792942,0.8558981997201356,4827
347,0.5,61,39,61,51,10,0,0,16,1.369567999999999,859.2182363208772,0.9830547361520813,139629.25241637466,1.2792544792107847,13.255981373959749,0.21731117006491393,0.08997230634686425,0.853667050806325,4832
348,0.5,61,39,61,53,8,0,0,16,1.4223999999999992,860.6406363208772,0.9828268620588139,139644.81216430868,1.2782289548962793,13.171495728017783,0.21592615947570137,0.09024440126068997,0.8512995103181565,4837
349,0.5,61,39,61,51,10,0,0,16,1.398015999999999,862.0386523208772,0.9825346043353356,139654.99073142244,1.2772291944640324,13.090284448544594,0.2145948270253212,0.09046326776199329,0.849107184797258,4841
350,0.5,61,39,61,52,9,0,0,16,1.422399999999999,863.4610523208772,0.9822760890105235,139665.82473622033,1.276237563076066,13.005915796799401,0.2132117343737607,0.09079498507192191,0.8464939861724624,4846
351,0.5,60,40,61,51,9,1,0,16,1.3855092301483947,864.8465615510256,0.98198608311114,139677.95603344473,1.2752495516644244,12.925665319131472,0.21542775531885783,0.08759808823875513,0.8581164149780859,4851
352,0.5,60,40,60,53,7,0,0,16,1.381759999999999,866.2283215510256,0.9817939897449212,139699.88857362905,1.2742488071995786,12.845877690328148,0.21409796150546914,0.08795857368785383,0.8555900784785877,4856
353,0.5,60,40,60,50,10,0,0,16,1.3411199999999992,867.5694415510256,0.9815054738615016,139714.4645658557,1.273270226273281,12.770700807464369,0.21284501345773946,0.0882920273982397,0.853188230065699,4861
354,0.5,60,40,60,50,10,0,0,16,1.332991999999999,868.9024335510256,0.9812180771966121,139730.30263457095,1.2723030367136463,12.696455497862486,0.2116075916310414,0.08863574657135874,0.8507374442416479,4866
355,0.5,60,40,60,51,9,0,0,16,1.373631999999999,870.2760655510257,0.9809640575595276,139744.16258707215,1.271380253400412,12.617051265094629,0.21028418775157712,0.08908284935932786,0.8478434554294937,4871
356,0.5,59,41,60,49,10,1,0,16,1.3332446188753375,871.609310169901,0.980646615572873,139755.27633620094,1.2704766540926993,12.541704892015394,0.21257126935619317,0.08594711379343951,0.8594935991562974,4876
357,0.5,59,41,59,50,9,0,0,16,1.341119999999999,872.9504301699011,0.9803940475042586,139769.6773873552,1.2695439809118099,12.463949608936794,0.2112533832023185,0.08644184473475666,0.8565803057686325,4881
358,0.5,59,41,59,50,9,0,0,16,1.3492479999999987,874.2996781699011,0.9801424355190556,139782.7347435564,1.2685977335303091,12.384807041323432,0.20991198375124462,0.08701043072012908,0.8533749821522096,4886
359,0.5,59,41,59,51,8,0,0,16,1.3695679999999988,875.669246169901,0.9799237936665492,139797.07581993617,1.2676744072586321,12.30428044305634,0.2085471261534973,0.08761011946311537,0.8499918404461241,4891
360,0.5,59,41,59,52,7,0,0,16,1.3898879999999991,877.0591341699011,0.9797379354426334,139812.69360595435,1.266717636721851,12.220179567711877,0.2071216875883369,0.08832859412816885,0.8461196200655257,4896
361,0.5,59,41,59,51,8,0,0,16,1.3533119999999987,878.412446169901,0.9795208778589428,139829.5305759395,1.265769031377667,12.14121625015639,0.2057833262738371,0.08894009404325537,0.842602586652011,4901
362,0.5,59,41,59,51,8,0,0,16,1.3898879999999987,879.8023341699011,0.9793046357615894,139840.50191919695,1.2648622853800509,12.05636487122274,0.20434516730886002,0.08970035707447417,0.838440703026017,4905
363,0.5,59,41,59,49,10,0,0,16,1.3858239999999986,881.188158169901,0.9790256459147678,139843.0049899065,1.2639745739603512,11.973041240463031,0.2029329023807293,0.09044318204803925,0.8342852075960404,4910
364,0.5,59,41,59,51,8,0,0,16,1.381759999999999,882.569918169901,0.9788111400114191,139855.2085889681,1.2630296126491731,11.89089631505226,0.20154061550936037,0.09102629462535643,0.8305717830209347,4915
365,0.5,59,41,59,51,8,0,0,16,1.4345919999999988,884.004510169901,0.9785974354915308,139859.01494579233,1.2621456221279868,11.801694344383852,0.20002871770142122,0.0918381664556863,0.8259031776907564,4920
366,0.5,58,42,59,49,9,1,0,16,1.33466371840528,885.3391738883063,0.9783213247377069,139869.5592064952,1.2611899599073981,11.723511352572958,0.2021295060788441,0.08936807601214762,0.8364831274410055,4925
367,0.5,57,43,58,49,8,1,0,16,1.338842630186555,886.6780165184929,0.978077092927891,139879.4124692424,1.2602469752321375,11.64468022740571,0.20429263556852123,0.08686861890963672,0.8468769044007081,4930
368,0.5,57,43,57,48,9,0,0,15,1.3167359999999992,887.9947525184929,0.9778330551969521,139888.21403245066,1.2593423394259455,11.570261712459065,0.20298704758700115,0.08744121551353799,0.8434797967691987,4935
369,0.5,57,43,57,48,9,0,0,15,1.3126719999999992,889.3074245184929,0.9775898918783003,139897.62884006248,1.2584666283234014,11.495599279891403,0.20167718034897197,0.08801416737504493,0.8400151783503135,4940
370,0.5,57,43,57,47,10,0,0,15,1.2760959999999995,890.583520518493,0.9773162237630596,139908.27039720942,1.257557503248775,11.426761054175488,0.20046949217851734,0.08856901563107984,0.8366840676965532,4945
371,0.5,57,43,57,48,9,0,0,15,1.2842239999999994,891.8677445184929,0.9770748512370812,139922.09132686313,1.2566489069843316,11.356952867133574,0.1992447871426943,0.08909067941652846,0.8333779057394561,4950
372,0.5,57,43,57,49,8,0,0,15,1.3045439999999993,893.1722885184929,0.9768656016506706,139937.16733791406,1.255726487612203,11.284089222128058,0.19796647758119396,0.0896597449657455,0.829791687228275,4955
373,0.5,57,43,57,48,9,0,0,15,1.3167359999999992,894.4890245184929,0.9766258894020722,139945.81998072576,1.2548698763479003,11.20920083720181,0.1966526462666984,0.09037008425599576,0.8256421050575578,4960
374,0.5,57,43,57,48,9,0,0,15,1.2598399999999996,895.748864518493,0.9763870284414816,139963.33678568862,1.2539143633407719,11.142080119961395,0.19547508982388417,0.09092059142918274,0.822136918468997,4965
375,0.5,57,43,57,48,9,0,0,15,1.2598399999999998,897.008704518493,0.9761490142421793,139980.80438628714,1.2529426118345344,11.075925151077163,0.19431447633468707,0.09142878607738457,0.8187401274514925,4969
376,0.5,57,43,57,47,10,0,0,15,1.2964159999999996,898.305120518493,0.9758808008691603,139988.06989702693,1.2520442564265488,11.004284226299985,0.19305761800526292,0.09206697872673236,0.814715227072119,4974
377,0.5,57,43,57,50,7,0,0,15,1.3289279999999992,899.634048518493,0.9757064947942489,140003.59391401015,1.2511315664499398,10.927306829329568,0.19170713735665912,0.09292623170868068,0.8097406424182477,4978
378,0.5,57,43,57,47,10,0,0,15,1.3329919999999995,900.967040518493,0.9754400074236753,140005.12152742938,1.2502609685049477,10.851117112055636,0.19037047565009887,0.09378608626219485,0.8046966006262171,4983
379,0.5,57,43,57,47,10,0,0,15,1.3086079999999993,902.2756485184931,0.9751744580991787,140010.42830694414,1.2494338823143225,10.777442706976077,0.18907794222765045,0.09446385695160407,0.8002542297447021,4988
380,0.5,57,43,57,47,10,0,0,15,1.3207999999999993,903.596448518493,0.9749098418765219,140013.83051851462,1.2485949918341537,10.703466424499966,0.18778011271052572,0.09522662464835205,0.7954383880862197,4993
381,0.5,56,44,57,47,9,1,0,15,1.284010576588963,904.880459095082,0.9746461538461538,140022.9154320663,1.247709014036851,10.633660975367109,0.1898868031315555,0.09343757422725614,0.8050669267559286,4998
382,0.5,56,44,56,46,10,0,0,14,1.2517119999999993,906.132171095082,0.974382602285293,140032.55159415968,1.2468034937772705,10.56832106458174,0.18872001901038823,0.09397795744220046,0.8012951109157072,5003
383,0.5,55,45,56,48,7,1,0,14,1.245941200370947,907.3781122954529,0.9741812829633264,140051.86843059014,1.2458679627028526,10.504142487326497,0.1909844088604818,0.09194915999443731,0.8118249299655299,5008
384,0.5,55,45,55,47,8,0,0,13,1.227327999999999,908.6054402954528,0.9739798573483944,140069.59936165035,1.245011706838751,10.44222687543962,0.18985867046253846,0.09244980493882414,0.8083351077453502,5013
385,0.5,54,46,55,46,8,1,0,13,1.2174417091547425,909.8228820046075,0.9737485483772386,140084.40820831605,1.2441511989653484,10.38218518825505,0.19226268867138982,0.09012744158640547,0.8198417705285561,5018
386,0.5,54,46,54,47,7,0,0,12,1.1907519999999996,911.0136340046075,0.9735782279716866,140107.67263594482,1.2432360334072863,10.325068210990674,0.1912049668701977,0.09059031101873337,0.8166775063208846,5023
387,0.5,54,46,54,47,7,0,0,12,1.2273279999999993,912.2409620046075,0.9734084678647579,140125.25782563398,1.2423580230741702,10.262608750536037,0.19004831019511179,0.09119052090233849,0.8128528208829071,5028
388,0.5,54,46,54,47,7,0,0,12,1.2354559999999994,913.4764180046075,0.9732392652961926,140141.54878747434,1.2414696391941789,10.199369537370833,0.18887721365501545,0.09177756946168594,0.8089896376904259,5032
389,0.5,54,46,54,47,7,0,0,12,1.2313919999999996,914.7078100046075,0.9730706175238326,140158.41845644044,1.2405587548050627,10.135624537616051,0.18769675069659358,0.0923695695604414,0.8050341185203957,5037
390,0.5,54,46,54,47,7,0,0,12,1.2110719999999995,915.9188820046074,0.9729025218234724,140178.35260585241,1.2396344582111452,10.075905778353148,0.18659084774728055,0.09293655018607708,0.8012304461710517,5042
391,0.5,54,46,54,46,8,0,0,12,1.1866879999999995,917.1055700046074,0.9727047146401985,140197.60015126073,1.238717486206152,10.019471242702272,0.18554576375374582,0.09341444297237024,0.7977855687136222,5047
392,0.5,54,46,54,46,8,0,0,12,1.1744959999999998,918.2800660046074,0.9725075528700906,140218.65960809603,1.2378060386950331,9.963983439183226,0.1845182118367264,0.0938759394786001,0.7943826083456096,5052
393,0.5,53,47,54,46,7,1,0,12,1.1792519636087542,919.4593179682162,0.972311033359474,140238.9398640662,1.2369193783692993,9.90764914091716,0.18693677624372004,0.09178880389601016,0.8057394726856184,5057
394,0.5,53,47,53,46,7,0,0,11,1.1785599999999996,920.6378779682161,0.9721444273797694,140259.27358645783,1.236024798403139,9.85194123215281,0.18588568362552477,0.09230464015410722,0.8021957794474979,5062
395,0.5,53,47,53,46,7,0,0,11,1.2070079999999999,921.8448859682161,0.9719783523752255,140275.2263079306,1.2351302500303913,9.792054115953741,0.18475573803686304,0.09294792483421475,0.798024107206939,5067
396,0.5,52,48,53,46,6,1,0,11,1.169039310667417,923.0139252788836,0.971812805811545,140296.90826265,1.2342263111073197,9.736453041940106,0.18723948157577122,0.09076215849842707,0.8097354336451182,5072
397,0.5,52,48,52,46,6,0,0,10,1.1826239999999995,924.1965492788836,0.9716769069384085,140316.47283381928,1.2333510181598772,9.678899286869859,0.1861326785936511,0.09140034781838788,0.8057176601680386,5077
398,0.5,51,49,52,45,6,1,0,10,1.1689954698975105,925.3655447487811,0.9715115061196397,140333.7316122511,1.2325055093609185,9.62299735546221,0.18868622265612178,0.0890735468627355,0.8177602510939296,5082
399,0.5,51,49,51,45,6,0,0,9,1.1419839999999997,926.507528748781,0.9713756424046851,140355.03864238953,1.231592700273784,9.57077367719712,0.18766222896464943,0.08957980240193845,0.8144256657979057,5087
400,0.5,51,49,51,45,6,0,0,9,1.1419839999999997,927.649512748781,0.9712401921298368,140376.29321244,1.230683163705186,9.518247068066602,0.18663229545228632,0.09009833194775303,0.8109933095793761,5092
401,0.5,51,49,51,45,6,0,0,9,1.1338559999999995,928.7833687487811,0.9711051534107834,140398.7241671538,1.2297834932186575,9.46802067992832,0.18564746431232004,0.09056529874108712,0.8077656528528022,5096
402,0.5,51,49,51,44,7,0,0,9,1.1419839999999994,929.925352748781,0.9709407810594569,140415.5716520991,1.2289057412985878,9.416286493289201,0.18463306849586672,0.09107161059172623,0.80430931346525,5101
403,0.5,51,49,51,45,6,0,0,9,1.1257279999999996,931.051080748781,0.9708066048942742,140439.12595519662,1.2280206643044973,9.366973348930491,0.1836661440966763,0.09152216062405592,0.8010830270132077,5106
404,0.5,51,49,51,46,5,0,0,9,1.1785599999999994,932.229640748781,0.9707024879162589,140458.95375610134,1.227156306961173,9.31017940277503,0.18255253730931434,0.09220910893374952,0.7967263505599549,5111
405,0.5,51,49,51,44,7,0,0,9,1.1379199999999994,933.367560748781,0.9705394682299994,140476.2769929716,1.2263064015506233,9.259263370362065,0.18155418373258952,0.09270570229019866,0.79318770738457,5116
406,0.5,51,49,51,44,7,0,0,9,1.1338559999999995,934.501416748781,0.9703769401330377,140494.16902627854,1.2254637274012596,9.208541186560122,0.18055963110902198,0.09321556385722246,0.789562911631432,5121
407,0.5,50,50,51,44,6,1,0,9,1.1833451752262478,935.6847619240073,0.9702149014051246,140504.58589244113,1.2246776875373813,9.151946376185727,0.18303892752371453,0.09122708964171096,0.8010219640281855,5126
408,0.5,50,50,50,44,6,0,0,8,1.0972799999999998,936.7820419240072,0.970081943052526,140527.8860060376,1.223804991896432,9.105394579932824,0.18210789159865648,0.09166068769692523,0.7978662679749652,5131
409,0.5,49,51,50,43,6,1,0,8,1.102814954892572,937.8848568788998,0.969919943489522,140546.03721682666,1.222961642447585,9.058780950725492,0.18487308062705085,0.08921189508637094,0.8111209490556706,5136
410,0.5,49,51,49,43,6,0,0,7,1.07696,938.9618168788998,0.9697869213813373,140568.01632118213,1.2220823854544798,9.015807108215489,0.1839960634329692,0.08954306628748522,0.8085149344505828,5141
411,0.5,49,51,49,43,6,0,0,7,1.0810239999999998,940.0428408788997,0.9696542818571344,140589.33726513578,1.221213289237031,8.97252107968404,0.18311267509559265,0.08988365167919832,0.8058350790038338,5146
412,0.5,49,51,49,43,6,0,0,7,1.0972799999999998,941.1401208788997,0.969522023268763,140608.1805081474,1.2203713892911743,8.926769954601193,0.1821789786653305,0.09033448663378749,0.8026501039644469,5151
413,0.5,49,51,49,43,6,0,0,7,1.0932160000000002,942.2333368788996,0.9693901439775254,140627.5864096603,1.2195201428315603,8.881778851817092,0.18126079289422642,0.09075385779280822,0.7995640204995885,5156
414,0.5,49,51,49,43,6,0,0,7,1.0850880000000003,943.3184248788997,0.9692586423541101,140648.15920141974,1.2186432905123454,8.83788737512115,0.18036504847186022,0.09113019508489364,0.796633878512415,5161
415,0.5,49,51,49,43,6,0,0,7,1.0769600000000001,944.3953848788997,0.9691275167785235,140669.89539242102,1.2177742151800732,8.795544606571513,0.17950091033819413,0.09146248201262712,0.7938847543477769,5166
416,0.5,48,52,49,43,5,1,0,7,1.0659316659387834,945.4613165448385,0.9689967656400245,140693.2231623371,1.2169020128823929,8.754522800656042,0.18238589168033426,0.08896172790264686,0.8078091506314633,5171
417,0.5,47,53,48,42,5,1,0,6,1.045509635293178,946.5068261801317,0.9688654814211307,140715.3084542601,1.216032171418973,8.713926969663671,0.18540270148220578,0.08617512409791554,0.8223421943379468,5176
418,0.5,47,53,47,42,5,0,0,6,1.020064,947.5268901801318,0.9687627128494217,140741.12448106677,1.21517766480642,8.674630955440417,0.1845666160732004,0.08651388559118263,0.81986174246774,5179
419,0.5,47,53,47,42,5,0,0,6,1.016,948.5428901801317,0.9686602246017237,140767.48809391563,1.2143274999015143,8.635786273356212,0.18374013347566412,0.08684054038112556,0.8174100215396157,5183
420,0.5,47,53,47,42,5,0,0,6,1.020064,949.5629541801318,0.9685580155326301,140793.19271193753,1.2134872536107562,8.596602193483196,0.18290642964857864,0.08718391026295379,0.8148608744832062,5187
421,0.5,47,53,47,42,5,0,0,6,1.020064,950.5830181801318,0.9684560845029663,140818.84216306717,1.2126540954608505,8.557479880749497,0.1820740400159467,0.087533534826248,0.8122631148179514,5191
422,0.5,47,53,47,42,5,0,0,6,1.020064,951.6030821801319,0.9683544303797469,140844.4366247118,1.2118279988001361,8.518236870845724,0.1812390823584197,0.08788317916133057,0.8096314582119787,5195
423,0.5,47,53,47,42,5,0,0,6,1.016,952.6190821801318,0.9682530520361338,140870.5772436172,1.2110056664278204,8.479561526427686,0.18041620268995084,0.0882180723299681,0.8070429324138636,5199
424,0.5,47,53,47,42,5,0,0,6,1.020064,953.6391461801319,0.968151948351395,140896.06172125417,1.2101936174027241,8.44037156777488,0.1795823737824442,0.08857353593242528,0.804333416790716,5203
425,0.5,47,53,47,42,5,0,0,6,1.016,954.6551461801319,0.9680511182108626,140922.09164566264,1.2093599131027688,8.401731693875632,0.17876024880586447,0.08891225526168174,0.8016741839256339,5207
426,0.5,47,53,47,42,5,0,0,6,1.0160000000000002,955.6711461801318,0.9679505605058925,140948.06622382923,1.2085080136784185,8.362927120478826,0.17793461958465587,0.08925226820069608,0.7989747282085659,5211
427,0.5,47,53,47,42,5,0,0,6,1.0525760000000002,956.7237221801319,0.9678502741338232,140968.59612999862,1.207644736953666,8.319443871397972,0.17700944407229732,0.08971596553822224,0.7956147986578332,5215
428,0.5,47,53,47,42,5,0,0,6,1.0160000000000002,957.7397221801318,0.967750257997936,140994.46527352283,1.2067816821306379,8.280746943197187,0.17618610517440828,0.09006230134169271,0.7928315205797057,5219
429,0.5,47,53,47,42,5,0,0,6,1.0200640000000003,958.7597861801319,0.9676505110074146,141019.68183154258,1.2059293086664582,8.241998605769298,0.17536167246317655,0.09041116612294932,0.7900066541137805,5223
430,0.5,47,53,47,42,5,0,0,6,1.0241280000000001,959.7839141801319,0.9675510320773058,141044.24756445066,1.2050875767944549,8.202313549629373,0.1745173095665824,0.09080074474692222,0.7869625833567834,5227
431,0.5,46,54,47,41,5,1,0,6,0.9991813686251437,960.783095548757,0.9674232690935046,141068.2604928512,1.2042577404856796,8.165659141263733,0.17751432915790727,0.08833940249166079,0.8015054585668262,5231
432,0.5,46,54,46,41,5,0,0,5,0.9997440000000003,961.782839548757,0.9673234296142111,141092.14099064903,1.2034305438870154,8.12932935041306,0.1767245510959361,0.0886405449836205,0.7989919448152178,5235
433,0.5,46,54,46,41,5,0,0,5,0.9956800000000003,962.778519548757,0.9672238516957599,141116.56756081124,1.202605224642609,8.092966895872099,0.17593406295374128,0.08894269981421576,0.7964469533304559,5239
434,0.5,46,54,46,41,5,0,0,5,0.9956800000000003,963.774199548757,0.9671245343116344,141140.9436605471,1.2017621771690294,8.056704832643003,0.1751457572313696,0.08924645632329771,0.7938734265520722,5243
435,0.5,46,54,46,41,5,0,0,5,0.9956800000000003,964.769879548757,0.9670254764406828,141165.26944611894,1.200925934495432,8.020560581559634,0.17436001264260073,0.08955505684230118,0.7912600088773241,5247
436,0.5,46,54,46,41,5,0,0,5,0.9956800000000003,965.765559548757,0.9669266770670827,141189.54507314466,1.2000964720717724,7.984249355060511,0.17357063815348936,0.0898633231531565,0.7886137347296245,5251
437,0.5,46,54,46,41,5,0,0,5,0.9956800000000003,966.761239548757,0.9668281351803065,141213.77069660107,1.1992737654621521,7.948061979104183,0.17278395606748226,0.09017202418197157,0.7859436095037207,5254
438,0.5,46,54,46,41,5,0,0,5,1.0038080000000003,967.765047548757,0.966729849775087,141236.76025106054,1.198437809896807,7.910806970209199,0.17197406456976522,0.09051371602892383,0.7830763174716207,5258
439,0.5,46,54,46,41,5,0,0,5,0.9956800000000003,968.760727548757,0.966631819851383,141260.88734652236,1.197604333121472,7.874596319327994,0.17118687650713033,0.0908267661253582,0.7803322414548082,5262
440,0.5,46,54,46,41,5,0,0,5,0.9956800000000002,969.756407548757,0.9665340444143458,141284.96489785903,1.1967532749675172,7.838381868577402,0.17039960583863917,0.09114510074150814,0.7775398827981328,5266
441,0.5,46,54,46,41,5,0,0,5,1.0038080000000003,970.7602155487571,0.9664365224742849,141307.80990283613,1.195913969154689,7.801221439899545,0.16959177043259882,0.09149079624613403,0.7745723207298115,5270
442,0.5,46,54,46,41,5,0,0,5,0.9956800000000002,971.755895548757,0.9663392530466354,141331.78983436286,1.1950764310744495,7.7649885620227375,0.16880409917440736,0.09181146427970237,0.7717119916071382,5274
443,0.5,46,54,46,41,5,0,0,5,0.9956800000000002,972.751575548757,0.966242235151924,141355.72067557953,1.1942456197248745,7.728821179235885,0.16801785172251926,0.09213317820239397,0.7688217747025216,5278
444,0.5,46,54,46,41,5,0,0,5,0.9956800000000002,973.747255548757,0.9661454678157371,141379.60257707423,1.1934215110685389,7.6924514009702545,0.1672272043689186,0.09245868733287646,0.7658784307323302,5282
445,0.5,45,55,46,41,4,1,0,5,0.999355769519752,974.7466113182768,0.9660489500686871,141402.9024564567,1.1926054175982685,7.6562313861231095,0.17013847524718023,0.09038821065034872,0.7798852238801617,5286
446,0.5,45,55,45,41,4,0,0,4,0.9794240000000001,975.7260353182768,0.9659797278378227,141429.04360954807,1.1918091305352325,7.622676272889104,0.16939280606420232,0.09065501980605847,0.7773549046146507,5290
447,0.5,45,55,45,41,4,0,0,4,0.9794240000000001,976.7054593182768,0.9659106798288543,141455.13233481182,1.1910189696896014,7.589090824898027,0.16864646277551168,0.09092245484881574,0.7747963606339792,5294
448,0.5,45,55,45,41,4,0,0,4,0.9794240000000002,977.6848833182768,0.9658418053848732,141481.16878981123,1.1902349132714227,7.555528711093651,0.16790063802430338,0.0911913878519367,0.7722084914618222,5298
449,0.5,45,55,45,41,4,0,0,4,0.9794240000000001,978.6643073182768,0.9657731038522692,141507.1531314788,1.1894569395941945,7.521826547931318,0.1671517010651404,0.09146130581318936,0.7695853919978634,5302
450,0.5,45,55,45,41,4,0,0,4,0.9794240000000001,979.6437313182768,0.9657045745807099,141533.08551611943,1.1886850270707128,7.488259874849305,0.16640577499665118,0.09173443842721064,0.7669310802514178,5306
451,0.5,45,55,45,41,4,0,0,4,0.9794240000000001,980.6231553182768,0.9656362169231197,141558.96609941366,1.1879191542203178,7.4547001577990875,0.16566000350664642,0.0920070971738554,0.764253704113632,5310
452,0.5,45,55,45,41,4,0,0,4,0.9794240000000002,981.6025793182768,0.9655680302356603,141584.7950364206,1.1871359063696123,7.421149676433054,0.1649144372540679,0.0922814767682377,0.7615446424052975,5314
453,0.5,45,55,45,41,4,0,0,4,0.9794240000000002,982.5820033182767,0.9655000138777097,141610.5724815811,1.1863353449551406,7.387428544372824,0.16416507876384054,0.09255494453381527,0.7588051793743934,5318
454,0.5,45,55,45,41,4,0,0,4,0.9794240000000003,983.5614273182767,0.9654321672118423,141636.29858872094,1.1855175311204025,7.353939871719946,0.16342088603822097,0.09283221865026339,0.7560363955193693,5322
455,0.5,45,55,45,41,4,0,0,4,0.9834880000000003,984.5449153182767,0.9653644896038096,141661.38875940716,1.1847059530541166,7.3197977023308445,0.16266217116290763,0.09312672851913625,0.7531397631800896,5326
456,0.5,45,55,45,41,4,0,0,4,0.9834880000000003,985.5284033182767,0.9652969804225197,141686.42885364362,1.1839038484594744,7.285965270286471,0.16191033933969934,0.09340635674768225,0.7502913271729664,5329
457,0.5,45,55,45,41,4,0,0,4,0.9794240000000003,986.5078273182767,0.9652296390400177,141712.00281302622,1.1831043234516982,7.252416096400931,0.16116480214224288,0.09368611082518162,0.7474305287852095,5333
458,0.5,44,56,45,41,3,1,0,4,0.9766473048063882,987.4844746230831,0.9651624648314668,141737.924592104,1.1823076791065092,7.21898183709494,0.164067769024885,0.09181530395595328,0.7615145813239719,5337
459,0.5,44,56,44,41,3,0,0,3,0.9631680000000002,988.4476426230831,0.9651220452917516,141765.7283577881,1.181490780152943,7.187303456757279,0.1633478058353927,0.09206759257039211,0.7589108247211251,5341
460,0.5,44,56,44,41,3,0,0,3,0.9631680000000002,989.4108106230831,0.9650817236255572,141793.4779908569,1.1806794990191238,7.155495439813505,0.1626248963593978,0.09231967648152048,0.7562774839408064,5345
461,0.5,44,56,44,41,3,0,0,3,0.9631680000000002,990.3739786230831,0.9650414994778211,141821.1736492471,1.1798738160234499,7.1238012346114115,0.16190457351389573,0.09257288274549234,0.7536215790368594,5349
462,0.5,44,56,44,41,3,0,0,3,0.9672320000000002,991.341210623083,0.9650013724951962,141848.23398153373,1.1790757924230155,7.091455012823415,0.1611694321096231,0.09284560913848301,0.7508285986266306,5353
463,0.5,44,56,44,41,3,0,0,3,0.9712960000000003,992.3125066230831,0.9649613423260405,141874.66051304637,1.1782856323826962,7.0587326926074985,0.16042574301380677,0.09314109277407061,0.7478977308755271,5357
464,0.5,44,56,44,41,3,0,0,3,0.9631680000000001,993.2756746230831,0.9649214086204064,141902.19654124253,1.1774729757952769,7.026987912472002,0.15970427073800006,0.09339633065215168,0.7451562808377866,5361
465,0.5,44,56,44,41,3,0,0,3,0.9631680000000001,994.2388426230831,0.9648815710300311,141929.67921843272,1.176665894519277,6.99523868926953,0.15898269748339844,0.09365532561162161,0.7423747503829436,5365
466,0.5,43,57,44,41,2,1,0,3,0.9531790592062006,995.1920216822892,0.9648418292083265,141958.53355132882,1.175858147086875,6.964697252540627,0.16196970354745646,0.09175495545294123,0.7570503628623677,5369
467,0.5,43,57,43,41,2,0,0,2,0.9469120000000001,996.1389336822892,0.9648285082812628,141988.22595675313,1.1750634297426066,6.934961578729262,0.16127817624951774,0.09197504715932542,0.7545867503919953,5373
468,0.5,43,57,43,41,2,0,0,2,0.9469120000000001,997.0858456822892,0.9648152185762564,142017.86196563923,1.1742737675899748,6.905319587792892,0.16058882762309049,0.09219159279622421,0.7521210167553836,5377
469,0.5,42,58,43,41,1,1,0,2,0.9312090177773523,998.0170547000666,0.9648019599836668,142049.67673884635,1.1734731928737578,6.877773794132769,0.16375651890792303,0.09001827210687767,0.7679436310162535,5381
470,0.5,41,59,42,41,0,1,0,1,0.92946813753531,998.946522837602,0.9648149658754113,142081.67980486958,1.1726616802802858,6.8505120789092455,0.16708566046120113,0.08755139570803583,0.7845803892201823,5385
471,0.5,41,59,41,41,0,0,0,0,0.9144000000000001,999.860922837602,0.9648541474278886,142115.7650573362,1.1718557879784293,6.82520990533569,0.16646853427648026,0.08765568852481849,0.7829225538545281,5389
472,0.5,41,59,41,41,0,0,0,0,0.9144000000000001,1000.775322837602,0.964893241813397,142149.7880229855,1.1710306138881759,6.799704522535593,0.1658464517691608,0.08776242569140846,0.7812315688644593,5393
473,0.5,41,59,41,41,0,0,0,0,0.9144000000000001,1001.689722837602,0.9649322493224932,142183.74887239444,1.1702096229204928,6.7743534359892195,0.16522813258510294,0.08786780958310131,0.7795399156595333,5397
474,0.5,41,59,41,41,0,0,0,0,0.9184640000000001,1002.6081868376019,0.9649711702444438,142217.071306536,1.1693938267014936,6.748971426568902,0.16460905918460733,0.08797282011009486,0.7778344417368029,5401
475,0.5,41,59,41,41,0,0,0,0,0.9184640000000001,1003.5266508376019,0.9650100048672328,142250.33274487613,1.1685822963257115,6.723394345394475,0.1639852279364506,0.08807729718298055,0.776107165125483,5405
476,0.5,41,59,41,41,0,0,0,0,0.9144000000000001,1004.4410508376019,0.965048753477568,142284.10903837768,1.1677737659057417,6.698019083506566,0.16336631910991622,0.08818171644109199,0.7743765477196486,5409
477,0.5,41,59,41,41,0,0,0,0,0.9144000000000001,1005.3554508376019,0.9650874163608892,142317.82389083813,1.1669693612735714,6.672763346130754,0.16275032551538424,0.0882877068932632,0.772631962818592,5413
478,0.5,41,59,41,41,0,0,0,0,0.9144000000000001,1006.2698508376019,0.9651259938013744,142351.4774697524,1.1661690682604453,6.647360215293594,0.16213073695838034,0.08839486920318965,0.77086081203677,5417
479,0.5,41,59,41,41,0,0,0,0,0.9144000000000001,1007.1842508376019,0.9651644860819469,142385.06994200713,1.1653496350057204,6.622065041499859,0.16151378149999657,0.08850067392619758,0.7690865617008168,5421
480,0.5,41,59,41,41,0,0,0,0,0.9144000000000001,1008.0986508376019,0.9652028934842821,142418.60147388343,1.1645343383113353,6.596627531749162,0.1608933544329064,0.08860639777526659,0.7672906408057871,5425
481,0.5,41,59,41,41,0,0,0,0,0.9144000000000001,1009.0130508376019,0.9652412162888149,142452.07223105972,1.163723164016323,6.57131592579921,0.16027599819022464,0.08871167457439498,0.7654888719811153,5429
482,0.5,41,59,41,41,0,0,0,0,0.9144000000000001,1009.9274508376019,0.9652794547747457,142485.4823786143,1.1629160980268356,6.546010728070734,0.15965879824562768,0.08881653119307326,0.7636746634612404,5433
483,0.5,41,59,41,41,0,0,0,0,0.9184640000000002,1010.8459148376019,0.9653176092200483,142518.25909900886,1.162115157408619,6.5206564830124165,0.1590404020246931,0.08892421918008489,0.7618315854443108,5437
484,0.5,41,59,41,41,0,0,0,0,0.9144000000000001,1011.7603148376019,0.9653556799014752,142551.54890429767,1.1613162636936418,6.4953023649779436,0.15842200890190106,0.08902982861676229,0.7599821948525388,5441
485,0.5,41,59,41,41,0,0,0,0,0.9144000000000001,1012.6747148376019,0.9653936670945656,142584.77859117425,1.1605214363889882,6.469925504131617,0.1578030610763809,0.08913760684529515,0.758107718178507,5445
486,0.5,41,59,41,41,0,0,0,0,0.9184640000000002,1013.5931788376018,0.9654315710736516,142617.37649594108,1.1597330232033516,6.444265178301799,0.15717719947077557,0.08924678853340882,0.7561961481291,5449
487,0.5,41,59,41,41,0,0,0,0,0.9144000000000001,1014.5075788376018,0.9654693921118642,142650.4868162904,1.1589462845861078,6.418782927205183,0.15655568115134594,0.08935726484660624,0.754273958917345,5453
488,0.5,41,59,41,41,0,0,0,0,0.9144000000000001,1015.4219788376018,0.9655071304811409,142683.53750413703,1.1581635710522487,6.393469254366487,0.15593827449674358,0.08946301767078041,0.752365774236545,5457
489,0.5,41,59,41,41,0,0,0,0,0.9144000000000001,1016.3363788376018,0.9655447864522313,142716.52872043548,1.1573848689491228,6.368207279011691,0.1553221287563827,0.08956912147291543,0.7504438988660496,5461
490,0.5,41,59,41,41,0,0,0,0,0.9144000000000001,1017.2507788376018,0.9655823602947043,142749.46062556148,1.1566101646847744,6.342850409503263,0.15470366852446982,0.08967716271785577,0.7484929306735224,5465
491,0.5,41,59,41,41,0,0,0,0,0.9144000000000001,1018.1651788376018,0.9656198522769541,142782.33337931466,1.1558394447310238,6.317549844433306,0.15408658157154403,0.0897833511345404,0.7465375454781972,5468
492,0.5,41,59,41,41,0,0,0,0,0.9144000000000001,1019.0795788376018,0.9656572626662067,142815.1471409211,1.1550726956168096,6.292286306295585,0.15347039771452647,0.08989192885863001,0.7445587050235841,5472
493,0.5,41,59,41,41,0,0,0,0,0.9144000000000001,1019.9939788376018,0.965694591728526,142847.9020690359,1.1543099039364866,6.2669321882611095,0.15285200459173437,0.08999888781818824,0.7425654879977351,5476
494,0.5,41,59,41,41,0,0,0,0,0.9184640000000002,1020.9124428376018,0.9657318397288207,142880.02954941304,1.1535542881931464,6.241512302813209,0.15223200738568804,0.09010715936604244,0.7405467436924996,5480
495,0.5,41,59,41,41,0,0,0,0,0.9144000000000001,1021.8268428376018,0.9657690069308502,142912.66766340836,1.1527993677659356,6.215932742241645,0.15160811566443036,0.09021466722383488,0.7385052428411728,5484
496,0.5,41,59,41,41,0,0,0,0,0.9144000000000001,1022.7412428376018,0.9658060935972307,142945.24741603096,1.1520483649114475,6.190675399545368,0.15099208291574068,0.09032162462538715,0.7364699429826546,5488
497,0.5,41,59,41,41,0,0,0,0,0.9184640000000002,1023.6597068376018,0.9658430999894414,142977.20133202354,1.1513048206588277,6.165261754469037,0.15037223791387894,0.09042926775535953,0.7344057041704363,5492
498,0.5,41,59,41,41,0,0,0,0,0.9144000000000001,1024.5741068376017,0.9658800263678312,143009.66520836012,1.1505616095294124,6.1397787427978585,0.14975070104385024,0.09054019488552505,0.7323064166863369,5496
499,0.5,41,59,41,41,0,0,0,0,0.9144000000000001,1025.4885068376016,0.9659168729916241,143042.07119039883,1.1497995585027678,6.114455805432669,0.14913306842518706,0.09064802781130103,0.7302142002798648,5500
500,0.5,41,59,41,41,0,0,0,0,0.9144000000000001,1026.4029068376014,0.9659536401189255,143074.41943287003,1.14904142347743,6.089196899953468,0.14851699755984069,0.09075763000921008,0.7281019170011295,5504
501,0.5,41,59,41,41,0,0,0,0,0.9144000000000001,1027.3173068376013,0.9659903280067283,143106.7100899531,1.1482871913493857,6.063935770510886,0.14790087245148503,0.09086547488625979,0.7259805844326183,5508
502,0.5,41,59,41,41,0,0,0,0,0.9144000000000001,1028.2317068376012,0.9660269369109191,143138.94331527903,1.1475368490726137,6.038546058988689,0.14728161119484606,0.09097606318224248,0.7238220345277877,5512
503,0.5,41,59,41,41,0,0,0,0,0.9144000000000001,1029.146106837601,0.9660634670862838,143171.11926193276,1.1467903836575006,6.013064274095727,0.14666010424623727,0.09108717211191333,0.7216380436182777,5516
504,0.5,41,59,41,41,0,0,0,0,0.9144000000000001,1030.060506837601,0.9660999187865134,143203.23808245573,1.146047782172434,5.987775040441007,0.14604329366929286,0.09119506707756272,0.7194640353209831,5520
505,0.5,41,59,41,41,0,0,0,0,0.9144000000000001,1030.9749068376009,0.9661362922642102,143235.2999288481,1.1453090317430834,5.96241817093258,0.14542483343738,0.0913055752987552,0.7172568234703878,5524
506,0.5,41,59,41,41,0,0,0,0,0.9144000000000001,1031.8893068376008,0.9661725877708938,143267.30495257134,1.1445741195552215,5.937122997138845,0.14480787797899625,0.09141491990346004,0.7150417722771037,5528
507,0.5,41,59,41,41,0,0,0,0,0.9144000000000001,1032.8037068376007,0.9662088055570063,143299.25330455045,1.143843032848045,5.911791813082013,0.14419004422151252,0.09152517510847079,0.7128029025719734,5532
508,0.5,41,59,41,41,0,0,0,0,0.9144000000000001,1033.7181068376005,0.9662449458719186,143331.14513517648,1.1430932670854543,5.8864457460915744,0.14357184746564816,0.09163602341113154,0.7105429053235212,5536
509,0.5,41,59,41,41,0,0,0,0,0.9144000000000001,1034.6325068376004,0.9662810089639358,143362.9805943088,1.142347351191049,5.861154419822138,0.14295498584932043,0.09174426417397989,0.7082809498112699,5540
510,0.5,41,59,41,41,0,0,0,0,0.9184640000000001,1035.5509708376005,0.966316995080303,143394.19708128218,1.1416057103043047,5.835752274010948,0.14233542131734023,0.09185420247176199,0.7059859248050323,5544
511,0.5,41,59,41,41,0,0,0,0,0.9184640000000001,1036.4694348376006,0.966352904467211,143425.3582434799,1.140868002216379,5.810343235867166,0.14171568867968695,0.09196387316789721,0.703673812593197,5548
512,0.5,41,59,41,41,0,0,0,0,0.9144000000000001,1037.3838348376005,0.9663887373698018,143457.02622530007,1.1401335585313999,5.784855214185237,0.14109402961427409,0.09207693857521121,0.7013226287106696,5552
513,0.5,41,59,41,41,0,0,0,0,0.9144000000000001,1038.2982348376004,0.9664244940321743,143488.63842892164,1.139380545990106,5.759358861558495,0.14047216735508525,0.09218856630769554,0.6989591894752323,5556
514,0.5,41,59,41,41,0,0,0,0,0.9144000000000001,1039.2126348376003,0.9664601746973899,143520.1950015818,1.1386313692887104,5.734120863819396,0.13985660643461942,0.09229915226085605,0.6966012915890722,5560
515,0.5,41,59,41,41,0,0,0,0,0.9144000000000001,1040.1270348376001,0.9664957796074776,143551.69608999998,1.1378860157910415,5.708709949438847,0.13923682803509385,0.09241088356180566,0.6942072677801342,5564
516,0.5,41,59,41,41,0,0,0,0,0.9144000000000001,1041.0414348376,0.96653130900344,143583.14184038015,1.137144472912194,5.683261203005595,0.13861612690257546,0.0925218575841925,0.6917955370488665,5568
517,0.5,41,59,41,41,0,0,0,0,0.9144000000000001,1041.9558348376,0.9665667631252584,143614.53239841305,1.1364067281210566,5.657960637935637,0.13799903994964968,0.09263167804683602,0.6893818750352338,5572
518,0.5,41,59,41,41,0,0,0,0,0.9144000000000001,1042.8702348375998,0.9666021422118983,143645.8679092784,1.135672768943707,5.632679360161204,0.13738242341856596,0.09274393541751955,0.6869400397934807,5576
519,0.5,41,59,41,41,0,0,0,0,0.9144000000000001,1043.7846348375997,0.9666374465013149,143677.14851764723,1.1349425829627742,5.607340230289488,0.1367643958607192,0.09285583747019148,0.6844769221042698,5580
520,0.5,41,59,41,41,0,0,0,0,0.9144000000000001,1044.6990348375996,0.9666726762304582,143708.3743676841,1.1341939608128897,5.581969423091968,0.13614559568516993,0.09296781690887897,0.6819923457708004,5584
521,0.5,41,59,41,41,0,0,0,0,0.9144000000000001,1045.6134348375995,0.9667078316352784,143739.54560304916,1.1334491356245202,5.556561281833722,0.1355258849227737,0.09307979660747433,0.6794860718692725,5588
522,0.5,41,59,41,41,0,0,0,0,0.9144000000000001,1046.5278348375994,0.9667429129507312,143770.6623669006,1.1327080949812778,5.531230295502731,0.13490805598787148,0.09319146530928715,0.6769684498856902,5592
523,0.5,41,59,41,41,0,0,0,0,0.9144000000000001,1047.4422348375992,0.966777920410783,143801.7248018966,1.1319708265213855,5.505918999833532,0.13429070731301296,0.09330133960150805,0.6744419636873336,5595
524,0.5,41,59,41,41,0,0,0,0,0.9144000000000001,1048.3566348375991,0.9668128542484163,143832.7330501977,1.1312373179357273,5.480619194171826,0.13367363888223965,0.09341326760947363,0.6718878186213847,5599
525,0.5,41,59,41,41,0,0,0,0,0.9144000000000001,1049.271034837599,0.9668477146956344,143863.68725346887,1.1305075569702765,5.45533715698914,0.13305700382900343,0.09352540354978178,0.6693151200305096,5603
526,0.5,41,59,41,41,0,0,0,0,0.9144000000000001,1050.185434837599,0.9668825019834668,143894.58755288168,1.1297815314241448,5.430029104635792,0.13243973425940955,0.09363885091745627,0.6667149958614937,5607
527,0.5,41,59,41,41,0,0,0,0,0.9144000000000001,1051.0998348375988,0.9669172163419747,143925.43408911643,1.1290592291518848,5.404519598678477,0.13181755118727992,0.09374936946850829,0.6640929586703053,5611
528,0.5,41,59,41,41,0,0,0,0,0.9144000000000001,1052.0142348375987,0.9669518580002554,143956.22700236435,1.1283406380525163,5.379120183563071,0.13119805325763587,0.09386304707464808,0.6614455047625435,5615
529,0.5,41,59,41,41,0,0,0,0,0.9144000000000001,1052.9286348375986,0.9669864271864476,143986.96643232967,1.127625746083387,5.3537822095840095,0.1305800538922929,0.09397487740200734,0.6587925381964623,5619
530,0.5,41,59,41,41,0,0,0,0,0.9144000000000001,1053.8430348375985,0.9670209241277365,144017.6525182317,1.1269145412540624,5.3284916684487955,0.12996321142558034,0.09408694432725413,0.6561230040194572,5623
531,0.5,41,59,41,41,0,0,0,0,0.9144000000000001,1054.7574348375983,0.967055349050359,144048.28539880706,1.126207011625131,5.303059438832269,0.12934291314225047,0.09420016168504164,0.653416378004227,5627
532,0.5,41,59,41,41,0,0,0,0,0.9144000000000001,1055.6718348375982,0.9670897021796078,144078.86521231162,1.1255031453081419,5.277600785642792,0.1287219703815315,0.09431591202999325,0.6506755063987892,5631
533,0.5,41,59,41,41,0,0,0,0,0.9144000000000001,1056.586234837598,0.9671239837398374,144109.39209652267,1.124802930464762,5.2522616557710755,0.12810394282368476,0.094429802623069,0.647934076631998,5635
534,0.5,41,59,41,41,0,0,0,0,0.9144000000000001,1057.500634837598,0.9671581939544681,144139.86618874097,1.1241063553104902,5.226984222404602,0.12748742005864883,0.09454235651912342,0.6451847514201126,5639
535,0.5,41,59,41,41,0,0,0,0,0.9144000000000001,1058.415034837598,0.9671923330459916,144170.28762579281,1.1234134081087876,5.201705353325307,0.12687086227622701,0.09465511839270475,0.6424145751720095,5643
536,0.5,41,59,41,41,0,0,0,0,0.9144000000000001,1059.3294348375978,0.967226401235975,144200.65654403204,1.1227240771752944,5.176441815187586,0.12625467841920943,0.09476911271893067,0.6396199877492034,5647
537,0.5,41,59,41,41,0,0,0,0,0.9144000000000001,1060.2438348375977,0.9672603987450663,144230.97307934213,1.122038350877006,5.151054762556614,0.12563548201357594,0.0948819735287298,0.6367999930851531,5651
538,0.5,41,59,41,41,0,0,0,0,0.9144000000000001,1061.1582348375975,0.9672943257929989,144261.23736713815,1.121356217626357,5.125764221421399,0.12501863954686337,0.09499503359943891,0.633967708019879,5655
539,0.5,41,59,41,41,0,0,0,0,0.9144000000000001,1062.0726348375974,0.9673281825985962,144291.4495423689,1.120677665889132,5.1003319918048735,0.1243983412635335,0.09510932840063183,0.6310964748113068,5659
540,0.5,41,59,41,41,0,0,0,0,0.9144000000000001,1062.9870348375973,0.9673619693797765,144321.6097395188,1.1199809617586076,5.07493304289312,0.12377885470471024,0.09522361213640086,0.6282081046633519,5662
541,0.5,41,59,41,41,0,0,0,0,0.9144000000000001,1063.9014348375972,0.9673956863535578,144351.7180926099,1.1192878626100047,5.049695045154021,0.12316329378424441,0.09533719821524854,0.6253178488939121,5666
542,0.5,41,59,41,41,0,0,0,0,0.9144000000000001,1064.815834837597,0.9674293337360618,144381.7747352039,1.1185983569088105,5.024372107788833,0.12254566116558128,0.09545076462659523,0.6223997060157962,5670
543,0.5,41,59,41,41,0,0,0,0,0.9144000000000001,1065.730234837597,0.9674629117425195,144411.7798004041,1.1179124331662214,4.99911320230963,0.12192959030023487,0.09556542582577511,0.6194619953311797,5674
544,0.5,40,60,41,40,0,1,0,0,0.9142008368209662,1066.644435674418,0.9674713019014846,144438.0103127697,1.1172462957132954,4.973708766862679,0.12434271917156699,0.09490277171824499,0.6319002087978572,5678
545,0.5,40,60,40,40,0,0,0,0,0.8940800000000001,1067.538515674418,0.967503952222027,144466.91874397517,1.1165584546152663,4.949088732806648,0.12372721832016623,0.09501515178209258,0.6290365534300784,5682
546,0.5,40,60,40,40,0,0,0,0,0.898144,1068.436659674418,0.9675365370634981,144495.2291762855,1.1158753034167241,4.924346339454486,0.12310865848636217,0.09512499539747113,0.6261537192241845,5686
547,0.5,40,60,40,40,0,0,0,0,0.8940800000000001,1069.330739674418,0.9675690566226741,144524.0413149017,1.115194513435537,4.8998982553778045,0.12249745638444513,0.09523444969373165,0.6232807972215014,5690
548,0.5,40,60,40,40,0,0,0,0,0.8940800000000001,1070.224819674418,0.9676015110955443,144552.8053134329,1.1144962175908233,4.8752732463725375,0.12188183115931346,0.09534795529425699,0.6203509708276328,5694
549,0.5,40,60,40,40,0,0,0,0,0.8940800000000001,1071.1188996744181,0.9676339006773137,144581.521292429,1.113801464044654,4.850824057182989,0.12127060142957476,0.09545993245152831,0.6174256493617062,5698
550,0.5,40,60,40,40,0,0,0,0,0.8940800000000001,1072.0129796744181,0.9676662255624079,144610.18937203768,1.1131102418298187,4.826342746837021,0.12065856867092553,0.09557201252657926,0.6144767472304525,5702
551,0.5,40,60,40,40,0,0,0,0,0.8940800000000001,1072.9070596744182,0.9676984859444763,144638.80967200623,1.112422540024509,4.801898392789211,0.1200474598197303,0.09568204676574855,0.6115216605777206,5706
552,0.5,40,60,40,40,0,0,0,0,0.8940800000000001,1073.8011396744182,0.9677306820163963,144667.38231168303,1.11173834775005,4.7773870040758535,0.11943467510189634,0.09579279158989724,0.6085364166794134,5710
553,0.5,40,60,40,40,0,0,0,0,0.8940800000000001,1074.6952196744182,0.9677628139702771,144695.9074100193,1.1110576541737718,4.752808073259156,0.1188202018314789,0.0959055529840591,0.6055142585668952,5714
554,0.5,40,60,40,40,0,0,0,0,0.8940800000000001,1075.5892996744183,0.9677948819974633,144724.38508557086,1.1103804485058757,4.7283792229436985,0.11820948057359246,0.09601722865380338,0.6024924815528437,5718
555,0.5,40,60,40,40,0,0,0,0,0.8940800000000001,1076.4833796744183,0.9678268862885394,144752.81545649955,1.1097067200040833,4.703946501334229,0.11759866253335578,0.09612780298730118,0.599455807001301,5722
556,0.5,40,60,40,40,0,0,0,0,0.8940800000000001,1077.3774596744183,0.9678588270333325,144781.19864057496,1.1090364579685443,4.679406504702985,0.11698516261757463,0.09623965929580774,0.596381673783061,5726
557,0.5,40,60,40,40,0,0,0,0,0.8981440000000002,1078.2756036744183,0.967890704420917,144808.98897082638,1.1083720462481774,4.654860932296269,0.11637152330740674,0.09635335736246957,0.5932775305622427,5730
558,0.5,40,60,40,40,0,0,0,0,0.8940800000000001,1079.1696836744184,0.9679225186396175,144837.27847858664,1.107708682766227,4.630395804911646,0.11575989512279113,0.09646393931046673,0.5901771728677055,5734
559,0.5,40,60,40,40,0,0,0,0,0.8940800000000001,1080.0637636744184,0.9679542698770137,144865.5211500694,1.1070487539167442,4.605946818205316,0.11514867045513293,0.09657501137292542,0.587055971466983,5738
560,0.5,39,61,40,39,0,1,0,0,0.890020615977648,1080.953784290396,0.967961237052236,144890.5607956356,1.1064017988620067,4.581686106612206,0.1174791309387745,0.09613615152458309,0.5989256280837312,5742
561,0.5,39,61,39,39,0,0,0,0,0.8737600000000001,1081.827544290396,0.9679920968140282,144917.73742258913,1.105762869943387,4.557998201311367,0.11687174875157351,0.09624634925371833,0.5958811587438931,5746
562,0.5,39,61,39,39,0,0,0,0,0.8737600000000001,1082.701304290396,0.9680228971847319,144944.8701854603,1.1051070836957098,4.534271349943299,0.11626336794726405,0.0963585457387382,0.5928027232927008,5750
563,0.5,39,61,39,39,0,0,0,0,0.8737600000000001,1083.5750642903959,0.968053638335634,144971.95919036094,1.1044546696055433,4.510616514409174,0.11565683370279935,0.09646748956926418,0.5897284310961699,5754
564,0.5,39,61,39,39,0,0,0,0,0.8737600000000001,1084.4488242903958,0.968084320437363,144999.00454306076,1.1038056176351503,4.486992228808308,0.11505108278995661,0.09657604511754068,0.5866396448391322,5758
565,0.5,39,61,39,39,0,0,0,0,0.8737600000000001,1085.3225842903958,0.9681149436598927,145026.0063489889,1.1031599177869975,4.463412770901589,0.11444648130516896,0.09668541849080235,0.5835319367008641,5762
566,0.5,39,61,39,39,0,0,0,0,0.8737600000000001,1086.1963442903957,0.9681455081725452,145052.96471323536,1.1025175601070412,4.439650767105353,0.11383719915654751,0.09679647426639917,0.580376112428469,5766
567,0.5,39,61,39,39,0,0,0,0,0.8818880000000001,1087.0782322903956,0.9681760141439937,145078.79498949414,1.101859878290902,4.4156546258209035,0.11322191348258724,0.09690722365035613,0.5771760248203204,5770
568,0.5,38,62,39,38,0,1,0,0,0.8577431778226157,1087.9359754682182,0.9681819296911415,145104.12704392793,1.101213577119681,4.392658592035932,0.11559627873778769,0.09650624243279568,0.5892805820353326,5773
569,0.5,38,62,38,38,0,0,0,0,0.8534400000000001,1088.7894154682183,0.9682115634420725,145129.99277463355,1.100579714570089,4.369784150446209,0.11499431974858448,0.09661580860753678,0.5862005938874523,5777
570,0.5,38,62,38,38,0,0,0,0,0.8534400000000001,1089.6428554682184,0.9682411420455936,145155.81798775285,1.0999491258457244,4.346854475293337,0.11439090724456151,0.09672497279857692,0.5830969941960281,5780
571,0.5,38,62,38,38,0,0,0,0,0.8534400000000001,1090.4962954682185,0.9682706656555031,145181.60277841502,1.0993218015153343,4.323986859881084,0.11378912789160749,0.0968324808756927,0.5799891840144854,5784
572,0.5,38,62,38,38,0,0,0,0,0.8534400000000001,1091.3497354682186,0.9683001344250275,145207.34724145164,1.0986977321858857,4.301211602324699,0.11318977900854471,0.09693918773384541,0.5768764831560139,5788
573,0.5,38,62,38,38,0,0,0,0,0.8575040000000002,1092.2072394682186,0.9683295485068248,145232.51107292782,1.0980797779780407,4.278281503805029,0.11258635536329023,0.09704927991529455,0.5737097810602046,5792
574,0.5,38,62,38,38,0,0,0,0,0.8534400000000001,1093.0606794682187,0.9683589080529872,145258.17549053687,1.0974621878688666,4.255416676042267,0.11198464936953334,0.09715794879538327,0.5705382714940926,5795
575,0.5,38,62,38,38,0,0,0,0,0.8534400000000001,1093.9141194682188,0.968388213215043,145283.79986288064,1.0968478248031048,4.23250721144939,0.11138176872235238,0.09726589002643478,0.5673458959728832,5799
576,0.5,38,62,38,38,0,0,0,0,0.8534400000000001,1094.767559468219,0.9684174641439599,145309.38428361248,1.0962172638892762,4.209551700334621,0.1107776763245953,0.09737592531827113,0.5641181610811872,5803
577,0.5,38,62,38,38,0,0,0,0,0.8575040000000002,1095.625063468219,0.9684466609901472,145334.3897555141,1.0955931134101824,4.18665093014198,0.11017502447742052,0.09748580056533993,0.5608782135809866,5807
578,0.5,38,62,38,38,0,0,0,0,0.8534400000000001,1096.478503468219,0.9684758039034587,145359.8948778841,1.0949690314822873,4.163756352161386,0.10957253558319438,0.09759492453805935,0.5576234649594519,5811
579,0.5,38,62,38,38,0,0,0,0,0.8534400000000001,1097.3319434682192,0.9685048930331949,145385.36032749736,1.094348176668702,4.140856241105614,0.10896990108172669,0.09770338445340553,0.5543521367886214,5815
580,0.5,38,62,38,38,0,0,0,0,0.8534400000000001,1098.1853834682192,0.9685339285281059,145410.7861968473,1.0937305397527743,4.118104115252712,0.10837116092770295,0.0978108471294498,0.5510843950221349,5819
581,0.5,38,62,38,38,0,0,0,0,0.8534400000000001,1099.0388234682193,0.9685629105363939,145436.1725781401,1.0931161115568238,4.0951725805636245,0.10776769948851642,0.09792094535251185,0.5477626731901116,5823
582,0.5,38,62,38,38,0,0,0,0,0.8534400000000001,1099.8922634682194,0.968591839205715,145461.5195632957,1.0925048829336335,4.072354014129595,0.10716721089814724,0.09802929000669029,0.5444443978276877,5827
583,0.5,38,62,38,38,0,0,0,0,0.8534400000000001,1100.7457034682195,0.9686207146831829,145486.82724394902,1.0918968447737416,4.049451018049479,0.10656450047498628,0.09813923501364495,0.5410887329661934,5831
584,0.5,38,62,38,38,0,0,0,0,0.8534400000000001,1101.5991434682196,0.9686495371153707,145512.095711451,1.091291988001411,4.026544474600089,0.10596169670000236,0.09824981341141324,0.5377104148767455,5835
585,0.5,38,62,38,38,0,0,0,0,0.8534400000000001,1102.4525834682197,0.9686783066483131,145537.32505686965,1.0906710534742132,4.00373438755833,0.10536143125153498,0.09835752813555924,0.5343396328917709,5839
586,0.5,38,62,38,38,0,0,0,0,0.8534400000000001,1103.3060234682198,0.9687070234275098,145562.51537099128,1.0900533187226222,3.9809776290469077,0.10476256918544496,0.09846580292131162,0.530953981311923,5843
587,0.5,38,62,38,38,0,0,0,0,0.857504,1104.1635274682199,0.9687356875979269,145587.1308922824,1.0894390780464738,3.957964579783717,0.10415696262588732,0.09857721005325684,0.5275016742392065,5847
588,0.5,38,62,38,38,0,0,0,0,0.8534400000000001,1105.01696746822,0.9687642993040002,145612.24373654477,1.0888277153651176,3.935112081206449,0.10355558108438025,0.09868848453743914,0.5240515310160287,5851
589,0.5,38,62,38,38,0,0,0,0,0.8534400000000001,1105.87040746822,0.9687928586896369,145637.31781983536,1.088219525336872,3.9120884471353308,0.10294969597724553,0.09879697923860647,0.5205750999370823,5855
590,0.5,38,62,38,38,0,0,0,0,0.8534400000000001,1106.7238474682201,0.9688213658982187,145662.35323182473,1.0875953396345517,3.8892175657237633,0.10234783067694114,0.09890751670312357,0.5170892798810455,5859
591,0.5,38,62,38,38,0,0,0,0,0.8534400000000001,1107.5772874682202,0.9688498210726036,145687.350061907,1.086974344763553,3.8663034684723674,0.10174482811769386,0.09901734040108055,0.5135831587014982,5863
592,0.5,38,62,38,38,0,0,0,0,0.8534400000000001,1108.4307274682203,0.9688782243551289,145712.30839920096,1.0863565317130646,3.843525802220842,0.10114541584791688,0.09912727258508369,0.5100759537715084,5867
593,0.5,38,62,38,38,0,0,0,0,0.8534400000000001,1109.2841674682204,0.968906575887613,145737.2283325512,1.0857418915106072,3.8206247349858566,0.10054275618383833,0.09923836946457633,0.5065288005204017,5871
594,0.5,38,62,38,38,0,0,0,0,0.8534400000000001,1110.1376074682205,0.9689348758113578,145762.10995052903,1.0851304152144454,3.797743137629224,0.09994060888497959,0.09934831614948286,0.5029720041078041,5875
595,0.5,38,62,38,38,0,0,0,0,0.857504,1110.9951114682206,0.9689631242671516,145786.42005539825,1.0845232983020985,3.7748679078352065,0.09933862915355805,0.09945886559645706,0.4993951815184237,5879
596,0.5,38,62,38,38,0,0,0,0,0.8534400000000001,1111.8485514682206,0.968991321395271,145811.22562593344,1.0839181220000744,3.751866895966269,0.0987333393675334,0.09957295764938763,0.49576612924803043,5883
597,0.5,38,62,38,38,0,0,0,0,0.8534400000000001,1112.7019914682207,0.969019467335483,145835.99314483168,1.0832970492621312,3.7290228299169077,0.09813217973465545,0.09968220911254365,0.49216470438831256,5887
598,0.5,38,62,38,38,0,0,0,0,0.8534400000000001,1113.5554314682208,0.9690475622270481,145860.7226995824,1.082679140626391,3.7061529825982116,0.09753034164732136,0.09979236081466233,0.4885379537206216,5891
599,0.5,38,62,38,38,0,0,0,0,0.8534400000000001,1114.408871468221,0.9690756062087218,145885.41437740708,1.082064387216594,3.6833475519846846,0.09693019873643904,0.09990348792861183,0.484897854856553,5895
600,0.5,35,65,38,35,0,3,0,0,0.8358415943295813,1115.2447130625505,0.9690321351151766,145901.61073543128,1.0814951710762477,3.6609770203760066,0.10459934343931447,0.09997091603258551,0.5226135478167138,5899
601,0.5,31,69,35,30,0,5,0,0,0.7291286206898528,1115.9738416832404,0.9689389251201981,145913.81439048066,1.080982514095658,3.641712471986745,0.11747459587054014,0.09859883327158975,0.5866964738309285,5903
602,0.5,31,69,31,30,1,0,0,1,0.6868160000000001,1116.6606576832403,0.9689380425734332,145931.53155237716,1.0804449663929492,3.6234280734463056,0.11688477656278405,0.09872085475018988,0.5836523317006437,5906
603,0.5,31,69,31,30,1,0,0,1,0.6868160000000001,1117.3474736832402,0.9689371613271224,145949.2269333495,1.0799101037918601,3.605076465371306,0.116292789205526,0.09884234617907547,0.580583671233922,5909
604,0.5,31,69,31,30,1,0,0,1,0.69088,1118.0383536832403,0.9689362813783932,145966.36999291732,1.0793783188094734,3.5865157142851185,0.11569405529951994,0.09897087864681776,0.5774336825673776,5912
605,0.5,31,69,31,30,1,0,0,1,0.69088,1118.7292336832404,0.9689354027243818,145983.4918788237,1.0788493060505004,3.567872988619404,0.11509267705223884,0.09910201401685219,0.5742410351296819,5915
606,0.5,31,69,31,30,1,0,0,1,0.6868160000000001,1119.4160496832403,0.9689345253622329,146001.12268021106,1.078308637126275,3.549532721504823,0.11450105553241366,0.09922325053544728,0.5711202848735115,5918
607,0.5,31,69,31,30,1,0,0,1,0.6868160000000001,1120.1028656832402,0.9689336492890995,146018.7318601619,1.077770650002124,3.5311811229750067,0.11390906848306474,0.09934660489323593,0.5679694625816725,5921
608,0.5,31,69,31,30,1,0,0,1,0.6868160000000001,1120.7896816832401,0.968932774502143,146036.3194584249,1.0772353387788483,3.5128711840359452,0.11331842529148209,0.09947087325222836,0.5648019237594076,5924
609,0.5,31,69,31,30,1,0,0,1,0.69088,1121.4805616832402,0.968931900998533,146053.35624734958,1.076703392294358,3.4944683142129094,0.11272478432944867,0.09959643181840591,0.5615970030319635,5927
610,0.5,31,69,31,30,1,0,0,1,0.6868160000000001,1122.1673776832401,0.9689310287754475,146070.90106148977,1.076173414740838,3.476090798408351,0.11213196123897909,0.09972006471872075,0.5583871611230464,5930
611,0.5,31,69,31,30,1,0,0,1,0.6868160000000001,1122.85419368324,0.9689301578300727,146088.42441236405,1.0756460954976805,3.457726092109794,0.11153955135838045,0.09984390889089167,0.5551601711562758,5933
612,0.5,31,69,31,30,1,0,0,1,0.6868160000000001,1123.54100968324,0.9689292881596033,146105.92633933364,1.0751214287352562,3.439372885076379,0.11094751242181868,0.09996671324170014,0.5519221294143581,5936
613,0.5,31,69,31,30,1,0,0,1,0.6868160000000001,1124.2278256832399,0.9689284197612419,146123.40688166357,1.0745845653275528,3.420987354403323,0.11035443078720396,0.1000934040821908,0.548642413157895,5939
614,0.5,31,69,31,30,1,0,0,1,0.6868160000000001,1124.9146416832398,0.9689275526321993,146140.86607852296,1.0740503644644042,3.402454579348151,0.1097565993338113,0.10021781379268717,0.5453347645504817,5942
615,0.5,31,69,31,30,1,0,0,1,0.694944,1125.6095856832399,0.9689266867696947,146157.24856335472,1.073521389402381,3.3839122921149225,0.10915846103596524,0.10034506496145229,0.5419936913558822,5945
616,0.5,31,69,31,30,1,0,0,1,0.6868160000000001,1126.2964016832398,0.968925822170955,146174.66570429684,1.072992494285399,3.3656278935744837,0.10856864172820914,0.1004680630287566,0.5386938370641065,5948
617,0.5,31,69,31,30,1,0,0,1,0.6868160000000001,1126.9832176832397,0.9689249588332157,146192.06161622528,1.0724662442848232,3.3473179546354213,0.1079779985366265,0.10059290840139737,0.535363718389455,5950
618,0.5,31,69,31,30,1,0,0,1,0.6868160000000001,1127.6700336832396,0.9689240967537199,146209.4363379291,1.0719426336266884,3.328917307127381,0.10738442926217358,0.10071779604427812,0.532002533790812,5953
619,0.5,31,69,31,30,1,0,0,1,0.6868160000000001,1128.3568496832395,0.9689232359297191,146226.78990810298,1.0714216565504688,3.3105757325323064,0.10679276556555826,0.10084154554902174,0.5286384991026882,5956
620,0.5,31,69,31,30,1,0,0,1,0.6868160000000001,1129.0436656832394,0.9689223763584724,146244.12236534737,1.070903307314728,3.29222413400249,0.10620077851620936,0.10096577088195186,0.5252534348086177,5959
621,0.5,31,69,31,30,1,0,0,1,0.6868160000000001,1129.7304816832393,0.9689215180372472,146261.43374816887,1.0703875801943032,3.273870926969075,0.10560873957964757,0.10108920854489746,0.5218549402258005,5962
622,0.5,31,69,31,30,1,0,0,1,0.6868160000000001,1130.4172976832392,0.9689206609633189,146278.7240949805,1.0698744694809155,3.2553823837585183,0.1050123349599522,0.10121742002088019,0.5183951650106595,5965
623,0.5,31,69,31,30,1,0,0,1,0.6868160000000001,1131.1041136832391,0.9689198051339704,146295.99344410203,1.0693639694810801,3.2370388803183126,0.10442060904252622,0.10134125540084661,0.5149622677767892,5968
624,0.5,31,69,31,30,1,0,0,1,0.6868160000000001,1131.790929683239,0.9689189505464928,146313.24183376017,1.0688560745195,3.2187313500743913,0.1038300435507868,0.1014655187411706,0.5115161338860639,5971
625,0.5,31,69,31,30,1,0,0,1,0.6868160000000001,1132.477745683239,0.9689180971981851,146330.46930208887,1.0683507789382314,3.200295307059769,0.103235332485799,0.10159323866006519,0.5080164026159294,5974
626,0.5,31,69,31,30,1,0,0,1,0.6868160000000001,1133.1645616832388,0.968917245086354,146347.67588712968,1.06783337341054,3.1819529473304726,0.10264364346227332,0.10171720704189229,0.5045332429335941,5977
627,0.5,31,69,31,30,1,0,0,1,0.6868160000000001,1133.8513776832388,0.9689163942083139,146364.86162683193,1.0673185772564033,3.1635905483608995,0.10205130801164192,0.10184426600420854,0.5010154305455214,5980
628,0.5,31,69,31,30,1,0,0,1,0.6868160000000001,1134.5381936832387,0.9689155445613872,146382.02655905313,1.0668063848210525,3.145238949831083,0.10145932096229299,0.101969123436188,0.4974939626869334,5983
629,0.5,31,69,31,30,1,0,0,1,0.6868160000000001,1135.2250096832386,0.9689146961429038,146399.1707215591,1.06629679046372,3.126897375236008,0.10086765726567767,0.10209338860679092,0.49396097594972954,5986
630,0.5,31,69,31,30,1,0,0,1,0.6868160000000001,1135.9118256832385,0.9689138489502016,146416.2941520243,1.0657897885613274,3.108533976417946,0.1002752895618692,0.10221687485770188,0.4904124349120272,5989
631,0.5,31,69,31,30,1,0,0,1,0.6868160000000001,1136.5986416832384,0.9689130029806259,146433.39688803224,1.0652853735044405,3.090224037478883,0.09968464637028655,0.10234245529249117,0.48684657164256384,5992
632,0.5,31,69,31,30,1,0,0,1,0.6868160000000001,1137.2854576832383,0.96891215823153,146450.47896707556,1.0647835397065086,3.0716681307202283,0.0990860687329106,0.10246903131656203,0.48322042048616287,5995
633,0.5,31,69,31,30,1,0,0,1,0.69088,1137.9763376832384,0.9689113147002744,146467.01735409469,1.0642698470662009,3.053288392600675,0.09849317395486047,0.10259533968769263,0.47960868453081346,5998
634,0.5,31,69,31,30,1,0,0,1,0.6868160000000001,1138.6631536832383,0.9689104723842276,146484.05848600995,1.0637585503972729,3.034924993782612,0.09790080625105199,0.10271914047459896,0.4759966216775435,6001
635,0.5,30,70,31,29,1,1,0,1,0.6849650807636034,1139.3481187640018,0.9688864121853813,146497.8062903821,1.0632660068896702,3.0164553331243305,0.10054851110414437,0.10297618052342075,0.4880735647386038,6004
636,0.5,30,70,30,29,1,0,0,1,0.6664960000000001,1140.0146147640019,0.9688848670471948,146513.91116996953,1.062765424882662,2.998703072912202,0.09995676909707338,0.10310400956721696,0.48450471506735215,6007
637,0.5,30,70,30,29,1,0,0,1,0.67056,1140.6851747640019,0.9688833240586162,146529.4751766899,1.0622698170240712,2.980741669688885,0.09935805565629617,0.10323918400478178,0.4808501608438827,6010
638,0.5,30,70,30,29,1,0,0,1,0.6664960000000001,1141.351670764002,0.9688817832151629,146545.54269679118,1.06177431346389,2.9629763112531986,0.09876587704177328,0.10336877579825864,0.47724035366017914,6013
639,0.5,30,70,30,29,1,0,0,1,0.6664960000000001,1142.018166764002,0.9688802445123645,146561.59146248348,1.0612813420518958,2.9452224520826538,0.09817408173608848,0.10349709964572637,0.4736238362914184,6016
640,0.5,29,71,30,28,1,1,0,1,0.6626437899176033,1142.6808105539196,0.9688555694386598,146574.61510954177,1.060813146493016,2.9275998002144608,0.10095171724877451,0.10377190477538935,0.4862270292869668,6019
641,0.5,29,71,29,28,1,0,0,1,0.6461760000000001,1143.3269865539196,0.968853330866881,146589.73501986515,1.0603352509063155,2.9104226363966204,0.10035940125505584,0.10390798108546263,0.48263301183231716,6022
642,0.5,29,71,29,28,1,0,0,1,0.6461760000000001,1143.9731625539196,0.9688510952953138,146604.8378491529,1.0598598352413744,2.89330034130443,0.09976897728635967,0.10404135532619614,0.4790466881118356,6025
643,0.5,29,71,29,28,1,0,0,1,0.6461760000000001,1144.6193385539195,0.9688488627179309,146619.92362633345,1.0593868945338527,2.8760898179216445,0.09917551096281532,0.1041769203908056,0.4754200829872823,6028
644,0.5,28,72,29,27,1,1,0,1,0.642691591131097,1145.2620301450506,0.9688235565606683,146631.94586022463,1.0589200631519837,2.858937889058103,0.10210492460921797,0.10445027050701082,0.4886468914100412,6031
645,0.5,28,72,28,27,1,0,0,1,0.6258560000000001,1145.8878861450507,0.968820626354873,146646.10912792987,1.0584512893621052,2.84230408306979,0.10151086010963536,0.10459153628250599,0.4850560299658284,6034
646,0.5,28,72,28,27,1,0,0,1,0.625856,1146.5137421450509,0.9688176999308596,146660.25693281819,1.0579849546086657,2.8256589985048035,0.10091639280374298,0.10473469739386876,0.4814394917340838,6037
647,0.5,28,72,28,27,1,0,0,1,0.6258560000000001,1147.139598145051,0.9688147772813119,146674.3893001981,1.057521054194669,2.809113335301224,0.10032547626075798,0.10487343073782603,0.47784724313141946,6040
648,0.5,28,72,28,27,1,0,0,1,0.6258560000000001,1147.765454145051,0.968811858398932,146688.50625532304,1.0570595834356389,2.792565263402504,0.09973447369294657,0.10501302522028771,0.47423633743059534,6043
649,0.5,28,72,28,27,1,0,0,1,0.6258560000000001,1148.3913101450512,0.9688089432764411,146702.60782339133,1.0566005376605585,2.77590664124643,0.09913952290165821,0.10515559392181856,0.47057757126491645,6046
650,0.5,28,72,28,27,1,0,0,1,0.6664960000000001,1149.0578061450512,0.968806031906579,146711.5049377414,1.0561526382743314,2.7583599188471766,0.09851285424454202,0.10522171376365794,0.4671062562515763,6050
651,0.5,27,73,28,27,0,1,0,1,0.6354836216115943,1149.693289766663,0.9688031242821042,146724.3494430034,1.0556921838116906,2.7417471966198916,0.10154619246740341,0.10551055289462703,0.48086076499545694,6053
652,0.5,26,74,27,26,0,1,0,0,0.6336391265867974,1150.3269288932497,0.9687995040980784,146733.93777054132,1.0552603062090613,2.725284422581346,0.10481863163774409,0.10566189824964907,0.4959936765781579,6056
653,0.5,26,74,26,26,0,0,0,0,0.62992,1150.9568488932498,0.9688181171557717,146743.98971812797,1.0548244403183085,2.7091034607488806,0.10419628695188006,0.10572958755622759,0.49269638002971256,6058
654,0.5,26,74,26,26,0,0,0,0,0.6096,1151.5664488932498,0.9688367080189869,146756.6202214583,1.0543818730056578,2.693456510319212,0.10359448116612352,0.1058366400464689,0.4892952780535838,6061
655,0.5,26,74,26,26,0,0,0,0,0.62992,1152.1963688932499,0.9688552767273977,146766.6489544955,1.0539518899856262,2.67730464726611,0.10297325566408115,0.10590757764451851,0.4859549438557085,6064
656,0.5,26,74,26,26,0,0,0,0,0.6096,1152.8059688932499,0.9688738233205836,146779.25389512684,1.0535017565965852,2.6616677174389434,0.10237183528611322,0.10601081305127175,0.4825423642122433,6067
657,0.5,24,76,26,24,0,2,0,0,0.6197265864931826,1153.4256954797431,0.968846567628814,146783.62088125804,1.053090506649981,2.645831443415994,0.11024297680899975,0.10608329208032184,0.519221647448807,6070
658,0.5,22,78,24,21,0,2,1,0,0.5060283999602506,1153.9317238797034,0.9687950401500767,146792.0471329884,1.052697551661245,2.632726273050841,0.11966937604776548,0.1053762035151443,0.563257177250042,6073
659,0.5,21,79,22,20,0,1,1,0,0.4477093713541925,1154.3794332510577,0.9687650058308371,146804.41726402764,1.0523116148959466,2.621061380678677,0.12481244669898463,0.104673554072612,0.5870858530207741,6076
660,0.5,21,79,21,21,0,0,0,1,0.46736000000000005,1154.8467932510578,0.9687799972573936,146817.74326331812,1.0519111426249035,2.608800358550948,0.12422858850242612,0.10479955023709663,0.5842263976428789,6078
661,0.5,21,79,21,21,0,0,0,1,0.46736000000000005,1155.3141532510579,0.9687949743003997,146831.05848105793,1.051512025251586,2.596449197672623,0.12364043798441066,0.10493052133324565,0.5813112345065241,6080
662,0.5,21,79,21,21,0,0,0,1,0.46736000000000005,1155.781513251058,0.9688099369805462,146844.36293032623,1.0511142607626194,2.5842322438307894,0.12305867827765662,0.10505546668986167,0.5784334071261854,6082
663,0.5,21,79,21,21,0,0,0,1,0.47142400000000007,1156.252937251058,0.9688248853184837,146857.14044861306,1.050718230087828,2.571735901516784,0.1224636143579421,0.1051787894188444,0.57549447418811,6084
664,0.5,21,79,21,21,0,0,0,1,0.46736000000000005,1156.7202972510581,0.9688398193348237,146870.423561978,1.050323165162388,2.5593379347083163,0.12187323498611032,0.10531383915095287,0.5725036158808345,6086
665,0.5,21,79,21,21,0,0,0,1,0.47142400000000007,1157.1917212510582,0.968854739050138,146883.18009762513,1.049930020946179,2.5469584073831193,0.12128373368491044,0.10542811374559666,0.5695969096050979,6088
666,0.5,21,79,21,21,0,0,0,1,0.47142400000000007,1157.6631452510583,0.9688696444849589,146895.92624383024,1.0495383166335566,2.5345565334886624,0.12069316826136485,0.10554416886814862,0.5666617578388157,6090
667,0.5,21,79,21,21,0,0,0,1,0.46736000000000005,1158.1305052510584,0.9688845356597799,146909.1775310048,1.0491372535235355,2.5222615792176946,0.12010769424846164,0.10567598349284762,0.5636582295549628,6092
668,0.5,21,79,21,21,0,0,0,1,0.47142400000000007,1158.6019292510584,0.9688994125950549,146921.90277124423,1.048738400693829,2.509848072884896,0.11951657489928073,0.10579192196720552,0.5606897400329992,6094
669,0.5,21,79,21,21,0,0,0,1,0.47142400000000007,1159.0733532510585,0.9689142753111986,146934.61766013943,1.048340991267925,2.497459306759179,0.118926633655199,0.10590749730746749,0.5577120047440319,6096
670,0.5,21,79,21,21,0,0,0,1,0.46736000000000005,1159.5407132510586,0.968929123828587,146947.83723657616,1.0479439736725544,2.485207523431971,0.11834321540152247,0.10603290182205313,0.5546999801859259,6098
671,0.5,21,79,21,21,0,0,0,1,0.46736000000000005,1160.0080732510587,0.9689439581675571,146961.04616084354,1.0475483008931907,2.472990569590138,0.11776145569476845,0.1061581449698612,0.5516803205567158,6100
672,0.5,21,79,21,21,0,0,0,1,0.46736000000000005,1160.4754332510588,0.968958778348407,146974.2444458114,1.047153970945348,2.460632921668401,0.11717299626992383,0.10628647889403463,0.5486027273028646,6102
673,0.5,21,79,21,21,0,0,0,1,0.46736000000000005,1160.942793251059,0.9689735843913961,146987.43210432894,1.0467609818420969,2.4483904274279453,0.11659002035371169,0.10641532268317988,0.5455305740160132,6104
674,0.5,21,79,21,21,0,0,0,1,0.47142400000000007,1161.414217251059,0.9689883763167454,147000.0947673041,1.0463707598439327,2.4359885535334875,0.11599945493016607,0.10653201425643713,0.5424674112559518,6106
675,0.5,21,79,21,21,0,0,0,1,0.4754880000000001,1161.889705251059,0.9690031541446368,147012.232940898,1.0459834912058112,2.4234473032026997,0.11540225253346191,0.10663787368819315,0.5394106459953886,6108
676,0.5,21,79,21,21,0,0,0,1,0.46736000000000005,1162.357065251059,0.9690179178952143,147025.38927922974,1.0455945105853761,2.4111862810749716,0.11481839433690341,0.10676486608833938,0.536297433585841,6110
677,0.5,21,79,21,21,0,0,0,1,0.46736000000000005,1162.8244252510592,0.9690326675885833,147038.53504202462,1.045196879998645,2.398910222333371,0.11423382011111294,0.10689253997019758,0.5331629275131261,6112
678,0.5,21,79,21,21,0,0,0,1,0.46736000000000005,1163.2917852510593,0.969047403244811,147051.670242029,1.0448005902073028,2.386693268491538,0.11365206040435896,0.1070181649091021,0.5300353411795611,6114
679,0.5,21,79,21,21,0,0,0,1,0.47142400000000007,1163.7632092510594,0.9690621248839264,147064.28132415563,1.044407538881603,2.3741087148090374,0.11305279594328747,0.10714707835099344,0.5268005268877601,6116
680,0.5,21,79,21,21,0,0,0,1,0.46736000000000005,1164.2305692510595,0.9690768325259203,147077.39559712147,1.0440139238326382,2.3617401164930207,0.11246381507109622,0.10728223544259449,0.523566749936921,6118
681,0.5,21,79,21,21,0,0,0,1,0.46736000000000005,1164.6979292510596,0.9690915261907456,147090.49934532127,1.0436216436699222,2.349416063442689,0.11187695540203281,0.10741213742149479,0.5203519829212694,6120
682,0.5,21,79,21,21,0,0,0,1,0.46736000000000005,1165.1652892510597,0.9691062058983173,147103.59258141977,1.0432306964292921,2.337173569202233,0.1112939794858206,0.10754145265105262,0.5171426707022124,6122
683,0.5,21,79,21,21,0,0,0,1,0.46736000000000005,1165.6326492510598,0.9691208716685128,147116.6753180615,1.0428410801534769,2.324878614931265,0.1107085054729174,0.10767415372210609,0.5138919731939474,6124
684,0.5,21,79,21,21,0,0,0,1,0.47142400000000007,1166.1040732510598,0.9691355235211713,147129.23480463802,1.04245317188643,2.3124767410368072,0.1101179400493718,0.10779146939406162,0.5106751035279862,6126
685,0.5,21,79,21,21,0,0,0,1,0.46736000000000005,1166.57143325106,0.9691501614760948,147142.2967401418,1.0420662114952457,2.300119093115071,0.10952948062452718,0.10792033366510832,0.5073996790965545,6128
686,0.5,21,79,21,21,0,0,0,1,0.475488,1167.04692125106,0.9691647855530474,147154.32333766075,1.041681712096681,2.28764665127726,0.10893555482272668,0.10802518933177926,0.5041959178678466,6130
687,0.5,21,79,21,21,0,0,0,1,0.46736000000000005,1167.51428125106,0.969179395771756,147167.36468172775,1.0412973994283958,2.2753856291495316,0.10835169662616814,0.10815248030651775,0.5009201492266857,6132
688,0.5,21,79,21,21,0,0,0,1,0.46736000000000005,1167.9816412510602,0.9691939921519102,147180.39558898244,1.040904478726493,2.2630998668147218,0.10776666032451054,0.10828016430340795,0.4976231954397906,6134
689,0.5,21,79,21,21,0,0,0,1,0.46736000000000005,1168.4490012510603,0.9692085747131619,147193.4160719485,1.0405128870167981,2.25077581376439,0.10717980065544716,0.1084104526464435,0.49429189458630984,6136
690,0.5,21,79,21,21,0,0,0,1,0.46736000000000005,1168.9163612510604,0.9692231434751262,147206.4261431296,1.0401226223515119,2.238533319523934,0.10659682473923494,0.10854022016522327,0.49096744654985813,6138
691,0.5,21,79,21,21,0,0,0,1,0.46736000000000005,1169.3837212510605,0.969237698457381,147219.42581500928,1.039733682790512,2.226266199455484,0.10601267616454686,0.1086663097754275,0.4876409504864495,6140
692,0.5,21,79,21,21,0,0,0,1,0.46736000000000005,1169.8510812510606,0.9692522396794669,147232.4151000513,1.0393460663930392,2.2140492456136505,0.10543091645779287,0.1087927707590531,0.4843106679592383,6142
693,0.5,21,79,21,21,0,0,0,1,0.46736000000000005,1170.3184412510607,0.9692667671608882,147245.3940106994,1.0389597712256473,2.201788223485922,0.10484705826123437,0.10892057875028392,0.4809510836782968,6144
694,0.5,21,79,21,21,0,0,0,1,0.46736000000000005,1170.7858012510608,0.9692812809211118,147258.3625593775,1.0385747953560545,2.189493269214954,0.10426158424833114,0.10905373662757617,0.47754622091724025,6146
695,0.5,21,79,21,21,0,0,0,1,0.47142400000000007,1171.2572252510608,0.969295780979568,147270.8097600218,1.0381925504890586,2.1770797628821557,0.10367046489915029,0.10917149225898957,0.47417165662147226,6148
696,0.5,21,79,21,21,0,0,0,1,0.47142400000000007,1171.728649251061,0.9693102673556504,147283.2469448504,1.0378117138893033,2.1645834205681505,0.10307540097943574,0.10929689940529182,0.4707298756360063,6150
697,0.5,21,79,21,21,0,0,0,1,0.46736000000000005,1172.196009251061,0.9693247400687162,147296.1847996018,1.0374306829464346,2.152225772646414,0.10248694155459115,0.10942622269789878,0.4672892045100755,6152
698,0.5,21,79,21,21,0,0,0,1,0.471424,1172.667433251061,0.9693391991380859,147308.60182676918,1.037042776517294,2.139823898751956,0.10189637613104552,0.10954436781499652,0.4638764104070478,6154
699,0.5,21,79,21,21,0,0,0,1,0.46736000000000005,1173.1347932510612,0.9693536445830435,147321.51922717143,1.0366544946882317,2.1274259319434883,0.10130599675921374,0.10968119654366096,0.4603671508559812,6156
700,0.5,21,79,21,21,0,0,0,1,0.46736000000000005,1173.6021532510613,0.9693680764228372,147334.4263394599,1.036267530241667,2.1151850004859583,0.1007230952612361,0.10980639013417313,0.4569351637388184,6158
701,0.5,20,80,21,20,0,1,0,1,0.460363905013668,1174.062517156075,0.9693600806903507,147344.7942270038,1.0359014889134441,2.1031882018211947,0.10515941009105971,0.11027806146895103,0.4762540682393861,6160
702,0.5,20,80,20,20,0,0,0,1,0.44704000000000005,1174.509557156075,0.9693738097905231,147356.8256175554,1.0355340001273923,2.09164079694821,0.1045820398474105,0.1104060636105656,0.4729298842847728,6162
703,0.5,20,80,20,20,0,0,0,1,0.45110400000000006,1174.960661156075,0.9693875265927667,147368.33812770474,1.035169197988139,2.0799409078701556,0.10399704539350782,0.11052418227038462,0.46960161059845906,6164
704,0.5,20,80,20,20,0,0,0,1,0.44704000000000005,1175.407701156075,0.9694012311135982,147380.3513705221,1.03480426358801,2.0684375712830665,0.10342187856415334,0.11065072770479319,0.46627024982146686,6166
705,0.5,20,80,20,20,0,0,0,1,0.44704000000000005,1175.854741156075,0.9694149233695044,147392.35547887775,1.0344312244381821,2.056875129796211,0.10284375648981052,0.11077951249600183,0.4629028252298603,6168
706,0.5,20,80,20,20,0,0,0,1,0.44704000000000005,1176.301781156075,0.9694286033769428,147404.35046318598,1.0340594670466825,2.0451234166943886,0.10225617083471941,0.11091463710389889,0.4594493950584824,6170
707,0.5,20,80,20,20,0,0,0,1,0.44704000000000005,1176.748821156075,0.9694422711523416,147416.33633384536,1.0336889896358648,2.0335629040526637,0.10167814520263319,0.11104341963583823,0.4560591942248619,6172
708,0.5,20,80,20,20,0,0,0,1,0.44704000000000005,1177.1958611560751,0.9694559267120992,147428.31310123857,1.0333197904382272,2.021925360429082,0.1010962680214541,0.11117687442980316,0.452618010179605,6174
709,0.5,20,80,20,20,0,0,0,1,0.44704000000000005,1177.6429011560751,0.9694695700725852,147440.28077573256,1.032951867685344,2.0103964834433703,0.10051982417216851,0.11130715260702763,0.4492065393300142,6176
710,0.5,20,80,20,20,0,0,0,1,0.44704000000000005,1178.0899411560752,0.9694832012501395,147452.23936767862,1.0325852196159477,1.998741502382098,0.0999370751191049,0.11144418385841234,0.44572315131092105,6178
711,0.5,20,80,20,20,0,0,0,1,0.44704000000000005,1178.5369811560752,0.9694968202610733,147464.1888874122,1.0322198444679038,1.9871601653658748,0.09935800826829375,0.11157827667243769,0.4422603328116702,6180
712,0.5,20,80,20,20,0,0,0,1,0.45110400000000006,1178.9880851560752,0.9695104271216684,147475.62099152402,1.0318561144617846,1.9754850164949014,0.09877425082474509,0.11169623911275296,0.4388348332778941,6182
713,0.5,20,80,20,20,0,0,0,1,0.44704000000000005,1179.4351251560752,0.9695240218481774,147487.55254934507,1.0314932797181708,1.9639816799078125,0.09819908399539064,0.11182302461821161,0.4354027467005799,6184
714,0.5,20,80,20,20,0,0,0,1,0.47142400000000007,1179.9065491560752,0.9695376044568245,147496.42683522342,1.031141636880607,1.951813596365746,0.0975906798182873,0.11189170445027233,0.4320483060832508,6186
715,0.5,20,80,20,20,0,0,0,1,0.44704000000000005,1180.3535891560753,0.9695511749638044,147508.34122890746,1.0307719946333398,1.9402414512856807,0.09701207256428403,0.11202051687033777,0.42856869823056115,6188
716,0.5,20,80,20,20,0,0,0,1,0.44704000000000005,1180.8006291560753,0.9695647333852833,147520.24660123698,1.0304036251352204,1.9286809386439558,0.0964340469321978,0.11214967364023538,0.42508084526742174,6190
717,0.5,20,80,20,20,0,0,0,1,0.44704000000000005,1181.2476691560753,0.9695782797373985,147532.1429624543,1.0300365266328542,1.917152061658244,0.09585760308291219,0.11228034185118244,0.4215850419831209,6192
718,0.5,17,83,20,17,0,3,0,1,0.39333345807633807,1181.6410026141516,0.9695250806361917,147540.5809499726,1.0297178329152423,1.9069760815666954,0.11217506362157031,0.1138831964996696,0.4924442692078502,6194
719,0.5,11,89,17,10,0,6,1,1,0.28402830771157783,1181.9250309218633,0.9693809481455128,147538.96857907245,1.0295125270786676,1.8998042061539173,0.17270947328671976,0.09758752654852405,0.7579957165293073,6196
720,0.5,9,91,11,7,0,2,2,1,0.1582487366419472,1182.0832796585053,0.969299513149412,147542.90412633627,1.0293622912531235,1.896037466010613,0.21067082955673477,0.05977397750299948,0.9254943397295646,6198
721,0.5,9,91,9,8,1,0,0,3,0.19913599999999998,1182.2824156585052,0.9692834281650071,147545.11924533764,1.0291944255235437,1.890506861852785,0.21005631798364274,0.05957138346702149,0.9255596687431309,6198
722,0.5,9,91,9,8,1,0,0,3,0.191008,1182.4734236585052,0.969267349614453,147548.34781841742,1.0290269940608188,1.8853463875652832,0.20948293195169812,0.05942990659457495,0.925510643024502,6198
723,0.5,9,91,9,8,1,0,0,3,0.18288,1182.6563036585053,0.9692512774938903,147552.58942110068,1.028855618319531,1.8804796152318746,0.20894217947020832,0.0593289277383593,0.9253886455340709,6198
724,0.5,9,91,9,8,1,0,0,3,0.186944,1182.8432476585053,0.9692352117994625,147556.3227380317,1.0286852368032018,1.8754468849423613,0.20838298721581794,0.05920357946274025,0.9253106035171941,6198
725,0.5,9,91,9,8,1,0,0,3,0.18288000000000001,1183.0261276585054,0.9692191525273164,147560.56178193822,1.0285149177520272,1.8705801126089534,0.20784223473432817,0.059103375445914874,0.9251854996376055,6198
726,0.5,9,91,9,8,1,0,0,3,0.23571199999999998,1183.2618396585053,0.9692030996736017,147558.2108271068,1.0283520163656965,1.864029379037954,0.2071143754486616,0.05872001100773716,0.9255996543378356,6198
727,0.5,9,91,9,8,1,0,0,3,0.186944,1183.4487836585054,0.9691870532344714,147561.94134582137,1.0281834963632257,1.8589966487484408,0.20655518319427124,0.05859555839636458,0.9255194698868053,6198
728,0.5,9,91,9,8,1,0,0,3,0.18288,1183.6316636585054,0.9691710132060815,147566.17735295146,1.0280140143381293,1.854129876415033,0.20601443071278144,0.05849604471755564,0.9253923082460482,6198
729,0.5,9,91,9,8,1,0,0,3,0.18288,1183.8145436585055,0.9691549795845908,147570.4120512938,1.0278450596682651,1.8492631040816248,0.20547367823129165,0.05839687740781779,0.925263574126698,6198
730,0.5,9,91,9,8,1,0,0,3,0.18288,1183.9974236585056,0.9691389523661615,147574.6454414549,1.0276766320638906,1.8443963317482164,0.20493292574980182,0.05829805823471365,0.9251332486892268,6198
731,0.5,9,91,9,8,1,0,0,3,0.186944,1184.1843676585056,0.9691229315469588,147578.37104838152,1.0275091033114654,1.8393636014587031,0.20437373349541146,0.05817554248773402,0.9250461211211418,6198
732,0.5,9,91,9,8,1,0,0,3,0.186944,1184.3713116585056,0.969106917123151,147582.0954791908,1.0273386598366285,1.8343308711691901,0.20381454124102114,0.058053623087241144,0.9249570507662869,6198
733,0.5,9,91,9,8,1,0,0,3,0.18288,1184.5541916585057,0.9690909090909091,147586.32507578842,1.0271683717431026,1.829464098835782,0.20327378875953134,0.057956067803581396,0.9248216086737557,6198
734,0.5,9,91,9,8,1,0,0,3,0.18694400000000003,1184.7411356585058,0.9690749074464076,147590.0470889036,1.0269987967531478,1.8244708262289167,0.20271898069210184,0.05783700568423719,0.9247274668963804,6198
735,0.5,9,91,9,8,1,0,0,3,0.18288000000000001,1184.9240156585058,0.9690589121858239,147594.27413816768,1.0268295626716564,1.8196040538955083,0.20217822821061204,0.05774011959159755,0.9245889023973459,6198
736,0.5,9,91,9,8,1,0,0,3,0.19100799999999998,1185.1150236585058,0.9690429233053383,147597.48759239734,1.0266618774523943,1.8144435796080063,0.2016048421786674,0.05760480888284803,0.9245200029562339,6198
737,0.5,9,91,9,8,1,0,0,3,0.19100799999999998,1185.3060316585058,0.9690269408011344,147600.70001095277,1.0264931385718656,1.8092448913623884,0.20102721015137648,0.057462133658060105,0.9244656359467217,6198
738,0.5,9,91,9,8,1,0,0,3,0.2032,1185.5092316585058,0.9690109646693986,147602.39340793708,1.0263274342047117,1.8037443739371628,0.20041604154857365,0.0572631086847547,0.9245249325261858,6198
739,0.5,9,91,9,8,1,0,0,3,0.186944,1185.6961756585058,0.9689949949063206,147606.10988966082,1.0261598398908072,1.7987116436476496,0.1998568492941833,0.05714471299884862,0.9244237830779307,6198
740,0.5,9,91,9,8,1,0,0,3,0.191008,1185.8871836585058,0.968979031508093,147609.3193451762,1.0259935141091685,1.7935511693601476,0.1992834632622386,0.0570115801839502,0.9243482053123532,6198
741,0.5,9,91,9,8,1,0,0,3,0.191008,1186.0781916585058,0.9689630744709112,147612.52776697947,1.0258228852252342,1.788470854162473,0.19871898379583033,0.05687365510650459,0.9242902299363581,6198
742,0.5,9,91,9,8,1,0,0,3,0.178816,1186.257007658506,0.968947123790974,147617.2523066017,1.025652690030873,1.7837700397851697,0.1981966710872411,0.056802267725947195,0.9240974431205485,6198
743,0.5,9,91,9,8,1,0,0,3,0.191008,1186.448015658506,0.9689311794644833,147620.4584511788,1.0254838564389213,1.7786502669048472,0.1976278074338719,0.056663969433354555,0.9240361696214335,6198
744,0.5,9,91,9,8,1,0,0,3,0.18694400000000003,1186.634959658506,0.9689152414876435,147624.16914668752,1.0253154557221917,1.7736569942979816,0.19707299936644243,0.056548116339101256,0.9239287562299257,6198
745,0.5,9,91,9,8,1,0,0,3,0.186944,1186.821903658506,0.9688993098566625,147627.8786732049,1.0251475804246546,1.768662477966585,0.19651805310739834,0.056439411059946785,0.9238027510229145,6198
746,0.5,9,91,9,8,1,0,0,3,0.19507199999999997,1187.016975658506,0.968883384567751,147630.57613627167,1.0249803230226837,1.7634124736392107,0.19593471929324563,0.056300474556557,0.9237311980084653,6198
747,0.5,9,91,9,8,1,0,0,3,0.18288,1187.199855658506,0.9688674656171229,147634.78883913913,1.0248124774632987,1.7585457013058023,0.1953939668117558,0.05620790667240042,0.9235734975652808,6198
748,0.5,9,91,9,8,1,0,0,3,0.2032,1187.403055658506,0.9688515530009948,147636.4737016619,1.0246479387429808,1.7530057261979288,0.1947784140219921,0.056011001503282164,0.9236234598352454,6198
749,0.5,9,91,9,8,1,0,0,3,0.178816,1187.581871658506,0.9688356467155866,147641.18936502136,1.024480771392365,1.748304911820626,0.19425610131340287,0.055941356716209825,0.9234199075563142,6198
750,0.5,9,91,9,8,1,0,0,3,0.18288,1187.7647516585062,0.9688197467571211,147645.3984302272,1.0243110695469182,1.7434381394872176,0.19371534883191308,0.055849810720432505,0.9232571334597429,6198
751,0.5,9,91,9,8,1,0,0,3,0.18288000000000001,1187.9476316585062,0.968803853121824,147649.606199494,1.0241415223019166,1.7386108248364571,0.19317898053738414,0.055758174522437885,0.9230967692663319,6198
752,0.5,9,91,9,8,1,0,0,3,0.18288000000000001,1188.1305116585063,0.9687879658059243,147653.8126734202,1.0239728708742328,1.7337440525030492,0.19263822805589434,0.055667250287308324,0.9229303286031194,6198
753,0.5,9,91,9,8,1,0,0,3,0.19507200000000002,1188.3255836585063,0.9687720848056537,147656.50290873798,1.0238063191689502,1.7284188639839737,0.19204654044266375,0.05551065116692659,0.9228934566595693,6198
754,0.5,9,91,9,8,1,0,0,3,0.191008,1188.5165916585063,0.968756210117247,147659.69716510686,1.023640198717423,1.7232201757383556,0.19146890841537284,0.055377568034169364,0.9228063116468102,6198
755,0.5,9,91,9,8,1,0,0,3,0.18288,1188.6994716585064,0.968740341736942,147663.90007316018,1.0234723792076768,1.7183534034049472,0.19092815593388304,0.055288250937538426,0.9226331687300213,6198
756,0.5,9,91,9,8,1,0,0,3,0.191008,1188.8904796585064,0.9687244796609795,147667.09213655017,1.0233057320176424,1.7131929291174455,0.19035476990193836,0.055162716724548574,0.9225282378769528,6198
757,0.5,9,91,9,8,1,0,0,3,0.178816,1189.0692956585065,0.9687086238856033,147671.79729652102,1.0231386826761444,1.7084921147401422,0.18983245719334912,0.055095486756831326,0.9223095205302096,6198
758,0.5,9,91,9,8,1,0,0,3,0.186944,1189.2562396585065,0.9686927744070601,147675.49174299915,1.0229728049464866,1.7034593844506287,0.18927326493895877,0.054986335003676765,0.9221708330592817,6198
759,0.5,9,91,9,8,1,0,0,3,0.199136,1189.4553756585065,0.9686769312215997,147677.67130629285,1.0228053218527915,1.6980446658916808,0.1886716295435201,0.054824331280179196,0.9221373636120954,6198
760,0.5,9,91,9,8,1,0,0,3,0.20726399999999998,1189.6626396585064,0.9686610943254748,147678.84116326572,1.0226400279064376,1.6922585737378752,0.18802873041531948,0.05462382203799491,0.9221733546039722,6198
761,0.5,9,91,9,8,1,0,0,3,0.18288000000000001,1189.8455196585064,0.9686452637149409,147683.03708067312,1.022471926327558,1.6873918014044669,0.18748797793382965,0.05453762692218463,0.9219864300304811,6198
762,0.5,9,91,9,8,1,0,0,3,0.178816,1190.0243356585065,0.9686294393862569,147687.73606864657,1.0223037009748432,1.6826909870271636,0.18696566522524039,0.05447225853774868,0.9217573325873296,6198
763,0.5,9,91,9,8,1,0,0,3,0.178816,1190.2031516585066,0.9686136213356844,147692.43364466907,1.0221359067786764,1.67799017264986,0.18644335251665115,0.054407106980973466,0.9215261227640078,6198
764,0.5,9,91,9,8,1,0,0,3,0.19100799999999998,1190.3941596585066,0.9685978095594878,147695.6170974806,1.0219688208845332,1.6727914844042417,0.18586572048936023,0.05428155079317079,0.9214114127816391,6198
765,0.5,9,91,9,8,1,0,0,3,0.2032,1190.5973596585065,0.9685820040539349,147697.2870580174,1.021804106888263,1.6672132953382521,0.18524592170425022,0.05408736877789123,0.9214466695356491,6198
766,0.5,9,91,9,8,1,0,0,3,0.178816,1190.7761756585066,0.9685662048152962,147701.98093922838,1.021637604295767,1.6625124809609486,0.18472360899566098,0.054023262424918034,0.921209273310852,6198
767,0.5,9,91,9,8,1,0,0,3,0.18288000000000001,1190.9590556585067,0.9685504118398449,147706.1693802181,1.0214721787882108,1.6576839225856566,0.1841871025095174,0.053944077760038074,0.9209997231660223,6198
768,0.5,9,91,9,8,1,0,0,3,0.178816,1191.1378716585068,0.9685346251238578,147710.86050267256,1.0213032101261994,1.6529831082083533,0.18366478980092815,0.05388042809301683,0.9207579435945827,6198
769,0.5,9,91,9,8,1,0,0,3,0.19100799999999998,1191.3288796585068,0.9685188446636139,147714.03850332525,1.0211353190542813,1.6478633353280308,0.18309592614755896,0.05375068552495038,0.9206570177621595,6198
770,0.5,9,91,9,8,1,0,0,3,0.18288000000000001,1191.511759658507,0.9685030704553959,147718.22315076838,1.0209677661092023,1.6429965629946224,0.18255517366606916,0.05366796496342959,0.9204496657927079,6198
771,0.5,9,91,9,8,1,0,0,3,0.18288000000000001,1191.694639658507,0.9684873024954888,147722.40651384165,1.0208007357918694,1.6381297906612138,0.18201442118457933,0.05358567898047609,0.9202396890945815,6198
772,0.5,9,91,9,8,1,0,0,3,0.191008,1191.885647658507,0.9684715407801808,147725.5811796194,1.020635705031197,1.6329311024155957,0.1814367891572884,0.05346539387241287,0.9201028625671807,6198
773,0.5,9,91,9,8,1,0,0,3,0.195072,1192.080719658507,0.9684557853057633,147728.25119631845,1.02047073424627,1.6277242869444637,0.18085825410494039,0.053309406256246396,0.9200628740876368,6198
774,0.5,9,91,9,8,1,0,0,3,0.18288,1192.263599658507,0.9684400360685302,147732.43102485858,1.0203045313119257,1.6228575146110553,0.1803175016234506,0.05322838504963753,0.9198458742307001,6198
775,0.5,9,91,9,8,1,0,0,3,0.2032,1192.466799658507,0.9684242930647786,147734.09209417837,1.0201407879218107,1.6172373804133546,0.17969304226815053,0.05306068166410577,0.9197996324365431,6198
776,0.5,9,91,9,8,1,0,0,3,0.18288,1192.649679658507,0.9684085562908084,147738.2696740015,1.0199756278664118,1.6123706080799463,0.17915228978666067,0.05298094506110226,0.91957657326559,6198
777,0.5,9,91,9,8,1,0,0,3,0.191008,1192.840687658507,0.9683928257429224,147741.43925785727,1.0198079450129036,1.6072113775169758,0.17857904194633062,0.052859488573862974,0.9194418977861515,6198
778,0.5,9,91,9,8,1,0,0,3,0.18288000000000001,1193.023567658507,0.9683771014174266,147745.614402191,1.0196406919448455,1.6023828191416838,0.17804253546018706,0.052783814477510654,0.9192080959167013,6198
779,0.5,9,91,9,8,1,0,0,3,0.191008,1193.214575658507,0.9683613833106297,147748.78181713994,1.0194736840110865,1.5973025039440087,0.17747805599377875,0.052652542030573804,0.919106230868356,6198
780,0.5,9,91,9,8,1,0,0,3,0.186944,1193.4015196585071,0.9683456714188432,147752.4513714851,1.0193078429964086,1.5922697736544955,0.1769188637393884,0.052556106398813085,0.9189093547369811,6198
781,0.5,9,91,9,8,1,0,0,3,0.18288000000000001,1193.5843996585072,0.9683299657383818,147756.62286676822,1.0191418778142602,1.5874030013210871,0.17637811125789854,0.05247846312541089,0.9186731650271649,6198
782,0.5,9,91,9,7,2,0,0,3,0.20319999999999996,1193.7875996585071,0.9682923080301267,147754.92730068334,1.0189949105465606,1.5817446531652701,0.17574940590725224,0.05231466738451085,0.918606672891026,6198
783,0.5,9,91,9,8,1,0,0,3,0.178816,1193.9664156585072,0.9682766190998903,147759.60000742503,1.0188290585701107,1.5770438387879666,0.17522709319866298,0.05225611574644784,0.918328626503489,6198
784,0.5,9,91,9,8,1,0,0,3,0.178816,1194.1452316585073,0.9682609363682259,147764.27131474778,1.0186636352571303,1.5723430244106633,0.17470478049007374,0.05219780629677965,0.918047868835614,6198
785,0.5,9,91,9,8,1,0,0,3,0.178816,1194.3240476585074,0.9682452598314607,147768.94122328013,1.0184986403744438,1.5676422100333602,0.1741824677814844,0.05213973984804614,0.9177643681383922,6198
786,0.5,9,91,9,8,1,0,0,3,0.195072,1194.5191196585074,0.968229589485925,147771.59870866104,1.0183318634418161,1.5623170215142845,0.17359078016825386,0.05200592730358843,0.9176385421339941,6198
787,0.5,9,91,9,8,1,0,0,3,0.178816,1194.6979356585075,0.9682139253279516,147776.2660589919,1.0181644103515635,1.5576162071369812,0.1730684674596646,0.051948588085810765,0.917349335177379,6198
788,0.5,9,91,9,8,1,0,0,3,0.18288000000000001,1194.8808156585076,0.9681982673538765,147780.42938339876,1.0179979385558957,1.552749434803573,0.17252771497817476,0.051874442237830755,0.917091018561666,6198
789,0.5,9,91,9,8,1,0,0,3,0.186944,1195.0677596585076,0.9681826155600386,147784.08887079937,1.0178321713906886,1.547754918472176,0.17197276871913064,0.0517855128885568,0.9168617195574376,6198
790,0.5,9,91,9,8,1,0,0,3,0.191008,1195.2587676585076,0.9681669699427795,147787.2447202732,1.0176674765806055,1.542635145591853,0.17140390506576147,0.051663939059249195,0.916714797114439,6198
791,0.5,9,91,9,8,1,0,0,3,0.19100799999999998,1195.4497756585076,0.9681513304984437,147790.3995612688,1.0175020133382955,1.537436457346235,0.17082627303847053,0.05155793835557198,0.9165127307790784,6198
792,0.5,9,91,9,8,1,0,0,3,0.191008,1195.6407836585076,0.9681356972233789,147793.5533942696,1.017337529959079,1.532275983058733,0.17025288700652588,0.05145424496048154,0.9163060609066256,6198
793,0.5,9,91,9,8,1,0,0,3,0.186944,1195.8277276585077,0.9681200701139352,147797.208504327,1.0171734740492315,1.5272814667273358,0.16969794074748176,0.05136760751106973,0.9160634546885563,6198
794,0.5,9,91,9,8,1,0,0,3,0.199136,1196.0268636585076,0.9681044491664659,147799.35582656975,1.0170126041845622,1.521946907258215,0.16910521191757943,0.051200165385852626,0.9160274698199269,6198
795,0.5,9,91,9,8,1,0,0,3,0.186944,1196.2138076585077,0.9680888343773271,147803.00885013156,1.0168462759347396,1.5169523909268179,0.16855026565853531,0.05111423522377076,0.9157798633905243,6198
796,0.5,9,91,9,8,1,0,0,3,0.186944,1196.4007516585077,0.9680732257428778,147806.66073208457,1.01668028366293,1.5119196606373047,0.16799107340414493,0.05102809024709941,0.9155270964698813,6198
797,0.5,9,91,9,8,1,0,0,3,0.199136,1196.5998876585077,0.9680576232594799,147808.80545300167,1.0165154543799337,1.50650742952742,0.16738971439193553,0.05086937508815701,0.9154542263927355,6198
798,0.5,9,91,9,8,1,0,0,3,0.19913599999999998,1196.7990236585076,0.9680420269234978,147810.94946019634,1.0163514198797194,1.5010939546930036,0.1667882171881115,0.05072053542924182,0.9153505085778693,6198
799,0.5,9,91,9,8,1,0,0,3,0.191008,1196.9900316585076,0.9680264367312995,147814.09645897316,1.0161870772057886,1.4959716943636174,0.16621907715151307,0.05062163199292295,0.9151229998537016,6198
800,0.5,9,91,9,8,1,0,0,3,0.211328,1197.2013596585077,0.9680108526792552,147814.7335636819,1.0160254579215366,1.4902576340741254,0.1655841815637917,0.05038230523199814,0.9152645715810999,6198
801,0.5,9,91,9,8,1,0,0,3,0.195072,1197.3964316585077,0.9679952747637381,147817.37720300682,1.015862519418964,1.4850113609203455,0.16500126232448284,0.050241028779735776,0.9151530481626683,6198
802,0.5,9,91,9,7,2,0,0,3,0.199136,1197.5955676585077,0.9679578311935434,147816.17833315002,1.015719170085654,1.4795189707206333,0.16439099674673707,0.05011285304718877,0.9149741423710318,6198
803,0.5,9,91,9,8,1,0,0,3,0.18288,1197.7784476585077,0.9679422698447409,147820.32549184712,1.0155556076534826,1.4746521983872252,0.16385024426524727,0.050046265027492126,0.9146678710873501,6198
804,0.5,9,91,9,8,1,0,0,3,0.178816,1197.9572636585078,0.9679267146199086,147824.97287021842,1.0153887996710522,1.4699513840099216,0.16332793155665795,0.0499949855337908,0.9143288866628551,6198
805,0.5,9,91,9,8,1,0,0,3,0.18288,1198.140143658508,0.9679111655154323,147829.11743459827,1.0152228779787684,1.4650846116765135,0.16278717907516815,0.049929279188831784,0.914014850637038,6198
806,0.5,9,91,9,8,1,0,0,3,0.18288,1198.323023658508,0.9678956225277007,147833.26073394704,1.0150570162292931,1.4602560533012214,0.1622506725890246,0.04986347727107979,0.9137027343453085,6198
807,0.5,9,91,9,8,1,0,0,3,0.19913599999999998,1198.522159658508,0.9678800856531049,147835.39759538916,1.0148927740795104,1.4549214938321005,0.16165794375912226,0.04969933267621782,0.9136455436702957,6198
808,0.5,9,91,9,8,1,0,0,3,0.199136,1198.7212956585079,0.9678645548880394,147837.53374686468,1.0147295085429995,1.4495881780875113,0.16106535312083456,0.04952609880992703,0.9136170234697496,6198
809,0.5,9,91,9,8,1,0,0,3,0.211328,1198.932623658508,0.9678490302289009,147838.16580045415,1.0145675859440355,1.4437939587081918,0.1604215509675769,0.04931861908427802,0.9136474729356885,6198
810,0.5,9,91,9,8,1,0,0,3,0.186944,1199.119567658508,0.9678335116720896,147841.80392133072,1.0144037044723635,1.4387612284186786,0.15986235871318652,0.04924051772817712,0.9133460903216264,6198
811,0.5,9,91,9,8,1,0,0,3,0.191008,1199.310575658508,0.9678179992140081,147844.93991695432,1.0142409823154261,1.4336007541311764,0.1592889726812418,0.0491481354964776,0.9130741915383781,6198
812,0.5,9,91,9,8,1,0,0,3,0.186944,1199.497519658508,0.967802492851062,147848.5758357292,1.01407831888175,1.4285680238416631,0.15872978042685146,0.049071808588591566,0.9127621560169265,6198
813,0.5,9,91,9,8,1,0,0,3,0.191008,1199.688527658508,0.9677869925796595,147851.70976519512,1.0139134229614903,1.4234075495541612,0.15815639439490678,0.04898123672409765,0.9124796272526996,6198
814,0.5,9,91,9,8,1,0,0,3,0.19100799999999998,1199.879535658508,0.967771498396212,147854.84269688488,1.0137489530498598,1.4182088613085428,0.15757876236761587,0.048893360212203966,0.9121815653819971,6198
815,0.5,9,91,9,8,1,0,0,3,0.195072,1200.074607658508,0.9677560102971334,147857.4739167318,1.0135852753726429,1.4128824290649358,0.15698693656277066,0.04879172414545811,0.9119117259662906,6198
816,0.5,9,91,9,8,1,0,0,3,0.178816,1200.2534236585082,0.9677405282788405,147862.10686993526,1.0134202827576968,1.4081816146876327,0.1564646238541814,0.04874523467698296,0.9115287095229037,6198
817,0.5,9,91,9,8,1,0,0,3,0.178816,1200.4322396585083,0.967725052337753,147866.73844289227,1.0132557159558442,1.4034808003103292,0.15594231114559212,0.04869903081456169,0.9111415831787342,6198
818,0.5,9,91,9,8,1,0,0,3,0.18288,1200.6151196585083,0.9677095824702933,147870.86810175827,1.0130916663013607,1.3986140279769208,0.15540155866410232,0.04864038657552828,0.9107735331047083,6198
819,0.5,9,91,9,8,1,0,0,3,0.186944,1200.8020636585084,0.9676941186728866,147874.4960339258,1.0129286828028168,1.3936207553700553,0.1548467505966728,0.04855722463198957,0.9104698920315482,6198
820,0.5,9,91,9,8,1,0,0,3,0.178816,1200.9808796585085,0.9676786609419611,147879.12364641431,1.0127653919109392,1.3889199409927517,0.15432443788808356,0.04851206451000993,0.9100699412759601,6198
821,0.5,9,91,9,8,1,0,0,3,0.178816,1201.1596956585086,0.9676632092739476,147883.74988108245,1.012602525912195,1.3842191266154487,0.15380212517949426,0.04846719387401193,0.9096656593446184,6198
822,0.5,9,91,9,8,1,0,0,3,0.186944,1201.3466396585086,0.9676477636652796,147887.37416413156,1.012437522617341,1.3791863963259354,0.15324293292510394,0.04839824288177348,0.909300345117798,6198
823,0.5,9,91,9,8,1,0,0,3,0.19100799999999998,1201.5376476585086,0.9676323241123939,147890.4971028451,1.0122735850539093,1.373987708080317,0.152665300897813,0.04831832771988348,0.9089493982088018,6198
824,0.5,9,91,9,8,1,0,0,3,0.186944,1201.7245916585086,0.9676168906117294,147894.1191964095,1.0121097979901408,1.3689549777908034,0.1521061086434226,0.048251451440433815,0.908570549941083,6198
825,0.5,9,91,9,8,1,0,0,3,0.2032,1201.9277916585086,0.9676014631597283,147895.73985531498,1.0119477159802204,1.3634162464074617,0.15149069404527352,0.04808435836141184,0.9084732801656231,6198
826,0.5,9,91,9,8,1,0,0,3,0.199136,1202.1269276585085,0.9675860417528354,147897.85995918215,1.0117873381034928,1.3578856422496335,0.15087618247218149,0.04798560199702201,0.9081386774032033,6198
827,0.5,9,91,9,8,1,0,0,3,0.178816,1202.3057436585086,0.9675706263874984,147902.4789974782,1.0116237269634492,1.35318482787233,0.15035386976359225,0.04794388634728545,0.9077042663329219,6198
828,0.5,9,91,9,8,1,0,0,3,0.178816,1202.4845596585087,0.9675552170601676,147907.096662022,1.0114605402966477,1.3484840134950264,0.14983155705500295,0.047902469843235325,0.9072650566265047,6198
829,0.5,9,91,9,8,1,0,0,3,0.18288,1202.6674396585088,0.9675398137672961,147911.213136784,1.0112980520240422,1.3436172411616183,0.14929080457351315,0.047850601792037456,0.9068380782078886,6198
830,0.5,9,91,9,8,1,0,0,3,0.19100799999999998,1202.8584476585088,0.96752441650534,147914.32886083986,1.0111368099702396,1.338418552916,0.1487131725462222,0.04777829652821265,0.9064377944246533,6198
831,0.5,9,91,9,8,1,0,0,3,0.19100799999999998,1203.0494556585088,0.9675090252707581,147917.44359552953,1.0109719718876848,1.333298780035677,0.14814430889285302,0.047676904569094125,0.9061476550171736,6198
832,0.5,9,91,9,8,1,0,0,3,0.178816,1203.228271658509,0.9674936400600117,147922.05618196615,1.0108071930780829,1.3285979656583737,0.14762199618426372,0.047637190818005076,0.9056876464383393,6198
833,0.5,9,91,9,8,1,0,0,3,0.2032,1203.4314716585088,0.9674782608695652,147923.67009869477,1.0106449390855974,1.3230185328678525,0.14700205920753917,0.04750162401643828,0.905455318547504,6198
834,0.5,9,91,9,8,1,0,0,3,0.186944,1203.6184156585089,0.9674628876958856,147927.28134073006,1.0104818304036771,1.3180240165364554,0.14644711294849505,0.04743800411729404,0.9050363872173876,6198
835,0.5,9,91,9,8,1,0,0,3,0.18288,1203.801295658509,0.9674475205354427,147931.3908717683,1.0103185977715978,1.3131954581611631,0.1459106064623515,0.04738469074327842,0.9045978966960476,6198
836,0.5,9,91,9,8,1,0,0,3,0.22758399999999995,1204.028879658509,0.967432159384709,147930.00650492436,1.0101590745296125,1.306778108364603,0.145197567596067,0.047130566110115756,0.9046804792416141,6198
837,0.5,9,91,9,8,1,0,0,3,0.186944,1204.215823658509,0.9674168042401599,147933.61497176107,1.0099967797852893,1.3017453780750898,0.14463837534167664,0.047074874931820374,0.9042178949375832,6198
838,0.5,9,91,9,8,1,0,0,3,0.19100799999999998,1204.406831658509,0.9674014550982735,147936.72313751793,1.0098353644571816,1.2965466898294715,0.14406074331438573,0.04701127907220639,0.9037579303676653,6198
839,0.5,9,91,9,8,1,0,0,3,0.195072,1204.601903658509,0.9673861119555305,147939.33120872767,1.009676105141043,1.2913004166756916,0.14347782407507684,0.046889341441302836,0.9035041061348857,6198
840,0.5,9,91,9,8,1,0,0,3,0.186944,1204.788847658509,0.9673707748084146,147942.93651240802,1.0095121604602069,1.2862676863861782,0.14291863182068648,0.04683649456370253,0.9030187385139173,6198
841,0.5,9,91,9,8,1,0,0,3,0.19100799999999998,1204.979855658509,0.9673554436534121,147946.04172247858,1.0093498248063606,1.2811454260567925,0.14234949178408807,0.0467630083946406,0.9025940452453014,6198
842,0.5,9,91,9,8,1,0,0,3,0.195072,1205.174927658509,0.967340118487012,147948.64704530523,1.009187729761148,1.2758189938131854,0.14175766597924286,0.04668894066290731,0.9021392558985893,6198
843,0.5,9,91,9,8,1,0,0,3,0.186944,1205.361871658509,0.9673247993057063,147952.24919021194,1.009025601733716,1.270786263523672,0.14119847372485245,0.04663913180219753,0.9016286536765263,6198
844,0.5,9,91,9,8,1,0,0,3,0.18288000000000001,1205.544751658509,0.9673094861059893,147956.34899045684,1.008863349604392,1.2659194911902638,0.14065772124336262,0.04659797089456461,0.9011033744913466,6198
845,0.5,9,91,9,8,1,0,0,3,0.18288,1205.7276316585092,0.9672941788843584,147960.44754701876,1.008700882318881,1.2610527188568554,0.1401169687618728,0.046557420754242414,0.9005707433215533,6198
846,0.5,9,91,9,8,1,0,0,3,0.199136,1205.926767658509,0.9672788776373138,147962.55028524905,1.0085411153444483,1.2556799454296184,0.13951999393662426,0.04641366990579826,0.9003597119068347,6198
847,0.5,9,91,9,8,1,0,0,3,0.199136,1206.125903658509,0.967263582361358,147964.6523291391,1.0083815878417655,1.2502639831461386,0.13891822034957096,0.046322519333494246,0.8999360650951244,6198
848,0.5,9,91,9,8,1,0,0,3,0.18288,1206.3087836585091,0.9672482930529966,147968.74765236722,1.0082206603847987,1.2453972108127305,0.13837746786808114,0.04628391002809919,0.8993824513939407,6198
849,0.5,9,91,9,8,1,0,0,3,0.18288,1206.4916636585092,0.9672330097087378,147972.84173405723,1.008056876834431,1.240530438479322,0.1378367153865913,0.04624592000539447,0.8988210326028138,6198
850,0.5,9,91,9,8,1,0,0,3,0.19913599999999998,1206.6907996585091,0.9672177323250927,147974.9410955417,1.007893971342683,1.235157665052085,0.13723974056134278,0.04610434666208414,0.8985889999941868,6198
851,0.5,9,91,9,8,1,0,0,3,0.191008,1206.8818076585092,0.9672024608985745,147978.03634681445,1.0077323075300222,1.2299589768064667,0.13666210853405183,0.04605462872340997,0.898015500289049,6198
852,0.5,9,91,9,8,1,0,0,3,0.186944,1207.0687516585092,0.9671871954257001,147981.628846386,1.0075707016406192,1.2249262465169535,0.13610291627966148,0.0460125777427197,0.8974303191008002,6198
853,0.5,9,91,9,8,1,0,0,3,0.18288,1207.2516316585093,0.9671719359029883,147985.7183995389,1.0074085167098008,1.2200976881416612,0.13556640979351792,0.04596872583708359,0.8968774065937013,6198
854,0.5,9,91,9,8,1,0,0,3,0.18288,1207.4345116585093,0.967156682326961,147989.806713871,1.007246571816565,1.2152309158082528,0.1350256573120281,0.04593410798166879,0.8962758962824857,6198
855,0.5,9,91,9,8,1,0,0,3,0.19100799999999998,1207.6255196585093,0.9671414346941426,147992.8977076753,1.0070855035374362,1.2100322275626345,0.13444802528473718,0.04588891648314052,0.8956601941500838,6198
856,0.5,9,91,9,8,1,0,0,3,0.186944,1207.8124636585094,0.9671261930010604,147996.48569493435,1.0069248566934235,1.2049994972731213,0.1338888330303468,0.04585058338196293,0.8950357511742586,6198
857,0.5,9,91,9,8,1,0,0,3,0.195072,1208.0075356585094,0.9671109572442445,147999.07676282933,1.0067655403118572,1.199634851071398,0.13329276123015535,0.045803284157545546,0.8943895650012345,6198
858,0.5,9,91,9,8,1,0,0,3,0.178816,1208.1863516585095,0.9670957274202272,148003.65833841322,1.0066019173148226,1.1949340366940946,0.13277044852156605,0.04577707349136031,0.893754302790827,6198
859,0.5,9,91,9,8,1,0,0,3,0.18288,1208.3692316585095,0.967080503525544,148007.74077516666,1.0064391709050116,1.1900672643606862,0.13222969604007626,0.04574652092079219,0.8931042807408813,6198
860,0.5,9,91,9,8,1,0,0,3,0.2032,1208.5724316585095,0.9670652855567329,148009.33342036034,1.0062789363901596,1.1844496176120485,0.1316055130680054,0.04565069102004779,0.8926001881431942,6198
861,0.5,9,91,9,8,1,0,0,3,0.178816,1208.7512476585096,0.9670500735103347,148013.91133748417,1.00611657854657,1.1797488032347452,0.13108320035941612,0.045626060636750794,0.891939433597572,6198
862,0.5,9,91,9,8,1,0,0,3,0.186944,1208.9381916585096,0.9670348673828927,148017.49273427416,1.0059560956521376,1.1747160729452317,0.13052400810502574,0.04559376162151867,0.8912499279858813,6198
863,0.5,9,91,9,8,1,0,0,3,0.19100799999999998,1209.1291996585096,0.9670196671709531,148020.57551049764,1.0057951251778359,1.1695555986577297,0.1299506220730811,0.045547928606133506,0.8905897008828899,6198
864,0.5,9,91,9,8,1,0,0,3,0.178816,1209.3080156585097,0.9670044728710646,148025.14965761142,1.0056340306314833,1.1648547842804264,0.1294283093644918,0.045524836097614256,0.889901779327611,6198
865,0.5,9,91,9,8,1,0,0,3,0.199136,1209.5071516585097,0.9669892844797787,148027.2355186122,1.0054758083262556,1.1594425531705415,0.1288269503522824,0.045415791793469856,0.8894583495583521,6198
866,0.5,9,91,9,8,1,0,0,3,0.2032,1209.7103516585096,0.9669741019936497,148028.82339106445,1.0053185503606652,1.153860632930957,0.12820673699232854,0.045340534262724705,0.8888339425703824,6198
867,0.5,9,91,9,8,1,0,0,3,0.19100799999999998,1209.9013596585096,0.9669589254092342,148031.90241107877,1.0051565381545766,1.1486619446853388,0.12762910496503763,0.04531049988586666,0.8880702390888078,6198
868,0.5,9,91,9,8,1,0,0,3,0.2032,1210.1045596585095,0.9669437547230919,148033.48898259836,1.0049951283108336,1.1431232133019966,0.1270136903668885,0.04517829247390915,0.887689665687818,6198
869,0.5,9,91,9,8,1,0,0,3,0.186944,1210.2915036585096,0.9669285899317848,148037.0633507754,1.0048339575847347,1.1380904830124834,0.12645449811249812,0.04515335185814002,0.8869176736814498,6198
870,0.5,9,91,9,8,1,0,0,3,0.18288000000000001,1210.4743836585096,0.9669134310318779,148041.13364083765,1.0046727537053235,1.1332237106790748,0.12591374563100832,0.04513160633637968,0.8861524385072186,6198
871,0.5,9,91,9,7,2,0,0,3,0.195072,1210.6694556585096,0.9668766993224289,148040.40786055345,1.0045350920958653,1.127935492393584,0.12532616582150935,0.045079766639559725,0.8854386115823925,6198
872,0.5,9,91,9,8,1,0,0,3,0.19100799999999998,1210.8604636585096,0.9668615563849755,148043.4826143233,1.0043746303113354,1.1227750181060823,0.1247527797895647,0.04504353060617423,0.8846692028107247,6198
873,0.5,9,91,9,8,1,0,0,3,0.186944,1211.0474076585097,0.966846419327006,148047.05320880108,1.0042144071406542,1.1177422878165688,0.12419358753517432,0.04502275330369274,0.8838440649725091,6198
874,0.5,9,91,9,8,1,0,0,3,0.195072,1211.2424796585096,0.9668312881450969,148049.62921260615,1.0040556009263368,1.1124158555729617,0.12360176173032908,0.0449876375797796,0.8830209568514736,6198
875,0.5,9,91,9,8,1,0,0,3,0.186944,1211.4294236585097,0.9668161628358274,148053.19773259753,1.0038965794730406,1.1073831252834483,0.12304256947593872,0.04496931396656834,0.8821656563875298,6198
876,0.5,9,91,9,8,1,0,0,3,0.18288,1211.6123036585097,0.966801043395779,148057.26176461816,1.0037343524618085,1.10251635295004,0.12250181699444888,0.044952744820051155,0.8813239840709381,6198
877,0.5,9,91,9,8,1,0,0,3,0.178816,1211.7911196585098,0.9667859298215363,148061.82112521312,1.0035721833177522,1.0978155385727364,0.1219795042858596,0.04493737197092254,0.8804992567785608,6198
878,0.5,9,91,9,8,1,0,0,3,0.191008,1211.9821276585099,0.9667708221096865,148064.88965863918,1.0034112496395882,1.092694521967882,0.12141050244087578,0.044880938808841316,0.879777877750997,6198
879,0.5,9,91,9,8,1,0,0,3,0.199136,1212.1812636585098,0.9667557202568191,148066.96438971144,1.0032530904692096,1.0871639178100536,0.12079599086778374,0.044865867145693926,0.878771911399495,6198
880,0.5,9,91,9,8,1,0,0,3,0.2032,1212.3844636585097,0.9667406242595266,148068.54210114983,1.0030950782394206,1.0816251864267117,0.12018057626963463,0.044745290218000895,0.8782560854445804,6198
881,0.5,9,91,9,8,1,0,0,3,0.211328,1212.5957916585098,0.9667255341144039,148069.12677342043,1.0029366696408764,1.075753295406628,0.11952814393406978,0.0446396542690336,0.8775959212967231,6198
882,0.5,9,91,9,8,1,0,0,3,0.19100799999999998,1212.7867996585098,0.9667104498180487,148072.1921203011,1.0027771407068287,1.0705546071610095,0.11895051190677886,0.0446300331092081,0.8765979839821495,6198
883,0.5,9,91,9,8,1,0,0,3,0.19100799999999998,1212.9778076585098,0.9666953713670614,148075.25650177948,1.0026183021601258,1.0653559189153912,0.11837287987948789,0.04462208106594633,0.8755797867083864,6198
884,0.5,9,91,9,8,1,0,0,3,0.18694400000000003,1213.1647516585099,0.9666802987580447,148078.81596824323,1.0024603346119922,1.0603996165421101,0.11782217961579002,0.044583284787161157,0.874750949158139,6198
885,0.5,9,91,9,8,1,0,0,3,0.18288,1213.34763165851,0.9666652319876043,148082.87032662114,1.0022986234248814,1.0555328442087017,0.11728142713430019,0.04457457566779735,0.873782571176852,6198
886,0.5,9,91,9,8,1,0,0,3,0.18288,1213.53051165851,0.9666501710523485,148086.92346300907,1.0021374221177752,1.0506660718752934,0.11674067465281035,0.044566540914504474,0.8727997231790969,6198
887,0.5,9,91,9,8,1,0,0,3,0.191008,1213.72151965851,0.9666351159488878,148089.98364844947,1.0019778157193358,1.045467383629675,0.11616304262551942,0.04456313768054233,0.8717113418617286,6198
888,0.5,9,91,9,8,1,0,0,3,0.18288000000000001,1213.90439965851,0.9666200666738359,148094.0344648002,1.001817633162259,1.0406006112962665,0.11562229014402961,0.044556829916742834,0.8706959937911778,6198
889,0.5,9,91,9,8,1,0,0,3,0.2032,1214.10759965851,0.9666050232238087,148095.60540645092,1.001660852774676,1.0349829645476287,0.11499810717195874,0.04450472359005995,0.8697375994476216,6198
890,0.5,9,91,9,8,1,0,0,3,0.18694399999999997,1214.29454365851,0.966589985595425,148099.15842838076,1.0015013259845085,1.0299884482162316,0.11444316091291462,0.044486399994598136,0.8687315308478885,6198
891,0.5,9,91,9,8,1,0,0,3,0.178816,1214.4733596585102,0.9665749537853059,148103.70155058478,1.0013417655792152,1.025287633838928,0.11392084820432534,0.04447975564692119,0.8677189990842655,6198
892,0.5,9,91,9,8,1,0,0,3,0.178816,1214.6521756585103,0.9665599277900754,148108.24333515,1.0011826233832934,1.0205868194616246,0.11339853549573609,0.044473471646320574,0.8666931312031169,6198
893,0.5,9,91,9,8,1,0,0,3,0.186944,1214.8391196585103,0.9665449076063601,148111.79281959462,1.0010246219355463,1.0155540891721113,0.1128393432413457,0.044473986528081155,0.8655440043068731,6198
894,0.5,9,91,9,8,1,0,0,3,0.18288000000000001,1215.0219996585104,0.9665298932307891,148115.83662730388,1.0008636958144905,1.010725530796819,0.11230283675520211,0.04445493734335407,0.8645312164444917,6198
895,0.5,9,91,9,8,1,0,0,3,0.18288,1215.2048796585104,0.966514884659994,148119.8792178825,1.0007030075391183,1.0058587584634107,0.1117620842737123,0.04445358828945787,0.8634038002816071,6198
896,0.5,9,91,9,8,1,0,0,3,0.18288000000000001,1215.3877596585105,0.9664998818906092,148123.92059187987,1.0005424666855347,1.00103144381265,0.11122571597918333,0.044422094296123434,0.862433344572585,6198
897,0.5,9,91,9,8,1,0,0,3,0.18288,1215.5706396585106,0.9664848849192718,148127.96074984514,1.000382344018192,0.9962028854373579,0.11068920949303977,0.04440440584064499,0.8613771284546798,6198
898,0.5,9,91,9,8,1,0,0,3,0.186944,1215.7575836585106,0.966469893742621,148131.50452087604,1.000223451698953,0.9912083691059608,0.11013426323399562,0.04439117656700207,0.8602441106359909,6198
899,0.5,9,91,9,8,1,0,0,3,0.19100799999999998,1215.9485916585106,0.9664549083572992,148134.5520983887,1.0000649768316277,0.9860885962256378,0.10956539958062643,0.04433801797513892,0.8592842950451907,6198
900,0.5,9,91,9,8,1,0,0,3,0.178816,1216.1274076585107,0.9664399287599511,148139.0838373309,0.9999059266317651,0.9813877818483344,0.10904308687203716,0.044335349455360266,0.8581393867639103,6198
901,0.5,9,91,9,8,1,0,0,3,0.178816,1216.3062236585108,0.9664249549472239,148143.61424380037,0.9997472937916205,0.9766869674710309,0.10852077416344788,0.04433304325928811,0.8569790868488426,6198
902,0.5,9,91,9,8,1,0,0,3,0.191008,1216.4972316585108,0.9664099869157676,148146.65854545115,0.9995904311018573,0.9715264931835288,0.1079473881315032,0.04432698473001411,0.8557092958680846,6198
903,0.5,9,91,9,8,1,0,0,3,0.178816,1216.676047658511,0.9663950246622346,148151.18646158473,0.9994293854194628,0.9668256788062254,0.10742507542291393,0.04432569629656346,0.8545146362481965,6198
904,0.5,9,91,9,8,1,0,0,3,0.18288,1216.858927658511,0.96638006818328,148155.21824448774,0.9992692084271548,0.961958906472817,0.1068843229414241,0.0443297646993158,0.8532324065745087,6198
905,0.5,9,91,9,8,1,0,0,3,0.18288,1217.041807658511,0.9663651174755616,148159.24881571098,0.9991090882868601,0.9571303480975246,0.10634781645528053,0.04431605058912398,0.8520456298435237,6198
906,0.5,9,91,9,8,1,0,0,3,0.18288,1217.2246876585111,0.9663501725357395,148163.2781758006,0.9989494756525477,0.9523017897222326,0.10581130996913696,0.044302805935110705,0.850841809250912,6198
907,0.5,9,91,9,8,1,0,0,3,0.18288000000000001,1217.4075676585112,0.9663352333604766,148167.30632530246,0.9987908208583982,0.9474350173888242,0.10527055748764712,0.04430860052666743,0.8495032076080917,6198
908,0.5,9,91,9,8,1,0,0,3,0.18694399999999997,1217.5945116585112,0.9663202999464381,148170.83870906825,0.9986323124508907,0.9424405010574269,0.104715611228603,0.044301964128956324,0.8481852959179592,6198
909,0.5,9,91,9,8,1,0,0,3,0.199136,1217.7936476585112,0.9663053722902922,148172.88655343634,0.9984756620410891,0.9370270262230105,0.10411411402477894,0.044247570970111144,0.8470144318867942,6198
910,0.5,9,91,9,8,1,0,0,3,0.186944,1217.9805916585112,0.9662904503887092,148176.41696100243,0.9983180763802086,0.931994295933497,0.10355492177038857,0.044261749733912656,0.845529837182114,6198
911,0.5,9,91,9,8,1,0,0,3,0.191008,1218.1715996585112,0.9662755342383624,148179.45193485188,0.9981617173324547,0.9268338216459949,0.10298153573844387,0.044264063781547465,0.8440601128893898,6198
912,0.5,9,91,9,8,1,0,0,3,0.186944,1218.3585436585113,0.9662606238359273,148182.9802398487,0.9980019021142074,0.9218010913564816,0.10242234348405349,0.04428050443282949,0.8425228976721607,6198
913,0.5,9,91,9,7,2,0,0,3,0.18288000000000001,1218.5414236585113,0.9662243150684932,148183.71907117296,0.9978626954380776,0.9169725329811893,0.10188583699790991,0.04427154860739498,0.8411782961023323,6198
914,0.5,9,91,9,8,1,0,0,3,0.178816,1218.7202396585114,0.9662094202743479,148188.23395482838,0.9977029862974256,0.9122717186038858,0.10136352428932066,0.044275873544235005,0.8397739050796821,6198
915,0.5,9,91,9,8,1,0,0,3,0.18288000000000001,1218.9031196585115,0.966194531216569,148192.2534176514,0.9975443236899734,0.9074049462704774,0.10082277180783084,0.04428759704509479,0.838257417414862,6198
916,0.5,9,91,9,8,1,0,0,3,0.19913599999999998,1219.1022556585115,0.9661796478918433,148194.29556580744,0.9973885966225672,0.9019125560707653,0.10021250623008503,0.04430927926880248,0.836470485857446,6198
917,0.5,9,91,9,8,1,0,0,3,0.19100799999999998,1219.2932636585115,0.9661647702968603,148197.32494692737,0.997230675630184,0.8967520817832632,0.09963912019814035,0.0443179144371784,0.8348408774216393,6198
918,0.5,9,91,9,8,1,0,0,3,0.18288,1219.4761436585115,0.9661498984283118,148201.34115769062,0.9970728105613071,0.8918853094498547,0.09909836771665052,0.04433248554819547,0.8332433965702849,6198
919,0.5,9,91,9,8,1,0,0,3,0.178816,1219.6549596585116,0.9661350322828922,148205.84999761783,0.9969151812490382,0.8871844950725513,0.09857605500806126,0.044339714281020404,0.8317240108354352,6198
920,0.5,9,91,9,8,1,0,0,3,0.19100799999999998,1219.8459676585117,0.9661201718572986,148208.8761969098,0.9967590463849526,0.8819858068269328,0.09799842298077031,0.044371913981670404,0.8298676222895022,6198
921,0.5,9,91,9,8,1,0,0,3,0.186944,1220.0329116585117,0.9661053171482304,148212.39515103571,0.9965997303979595,0.8769530765374194,0.09743923072637993,0.044397201393026525,0.8280834780416222,6198
922,0.5,9,91,9,8,1,0,0,3,0.178816,1220.2117276585118,0.9660904681523899,148216.90031372517,0.9964401112538861,0.8722522621601161,0.09691691801779068,0.04440614368593362,0.8264899923574511,6198
923,0.5,9,91,9,8,1,0,0,3,0.178816,1220.390543658512,0.9660756248664816,148221.4041561894,0.9962809080557311,0.8675514477828126,0.0963946053092014,0.0444154459902682,0.824874138865784,6198
924,0.5,9,91,9,8,1,0,0,3,0.18288,1220.573423658512,0.9660607872872125,148225.413148613,0.9961223002865205,0.8627228894075203,0.09585809882305782,0.04441271066466866,0.8232737015831252,6198
925,0.5,9,91,9,8,1,0,0,3,0.178816,1220.752239658512,0.9660459554112923,148229.91440967476,0.9959639282864489,0.8580220750302169,0.09533578611446855,0.04442277229565922,0.8216118145574184,6198
926,0.5,9,91,9,8,1,0,0,3,0.18694399999999997,1220.939183658512,0.9660311292354335,148233.42753050665,0.9958064206711186,0.8530275586988196,0.09478083985542442,0.04443009881250163,0.8198453791089699,6198
927,0.5,9,91,9,8,1,0,0,3,0.186944,1221.1261276585121,0.9660163087563506,148236.93957568085,0.9956497769821118,0.8480712563255388,0.09423013959172653,0.044416647925582795,0.818207710798979,6198
928,0.5,9,91,9,8,1,0,0,3,0.191008,1221.3171356585121,0.9660014939707608,148239.95726743178,0.9954937273963048,0.8429107820380367,0.09365675355978186,0.044434963282487014,0.816261293391443,6198
929,0.5,9,91,9,8,1,0,0,3,0.2032,1221.520335658512,0.9659866848753841,148241.4944016312,0.9953394386409234,0.8372524338822196,0.09302804820913552,0.04448419527457972,0.8138970934163263,6198
930,0.5,9,91,9,8,1,0,0,3,0.186944,1221.707279658512,0.9659718814669426,148245.00354178448,0.9951808960894403,0.8322579175508223,0.09247310195009137,0.044495413498253714,0.8120007655475253,6198
931,0.5,9,91,9,8,1,0,0,3,0.18288,1221.8901596585122,0.9659570837421612,148249.0046819145,0.9950222300711196,0.827391145217414,0.09193234946860156,0.044519321187992345,0.8100383513800624,6198
932,0.5,9,91,9,8,1,0,0,3,0.178816,1222.0689756585123,0.9659422916977671,148253.49764105846,0.9948635303762925,0.8226903308401106,0.09141003676001226,0.04453338064525387,0.8081807943902174,6198
933,0.5,9,91,9,8,1,0,0,3,0.2032,1222.2721756585122,0.9659275053304904,148255.0315786844,0.9947074882947077,0.8171503557322368,0.09079448397024853,0.04447532882278854,0.8064846169333216,6198
934,0.5,9,91,9,8,1,0,0,3,0.186944,1222.4591196585122,0.9659127246370632,148258.53649047052,0.994550335303242,0.812196540808019,0.09024406008977989,0.04443586556282831,0.8048585245009049,6198
935,0.5,9,91,9,8,1,0,0,3,0.19100799999999998,1222.6501276585122,0.9658979496142206,148261.5475182198,0.9943938655380413,0.8070767679276962,0.0896751964364107,0.044407853849831924,0.8030640212340376,6198
936,0.5,9,91,9,7,2,0,0,3,0.2032,1222.8533276585122,0.96586187056492,148259.8083509725,0.9942564057803399,0.801457877454527,0.08905087527272522,0.04442988993428373,0.8006865439463104,6198
937,0.5,9,91,9,8,1,0,0,3,0.195072,1223.0483996585122,0.9658471109596045,148262.32555525177,0.994102191204133,0.7962498182588633,0.08847220202876259,0.04435349004580838,0.7991505943285445,6198
938,0.5,9,91,9,8,1,0,0,3,0.18694400000000003,1223.2353436585122,0.9658323570135264,148265.82712821857,0.9939472243602923,0.7912935158855825,0.08792150176506472,0.044347402655119175,0.7971830531088635,6198
939,0.5,9,91,9,8,1,0,0,3,0.195072,1223.4304156585122,0.9658176087234315,148268.34258682665,0.9937896237090801,0.7859288696838593,0.08732542996487325,0.044412550596146974,0.7944954734116374,6198
940,0.5,9,91,9,8,1,0,0,3,0.195072,1223.6254876585122,0.9658028660860678,148270.85724339922,0.9936323474534499,0.7806813528055478,0.08674237253394976,0.044377403942061744,0.7925596826559484,6198
941,0.5,9,91,9,8,1,0,0,3,0.18288,1223.8083676585122,0.9657881290981861,148274.84824865492,0.9934742308235246,0.7758527944302558,0.0862058660478062,0.04438496629357992,0.7904557632633904,6198
942,0.5,9,91,9,8,1,0,0,3,0.178816,1223.9871836585123,0.9657733977565399,148279.33039095902,0.9933164386567395,0.7711519800529524,0.08568355333921693,0.04440441319168547,0.7882892397852669,6198
943,0.5,8,92,9,7,1,1,0,3,0.1781889965018034,1224.1653726550142,0.9657373909342414,148280.6196407213,0.9931796903872157,0.7663262241057633,0.09579077801322042,0.03456732629882252,0.8847819709846555,6198
944,0.5,8,92,8,7,1,0,0,3,0.16255999999999998,1224.3279326550141,0.965721945614707,148283.80138832936,0.9930410834685911,0.7619900294164063,0.09524875367705077,0.034618903730781934,0.883312960478156,6198
945,0.5,8,92,8,7,1,0,0,3,0.17068799999999998,1224.498620655014,0.9657065055524826,148285.99798901414,0.9929033250430904,0.7573219188148392,0.0946652398518549,0.034721844171209604,0.8814209764022355,6198
946,0.5,8,92,8,7,1,0,0,3,0.170688,1224.669308655014,0.9656910707448845,148288.1939773975,0.9927665042316942,0.7526920221713884,0.09408650277142355,0.03478995834313635,0.8797189738501703,6198
947,0.5,8,92,8,7,1,0,0,3,0.158496,1224.827804655014,0.9656756411892305,148291.86544402348,0.992626145618399,0.7485217854381364,0.09356522317976705,0.03481918434281984,0.8783589151753506,6198
948,0.5,8,92,8,7,1,0,0,3,0.16255999999999998,1224.990364655014,0.9656602168828408,148295.04397870076,0.9924865461600213,0.7441855907487793,0.09302319884359742,0.03487485964903025,0.8767671065597555,6198
949,0.5,8,92,8,7,1,0,0,3,0.158496,1225.148860655014,0.9656447978230367,148298.7135970255,0.9923469897290844,0.7400153540155272,0.0925019192519409,0.034905233256396745,0.8753577744332717,6198
950,0.5,8,92,8,7,1,0,0,3,0.166624,1225.315484655014,0.9656293840071419,148301.39851791877,0.9922089076381072,0.7355132013700652,0.09193915017125814,0.034988849634049274,0.8734921782072803,6198
951,0.5,8,92,8,7,1,0,0,3,0.16256,1225.478044655014,0.9656139754324818,148304.5745231307,0.9920707786492796,0.7311770066807082,0.09139712583508852,0.035047155728366516,0.8718078955459793,6198
952,0.5,8,92,8,7,1,0,0,3,0.170688,1225.6487326550139,0.9655985720963834,148306.76616965406,0.9919334076607127,0.7265878114444367,0.0908234764305546,0.0350384277021863,0.8704501586603671,6198
953,0.5,8,92,8,7,1,0,0,3,0.170688,1225.8194206550138,0.9655831739961759,148308.9572058302,0.9917962578205252,0.721957914800986,0.09024473935012325,0.035114886863704536,0.8685045159385767,6198
954,0.5,8,92,8,7,1,0,0,3,0.16255999999999998,1225.9819806550138,0.9655677811291898,148312.13090330537,0.9916589714138629,0.717621720111629,0.08970271501395362,0.03517615283723337,0.8667201762264417,6198
955,0.5,8,92,8,7,1,0,0,3,0.158496,1226.1404766550138,0.9655523934927579,148315.7953451747,0.9915189562110038,0.7134514833783769,0.0891814354222971,0.03521065768467716,0.8651393029549351,6198
956,0.5,8,92,8,7,1,0,0,3,0.166624,1226.3071006550138,0.9655370110842145,148318.47577401236,0.9913800566249739,0.7089493307329148,0.08861866634161436,0.03530124523409395,0.8630490336007015,6198
957,0.5,8,92,8,7,1,0,0,3,0.16256,1226.4696606550137,0.965521633900896,148321.6469479133,0.9912412891598418,0.7046131360435577,0.08807664200544472,0.035365062600669156,0.8611609334054353,6198
958,0.5,8,92,8,7,1,0,0,3,0.158496,1226.6281566550138,0.9655062619401401,148325.30870328797,0.9911024750583355,0.7004428993103057,0.0875553624137882,0.03540145693818554,0.8594871175374243,6198
959,0.5,8,92,8,7,1,0,0,3,0.18288,1226.8110366550138,0.9654908951992869,148326.02133752278,0.9909667410455792,0.6953915567147726,0.08692394458934657,0.03549264623982161,0.8571007968167214,6198
960,0.5,8,92,8,7,1,0,0,3,0.16255999999999998,1226.9735966550138,0.965475533675678,148329.19020927517,0.9908288157819422,0.6910553620254155,0.08638192025317692,0.03555937362271448,0.8550968567343783,6198
961,0.5,8,92,8,7,1,0,0,3,0.158496,1227.1320926550138,0.9654601773666568,148332.8494866223,0.9906912008719662,0.6868851252921633,0.08586064066152041,0.0355979693119453,0.8533190712224114,6198
962,0.5,8,92,8,7,1,0,0,3,0.170688,1227.3027806550137,0.9654448262695685,148335.03424708164,0.9905551462768175,0.6822564723732442,0.08528205904665552,0.035661794673083884,0.8511650814302363,6198
963,0.5,8,92,8,7,1,0,0,3,0.186944,1227.4897246550138,0.9654294803817604,148335.25392741972,0.9904160087459118,0.6771994900012603,0.08464993625015754,0.03549101733993041,0.8504950955623505,6198
964,0.5,8,92,8,7,1,0,0,3,0.16255999999999998,1227.6522846550138,0.965414139700581,148338.4198247753,0.9902770925325852,0.6728632953119031,0.0841079119139879,0.03556122561734455,0.8483463301832249,6198
965,0.5,8,92,8,7,1,0,0,3,0.17068799999999998,1227.8229726550137,0.9653988042233812,148340.60288524628,0.9901392008026554,0.6682333986684525,0.08352917483355657,0.03565219209282755,0.8458962542100578,6198
966,0.5,8,92,8,7,1,0,0,3,0.166624,1227.9895966550137,0.9653834739475134,148343.2762754719,0.9900017976540966,0.6637312460229905,0.0829664057528738,0.03575446039255936,0.8433702724303418,6198
967,0.5,8,92,8,7,1,0,0,3,0.170688,1228.1602846550136,0.965368148870332,148345.45806142653,0.9898648828616473,0.659139563337656,0.082392445417207,0.03580801830696762,0.8411278414334836,6198
968,0.5,8,92,8,7,1,0,0,3,0.16255999999999998,1228.3228446550136,0.9653528289891926,148348.62088002462,0.9897272964592122,0.6548033686482989,0.08185042108103736,0.03588203723271127,0.8387982149520941,6198
969,0.5,8,92,8,7,1,0,0,3,0.170688,1228.4935326550135,0.9653375143014534,148350.8013315517,0.9895908226991027,0.6501734720048481,0.08127168400060601,0.03597810017711294,0.8361387426405739,6198
970,0.5,8,92,8,7,1,0,0,3,0.16662400000000002,1228.6601566550135,0.9653222048044741,148353.47187967776,0.9894551935182605,0.6457502347246817,0.0807187793405852,0.03595688314683816,0.8344226300584408,6198
971,0.5,8,92,8,7,1,0,0,3,0.17068799999999998,1228.8308446550134,0.9653069004956157,148355.65105885727,0.9893166633985149,0.6410821241231146,0.08013526551538933,0.036095999404900554,0.8313279370856705,6198
972,0.5,8,92,8,7,1,0,0,3,0.166624,1228.9974686550133,0.9652916013722418,148358.32021650946,0.9891784432939434,0.6365799714776526,0.07957249643470657,0.03620526993024177,0.8284849493760885,6198
973,0.5,8,92,8,7,1,0,0,3,0.16256,1229.1600286550133,0.9652763074317171,148361.47917984627,0.9890403547770327,0.6322437767882954,0.07903047209853693,0.03628393707913544,0.8259104777299624,6198
974,0.5,8,92,8,7,1,0,0,3,0.178816,1229.3388446550134,0.9652610186714086,148362.67542752472,0.9889038238459112,0.6274015810051097,0.07842519762563871,0.03623261270419517,0.8240992874663722,6198
975,0.5,8,92,8,7,1,0,0,3,0.16256,1229.5014046550134,0.9652457350886847,148365.83293793327,0.988766711023575,0.6230653863157526,0.07788317328946906,0.036313023992214866,0.8214301289763484,6198
976,0.5,8,92,8,7,1,0,0,3,0.174752,1229.6761566550133,0.9652304566809159,148367.5185638204,0.9886297293884417,0.6182313177580805,0.07727891471976008,0.03649170500304417,0.8176747324320088,6198
977,0.5,8,92,8,7,1,0,0,3,0.17068799999999998,1229.8468446550132,0.9652151834454742,148369.69399322692,0.9884933243183243,0.6135632071565136,0.0766954008945642,0.03663981682321608,0.8141814220109128,6198
978,0.5,8,92,8,7,1,0,0,3,0.166624,1230.0134686550132,0.9651999153797335,148372.35904380694,0.9883573173998995,0.6090610545110515,0.07613263181388143,0.03675646904560111,0.8109700218841915,6198
979,0.5,8,92,8,7,1,0,0,3,0.16255999999999998,1230.1760286550132,0.9651846524810694,148375.51354301962,0.9882185913391375,0.6047248598216943,0.07559060747771179,0.03684094875123922,0.8080585502564761,6198
980,0.5,8,92,8,7,1,0,0,3,0.174752,1230.350780655013,0.9651693947468596,148377.19686966916,0.9880811544863958,0.5999302489466701,0.07499128111833377,0.03696105569818534,0.8045555930018491,6198
981,0.5,8,92,8,7,1,0,0,3,0.158496,1230.509276655013,0.965154142174483,148380.83992046933,0.9879429584897191,0.595760012213418,0.07447000152667725,0.0370136509332952,0.8019011477109904,6198
982,0.5,8,92,8,7,1,0,0,3,0.16256,1230.671836655013,0.9651388947613209,148383.9920285675,0.9878056950657969,0.5914238175240609,0.07392797719050762,0.03710052314741054,0.7988175774936949,6198
983,0.5,8,92,8,7,1,0,0,3,0.16256,1230.834396655013,0.9651236525047558,148387.14330404892,0.9876689187572475,0.5870876228347037,0.07338595285433798,0.03718810351589951,0.7956763504595319,6198
984,0.5,8,92,8,7,1,0,0,3,0.158496,1230.992892655013,0.9651084154021725,148390.78364296688,0.9875319174036618,0.5829173861014517,0.07286467326268145,0.03724217736256127,0.792871866138581,6198
985,0.5,8,92,8,7,1,0,0,3,0.170688,1231.163580655013,0.9650931834509572,148392.95352027932,0.9873965596551677,0.5783281908651803,0.07229102385814754,0.0372673006114929,0.7900401382796367,6198
986,0.5,8,92,8,7,1,0,0,3,0.16256,1231.326140655013,0.9650779566484979,148396.1023541648,0.9872608875310791,0.5740302101339394,0.07175377626674243,0.03731378320030901,0.7871373116736209,6198
987,0.5,8,92,8,7,1,0,0,3,0.166624,1231.492764655013,0.9650627349921845,148398.76063031168,0.9871230332018109,0.5695662714465937,0.0711957839308242,0.03739549961847712,0.7837689014969509,6198
988,0.5,8,92,8,7,1,0,0,3,0.174752,1231.6675166550128,0.9650475184794086,148400.4388590174,0.9869867330460977,0.5648086308051541,0.07060107885064426,0.03750460251137463,0.7799137004405051,6198
989,0.5,8,92,8,7,1,0,0,3,0.17068799999999998,1231.8382046550128,0.9650323071075637,148402.60621012075,0.9868498521762404,0.5601787341617033,0.07002234177021291,0.037623380731991674,0.7759775550412472,6198
990,0.5,8,92,8,7,1,0,0,3,0.16256,1232.0007646550127,0.9650171008740447,148405.7520461021,0.9867129243207168,0.5558425394723462,0.06948031743404327,0.03771621011149991,0.7723989829878135,6198
991,0.5,8,92,8,7,1,0,0,3,0.16255999999999998,1232.1633246550127,0.9650018997762486,148408.8970520196,0.9865761272944427,0.5515445587411054,0.06894306984263818,0.0377662295817063,0.7691879431818345,6198
992,0.5,8,92,8,7,1,0,0,3,0.166624,1232.3299486550127,0.964986703811574,148411.55179228718,0.9864396388034433,0.5470424060956433,0.06838030076195542,0.03789585968003445,0.7650351477511709,6198
993,0.5,8,92,8,7,1,0,0,3,0.16255999999999998,1232.4925086550127,0.9649715129774213,148414.69519325183,0.9863035475754853,0.5427062114062862,0.06783827642578577,0.03799073946536962,0.761254264927162,6198
994,0.5,8,92,8,7,1,0,0,3,0.16255999999999998,1232.6550686550127,0.9649563272711928,148417.83776512605,0.986167942284016,0.5383700167169291,0.06729625208961613,0.03808627249102118,0.7574043624091847,6198
995,0.5,8,92,8,7,1,0,0,3,0.16256,1232.8176286550126,0.9649411466902924,148420.97950823786,0.9860301574383777,0.5340720359856883,0.06675900449821104,0.038138630927598505,0.7539373260477362,6198
996,0.5,7,93,8,6,1,1,0,3,0.15141483890369994,1232.9690434939164,0.9649048804150673,148422.2178696597,0.9859115238398438,0.5301909663347175,0.07574156661924539,0.030741662656351705,0.8585643225100974,6198
997,0.5,7,93,7,6,1,0,0,2,0.14224,1233.1112834939163,0.9648889732397039,148424.5602565707,0.9857921421664453,0.5267227753840016,0.0752461107691431,0.030713867216359728,0.8571845410738155,6198
998,0.5,7,93,7,6,1,0,0,2,0.138176,1233.2494594939162,0.9648730707598887,148427.3912231161,0.9856727029907536,0.5233823284312744,0.07476890406161063,0.030691478412669795,0.8557998267250014,6198
999,0.5,7,93,7,6,1,0,0,2,0.138176,1233.3876354939162,0.9648571729735428,148430.2215553571,0.98555365031371,0.5200418814785471,0.07429169735407816,0.03066923991622309,0.8543927446026449,6198
1000,0.5,7,93,7,6,1,0,0,2,0.138176,1233.525811493916,0.9648412798785886,148433.0512535068,0.9854349839833284,0.5167014345258198,0.07381449064654569,0.03064715205422201,0.8529628408620112,6198
1001,0.5,7,93,7,6,1,0,0,2,0.138176,1233.663987493916,0.9648253914729499,148435.88031777824,0.9853167038477035,0.5133609875730927,0.07333728393901325,0.030625215152593345,0.8515096509839062,6198
1002,0.5,7,93,7,6,1,0,0,2,0.14224,1233.806227493916,0.9648095077545515,148438.21981025225,0.9851991647980359,0.5098927966223767,0.07284182808891096,0.030598792399909026,0.8500074662591457,6198
1003,0.5,7,93,7,6,1,0,0,2,0.138176,1233.9444034939158,0.9647936287213198,148441.04765284358,0.9850816565500058,0.5065523496696495,0.07236462138137849,0.030577251505378107,0.8485048789688142,6198
1004,0.5,7,93,7,6,1,0,0,2,0.14224,1234.0866434939157,0.9647777543711819,148443.38601814158,0.9849624930790183,0.5030841587189334,0.0718691655312762,0.030551476695664943,0.8469489114845811,6198
1005,0.5,7,93,7,6,1,0,0,2,0.146304,1234.2329474939158,0.9647618847020663,148445.23505227783,0.9848434495530495,0.49949071121929184,0.07135581588847026,0.030452486652722696,0.8459290651942757,6198
1006,0.5,7,93,7,6,1,0,0,2,0.138176,1234.3711234939158,0.964746019711903,148448.06113199974,0.9847246146392248,0.4961502642665646,0.0708786091809378,0.030431477114110272,0.8443533060465908,6198
1007,0.5,7,93,7,6,1,0,0,2,0.14223999999999998,1234.5133634939157,0.9647301593986229,148450.39788093246,0.9846063430661316,0.4926820733158487,0.07038315333083553,0.030406549012079225,0.8427179780039306,6198
1008,0.5,7,93,7,6,1,0,0,2,0.14224,1234.6556034939156,0.9647143037601583,148452.7340914492,0.984488634612476,0.4892151260896642,0.06988787515566633,0.030346994748621806,0.8413609632865638,6198
1009,0.5,7,93,7,6,1,0,0,2,0.14224,1234.7978434939155,0.9646984527944427,148455.069763736,0.9843713116982604,0.4857469351389483,0.06939241930556403,0.030322698104865493,0.8396683042767887,6198
1010,0.5,7,93,7,6,1,0,0,2,0.154432,1234.9522754939155,0.9646826064994106,148455.93926022388,0.9842561475280986,0.48190048709239236,0.06884292672748461,0.030146710620200582,0.839094127249562,6198
1011,0.5,7,93,7,6,1,0,0,2,0.14224,1235.0945154939154,0.9646667648729982,148458.27400235372,0.9841372012892209,0.47843229614167637,0.06834747087738234,0.03012297696644221,0.8373487960094823,6198
1012,0.5,7,93,7,6,1,0,0,2,0.17068799999999998,1235.2652034939154,0.9646509279131423,148457.1891779216,0.984018906696176,0.4740798470012917,0.06772569242875597,0.029792036413748196,0.8378678947818098,6198
1013,0.5,7,93,7,6,1,0,0,2,0.15036799999999997,1235.4155714939154,0.9646350956177814,148458.54644540013,0.9839007316951909,0.4703586555036614,0.06719409364338019,0.029691106307687752,0.836645205389463,6198
1014,0.5,7,93,7,6,1,0,0,2,0.138176,1235.5537474939154,0.9646192679848549,148461.368331452,0.9837824989965303,0.4670182085509341,0.06671688693584774,0.029671596135377263,0.834869001430252,6198
1015,0.5,7,93,7,6,1,0,0,2,0.138176,1235.6919234939153,0.9646034450123037,148464.189586413,0.9836646516718534,0.4636777615982069,0.06623968022831526,0.0296522454930437,0.8330617316257257,6198
1016,0.5,7,93,7,6,1,0,0,2,0.138176,1235.8300994939152,0.9645876266980695,148467.01021049486,0.9835471895699343,0.46033731464547967,0.06576247352078281,0.029633054693210467,0.8312227241551278,6198
1017,0.5,7,93,7,6,1,0,0,2,0.138176,1235.9682754939151,0.9645718130400959,148469.83020390916,0.9834301125396259,0.4569968676927524,0.06528526681325034,0.029614024046626147,0.829351290797203,6198
1018,0.5,7,93,7,6,1,0,0,2,0.14224,1236.110515493915,0.9645560040363269,148472.16142859796,0.9833109403287321,0.453529920466568,0.06478998863808114,0.02955630248893209,0.8277420035485662,6198
1019,0.5,7,93,7,6,1,0,0,2,0.15443199999999999,1236.264947493915,0.9645401996847084,148473.02786679022,0.9831925077897901,0.44968347242001205,0.06424049606000172,0.029382305602119883,0.8269955929206557,6198
1020,0.5,7,93,7,6,1,0,0,2,0.138176,1236.403123493915,0.964524399983187,148475.84619588958,0.9830741062176516,0.44634302546728477,0.06376328935246925,0.0293637232343711,0.8250343319369023,6198
1021,0.5,7,93,7,6,1,0,0,2,0.14223999999999998,1236.545363493915,0.9645086049297107,148478.17590875103,0.9829562668420021,0.4428748345165688,0.06326783350236696,0.029342537257266252,0.8229812250504784,6198
1022,0.5,7,93,7,6,1,0,0,2,0.138176,1236.6835394939149,0.9644928145222288,148480.9930236025,0.9828386353274712,0.43953438756384156,0.0627906267948345,0.02932437879247958,0.8209464844752515,6198
1023,0.5,7,93,7,6,1,0,0,2,0.138176,1236.8217154939148,0.9644770287586917,148483.80950900563,0.9827213886268925,0.4361939406111143,0.06231342008730205,0.029306383477800034,0.8188748314123228,6198
1024,0.5,7,93,7,6,1,0,0,2,0.170688,1236.9924034939147,0.964461247637051,148482.7226757529,0.982608686352474,0.4318402477461981,0.06169146396374259,0.029014577968261335,0.818867630953499,6198
1025,0.5,7,93,7,6,1,0,0,2,0.138176,1237.1305794939146,0.9644454711552597,148485.53826480173,0.9824897304509169,0.42849980079347083,0.061214257256210124,0.028996970183749027,0.8167344102542736,6198
1026,0.5,7,93,7,6,1,0,0,2,0.16255999999999998,1237.2931394939146,0.9644296993112716,148485.42688529438,0.9823725752780952,0.4243978647509375,0.06062826639299106,0.028820131726696816,0.8156838167716004,6198
1027,0.5,7,93,7,6,1,0,0,2,0.138176,1237.4313154939146,0.9644139321030422,148488.2414881019,0.9822543890590806,0.42105741779821027,0.060151059685458606,0.028803036904115772,0.8134759928787488,6198
1028,0.5,7,93,7,6,1,0,0,2,0.146304,1237.5776194939147,0.9643981695285276,148490.08022232066,0.9821370298444325,0.41746272657403705,0.059637532367719584,0.028745425020805286,0.8114734735555819,6198
1029,0.5,7,93,7,6,1,0,0,2,0.138176,1237.7157954939146,0.9643824115856858,148492.89365872333,0.9820196128320693,0.4141222796213098,0.05916032566018712,0.028728762271954318,0.8091821446932546,6198
1030,0.5,7,93,7,6,1,0,0,2,0.138176,1237.8539714939145,0.9643666582724755,148495.70646702382,0.9819025802259416,0.4107818326685826,0.058683118952654656,0.028712267863101125,0.8068475926806753,6198
1031,0.5,7,93,7,6,1,0,0,2,0.138176,1237.9921474939144,0.9643509095868567,148498.51864743244,0.9817859318754986,0.4074413857158553,0.05820591224512219,0.02869594208453087,0.8044688312672161,6198
1032,0.5,7,93,7,6,1,0,0,2,0.138176,1238.1303234939144,0.9643351655267905,148501.33020015943,0.9816671920613698,0.4041009387631281,0.05772870553758973,0.02867978522421859,0.8020448498598519,6198
1033,0.5,7,93,7,6,1,0,0,2,0.158496,1238.2888194939144,0.9643194260902398,148501.70421077902,0.9815497208646115,0.4001267467185834,0.05716096381694049,0.028507506363615053,0.8008168572967977,6198
1034,0.5,7,93,7,6,1,0,0,2,0.15443199999999999,1238.4432514939144,0.9643036912751678,148502.56544104856,0.9814322803271764,0.3962778112229644,0.05661111588899491,0.02841189707485246,0.7987973672666991,6198
1035,0.5,7,93,7,6,1,0,0,2,0.138176,1238.5814274939144,0.9642879610795395,148505.37551831952,0.9813146936799303,0.3929373642702372,0.05613390918146245,0.028396539917263573,0.7962380073984462,6198
1036,0.5,7,93,7,6,1,0,0,2,0.138176,1238.7196034939143,0.9642722355013209,148508.18496867662,0.9811974911822768,0.3895969173175099,0.05565670247392999,0.02838135453542966,0.7936289417746313,6198
1037,0.5,7,93,7,6,1,0,0,2,0.138176,1238.8577794939142,0.9642565145384793,148510.99379232965,0.9810806726838837,0.3862564703647826,0.055179495766397524,0.02836634120522138,0.7909690173313232,6198
1038,0.5,7,93,7,6,1,0,0,2,0.14630400000000002,1239.0040834939143,0.964240798188983,148512.82772297965,0.9809651214743469,0.382660535416078,0.054665790773725416,0.028350088591487833,0.7880507985877799,6198
1039,0.5,7,93,7,6,1,0,0,2,0.138176,1239.1422594939143,0.9642250864508016,148515.6353840774,0.9808465970995895,0.37932008846335075,0.05418858406619296,0.028335627492447016,0.7852791842919984,6198
1040,0.5,7,93,7,6,1,0,0,2,0.14224,1239.2844994939142,0.9642093793219061,148517.95538083697,0.9807289868442844,0.3758518975126347,0.05369312821609068,0.028320946912209013,0.7823419461763473,6198
1041,0.5,7,93,7,6,1,0,0,2,0.138176,1239.422675493914,0.9641936768002681,148520.7618350564,0.980611230637721,0.37251145055990753,0.05321592150855821,0.028306936171759393,0.779456429596716,6198
1042,0.5,7,93,7,6,1,0,0,2,0.138176,1239.560851493914,0.9641779788838613,148523.5676635952,0.9804938583244887,0.36917100360718025,0.05273871480102575,0.028293099140465964,0.7765136299680704,6198
1043,0.5,7,93,7,6,1,0,0,2,0.138176,1239.699027493914,0.9641622855706595,148526.37286666254,0.9803768697544732,0.365830556654453,0.05226150809349328,0.02827943607331462,0.7735122126769999,6198
1044,0.5,7,93,7,6,1,0,0,2,0.138176,1239.8372034939139,0.9641465968586388,148529.17744446758,0.9802602647776383,0.36249010970172574,0.05178430138596082,0.02826594722257539,0.7704508117699745,6198
1045,0.5,7,93,7,6,1,0,0,2,0.138176,1239.9753794939138,0.9641309127457754,148531.98139721935,0.9801440432440254,0.3591496627489985,0.05130709467842836,0.02825263283778032,0.7673280294834626,6198
1046,0.5,7,93,7,6,1,0,0,2,0.138176,1240.1135554939137,0.9641152332300478,148534.78472512675,0.9800257339505519,0.3558092157962712,0.05082988797089589,0.02823949316570156,0.7641424357975335,6198
1047,0.5,7,93,7,6,1,0,0,2,0.138176,1240.2517314939137,0.9640995583094346,148537.58742839863,0.979907808444457,0.35246876884354406,0.05035268126336343,0.028226528450329556,0.7608925680167455,6198
1048,0.5,7,93,7,6,1,0,0,2,0.138176,1240.3899074939136,0.9640838879819164,148540.3895072438,0.9797902665757658,0.3491283218908168,0.04987547455583097,0.028213738932851482,0.7575769303824672,6198
1049,0.5,7,93,7,6,1,0,0,2,0.15443199999999999,1240.5443394939136,0.9640682222454745,148541.24446303523,0.9796740785861754,0.34528063011972926,0.049325804302818466,0.028085567772938573,0.7551707829244462,6198
1050,0.5,7,93,7,6,1,0,0,2,0.14224,1240.6865794939135,0.9640525610980917,148543.5589020201,0.9795575680340957,0.3418124391690133,0.04883034845271618,0.028073999759842736,0.7515724360071814,6198
1051,0.5,7,93,7,6,1,0,0,2,0.146304,1240.8328834939136,0.9640369045377518,148545.38629005,0.9794418815733058,0.33821650422030863,0.048316643460044086,0.02806389908516456,0.7477379458473684,6198
1052,0.5,7,93,7,6,1,0,0,2,0.138176,1240.9710594939136,0.9640212525624399,148548.186188305,0.9793258725034267,0.33487605726758135,0.04783943675251162,0.028052240168968748,0.7441333205437284,6198
1053,0.5,7,93,7,6,1,0,0,2,0.14224,1241.1132994939135,0.964005605170142,148550.4990359699,0.9792082183781987,0.33140786631686536,0.047343980902409336,0.02804204965925338,0.7402885951024449,6198
1054,0.5,7,93,7,6,1,0,0,2,0.138176,1241.2514754939134,0.9639899623588457,148553.29773253849,0.9790905067200949,0.32806741936413814,0.046866774194876885,0.02803085148384945,0.7365292289708654,6198
1055,0.5,7,93,7,6,1,0,0,2,0.138176,1241.3896514939133,0.9639743241265394,148556.0958060751,0.9789731782942467,0.3247269724114109,0.046389567487344414,0.028019831242166563,0.7326920555071825,6198
1056,0.5,7,93,7,6,1,0,0,2,0.138176,1241.5278274939133,0.963958690471213,148558.89325678788,0.9788562329510505,0.3213865254586836,0.04591236077981194,0.02800898914423079,0.7287752868022728,6198
1057,0.5,7,93,7,6,1,0,0,2,0.138176,1241.6660034939132,0.9639430613908572,148561.6900848846,0.9787396705409822,0.31804607850595634,0.04543515407227948,0.0279983253969958,0.7247771003204185,6198
1058,0.5,7,93,7,6,1,0,0,2,0.158496,1241.8244994939132,0.9639274368834643,148562.0553268077,0.9786256937678969,0.3140731301859432,0.04486759002656331,0.027794471576292792,0.7226725232046655,6198
1059,0.5,7,93,7,6,1,0,0,2,0.14224,1241.966739493913,0.9639118169470274,148564.36499675224,0.9785103370026434,0.3106049392352272,0.04437213417646102,0.02778613899470643,0.7183210626878052,6198
1060,0.5,7,93,7,6,1,0,0,2,0.138176,1242.104915493913,0.9638962015795411,148567.16022786268,0.9783924555978876,0.3072644922824999,0.043894927468928556,0.02777614151120405,0.7140717751836689,6198
1061,0.5,7,93,7,6,1,0,0,2,0.158496,1242.263411493913,0.963880590779001,148567.52464282356,0.9782758379680958,0.3032903002379552,0.04332718574827932,0.02761415481689521,0.7111351521389503,6198
1062,0.5,7,93,7,6,1,0,0,2,0.138176,1242.401587493913,0.9638649845434037,148570.3188550573,0.978158722254214,0.2999498532852279,0.04284997904074685,0.027604647530908518,0.7067065799913631,6198
1063,0.5,7,93,7,6,1,0,0,2,0.138176,1242.539763493913,0.9638493828707474,148573.1124458331,0.9780419892190577,0.29660940633250066,0.04237277233321437,0.027595322184605982,0.7021839606081095,6198
1064,0.5,7,93,7,6,1,0,0,2,0.158496,1242.698259493913,0.9638337857590311,148573.47597412032,0.9779272235307627,0.2926339705634244,0.04180485293763205,0.027475822237847964,0.6983413641355978,6198
1065,0.5,7,93,7,6,1,0,0,2,0.138176,1242.8364354939129,0.9638181932062551,148576.2685470484,0.9778112551994615,0.28929352361069705,0.04132764623009959,0.027467096772201424,0.6936173732230098,6198
1066,0.5,7,93,7,6,1,0,0,2,0.14224,1242.9786754939128,0.9638026052104208,148578.57471015354,0.9776961092121061,0.2858253326599811,0.0408321903799973,0.027461488085929492,0.6885549741564507,6198
1067,0.5,7,93,7,6,1,0,0,2,0.146304,1243.1249794939129,0.963787021769531,148580.39460778484,0.977578440826792,0.2822318851603395,0.04031884073719134,0.027376268547703617,0.6844470285995063,6198
1068,0.5,7,93,7,6,1,0,0,2,0.150368,1243.275347493913,0.9637714428815893,148581.7283937615,0.9774614190141819,0.27851193738724067,0.03978741962674866,0.0272529183121694,0.6806542999836085,6198
1069,0.5,7,93,7,6,1,0,0,2,0.14223999999999998,1243.4175874939128,0.9637558685446009,148584.0331182419,0.9773446035811891,0.2750437464365246,0.03929196377664638,0.027248369264102394,0.6752555565217697,6198
1070,0.5,7,93,7,6,1,0,0,2,0.15036799999999997,1243.567955493913,0.9637402987565719,148585.36615042624,0.9772287862385367,0.2713225549388943,0.03876036499127061,0.027167523210173357,0.6705672780092928,6198
1071,0.5,7,93,7,6,1,0,0,2,0.14224,1243.7101954939128,0.9637247335155092,148587.6699166325,0.9771129110129428,0.2678543639881783,0.03826490914116833,0.027163931370023306,0.6649175551341981,6198
1072,0.5,7,93,7,6,1,0,0,2,0.138176,1243.8483714939127,0.9637091728194218,148590.4586408863,0.9769971538348474,0.264513917035451,0.03778770243363586,0.027156991448534062,0.6594172533225263,6198
1073,0.5,7,93,7,6,1,0,0,2,0.138176,1243.9865474939127,0.9636936166663191,148593.2467456241,0.9768817784858469,0.26117347008272374,0.03731049572610339,0.027150238004637166,0.6537983863473453,6198
1074,0.5,7,93,7,6,1,0,0,2,0.150368,1244.1369154939127,0.9636780650542118,148594.57805462452,0.9767643227461804,0.2574535223096249,0.0367790746156607,0.027028738454366954,0.6493211860459476,6198
1075,0.5,7,93,7,6,1,0,0,2,0.150368,1244.2872834939128,0.963662517981112,148595.90904185636,0.9766488317319567,0.2537298433629315,0.03624712048041879,0.027035016919625832,0.6425511131074634,6198
1076,0.5,7,93,7,6,1,0,0,2,0.146304,1244.433587493913,0.9636469754450327,148597.72498779855,0.9765324916130862,0.25013639586328984,0.03573377083761283,0.0269526596843704,0.6373841308717108,6198
1077,0.5,7,93,7,6,1,0,0,2,0.138176,1244.5717634939128,0.9636314374439883,148600.51097479727,0.9764161816888998,0.2467959489105626,0.035256564130080374,0.02694703842957498,0.6312438509843273,6198
1078,0.5,7,93,7,6,1,0,0,2,0.138176,1244.7099394939128,0.963615903975994,148603.29634324784,0.9763002534895325,0.24345550195783533,0.0347793574225479,0.026941605711255832,0.6249716162610627,6198
1079,0.5,7,93,7,6,1,0,0,2,0.138176,1244.8481154939127,0.9636003750390666,148606.08109335616,0.9761847068664151,0.24011505500510805,0.03430215071501543,0.02693636164348911,0.6185650169393481,6198
1080,0.5,7,93,7,6,1,0,0,2,0.138176,1244.9862914939126,0.9635848506312237,148608.86522532816,0.9760695416710546,0.23677460805238076,0.03382494400748297,0.026931306336477008,0.6120216714422614,6198
1081,0.5,7,93,7,6,1,0,0,2,0.150368,1245.1366594939127,0.9635693307504842,148610.1935792411,0.9759522979193249,0.23305466027928196,0.03329352289704028,0.026811969076530596,0.6065967214505351,6198
1082,0.5,7,93,7,6,1,0,0,2,0.138176,1245.2748354939126,0.9635538153948684,148612.9766097764,0.9758354359366049,0.2297142133265547,0.03281631618950782,0.026807329865666255,0.5997685840492392,6198
1083,0.5,7,93,7,6,1,0,0,2,0.14224,1245.4170754939125,0.9635383045623972,148615.27406519384,0.9757191312313706,0.22624726610037024,0.03232103801433861,0.026764787155059665,0.5932126763524334,6198
1084,0.5,7,93,7,6,1,0,0,2,0.15036799999999997,1245.5674434939126,0.9635227982510931,148616.60118599967,0.9756037348552872,0.2225260746027399,0.031789439228962844,0.02668974653683948,0.5865470919280755,6198
1085,0.5,7,93,7,6,1,0,0,2,0.14224,1245.7096834939125,0.9635072964589796,148618.8976878935,0.9754882805921696,0.21905788365202394,0.031293983378860565,0.026691322718075505,0.5788793404554778,6198
1086,0.5,7,93,7,6,1,0,0,2,0.138176,1245.8478594939124,0.9634917991840812,148621.67847301642,0.9753729440532075,0.21571743669929666,0.03081677667132809,0.02668770798910914,0.5714359762058806,6198
1087,0.5,7,93,7,6,1,0,0,2,0.138176,1245.9860354939124,0.9634763064244241,148624.45864137838,0.9752579885415149,0.21237698974656938,0.030339569963795627,0.026684284309228586,0.5638386833478166,6198
1088,0.5,7,93,7,6,1,0,0,2,0.138176,1246.1242114939123,0.9634608181780349,148627.23819318457,0.9751409563045437,0.2090365427938421,0.029862363256263156,0.02668105175197939,0.5560856237863392,6198
1089,0.5,7,93,7,6,1,0,0,2,0.14224,1246.2664514939122,0.9634453344429419,148629.53245508656,0.9750248319968035,0.2055683518431261,0.02936690740616087,0.02668402181913848,0.547755728427968,6198
1090,0.5,7,93,7,6,1,0,0,2,0.138176,1246.4046274939121,0.9634298552171743,148632.31081906814,0.9749085622792889,0.20222790489039882,0.028889700698628402,0.026681282823783164,0.5396778222483292,6198
1091,0.5,7,93,7,6,1,0,0,2,0.138176,1246.542803493912,0.9634143804987625,148635.088567101,0.9747926736333762,0.19888745793767154,0.028412493991095935,0.026678735125815672,0.5314395498153535,6198
1092,0.5,7,93,7,6,1,0,0,2,0.138176,1246.680979493912,0.9633989102857381,148637.86569938995,0.9746771659109998,0.19554701098494426,0.02793528728356347,0.02667637878004495,0.5230397636952316,6198
1093,0.5,6,94,7,5,1,1,0,2,0.1354171451886337,1246.8163966391007,0.9633626515293285,148637.76294533545,0.9745806242520589,0.19223246760722168,0.032038744601203616,0.0261238530795935,0.6006548178830886,6198
1094,0.5,6,94,6,5,1,0,0,2,0.11785599999999999,1246.9342526391008,0.9633464313187384,148639.753545726,0.9744838998469034,0.18934961777029768,0.03155826962838295,0.026125659869344474,0.5933509210379893,6198
1095,0.5,6,94,6,5,1,0,0,2,0.12192,1247.0561726391009,0.9633302151543499,148641.2593650218,0.9743857931505598,0.18633902393538498,0.031056503989230832,0.026139560134789755,0.5853358204541317,6198
1096,0.5,6,94,6,5,1,0,0,2,0.11785599999999999,1247.174028639101,0.9633140030346491,148643.2492523024,0.9742877076225364,0.183456174098461,0.03057602901641017,0.026141945197712117,0.5777028524273502,6198
1097,0.5,6,94,6,5,1,0,0,2,0.12191999999999997,1247.295948639101,0.963297794958123,148644.7544404281,0.9741900816499762,0.1804455802635483,0.030074263377258048,0.026156760109756774,0.5693314962466733,6198
1098,0.5,6,94,6,5,1,0,0,2,0.12598399999999998,1247.421932639101,0.9632815909232592,148645.7750568076,0.9740930904228584,0.17730724243064686,0.02955120707177447,0.026184629457434792,0.5601828139402886,6198
1099,0.5,6,94,6,5,1,0,0,2,0.11785599999999999,1247.539788639101,0.9632653909285462,148647.7639340823,0.9739961201166066,0.17442439259372286,0.029070732098953805,0.0261880709125689,0.5520249732646854,6198
1100,0.5,6,94,6,5,1,0,0,2,0.11785599999999999,1247.6576446391011,0.9632491949724733,148649.75243561107,0.9738995213261867,0.17154154275679886,0.028590257126133143,0.026191736725084822,0.5436992373232541,6198
1101,0.5,6,94,6,5,1,0,0,2,0.11785599999999999,1247.7755006391012,0.9632330030535302,148651.74056150045,0.9738011905478415,0.16865869291987487,0.028109782153312484,0.026195626800792925,0.5352042302384262,6198
1102,0.5,6,94,6,5,1,0,0,2,0.11785599999999999,1247.8933566391013,0.9632168151702079,148653.7283118568,0.9737032314985754,0.1657758430829509,0.02762930718049181,0.026199741039799006,0.5265388042837094,6198
1103,0.5,6,94,6,5,1,0,0,2,0.12191999999999997,1248.0152766391013,0.9632006313209976,148655.2316087149,0.973605731680255,0.16276524924803817,0.027127541541339697,0.02621728689499363,0.5170586299488736,6198
1104,0.5,6,94,6,5,1,0,0,2,0.12192,1248.1371966391014,0.9631844515043917,148656.7346118842,0.9735086909443773,0.15975465541312545,0.02662577590218758,0.026235388685214602,0.5073847394270508,6198
1105,0.5,6,94,6,5,1,0,0,2,0.11785599999999999,1248.2550526391015,0.963168275718883,148658.7213147462,0.9734118463329064,0.15687180557620148,0.026145300929366913,0.02624042667079481,0.49818413464658867,6198
1106,0.5,6,94,6,5,1,0,0,2,0.11785599999999999,1248.3729086391015,0.9631521039629652,148660.70764248812,0.9733153729699507,0.15398895573927748,0.025664825956546244,0.026245688036747608,0.4888117201026538,6198
1107,0.5,5,95,6,4,1,1,0,2,0.10398540342891646,1248.4768940425304,0.9631151794424726,148661.14133601048,0.9732359320083996,0.1514146105430505,0.0302829221086101,0.02590321048497672,0.5774792657956423,6198
1108,0.5,5,95,5,4,1,0,0,2,0.1016,1248.5784940425303,0.9630982524594247,148661.85897454465,0.9731572053716412,0.14885596657682854,0.029771193315365714,0.02593891038720526,0.5684657471046813,6198
1109,0.5,5,95,5,4,1,0,0,2,0.09753599999999998,1248.6760300425303,0.9630813289891464,148663.0603405411,0.9730784923061012,0.1464250666085953,0.02928501332171906,0.025952978692533,0.560102734976918,6198
1110,0.5,5,95,5,4,1,0,0,2,0.09753599999999998,1248.7735660425303,0.9630644090305445,148664.26151887112,0.9730001430625149,0.14399416664036205,0.02879883332807241,0.025967303958912256,0.5515643549007766,6198
1111,0.5,5,95,5,4,1,0,0,2,0.09753599999999998,1248.8711020425303,0.9630474925825259,148665.46250957868,0.972922157546823,0.1415632666721288,0.028312653334425758,0.025981885761312058,0.5428492496794532,6198
1112,0.5,5,95,5,4,1,0,0,2,0.09753599999999998,1248.9686380425303,0.9630305796439982,148666.66331270774,0.972842784695589,0.13913236670389553,0.027826473340779107,0.025996723668052127,0.5339563158127946,6198
1113,0.5,5,95,5,4,1,0,0,2,0.10972799999999999,1249.0783660425302,0.9630136702138694,148666.41281150584,0.9727640383087441,0.13632196591529075,0.027264393183058157,0.02587783143046369,0.5260737761414742,6198
1114,0.5,5,95,5,4,1,0,0,2,0.1016,1249.1799660425302,0.9629967642910479,148667.12967575496,0.9726854805574447,0.13376332194906881,0.026752664389813757,0.025916293664119894,0.5158757625875028,6198
1115,0.5,5,95,5,4,1,0,0,2,0.09753599999999998,1249.2775020425302,0.9629798618744426,148668.33005184232,0.9726071989187832,0.13133242198083553,0.026266484396167113,0.025932172241074997,0.5064043495373488,6198
1116,0.5,5,95,5,4,1,0,0,2,0.09753599999999998,1249.3750380425302,0.9629629629629629,148669.53024050817,0.9725292808397114,0.12890152201260227,0.02578030440252046,0.02594830587796671,0.49675228654902803,6198
1117,0.5,5,95,5,4,1,0,0,2,0.09753599999999998,1249.4725740425301,0.9629460675555187,148670.7302417964,0.9724499760109548,0.12647062204436904,0.025294124408873808,0.02596469409933659,0.48692020283444953,6198
1118,0.5,5,95,5,4,1,0,0,2,0.09753599999999998,1249.5701100425301,0.9629291756510201,148671.9300557509,0.9723710348554094,0.12403972207613578,0.024807944415227157,0.025981336423432654,0.47690918203880656,6198
1119,0.5,5,95,5,4,1,0,0,2,0.10972799999999999,1249.67983804253,0.9629122872483779,148671.67921266967,0.9722929822532839,0.121229321287531,0.0242458642575062,0.0258653411111173,0.4677160592232108,6198
1120,0.5,4,96,5,3,1,1,0,2,0.0839572039251831,1249.7637952464552,0.9628746735209983,148671.29349299095,0.9722337218464678,0.11922524457187418,0.029806311142968545,0.025584762988410212,0.5757733798969041,6198
1121,0.5,4,96,4,3,1,0,0,1,0.07721599999999999,1249.841011246455,0.962857024416532,148671.70970385056,0.9721746739156175,0.11743306459358452,0.029358266148396137,0.025561746079027597,0.5687994003413747,6198
1122,0.5,4,96,4,3,1,0,0,1,0.09347199999999999,1249.934483246455,0.962839378238342,148670.19231067927,0.9721145838659817,0.11513488352146618,0.028783720880366546,0.025345449082361145,0.5632645013314426,6198
1123,0.5,4,96,4,3,1,0,0,1,0.07721599999999999,1250.011699246455,0.9628217349857007,148670.60853272813,0.9720548514689569,0.11334270354317652,0.028335675885794127,0.025322608166093274,0.5559763881747237,6198
1124,0.5,4,96,4,3,1,0,0,1,0.07721599999999999,1250.088915246455,0.9628040946578805,148671.02470335824,0.9719954766552644,0.11155052356488686,0.027887630891221715,0.025299798672592418,0.5485400501547089,6198
1125,0.5,4,96,4,3,1,0,0,1,0.07721599999999999,1250.1661312464548,0.9627864572541545,148671.44082257914,0.9719364593556443,0.10975834358659722,0.027439585896649306,0.025277020686924462,0.5409535477813701,6198
1126,0.5,4,96,4,3,1,0,0,1,0.07721599999999999,1250.2433472464547,0.9627688227737952,148671.85689040032,0.9718764002023971,0.10796616360830756,0.02699154090207689,0.02525427429434448,0.5332150596119754,6198
1127,0.5,4,96,4,3,1,0,0,1,0.07721599999999999,1250.3205632464546,0.9627511912160762,148672.27290683135,0.9718166986054185,0.1061739836300179,0.026543495907504475,0.025231559580296506,0.5253228991556806,6198
1128,0.5,4,96,4,3,1,0,0,1,0.07721599999999999,1250.3977792464545,0.962733562580271,148672.68887188175,0.971757354495467,0.10438180365172824,0.02609545091293206,0.02520887663041333,0.5172755331397979,6198
1129,0.5,4,96,4,3,1,0,0,1,0.07721599999999999,1250.4749952464545,0.962715936865653,148673.10478556098,0.9716983678033186,0.10258962367343857,0.025647405918359647,0.025186225530516262,0.5090716012061491,6198
1130,0.5,4,96,4,3,1,0,0,1,0.08940799999999999,1250.5644032464545,0.9626983140714966,148672.07120028595,0.9716383395225675,0.1004179428747774,0.02510448571869435,0.02501960666889796,0.5016933734330293,6198
1131,0.5,4,96,4,3,1,0,0,1,0.07721599999999999,1250.6416192464544,0.9626806941970758,148672.48709668842,0.971578668701796,0.09862576289648774,0.024656440724121934,0.02499710937994963,0.49313941057843413,6198
1132,0.5,4,96,4,3,1,0,0,1,0.07721599999999999,1250.7188352464543,0.9626630772416649,148672.90294173823,0.9715193552717986,0.09683358291819807,0.024208395729549515,0.02497464454668475,0.48442424720744515,6198
1133,0.5,4,96,4,3,1,0,0,1,0.09753599999999998,1250.8163712464543,0.9626454632045389,148670.90347937203,0.9714617104131192,0.09440890157262247,0.02360222539315562,0.02471323439015161,0.4770172559782037,6198
1134,0.5,4,96,4,3,1,0,0,1,0.07721599999999999,1250.8935872464542,0.9626278520849725,148671.31936408218,0.9714017128963872,0.09261672159433282,0.023154180398583205,0.02469098909208041,0.46791264861200077,6198
1135,0.5,4,96,4,3,1,0,0,1,0.07721599999999999,1250.9708032464541,0.9626102438822409,148671.7351974515,0.9713420727434092,0.09082454161604314,0.02270613540401079,0.02466877710915517,0.458643109770731,6198
1136,0.5,3,97,4,2,1,1,0,1,0.061209131973116046,1251.0320123784272,0.96257193723347,148670.85586914534,0.9713019964441789,0.08937931858832081,0.029793106196106936,0.024141953261335256,0.6036392116330036,6198
1137,0.5,2,98,3,1,1,1,0,1,0.047743030423337524,1251.0797554088506,0.9625328613715871,148668.3796103925,0.9712821560436584,0.08822574667650883,0.044112873338254414,0.01475833145122804,0.8993377467470846,6198
1138,0.5,2,98,2,1,1,0,0,1,0.036576,1251.1163314088506,0.9625137132330112,148667.23048091787,0.9712617267538987,0.08731394098583303,0.043656970492916516,0.014708233202737212,0.8980653651742172,6198
1139,0.5,2,98,2,1,1,0,0,1,0.036576,1251.1529074088505,0.9624945666797756,148666.08141863014,0.9712416479266791,0.08640213529515722,0.04320106764757861,0.014658134954246383,0.896760702551045,6198
1140,0.5,2,98,2,1,1,0,0,1,0.036576,1251.1894834088505,0.9624754217116838,148664.93242352348,0.9712212203866656,0.08549032960448143,0.042745164802240714,0.014608036705755554,0.8954226166919774,6198
1141,0.5,2,98,2,1,1,0,0,1,0.036576,1251.2260594088505,0.9624562783285386,148663.78349559192,0.9712011432940442,0.08457852391380563,0.042289261956902816,0.014557938457264726,0.8940499142657434,6198
1142,0.5,2,98,2,1,1,0,0,1,0.036576,1251.2626354088504,0.9624371365301434,148662.63463482965,0.9711807175035514,0.08366671822312984,0.04183335911156492,0.014507840208773897,0.892641348053924,6198
1143,0.5,2,98,2,1,1,0,0,1,0.036576,1251.2992114088504,0.9624179963163014,148661.48584123075,0.9711606421453042,0.08275491253245404,0.04137745626622702,0.014457741960283068,0.891195614040258,6198
1144,0.5,2,98,2,1,1,0,0,1,0.04876799999999999,1251.3479794088505,0.9623988576868158,148658.8887032683,0.9711402181041068,0.08146360602140669,0.040731803010703345,0.014217893301606466,0.8913897378516232,6198
1145,0.5,2,98,2,1,1,0,0,1,0.036576,1251.3845554088505,0.9623797206414899,148657.7400975044,0.9711201444800095,0.0805518003307309,0.04027590016536545,0.014167795053115637,0.8898846788007092,6198
1146,0.5,2,98,2,1,1,0,0,1,0.036576,1251.4211314088504,0.962360585180127,148656.5915588824,0.9710997221878821,0.07963999464005508,0.03981999732002754,0.014117696804624809,0.8883384371280132,6198
1147,0.5,2,98,2,1,1,0,0,1,0.036576,1251.4577074088504,0.9623414513025306,148655.44308739644,0.9710796502977109,0.07872818894937929,0.039364094474689644,0.01406759855613398,0.8867494476986235,6198
1148,0.5,2,98,2,1,1,0,0,1,0.036576,1251.4942834088504,0.9623223190085038,148654.2946830406,0.9710592297544282,0.07781638325870349,0.038908191629351746,0.014017500307643151,0.885116070388631,6198
1149,0.5,2,98,2,1,1,0,0,1,0.044703999999999994,1251.5389874088503,0.9623031882978503,148652.18093219778,0.9710393343523182,0.07665157702111333,0.038325788510556666,0.01384090178569514,0.8846263933814621,6198
1150,0.5,2,98,2,1,1,0,0,1,0.06908799999999998,1251.6080754088503,0.9622840591703734,148647.17131137522,0.9710189155538977,0.07472776914278006,0.03736388457139003,0.013284802443375583,0.8877705369396175,6198
1151,0.5,2,98,2,1,1,0,0,1,0.036576,1251.6446514088502,0.9622649316258767,148646.02328670523,0.9709988471271495,0.07381596345210427,0.036907981726052135,0.013234704194884754,0.8860658578787228,6198
1152,0.5,2,98,2,1,1,0,0,1,0.036576,1251.6812274088502,0.9622458056641635,148644.87532912925,0.9709784300771235,0.07290415776142847,0.036452078880714237,0.013184605946393925,0.8843103719453451,6198
1153,0.5,2,98,2,1,1,0,0,1,0.036576,1251.7178034088502,0.9622266812850375,148643.72743864136,0.9709583633836297,0.07199235207075266,0.03599617603537633,0.013134507697903097,0.8825019788154521,6198
1154,0.5,2,98,2,1,1,0,0,1,0.036576,1251.7543794088501,0.9622075584883023,148642.57961523574,0.970937948081773,0.07108054638007687,0.035540273190038434,0.013084409449412268,0.8806384688574251,6198
1155,0.5,2,98,2,1,1,0,0,1,0.06502399999999998,1251.8194034088501,0.9621884372737615,148638.05393438955,0.9709184946826747,0.06928323877520079,0.034641619387600395,0.012591560243821302,0.8832999766684869,6198
1156,0.5,2,98,2,1,1,0,0,1,0.036576,1251.85597940885,0.9621693176412187,148636.90636990583,0.9708980811156154,0.068371433084525,0.0341857165422625,0.012541461995330473,0.8813770557819275,6198
1157,0.5,2,98,2,1,1,0,0,1,0.04876799999999999,1251.9047474088502,0.9621501995904775,148634.3113444803,0.970878279961272,0.06708012657347764,0.03354006328673882,0.012301613336653871,0.8814277386481667,6198
1158,0.5,2,98,2,1,1,0,0,1,0.05283199999999999,1251.9575794088503,0.9621310831213419,148631.23404537662,0.970857868136299,0.06566231978897312,0.03283115989448656,0.011998514541248676,0.8821750455700359,6198
1159,0.5,2,98,2,1,1,0,0,1,0.036576,1251.9941554088502,0.9621119682336153,148630.0868067811,0.9708378066224467,0.06475051409829732,0.03237525704914866,0.011948416292757849,0.8801225761326713,6198
1160,0.5,2,98,2,1,1,0,0,1,0.036576,1252.0307314088502,0.9620928549271016,148628.93963521492,0.9708173965449693,0.06383870840762153,0.031919354203810764,0.01189831804426702,0.8780005820469665,6198
1161,0.5,2,98,2,1,1,0,0,1,0.036576,1252.0673074088502,0.9620737432016048,148627.79253067225,0.9707973367634778,0.06292690271694573,0.031463451358472866,0.011848219795776192,0.8758058035032454,6198
1162,0.5,2,98,2,1,1,0,0,1,0.044703999999999994,1252.11201140885,0.9620546330569284,148625.68069338196,0.9707769284332709,0.06176209647935556,0.03088104823967778,0.01167162127382818,0.8750059569558443,6198
1163,0.5,2,98,2,1,1,0,0,1,0.036576,1252.14858740885,0.9620355244928764,148624.53375849623,0.9707568703839163,0.06085029078867976,0.03042514539433988,0.011621523025337352,0.872675097417452,6198
1164,0.5,2,98,2,1,1,0,0,1,0.044703999999999994,1252.19329140885,0.9620164175092529,148622.42217462554,0.9707364638007551,0.0596854845510896,0.0298427422755448,0.011444924503389341,0.8717801192790048,6198
1165,0.5,2,98,2,1,1,0,0,1,0.036576,1252.22986740885,0.9619973121058617,148621.27540936237,0.9707164074833139,0.0587736788604138,0.0293868394302069,0.011394826254898512,0.8692990196762216,6198
1166,0.5,2,98,2,1,1,0,0,1,0.036576,1252.26644340885,0.9619782082825067,148620.12871108827,0.9706960026469731,0.057861873169737996,0.028930936584868998,0.011344728006407684,0.8667261113257471,6198
1167,0.5,2,98,2,1,1,0,0,1,0.036576,1252.3030194088499,0.9619591060389919,148618.98207979737,0.9706759480612215,0.0569500674790622,0.0284750337395311,0.011294629757916855,0.8640567168716273,6198
1168,0.5,2,98,2,1,1,0,0,1,0.036576,1252.3395954088498,0.9619400053751215,148617.8355154838,0.9706555449714763,0.056038261788386404,0.028019130894193202,0.011244531509426026,0.8612858613733294,6198
1169,0.5,2,98,2,1,1,0,0,1,0.036576,1252.3761714088498,0.9619209062906994,148616.68901814174,0.9706354921171909,0.0551264560977106,0.0275632280488553,0.011194433260935197,0.8584082500486871,6198
1170,0.5,2,98,2,1,1,0,0,1,0.044703999999999994,1252.4208754088497,0.9619018087855297,148614.5780979888,0.9706150907738165,0.053961649860120434,0.026980824930060217,0.011017834738987186,0.8570770628617324,6198
1171,0.5,2,98,2,1,1,0,0,1,0.036576,1252.4574514088497,0.9618827128594166,148613.4317701779,0.9705950396507735,0.05304984416944464,0.02652492208472232,0.010967736490496358,0.8539911582753754,6198
1172,0.5,2,98,2,1,1,0,0,1,0.036576,1252.4940274088497,0.9618636185121644,148612.28550931838,0.970574640053545,0.05213803847876884,0.02606901923938442,0.010917638242005529,0.8507805113372637,6198
1173,0.5,2,98,2,1,1,0,0,1,0.040639999999999996,1252.5346674088496,0.961844525743577,148610.6571286147,0.9705546779936366,0.05109973251463586,0.02554986625731793,0.010804289856786109,0.848306199431966,6198
1174,0.5,2,98,2,1,1,0,0,1,0.036576,1252.5712434088496,0.9618254345534588,148609.51101943912,0.9705342801404525,0.05018792682396006,0.02509396341198003,0.01075419160829528,0.844836463598118,6198
1175,0.5,2,98,2,1,1,0,0,1,0.036576,1252.6078194088495,0.9618063449416141,148608.36497719606,0.9705142324773472,0.04927612113328426,0.02463806056664213,0.010704093359804451,0.8412198365360467,6198
1176,0.5,2,98,2,1,1,0,0,1,0.036576,1252.6443954088495,0.9617872569078472,148607.21900187962,0.9704938363698596,0.048364315442608455,0.024182157721304227,0.010653995111313623,0.8374478683733108,6198
1177,0.5,2,98,2,1,1,0,0,1,0.040639999999999996,1252.6850354088494,0.9617681704519622,148605.5909810104,0.970473877761936,0.04732600947847548,0.02366300473923774,0.010540646726094203,0.8344290470437052,6198
1178,0.5,2,98,2,1,1,0,0,1,0.036576,1252.7216114088494,0.9617490855737637,148604.44515732327,0.9704534833980439,0.046414203787799674,0.023207101893899837,0.010490548477603374,0.8303299216992829,6198
1179,0.5,2,98,2,1,1,0,0,1,0.036576,1252.7581874088494,0.961730002273056,148603.29940054397,0.9704334391939833,0.04550239809712388,0.02275119904856194,0.010440450229112545,0.826046103380022,6198
1180,0.5,2,98,2,1,1,0,0,1,0.036576,1252.7947634088493,0.9617109205496436,148602.15371066658,0.9704130465753383,0.04459059240644808,0.02229529620322404,0.010390351980621717,0.8215663803126056,6198
1181,0.5,2,98,2,1,1,0,0,1,0.036576,1252.8313394088493,0.9616918404033308,148601.00808768527,0.9703930041014032,0.04367878671577228,0.02183939335788614,0.010340253732130888,0.8168787139563634,6198
1182,0.5,2,98,2,1,1,0,0,1,0.036576,1252.8679154088493,0.9616727618339221,148599.8625315942,0.9703726132277808,0.042766981025096476,0.021383490512548238,0.010290155483640059,0.8119701705266039,6198
1183,0.5,2,98,2,1,1,0,0,1,0.036576,1252.9044914088493,0.9616536848412223,148598.7170423875,0.9703525724837478,0.04185517533442068,0.02092758766721034,0.01024005723514923,0.806826846750926,6198
1184,0.5,2,98,2,1,1,0,0,1,0.036576,1252.9410674088492,0.9616346094250356,148597.5716200593,0.9703321833549233,0.040943369643744884,0.020471684821872442,0.010189958986658402,0.8014337894793824,6198
1185,0.5,2,98,2,1,1,0,0,1,0.04876799999999999,1252.9898354088493,0.9616155355851668,148594.98037288312,0.9703124062693724,0.039652063132697535,0.019826031566348767,0.0099501103279818,0.7988021146533099,6198
1186,0.5,2,98,2,1,1,0,0,1,0.036576,1253.0264114088493,0.9615964633214205,148593.83513764382,0.9702920188794942,0.03874025744202174,0.01937012872101087,0.00990001207949097,0.7928830775425483,6198
1187,0.5,2,98,2,1,1,0,0,1,0.036576,1253.0629874088493,0.9615773926336012,148592.6899692617,0.9702719815889689,0.037828451751345936,0.018914225875672968,0.009849913831000142,0.7866590349901879,6198
1188,0.5,2,98,2,1,1,0,0,1,0.036576,1253.0995634088492,0.9615583235215137,148591.54486773087,0.97025159594344,0.03691664606067013,0.018458323030335066,0.009799815582509313,0.7801093334345441,6198
1189,0.5,2,98,2,1,1,0,0,1,0.04876799999999999,1253.1483314088493,0.9615392559849627,148588.9541828305,0.9702318222884437,0.03562533954962279,0.017812669774811395,0.009559966923832711,0.7763726275057005,6198
1190,0.5,2,98,2,1,1,0,0,1,0.04876799999999999,1253.1970994088495,0.961520190023753,148586.36369956244,0.9702114383814135,0.03433403303857545,0.017167016519287724,0.00932011826515611,0.7723501244341607,6198
1191,0.5,2,98,2,1,1,0,0,1,0.036576,1253.2336754088494,0.9615011256376892,148585.2189052062,0.9701914045435048,0.033422227347899645,0.016711113673949823,0.00927002001666528,0.7646918296470439,6198
1192,0.5,2,98,2,1,1,0,0,1,0.036576,1253.2702514088494,0.9614820628265763,148584.07417767032,0.9701710223803754,0.03251042165722384,0.01625521082861192,0.009219921768174452,0.7565936301223849,6198
1193,0.5,2,98,2,1,1,0,0,1,0.05689599999999999,1253.3271474088494,0.9614630015902191,148580.52056479786,0.9701514267442426,0.030966114599262136,0.015483057299631068,0.008853572836040668,0.7535897926403594,6198
1194,0.5,2,98,2,1,1,0,0,1,0.036576,1253.3637234088494,0.9614439419284224,148579.3760597405,0.9701310463154145,0.030054308908586336,0.015027154454293168,0.008803474587549839,0.7444875050828221,6198
1195,0.5,2,98,2,1,1,0,0,1,0.036576,1253.4002994088494,0.9614248838409912,148578.23162147967,0.9701110159254817,0.029142503217910537,0.014571251608955268,0.00875337633905901,0.7348210370886767,6198
1196,0.5,2,98,2,1,1,0,0,1,0.036576,1253.4368754088493,0.9614058273277304,148577.0872500096,0.9700906372401062,0.028230697527234738,0.014115348763617369,0.008703278090568181,0.7245462874972836,6198
1197,0.5,2,98,2,1,1,0,0,1,0.036576,1253.4734514088493,0.9613867723884449,148575.94294532435,0.970070608578515,0.027318891836558938,0.013659445918279469,0.008653179842077353,0.7136154720386022,6198
1198,0.5,2,98,2,1,1,0,0,1,0.040639999999999996,1253.5140914088493,0.9613677190229398,148574.317015201,0.9700502316363682,0.026280585872425957,0.013140292936212978,0.008539831456857933,0.7030541399551111,6198
1199,0.5,2,98,2,1,1,0,0,1,0.036576,1253.5506674088492,0.9613486672310202,148573.17286183214,0.9700302047028955,0.025368780181750157,0.012684390090875079,0.008489733208367104,0.6906220555000118,6198
1200,0.5,2,98,2,1,1,0,0,1,0.036576,1253.5872434088492,0.961329617012491,148572.02877522935,0.9700098295037527,0.024456974491074358,0.012228487245537179,0.008439634959876275,0.677358393303577,6198
1201,0.5,2,98,2,1,1,0,0,1,0.036576,1253.6238194088492,0.9613105683671573,148570.88475538683,0.9699898042981756,0.023545168800398558,0.011772584400199279,0.008389536711385447,0.6631975482614619,6198
1202,0.5,2,98,2,1,1,0,0,1,0.036576,1253.6603954088491,0.9612915212948244,148569.74080229868,0.9699694308418128,0.02263336310972276,0.01131668155486138,0.008339438462894618,0.6480694461906912,6198
1203,0.5,2,98,2,1,1,0,0,1,0.036576,1253.696971408849,0.9612724757952974,148568.5969159591,0.9699494073639081,0.02172155741904696,0.01086077870952348,0.008289340214403789,0.631899712393549,6198
1204,0.5,2,98,2,1,1,0,0,1,0.04876799999999999,1253.7457394088492,0.9612534318683814,148566.008358142,0.9699290356501009,0.020430250907999613,0.010215125453999807,0.008049491555727187,0.6169260619749071,6198
1205,0.5,2,98,2,1,1,0,0,1,0.04876799999999999,1253.7945074088493,0.9612343895138817,148563.42000169566,0.9699092757159538,0.019138944396952268,0.009569472198476134,0.007809642897050585,0.6002333817096366,6198
1206,0.5,2,98,2,1,1,0,0,1,0.044703999999999994,1253.8392114088492,0.9612153487316036,148561.3133686412,0.9698889057388558,0.0179741381593621,0.00898706907968105,0.007633044375102575,0.5809318795596418,6198
1207,0.5,2,98,2,1,1,0,0,1,0.036576,1253.8757874088492,0.9611963095213524,148560.16989126315,0.9698688857100056,0.0170623324686863,0.00853116623434315,0.007582946126611747,0.5586410275032306,6198
1208,0.5,2,98,2,1,1,0,0,1,0.036576,1253.9123634088492,0.9611772718829332,148559.02648059445,0.9698485174750154,0.0161505267780105,0.00807526338900525,0.0075328478781209185,0.5347102355893819,6198
1209,0.5,2,98,2,1,1,0,0,1,0.036576,1253.9489394088491,0.9611582358161518,148557.88313662924,0.9698284991731696,0.015238721087334702,0.007619360543667351,0.00748274962963009,0.5090450761484009,6198
1210,0.5,1,99,2,0,1,1,0,1,0.02309656759042397,1253.9720359764397,0.9611185636157259,148555.1468896552,0.9698284991731696,0.014596109079468712,0.014596109079468712,0.0,1.0,6198
1211,0.5,1,99,1,0,1,0,0,1,0.024383999999999996,1253.9964199764397,0.9610987287436025,148552.2582301311,0.9698284991731696,0.01383710743872562,0.01383710743872562,0.0,1.0,6198
1212,0.5,1,99,1,0,1,0,0,1,0.016256,1254.0126759764398,0.9610788946901376,148550.3325195254,0.9698284991731696,0.013331106344896891,0.013331106344896891,0.0,1.0,6198
1213,0.5,1,99,1,0,1,0,0,1,0.024383999999999996,1254.0370599764399,0.9610590614552809,148547.4440472276,0.9698284991731696,0.012572104704153798,0.012572104704153798,0.0,1.0,6198
1214,0.5,1,99,1,0,1,0,0,1,0.016256,1254.05331597644,0.9610392290389814,148545.51846143336,0.9698284991731696,0.01206610361032507,0.01206610361032507,0.0,1.0,6198
1215,0.5,1,99,1,0,1,0,0,1,0.016256,1254.06957197644,0.9610193974411886,148543.59292556034,0.9698284991731696,0.011560102516496341,0.011560102516496341,0.0,1.0,6198
1216,0.5,1,99,1,0,1,0,0,1,0.016256,1254.0858279764402,0.9609995666618518,148541.66743960654,0.9698284991731696,0.011054101422667613,0.011054101422667613,0.0,1.0,6198
1217,0.5,1,99,1,0,1,0,0,1,0.03251199999999999,1254.1183399764402,0.9609797367009203,148537.81661744896,0.9698284991731696,0.010042099235010156,0.010042099235010156,0.0,1.0,6198
1218,0.5,1,99,1,0,1,0,0,1,0.016256,1254.1345959764403,0.9609599075583435,148535.8912812413,0.9698284991731696,0.009536098141181427,0.009536098141181427,0.0,1.0,6198
1219,0.5,1,99,1,0,1,0,0,1,0.024383999999999996,1254.1589799764404,0.9609400792340707,148533.00337051318,0.9698284991731696,0.008777096500438335,0.008777096500438335,0.0,1.0,6198
1220,0.5,1,99,1,0,1,0,0,1,0.016256,1254.1752359764405,0.9609202517280512,148531.07815908056,0.9698284991731696,0.008271095406609606,0.008271095406609606,0.0,1.0,6198
1221,0.5,1,99,1,0,1,0,0,1,0.028447999999999994,1254.2036839764405,0.9609004250402344,148527.70915916018,0.9698284991731696,0.007385593492409335,0.007385593492409335,0.0,1.0,6198
1222,0.5,1,99,1,0,1,0,0,1,0.016256,1254.2199399764406,0.9608805991705697,148525.78408496614,0.9698284991731696,0.00687959239858061,0.00687959239858061,0.0,1.0,6198
1223,0.5,1,99,1,0,1,0,0,1,0.024383999999999996,1254.2443239764407,0.9608607741190064,148522.8965672394,0.9698284991731696,0.006120590757837522,0.006120590757837522,0.0,1.0,6198
1224,0.5,1,99,1,0,1,0,0,1,0.016256,1254.2605799764408,0.9608409498854938,148520.97161779494,0.9698284991731696,0.005614589664008797,0.005614589664008797,0.0,1.0,6198
1225,0.5,1,99,1,0,1,0,0,1,0.016256,1254.276835976441,0.9608211264699814,148519.04671824694,0.9698284991731696,0.005108588570180072,0.005108588570180072,0.0,1.0,6198
1226,0.5,1,99,1,0,1,0,0,1,0.016256,1254.293091976441,0.9608013038724186,148517.12186859347,0.9698284991731696,0.004602587476351347,0.004602587476351347,0.0,1.0,6198
1227,0.5,1,99,1,0,1,0,0,1,0.016256,1254.3093479764411,0.9607814820927546,148515.19706883252,0.9698284991731696,0.004096586382522622,0.004096586382522622,0.0,1.0,6198
1228,0.5,1,99,1,0,1,0,0,1,0.016256,1254.3256039764412,0.9607616611309389,148513.27231896223,0.9698284991731696,0.0035905852886938972,0.0035905852886938972,0.0,1.0,6198
1229,0.5,1,99,1,0,1,0,0,1,0.016256,1254.3418599764414,0.9607418409869208,148511.34761898062,0.9698284991731696,0.003084584194865172,0.003084584194865172,0.0,1.0,6198
1230,0.5,1,99,1,0,1,0,0,1,0.016256,1254.3581159764415,0.9607220216606498,148509.42296888574,0.9698284991731696,0.002578583101036447,0.002578583101036447,0.0,1.0,6198
1231,0.5,1,99,1,0,1,0,0,1,0.016256,1254.3743719764416,0.9607022031520752,148507.4983686757,0.9698284991731696,0.002072582007207722,0.002072582007207722,0.0,1.0,6198
1232,0.5,1,99,1,0,1,0,0,1,0.016256,1254.3906279764417,0.9606823854611465,148505.5738183485,0.9698284991731696,0.0015665809133789963,0.0015665809133789963,0.0,1.0,6198
1233,0.5,1,99,1,0,1,0,0,1,0.016256,1254.4068839764418,0.9606625685878131,148503.64931790225,0.9698284991731696,0.0010605798195502704,0.0010605798195502704,0.0,1.0,6198
1234,0.5,1,99,1,0,1,0,0,1,0.016256,1254.423139976442,0.9606427525320241,148501.72486733497,0.9698284991731696,0.0005545787257215445,0.0005545787257215445,0.0,1.0,6198
1235,0.5,1,99,1,0,1,0,0,1,0.016256,1254.439395976442,0.9606229372937294,148499.80046664475,0.9698284991731696,4.857763189281884e-05,4.857763189281884e-05,0.0,1.0,6198
1236,0.5,0,100,1,0,0,1,0,1,0.0015606250533461456,1254.4409566014954,0.9606031228728781,148499.61572099547,0.9698284991731696,0.0,0.0,0.0,0.0,6198
