round,lambda_energy,alive_nodes,dead_nodes,generated_round,delivered_round,channel_drops_round,energy_drops_round,route_drops_round,fallback_direct_round,round_airtime_s,elapsed_channel_time_s,pdr,goodput_bps,average_delay_s,residual_energy_j,mean_alive_energy_j,std_alive_energy_j,jain_energy_fairness,route_changes_total
1,1.0,100,0,100,100,0,0,0,0,2.641599999999995,2.641599999999995,1.0,151423.37976983676,1.390985164780373,49.85113359843778,0.49851133598437775,0.0032150503186526244,0.9999584082294565,0
2,1.0,100,0,100,100,0,0,0,0,2.641599999999995,5.28319999999999,1.0,151423.37976983676,1.3940331595061322,49.71642693473191,0.4971642693473191,0.003995086615443306,0.9999354309289337,30
3,1.0,100,0,100,100,0,0,0,0,2.641599999999995,7.924799999999985,1.0,151423.37976983676,1.3970811584166472,49.57581025824019,0.4957581025824019,0.005152238716540921,0.9998920045627112,56
4,1.0,100,0,100,100,0,0,0,0,2.6415999999999946,10.56639999999998,1.0,151423.37976983676,1.4001291578903778,49.43781057579811,0.4943781057579811,0.006287609871174323,0.999838273021409,80
5,1.0,100,0,100,100,0,0,0,0,2.6415999999999946,13.207999999999975,1.0,151423.37976983676,1.4031771580510226,49.29686517042272,0.4929686517042272,0.007697281543814066,0.9997562580566483,101
6,1.0,100,0,100,100,0,0,0,0,2.6415999999999946,15.84959999999997,1.0,151423.37976983676,1.4028384911500074,49.158109360181356,0.49158109360181357,0.00901909865213158,0.9996634963606397,126
7,1.0,100,0,100,100,0,0,0,0,2.6456639999999947,18.495263999999963,1.0,151390.10721879968,1.400703923162917,49.02382400802604,0.4902382400802604,0.010188816627876109,0.9995682368531431,147
8,1.0,100,0,100,100,0,0,0,0,2.6497279999999943,21.14499199999996,1.0,151336.07049839536,1.4002155173835786,48.883537031910265,0.4888353703191026,0.011436103121320042,0.9994529925343787,171
9,1.0,100,0,100,100,0,0,0,0,2.641599999999994,23.786591999999953,1.0,151345.76655621818,1.3978352548401785,48.75087728649252,0.48750877286492517,0.012617928892423271,0.9993305464587657,194
10,1.0,100,0,100,100,0,0,0,0,2.6497279999999943,26.436319999999945,1.0,151306.98977770007,1.394963813106994,48.610273548265255,0.48610273548265254,0.014040803245103307,0.9991663848636914,218
11,1.0,100,0,100,100,0,0,0,0,2.641599999999994,29.07791999999994,1.0,151317.5632920102,1.3909075716693085,48.471477208399435,0.4847147720839943,0.015312785680388536,0.999002982727116,243
12,1.0,100,0,100,100,0,0,0,0,2.6456639999999942,31.72358399999993,1.0,151306.9897777001,1.3881437435500896,48.33739029997203,0.4833739029997203,0.016572020643386812,0.9988259830592991,268
13,1.0,100,0,100,100,0,0,0,0,2.641599999999994,34.36518399999993,1.0,151315.93650131513,1.3846109291538875,48.20104725302743,0.48201047253027435,0.017663218949643473,0.9986589531315192,293
14,1.0,100,0,100,100,0,0,0,0,2.6415999999999937,37.006783999999925,1.0,151323.60596370685,1.382018231107897,48.065143716258575,0.48065143716258574,0.018785731133219113,0.9984747788694316,314
15,1.0,100,0,100,100,0,0,0,0,2.6415999999999937,39.64838399999992,1.0,151330.2534600152,1.3801776260981544,47.929786335755246,0.4792978633575525,0.019983708875878765,0.9982646507387408,336
16,1.0,100,0,100,100,0,0,0,0,2.641599999999994,42.28998399999992,1.0,151336.07049839536,1.3789480967301204,47.79110839283505,0.47791108392835047,0.02126953540671933,0.9980232013358951,361
17,1.0,100,0,100,100,0,0,0,0,2.645663999999994,44.935647999999915,1.0,151327.5161849232,1.378436958987831,47.65621696422148,0.47656216964221476,0.022536093006475483,0.997768751085075,386
18,1.0,100,0,100,100,0,0,0,0,2.6415999999999937,47.57724799999991,1.0,151332.8387551969,1.3781180810477152,47.521417046976374,0.4752141704697637,0.023652832716151213,0.9975287710316157,409
19,1.0,100,0,100,100,0,0,0,0,2.6415999999999937,50.21884799999991,1.0,151337.6013722978,1.3770841376559535,47.38352013363133,0.4738352013363133,0.024911533428106213,0.9972435664771253,431
20,1.0,100,0,100,100,0,0,0,0,2.6415999999999937,52.860447999999906,1.0,151341.8879839992,1.3764583885316144,47.247702772834614,0.47247702772834616,0.026130865927955885,0.9969505618398802,454
21,1.0,100,0,100,100,0,0,0,0,2.645663999999994,55.5061119999999,1.0,151334.68544869462,1.3752516708159812,47.1132136316781,0.471132136316781,0.02736297980831249,0.9966381461611664,478
22,1.0,100,0,100,100,0,0,0,0,2.6415999999999933,58.1477119999999,1.0,151338.7147545894,1.3734730110229412,46.97798780267833,0.4697798780267833,0.028551440111582754,0.9963198459640238,502
23,1.0,100,0,100,100,0,0,0,0,2.6456639999999934,60.793375999999895,1.0,151332.27672699105,1.3713012607727841,46.84137040924053,0.46841370409240535,0.029775854140055284,0.9959754446654414,523
24,1.0,100,0,100,100,0,0,0,0,2.6456639999999934,63.43903999999989,1.0,151326.37568286053,1.369625449660267,46.70786022109481,0.4670786022109481,0.03089225387767477,0.9956446445058966,548
25,1.0,100,0,100,100,0,0,0,0,2.6415999999999933,66.08063999999989,1.0,151330.25346001517,1.3682039979475582,46.567528627686855,0.46567528627686855,0.03230072430721512,0.9952117849023662,575
26,1.0,100,0,100,100,0,0,0,0,2.645663999999993,68.72630399999989,1.0,151324.88428302528,1.3671794948105316,46.43420829945371,0.46434208299453705,0.03341000974745023,0.9948496756904157,600
27,1.0,100,0,100,100,0,0,0,0,2.641599999999993,71.36790399999988,1.0,151328.52997896672,1.3664054822513652,46.29789281212788,0.4629789281212788,0.03459029224376662,0.9944490343146619,622
28,1.0,100,0,100,100,0,0,0,0,2.641599999999993,74.00950399999988,1.0,151331.91542534885,1.365904470583362,46.16435313626153,0.4616435313626153,0.035762632529791734,0.9940344991928199,642
29,1.0,100,0,100,100,0,0,0,0,2.6415999999999933,76.65110399999988,1.0,151335.06752883844,1.365648218316101,46.028694281570274,0.46028694281570276,0.036950698936978894,0.9935967835625311,665
30,1.0,100,0,100,100,0,0,0,0,2.6415999999999933,79.29270399999987,1.0,151338.0096105692,1.3656122495618528,45.895532424460804,0.45895532424460805,0.03815880465684487,0.9931347418339623,689
31,1.0,100,0,100,100,0,0,0,0,2.6456639999999934,81.93836799999987,1.0,151333.2557465633,1.3658722581582454,45.759581522821485,0.45759581522821485,0.03929127361273123,0.9926812327473823,715
32,1.0,100,0,100,100,0,0,0,0,2.6415999999999933,84.57996799999987,1.0,151336.07049839533,1.366212536182838,45.624591896253975,0.45624591896253974,0.0405254151362903,0.9921721232364713,737
33,1.0,100,0,100,100,0,0,0,0,2.6415999999999933,87.22156799999986,1.0,151338.71475458937,1.3661011610471447,45.48629423749039,0.45486294237490393,0.041770155865913976,0.9916377312295308,760
34,1.0,100,0,100,100,0,0,0,0,2.6415999999999933,89.86316799999986,1.0,151341.20355071413,1.366175631438921,45.352226309148925,0.45352226309148924,0.04299597113923962,0.9910921613000969,788
35,1.0,100,0,100,100,0,0,0,0,2.6456639999999934,92.50883199999986,1.0,151336.90154038504,1.3665326486664804,45.215856688604234,0.45215856688604233,0.04420888665875162,0.9905309657938377,815
36,1.0,100,0,100,100,0,0,0,0,2.6415999999999933,95.15043199999985,1.0,151339.3023796258,1.366929662744429,45.081110371396484,0.4508111037139648,0.04540435902486999,0.9899579441027948,836
37,1.0,100,0,100,100,0,0,0,0,2.6497279999999934,97.80015999999985,1.0,151328.99578078423,1.3675578436825264,44.94434055655205,0.4494434055655205,0.04662280715396662,0.9893537074050439,858
38,1.0,100,0,100,100,0,0,0,0,2.6415999999999933,100.44175999999985,1.0,151331.47806251128,1.3682278255591331,44.81010469999339,0.44810104699993386,0.04779343728423693,0.9887520849716965,879
39,1.0,100,0,100,100,0,0,0,0,2.6415999999999937,103.08335999999984,1.0,151333.83312301835,1.368498731500259,44.67360998676156,0.44673609986761564,0.04905546601312078,0.9880857325980211,902
40,1.0,100,0,100,100,0,0,0,0,2.6415999999999937,105.72495999999984,1.0,151336.0704983953,1.3689084921361518,44.53542168347114,0.44535421683471144,0.05032913576131923,0.9873899585412753,927
41,1.0,100,0,100,100,0,0,0,0,2.6415999999999933,108.36655999999984,1.0,151338.1987949052,1.3689513375803712,44.39957332297616,0.4439957332297616,0.05152321323336998,0.9867126316523314,950
42,1.0,100,0,100,100,0,0,0,0,2.6415999999999933,111.00815999999983,1.0,151340.22579961712,1.3686534761122375,44.26209637098545,0.4426209637098545,0.05280634515581362,0.9859663591304753,977
43,1.0,100,0,100,100,0,0,0,0,2.6415999999999937,113.64975999999983,1.0,151342.15857561005,1.368038677962731,44.129042353298374,0.44129042353298376,0.05395549887753736,0.9852708377004212,1002
44,1.0,100,0,100,100,0,0,0,0,2.649727999999994,116.29948799999983,1.0,151333.42633460285,1.3671775052048396,43.9905913476878,0.43990591347687796,0.05516609611138232,0.9845172453680154,1026
45,1.0,100,0,100,100,0,0,0,0,2.6415999999999937,118.94108799999982,1.0,151335.42413871334,1.3659906529828634,43.85347056062515,0.43853470560625146,0.05641975130141189,0.9837173632701961,1043
46,1.0,100,0,100,100,0,0,0,0,2.645663999999994,121.58675199999982,1.0,151332.276726991,1.3650435838909294,43.720207224400724,0.43720207224400726,0.057580392068860224,0.9829503142879741,1067
47,1.0,100,0,100,100,0,0,0,0,2.6415999999999937,124.22835199999982,1.0,151334.2139481978,1.3642120428778157,43.58575500107399,0.4358575500107399,0.058790824722257294,0.9821310351984797,1086
48,1.0,100,0,100,100,0,0,0,0,2.649727999999994,126.87807999999981,1.0,151326.3756828605,1.363692009384132,43.451880679767164,0.43451880679767163,0.05996604017014653,0.9813104007979964,1108
49,1.0,100,0,100,100,0,0,0,0,2.6456639999999942,129.5237439999998,1.0,151323.6059637068,1.3631890548260477,43.3129949551601,0.433129949551601,0.06127222848044305,0.9803806040149212,1135
50,1.0,100,0,100,100,0,0,0,0,2.641599999999994,132.16534399999978,1.0,151325.60015127744,1.3624038568722134,43.17665717000772,0.4317665717000772,0.0625152063702871,0.9794665040773922,1162
51,1.0,100,0,100,100,0,0,0,0,2.6415999999999937,134.80694399999976,1.0,151327.5161849232,1.3613705489911174,43.04430283927847,0.4304430283927847,0.06364095638422793,0.9786080284199263,1185
52,1.0,100,0,100,100,0,0,0,0,2.653791999999994,137.46073599999974,1.0,151315.9365013151,1.360617697618597,42.90546246998452,0.42905462469984523,0.06495591766676168,0.9775936738762375,1212
53,1.0,100,0,100,100,0,0,0,0,2.645663999999994,140.10639999999972,1.0,151313.57311300584,1.3599124254862822,42.76979951843121,0.4276979951843121,0.06613066943355322,0.9766508675254726,1240
54,1.0,100,0,100,100,0,0,0,0,2.645663999999994,142.7520639999997,1.0,151311.29732737204,1.3589984656537708,42.63316481421911,0.42633164814219104,0.06739421544596018,0.975620159316264,1266
55,1.0,100,0,100,100,0,0,0,0,2.641599999999994,145.3936639999997,1.0,151313.33370895754,1.3578066600323968,42.496999021348785,0.42496999021348786,0.06863437518526784,0.9745794984912188,1292
56,1.0,100,0,100,100,0,0,0,0,2.641599999999994,148.03526399999967,1.0,151315.2974145407,1.3567662760647021,42.361543570594044,0.42361543570594046,0.06981953418287223,0.9735533838710992,1316
57,1.0,100,0,100,100,0,0,0,0,2.641599999999994,150.67686399999965,1.0,151317.1922664919,1.3558693441524758,42.22475077291386,0.42224750772913855,0.07107232121972439,0.9724492296747868,1339
58,1.0,100,0,100,100,0,0,0,0,2.641599999999994,153.31846399999964,1.0,151319.02182375148,1.3547580995253372,42.09094883613048,0.4209094883613048,0.07225827039053669,0.9713724953428913,1363
59,1.0,100,0,100,100,0,0,0,0,2.641599999999994,155.96006399999962,1.0,151320.7894041391,1.353787846230582,41.95477687471803,0.4195477687471803,0.07352964594657398,0.9701995257152286,1389
60,1.0,100,0,100,100,0,0,0,0,2.641599999999994,158.6016639999996,1.0,151322.49810443388,1.3526128680482539,41.82142498841347,0.4182142498841347,0.0746877355133297,0.9690923423591798,1414
61,1.0,100,0,100,100,0,0,0,0,2.6456639999999942,161.24732799999958,1.0,151320.33691745927,1.3515983337690856,41.685097446876505,0.41685097446876507,0.07592238448717932,0.9678925951568645,1438
62,1.0,100,0,100,100,0,0,0,0,2.6456639999999947,163.89299199999957,1.0,151318.24550496988,1.350373341866555,41.54951278137211,0.4154951278137211,0.0771513884939188,0.9666701076466048,1460
63,1.0,100,0,100,100,0,0,0,0,2.641599999999994,166.53459199999955,1.0,151319.91316254623,1.3492762595379777,41.41406968712267,0.4141406968712267,0.0783593235814214,0.9654371502464519,1484
64,1.0,100,0,100,100,0,0,0,0,2.6415999999999946,169.17619199999953,1.0,151321.52874087667,1.3483087110652627,41.27250639672226,0.4127250639672226,0.07971774038533944,0.964034919368115,1509
65,1.0,100,0,100,100,0,0,0,0,2.641599999999994,171.8177919999995,1.0,151323.0946420268,1.3474647179126003,41.13791586116322,0.4113791586116322,0.0809004269081322,0.9627661563380501,1535
66,1.0,100,0,100,100,0,0,0,0,2.6456639999999947,174.4634559999995,1.0,151321.0881251835,1.3464461790873357,40.99988108350576,0.4099988108350576,0.08215492881281183,0.9613983878624569,1560
67,1.0,100,0,100,100,0,0,0,0,2.6456639999999947,177.10911999999948,1.0,151319.14155521794,1.3452548444375445,40.861742629088695,0.40861742629088693,0.08345082096996025,0.9599611923759992,1586
68,1.0,100,0,100,100,0,0,0,0,2.6537919999999944,179.76291199999946,1.0,151310.41045886083,1.344290393710589,40.72731751217411,0.4072731751217411,0.08466142799975253,0.9585783694239278,1607
69,1.0,100,0,100,100,0,0,0,0,2.6456639999999947,182.40857599999944,1.0,151308.67531140687,1.3433362285237487,40.592422752572716,0.40592422752572715,0.08585902711270353,0.9571772693702527,1632
70,1.0,100,0,100,100,0,0,0,0,2.6537919999999944,185.06236799999942,1.0,151300.3443250012,1.3422781160800832,40.454755171175854,0.40454755171175855,0.08710914758275934,0.9556896426238856,1656
71,1.0,100,0,100,100,0,0,0,0,2.6497279999999943,187.7120959999994,1.0,151295.524397107,1.3413156349279207,40.320955252529046,0.40320955252529045,0.08827973988715035,0.9542568818812318,1679
72,1.0,100,0,100,100,0,0,0,0,2.6497279999999943,190.3618239999994,1.0,151290.83865050637,1.3404239160710247,40.184301104524344,0.40184301104524345,0.08952554668113175,0.9527128492005054,1703
73,1.0,100,0,100,100,0,0,0,0,2.6497279999999943,193.01155199999937,1.0,151286.28155894057,1.3396668568781642,40.04898532218132,0.40048985322181324,0.09074510124540569,0.9511662819989882,1726
74,1.0,100,0,100,100,0,0,0,0,2.641599999999994,195.65315199999935,1.0,151288.13258270483,1.3389599149636509,39.91419955408617,0.39914199554086166,0.09194883426322217,0.949605754833829,1750
75,1.0,100,0,100,100,0,0,0,0,2.6456639999999947,198.29881599999933,1.0,151286.83370454467,1.3381233533952834,39.7762270401442,0.397762270401442,0.09323630653925913,0.9479173102841066,1775
76,1.0,100,0,100,100,0,0,0,0,2.6415999999999946,200.94041599999932,1.0,151288.62876445972,1.3373483771110113,39.641331929534346,0.39641331929534346,0.09443814698636831,0.9462937991149928,1801
77,1.0,100,0,100,100,0,0,0,0,2.6415999999999946,203.5820159999993,1.0,151290.37724039488,1.3366726989157411,39.50670329230427,0.39506703292304274,0.09564890824793362,0.9446293178992073,1824
78,1.0,100,0,100,100,0,0,0,0,2.670047999999995,206.2520639999993,1.0,151271.21346043888,1.336194748863916,39.37070384443503,0.3937070384443503,0.09684325407598234,0.9429468528980448,1852
79,1.0,100,0,100,100,0,0,0,0,2.665983999999995,208.91804799999932,1.0,151255.4817667074,1.3357520481902752,39.234544601394106,0.39234544601394106,0.09806579974668009,0.9411996802555809,1875
80,1.0,100,0,100,100,0,0,0,0,2.661919999999995,211.57996799999933,1.0,151243.0515161062,1.3353783270733723,39.09535070705205,0.3909535070705205,0.09928018626730732,0.9394192828284826,1900
81,1.0,100,0,100,100,0,0,0,0,2.665983999999995,214.24595199999933,1.0,151228.0614758131,1.3351071550935658,38.95929934086334,0.3895929934086334,0.10048857760572644,0.9376209946438889,1926
82,1.0,100,0,100,100,0,0,0,0,2.661919999999995,216.90787199999932,1.0,151216.2730543966,1.3349040526842573,38.82435671069217,0.3882435671069217,0.1016549635072019,0.9358419508585755,1951
83,1.0,100,0,100,100,0,0,0,0,2.6659839999999946,219.5738559999993,1.0,151201.97187774535,1.3348091580400208,38.6885036259826,0.38688503625982595,0.10286014404993453,0.933981072286397,1972
84,1.0,100,0,100,100,0,0,0,0,2.661919999999995,222.2357759999993,1.0,151190.7785720338,1.3347644199057485,38.55422871063337,0.38554228710633365,0.10402655095604771,0.9321383031813792,1994
85,1.0,100,0,100,100,0,0,0,0,2.6741119999999947,224.9098879999993,1.0,151171.6550230113,1.334666229046469,38.41696155853228,0.3841696155853228,0.10524583597743148,0.9301873315159537,2019
86,1.0,100,0,100,100,0,0,0,0,2.661919999999995,227.5718079999993,1.0,151161.0787923261,1.3345344072659564,38.283447049973425,0.38283447049973424,0.10640174704733849,0.9282931578297838,2045
87,1.0,100,0,100,100,0,0,0,0,2.665983999999995,230.2377919999993,1.0,151148.0791129204,1.3345181933346757,38.147467470910385,0.38147467470910384,0.10761257768185423,0.9262876087084178,2069
88,1.0,100,0,100,100,0,0,0,0,2.661919999999995,232.89971199999928,1.0,151138.01428831354,1.3345342133944524,38.00876551678693,0.3800876551678693,0.10885966983745936,0.9241897958999706,2091
89,1.0,100,0,100,100,0,0,0,0,2.661919999999995,235.5616319999993,1.0,151128.17693502866,1.3346206509534495,37.874075033214666,0.37874075033214666,0.11003807953709173,0.9221591096613617,2112
90,1.0,100,0,100,100,0,0,0,0,2.682239999999995,238.2438719999993,1.0,151105.67041153574,1.334712052116853,37.74075410301587,0.37740754103015867,0.11115004772535042,0.9201868955021403,2136
91,1.0,100,0,100,100,0,0,0,0,2.682239999999995,240.9261119999993,1.0,151083.6650200876,1.3348728994180195,37.60302442397021,0.3760302442397021,0.11235516032420391,0.9180399742601236,2161
92,1.0,100,0,100,100,0,0,0,0,2.7228799999999946,243.6489919999993,1.0,151036.94744610356,1.3353330587188972,37.469212456260614,0.37469212456260614,0.11344626850882572,0.91602701648689,2183
93,1.0,100,0,100,100,0,0,0,0,2.7228799999999946,246.3718719999993,1.0,150991.26250905826,1.335857610316115,37.33532297585509,0.3733532297585509,0.11451985406779934,0.9140055217172883,2207
94,1.0,100,0,100,100,0,0,0,0,2.844799999999994,249.2166719999993,1.0,150872.7313395795,1.337489239533782,37.20120842148098,0.3720120842148098,0.11545655471443778,0.912141218834066,2230
95,1.0,100,0,100,100,0,0,0,0,2.9057599999999932,252.1224319999993,1.0,150720.42459117682,1.339630127094641,37.06813966780448,0.3706813966780448,0.11629948734427467,0.9103852999002373,2250
96,1.0,100,0,100,100,0,0,0,0,2.9098239999999937,255.03225599999928,1.0,150569.18917738824,1.341846216144192,36.93510752912554,0.3693510752912554,0.11716310723990357,0.9085752218379904,2268
97,1.0,100,0,100,100,0,0,0,0,2.9098239999999933,257.9420799999993,1.0,150421.3659128441,1.3441054341082992,36.80142397191134,0.3680142397191134,0.1180104912364182,0.906759595334585,2286
98,1.0,100,0,100,100,0,0,0,0,2.9667199999999934,260.9087999999993,1.0,150244.0699585453,1.346679635386598,36.666185013509015,0.3666618501350902,0.11883387693192995,0.9049457328727256,2307
99,1.0,100,0,100,100,0,0,0,0,2.9667199999999934,263.8755199999993,1.0,150070.76063744034,1.3492962487517746,36.53303080999073,0.3653303080999073,0.11963749841632944,0.9031452664376678,2327
100,1.0,100,0,100,100,0,0,0,0,2.9748479999999935,266.8503679999993,1.0,149896.73913434552,1.3520125234614546,36.397793799172604,0.36397793799172606,0.12045765585871131,0.9012854737242848,2345
101,1.0,100,0,100,100,0,0,0,0,2.9667199999999934,269.81708799999933,1.0,149731.06521704103,1.3547096148926856,36.26457192699373,0.3626457192699373,0.1212663546729209,0.8994269895308081,2364
102,1.0,100,0,100,100,0,0,0,0,2.966719999999994,272.78380799999934,1.0,149568.99494562412,1.357445461405007,36.1311319603333,0.361311319603333,0.12207295179525944,0.8975452475532273,2384
103,1.0,100,0,100,100,0,0,0,0,2.9789119999999936,275.7627199999993,1.0,149403.8062867965,1.360257601385168,35.99681632155262,0.3599681632155262,0.12290197743148247,0.8955993232753374,2401
104,1.0,100,0,100,100,0,0,0,0,3.027679999999993,278.7903999999993,1.0,149216.04187231735,1.3634563471294583,35.864052637540034,0.35864052637540034,0.12364432591393898,0.8937681969048551,2418
105,1.0,100,0,100,100,0,0,0,0,3.035807999999993,281.82620799999927,1.0,149028.013746685,1.3667195678263993,35.72924869561153,0.3572924869561153,0.12439329408371311,0.8918918657795117,2437
106,1.0,100,0,100,100,0,0,0,0,3.027679999999993,284.85388799999924,1.0,148848.2404003561,1.3697931639737864,35.595192929163694,0.35595192929163694,0.12514256909814006,0.8899944201705913,2456
107,1.0,100,0,100,100,0,0,0,0,3.027679999999994,287.8815679999992,1.0,148672.24844349924,1.372142737767255,35.46239243915917,0.3546239243915917,0.1258911860606963,0.8880802344829635,2471
108,1.0,100,0,100,100,0,0,0,0,3.027679999999994,290.9092479999992,1.0,148499.9198100437,1.3745409935288777,35.329341371292855,0.35329341371292855,0.1266476764955252,0.8861273303953727,2486
109,1.0,100,0,100,100,0,0,0,0,3.0317439999999936,293.9409919999992,1.0,148329.09048629773,1.3766443205479169,35.19557680596475,0.35195576805964746,0.1274042396887212,0.8841449291308525,2505
110,1.0,100,0,100,100,0,0,0,0,3.031743999999994,296.9727359999992,1.0,148161.74909739904,1.3786155638123059,35.06119104473337,0.3506119104473337,0.12817030866161466,0.8821178279399899,2524
111,1.0,100,0,100,100,0,0,0,0,3.027679999999994,300.0004159999992,1.0,147999.7947736183,1.3802444754906855,34.928051160054125,0.34928051160054124,0.12893375026298343,0.8800763418834409,2539
112,1.0,100,0,100,100,0,0,0,0,3.027679999999994,303.02809599999915,1.0,147841.07675613064,1.3819331994534654,34.79465230212647,0.3479465230212647,0.12970173194511475,0.8779996956472085,2557
113,1.0,100,0,100,100,0,0,0,0,3.031743999999994,306.05983999999916,1.0,147683.53796434097,1.3835290964420113,34.66106062622004,0.3466106062622004,0.13048099648850292,0.8758765764328986,2576
114,1.0,100,0,100,100,0,0,0,0,3.031743999999994,309.09158399999916,1.0,147529.08963059998,1.3851793447205987,34.52704267404992,0.34527042674049924,0.13126550178346597,0.8737148815539442,2592
115,1.0,100,0,100,100,0,0,0,0,3.031743999999994,312.12332799999916,1.0,147377.64169937378,1.3868687441405656,34.39340236396891,0.3439340236396891,0.13204052798316895,0.871544220001501,2609
116,1.0,100,0,100,100,0,0,0,0,3.027679999999994,315.15100799999914,1.0,147231.00615943494,1.3886102960091375,34.26033271312255,0.3426033271312255,0.13281520829206098,0.8693505995903927,2622
117,1.0,100,0,100,100,0,0,0,0,2.9301439999999936,318.0811519999991,1.0,147132.2639072941,1.3900142452657527,34.125890125012006,0.34125890125012004,0.1337086572082275,0.8669154019455894,2641
118,1.0,100,0,100,100,0,0,0,0,3.027679999999994,321.1088319999991,1.0,146990.66265483515,1.3918683818284163,33.993173692998134,0.33993173692998135,0.1344899707760644,0.864655805027796,2661
119,1.0,100,0,100,100,0,0,0,0,3.039871999999994,324.1487039999991,1.0,146846.18328753253,1.3934984018023842,33.85885349776269,0.33858853497762686,0.13528697388854447,0.8623295485892811,2677
120,1.0,100,0,100,100,0,0,0,0,3.027679999999994,327.1763839999991,1.0,146709.8554399334,1.3951198814518269,33.72610153012046,0.3372610153012046,0.13607421206883563,0.8600028316573078,2694
121,1.0,100,0,100,100,0,0,0,0,3.031743999999994,330.2081279999991,1.0,146574.22363631258,1.3966450351644175,33.591358159628165,0.33591358159628165,0.1368747390762229,0.8576094860226559,2708
122,1.0,100,0,100,100,0,0,0,0,3.035807999999994,333.24393599999905,1.0,146439.27384173058,1.3975772256802559,33.45817664098541,0.33458176640985404,0.1376655824868825,0.855215583589726,2727
123,1.0,100,0,100,100,0,0,0,0,3.0276799999999944,336.271615999999,1.0,146310.29697136302,1.398212421881121,33.32485200854047,0.3332485200854047,0.1384646570918229,0.8527766457262339,2746
124,1.0,100,0,100,100,0,0,0,0,3.0317439999999944,339.30335999999903,1.0,146181.87099591392,1.3989281575068364,33.1913912815733,0.331913912815733,0.13927831225075668,0.8502805211421178,2761
125,1.0,100,0,100,100,0,0,0,0,3.0317439999999944,342.33510399999903,1.0,146055.71971958838,1.3997153469709935,33.056516087378384,0.33056516087378385,0.1400875864728451,0.8477512949447917,2775
126,1.0,100,0,100,100,0,0,0,0,3.0317439999999944,345.36684799999904,1.0,145931.78323821092,1.4005806750030838,32.92284944660994,0.32922849446609936,0.14089999794557273,0.8451952780723067,2794
127,1.0,100,0,100,100,0,0,0,0,3.0886399999999945,348.45548799999904,1.0,145786.1957966928,1.4016540520526946,32.79048405510923,0.3279048405510923,0.1416293361260422,0.8427747485500423,2814
128,1.0,99,1,100,99,0,1,0,0,3.0926284630670557,351.5481164630661,0.999921875,145630.13596853873,1.4027118161545653,32.658725254422464,0.32988611368103493,0.139231523070908,0.8487998054274976,2830
129,1.0,99,1,99,99,0,0,0,0,3.0723839999999942,354.6205004630661,0.9999224746104349,145485.1028991014,1.4039780817622376,32.528148572947835,0.32856715730250335,0.1399590004198863,0.8464186180326423,2846
130,1.0,99,1,99,99,0,0,0,0,3.068319999999994,357.68882046306607,0.9999230650869364,145344.21269497892,1.4052916591500393,32.39964146597927,0.3272691057169623,0.14068326315974672,0.8440325285366512,2865
131,1.0,99,1,99,99,0,0,0,0,3.0886399999999945,360.77746046306606,0.9999236466366344,145197.54070213795,1.406433394132138,32.2705237779176,0.32596488664563233,0.14139379119978115,0.8416400264705786,2883
132,1.0,99,1,99,99,0,0,0,0,3.0723839999999942,363.84984446306606,0.9999242194604425,145059.8393903055,1.407588720357152,32.141620542831966,0.32466283376597943,0.14211881852623445,0.8391945755218253,2897
133,1.0,99,1,99,99,0,0,0,0,3.108959999999994,366.95880446306603,0.9999247837532907,144909.99903328958,1.4088691410123393,32.01383449447956,0.3233720656008036,0.14279801414528576,0.8368185987258376,2914
134,1.0,99,1,99,99,0,0,0,0,3.088639999999994,370.04744446306603,0.9999253397043453,144770.62550109558,1.410135109099631,31.885040619367846,0.322071117367352,0.14349317978752324,0.8343767975191497,2931
135,1.0,99,1,99,99,0,0,0,0,3.108959999999994,373.156404463066,0.9999258874972208,144625.68337170695,1.411540710907742,31.757357682882336,0.3207813907361852,0.14418023439236372,0.8319333134942251,2948
136,1.0,98,2,99,98,0,1,0,0,3.0952640729147034,376.2516685359807,0.9998528546203649,144477.7646077112,1.4129194510868628,31.63090809172262,0.32276436828288385,0.14190238975830693,0.8380196128648513,2967
137,1.0,97,3,98,97,0,1,0,0,3.1435333628901367,379.3952018988708,0.9997808619430241,144303.35366917285,1.4142335367067187,31.50624698896563,0.3248066699893364,0.13942927676138941,0.8444009973839913,2984
138,1.0,96,4,97,96,0,1,0,0,3.086332465191241,382.48153436406204,0.999709871618191,144142.90638021505,1.41505141358101,31.38460692575664,0.32692298880996495,0.1367587454639161,0.851069303189318,3000
139,1.0,96,4,96,96,0,0,0,0,3.0886399999999945,385.57017436406204,0.9997118778362025,143984.1660251989,1.4155787756540665,31.264841427800395,0.32567543153958745,0.1373619977038564,0.8489722663729868,3019
140,1.0,96,4,96,96,0,0,0,0,3.113023999999994,388.68319836406204,0.9997138564990342,143818.92563218283,1.4162935125197607,31.14329822004973,0.3244093564588513,0.13796133799266772,0.8468447609499546,3036
141,1.0,96,4,96,96,0,0,0,0,3.1374079999999944,391.82060636406203,0.9997158081705151,143647.37098003327,1.4171262266847504,31.022503888330263,0.3231510821701069,0.13854977651733477,0.8447206993620766,3050
142,1.0,96,4,96,96,0,0,0,0,3.117087999999994,394.937694364062,0.9997177333991956,143485.92400441327,1.4179100056299403,30.901958658666572,0.3218954026944435,0.13914992160195067,0.842553237343907,3063
143,1.0,96,4,96,96,0,0,0,0,3.1292799999999943,398.066974364062,0.9997196327188617,143322.61572602022,1.4188414417588742,30.78075439246433,0.3206328582548368,0.13973891968573182,0.8403778034404068,3079
144,1.0,96,4,96,96,0,0,0,0,3.1374079999999944,401.204382364062,0.9997215066490287,143158.95469925666,1.4197216484428565,30.659634601734002,0.31937119376806256,0.14032192658707776,0.8381910269178644,3090
145,1.0,95,5,96,95,0,1,0,0,3.070614526159904,404.27499689022187,0.9996541946192683,143011.56501078286,1.4199668813575075,30.541899357288315,0.3214936774451402,0.13778100444989969,0.8448313923274517,3103
146,1.0,95,5,95,95,0,0,0,0,3.0520639999999943,407.32706089022184,0.9996564518345472,142872.90383509366,1.4202168259543293,30.423122471484408,0.32024339443667793,0.13842940990225505,0.8425654580192677,3114
147,1.0,95,5,95,95,0,0,0,0,3.0764479999999947,410.4035088902218,0.9996586797733634,142727.8245217645,1.420394770990583,30.303251029737215,0.3189815897867075,0.1390674221970367,0.8402848523734546,3130
148,1.0,95,5,95,95,0,0,0,0,3.0723839999999947,413.4758928902218,0.9996608790016278,142586.3055470875,1.4206396306429567,30.184468717885608,0.3177312496619537,0.13970775951536446,0.8379843079297319,3146
149,1.0,95,5,95,95,0,0,0,0,3.113023999999995,416.5889168902218,0.9996630500707595,142432.97791725947,1.4210201152624928,30.066794467605853,0.3164925733432195,0.14027849461859493,0.8358049421428723,3163
150,1.0,94,6,95,94,0,1,0,0,3.0306099122369283,419.6195268024587,0.9995982322217758,142300.3368194307,1.420961826151102,29.9522736558578,0.3186412091048702,0.13776890075271847,0.8425037106918057,3179
151,1.0,94,6,94,94,0,0,0,0,3.0276799999999953,422.6472068024587,0.9996007452754858,142170.58348639356,1.4209956260002845,29.837817218155166,0.31742358742718263,0.13839014951930093,0.8402810225324967,3192
152,1.0,94,6,94,94,0,0,0,0,3.0520639999999957,425.69927080245867,0.9996032270863643,142034.53974920642,1.4209572875675882,29.722340971969373,0.31619511672307843,0.13900841745059775,0.8380309798178518,3207
153,1.0,94,6,94,94,0,0,0,0,3.0561279999999957,428.75539880245867,0.9996056782334385,141899.0878480598,1.4210137420072113,29.607444375717566,0.3149728125076337,0.13962464749885473,0.8357661038005009,3223
154,1.0,94,6,94,94,0,0,0,0,3.0479999999999956,431.8033988024587,0.9996080992815154,141768.22176428742,1.4211157089018054,29.491555821691538,0.31373995554991,0.14024020682911742,0.8334690680069863,3238
155,1.0,93,7,94,93,0,1,0,0,3.074254701383576,434.8776535038422,0.999545572578551,141621.4411197743,1.4213905320298577,29.377115317839426,0.3158829604068756,0.13774734307854125,0.8402247416768577,3256
156,1.0,93,7,93,93,0,0,0,0,3.1333439999999952,438.01099750384225,0.9995482996709041,141457.63543175987,1.4218013927983775,29.26217110328453,0.31464700111058636,0.13828309172981726,0.8381187576538297,3274
157,1.0,93,7,93,93,0,0,0,0,3.149599999999995,441.16059750384227,0.9995509942270686,141290.9501725324,1.4223873636175113,29.14773144265449,0.31341646712531707,0.13878763258409255,0.8360567086702071,3291
158,1.0,93,7,93,93,0,0,0,0,3.157727999999995,444.3183255038423,0.9995536568258624,141124.04643426702,1.4227187981662281,29.031834434166953,0.312170262732978,0.13931028837183856,0.8339230690452739,3308
159,1.0,93,7,93,93,0,0,0,0,3.149599999999995,447.4679255038423,0.9995562880324543,140962.05874192514,1.423092713111841,28.916185274661242,0.31092672338345423,0.13982800620238353,0.8317790093327885,3326
160,1.0,93,7,93,93,0,0,0,0,3.149599999999995,450.61752550384233,0.9995588883987648,140802.3354818653,1.4235416685149807,28.801328972855018,0.3096917093855379,0.14033498507408343,0.8296416927568635,3344
161,1.0,92,8,93,92,0,1,0,0,3.151482432082207,453.76900793592455,0.9994988096729733,140635.4309878547,1.4241154669471787,28.686897156533743,0.3118140995275407,0.13787005410990558,0.8364695821307442,3358
162,1.0,92,8,92,92,0,0,0,0,3.1333439999999952,456.90235193592457,0.9995016818238446,140476.40535893122,1.424647101579933,28.574102059667844,0.31058806586595483,0.13837022582361685,0.834390539536787,3374
163,1.0,92,8,92,92,0,0,0,0,3.0683199999999946,459.97067193592454,0.9995045212436516,140339.38235303905,1.4250516113624538,28.462996217602186,0.30938039366958897,0.13892229630121522,0.8322019015377987,3392
164,1.0,92,8,92,92,0,0,0,0,3.1292799999999947,463.09995193592454,0.9995073284887301,140185.7195808616,1.4257158925733082,28.351420959557274,0.30816761912562257,0.13942153540133198,0.8300926115852835,3408
165,1.0,92,8,92,92,0,0,0,0,3.1292799999999947,466.22923193592453,0.9995101041028781,140034.11954438058,1.4264498718801952,28.23793199029029,0.3069340433727205,0.1399365723617393,0.8279100536152894,3423
166,1.0,90,10,92,90,0,2,0,0,3.1074719305807785,469.33670386650533,0.9993910607721349,139873.99549018103,1.4271406794251489,28.12940676159967,0.31254896401777416,0.13420552695228433,0.8443263770222958,3440
167,1.0,90,10,90,90,0,0,0,0,3.0886399999999954,472.42534386650533,0.9993943798449613,139721.54723911698,1.4277397201602422,28.023512864885472,0.3113723651653941,0.13466166074925814,0.8424336400858604,3457
168,1.0,90,10,90,90,0,0,0,0,3.0927039999999955,475.5180478665053,0.9993976629321768,139569.88656428838,1.4284214193242837,27.917598453244352,0.3101955383693817,0.13512534701944112,0.8405063028944328,3473
169,1.0,90,10,90,90,0,0,0,0,3.0886399999999954,478.6066878665053,0.9994009106158639,139421.36976283125,1.4291581285846215,27.810779898199243,0.3090086655355472,0.13559464564169188,0.8385391894968063,3492
170,1.0,90,10,90,90,0,0,0,0,3.027679999999995,481.6343678665053,0.9994041234656179,139292.38541921243,1.429745001925581,27.705575705857957,0.3078397300650884,0.13610977148750006,0.8364756052153479,3508
171,1.0,90,10,90,90,0,0,0,0,3.088639999999995,484.72300786650527,0.999407302038881,139147.51085753177,1.4306162118239116,27.597314668749565,0.306636829652773,0.13658465775337245,0.8344416216476794,3527
172,1.0,90,10,90,90,0,0,0,0,3.0927039999999946,487.81571186650524,0.999410446881264,139003.3128300636,1.4314541974544304,27.490737433551104,0.30545263815056783,0.13706276060560518,0.8323970298657173,3546
173,1.0,90,10,90,90,0,0,0,0,2.946399999999994,490.7621118665052,0.999413558526859,138902.3283413996,1.431920447512316,27.386216296578336,0.30429129218420375,0.13764523244627375,0.8301388574097984,3564
174,1.0,90,10,90,90,0,0,0,0,3.0927039999999946,493.8548158665052,0.9994166374985416,138761.4290644559,1.432883209545934,27.28054441598199,0.30311716017757767,0.1381189530767884,0.8280697061536635,3578
175,1.0,89,11,90,89,0,1,0,0,3.0769482966174024,496.9317641631226,0.9993616527390901,138618.62929210573,1.4338520434570659,27.174984537386848,0.30533690491445903,0.1355703680034572,0.8353253930281097,3596
176,1.0,89,11,89,89,0,0,0,0,3.068319999999994,500.00008416312255,0.9993649327406039,138479.9766901855,1.4350098181128956,27.07050392472426,0.30416296544634,0.13604144126548415,0.8333014191099588,3615
177,1.0,89,11,89,89,0,0,0,0,3.0764479999999943,503.0765321631225,0.9993681792073521,138340.78027999427,1.4362482445336615,26.965540650114775,0.30298360281027836,0.13650755566351422,0.8312619483953235,3630
178,1.0,89,11,89,89,0,0,0,0,3.068319999999994,506.1448521631225,0.9993713926510086,138205.49532617902,1.437526120627999,26.862266774984665,0.30182322219083896,0.13697461833295235,0.8292175039699639,3644
179,1.0,89,11,89,89,0,0,0,0,3.068319999999994,509.21317216312247,0.9993745735728906,138071.8407211143,1.438862731323348,26.759160703412388,0.3006647270046336,0.13744068174193289,0.8271564097562837,3660
180,1.0,89,11,89,89,0,0,0,0,3.0723839999999942,512.2855561631225,0.9993777224642191,137938.69288303555,1.4402726020279442,26.655315849146422,0.29949793088928567,0.13791826349003233,0.8250426115555057,3678
181,1.0,89,11,89,89,0,0,0,0,3.007359999999994,515.2929161631224,0.9993808398063717,137824.5222713633,1.4414777301151662,26.553227769326625,0.29835087381265873,0.13843772722244063,0.8228386516395034,3695
182,1.0,89,11,89,89,0,0,0,0,3.007359999999994,518.3002761631224,0.9993839260711286,137711.6765755613,1.4427380233766929,26.449529092042553,0.2971857201353096,0.13895294461017474,0.8206038277713594,3709
183,1.0,89,11,89,89,0,0,0,0,3.0683199999999937,521.3685961631223,0.9993869817209095,137584.04424028058,1.4442023978254581,26.345425014441698,0.2960160113982213,0.13944058542556123,0.8184007643825442,3728
184,1.0,88,12,89,88,0,1,0,0,3.067489350167055,524.4360855132894,0.9993345533189153,137450.49585870528,1.4452832600103613,26.241221736623615,0.2981957015525411,0.13712260187202646,0.8254545611529752,3741
185,1.0,88,12,88,88,0,0,0,0,3.0479999999999943,527.4840855132894,0.9993377848904585,137323.57428283975,1.4461307581388925,26.138379944247994,0.29702704482099995,0.13760215210538504,0.8233066893725502,3763
186,1.0,88,12,88,88,0,0,0,0,3.092703999999994,530.5767895132894,0.9993409852270855,137186.55138829225,1.4469844625823685,26.037616932349383,0.29588201059487934,0.13803270717537283,0.8212647974776948,3782
187,1.0,88,12,88,88,0,0,0,0,3.0927039999999946,533.6694935132895,0.999344154779472,137051.1166349415,1.4478972941912178,25.93635605582134,0.2947313188161516,0.1384609954945519,0.8192021000614442,3798
188,1.0,88,12,88,88,0,0,0,0,3.068319999999994,536.7378135132894,0.9993472939896655,136923.46272186088,1.4486980294259324,25.836352056003758,0.29359490972731545,0.13890930821084477,0.8170906540738149,3819
189,1.0,88,12,88,88,0,0,0,0,3.088639999999994,539.8264535132894,0.99935040329129,136792.1107226401,1.4496254701892781,25.735385873218718,0.29244756674112177,0.13934783966672765,0.8149686357315994,3833
190,1.0,88,12,88,88,0,0,0,0,3.088639999999994,542.9150935132893,0.9993534831097463,136662.25324454688,1.4506142215759215,25.63331462394502,0.2912876661811934,0.13979886259562108,0.8127856580206525,3854
191,1.0,88,12,88,88,0,0,0,0,3.0723839999999942,545.9874775132893,0.9993565338624055,136537.93002639976,1.4516140796493542,25.53327321449435,0.2901508319828903,0.1402567732568481,0.8105905713597267,3875
192,1.0,88,12,88,88,0,0,0,0,3.0927039999999946,549.0801815132893,0.9993595559587981,136409.94980655154,1.452455489498408,25.43296022260974,0.28901091162056525,0.14070370326723006,0.808395229296318,3887
193,1.0,88,12,88,88,0,0,0,0,3.0276799999999944,552.1078615132893,0.9993625498007969,136299.4538671112,1.4531599038678753,25.331765409434684,0.2878609705617578,0.14118211155399227,0.8060982410033303,3907
194,1.0,88,12,88,88,0,0,0,0,3.0276799999999944,555.1355415132894,0.9993655157827949,136190.16320573687,1.4538287319108418,25.23204658691486,0.28672780212403254,0.14167253470172664,0.8037706880731771,3921
195,1.0,88,12,88,88,0,0,0,0,3.088639999999994,558.2241815132893,0.9993684542918794,136067.19758017463,1.4543641778032876,25.131816754637736,0.28558882675724706,0.14212414820254393,0.8015013405496642,3942
196,1.0,88,12,88,88,0,0,0,0,3.0683199999999946,561.2925015132893,0.9993713657079993,135950.5067220167,1.4546112996172786,25.03153156111118,0.2844492222853544,0.14259414018699998,0.7991683589399387,3959
197,1.0,88,12,88,88,0,0,0,0,3.0886399999999945,564.3811415132892,0.99937425040413,135830.194103314,1.4549940388013243,24.92892300272549,0.2832832159400624,0.14307115370007184,0.7967671562920464,3980
198,1.0,87,13,88,87,0,1,0,0,3.0871953827763106,567.4683368960655,0.9993252011419673,135704.48779788814,1.4553796030017538,24.826666603877932,0.2853639839526199,0.14110513759826615,0.8035324773534938,3998
199,1.0,86,14,87,86,0,1,0,0,3.255540974834487,570.7238778709,0.9992765605622158,135533.14133020616,1.4563210795383947,24.72471534799217,0.28749669009293227,0.13887071893022968,0.8108182689801349,4016
200,1.0,85,15,86,85,0,1,0,0,2.8456528415011193,573.569530712401,0.9992283156703364,135453.4992531817,1.456316914472389,24.63109766607153,0.2897776196008416,0.13669378641265795,0.81798293419288,4035
201,1.0,85,15,85,85,0,0,0,0,3.0317439999999953,576.601274712401,0.9992316754597141,135330.9529863961,1.4568886173464797,24.535123314713207,0.2886485095848613,0.13716383147982328,0.8157880096189247,4054
202,1.0,85,15,85,85,0,0,0,0,3.0317439999999953,579.633018712401,0.9992350061199511,135209.68866490017,1.4572425458352936,24.439230500119795,0.2875203588249387,0.13764556825274687,0.8135468131237246,4074
203,1.0,85,15,85,85,0,0,0,0,3.2349439999999956,582.8679627124011,0.9992383080282334,135042.5911791589,1.4580790522536917,24.338526589280008,0.286335606932706,0.1380351867114852,0.8114274075486888,4088
204,1.0,85,15,85,85,0,0,0,0,3.0886399999999954,585.956602712401,0.9992415815552634,134911.01496948276,1.4586067510043579,24.23850516295737,0.28515888427008673,0.13851305631048455,0.8090986188342452,4108
205,1.0,85,15,85,85,0,0,0,0,3.0276799999999953,588.9842827124011,0.999244827065398,134794.7684348766,1.4587950024974112,24.141328951349145,0.2840156347217547,0.13901223746115404,0.8067352660443046,4126
206,1.0,84,16,85,84,0,1,0,0,3.1856259678139667,592.169908680215,0.9991979145779025,134637.03378257083,1.4593658680205208,24.042070847451086,0.2862151291363225,0.1367597549587181,0.8141244548600597,4145
207,1.0,84,16,84,84,0,0,0,0,3.0073599999999954,595.177268680215,0.9992012779552716,134521.26654221717,1.4593450294899029,23.94848145672223,0.2851009697228837,0.13724465803202296,0.8118622809320111,4164
208,1.0,84,16,84,84,0,0,0,0,2.9667199999999956,598.143988680215,0.9992046132431895,134415.7953963559,1.4593404407491133,23.85550664902566,0.283994126774115,0.13774815334105897,0.809544478210112,4180
209,1.0,84,16,84,84,0,0,0,0,3.2105599999999956,601.354548680215,0.9992079207920792,134256.90414613186,1.459934487141933,23.75692063862461,0.2828204837931501,0.13815831168908108,0.8073409929254785,4198
210,1.0,84,16,84,84,0,0,0,0,2.9057599999999955,604.260308680215,0.9992112009465589,134167.34284115408,1.4599002761565583,23.66474418930454,0.2817231451107683,0.13869782784755363,0.8049076218292233,4217
211,1.0,84,16,84,84,0,0,0,0,3.2105599999999956,607.470868680215,0.9992144540455616,134011.36449039308,1.4600478000626589,23.564472177373606,0.28052943068301917,0.13912950294920828,0.8025877372904034,4236
212,1.0,84,16,84,84,0,0,0,0,3.2105599999999956,610.6814286802149,0.9992176804224526,133857.0262021272,1.4602676911545973,23.46531309795444,0.27934896545183857,0.13955439675788395,0.8002750982024373,4254
213,1.0,83,17,84,83,0,1,0,0,3.0305046706041323,613.7119333508191,0.9991721854304636,133737.01168212824,1.4601307236397751,23.371375429870586,0.28158283650446486,0.1374976586989168,0.8074677690188341,4270
214,1.0,83,17,83,83,0,0,0,0,3.2715199999999958,616.9834533508191,0.9991755177263689,133565.980663573,1.4602508643272383,23.273662566074453,0.2804055730852344,0.13781524018023272,0.8054396944295855,4284
215,1.0,83,17,83,83,0,0,0,0,3.576319999999996,620.5597733508191,0.9991788233020964,133331.23343337444,1.461036802329975,23.168239235618614,0.27913541247733265,0.13798809519275246,0.8036175119714883,4303
216,1.0,83,17,83,83,0,0,0,0,3.1902399999999966,623.7500133508191,0.9991821024777484,133181.56027561857,1.4612294648120983,23.07135273926712,0.2779681052923749,0.13842222072489807,0.8012930464197121,4324
217,1.0,83,17,83,83,0,0,0,0,3.1333439999999966,626.8833573508191,0.9991853555683343,133045.48449405574,1.4612682274106423,22.975658862541803,0.27681516701857595,0.1388582238214374,0.7989577775921082,4338
218,1.0,83,17,83,83,0,0,0,0,3.5763199999999964,630.4596773508191,0.9991885828838719,132817.3759690029,1.4619893378879965,22.87021413903306,0.2755447486630489,0.13904981742378128,0.7970302289592568,4358
219,1.0,83,17,83,83,0,0,0,0,2.9870399999999964,633.4467173508191,0.9991917847294856,132715.18771395096,1.4618042150613884,22.777385853073852,0.2744263355792031,0.13957363600526848,0.7944859818620197,4372
220,1.0,83,17,83,83,0,0,0,0,3.3527999999999962,636.7995173508191,0.9991949614055027,132537.78889644356,1.462292635877024,22.677065136262144,0.2732176522441222,0.13992159899315873,0.792222247958031,4391
221,1.0,82,18,83,82,0,1,0,0,3.3976969173840565,640.1972142682032,0.9991509433962265,132346.71771705677,1.4630242891632788,22.57642942918321,0.27532231011199043,0.1378028718093191,0.7996705387365592,4411
222,1.0,82,18,82,82,0,0,0,0,3.1292799999999956,643.3264942682032,0.9991542148294333,132212.80447458162,1.4632303593658476,22.483350062268833,0.27418719588132723,0.13822219106810324,0.7973635439132479,4431
223,1.0,81,19,82,81,0,1,0,0,3.774898045084246,647.1013923132874,0.9991106534356862,131942.2288596532,1.464273267106258,22.374499198602884,0.2762283851679368,0.1357470084309665,0.8054747953065794,4444
224,1.0,80,20,81,80,0,1,0,0,3.5012571002175874,650.602649413505,0.9990673816740498,131724.0255281092,1.4650093916198572,22.274022022880892,0.27842527528601113,0.13328358868722348,0.8135647032873118,4462
225,1.0,80,20,80,80,0,0,0,0,3.6372799999999947,654.239929413505,0.9990708478513357,131480.8163376895,1.4663682066610082,22.170104618738776,0.2771263077342347,0.13343377125935915,0.8117980868481971,4474
226,1.0,80,20,80,80,0,0,0,0,3.515359999999995,657.755289413505,0.9990742883591761,131264.62286146882,1.4675330994801867,22.070388181215343,0.2758798522651918,0.133534914016275,0.8101838096008479,4488
227,1.0,80,20,80,80,0,0,0,0,3.3121599999999964,661.067449413505,0.9990777034816694,131091.01057219537,1.4681233630636956,21.973880508113073,0.27467350635141335,0.13390136518508383,0.807983353744115,4504
228,1.0,80,20,80,80,0,0,0,0,4.1696639999999965,665.237113413505,0.9990810934987365,130750.37192931549,1.4702777566400196,21.858359987459203,0.27322949984324,0.1336278043916506,0.8069803761600346,4523
229,1.0,80,20,80,80,0,0,0,0,3.6575999999999955,668.894713413505,0.9990844586861982,130513.81368300917,1.4716132108322804,21.754816952747174,0.2719352119093397,0.1337431181537227,0.8052264326742845,4542
230,1.0,80,20,80,80,0,0,0,0,3.515359999999995,672.410073413505,0.9990877993158495,130307.3875071429,1.4727437861398183,21.6515315203255,0.2706441440040687,0.13388817708770773,0.8033870879951753,4562
231,1.0,80,20,80,80,0,0,0,0,3.1089599999999957,675.519033413505,0.9990911156555329,130181.38002067123,1.4732099187413166,21.558128150691427,0.2694766018836428,0.13432443780479636,0.8009826101676357,4576
232,1.0,80,20,80,80,0,0,0,0,4.165599999999995,679.684633413505,0.9990944079692099,129854.34076498325,1.4756890701604082,21.442213542818397,0.2680276692852299,0.13410505550771198,0.7997821668141819,4595
233,1.0,80,20,80,80,0,0,0,0,3.291839999999995,682.976473413505,0.9990976765170314,129697.00047979492,1.476484779440767,21.347261316816372,0.26684076646020466,0.1344617483348874,0.7975004413762748,4615
234,1.0,80,20,80,80,0,0,0,0,3.779519999999995,686.755993413505,0.9991009215554058,129449.17969790779,1.478396754572476,21.240369804745402,0.26550462255931756,0.13454140963079317,0.795681746034029,4635
235,1.0,80,20,80,80,0,0,0,0,3.9827199999999943,690.738713413505,0.9991041433370661,129166.06274909798,1.4807883173863077,21.129736858561095,0.2641217107320137,0.1344832594097348,0.7941199157009113,4658
236,1.0,79,21,80,79,0,1,0,0,3.3367186381379983,694.075432051643,0.9990627092166927,129000.3879482339,1.4820003330773293,21.032150441679377,0.2662297524263212,0.1323693769923993,0.8017911172289628,4677
237,1.0,79,21,79,79,0,0,0,0,3.4381439999999954,697.513576051643,0.99906600249066,128817.5643958326,1.483685423512834,20.933322517389872,0.26497876604290976,0.1326617071165021,0.7995837337368609,4697
238,1.0,79,21,79,79,0,0,0,0,3.9827199999999943,701.496296051643,0.999069272703098,128536.67297676222,1.4866361430951023,20.821621637244444,0.2635648308511955,0.13259800522946125,0.7980183405686784,4719
239,1.0,79,21,79,79,0,0,0,0,3.2105599999999943,704.706856051643,0.9990725200953979,128399.48869941046,1.4878425695128743,20.728684664197772,0.2623884134708579,0.13301024987529503,0.7955645021143808,4737
240,1.0,79,21,79,79,0,0,0,0,3.4543999999999953,708.1612560516429,0.9990757449055939,128219.38396666307,1.4897653071975399,20.629735659069535,0.2611358944186017,0.13330007330312615,0.7932907077653376,4756
241,1.0,78,22,79,78,0,1,0,0,4.156093975768565,712.3173500274115,0.9990350877192983,127909.2808795038,1.493357575249825,20.515591958843245,0.2630204097287595,0.13066831674560167,0.8020472105479561,4775
242,1.0,78,22,78,78,0,0,0,0,3.3121599999999947,715.6295100274115,0.999038377480549,127753.25600602762,1.4944658994058049,20.420985762515304,0.2618075097758372,0.13106348910435534,0.7996094751575052,4794
243,1.0,78,22,78,78,0,0,0,0,4.145279999999995,719.7747900274114,0.9990416448858687,127450.97670968219,1.4969666132503727,20.303570217099402,0.26030218227050517,0.13090732468913602,0.7981395976995332,4816
244,1.0,78,22,78,78,0,0,0,0,3.3324799999999946,723.1072700274115,0.9990448901623686,127295.08306078939,1.4981082155150676,20.20904535833733,0.2590903251068889,0.13123419108455392,0.7958225235349848,4833
245,1.0,77,23,78,77,0,1,0,0,3.462744562342043,726.5700145897536,0.9990048459674628,127112.31972894915,1.4994177594581706,20.111828530008214,0.26119257831179493,0.1290230353001024,0.8038501641618266,4853
246,1.0,77,23,77,77,0,0,0,0,3.7632639999999946,730.3332785897536,0.9990081504161455,126879.06017226921,1.5012957823060633,20.007038592122885,0.25983167002756996,0.12914705867762208,0.8018924619993201,4874
247,1.0,77,23,77,77,0,0,0,0,4.124959999999995,734.4582385897536,0.9990114329923494,126585.82219530575,1.5035810731365842,19.89198878328551,0.25833751666604554,0.1290414840797999,0.80031527545068,4893
248,1.0,77,23,77,77,0,0,0,0,3.515359999999995,737.9735985897536,0.999014693912522,126400.18583084193,1.5044096359738115,19.792088858303355,0.2570401150429007,0.12937631944823907,0.7978666095907089,4915
249,1.0,77,23,77,77,0,0,0,0,3.6982399999999944,741.6718385897535,0.9990179333902647,126185.18747853798,1.505245288678144,19.688837956728396,0.2556991942432259,0.12955959157663297,0.7957144431852325,4937
250,1.0,77,23,77,77,0,0,0,0,3.616959999999995,745.2887985897535,0.9990211516363792,125986.06094398763,1.5063341146856875,19.585016525725162,0.25435086397045664,0.12971166262233325,0.7936061914014321,4955
251,1.0,77,23,77,77,0,0,0,0,3.9420799999999936,749.2308785897535,0.9990243488589123,125734.27322872265,1.5078668861647664,19.476040228707955,0.2529355873858176,0.12978490909548207,0.7915861007558145,4969
252,1.0,77,23,77,77,0,0,0,0,3.068319999999996,752.2991985897535,0.9990275252632024,125630.86625264322,1.5079920731212344,19.381619215553673,0.25170934046173604,0.13026737312833434,0.7887441289515037,4985
253,1.0,77,23,77,77,0,0,0,0,4.124959999999995,756.4241585897535,0.9990306810519218,125352.95035629027,1.5099350539418064,19.26668682002646,0.2502167119483956,0.13023666299511652,0.7868343567044932,5000
254,1.0,77,23,77,77,0,0,0,0,2.966719999999995,759.3908785897535,0.9990338164251208,125268.82094852116,1.509825245999006,19.179873130251007,0.24908926143183135,0.13079193070666553,0.7838774579191434,5013
255,1.0,77,23,77,77,0,0,0,0,4.104639999999995,763.4955185897535,0.9990369315802696,124998.76905142689,1.511594723533249,19.068159863020796,0.24763843977949085,0.13081268685249267,0.7818374963923379,5030
256,1.0,77,23,77,77,0,0,0,0,3.2715199999999953,766.7670385897535,0.9990400267123002,124867.13066864929,1.5120955354233667,18.975283356283036,0.24643225138029917,0.13126734982312074,0.7789748153455502,5047
257,1.0,77,23,77,77,0,0,0,0,4.0843199999999955,770.8513585897535,0.9990431020136462,124605.08622015518,1.5140147389602958,18.85939766307328,0.24492724237757507,0.131305169191589,0.7767582827721354,5065
258,1.0,77,23,77,77,0,0,0,0,3.0276799999999953,773.8790385897536,0.9990461576742836,124515.58343742926,1.51429408356521,18.77267623415343,0.24380099005394065,0.13182923884270473,0.7737642556933652,5086
259,1.0,77,23,77,77,0,0,0,0,3.1089599999999957,776.9879985897536,0.9990491938817693,124413.76208571311,1.5144835279403899,18.683146229567598,0.24263826272165717,0.13240070789189876,0.7705602582777964,5106
260,1.0,77,23,77,77,0,0,0,0,3.6982399999999944,780.6862385897535,0.9990522108212799,124218.91818559436,1.515709751203461,18.580192921333072,0.24130120677055933,0.13262226299532606,0.7680052858867915,5125
261,1.0,76,24,77,76,0,1,0,0,4.112765261907561,784.7990038516612,0.9990141307919816,123955.30514509596,1.5176295746743458,18.46834404359219,0.2430045268893709,0.1306386489243919,0.7757884656880866,5143
262,1.0,76,24,76,76,0,0,0,0,3.0723839999999965,787.8713878516611,0.999017199017199,123857.77869924746,1.5174828625381227,18.378681696044687,0.24182475915848278,0.131258906563578,0.7724299353929399,5162
263,1.0,76,24,76,76,0,0,0,0,3.255263999999996,791.1266518516611,0.9990202482037883,123732.40083732424,1.5176574412383257,18.28489097406669,0.2405906707114039,0.13175863107695288,0.7692800895284224,5183
264,1.0,76,24,76,76,0,0,0,0,3.5559999999999947,794.6826518516611,0.9990232785284063,123561.27288195658,1.5183017210543663,18.18665762258085,0.23929812661290592,0.13207802226841134,0.7664967890914253,5204
265,1.0,76,24,76,76,0,0,0,0,3.539743999999995,798.2223958516612,0.9990262901655307,123394.18251339586,1.5190684055975339,18.088216482072195,0.23800284844831834,0.1324331357703721,0.763580271430616,5221
266,1.0,76,24,76,76,0,0,0,0,3.681983999999995,801.9043798516611,0.999029283287494,123206.70953097468,1.5200710402830342,17.986490461312957,0.23666434817517054,0.13269917092329844,0.7608083517469673,5240
267,1.0,76,24,76,76,0,0,0,0,4.104639999999995,806.0090198516612,0.9990322580645161,122956.44038603838,1.521295224546857,17.87500516704671,0.23519743640850943,0.13283197875005553,0.7581714620075818,5260
268,1.0,76,24,76,76,0,0,0,0,3.0114239999999963,809.0204438516612,0.9990352146647371,122874.52159642465,1.5209236895858396,17.788737756754344,0.2340623389046624,0.13339464623695774,0.7548318989144448,5275
269,1.0,76,24,76,76,0,0,0,0,4.0639999999999965,813.0844438516611,0.9990381532542482,122634.24882125949,1.5218654702503047,17.676264076701152,0.23258242206185725,0.1335647867367254,0.7520015750575566,5289
270,1.0,76,24,76,76,0,0,0,0,3.291839999999996,816.3762838516611,0.9990410739971233,122512.13316502138,1.521843493416237,17.583071949920676,0.23135620986737732,0.13404615640074086,0.7486732455417788,5304
271,1.0,76,24,76,76,0,0,0,0,3.5559999999999956,819.9322838516612,0.9990439770554493,122351.56728887808,1.5222207901159097,17.48475985634408,0.23006262968873795,0.13441321520893698,0.7455211258453889,5324
272,1.0,76,24,76,76,0,0,0,0,3.3731199999999975,823.3054038516611,0.9990468625893566,122219.53060097965,1.5222101480284833,17.389170668429188,0.22880487721617349,0.13484607960003706,0.7422069914178976,5340
273,1.0,76,24,76,76,0,0,0,0,3.698239999999996,827.0036438516611,0.9990497307570478,122040.57473065182,1.522740578347789,17.283896239848502,0.2274196873664277,0.1351617259705114,0.7389754515774396,5361
274,1.0,76,24,76,76,0,0,0,0,3.763263999999997,830.7669078516611,0.9990525817148271,121853.6740489375,1.5232835178205715,17.180486134341944,0.22605902808344663,0.1354071014427969,0.7359494143562647,5378
275,1.0,76,24,76,76,0,0,0,0,4.084319999999997,834.8512278516612,0.9990554156171285,121621.66936171916,1.5242846068307185,17.06585031501806,0.22455066203971133,0.1355996024477355,0.7327832459869699,5396
276,1.0,76,24,76,76,0,0,0,0,3.027679999999998,837.8789078516612,0.9990582326165437,121545.0097211778,1.52385543621009,16.979650707556207,0.22341645667837115,0.13614532713219088,0.7292122035492041,5417
277,1.0,76,24,76,76,0,0,0,0,3.5153599999999976,841.3942678516612,0.9990610328638497,121398.49759234171,1.5241522913724903,16.882611722488708,0.22213962792748299,0.13653580792224035,0.7258043248166433,5428
278,1.0,76,24,76,76,0,0,0,0,3.6169599999999966,845.0112278516611,0.9990638165080356,121238.62574046696,1.5244991496445301,16.780647040664704,0.22079798737716716,0.13690811795135807,0.7222954206375862,5444
279,1.0,75,25,76,75,0,1,0,0,3.088046635901229,848.0992744875624,0.9990276913503423,121150.91132707581,1.5243986028594672,16.69237977785642,0.22256506370475226,0.13604110877899014,0.7280051002914761,5463
280,1.0,75,25,75,75,0,0,0,0,4.104639999999997,852.2039144875624,0.9990305192538876,120919.41640747292,1.5253304983789369,16.5819211715456,0.22109228228727465,0.13629675678798012,0.7246191733852085,5482
281,1.0,75,25,75,75,0,0,0,0,2.9463999999999966,855.1503144875625,0.9990333307555487,120853.60696140295,1.5249571035821368,16.497168440850505,0.2199622458780067,0.13688598025477555,0.7208365997435935,5502
282,1.0,75,25,75,75,0,0,0,0,3.8607999999999962,859.0111144875625,0.9990361259976096,120659.6727934429,1.5257270389309412,16.392264001259267,0.21856352001679022,0.13727545027545707,0.7171106614623163,5523
283,1.0,74,26,75,73,0,1,1,0,2.9748479999999957,861.9859624875625,0.9989620175303706,120582.01005970528,1.5256475361169353,16.30835388748453,0.2203831606416828,0.13629780430200744,0.7233321600536387,5542
284,1.0,74,26,74,73,1,0,0,4,2.9138879999999965,864.8998504875625,0.998926627309668,120513.37497774129,1.525324598471523,16.215325161182545,0.21912601569165602,0.13643441995011008,0.7206334379871121,5560
285,1.0,74,26,74,73,1,0,0,4,2.966719999999996,867.8665704875625,0.9988914373088685,120437.86862452717,1.5251140020784177,16.12173229131185,0.21786124717988983,0.13657268302490294,0.7178866729072638,5574
286,1.0,74,26,74,73,1,0,0,4,3.1536639999999956,871.0202344875626,0.998856445833651,120337.04367575939,1.5252129328818609,16.023297023358495,0.21653104085619587,0.13672011246615887,0.7149598017702855,5589
287,1.0,74,26,74,73,1,0,0,4,2.5521919999999962,873.5724264875626,0.9988216512087578,120319.73172804405,1.5245857450011444,15.936368759133037,0.2153563345828789,0.13701268458991156,0.7118612806167108,5607
288,1.0,73,27,74,72,1,1,0,4,2.4641374518978076,876.0365639394604,0.9987491471457812,120310.04679307372,1.5239425588831383,15.851586403328197,0.2171450192236739,0.1358778241433923,0.7186183714267939,5624
289,1.0,73,27,73,72,1,0,0,4,2.698495999999996,878.7350599394604,0.9987147987147987,120268.33208098127,1.523737560437478,15.763807161330352,0.21594256385384045,0.13614357708815128,0.7155725629786298,5641
290,1.0,72,28,73,71,1,1,0,4,2.9446324729086517,881.679692412369,0.998642943305187,120188.77253491041,1.5239922435582034,15.672141186599912,0.21766862759166544,0.1349529080163448,0.7223394633090666,5659
291,1.0,72,28,72,71,1,0,0,4,3.088639999999995,884.768332412369,0.998609022556391,120090.19322639875,1.5247785291463056,15.575258551054114,0.21632303543130715,0.13521318994915957,0.7190673803578856,5673
292,1.0,72,28,72,71,1,0,0,4,2.722879999999996,887.491212412369,0.9985752849430114,120041.75197455195,1.5249019919529634,15.488040159230323,0.2151116688781989,0.13549887589835666,0.7159353218721471,5691
293,1.0,72,28,72,71,1,0,0,4,2.926079999999995,890.417292412369,0.9985417289859407,119966.22360129283,1.5253403400765464,15.395956790370665,0.2138327331995926,0.13579464642595987,0.7126113283297787,5708
294,1.0,72,28,72,71,1,0,0,4,2.462783999999996,892.8800764123689,0.9985083532219571,119953.39892715329,1.5248613473720374,15.313149302294914,0.21268262919854047,0.13610092792414893,0.7094694383503243,5725
295,1.0,72,28,72,71,1,0,0,4,3.0927039999999946,895.9727804123689,0.9984751562035109,119856.31968705007,1.5254060165178571,15.21758997333619,0.211355416296336,0.1364264655513847,0.7058910848759216,5742
296,1.0,72,28,72,71,1,0,0,4,2.5806399999999954,898.553420412369,0.9984421364985163,119828.15662822427,1.5251150001229459,15.133857369032057,0.21019246345877857,0.13676624284472155,0.7025563431591035,5762
297,1.0,72,28,72,71,1,0,0,4,2.5196799999999953,901.073100412369,0.998409292690145,119808.25967459776,1.524767430491061,15.04985429910108,0.20902575415418168,0.13715032849253478,0.6990461253317811,5781
298,1.0,72,28,72,71,1,0,0,4,2.4058879999999956,903.478988412369,0.9983766233766234,119803.56088878597,1.5242383877642298,14.968506143844847,0.20789591866451174,0.1375193111447842,0.6956241943198345,5802
299,1.0,71,29,72,70,1,1,0,4,2.9179233501602746,906.3969117625293,0.9983073299970562,119726.7980414651,1.5245046664787598,14.87753366776751,0.20954272771503535,0.13659112776556115,0.7017973398801738,5819
300,1.0,71,29,71,70,1,0,0,4,2.483103999999996,908.8800157625293,0.9982750394538848,119707.77012708252,1.523894930024457,14.795779149647881,0.20839125562884336,0.13696380083079623,0.6983391230679272,5833
301,1.0,71,29,71,70,1,0,0,4,2.621279999999995,911.5012957625293,0.9982429167581814,119670.70206822646,1.5235049695731364,14.711559924427188,0.20720506935812935,0.13732634790462886,0.694808657632028,5852
302,1.0,71,29,71,70,1,0,0,4,3.1495999999999946,914.6508957625292,0.9982109606046223,119564.74378000623,1.5239016222996495,14.614013274420067,0.20583117287915587,0.13764769835640053,0.6909827045852206,5868
303,1.0,71,29,71,70,1,0,0,4,2.6294079999999957,917.2803037625292,0.9981791697013839,119527.25851658997,1.5237044562314177,14.527341823786676,0.20461044822234756,0.13795536167470013,0.6874781164169246,5887
304,1.0,71,29,71,70,1,0,0,4,2.649727999999996,919.9300317625292,0.9981475427699684,119487.348172991,1.523401259133527,14.440965489532335,0.20339388013425824,0.13825658982965774,0.6839676803974564,5903
305,1.0,71,29,71,70,1,0,0,4,3.145535999999995,923.0755677625292,0.9981160785450329,119383.5086190366,1.5237143143938392,14.344902323258593,0.2020408777923745,0.1385973094714501,0.6800049902716675,5924
306,1.0,71,29,71,70,1,0,0,4,2.3693119999999968,925.4448797625292,0.9980847757742204,119380.42169334748,1.523018964824342,14.263425188795585,0.2008933125182477,0.13904979707496554,0.6760950851631066,5942
307,1.0,71,29,71,70,1,0,0,4,2.930143999999995,928.3750237625293,0.9980536332179931,119305.23459270863,1.5233361432957526,14.17208341388382,0.199606808646251,0.13943773220258907,0.6720480361947272,5961
308,1.0,71,29,71,70,1,0,0,4,2.6294079999999957,931.0044317625293,0.9980226496494697,119269.03483132173,1.5231884187197766,14.086315117209592,0.19839880446774075,0.13975677452299015,0.6683542938911387,5981
309,1.0,71,29,71,70,1,0,0,4,2.739135999999996,933.7435677625293,0.9979918238542638,119219.02741107934,1.5229360735548076,14.000174676414197,0.19718555882273517,0.14008772937872985,0.6645757429887023,6001
310,1.0,71,29,71,70,1,0,0,4,3.1699199999999945,936.9134877625294,0.9979611546303251,119114.51959829849,1.5233499710398004,13.902082629071868,0.1958039806911531,0.1404400229575254,0.660308005135555,6023
311,1.0,71,29,71,70,1,0,0,4,2.430271999999996,939.3437597625293,0.9979306407877836,119104.42672050519,1.5226897690141012,13.818846547313738,0.1946316415114611,0.14086023378319232,0.6562621918091596,6047
312,1.0,71,29,71,70,1,0,0,4,2.5237439999999967,941.8675037625293,0.9979002811487954,119082.56687055064,1.5220299979684264,13.735714892680578,0.19346077313634616,0.14126563091042585,0.6522321705082652,6069
313,1.0,70,30,71,69,1,1,0,4,2.901766998670148,944.7692707611994,0.9978345757898474,119008.95115842459,1.5218603733911633,13.641736023921954,0.19488194319888502,0.14076416470985703,0.6571492888528472,6091
314,1.0,68,32,70,64,1,2,3,4,2.2675444127736033,947.0368151739731,0.9976274787535411,118994.31806069566,1.5209420644743985,13.567166559593739,0.1995171552881432,0.13915588924700328,0.6727415113578713,6110
315,1.0,65,35,68,62,1,3,2,3,2.390642832345983,949.4274580063191,0.9974212236823513,118955.90236789666,1.520061500469536,13.490394273060959,0.20754452727786088,0.13584311414147074,0.7000824514422896,6133
316,1.0,64,36,65,57,1,2,5,3,2.1786080310507985,951.6060660373698,0.997145173228069,118923.15952886734,1.5191207579902124,13.418557338084133,0.2096649584075646,0.13472997271081935,0.7077490011519665,6157
317,1.0,62,38,64,55,1,3,5,3,2.2749243756211466,953.880990412991,0.996835109188733,118870.17472788476,1.5185466851678189,13.347168647134112,0.2152769136634534,0.13172183216722275,0.7275971724064255,6174
318,1.0,60,40,62,55,1,2,4,3,2.4588212334527646,956.3398116464438,0.9965963718025194,118794.59436537666,1.5183420108064634,13.27287437271397,0.22121457287856613,0.12832276265002923,0.7482251972550296,6191
319,1.0,59,41,60,46,1,2,11,3,1.4630399999999988,957.8028516464437,0.996113309289541,118805.24244043944,1.5171313418291357,13.223237310507681,0.22412266627979124,0.12622381402454025,0.7591954732367072,6208
320,1.0,59,41,59,46,13,0,0,16,1.4061439999999992,959.2089956464438,0.9956670626878189,118822.90566216769,1.5158228539967045,13.1493152989744,0.22286975083007457,0.1259323751755206,0.7579888601846103,6215
321,1.0,59,41,59,48,11,0,0,16,1.4264639999999993,960.6354596464438,0.9952923946019459,118846.33120041067,1.5145092442167236,13.075053086442852,0.22161106926174326,0.1257826468834851,0.7563436536070802,6222
322,1.0,59,41,59,49,10,0,0,16,1.4630399999999992,962.0984996464438,0.9949540645879733,118869.32579359286,1.513130381697348,12.996761536138386,0.220284093832854,0.12546265576510388,0.7550666325575714,6230
323,1.0,57,43,59,47,10,2,0,16,1.533809718848045,963.6323093652918,0.9945476645250911,118875.21712036729,1.5119446651008366,12.915292946849586,0.2265840867868348,0.12029958292072183,0.7801021801869411,6237
324,1.0,55,45,57,45,10,2,0,16,1.5072777082788948,965.1395870735707,0.9941425204491889,118876.06884707983,1.5107764754537887,12.836960581093992,0.233399283292618,0.11421715698051332,0.8067919520407556,6240
325,1.0,53,47,55,40,10,2,3,16,1.2113651034057105,966.3509521769764,0.9936347597467742,118892.62357653145,1.509572610567668,12.760262343728773,0.24075966686280706,0.1064873247448229,0.8363813812928815,6246
326,1.0,52,48,53,38,11,1,3,16,1.113536,967.4644881769764,0.993128453038674,118912.89179697026,1.5083239545491995,12.690605863971099,0.24405011276867494,0.10191524883918868,0.8515062563507984,6254
327,1.0,52,48,52,40,12,0,0,20,1.1541759999999996,968.6186641769764,0.9927271473872881,118936.38256277815,1.5070553921206533,12.618973965601867,0.24267257626157437,0.10158300229423409,0.8508995421339385,6257
328,1.0,52,48,52,42,10,0,0,20,1.1419839999999999,969.7606481769764,0.9923960913845307,118969.56245531753,1.5056707876805133,12.550506827733457,0.2413559005333357,0.10138076316287536,0.850022622548713,6260
329,1.0,52,48,52,42,10,0,0,20,1.1663679999999996,970.9270161769764,0.9920662178870724,118999.67564497131,1.5043585879760157,12.477254369868632,0.23994719942055062,0.10105753151252338,0.8493430597077113,6263
330,1.0,52,48,52,40,12,0,0,20,1.1379199999999998,972.0649361769764,0.9916689522764673,119024.9701373195,1.503091533883539,12.40690815042874,0.2385943875082449,0.10081931622269746,0.8484981464491334,6266
331,1.0,52,48,52,43,9,0,0,20,1.1826239999999995,973.2475601769764,0.9913757700205339,119057.06702098457,1.5017671071050454,12.332498182251111,0.23716342658175213,0.10050719136637315,0.847747224743303,6269
332,1.0,52,48,52,41,11,0,0,20,1.1460479999999997,974.3936081769764,0.9910153047280678,119085.3460308462,1.5004645268301435,12.2606776611546,0.23578226271451155,0.1002471755609551,0.8469062783284053,6272
333,1.0,51,49,52,40,11,1,0,20,1.105431144955182,975.4990393219316,0.9906220160960305,119114.41766336102,1.4991682363434904,12.193890477011095,0.2390958917060999,0.09545426703872605,0.8625265207444018,6275
334,1.0,51,49,51,42,9,0,0,20,1.1338560000000002,976.6328953219316,0.990331914893617,119148.14722848593,1.4978157634435636,12.123037659613107,0.2377066207767276,0.09523392363146399,0.861690474623163,6278
335,1.0,51,49,51,40,11,0,0,20,1.1419839999999999,977.7748793219316,0.989974852171549,119172.62599424439,1.4965114082647533,12.052458124954855,0.23632270833244814,0.0950499203080657,0.8607570564412866,6281
336,1.0,51,49,51,40,11,0,0,20,1.1176000000000001,978.8924793219317,0.9896190250025444,119200.0168198511,1.4952295772520627,11.984009975912343,0.23498058776298714,0.09488603600816059,0.8598027580773004,6284
337,1.0,51,49,51,40,11,0,0,20,1.0972800000000003,979.9897593219316,0.9892644269845571,119229.81734099545,1.4939159188614732,11.918107181185443,0.23368837610167534,0.09472154994401298,0.8588891279571276,6287
338,1.0,51,49,51,41,10,0,0,20,1.1216639999999998,981.1114233219316,0.9889448595287197,119260.66420042713,1.4926111286128019,11.849135671580758,0.23233599356040702,0.0946809169427096,0.8575812427408471,6290
339,1.0,51,49,51,40,11,0,0,20,1.1135359999999999,982.2249593219316,0.9885926425919676,119288.35536910573,1.4912957990594204,11.78270427377231,0.2310334171327904,0.0945788755935482,0.8564676901692152,6293
340,1.0,51,49,51,41,10,0,0,20,1.1338559999999998,983.3588153219316,0.9882753276506856,119317.58598369599,1.489974444017784,11.711791133289745,0.22964296339783816,0.09450597278135843,0.8551682446864375,6296
341,1.0,51,49,51,40,11,0,0,20,1.1257279999999998,984.4845433219316,0.9879254675097539,119343.67156598365,1.488660797952995,11.643178403075211,0.22829761574657276,0.09443018536123016,0.8539069715766573,6299
342,1.0,51,49,51,39,12,0,0,20,1.109472,985.5940153219316,0.9875432293590303,119367.60793091037,1.487387166518856,11.574792988911373,0.22695672527277205,0.094414438364291,0.8524730472615152,6302
343,1.0,49,51,51,38,11,2,0,20,1.1066783001943157,986.7006936221259,0.9871287792451565,119387.77459207254,1.486157530475659,11.506282327102305,0.23482208830821028,0.08442220620720564,0.8855423468343009,6305
344,1.0,49,51,49,38,11,0,0,20,1.0891519999999997,987.7898456221259,0.9867817822842418,119410.01471392119,1.4850425674083985,11.439365868424833,0.2334564462943844,0.08443839940908911,0.884315427589792,6308
345,1.0,49,51,49,40,9,0,0,20,1.1297919999999995,988.9196376221258,0.9865027395429641,119435.38737283276,1.4839042156554774,11.365972344517902,0.23195861927587555,0.08463953905629655,0.8824994277736677,6311
346,1.0,48,52,49,38,10,1,0,20,1.0798244106142596,989.9994620327401,0.9861579000033355,119458.65077256871,1.482806566151999,11.295416476142357,0.23532117658629917,0.07886969672222706,0.899013246620384,6314
347,1.0,48,52,48,37,11,0,0,20,1.040384,991.0398460327401,0.9858137134103699,119482.58233411952,1.4816032275722602,11.230229280924377,0.23396311001925785,0.07913556086398442,0.8973390740092855,6316
348,1.0,48,52,48,37,11,0,0,20,1.0119360000000004,992.0517820327401,0.98547062539482,119509.89066021075,1.4803879480708215,11.167735000767339,0.23266114584931952,0.07938723222777264,0.8957146562687979,6318
349,1.0,48,52,48,37,11,0,0,20,1.0403840000000002,993.0921660327401,0.9851286307053941,119533.71908492777,1.479164332776616,11.102144043673764,0.23129466757653674,0.07954606129692014,0.8942315567920596,6320
350,1.0,48,52,48,38,10,0,0,20,1.064768,994.1569340327401,0.984820866337454,119558.58872084842,1.477955332299784,11.033821125436544,0.22987127344659472,0.07984637191762889,0.8923362489733561,6322
351,1.0,47,53,48,35,12,1,0,20,1.0133683845308898,995.1703024172709,0.9844148108930876,119577.52327511054,1.476835740498686,10.968604634950147,0.23337456670106702,0.07351500196769174,0.9097273581157307,6324
352,1.0,47,53,47,36,11,0,0,20,1.0281920000000002,996.1984944172709,0.9840755913836395,119598.65495449641,1.4756738379956953,10.901367572638742,0.23194399090720724,0.07384708823365993,0.90796180742865,6326
353,1.0,47,53,47,37,10,0,0,20,1.0322560000000003,997.2307504172709,0.9837704106877784,119623.26668134201,1.4744923136393115,10.834143268529878,0.23051368656446547,0.07426730726009116,0.9059603284861574,6328
354,1.0,47,53,47,37,10,0,0,20,1.048512,998.2792624172708,0.983466174823793,119645.87916089082,1.4733050068616318,10.765708104361392,0.22905761924173176,0.07468775049942578,0.9038987454588944,6330
355,1.0,47,53,47,36,11,0,0,20,1.0038080000000003,999.2830704172709,0.9831299944095498,119669.79481606276,1.4721364060596518,10.702977118262195,0.2277229174098339,0.07504490468791258,0.902038786829003,6332
356,1.0,47,53,47,36,11,0,0,20,1.0119360000000002,1000.2950064172709,0.9827948515891778,119692.68988838252,1.4709501143352135,10.638668192899246,0.22635464240211162,0.07542419494765214,0.9000652460838693,6334
357,1.0,47,53,47,36,11,0,0,20,1.064768,1001.3597744172708,0.9824607415664033,119709.22246178507,1.4697981345776527,10.567392466263282,0.22483813758006976,0.07604023360726586,0.8973606383771223,6336
358,1.0,47,53,47,35,12,0,0,20,1.0363200000000001,1002.3960944172709,0.9820949263502455,119725.12729089125,1.4686298384571927,10.4992502666726,0.22338830354622555,0.0765929432169082,0.8948071758518763,6338
359,1.0,47,53,47,37,10,0,0,20,1.0241280000000001,1003.4202224172709,0.9817956008759029,119750.42690542032,1.4674418500111748,10.432127275283836,0.22196015479327313,0.07712333032609585,0.8922741735598173,6340
360,1.0,47,53,47,38,9,0,0,20,1.0485120000000003,1004.4687344172709,0.9815298263934212,119776.74951704436,1.4662084745640498,10.362399625298888,0.22047658777231677,0.07778650490526084,0.8893035746365634,6342
361,1.0,47,53,47,36,11,0,0,20,0.9956800000000002,1005.4644144172709,0.9811997002378547,119801.35574446137,1.4650183552058014,10.299107314845871,0.2191299428690611,0.0782885132257976,0.8868064956324593,6344
362,1.0,47,53,47,36,11,0,0,20,1.048512,1006.5129264172708,0.980870583642397,119819.62360809538,1.4638735376239387,10.230961805761561,0.21768003842045872,0.07886745735414603,0.8839639297396028,6346
363,1.0,47,53,47,34,13,0,0,20,0.9875520000000002,1007.5004784172709,0.9804775052785447,119837.16393829387,1.4627547914552075,10.169533357989096,0.21637305016998076,0.07930682125002574,0.8815676381152624,6348
364,1.0,47,53,47,37,10,0,0,20,1.020064,1008.5205424172709,0.9801829268292683,119862.7047400139,1.4615920035872207,10.103048374564674,0.2149584760545675,0.07997724445437943,0.8784043097158473,6350
365,1.0,47,53,47,36,11,0,0,20,1.020064,1009.540606417271,0.9798568606496324,119884.23172943258,1.4604694143872214,10.037684463880826,0.21356775455065583,0.0805536138218894,0.8754534372115342,6352
366,1.0,46,54,47,36,10,1,0,20,1.0262199157952412,1010.5668263330662,0.9795317855526094,119904.98484863553,1.4593664168279203,9.969127303388454,0.21672015876931422,0.07561849540839569,0.8914667979355921,6354
367,1.0,46,54,46,37,9,0,0,19,1.020064,1011.5868903330662,0.9792716001549787,119930.3798411773,1.4582717020808778,9.902328138355148,0.21526800300772067,0.07626437959519877,0.8884846963967855,6356
368,1.0,46,54,46,35,11,0,0,19,1.0403839999999998,1012.6272743330662,0.9789477077825779,119945.41632309445,1.4572833293053862,9.834143843482678,0.21378573572788429,0.07690944139883867,0.8854101009475513,6358
369,1.0,46,54,46,36,10,0,0,19,0.9794240000000002,1013.6066983330662,0.9786569662631985,119971.58286343676,1.4562190170420986,9.774066086212322,0.21247969752635482,0.07742503901912196,0.8827850619105905,6360
370,1.0,46,54,46,36,10,0,0,19,1.0119360000000002,1014.6186343330662,0.9783670845387336,119993.85373010418,1.455193006268316,9.709347796948846,0.21107277819454015,0.07805594396574682,0.8796959860559427,6362
371,1.0,46,54,46,36,10,0,0,19,0.9875520000000001,1015.6061863330663,0.9780780588008731,120018.96171989813,1.454149015012821,9.647829919079271,0.20973543302346237,0.0786485879157511,0.8767183740727688,6364
372,1.0,46,54,46,35,11,0,0,19,0.9916160000000002,1016.5978023330663,0.9777578360361515,120039.60634179972,1.4531227148508732,9.586531068194372,0.20840284930857325,0.07918929421467179,0.873830891724238,6366
373,1.0,46,54,46,36,10,0,0,19,1.0160000000000002,1017.6138023330662,0.9774705581157194,120061.26461717511,1.4520688214835227,9.518584590248327,0.20692575196192012,0.07998100541077868,0.8700206931923222,6368
374,1.0,46,54,46,36,10,0,0,19,1.032256,1018.6460583330662,0.9771841247523487,120080.96335263597,1.4510035881649617,9.451027397325118,0.20545711733315472,0.08072500218742362,0.8662704855002218,6370
375,1.0,46,54,46,36,10,0,0,19,0.9672320000000003,1019.6132903330662,0.9768985322271857,120108.28140539046,1.4498760823338686,9.391927502352745,0.20417233700766832,0.08130724810121022,0.8631211130338015,6372
376,1.0,46,54,46,35,11,0,0,19,1.007872,1020.6211623330662,0.9765819155037277,120126.84483215703,1.4488038945206556,9.327347561903066,0.20276842525876226,0.0821062306472121,0.8591322452672792,6374
377,1.0,46,54,46,36,10,0,0,19,0.9753600000000002,1021.5965223330662,0.9762980402137948,120153.1106621965,1.4476852860726712,9.266788442150352,0.2014519226554424,0.08272810421328665,0.8556947366321832,6376
378,1.0,46,54,46,34,12,0,0,19,0.9794240000000003,1022.5759463330662,0.9759514581612555,120171.02538022646,1.4466489892741135,9.206130460430554,0.2001332708789251,0.08332314034656385,0.8522696589974462,6378
379,1.0,45,55,46,35,10,1,0,19,0.9810948378127172,1023.557041170879,0.9756376094404263,120192.6175597102,1.4455314116799651,9.146171958737211,0.2032482657497158,0.07939746995926988,0.8676023306578138,6380
380,1.0,45,55,45,35,10,0,0,18,0.9875520000000001,1024.544593170879,0.9753555703379898,120213.41073971006,1.4444310252937569,9.08454549241771,0.20187878872039355,0.08002124732306762,0.8642152010211386,6382
381,1.0,45,55,45,36,9,0,0,18,0.9631680000000005,1025.507761170879,0.9751059657113937,120240.92324685329,1.4433148255254433,9.027516337402208,0.20061147416449354,0.08060808073783378,0.8609906374120888,6384
382,1.0,45,55,45,35,10,0,0,18,0.9550400000000003,1026.462801170879,0.974825484064563,120265.4395845458,1.4422179042414263,8.970994236939882,0.19935542748755294,0.08117557206142036,0.8577772388273844,6386
383,1.0,45,55,45,35,10,0,0,18,0.9997440000000003,1027.462545170879,0.9745457986373959,120284.67663455887,1.4411401729244901,8.908408135205526,0.19796462522678943,0.081924052177662,0.8537837758334366,6388
384,1.0,45,55,45,36,9,0,0,18,0.9956800000000002,1028.458225170879,0.9742984030993103,120308.24098804971,1.4400475250884155,8.84445924955294,0.1965435388789543,0.08273634639535864,0.8494699650673686,6390
385,1.0,45,55,45,34,11,0,0,18,0.9550400000000003,1029.413265170879,0.9739888029187898,120328.73889519808,1.438973120782238,8.78881223701941,0.19530693860043133,0.08332752120155523,0.8460026331209631,6392
386,1.0,45,55,45,35,10,0,0,18,0.9631680000000002,1030.376433170879,0.9737114859135023,120352.13151991254,1.437891167068996,8.73228723478403,0.19405082743964508,0.08390472359934485,0.8424904743824128,6394
387,1.0,45,55,45,34,11,0,0,18,1.0119360000000002,1031.388369170879,0.9734035880065236,120365.9103697261,1.4368295013285044,8.67060273242841,0.19268006072063137,0.08464434106634669,0.8382338958363905,6396
388,1.0,44,56,45,35,9,1,0,18,0.932871040873067,1032.3212402117522,0.9731278774781547,120392.75678809686,1.435733411202453,8.615336960979933,0.19580311274954393,0.08113920660972138,0.8534457980822445,6398
389,1.0,44,56,44,35,9,0,0,17,0.9347200000000002,1033.2559602117522,0.9728833703437275,120419.33924533176,1.4346636848727858,8.56069810493033,0.19456132056659844,0.08179811641905908,0.8497940072946546,6400
390,1.0,44,56,44,34,10,0,0,17,0.9550400000000001,1034.2110002117522,0.9726083018396476,120439.63946863516,1.433646935881628,8.504172695246336,0.19327665216468945,0.08255237572413389,0.8457147920821625,6402
391,1.0,44,56,44,36,8,0,0,17,0.9875520000000001,1035.1985522117523,0.9723963694207917,120463.84699202275,1.4325975286751589,8.44457239416061,0.19192209986728662,0.08340941870243143,0.841129555994027,6404
392,1.0,44,56,44,35,9,0,0,17,0.967232,1036.1657842117522,0.9721538701136895,120486.51084823576,1.43157684547714,8.38616538579844,0.19059466785905546,0.08424023086465666,0.8365737432337029,6406
393,1.0,44,56,44,35,9,0,0,17,0.9469120000000001,1037.1126962117523,0.9719120345889453,120511.49354985952,1.4305515554770196,8.331536626651113,0.18935310515116166,0.08491596064447413,0.8325631721146087,6408
394,1.0,44,56,44,35,9,0,0,17,0.9347200000000001,1038.0474162117523,0.9716708601248719,120537.84638916324,1.4295277803336335,8.277339808636471,0.18812135928719254,0.08561578658578133,0.8284149604446998,6410
395,1.0,43,57,44,34,9,1,0,17,0.9579130261421424,1039.0053292378946,0.9713993237584142,120557.61070241826,1.428558569402574,8.22271003607207,0.19122581479237374,0.08234050118935148,0.843589732944769,6412
396,1.0,43,57,43,34,9,0,0,16,0.9225280000000001,1039.9278572378946,0.9711586121437422,120581.4414213873,1.4275012912229132,8.169904080368916,0.189997769310905,0.0830512507393312,0.8395803340659173,6414
397,1.0,43,57,43,34,9,0,0,16,0.9225280000000002,1040.8503852378947,0.9709185409770132,120605.22989700259,1.426425195943579,8.116930904804713,0.18876583499545843,0.08379430907502129,0.8353851493650207,6416
398,1.0,43,57,43,34,9,0,0,16,0.9387840000000003,1041.7891692378946,0.970679107705617,120627.0939559974,1.425375360793219,8.062158427339687,0.18749205644976016,0.08459975036796824,0.8308425440540497,6418
399,1.0,42,58,43,34,8,1,0,16,0.9144792001436408,1042.7036484380383,0.9704403097904903,120651.73090019719,1.4242935580472993,8.011336282669506,0.1907461019683216,0.08120906245695722,0.8465549737568322,6420
400,1.0,42,58,42,34,8,0,0,15,0.9184640000000003,1043.6221124380384,0.9702320421558658,120675.8638965474,1.4232418383293088,7.962358155958434,0.1895799560942484,0.08181021794004636,0.8430127427577855,6422
401,1.0,42,58,42,34,8,0,0,15,0.8900160000000003,1044.5121284380384,0.9700243129289385,120703.2417981913,1.422200123909102,7.9141015444683,0.18843098915400716,0.08243260978391861,0.8393637203406821,6424
402,1.0,42,58,42,33,9,0,0,15,0.9022080000000002,1045.4143364380384,0.9697863838942677,120725.33884509277,1.4211671524691984,7.86554206258709,0.18727481101397833,0.08305302126641527,0.8356478352230537,6426
403,1.0,42,58,42,34,8,0,0,15,0.9062720000000003,1046.3206084380383,0.9695797648647819,120750.75171137846,1.420121517772777,7.816874393691953,0.18611605699266556,0.08368195835115111,0.8318357852512702,6428
404,1.0,42,58,42,34,8,0,0,15,0.8818880000000002,1047.2024964380382,0.969373677917778,120778.93285225154,1.4190515268214452,7.7697741998604215,0.18499462380620052,0.0842739723565536,0.8281407633874016,6430
405,1.0,42,58,42,34,8,0,0,15,0.8818880000000002,1048.0843844380381,0.9691681210005817,120807.06656829828,1.4179943622873665,7.724171654431825,0.18390884891504347,0.08477526345788412,0.8247508847693115,6432
406,1.0,42,58,42,34,8,0,0,15,0.9225280000000001,1049.0069124380382,0.9689630920710638,120830.47165572122,1.416964988183506,7.671777553546999,0.18266137032254756,0.08554499935302477,0.8201232758780951,6434
407,1.0,42,58,42,34,8,0,0,15,0.8981440000000002,1049.9050564380382,0.9687585890975722,120856.64243820937,1.4159280840835582,7.622187145598224,0.18148064632376723,0.08624789324264184,0.8157548650891673,6436
408,1.0,40,60,42,32,8,2,0,15,0.8738918928598796,1050.778948330898,0.968493610272364,120877.94507280302,1.4149381512229076,7.57633986415349,0.18940849660383727,0.07875087798328191,0.8526116498937215,6438
409,1.0,39,61,40,32,7,1,0,13,0.8415610462211416,1051.620509377119,0.9682882992658483,120902.9292090434,1.4139361867752167,7.537077616254227,0.19325840041677508,0.07402972777239443,0.8720405862363205,6440
410,1.0,39,61,39,32,7,0,0,12,0.8290560000000002,1052.4495653771191,0.9681129434674132,120929.31023672876,1.4129403052890903,7.498068336217469,0.19225816246711458,0.07444656566348705,0.8696099996593757,6442
411,1.0,38,62,39,32,6,1,0,12,0.8013379067863994,1053.2509032839055,0.967938003342957,120958.83288851938,1.4119262644419894,7.461934633516218,0.19636670088200578,0.06887465084280603,0.8904544271998749,6444
412,1.0,38,62,38,32,6,0,0,11,0.8209280000000001,1054.0718312839056,0.9677928543241356,120986.06206435221,1.4109388609023876,7.425603885340097,0.19541062856158148,0.06921985087332552,0.8885119707514649,6446
413,1.0,38,62,38,32,6,0,0,11,0.8046720000000002,1054.8765032839055,0.9676480397804796,121015.11371482613,1.4099497445667766,7.389285198701338,0.19445487365003525,0.06960594414281775,0.8864216982078388,6448
414,1.0,38,62,38,32,6,0,0,11,0.816864,1055.6933672839054,0.9675035585571944,121042.7231619002,1.4089720236959478,7.352938130071444,0.19349837184398538,0.06995898134459458,0.8843945327454551,6450
415,1.0,38,62,38,32,6,0,0,11,0.804672,1056.4980392839054,0.9673594095047947,121071.68706787073,1.4079953699968069,7.317083266073411,0.1925548227914055,0.07032764042197388,0.8823040390074989,6452
416,1.0,38,62,38,32,6,0,0,11,0.804672,1057.3027112839054,0.9672155914790754,121100.60688723504,1.4070253665290984,7.280773132280262,0.19159929295474373,0.07072544310231678,0.8800814382140009,6454
417,1.0,38,62,38,32,6,0,0,11,0.8087360000000001,1058.1114472839054,0.9670721033410798,121129.01748582143,1.40606706670687,7.244378477817773,0.1906415388899414,0.07112358496618953,0.8778206029189954,6456
418,1.0,38,62,38,32,6,0,0,11,0.804672,1058.9161192839053,0.966928943957071,121157.8496762902,1.4051076380942222,7.2084980086870285,0.1896973160180797,0.07149135489230554,0.8756325874211134,6458
419,1.0,38,62,38,32,6,0,0,11,0.820928,1059.7370472839054,0.9667861121985004,121184.7791196404,1.404167716720338,7.172183632570055,0.18874167454131724,0.0718603116780592,0.8733943815139432,6460
420,1.0,38,62,38,32,6,0,0,11,0.8087360000000001,1060.5457832839054,0.9666436069419797,121213.06031876133,1.4032266322074405,7.136095005724338,0.18779197383485102,0.07223712332105751,0.8711046721897368,6462
421,1.0,38,62,38,32,6,0,0,11,0.804672,1061.3504552839054,0.9665014270692505,121241.7626613057,1.4022870409295818,7.099376371538227,0.18682569398784812,0.07267318712861506,0.8685738054379857,6464
422,1.0,38,62,38,32,6,0,0,11,0.8209280000000001,1062.1713832839055,0.9663595714671548,121268.56553201942,1.4013430068797927,7.0626005793349345,0.18585790998249827,0.07308069337985859,0.86609180673184,6466
423,1.0,38,62,38,32,6,0,0,11,0.7924800000000002,1062.9638632839055,0.9662180390276071,121298.57321928795,1.4003685712094598,7.027035768330529,0.18492199390343497,0.07348325623731101,0.8636276867696759,6468
424,1.0,38,62,38,32,6,0,0,11,0.7965440000000001,1063.7604072839056,0.9660768286475643,121328.07267149423,1.3994034995702274,6.991043604903782,0.1839748317079942,0.07391714703612148,0.8610104948245285,6470
425,1.0,38,62,38,31,7,0,0,11,0.8371840000000003,1064.5975912839056,0.9659060322397345,121349.13798198545,1.398484237846792,6.9537800432148344,0.18299421166354826,0.07432005940532059,0.8584101182600542,6472
426,1.0,38,62,38,32,6,0,0,11,0.8209280000000002,1065.4185192839057,0.965765496639283,121375.7764290755,1.397501667437041,6.917412017643857,0.18203715835904885,0.07470946733889013,0.8558459680162249,6474
427,1.0,38,62,38,32,6,0,0,11,0.8209280000000001,1066.2394472839057,0.9656252797421896,121402.37385677325,1.3965231751609015,6.880664051737803,0.18107010662467904,0.07513794497228715,0.8530990600618722,6476
428,1.0,38,62,38,32,6,0,0,11,0.7924800000000003,1067.0319272839058,0.9654853804655599,121432.16776073533,1.3955180114272177,6.845140422235554,0.18013527426935672,0.07555227525643617,0.8504031569188419,6478
429,1.0,38,62,38,32,6,0,0,11,0.8087360000000002,1067.8406632839058,0.9653457977314002,121460.06839741107,1.3945306239322441,6.808388061031181,0.1791681068692416,0.07602265551519559,0.8474301935427234,6480
430,1.0,38,62,38,32,6,0,0,11,0.8128000000000002,1068.6534632839057,0.9652065304665893,121487.46479616192,1.3935493153962295,6.772239122068888,0.17821681900181285,0.07642609775221311,0.8446646457000618,6482
431,1.0,38,62,38,32,6,0,0,11,0.8087360000000002,1069.4621992839056,0.9650675776028517,121515.28131337078,1.392566062193496,6.7358769213179235,0.17725991898205062,0.0768539818053703,0.8417650103545994,6484
432,1.0,38,62,38,32,6,0,0,11,0.8209280000000002,1070.2831272839057,0.9649289380767291,121541.67124928768,1.3915836193063924,6.698616381336078,0.17627937845621255,0.0773285288396123,0.8386224994956019,6486
433,1.0,38,62,38,32,6,0,0,11,0.8087360000000003,1071.0918632839057,0.9647906108295545,121569.40451473279,1.3905999868606809,6.662262216430497,0.1753226899060657,0.07778230154736329,0.8355424399073291,6488
434,1.0,37,63,38,31,6,1,0,11,0.8183484655630812,1071.9102117494688,0.9646229906154712,121592.27384099468,1.3896720772827074,6.623899263851678,0.17902430442842374,0.07383897947203018,0.8546154887265738,6490
435,1.0,37,63,37,31,6,0,0,10,0.788416,1072.6986277494689,0.9644842678022238,121618.50180950285,1.3887468545927781,6.590305160266836,0.17811635568288745,0.07421127904172123,0.8520841484338413,6492
436,1.0,37,63,37,31,6,0,0,10,0.788416,1073.487043749469,0.9643458482261542,121644.69125206859,1.387802599732344,6.555605180766342,0.17717851839909032,0.0746304833936208,0.8493123037110951,6494
437,1.0,37,63,37,31,6,0,0,10,0.7843520000000002,1074.2713957494689,0.9642077308940691,121671.30253785744,1.3868675985953476,6.522033101660298,0.17627116490973777,0.07500897103279751,0.8466846756891337,6496
438,1.0,37,63,37,31,6,0,0,10,0.8006080000000001,1075.0720037494689,0.9640699148171074,121696.03481785825,1.3859467949022908,6.488127670482911,0.1753548019049435,0.07538374280781503,0.8440188212562876,6498
439,1.0,37,63,37,31,6,0,0,10,0.7924800000000001,1075.864483749469,0.9639323990107173,121721.64987137455,1.385029100460989,6.454425327084798,0.1744439277590486,0.07576905704968108,0.8412858535501594,6500
440,1.0,37,63,37,31,6,0,0,10,0.784352,1076.6488357494688,0.9637951824946325,121748.14632921008,1.3841159946401813,6.4209813970016185,0.1735400377568005,0.076154886978971,0.838522847910413,6502
441,1.0,37,63,37,31,6,0,0,10,0.7843519999999999,1077.4331877494687,0.9636582642928492,121774.60420915524,1.383205358152817,6.387459480689716,0.172634040018641,0.07654261224678854,0.8357105815177737,6504
442,1.0,37,63,37,31,6,0,0,10,0.7924800000000001,1078.2256677494688,0.9635216434336024,121800.10542145128,1.3823077054442199,6.353768110504278,0.1717234624460616,0.0769338267535823,0.8328385221367393,6506
443,1.0,37,63,37,31,6,0,0,10,0.784352,1079.0100197494687,0.9633853189493433,121826.48686665704,1.3814113752689405,6.320333228436784,0.170819816984778,0.07733152426205686,0.8299136230618391,6508
444,1.0,37,63,37,31,6,0,0,10,0.7721600000000001,1079.7821797494687,0.9632492898767168,121854.2058459682,1.380513151633338,6.287204968024646,0.16992445859526067,0.07773636974687231,0.8269353795536325,6510
445,1.0,37,63,37,31,6,0,0,10,0.784352,1080.5665317494686,0.9631135552565377,121880.51001984475,1.379628839187157,6.253560209802343,0.16901514080546873,0.07813231148458616,0.8239249645836286,6512
446,1.0,37,63,37,31,6,0,0,10,0.7924800000000001,1081.3590117494687,0.9629781141337697,121905.85972620649,1.3787553157734465,6.2198461507756075,0.16810395002096234,0.07852905705695287,0.8208662801456086,6514
447,1.0,37,63,37,31,6,0,0,10,0.784352,1082.1433637494686,0.9628429655575015,121932.08813185294,1.3778780133709572,6.18626873660137,0.16719645234057756,0.07893170632584048,0.8177493540514646,6516
448,1.0,37,63,37,31,6,0,0,10,0.7965440000000001,1082.9399077494686,0.9627081085809255,121956.90550777453,1.376994480931586,6.152471552010589,0.16628301491920508,0.07932957861023242,0.8145968040449061,6518
449,1.0,37,63,37,31,6,0,0,10,0.7884160000000001,1083.7283237494687,0.9625735422613153,121982.60126913547,1.3760903486265954,6.118850036409776,0.16537432530837232,0.07973179747209154,0.8113928630721033,6520
450,1.0,37,63,37,31,6,0,0,10,0.784352,1084.5126757494686,0.962439265660004,122008.71687235772,1.3751956506688867,6.085416776462984,0.1644707236881888,0.08014337161536372,0.8081185157789595,6522
451,1.0,37,63,37,31,6,0,0,10,0.7884160000000002,1085.3010917494687,0.9623052778423622,122034.3377582941,1.3742877766435762,6.051862676628043,0.16356385612508226,0.08055700666231322,0.8047854893782553,6524
452,1.0,37,63,37,31,6,0,0,10,0.7721600000000002,1086.0732517494687,0.9621715778777762,122061.74840090831,1.3733597739682957,6.018695767909451,0.16266745318674194,0.08097813413758,0.8013984274283675,6526
453,1.0,37,63,37,31,6,0,0,10,0.7802880000000002,1086.8535397494686,0.9620381648396265,122088.20705555868,1.3724406112567817,5.985354242161996,0.16176633086924314,0.08139332844092971,0.797980376073307,6528
454,1.0,37,63,37,31,6,0,0,10,0.7802880000000002,1087.6338277494685,0.9619050378052667,122114.627746383,1.3715087222502627,5.951988047299656,0.16086454181890958,0.08181582989365706,0.7944864271499571,6530
455,1.0,37,63,37,31,6,0,0,10,0.7843520000000003,1088.4181797494684,0.9617721958560018,122140.55449772078,1.3705837074745382,5.918547830163967,0.1599607521665937,0.0822396215317969,0.7909369828592863,6532
456,1.0,36,64,37,31,5,1,0,10,0.7815764416403416,1089.1997561911087,0.9616396380770676,122166.75521974031,1.3696614564895597,5.885946044503006,0.16349850123619458,0.07930681051496029,0.8095300772286761,6534
457,1.0,36,64,36,31,5,0,0,9,0.77216,1089.9719161911087,0.9615351295157238,122193.97401120533,1.368758436015614,5.854876278345299,0.1626354521762583,0.07966087406922172,0.8065060748415092,6536
458,1.0,36,64,36,31,5,0,0,9,0.755904,1090.7278201911088,0.9614308380210587,122222.9758260334,1.36785404693886,5.8244189949392755,0.161789416526091,0.08002543403533764,0.8034348489746795,6538
459,1.0,36,64,36,31,5,0,0,9,0.788416,1091.5162361911089,0.9613267629174952,122248.29606349279,1.3669675416160567,5.792895204689942,0.16091375568583172,0.080372791780474,0.8003343992648047,6540
460,1.0,36,64,36,31,5,0,0,9,0.7802880000000001,1092.2965241911088,0.9612229035322567,122274.48961160684,1.3660667379797569,5.761683142612655,0.16004675396146262,0.08072989998098568,0.7971722918680721,6542
461,1.0,36,64,36,31,5,0,0,9,0.7884160000000001,1093.084940191109,0.9611192591953527,122299.73635592073,1.3651727126496915,5.730350110263565,0.1591763919517657,0.08108768046154816,0.7939601792517095,6544
462,1.0,36,64,36,30,6,0,0,9,0.768096,1093.853036191109,0.9609871010370881,122323.56228211161,1.3643134449061511,5.699499025857069,0.1583194173849186,0.08145375880356177,0.7907013699210705,6546
463,1.0,36,64,36,31,5,0,0,9,0.768096,1094.621132191109,0.9608839144784044,122351.009003376,1.3634217006718885,5.668694419358516,0.15746373387106993,0.08181815545287852,0.7874113984726352,6548
464,1.0,36,64,36,31,5,0,0,9,0.7680960000000001,1095.389228191109,0.9607809409133913,122378.4172329038,1.3625350016488382,5.637821371214662,0.15660614920040727,0.08217938586730654,0.7840894858760085,6550
465,1.0,36,64,36,30,6,0,0,9,0.759968,1096.149196191109,0.960649540338517,122403.04555823228,1.3616803286049104,5.607080132366233,0.15575222589906204,0.08254886367375167,0.780700306542949,6552
466,1.0,36,64,36,31,5,0,0,9,0.7640320000000002,1096.913228191109,0.9605470202843819,122430.83276647508,1.3608068953003314,5.576281216949736,0.15489670047082602,0.08292097007872869,0.7772550098597704,6554
467,1.0,36,64,36,30,6,0,0,9,0.7721600000000001,1097.685388191109,0.9604161307839607,122454.03049548285,1.3599692243460888,5.545254106168406,0.15403483628245573,0.08329069138536763,0.7737632591539594,6556
468,1.0,36,64,36,31,5,0,0,9,0.776224,1098.461612191109,0.9603140613847252,122480.3839358866,1.3591098265279165,5.513835050352904,0.1531620847320251,0.0836820286676433,0.7701122238808253,6558
469,1.0,36,64,36,31,5,0,0,9,0.7680960000000001,1099.229708191109,0.9602122015915119,122507.60600493859,1.3582509249581338,5.48294653974744,0.15230407054854,0.08404594783172295,0.7665676570901333,6560
470,1.0,36,64,36,31,5,0,0,9,0.764032,1099.993740191109,0.9601105507593242,122535.24277018377,1.357398548477027,5.45216966385431,0.15144915732928638,0.08442685603311076,0.7629151718171915,6562
471,1.0,36,64,36,31,5,0,0,9,0.7599680000000001,1100.7537081911091,0.9600091082458088,122563.29367420767,1.356547859358437,5.421487480853729,0.15059687446815917,0.08481087209434343,0.7592122671056563,6564
472,1.0,36,64,36,31,5,0,0,9,0.7559040000000001,1101.5096121911092,0.9599078734112428,122591.758170306,1.355680434395569,5.391018018401032,0.14975050051113978,0.08519540623666322,0.7554781388393788,6566
473,1.0,36,64,36,31,5,0,0,9,0.7802880000000001,1102.2899001911092,0.9598068456185201,122617.47111768572,1.3548094293319206,5.359771938453503,0.1488825538459306,0.08557365605221345,0.7516740471890548,6568
474,1.0,35,65,36,31,4,1,0,9,0.7652123683920831,1103.0551125595011,0.9597060242331376,122644.82387112139,1.353932811712515,5.329401897666276,0.15226862564760787,0.08336502350983216,0.769383749292488,6570
475,1.0,34,66,35,31,3,1,0,8,0.7539647950283566,1103.8090773545296,0.959632611407189,122673.38870280793,1.3530333987355403,5.301124107533741,0.15591541492746297,0.08071258132923384,0.7886552119541903,6572
476,1.0,34,66,34,31,3,0,0,7,0.7315200000000001,1104.5405973545296,0.9595865193996035,122704.40790009066,1.352157850674326,5.2749007832198185,0.15514414068293583,0.08098557907078492,0.7858630949399603,6574
477,1.0,34,66,34,31,3,0,0,7,0.7233920000000001,1105.2639893545297,0.9595405160706202,122736.288621167,1.3512811471003685,5.248973976762149,0.15438158755182793,0.0812673712598354,0.7830221247123981,6576
478,1.0,34,66,34,31,3,0,0,7,0.7396480000000001,1106.0036373545297,0.9594946011645655,122766.32319652643,1.3504200524135546,5.2224831795158355,0.15360244645634807,0.08154316171530454,0.7801379661150947,6578
479,1.0,34,66,34,31,3,0,0,7,0.7396480000000001,1106.7432853545297,0.959448774426748,122796.3176270503,1.3495611271338408,5.1961746621107165,0.15282866653266813,0.08181996549233794,0.7772292875800035,6580
480,1.0,34,66,34,31,3,0,0,7,0.7477760000000001,1107.4910613545296,0.9594030356034532,122825.37055750987,1.348690263765771,5.169537801804019,0.1520452294648241,0.08209107380963497,0.7742903516995425,6582
481,1.0,34,66,34,31,3,0,0,7,0.7396480000000001,1108.2307093545296,0.9593573844419391,122855.28532168131,1.3478008087507805,5.143140031981585,0.15126882447004664,0.0823691682893385,0.771305010275263,6584
482,1.0,34,66,34,31,3,0,0,7,0.7396480000000001,1108.9703573545296,0.959311820690432,122885.16018145792,1.3469158352945976,5.116720195756635,0.15049177046343043,0.08263474694400938,0.7683390609500179,6586
483,1.0,34,66,34,31,3,0,0,7,0.7396480000000001,1109.7100053545296,0.9592663440981208,122914.99521663139,1.3460205529929594,5.090221721194872,0.14971240356455506,0.08291641973113675,0.7652651992120053,6588
484,1.0,33,67,34,30,3,1,0,7,0.7263027973194672,1110.436308151849,0.9591928503175763,122942.66586727212,1.3451465148729065,5.06445511196078,0.15346833672608426,0.08021906654865502,0.7854082216826466,6590
485,1.0,33,67,33,30,3,0,0,7,0.715264,1111.151572151849,0.959146427067247,122971.52199981488,1.3442907850306791,5.039215532002762,0.1527035009697807,0.08050843110497292,0.7824961501811979,6592
486,1.0,32,68,33,30,2,1,0,7,0.7063136777233415,1111.8578858295723,0.9591000897666068,123001.33114400813,1.3434382395013855,5.015092134703032,0.15672162920946978,0.07730761895730388,0.8042949395796171,6594
487,1.0,32,68,32,30,2,0,0,6,0.7152640000000001,1112.5731498295722,0.9590807174887892,123030.11269053882,1.3425764818388704,4.991633693591585,0.155988552924737,0.07752693365189478,0.8019162790479609,6596
488,1.0,32,68,32,30,2,0,0,6,0.7030720000000001,1113.2762218295723,0.9590613799283154,123060.2049281646,1.3417104196378575,4.968283346585342,0.15525885458079192,0.07775019789688166,0.7995020885073829,6598
489,1.0,32,68,32,30,2,0,0,6,0.7112,1113.9874218295722,0.9590420769919427,123089.36107626703,1.3408595069034022,4.94475498760209,0.15452359336256533,0.07797516722392257,0.797042720985541,6600
490,1.0,32,68,32,30,2,0,0,6,0.6990080000000001,1114.6864298295723,0.959022808586762,123119.82664127617,1.3399965789762514,4.921634653682841,0.15380108292758882,0.07819190710408112,0.7946176826012593,6602
491,1.0,31,69,32,30,1,1,0,6,0.6781139602581645,1115.3645437898303,0.9590035746201966,123152.56098537316,1.339129312348216,4.900351786635894,0.1580758640850288,0.07450886342778262,0.8182170066771449,6604
492,1.0,31,69,31,30,1,0,0,5,0.6868160000000001,1116.0513597898303,0.959011133123134,123184.29505420756,1.3382793334306518,4.879214306396183,0.15739400988374785,0.07466338763409741,0.8163070360175426,6606
493,1.0,31,69,31,30,1,0,0,5,0.67056,1116.7219197898303,0.9590186785614719,123217.7837307041,1.3374212677341246,4.858426700590981,0.15672344195454774,0.0748268337538306,0.8143628929257357,6608
494,1.0,31,69,31,30,1,0,0,5,0.674624,1117.3965437898303,0.9590262109690538,123250.78394542052,1.3365662318347429,4.837551425330861,0.15605004597841485,0.07498078699696882,0.8124318384641306,6610
495,1.0,31,69,31,29,2,0,0,5,0.6868160000000001,1118.0833597898302,0.9590059000333964,123278.82245372965,1.3357562534555305,4.816362278215164,0.155366525103715,0.07513588959230326,0.8104562260901956,6612
496,1.0,31,69,31,30,1,0,0,5,0.694944,1118.7783037898303,0.9590134304702055,123309.50603231927,1.3349199184034664,4.794972551000775,0.1546765339032508,0.07528923006795722,0.80845432956169,6614
497,1.0,31,69,31,30,1,0,0,5,0.694944,1119.4732477898303,0.9590209479357671,123340.15151554774,1.3340872739618967,4.773406819401667,0.15398086514198928,0.07543957216110679,0.8064323189841723,6616
498,1.0,31,69,31,30,1,0,0,5,0.707136,1120.1803837898303,0.9590284524635669,123369.41621174515,1.333266309356546,4.751510205578671,0.15327452276060233,0.07558382291849008,0.80439240101236,6618
499,1.0,31,69,31,30,1,0,0,5,0.6868160000000001,1120.8671997898302,0.9590359440869758,123400.88105525359,1.332428317358236,4.7303175669746675,0.15259088925724734,0.0757350094326445,0.802348832233341,6620
500,1.0,31,69,31,30,1,0,0,5,0.6746240000000001,1121.5418237898302,0.9590434228392496,123433.64916361962,1.3315770998858487,4.709492299773205,0.15191910644429696,0.07589200238819731,0.8002845506524034,6622
501,1.0,31,69,31,30,1,0,0,5,0.682752,1122.2245757898302,0.9590508887535301,123465.48363769635,1.3307329884230221,4.688397489429807,0.1512386286912841,0.07605427611738073,0.7981583180743758,6624
502,1.0,31,69,31,29,2,0,0,5,0.6705600000000002,1122.8951357898302,0.9590306785803203,123495.05806921131,1.3299034660715001,4.6675511712192765,0.15056616681352505,0.07621495757739834,0.7960341962886135,6626
503,1.0,31,69,31,30,1,0,0,5,0.69088,1123.5860157898303,0.9590381426202321,123525.92329340757,1.3290552094573351,4.64625865360054,0.14987931140646904,0.07637194967606319,0.7938728017099123,6628
504,1.0,31,69,31,30,1,0,0,5,0.69088,1124.2768957898304,0.9590455938803126,123556.75058359277,1.3282100567199249,4.6249623213686,0.1491923329473742,0.07651977987512429,0.7917281782335647,6630
505,1.0,31,69,31,30,1,0,0,5,0.6786880000000001,1124.9555837898304,0.9590530323933558,123588.87942190492,1.3273633229122308,4.603980439397161,0.14851549804506972,0.0766874763973038,0.7894979431475118,6632
506,1.0,31,69,31,30,1,0,0,5,0.6908800000000002,1125.6464637898305,0.9590604581920437,123619.63056455804,1.3265234233018797,4.582604797084088,0.14782596119626093,0.07684710669013205,0.7872512652638524,6634
507,1.0,31,69,31,30,1,0,0,5,0.6868160000000001,1126.3332797898304,0.9590678713089467,123650.79013379382,1.3256854379291967,4.561442507401369,0.14714330669036674,0.07701032085759454,0.784981330375107,6636
508,1.0,31,69,31,30,1,0,0,5,0.7030720000000001,1127.0363517898304,0.959075271776524,123680.1277781622,1.324863939448426,4.539602455040843,0.14643878887228526,0.07716576002708093,0.7826715561578872,6638
509,1.0,31,69,31,30,1,0,0,5,0.682752,1127.7191037898303,0.9590826596271242,123711.6579218653,1.3240297552014928,4.518549380782595,0.14575965744459984,0.0773288044684407,0.7803633629428682,6640
510,1.0,31,69,31,30,1,0,0,5,0.6827520000000001,1128.4018557898303,0.9590900348929857,123743.14991024532,1.3231909508992568,4.4973438070824345,0.14507560668007854,0.07749559554397627,0.7780032324317608,6642
511,1.0,31,69,31,30,1,0,0,5,0.67056,1129.0724157898303,0.9590973976062369,123775.94036095374,1.322353819737965,4.476589547405224,0.14440611443242657,0.07766649685036502,0.7756355782884673,6644
512,1.0,31,69,31,30,1,0,0,5,0.682752,1129.7551677898302,0.9591047477988974,123807.35577747812,1.3215232386746794,4.4555347794741325,0.14372692837013332,0.0778338804402333,0.7732363901084224,6646
513,1.0,31,69,31,30,1,0,0,5,0.694944,1130.4501117898303,0.9591120855028775,123837.39763478113,1.32068293393969,4.434084848698774,0.14303499511931525,0.07798967634165199,0.7708338767683253,6648
514,1.0,31,69,31,30,1,0,0,5,0.674624,1131.1247357898303,0.9591194107499794,123869.62778438756,1.3198396597596043,4.413229252223551,0.14236223394269518,0.07815680791419516,0.768402934083585,6650
515,1.0,31,69,31,30,1,0,0,5,0.703072,1131.8278077898303,0.9591267235718975,123898.7052931993,1.3190080299515115,4.391527141244058,0.1416621658465825,0.07832085656888833,0.7658926684946056,6652
516,1.0,31,69,31,29,2,0,0,5,0.694944,1132.5227517898304,0.9591066888992155,123925.1041784327,1.3182025058224998,4.37010456380297,0.1409711149613861,0.07848039741039343,0.7634001941637703,6654
517,1.0,31,69,31,30,1,0,0,5,0.6949440000000001,1133.2176957898305,0.9591140001092479,123955.00045743334,1.3173711258314507,4.348653009429446,0.1402791293364337,0.07863559901656827,0.7608998812658123,6656
518,1.0,31,69,31,30,1,0,0,5,0.686816,1133.9045117898304,0.9591212989493791,123985.74883354732,1.3165422057619032,4.327347489627388,0.1395918545041093,0.07879726901666671,0.7583563001080015,6658
519,1.0,30,70,31,29,1,1,0,5,0.678150591139545,1134.5826623809699,0.9591013196640855,124013.88163708292,1.3157407545054445,4.306658658353756,0.14355528861179187,0.07596132779301341,0.7812544582394938,6660
520,1.0,30,70,30,29,1,0,0,5,0.6583680000000001,1135.24103038097,0.9591075028605678,124044.14237278132,1.3149327719390744,4.286682629241947,0.1428894209747316,0.0761261728490209,0.7789155431650979,6662
521,1.0,30,70,30,29,1,0,0,5,0.6543040000000001,1135.8953343809699,0.9591136759581882,124074.81194277997,1.314127157512381,4.266725923990101,0.14222419746633672,0.07629353329084647,0.7765429927024892,6664
522,1.0,30,70,30,28,2,0,0,5,0.6543040000000001,1136.5496383809698,0.9590926399390741,124101.92677631289,1.313362850526137,4.246754496013366,0.14155848320044553,0.07645265240153773,0.774182875058471,6666
523,1.0,30,70,30,29,1,0,0,5,0.6543040000000001,1137.2039423809697,0.9590988150885966,124132.52780714443,1.3125601728188858,4.226863827210313,0.14089546090701044,0.07661688506932338,0.7717821099443437,6668
524,1.0,30,70,30,29,1,0,0,5,0.662432,1137.8663743809698,0.9591049801770488,124162.20672384326,1.3117611144562742,4.206774344931803,0.14022581149772678,0.07678390991541285,0.7693275177867553,6670
525,1.0,30,70,30,29,1,0,0,5,0.662432,1138.5288063809699,0.9591111352289994,124191.85110428084,1.310965436597956,4.186646595711979,0.13955488652373263,0.07694812519954797,0.766857825104825,6672
526,1.0,30,70,30,29,1,0,0,5,0.674624,1139.2034303809698,0.9591172802689367,124220.1315639261,1.3101578527326416,4.166169061756063,0.13887230205853546,0.07711539927853447,0.7643185698413886,6674
527,1.0,30,70,30,29,1,0,0,5,0.6786880000000001,1139.8821183809698,0.9591234153212699,124247.93556825083,1.3093603150126296,4.145562746096431,0.13818542486988103,0.07726995484908666,0.7618016496750579,6676
528,1.0,30,70,30,28,2,0,0,5,0.6583680000000001,1140.54048638097,0.9591024738807991,124274.41348421821,1.308580797771486,4.1255245733090415,0.13751748577696804,0.07743445436138108,0.7592621455454756,6678
529,1.0,30,70,30,29,1,0,0,5,0.674624,1141.21511038097,0.959108610990913,124302.59528604073,1.3077864044885974,4.104950839054175,0.13683169463513917,0.07759668257060917,0.7566599278109268,6680
530,1.0,30,70,30,29,1,0,0,5,0.67056,1141.88567038097,0.9591147381505701,124331.18628472985,1.306993080339479,4.084579647098099,0.13615265490326997,0.07775368156251501,0.7540743349778716,6682
531,1.0,30,70,30,29,1,0,0,5,0.67056,1142.55623038097,0.9591208553839508,124359.74372361759,1.306204026128412,4.064257207457168,0.13547524024857227,0.077921440571475,0.75141541829215,6684
532,1.0,30,70,30,29,1,0,0,5,0.6583680000000001,1143.21459838097,0.9591269627151567,124389.59422088423,1.3054161449132267,4.044235839527267,0.13480786131757558,0.07808724616032399,0.7487670917653974,6686
533,1.0,30,70,30,29,1,0,0,5,0.662432,1143.8770303809702,0.9591330601682122,124418.96831567645,1.304631946697146,4.024080943002948,0.1341360314334316,0.07824708788521133,0.7461088110373894,6688
534,1.0,30,70,30,29,1,0,0,5,0.6664960000000001,1144.5435263809702,0.9591391477670635,124447.86652228118,1.3038501670703577,4.0037785669587,0.13345928556529,0.07841717067572368,0.7433601811367448,6690
535,1.0,30,70,30,29,1,0,0,5,0.666496,1145.2100223809703,0.9591452255355797,124476.73109219268,1.3030728527656392,3.9835865400163453,0.13278621800054488,0.07858658535839097,0.7405979782553958,6692
536,1.0,30,70,30,29,1,0,0,5,0.666496,1145.8765183809703,0.9591512934975528,124505.56208410501,1.3022982837508168,3.963289507523277,0.1321096502507759,0.07875055096623429,0.7378249081956122,6694
537,1.0,30,70,30,29,1,0,0,5,0.67056,1146.5470783809703,0.9591573516766982,124533.91813759982,1.3015326012507262,3.942918130804643,0.13143060436015477,0.0789139635654476,0.7350196570073002,6696
538,1.0,30,70,30,29,1,0,0,5,0.666496,1147.2135743809704,0.9591634000966547,124562.68230360505,1.3007665692353523,3.9226578354348387,0.1307552611811613,0.07908341641482308,0.7321676479893858,6698
539,1.0,30,70,30,29,1,0,0,5,0.674624,1147.8881983809704,0.959169438780985,124590.53085632883,1.300006781162154,3.9020208647444297,0.13006736215814765,0.0792556017686242,0.7292357957031954,6700
540,1.0,30,70,30,29,1,0,0,5,0.65024,1148.5384383809703,0.9591754677531764,124620.99239949259,1.299237321558425,3.8822894174587232,0.1294096472486241,0.07942828854162691,0.7263648324232653,6702
541,1.0,30,70,30,29,1,0,0,5,0.682752,1149.2211903809703,0.9591814870366402,124647.8930244167,1.2984914640065284,3.8615693622041167,0.12871897874013719,0.07958814448923236,0.7234286024466723,6704
542,1.0,30,70,30,29,1,0,0,5,0.674624,1149.8958143809703,0.9591874966547128,124675.64296438276,1.2977445456509624,3.841081086559673,0.12803603621865578,0.07975800571800518,0.7204367921999378,6706
543,1.0,30,70,30,29,1,0,0,5,0.6461760000000001,1150.5419903809702,0.9591934966306557,124706.44374525658,1.2969815004288172,3.8214139169964976,0.12738046389988322,0.07992970188675369,0.7174933784828921,6708
544,1.0,30,70,30,29,1,0,0,5,0.6624320000000001,1151.2044223809703,0.9591994869876557,124735.44855136033,1.2962102918751497,3.801319099649794,0.12671063665499313,0.08010175113850417,0.7144746374521236,6710
545,1.0,30,70,30,29,1,0,0,5,0.6543040000000001,1151.8587263809702,0.9592054677488253,124765.30038673175,1.2954371610923126,3.781423095778548,0.1260474365259516,0.08027119927941671,0.7114619246535322,6712
546,1.0,29,71,30,29,0,1,0,5,0.636525592540713,1152.495251973511,0.9592114389372032,124797.04341836696,1.2946518275564856,3.7628989655591387,0.1297551367434186,0.07824018754617641,0.7333588455876454,6714
547,1.0,29,71,29,29,0,0,0,4,0.6339840000000001,1153.129235973511,0.9592429694788751,124829.02653879691,1.293875213335188,3.7447358077525,0.12912882095698272,0.07837498358166897,0.7307854870042477,6716
548,1.0,28,72,29,28,0,1,0,4,0.6394588977598705,1153.7686948712708,0.9592478158960154,124856.91511683175,1.293127503873532,3.7264805684115996,0.1330885917289857,0.0759632276434895,0.7542726401998651,6718
549,1.0,28,72,28,28,0,0,0,4,0.6339840000000001,1154.4026788712708,0.9592781858831044,124885.3650798539,1.292367298481847,3.7085064393940703,0.13244665854978824,0.07609042475817832,0.7518521783789381,6720
550,1.0,28,72,28,28,0,0,0,4,0.617728,1155.0204068712708,0.9593085106382979,124915.54187412749,1.2916088366864642,3.690935086962085,0.1318191102486459,0.07621236567799593,0.7494749077545518,6722
551,1.0,28,72,28,28,0,0,0,4,0.6217920000000001,1155.6421988712707,0.9593387902625704,124945.24701592705,1.2908529025050492,3.673446091432666,0.13119450326545237,0.07633266390381055,0.7470915312071561,6724
552,1.0,28,72,28,28,0,0,0,4,0.6258560000000001,1156.2680548712708,0.9593690248565966,124974.48095293774,1.2901034273915697,3.6558367373794183,0.13056559776355067,0.0764501295507516,0.7446870996850166,6726
553,1.0,28,72,28,28,0,0,0,4,0.625856,1156.893910871271,0.9593992145207515,125003.68326002159,1.2893528650025445,3.638180928134468,0.12993503314765958,0.07657579089267083,0.7422138796735911,6728
554,1.0,28,72,28,28,0,0,0,4,0.638048,1157.531958871271,0.9594293593551124,125031.53704812325,1.288610203544464,3.620179170151828,0.12929211321970813,0.07669144432478367,0.7397304938519212,6730
555,1.0,28,72,28,28,0,0,0,4,0.646176,1158.178134871271,0.9594594594594594,125058.48248991392,1.2878722821325175,3.601951884663955,0.1286411387379984,0.07680779354771694,0.7371951854102464,6732
556,1.0,28,72,28,28,0,0,0,4,0.625856,1158.803990871271,0.9594895149332768,125087.59129403309,1.2871309030111264,3.584347384314579,0.12801240658266355,0.07693316697085602,0.7346569628198467,6734
557,1.0,28,72,28,28,0,0,0,4,0.62992,1159.433910871271,0.9595195258757541,125116.23011870495,1.2863917892979793,3.5665943654739767,0.12737837019549916,0.07706038502062512,0.7320689885880376,6736
558,1.0,28,72,28,28,0,0,0,4,0.6421119999999999,1160.076022871271,0.9595494923857868,125143.5226121466,1.2856586309053675,3.5483986144920605,0.126728521946145,0.07715943983582053,0.729551149933256,6738
559,1.0,28,72,28,28,0,0,0,4,0.621792,1160.697814871271,0.9595794145619783,125172.9762376725,1.2849210084641822,3.5308630576625353,0.12610225205937628,0.07727813416497747,0.7269820241775903,6740
560,1.0,28,72,28,28,0,0,0,4,0.617728,1161.315542871271,0.9596092925026399,125202.83646639976,1.2841846341882883,3.5134292325673298,0.1254796154488332,0.07740789742570901,0.7243432637353849,6742
561,1.0,28,72,28,27,1,0,0,4,0.6096,1161.925142871271,0.9596127466497837,125230.09842134103,1.283474146297664,3.4961313156616782,0.12486183270220277,0.07753138623154074,0.7217281235462746,6744
562,1.0,28,72,28,28,0,0,0,4,0.62992,1162.555062871271,0.9596425558835934,125258.58314215987,1.2827494861486106,3.4783228408555726,0.12422581574484189,0.07765040203508417,0.7190529040440421,6746
563,1.0,28,72,28,28,0,0,0,4,0.6543040000000001,1163.209366871271,0.9596723211463491,125284.41065771416,1.2820346405347751,3.459844828874411,0.12356588674551468,0.07775490858688734,0.7163495661527567,6748
564,1.0,28,72,28,27,1,0,0,4,0.621792,1163.8311588712709,0.9596757212044641,125310.27279029146,1.2813226806813576,3.442390758341394,0.12294252708362122,0.07787204003259802,0.713674977865086,6750
565,1.0,28,72,28,28,0,0,0,4,0.617728,1164.4488868712708,0.9597054182009469,125339.97983557257,1.280582942364283,3.424936319641235,0.12231915427290126,0.07800052580836637,0.7109158321853858,6752
566,1.0,28,72,28,28,0,0,0,4,0.617728,1165.0666148712708,0.9597350714886459,125369.65537900916,1.2798451175476693,3.407469636256884,0.12169534415203155,0.0781192558343128,0.7081814879783381,6754
567,1.0,28,72,28,28,0,0,0,4,0.62992,1165.6965348712708,0.9597646811639878,125397.98792156689,1.2791183209192223,3.389803763871663,0.12106442013827368,0.07824822236144799,0.705343236666771,6756
568,1.0,28,72,28,28,0,0,0,4,0.62992,1166.326454871271,0.9597942473231157,125426.28985993977,1.2783916370730433,3.3720349245890366,0.12042981873532276,0.0783670094787878,0.7025202873278847,6758
569,1.0,28,72,28,28,0,0,0,4,0.633984,1166.960438871271,0.9598237700618902,125454.12434169895,1.2776669533983378,3.35415746312734,0.1197913379688336,0.0784919888933157,0.6996243359780289,6760
570,1.0,28,72,28,27,1,0,0,4,0.621792,1167.582230871271,0.9598270440251573,125479.81300698033,1.2769758837336647,3.3365340291795698,0.11916192961355605,0.07862085055097365,0.6967127371685996,6762
571,1.0,27,73,28,27,0,1,0,4,0.6129817149940154,1168.195212586265,0.9598303131873888,125506.42086214952,1.2762776808594638,3.3194687035255415,0.12294328531576083,0.07671704616458946,0.7197452767123754,6764
572,1.0,27,73,27,27,0,0,0,4,0.621792,1168.8170045862648,0.9598586942300144,125532.0545682316,1.275573583307127,3.302140804431083,0.1223015112752253,0.07683306273569054,0.717016182428121,6766
573,1.0,27,73,27,27,0,0,0,4,0.617728,1169.4347325862648,0.9598870351969039,125558.09735125065,1.2748740643001342,3.285012995488173,0.12166714798104347,0.07695067577587919,0.7142771479715244,6768
574,1.0,27,73,27,27,0,0,0,4,0.597408,1170.0321405862649,0.9599153361728815,125586.29366059395,1.2741652849703808,3.268408523469453,0.12105216753590566,0.07707267151091343,0.7115544589647822,6770
575,1.0,27,73,27,27,0,0,0,4,0.605536,1170.637676586265,0.9599435972425319,125613.58902167878,1.273458210064827,3.251598818719838,0.12042958587851252,0.07719262830085252,0.7087916311108821,6772
576,1.0,27,73,27,27,0,0,0,4,0.601472,1171.239148586265,0.9599718184902017,125641.29211154144,1.2727569231395086,3.2350122946206468,0.11981527017113507,0.0773156489413841,0.7060153707023812,6774
577,1.0,27,73,27,27,0,0,0,4,0.597408,1171.836556586265,0.96,125669.40259058143,1.27205324284002,3.2184524023234555,0.11920194082679465,0.07743654840780702,0.7032286960676489,6776
578,1.0,27,73,27,27,0,0,0,4,0.601472,1172.438028586265,0.9600281418557991,125697.04871966863,1.271354895840087,3.201773396700689,0.11858419987780329,0.0775575485041722,0.7004005704376852,6778
579,1.0,27,73,27,27,0,0,0,4,0.6096,1173.047628586265,0.9600562441412352,125723.79535666434,1.2706542648896946,3.184773642712662,0.11795457935972824,0.07768160939076268,0.6974875383911562,6780
580,1.0,27,73,27,27,0,0,0,4,0.617728,1173.665356586265,0.9600843069397101,125749.64334746657,1.269958183956941,3.167716053582993,0.11732281679937012,0.0777993706709709,0.694574135337892,6782
581,1.0,27,73,27,27,0,0,0,4,0.6258560000000001,1174.2912125862651,0.9601123303343908,125774.59357352556,1.2692664229374693,3.1502377771989547,0.11667547322959092,0.07791899380049375,0.6915665320544558,6784
582,1.0,27,73,27,27,0,0,0,4,0.597408,1174.8886205862652,0.960140314408211,125802.563247439,1.2685566457081487,3.133677956453903,0.11606214653532973,0.07804041397849372,0.6886462410081756,6786
583,1.0,27,73,27,27,0,0,0,4,0.597408,1175.4860285862653,0.9601682592438721,125830.50449173858,1.2678492238232308,3.11715813945875,0.11545030146143519,0.0781634182512421,0.6856966685251823,6788
584,1.0,27,73,27,27,0,0,0,4,0.597408,1176.0834365862654,0.9601961649238434,125858.41734974794,1.2671449208905374,3.100625520546911,0.11483798224247818,0.07828163253357638,0.6827456509068999,6790
585,1.0,27,73,27,27,0,0,0,4,0.617728,1176.7011645862653,0.9602240315303635,125884.1279825559,1.2664454859748622,3.0834474388338666,0.11420175699384692,0.07839884669154082,0.6796829017583331,6792
586,1.0,27,73,27,27,0,0,0,4,0.597408,1177.2985725862654,0.9602518591454409,125911.98481992396,1.2657450962976313,3.0667088409127867,0.11358180892269579,0.07852416301312783,0.6766095487396286,6794
587,1.0,27,73,27,27,0,0,0,4,0.597408,1177.8959805862655,0.9602796478508545,125939.81340030198,1.265048027684986,3.0501386364596192,0.11296809764665258,0.07864310723791106,0.6735688006584882,6796
588,1.0,26,74,27,26,0,1,0,4,0.6206332003547324,1178.5166137866202,0.9602815224985122,125961.73720710711,1.2643818228870676,3.0330186967754944,0.11665456526059595,0.07706426389587716,0.6961762142652711,6798
589,1.0,26,74,26,26,0,0,0,4,0.581152,1179.0977657866201,0.9603082253768779,125987.85640213254,1.2637008237840728,3.017077991809078,0.11604146122342608,0.07718007616699166,0.69330418514807,6800
590,1.0,26,74,26,25,1,0,0,4,0.5852160000000001,1179.68298178662,0.9603090519134861,126010.12500398012,1.2630474097403825,3.00099394291736,0.11542284395836,0.07730001628147656,0.6903628595775237,6802
591,1.0,26,74,26,26,0,0,0,4,0.585216,1180.26819778662,0.9603357004519044,126035.76058303106,1.2623734136150206,2.984979848815099,0.1148069172621192,0.07741903107891415,0.6874099419563886,6804
592,1.0,26,74,26,26,0,0,0,4,0.597408,1180.86560578662,0.9603623132306263,126060.06921578397,1.2617059286209371,2.968631328693905,0.11417812802668864,0.07752311869567344,0.6844648305333371,6806
593,1.0,26,74,26,25,1,0,0,4,0.577088,1181.44269378662,0.9603631018387189,126083.13613804751,1.2610584787331447,2.9529653494692454,0.11357559036420176,0.07763997811200947,0.681521377721292,6808
594,1.0,26,74,26,26,0,0,0,4,0.597408,1182.0401017866202,0.9603896605932531,126107.39667350877,1.260394460439321,2.9366372366385622,0.11294758602456006,0.07776982800778477,0.6783808248167509,6810
595,1.0,26,74,26,26,0,0,0,4,0.577088,1182.6171897866202,0.9604161837801644,126133.79992126988,1.2597276628067022,2.9208813329596626,0.11234158972921779,0.0778914503428663,0.675343968282307,6812
596,1.0,26,74,26,26,0,0,0,4,0.597408,1183.2145977866203,0.9604426714708532,126158.01079469065,1.2590711598721411,2.904565408049807,0.11171405415576183,0.07801390639963877,0.6721908759097054,6814
597,1.0,26,74,26,26,0,0,0,4,0.5811520000000001,1183.7957497866203,0.9604691237365294,126183.9299785669,1.258409912136796,2.888690119300226,0.11110346612693177,0.07812261874404201,0.6691547341556497,6816
598,1.0,26,74,26,26,0,0,0,4,0.581152,1184.3769017866202,0.9604955406482124,126209.82372630788,1.257751433277499,2.8727174677562286,0.11048913337523958,0.07824540488679985,0.6659967668309681,6818
599,1.0,26,74,26,26,0,0,0,4,0.56896,1184.9458617866203,0.9605219222767318,126236.99092417811,1.257089088357957,2.85724267691911,0.10989394911227346,0.078364449488405,0.6629103526116398,6820
600,1.0,26,74,26,25,1,0,0,4,0.577088,1185.5229497866203,0.9605226006827691,126259.892334384,1.2564604523313174,2.84147906586524,0.1092876563794323,0.07847309197073547,0.6598117292237569,6822
601,1.0,26,74,26,26,0,0,0,4,0.5852160000000001,1186.1081657866202,0.9605489290752853,126285.27845996359,1.2558094561751807,2.825540238738679,0.10867462456687225,0.07858616989858681,0.6566329483261105,6824
602,1.0,26,74,26,26,0,0,0,4,0.581152,1186.6893177866202,0.9605752223731768,126311.07211748933,1.25514515625,2.8095756224905415,0.10806060086502083,0.07870938221340949,0.6533641105407078,6826
603,1.0,26,74,26,26,0,0,0,4,0.5974079999999999,1187.2867257866203,0.960601480646566,126335.11075483661,1.254490014103882,2.793213877103592,0.10743130296552278,0.07883777693623935,0.6499725685447661,6828
604,1.0,26,74,26,26,0,0,0,4,0.5974079999999999,1187.8841337866204,0.9606277039653892,126359.12521326971,1.253836213018934,2.7769620188450936,0.10680623149404206,0.07896273448719779,0.6465893028163652,6830
605,1.0,25,75,26,24,1,1,0,4,0.5611909835058144,1188.4453247701263,0.9606027271099287,126380.23548037559,1.253221675613858,2.7618476158433403,0.1104739046337336,0.07764585060207457,0.6693490642013092,6832
606,1.0,25,75,25,25,0,0,0,4,0.581152,1189.0264767701262,0.9606279081658741,126402.56792957574,1.2525898442548353,2.7461748102480175,0.1098469924099207,0.07775165548843678,0.6662198441624824,6834
607,1.0,25,75,25,25,0,0,0,4,0.581152,1189.6076287701262,0.9606530570530672,126424.87855889647,1.2519624200213286,2.7304915288531846,0.10921966115412739,0.07788070795360294,0.6629270653864932,6836
608,1.0,25,75,25,25,0,0,0,4,0.5527040000000001,1190.1603327701262,0.960678173833112,126450.18982418698,1.2513222195621245,2.715582598902721,0.10862330395610885,0.07799260702737235,0.6598315992344068,6838
609,1.0,25,75,25,25,0,0,0,4,0.573024,1190.7333567701262,0.9607032585674552,126473.31927316864,1.2506944193788032,2.7001938659286804,0.10800775463714722,0.07811302231361829,0.6565804809269237,6840
610,1.0,25,75,25,24,1,0,0,4,0.5648960000000001,1191.2982527701263,0.9607028102208395,126493.9318508995,1.2500975873785989,2.6849260889150433,0.1073970435566017,0.07822820208882589,0.6533517018915569,6842
611,1.0,25,75,25,25,0,0,0,4,0.577088,1191.8753407701263,0.9607278472947832,126516.58679553372,1.2494647314910827,2.6692786925538465,0.10677114770215385,0.0783510671462586,0.6499856875071374,6844
612,1.0,25,75,25,25,0,0,0,4,0.556768,1192.4321087701262,0.9607528524857376,126541.37614226936,1.2488312061630908,2.654354180631806,0.10617416722527225,0.07847221518609566,0.6467245566608585,6846
613,1.0,25,75,25,25,0,0,0,4,0.560832,1192.992940770126,0.9607778258545648,126565.71119568271,1.2481875385329355,2.6391656481404615,0.10556662592561848,0.07859167684274664,0.643400239999218,6848
614,1.0,25,75,25,25,0,0,0,4,0.5648960000000001,1193.5578367701262,0.9608027674619728,126589.59234758862,1.2475465519532056,2.6240098725288425,0.1049603949011537,0.07871061095103299,0.640056695320091,6850
615,1.0,25,75,25,24,1,0,0,4,0.54864,1194.1064767701262,0.9608022573019142,126611.82477540882,1.2469257211177123,2.6091498673467752,0.104365994693871,0.07881876797345073,0.6368008170896367,6852
616,1.0,25,75,25,25,0,0,0,4,0.564896,1194.6713727701263,0.9608271517122243,126635.66186339867,1.2462881182232108,2.5939822706688958,0.10375929082675583,0.07893478936254623,0.6334168325236356,6854
617,1.0,25,75,25,25,0,0,0,4,0.556768,1195.2281407701262,0.9608520145218208,126660.33775146522,1.2456526462293513,2.5790070461981607,0.10316028184792642,0.0790508580557173,0.6300392010094559,6856
618,1.0,25,75,25,25,0,0,0,4,0.573024,1195.8011647701262,0.9608768457908358,126683.2684755924,1.245022305561614,2.563613162918484,0.10254452651673938,0.07916555637848775,0.6265657109707488,6858
619,1.0,25,75,25,25,0,0,0,4,0.58928,1196.3904447701261,0.960901645579249,126704.4556086588,1.2443983729205157,2.547762412929649,0.10191049651718595,0.07929457298023712,0.6228941084309023,6860
620,1.0,25,75,25,25,0,0,0,4,0.5527040000000001,1196.943148770126,0.9609264139468883,126729.49434220105,1.243767332551178,2.532808297272826,0.10131233189091304,0.07941370714769568,0.6194169716932194,6862
621,1.0,25,75,25,25,0,0,0,4,0.56896,1197.5121087701261,0.9609511509534301,126752.78929403891,1.2431421572034844,2.517464737198016,0.10069858948792064,0.07952327803214361,0.6158958220481608,6864
622,1.0,25,75,25,25,0,0,0,4,0.5648960000000001,1198.0770047701262,0.9609758566583996,126776.49215806674,1.2425215509800374,2.5022533537480687,0.10009013414992272,0.07963796270045623,0.6123403396958743,6866
623,1.0,25,75,25,25,0,0,0,4,0.556768,1198.6337727701261,0.9610005311211715,126801.03251950355,1.241898766645273,2.487289720851282,0.09949158883405128,0.07975332900861436,0.6087996133279193,6868
624,1.0,25,75,25,25,0,0,0,4,0.56896,1199.2027327701262,0.9610251744009706,126824.26068916704,1.241280862936189,2.4720028762923794,0.0988801150516952,0.07986418315298376,0.6051956221364498,6870
625,1.0,25,75,25,25,0,0,0,4,0.556768,1199.7595007701261,0.9610497865568719,126848.755856745,1.240662275842745,2.4569218655526623,0.0982768746221065,0.07998510446320654,0.6015425717942716,6872
626,1.0,25,75,25,25,0,0,0,4,0.560832,1200.320332770126,0.9610743676478013,126872.79873743899,1.240046422551293,2.441770145976193,0.09767080583904772,0.0801041572336599,0.5978584534594988,6874
627,1.0,25,75,25,25,0,0,0,4,0.556768,1200.877100770126,0.9610989177325361,126897.2486046017,1.2394300974298804,2.4267941509412787,0.09707176603765115,0.08021756858723762,0.5942145844983278,6876
628,1.0,25,75,25,25,0,0,0,4,0.5852160000000001,1201.4623167701259,0.9611234368697055,126918.67058297037,1.2388246015462838,2.411052102080989,0.09644208408323957,0.08033995737423454,0.5903351716833608,6878
629,1.0,25,75,25,25,0,0,0,4,0.581152,1202.0434687701259,0.9611479251177908,126940.50087566371,1.23820509089954,2.39537833061367,0.0958151332245468,0.08046467509319051,0.5864247171434708,6880
630,1.0,25,75,25,25,0,0,0,4,0.5730240000000001,1202.616492770126,0.9611723825351262,126963.16815703736,1.2375876693124026,2.3797821606467506,0.09519128642587002,0.08059383541264374,0.5824727255784975,6882
631,1.0,25,75,25,25,0,0,0,4,0.560832,1203.1773247701258,0.9611968091798988,126987.10061643746,1.2369686088273373,2.3647257005927154,0.09458902802370861,0.08071119379932531,0.5786730310090719,6884
632,1.0,25,75,25,25,0,0,0,4,0.54864,1203.7259647701258,0.9612212051101499,127012.29721267735,1.2363457861367042,2.3500288825170417,0.09400115530068166,0.08082904646049209,0.574917032510311,6886
633,1.0,25,75,25,25,0,0,0,4,0.577088,1204.3030527701258,0.9612455703837745,127034.46997672101,1.2357365284624071,2.3344792343528113,0.09337916937411245,0.08095521365984815,0.5709049851599667,6888
634,1.0,25,75,25,24,1,0,0,4,0.581152,1204.8842047701257,0.9612447882654342,127052.87312585046,1.235162756193247,2.3187666413611843,0.09275066565444735,0.08107232353454337,0.5668833545210968,6890
635,1.0,25,75,25,25,0,0,0,4,0.560832,1205.4450367701256,0.9612691081603454,127076.71882779645,1.2345534585495554,2.3037700872669116,0.09215080349067645,0.08119504246625114,0.5629502986459152,6892
636,1.0,25,75,25,25,0,0,0,4,0.573024,1206.0180607701257,0.9612933975516756,127099.2574540033,1.2339486677020075,2.2882833214509946,0.09153133285803979,0.08128948200221864,0.5590554240813878,6894
637,1.0,25,75,25,25,0,0,0,4,0.573024,1206.5910847701257,0.9613176564967786,127121.77467250392,1.2333363988277082,2.2726847840145714,0.09090739136058286,0.0814265299369082,0.5548484780395949,6896
638,1.0,25,75,25,25,0,0,0,4,0.5648960000000001,1207.1559807701258,0.9613418850528637,127145.12659920075,1.2327158192341037,2.2574768256063806,0.09029907302425523,0.08154169640641046,0.5508301459308271,6898
639,1.0,25,75,25,25,0,0,0,4,0.560832,1207.7168127701257,0.9613660832769975,127168.8846060909,1.2320948834838295,2.242389923439934,0.08969559693759738,0.08166090303640544,0.5467858991673007,6900
640,1.0,25,75,25,25,0,0,0,4,0.54864,1208.2654527701256,0.9613902512261034,127193.90399490186,1.2314736980449372,2.2276930338121215,0.08910772135248486,0.08177921713142076,0.542806377950339,6902
641,1.0,25,75,25,25,0,0,0,4,0.56896,1208.8344127701257,0.9614143889569632,127216.76217637912,1.2308583943984641,2.2122846278941357,0.08849138511576543,0.08190503271812621,0.5385954513243126,6904
642,1.0,25,75,25,25,0,0,0,4,0.560832,1209.3952447701256,0.9614384965262158,127240.45399173809,1.2302431509819671,2.1971464824696354,0.08788585929878541,0.08203295402292159,0.5344044843646568,6906
643,1.0,25,75,25,25,0,0,0,4,0.581152,1209.9763967701256,0.9614625739903594,127261.98660654889,1.229637891204919,2.1814617526655167,0.08725847010662069,0.08214861914253041,0.5301357292146707,6908
644,1.0,25,75,25,25,0,0,0,4,0.5770879999999999,1210.5534847701256,0.9614866214057508,127283.92585583223,1.2290316235343473,2.166004618914595,0.08664018475658379,0.08228010478376027,0.5257942790371595,6910
645,1.0,25,75,25,25,0,0,0,4,0.5648960000000001,1211.1183807701257,0.9615106388286063,127307.1257509588,1.22842392820524,2.150773761089834,0.08603095044359334,0.08240560934145515,0.5215135146909969,6912
646,1.0,25,75,25,25,0,0,0,4,0.564896,1211.6832767701258,0.9615346263150022,127330.3040141487,1.2278201815608536,2.135570952987279,0.08542283811949114,0.0825281643481461,0.5172301094511889,6914
647,1.0,25,75,25,25,0,0,0,4,0.564896,1212.2481727701258,0.961558583920875,127353.46067564275,1.227217848828009,2.1203618168268306,0.08481447267307321,0.08265479358855547,0.5128938283698884,6916
648,1.0,25,75,25,25,0,0,0,4,0.560832,1212.8090047701257,0.9615825117020217,127377.02259168227,1.226616401121356,2.105359927664363,0.08421439710657452,0.08277589373893404,0.5086136542587183,6918
649,1.0,25,75,25,25,0,0,0,4,0.560832,1213.3698367701256,0.9616064097141008,127400.56272660264,1.2260168883234572,2.0900892031874236,0.08360356812749695,0.08289570583689745,0.5042513668650079,6920
650,1.0,25,75,25,25,0,0,0,4,0.5648960000000001,1213.9347327701257,0.9616302780126325,127423.65452137649,1.225420042321067,2.0747781916276478,0.08299112766510591,0.08301526379581235,0.49985460722334946,6922
651,1.0,25,75,25,25,0,0,0,4,0.5608320000000001,1214.4955647701256,0.9616541166529984,127447.1513029336,1.224823127325936,2.0596978435681654,0.08238791374272662,0.08313338686444387,0.49549630169638437,6924
652,1.0,25,75,25,25,0,0,0,4,0.560832,1215.0563967701255,0.9616779256904431,127470.62639373293,1.2242291871941953,2.044687715321923,0.08178750861287692,0.08324993709496346,0.491139503802366,6926
653,1.0,25,75,25,25,0,0,0,4,0.56896,1215.6253567701256,0.9617017051800739,127493.22736388711,1.2236398943828288,2.0293181040490955,0.08117272416196383,0.0833672640245143,0.48666494645939734,6928
654,1.0,25,75,25,25,0,0,0,4,0.560832,1216.1861887701255,0.9617254551768616,127516.6593996841,1.223033751673654,2.0142174439675675,0.0805686977587027,0.08348885706379042,0.4822060348315153,6930
655,1.0,25,75,25,25,0,0,0,4,0.5648960000000001,1216.7510847701255,0.9617491757356404,127539.6438453294,1.2224336278090635,1.9990118192037463,0.07996047276814984,0.08361818870516671,0.47765058122979726,6932
656,1.0,25,75,25,25,0,0,0,4,0.5648960000000001,1217.3159807701256,0.9617728669111089,127562.60695909108,1.221837522136669,1.983861378660321,0.07935445514641283,0.08374400861555699,0.4731059621817809,6934
657,1.0,25,75,25,25,0,0,0,4,0.5648960000000001,1217.8808767701257,0.9617965287578301,127585.54877065257,1.2212436483877778,1.9686638669635523,0.0787465546785421,0.08387159153654597,0.4685154970968196,6936
658,1.0,25,75,25,25,0,0,0,4,0.5648960000000001,1218.4457727701258,0.9618201613302321,127608.4693096423,1.2206502248898938,1.9534164075873286,0.07813665630349315,0.0839972791139229,0.4639003682364433,6938
659,1.0,25,75,25,24,1,0,0,4,0.564896,1219.010668770126,0.9618190360790326,127628.08725617347,1.2200777264370903,1.9381859860582282,0.07752743944232912,0.08412449226066672,0.45925762352012106,6940
660,1.0,25,75,25,25,0,0,0,4,0.556768,1219.5674367701258,0.9618426255436932,127651.81760862631,1.219485276879628,1.9232214703862878,0.07692885881545151,0.08424810889290656,0.454682188095885,6942
661,1.0,25,75,25,25,0,0,0,4,0.556768,1220.1242047701257,0.9618661858776458,127675.52630377439,1.2188896225598846,1.908195312557233,0.07632781250228932,0.08436997078147514,0.45007979174167095,6944
662,1.0,25,75,25,24,1,0,0,4,0.5445760000000001,1220.6687807701257,0.9618650343091277,127697.21193463888,1.2183131425687432,1.8934610703270516,0.07573844281308206,0.08448796010748083,0.44555513884148606,6946
663,1.0,25,75,25,25,0,0,0,4,0.56896,1221.2377407701258,0.961888551764967,127719.60347511029,1.2177140898385737,1.8781232569047581,0.07512493027619033,0.08460116734930358,0.4408800466267963,6948
664,1.0,25,75,25,25,0,0,0,4,0.5648960000000001,1221.802636770126,0.9619120402327187,127742.39906094152,1.2171144507423937,1.8629556602268782,0.07451822640907511,0.08472212196651091,0.43618345388477237,6950
665,1.0,25,75,25,25,0,0,0,4,0.577088,1222.379724770126,0.9619354997659464,127763.89924936755,1.2165180776542053,1.8474081784037832,0.07389632713615132,0.08485185742247023,0.4313151188922464,6952
666,1.0,25,75,25,25,0,0,0,4,0.573024,1222.952748770126,0.9619589304180824,127785.80379099719,1.2159240281121935,1.8319619275649772,0.07327847710259909,0.08496965757850147,0.426522258531948,6954
667,1.0,25,75,25,25,0,0,0,4,0.5648960000000001,1223.517644770126,0.9619823322424272,127808.53685962156,1.2153292829763278,1.8168002623021715,0.07267201049208687,0.0850862899997707,0.4217925240002382,6956
668,1.0,25,75,25,25,0,0,0,4,0.564896,1224.0825407701261,0.9620057052921503,127831.24894629559,1.2147371680017052,1.8015911261417228,0.07206364504566891,0.08521466720695212,0.4169643119649455,6958
669,1.0,25,75,25,25,0,0,0,4,0.573024,1224.6555647701261,0.9620290496202905,127853.09151752402,1.2141487163663884,1.7861972428620463,0.07144788971448186,0.08533538668138449,0.412111902536302,6960
670,1.0,25,75,25,24,1,0,0,4,0.5852160000000001,1225.240780770126,0.9620278037038856,127870.37654878227,1.2135887573428683,1.770302220889679,0.07081208883558716,0.08546448893568463,0.4070576279746446,6962
671,1.0,25,75,25,25,0,0,0,4,0.5689599999999999,1225.8097407701262,0.962051105819976,127892.6041993324,1.2130041588563045,1.7548689743364558,0.07019475897345824,0.08558754601541435,0.40214578494928166,6964
672,1.0,24,76,25,24,0,1,0,4,0.5601438651499704,1226.369884635276,0.9620498479050142,127912.46912154299,1.2124418484419965,1.739783575893806,0.07249098232890856,0.08625612814360412,0.41393594235517467,6966
673,1.0,20,80,24,19,0,5,0,4,0.4939339764001439,1226.8638186116762,0.9619495930175542,127922.91827270482,1.2119842991962355,1.726671199795853,0.08633355998979265,0.0877643486833573,0.49178225588753066,6968
674,1.0,19,81,20,17,1,2,0,4,0.38608000000000003,1227.2498986116761,0.9618947265242109,127938.08349678374,1.211543620701868,1.7167075703105072,0.09035303001634248,0.08784747874562256,0.5140575134101748,6970
675,1.0,19,81,19,19,0,0,0,5,0.43484800000000007,1227.6847466116762,0.9619124598917383,127954.6727558128,1.211061772765363,1.7053618016081102,0.0897558842951637,0.0879396162312501,0.5102201706069459,6971
676,1.0,19,81,19,19,0,0,0,5,0.4185920000000001,1228.1033386116762,0.9619301767614944,127972.94418046928,1.21057977024439,1.6944765410102234,0.08918297584264333,0.08801430112915937,0.5065950442365419,6972
677,1.0,19,81,19,19,0,0,0,5,0.42672000000000004,1228.5300586116762,0.9619478771564909,127990.35635944639,1.2100969930629848,1.6834265826032075,0.08860139908437935,0.08811400257005039,0.5027580663719546,6973
678,1.0,19,81,19,19,0,0,0,5,0.41046400000000005,1228.9405226116762,0.9619655610996967,128009.44968897337,1.2096141656779884,1.6728021906184958,0.08804222055886819,0.08817791920864798,0.49922994857743125,6974
679,1.0,19,81,19,19,0,0,0,5,0.42672000000000004,1229.3672426116761,0.9619832286140381,128026.83733921149,1.2091343866677458,1.6617167526320844,0.08745877645432024,0.08827872554499164,0.49533434109397795,6975
680,1.0,19,81,19,19,0,0,0,5,0.41046400000000005,1229.7777066116762,0.9620008797223987,128045.90549446615,1.2086532125697502,1.6510803413907813,0.08689896533635691,0.08836199356812174,0.49165286839755784,6976
681,1.0,19,81,19,19,0,0,0,5,0.41452800000000006,1230.1922346116762,0.9620185144476198,128064.53785633796,1.2081736377359207,1.640361331051277,0.08633480689743563,0.08843449867139429,0.48798765752664747,6977
682,1.0,19,81,19,19,0,0,0,5,0.42265600000000003,1230.6148906116762,0.9620361328125,128082.31169838608,1.2076977225351595,1.6293675943744697,0.08575618917760368,0.08851861340713994,0.48415301411865896,6978
683,1.0,19,81,19,19,0,0,0,5,0.40640000000000004,1231.0212906116762,0.962053734839796,128101.7649350672,1.2072187611895921,1.6187773055516965,0.08519880555535242,0.08860027658813932,0.48043621055506663,6979
684,1.0,19,81,19,19,0,0,0,5,0.434848,1231.4561386116764,0.9620713205522221,128118.24559002937,1.206751389037125,1.6074494875209655,0.08460260460636658,0.08866835003275127,0.47654824430727716,6980
685,1.0,19,81,19,19,0,0,0,5,0.42265600000000003,1231.8787946116763,0.9620888899724505,128135.98276911507,1.2062805535055245,1.5964559240620118,0.08402399600326378,0.08876002888738711,0.4726104464552679,6981
686,1.0,19,81,19,19,0,0,0,5,0.418592,1232.2973866116763,0.9621064431231114,128154.130419953,1.2058090388558702,1.5856506558457364,0.08345529767609139,0.0888317887114586,0.4688237792963101,6982
687,1.0,19,81,19,19,0,0,0,5,0.44297600000000004,1232.7403626116763,0.9621239800267933,128169.73045748429,1.2053462087013007,1.574030654797219,0.08284371867353785,0.08889670487656447,0.46479875652419056,6983
688,1.0,19,81,19,19,0,0,0,5,0.42672000000000004,1233.1670826116763,0.9621415007060428,128187.00906710632,1.2048790931028688,1.5629307598836852,0.08225951367808867,0.0889958388225785,0.4607257908501337,6984
689,1.0,19,81,19,19,0,0,0,5,0.418592,1233.5856746116763,0.9621590051833646,128205.12045082323,1.2044095484081965,1.5520613197278215,0.08168743788041165,0.08908707659009055,0.45675132143581354,6985
690,1.0,19,81,19,19,0,0,0,5,0.42265600000000003,1234.0083306116762,0.962176493481222,128222.79726553318,1.2039443588142706,1.5410896928885236,0.08110998383623809,0.08918386407558397,0.4526948730242807,6986
691,1.0,18,82,19,18,0,1,0,5,0.3988982663153122,1234.4072288779914,0.962169653059736,128239.68970425265,1.2034954822113597,1.5308252718640123,0.08504584843688957,0.089567132436854,0.47412417630867226,6987
692,1.0,18,82,18,18,0,0,0,4,0.398272,1234.8055008779913,0.9621862013657683,128256.63627785249,1.2030475660065099,1.5205316431842542,0.08447398017690301,0.08963961677185828,0.4703578934638331,6988
693,1.0,18,82,18,18,0,0,0,4,0.4023360000000001,1235.2078368779914,0.9622027352005247,128273.14988582801,1.202592362052853,1.510061516938831,0.08389230649660172,0.08971904510500821,0.4664757939628603,6989
694,1.0,18,82,18,18,0,0,0,4,0.39827200000000007,1235.6061088779913,0.9622192545829792,128290.07469374085,1.2021408532551074,1.4997767804401223,0.08332093224667347,0.08977805892106147,0.46274874917562897,6990
695,1.0,18,82,18,18,0,0,0,4,0.40640000000000004,1236.0125088779914,0.9622357595320729,128306.14484958618,1.2016893444153907,1.489233722848311,0.08273520682490618,0.0898683810344217,0.4587435451323911,6991
696,1.0,18,82,18,18,0,0,0,4,0.39014400000000005,1236.4026528779914,0.9622522500667136,128323.89159848932,1.2012350691643858,1.4791834352390896,0.08217685751328276,0.08993760969623198,0.4550008466711302,6992
697,1.0,18,82,18,18,0,0,0,4,0.39014400000000005,1236.7927968779913,0.9622687262057761,128341.62715103425,1.2007819229083958,1.4691106731130226,0.08161725961739014,0.09002237941968172,0.4511475762253749,6993
698,1.0,18,82,18,18,0,0,0,4,0.39014400000000005,1237.1829408779913,0.9622851879681024,128359.35151781321,1.2003298017466804,1.459079679961837,0.08105998222010205,0.09010251046400834,0.4473169589192876,6994
699,1.0,18,82,18,18,0,0,0,4,0.398272,1237.5812128779912,0.9623016353725015,128376.22157380231,1.199881262255499,1.4487860512820792,0.0804881139601155,0.09017581239906187,0.4434175526879203,6995
700,1.0,18,82,18,18,0,0,0,4,0.394208,1237.9754208779912,0.9623180684377497,128393.50226135479,1.1994317995801516,1.4385952820305543,0.07992196011280857,0.09025108802317773,0.43952501342794265,6996
701,1.0,18,82,18,18,0,0,0,4,0.402336,1238.3777568779913,0.9623344871825906,128409.92913252651,1.1989865262806374,1.4281117754735695,0.07933954308186497,0.0903382703855591,0.43544997978873834,6997
702,1.0,18,82,18,18,0,0,0,4,0.394208,1238.7719648779912,0.962350891625735,128427.18798182461,1.198540021136327,1.4179423416490404,0.0787745745360578,0.09041052708379732,0.43154733388417715,6998
703,1.0,18,82,18,18,0,0,0,4,0.398272,1239.170236877991,0.9623672817858612,128444.01460206417,1.1980962690313441,1.407717861996653,0.07820654788870295,0.09046495092838826,0.4277056496552054,6999
704,1.0,18,82,18,18,0,0,0,4,0.38608000000000003,1239.556316877991,0.9623836576816149,128462.09392168628,1.1976484263707878,1.3977642460858932,0.07765356922699407,0.09054787434070602,0.4237879825215994,7000
705,1.0,18,82,18,18,0,0,0,4,0.394208,1239.950524877991,0.9624000193316096,128479.31978227569,1.1972017028090465,1.3875673606567362,0.07708707559204092,0.09063493602998943,0.4197479361957772,7001
706,1.0,17,83,18,17,0,1,0,4,0.3769609081446512,1240.3274857861356,0.9623922127484843,128495.09651798567,1.1967788211763426,1.3779219998307666,0.08105423528416275,0.09135334017318852,0.4404754510214711,7002
707,1.0,17,83,17,17,0,0,0,4,0.36982400000000004,1240.6973097861357,0.9624076488483269,128511.60290456665,1.1963485964482532,1.3685862773929616,0.08050507514076244,0.09141590671651777,0.4367903666622374,7003
708,1.0,17,83,17,17,0,0,0,4,0.36982400000000004,1241.0671337861359,0.9624230722818873,128528.0994537138,1.1959194519059217,1.3591187658391235,0.07994816269641902,0.09150448143892621,0.4329024353806919,7004
709,1.0,17,83,17,17,0,0,0,4,0.37795200000000007,1241.445085786136,0.9624384830647496,128543.74456599275,1.1954925067094941,1.349475500277618,0.07938091178103636,0.09158592681284654,0.428973768261455,7005
710,1.0,17,83,17,17,0,0,0,4,0.38608000000000003,1241.831165786136,0.962453881212472,128558.53871160942,1.1950697945291218,1.3395990210389943,0.07879994241405851,0.09168241058695292,0.42486420936160413,7006
711,1.0,17,83,17,17,0,0,0,4,0.382016,1242.213181786136,0.9624692667405872,128573.74429914664,1.1946471369510863,1.3299058599552667,0.07822975646795687,0.09175449302907514,0.42093587249947384,7007
712,1.0,17,83,17,17,0,0,0,4,0.36982400000000004,1242.583005786136,0.9624846396646025,128590.20222871196,1.1942210748363487,1.3205071046677233,0.07767688850986608,0.09182617566423033,0.4171025260686226,7008
713,1.0,17,83,17,17,0,0,0,4,0.369824,1242.9528297861361,0.9625,128606.6503646034,1.1937967989264193,1.3111022332025477,0.07712366077662046,0.09190984278104013,0.413189402089974,7009
714,1.0,17,83,17,17,0,0,0,4,0.373888,1243.3267177861362,0.9625153477622361,128622.6682916885,1.1933730871330372,1.3015128098504893,0.07655957705002878,0.09198930522900121,0.40921627420650375,7010
715,1.0,17,83,17,17,0,0,0,4,0.36982400000000004,1243.6965417861363,0.962530682966742,128639.09693777312,1.1929506499900604,1.2921770874126841,0.07601041690662848,0.09205261492812285,0.40540839764084,7011
716,1.0,17,83,17,17,0,0,0,4,0.36982400000000004,1244.0663657861364,0.962546005628924,128655.51581636017,1.192529282744124,1.2827772645874298,0.07545748615220174,0.09213761971277529,0.40144981260867957,7012
717,1.0,17,83,17,17,0,0,0,4,0.373888,1244.4402537861365,0.9625613157641627,128671.50472899934,1.1921084764261758,1.2732587053590514,0.07489757090347361,0.09221507597120002,0.3974732696679561,7013
718,1.0,17,83,17,17,0,0,0,4,0.36982400000000004,1244.8100777861366,0.962576613387814,128687.90417000595,1.191687317016762,1.263858810981658,0.07434463594009753,0.09230013667867347,0.39348937127740335,7014
719,1.0,17,83,17,17,0,0,0,4,0.373888,1245.1839657861367,0.9625918985152083,128703.87380777198,1.1912692537616387,1.2542813142983262,0.07378125378225447,0.09237413456392485,0.3894833021388294,7015
720,1.0,17,83,17,17,0,0,0,4,0.37795200000000007,1245.5619177861367,0.9626071711616513,128719.41387303104,1.1908526604469256,1.2446745958539274,0.07321615269728984,0.09244272215833711,0.3854813792481402,7016
721,1.0,17,83,17,17,0,0,0,4,0.36982400000000004,1245.9317417861369,0.9626224313424236,128735.78432961366,1.1904343933793207,1.235269724388752,0.07266292496404424,0.09252701633942378,0.38146403201478507,7017
722,1.0,17,83,17,17,0,0,0,4,0.36982400000000004,1246.301565786137,0.962637679072781,128752.14507075034,1.1900170886481762,1.2258761194068446,0.07211035996510849,0.092608518539801,0.37745446979088243,7018
723,1.0,17,83,17,17,0,0,0,4,0.382016,1246.683581786137,0.962652914367954,128767.23680759802,1.1895941629153355,1.2161412609003743,0.07153772122943379,0.09268709350976341,0.3733179820950056,7019
724,1.0,17,83,17,17,0,0,0,4,0.382016,1247.065597786137,0.9626681372431486,128782.31929828423,1.1891741258369808,1.2064176425307223,0.07096574367827777,0.09276476336696332,0.36917931522366104,7020
725,1.0,17,83,17,17,0,0,0,4,0.36982400000000004,1247.435421786137,0.9626833477135461,128798.65137222731,1.1887511054454096,1.1970177481533286,0.07041280871490169,0.0928504405345524,0.3651154219128942,7021
726,1.0,17,83,17,17,0,0,0,4,0.36982400000000004,1247.8052457861372,0.9626985457943029,128814.97376518381,1.1883290497837322,1.1876128766881533,0.06985958098165608,0.0929352537702664,0.36104495351110516,7022
727,1.0,17,83,17,17,0,0,0,4,0.36982400000000004,1248.1750697861373,0.9627137315005508,128831.28648575893,1.187907856535487,1.1782771542503483,0.06931042083825578,0.09299955823919177,0.35709411956313825,7023
728,1.0,17,83,17,17,0,0,0,4,0.36982400000000004,1248.5448937861374,0.9627289048473968,128847.58954254766,1.18748772670635,1.1688835492684406,0.06875785583932004,0.09308148939389306,0.3530250211059027,7024
729,1.0,9,91,17,8,0,8,1,4,0.25548785973928373,1248.8003816458768,0.9625287136294027,128846.85364039845,1.1872821626111654,1.162379550729343,0.12915328341437146,0.09228600653628623,0.6619989218220133,7025
730,1.0,9,91,9,9,0,0,0,5,0.211328,1249.0117096458769,0.9625367814167125,128853.8760342208,1.1870445849458504,1.1569408381997763,0.1285489820221974,0.09221011639137036,0.6602661144607846,7025
731,1.0,9,91,9,9,0,0,0,5,0.18288000000000001,1249.194589645877,0.9625448457306864,128863.83061075669,1.1868020643424075,1.1523344410356928,0.12803716011507701,0.09218686958597758,0.6585874297688503,7025
732,1.0,9,91,9,9,0,0,0,5,0.195072,1249.389661645877,0.9625529065735671,128872.5246756818,1.1865615704542622,1.1473516583713597,0.12748351759681772,0.0921096269573858,0.6570138958233804,7025
733,1.0,9,91,9,9,0,0,0,5,0.19913599999999998,1249.5887976458769,0.9625609639475949,128880.79686965926,1.1863213859618247,1.1422772827620615,0.12691969808467346,0.09203088451977101,0.6553998463430041,7025
734,1.0,9,91,9,9,0,0,0,5,0.191008,1249.7798056458769,0.9625690178550087,128889.90466344828,1.1860799969132763,1.1374325931673628,0.12638139924081807,0.09203795763896311,0.6534426550239177,7025
735,1.0,9,91,9,9,0,0,0,5,0.186944,1249.966749645877,0.9625770682980452,128899.42876132207,1.1858384130534783,1.1327070497879714,0.12585633886533018,0.09203020294213109,0.6515929428270174,7025
736,1.0,9,91,9,9,0,0,0,5,0.199136,1250.1658856458769,0.9625851152789392,128907.6928512903,1.1855972397402186,1.1275964746652756,0.1252884971850306,0.09190285108428746,0.650167147951537,7025
737,1.0,9,91,9,9,0,0,0,5,0.195072,1250.3609576458769,0.9625931587999236,128916.37331949729,1.1853569809418143,1.1226481435456304,0.12473868261618112,0.09185101485527852,0.6484211274406878,7025
738,1.0,9,91,9,9,0,0,0,5,0.191008,1250.5519656458769,0.9626011988632293,128925.47005572058,1.1851164261317584,1.117796555676586,0.12419961729739845,0.09181758938001425,0.646610305996635,7025
739,1.0,9,91,9,9,0,0,0,5,0.207264,1250.7592296458768,0.9626092354710855,128932.8882631217,1.1848796076543393,1.1124701309150213,0.12360779232389126,0.09186963908294439,0.6441645873705345,7025
740,1.0,9,91,9,9,0,0,0,5,0.19100799999999998,1250.9502376458768,0.9626172686257192,128941.97958149423,1.184639065202527,1.1076133927403413,0.12306815474892681,0.09182001373905226,0.6424045748804175,7025
741,1.0,9,91,9,9,0,0,0,5,0.191008,1251.1412456458768,0.9626252983293556,128951.06812397788,1.1843985293397992,1.102761804871297,0.12252908943014412,0.09178720571638102,0.6405497704274953,7025
742,1.0,9,91,9,9,0,0,0,5,0.186944,1251.3281896458768,0.9626333245842182,128960.57272206736,1.1841577985893714,1.0980311111862702,0.12200345679847446,0.0917639407117023,0.6386847002185192,7025
743,1.0,9,91,9,9,0,0,0,5,0.199136,1251.5273256458768,0.9626413473925283,128968.81809328617,1.1839196930657856,1.0929274343379196,0.12143638159310217,0.0916794309396568,0.6369579430232526,7025
744,1.0,9,91,9,9,0,0,0,5,0.191008,1251.7183336458768,0.9626493667565054,128977.89835015236,1.1836787736847485,1.0880689481945298,0.1208965497993922,0.09160587126597512,0.6352669773875734,7025
745,1.0,9,91,9,9,0,0,0,5,0.18288000000000001,1251.9012136458769,0.9626573826783671,128987.81328738097,1.1834377603861705,1.0834625510304463,0.12038472789227181,0.09158437588178595,0.6334077057054298,7025
746,1.0,9,91,9,9,0,0,0,5,0.191008,1252.0922216458769,0.962665395160329,128996.88793504924,1.1831978609893574,1.078610963161402,0.11984566257348911,0.09155239022222417,0.631483605831878,7025
747,1.0,9,91,9,9,0,0,0,5,0.191008,1252.2832296458769,0.962673404204605,129005.95981444548,1.182958672253858,1.0737662735667033,0.11930736372963367,0.0915618812094709,0.629337567066697,7025
748,1.0,9,91,9,9,0,0,0,5,0.19913599999999998,1252.4823656458768,0.962681409813407,129014.19168219005,1.18272059611081,1.0686712429614083,0.11874124921793422,0.09154437824492227,0.6272052344919764,7025
749,1.0,9,91,9,9,0,0,0,5,0.195072,1252.6774376458768,0.962689411988945,129022.83951384616,1.1824816202343205,1.063722911841763,0.11819143464908476,0.09149457515532064,0.6252873666780483,7025
750,1.0,9,91,9,9,0,0,0,5,0.195072,1252.8725096458768,0.9626974107334271,129031.48465257094,1.1822422480090935,1.058771676706536,0.11764129741183732,0.09143832062218603,0.6233873754102102,7025
751,1.0,9,91,9,9,0,0,0,5,0.195072,1253.0675816458768,0.9627054060490593,129040.12709962207,1.1820027813028664,1.0538078408965297,0.11708976009961442,0.09146411808329057,0.6210454887958567,7025
752,1.0,9,91,9,9,0,0,0,5,0.2032,1253.2707816458767,0.9627133979380461,129047.92991950472,1.1817654314418082,1.048614319071924,0.11651270211910265,0.09140459531595806,0.6190243360089176,7025
753,1.0,9,91,9,9,0,0,0,5,0.191008,1253.4617896458767,0.96272138640259,129056.98549111903,1.1815254740019334,1.0437558329285341,0.11597287032539268,0.09133254277722835,0.6172042030521699,7025
754,1.0,9,91,9,9,0,0,0,5,0.191008,1253.6527976458767,0.9627293714448913,129066.03830329847,1.1812869294130122,1.0389059930281996,0.11543399922535552,0.09132657227272993,0.6150320473875326,7025
755,1.0,9,91,9,9,0,0,0,5,0.2032,1253.8559976458766,0.9627373530671489,129073.83328217572,1.1810490936180258,1.0336849179332515,0.11485387977036127,0.09128498521288698,0.6128596778504257,7025
756,1.0,9,91,9,9,0,0,0,5,0.20726399999999998,1254.0632616458765,0.9627453312715594,129081.20742453476,1.1808114640313543,1.0283240017999589,0.11425822242221766,0.09113528295530632,0.6111697652184973,7025
757,1.0,9,91,9,9,0,0,0,5,0.2032,1254.2664616458765,0.9627533060603177,129088.99739496778,1.1805752453180607,1.0231098249793562,0.11367886944215067,0.09113580022163158,0.6087482699646861,7025
758,1.0,9,91,9,9,0,0,0,5,0.191008,1254.4574696458765,0.962761277435617,129098.03952597664,1.1803366221770943,1.0182875383493641,0.11314305981659602,0.09111332953463312,0.6066131622684152,7025
759,1.0,9,91,9,9,0,0,0,5,0.199136,1254.6566056458764,0.9627692453996481,129106.24251375406,1.1800982054569238,1.013242463979118,0.1125824959976798,0.09104685552040667,0.6045891921148244,7025
760,1.0,9,91,9,9,0,0,0,5,0.18694400000000003,1254.8435496458765,0.9627772099546006,129115.69736778972,1.1798595936867828,1.0085100223253818,0.11205666914726461,0.09100173448739758,0.6025861118760041,7025
761,1.0,9,91,9,9,0,0,0,5,0.19100799999999998,1255.0345576458765,0.9627851711026616,129124.73127750009,1.1796209876186676,1.0036877356953897,0.11152085952170994,0.09097965198870392,0.6004046788252994,7025
762,1.0,9,91,9,9,0,0,0,5,0.18288000000000001,1255.2174376458765,0.9627931288460168,129134.5986269907,1.179381785516429,0.9990813385313062,0.11100903761458955,0.09096034261651294,0.5982974150881557,7025
763,1.0,9,91,9,9,0,0,0,5,0.2032,1255.4206376458765,0.9628010831868498,129142.37279388453,1.179145898168899,0.9938620114050675,0.11042911237834083,0.09094528365382308,0.595856897019969,7025
764,1.0,9,91,9,9,0,0,0,5,0.186944,1255.6075816458765,0.9628090341273422,129151.81651534156,1.17890700798405,0.9891313177200407,0.10990347974667118,0.09092522044679074,0.5936633046822968,7025
765,1.0,8,92,9,8,0,1,0,5,0.17671714759219878,1255.7842987934687,0.9627932377243803,129159.12402777653,1.1786951005583535,0.9847055998226621,0.12308819997783277,0.08722723408552105,0.665693060679244,7025
766,1.0,8,92,8,8,0,0,0,4,0.178816,1255.9631147934688,0.9628003038647802,129166.21363253717,1.1784820357118833,0.9801947500352677,0.12252434375440846,0.08712111681399078,0.6641895861764487,7025
767,1.0,8,92,8,8,0,0,0,4,0.17475199999999996,1256.1378667934687,0.9628073673217507,129173.71913498602,1.1782687543496368,0.9758477814822047,0.12198097268527558,0.08706545269798702,0.6624898852338411,7025
768,1.0,8,92,8,8,0,0,0,4,0.170688,1256.3085547934686,0.9628144280968202,129181.6404344075,1.1780554569299582,0.9715850264153529,0.1214481283019191,0.08697407231385272,0.6610001447425907,7025
769,1.0,8,92,8,8,0,0,0,4,0.17068799999999998,1256.4792427934685,0.9628214861915156,129189.55958167126,1.177842043316955,0.9673262656072648,0.1209157832009081,0.08692337285006052,0.6592906408792493,7025
770,1.0,8,92,8,8,0,0,0,4,0.174752,1256.6539947934684,0.9628285416073631,129197.05875497039,1.177628713830632,0.9629978164975739,0.12037472706219673,0.08684838919594912,0.6576617176510531,7025
771,1.0,8,92,8,8,0,0,0,4,0.16662400000000002,1256.8206187934684,0.9628355943458875,129205.39142323301,1.177415568527174,0.9588611059203751,0.11985763824004689,0.08678475131814149,0.6560515373632628,7025
772,1.0,8,92,8,8,0,0,0,4,0.170688,1256.9913067934683,0.9628426444086123,129213.3041192835,1.1772032078148962,0.9546000988222331,0.11932501235277913,0.08672268059311322,0.6543625215647019,7025
773,1.0,8,92,8,8,0,0,0,4,0.174752,1257.1660587934682,0.9628496917970603,129220.79693744595,1.1769904304323746,0.9502699017438324,0.11878373771797904,0.08661926355962074,0.652844134864615,7025
774,1.0,8,92,8,8,0,0,0,4,0.16256,1257.3286187934682,0.9628567365127524,129229.54076709042,1.1767768364386941,0.9462592356562868,0.11828240445703583,0.0865832531460407,0.6511134764803349,7025
775,1.0,8,92,8,8,0,0,0,4,0.170688,1257.4993067934681,0.9628637785572092,129237.44698866196,1.17656392672235,0.941996480589435,0.11774956007367937,0.08649283366604063,0.6495352253670628,7025
776,1.0,8,92,8,8,0,0,0,4,0.17068799999999998,1257.669994793468,0.9628708179319496,129245.35106420607,1.176351100834917,0.9377354734912928,0.11721693418641159,0.08643134548968785,0.6477929481378486,7025
777,1.0,8,92,8,8,0,0,0,4,0.174752,1257.844746793468,0.9628778546384914,129252.83538723945,1.1761392586161814,0.9333466739347878,0.11666833424184846,0.08631410462272647,0.646270185598443,7025
778,1.0,8,92,8,8,0,0,0,4,0.170688,1258.0154347934679,0.9628848886783515,129260.73520449015,1.1759271998691576,0.9290839188679358,0.11613548985849197,0.08622426217515385,0.6446517255941926,7025
779,1.0,8,92,8,8,0,0,0,4,0.166624,1258.1820587934678,0.9628919200530454,129269.05042340794,1.1757142250831762,0.9249765095297894,0.11562206369122366,0.08616867916663568,0.6429153225590294,7025
780,1.0,8,92,8,8,0,0,0,4,0.174752,1258.3568107934677,0.9628989487640875,129276.52840963546,1.1755029329448279,0.9205934522007578,0.11507418152509473,0.08612131516193555,0.6409845815480785,7025
781,1.0,8,92,8,8,0,0,0,4,0.17881599999999997,1258.5356267934678,0.9629059748129912,129283.5868417583,1.1752905250082202,0.9161186911893319,0.11451483639866648,0.08601198198750488,0.6393249769069115,7025
782,1.0,8,92,8,8,0,0,0,4,0.16662400000000002,1258.7022507934678,0.9629129982012686,129291.8955991467,1.1750782006042901,0.9119859748708968,0.11399824685886212,0.08599044428838266,0.6373530075142759,7025
783,1.0,8,92,8,8,0,0,0,4,0.17068799999999998,1258.8729387934677,0.9629200189304307,129299.78473920042,1.1748657599442585,0.9077249677727548,0.11346562097159435,0.08593015560981239,0.6355103312118676,7025
784,1.0,8,92,8,8,0,0,0,4,0.170688,1259.0436267934676,0.9629270370019873,129307.67174019953,1.1746538021974369,0.903462212705903,0.11293277658823787,0.08584132452322157,0.6338071060507154,7025
785,1.0,8,92,8,8,0,0,0,4,0.178816,1259.2224427934677,0.9629340524174472,129314.72189993969,1.1744432255536623,0.8989784178675068,0.11237230223343835,0.08573415123354516,0.6320758230216695,7025
786,1.0,8,92,8,8,0,0,0,4,0.174752,1259.3971947934676,0.962941065178318,129322.18737132348,1.1742309350612816,0.8946775220281583,0.11183469025351979,0.08563871736132188,0.6303616551381095,7025
787,1.0,8,92,8,8,0,0,0,4,0.17475200000000002,1259.5719467934675,0.9629480752861062,129329.65077120026,1.1740205242164854,0.8902887224716534,0.11128609030895666,0.08552336050967829,0.6286966374121221,7025
788,1.0,8,92,8,8,0,0,0,4,0.170688,1259.7426347934675,0.9629550827423168,129337.52934916933,1.1738088989895794,0.8860339559223289,0.11075424449029113,0.08551641764319697,0.6264953067185939,7025
789,1.0,8,92,8,8,0,0,0,4,0.170688,1259.9133227934674,0.9629620875484541,129345.40579242216,1.1735973568731426,0.8817729488241868,0.11022161860302335,0.08545711901624495,0.624561861914032,7025
790,1.0,8,92,8,8,0,0,0,4,0.17068799999999998,1260.0840107934673,0.9629690897060214,129353.28010182623,1.1733857980857167,0.8775394949963871,0.10969243687454838,0.08537577658694026,0.6227497551565603,7025
791,1.0,8,92,8,8,0,0,0,4,0.178816,1260.2628267934674,0.9629760892165202,129360.31797017934,1.1731757183311098,0.8731125546673855,0.10913906933342321,0.0852538234773093,0.6210435548866575,7025
792,1.0,8,92,8,8,0,0,0,4,0.174752,1260.4375787934673,0.9629830860814513,129367.7709578339,1.1729646244044452,0.8687255030795904,0.10859068788494879,0.0851680930221975,0.6191442472494537,7025
793,1.0,8,92,8,8,0,0,0,4,0.17475200000000002,1260.6123307934672,0.9629900803023146,129375.22187915217,1.1727544107049612,0.8643660047621375,0.10804575059526718,0.08506025995942983,0.6173675340178727,7025
794,1.0,8,92,8,8,0,0,0,4,0.174752,1260.787082793467,0.9629970718806083,129382.67073499339,1.172544080172128,0.8599789531743421,0.10749736914679275,0.08497496399188835,0.6154356852417617,7025
795,1.0,8,92,8,8,0,0,0,4,0.16662400000000002,1260.953706793467,0.9630040608178299,129390.95156387331,1.1723329354317518,0.8558422425971434,0.10698028032464292,0.08491465805556583,0.6134874773278478,7025
796,1.0,8,92,8,8,0,0,0,4,0.170688,1261.124394793467,0.9630110471154754,129398.81321281167,1.1721222719599944,0.8516087887693438,0.10645109859616797,0.08483402213033155,0.6115846430827383,7025
797,1.0,8,92,8,8,0,0,0,4,0.17068799999999998,1261.295082793467,0.9630180307750401,129406.67273395433,1.1719110935174135,0.847375334941544,0.105921916867693,0.0847534885920423,0.6096664944706077,7025
798,1.0,8,92,8,8,0,0,0,4,0.166624,1261.4617067934669,0.9630250117980179,129414.94705770603,1.1716999978635294,0.8432679256033976,0.10540849070042471,0.08469976271643627,0.6076538192145594,7025
799,1.0,8,92,8,8,0,0,0,4,0.18288,1261.644586793467,0.9630319901859017,129421.55160748915,1.171489681845873,0.8386615822127679,0.10483269777659598,0.08462573392848453,0.6054568161341833,7025
800,1.0,8,92,8,8,0,0,0,4,0.170688,1261.8152747934669,0.963038965940183,129429.40481262715,1.1712786519497551,0.8344023230833357,0.10430029038541697,0.08459709476618227,0.6031837242459099,7025
801,1.0,8,92,8,7,1,0,0,4,0.17068799999999998,1261.9859627934668,0.9630223563814735,129434.08628605517,1.171093571015751,0.8301413159851937,0.10376766449814921,0.08453979762282626,0.6010552698627023,7025
802,1.0,8,92,8,8,0,0,0,4,0.170688,1262.1566507934667,0.9630293313213242,129441.93567200405,1.1708829947073103,0.8259078621573941,0.10323848276967428,0.08445988464950528,0.599055201002336,7025
803,1.0,8,92,8,8,0,0,0,4,0.16256,1262.3192107934667,0.9630363036303631,129450.6164548389,1.1706718045053253,0.8218971960698487,0.10273714950873108,0.08442726214859951,0.596900460401374,7025
804,1.0,8,92,8,8,0,0,0,4,0.17475200000000002,1262.4939627934666,0.9630432733100782,129458.04480392387,1.1704628851560872,0.8175101444820535,0.1021887680602567,0.08434382265692907,0.5947990250564518,7025
805,1.0,8,92,8,8,0,0,0,4,0.16662400000000002,1262.6605867934666,0.9630502403619569,129466.30449211854,1.1702525559680896,0.8133751818735645,0.10167189773419558,0.08431379529029141,0.5925243724354163,7025
806,1.0,8,92,8,8,0,0,0,4,0.16256,1262.8231467934665,0.9630572047874847,129474.97867390684,1.1700416131502607,0.8093645157860191,0.10117056447325237,0.08428153492967988,0.5903204115295635,7025
807,1.0,8,92,8,8,0,0,0,4,0.16662400000000002,1262.9897707934665,0.9630641665881466,129483.23397525174,1.1698314487074704,0.8052317994675842,0.10065397493344802,0.08426360063076622,0.5879451795933616,7025
808,1.0,8,92,8,8,0,0,0,4,0.16662400000000002,1263.1563947934665,0.9630711257654263,129491.48709866947,1.1696213664966837,0.8011243901294378,0.10014054876617973,0.08421094033187458,0.5857685045448106,7025
809,1.0,8,92,8,8,0,0,0,4,0.174752,1263.3311467934664,0.9630780823208063,129498.90487165032,1.169412558841285,0.7967959410197469,0.09959949262746838,0.0841402054113791,0.5835454726743802,7025
810,1.0,8,92,8,8,0,0,0,4,0.186944,1263.5180907934664,0.9630850362557679,129505.07095410251,1.1692053230281296,0.7920307559629924,0.09900384449537405,0.08397826042024092,0.5815650631119105,7025
811,1.0,8,92,8,8,0,0,0,4,0.16662400000000002,1263.6847147934664,0.9630919875717917,129513.31774773335,1.168995486466441,0.7878940453857939,0.09848675567322424,0.08392012815654733,0.5793518336390312,7025
812,1.0,8,92,8,8,0,0,0,4,0.17475200000000002,1263.8594667934663,0.9630989362703568,129520.72940143621,1.1687872215347248,0.7835069937979987,0.09793837422474984,0.08383825574330633,0.5771044525648188,7025
813,1.0,8,92,8,8,0,0,0,4,0.17881599999999997,1264.0382827934664,0.9631058823529411,129527.7225608774,1.1685775487128223,0.7790214509908929,0.0973776813738616,0.08370692966215737,0.5750659010901368,7025
814,1.0,8,92,8,8,0,0,0,4,0.178816,1264.2170987934664,0.963112825821022,129534.71374203685,1.1683692483082417,0.7745101028821544,0.0968137628602693,0.08362817505868872,0.5726857274753993,7025
815,1.0,8,92,8,8,0,0,0,4,0.174752,1264.3918507934663,0.9631197666760749,129542.1193178465,1.168160334560066,0.7701816537724635,0.09627270672155795,0.0835581763195334,0.5703510320703671,7025
816,1.0,8,92,8,8,0,0,0,4,0.16662400000000002,1264.5584747934663,0.9631267049195749,129550.35553160681,1.1679510062845921,0.7660489374540288,0.09575611718175359,0.08354165950970632,0.567809172817718,7025
817,1.0,8,92,8,8,0,0,0,4,0.19507199999999997,1264.7535467934663,0.9631336405529954,129555.67542421576,1.1677453312962094,0.7610902658960723,0.09513628323700904,0.0833403912634382,0.5658046198307033,7025
818,1.0,8,92,8,8,0,0,0,4,0.17475199999999996,1264.9282987934662,0.9631405735778091,129563.07496347598,1.1675360666075392,0.7567365098060931,0.09459206372576164,0.0833061694867199,0.5631858691187782,7025
819,1.0,8,92,8,8,0,0,0,4,0.174752,1265.103050793466,0.9631475039954874,129570.47245850069,1.167326784452666,0.7524356139667447,0.09405445174584309,0.08321311792753827,0.5609301242308029,7025
820,1.0,8,92,8,8,0,0,0,4,0.16256,1265.265610793466,0.9631544318075007,129579.11651228975,1.1671169890869626,0.7484249478791992,0.09355311848489992,0.08318262124427768,0.5584766445942608,7025
821,1.0,8,92,8,8,0,0,0,4,0.16256,1265.428170793466,0.9631613570153181,129587.7583452062,1.1669072756006096,0.7444142817916537,0.09305178522395674,0.08315222358569653,0.5560056065186411,7025
822,1.0,8,92,8,8,0,0,0,4,0.166624,1265.594794793466,0.9631682796204077,129595.9818061404,1.166698139507091,0.7403068724535072,0.09253835905668842,0.08310107984749218,0.5535763044045571,7025
823,1.0,8,92,8,8,0,0,0,4,0.186944,1265.781738793466,0.9631751996242367,129602.1225241955,1.1664903732121068,0.7355399394280431,0.09194249242850538,0.0829137016078118,0.5514982158701289,7025
824,1.0,8,92,8,8,0,0,0,4,0.166624,1265.948362793466,0.9631821170282708,129610.34179777911,1.166281300926404,0.7314032288508445,0.09142540360635557,0.0828575460902565,0.5490420947274147,7025
825,1.0,8,92,8,8,0,0,0,4,0.166624,1266.114986793466,0.963189031833975,129618.5589080075,1.1660720130112912,0.7272705125324097,0.09090881406655121,0.0828424102668975,0.5463251746437129,7025
826,1.0,8,92,8,8,0,0,0,4,0.16662400000000002,1266.281610793466,0.9631959440428128,129626.77385573465,1.1658633018728295,0.723133801955211,0.09039172524440138,0.08278653953123558,0.5438308289273249,7025
827,1.0,8,92,8,8,0,0,0,4,0.178816,1266.460426793466,0.963202853656247,129633.73866775687,1.1656563553620405,0.7186482591481053,0.08983103239351316,0.08265773989003507,0.5415152114849642,7025
828,1.0,8,92,8,8,0,0,0,4,0.178816,1266.639242793466,0.963209760675739,129640.70151328416,1.1654499844905428,0.714137409360711,0.08926717617008888,0.08256507230611615,0.5389445144595228,7025
829,1.0,8,92,8,8,0,0,0,4,0.174752,1266.813994793466,0.9632166651027494,129648.07830906284,1.1652415165399885,0.7097779110432584,0.08872223888040728,0.08246276234594971,0.5365167420632383,7025
830,1.0,8,92,8,8,0,0,0,4,0.166624,1266.980618793466,0.9632235669387372,129656.28484233226,1.1650330308502508,0.7056705017051118,0.08820881271313899,0.08241248227616874,0.5339327436225118,7025
831,1.0,8,92,8,8,0,0,0,4,0.166624,1267.147242793466,0.9632304661851608,129664.48921735935,1.1648242306160352,0.7015355390966231,0.08769194238707788,0.08238636645278143,0.5311645736487406,7025
832,1.0,8,92,8,8,0,0,0,4,0.170688,1267.3179307934658,0.9632373628434775,129672.27560420413,1.1646164019718246,0.6972785262572448,0.08715981578215559,0.08237541478350219,0.5281982316187017,7025
833,1.0,8,92,8,8,0,0,0,4,0.170688,1267.4886187934658,0.963244256915143,129680.05989392112,1.1644089509499806,0.6930450724294452,0.08663063405368064,0.08229957273587828,0.5256213284486768,7025
834,1.0,8,92,8,8,0,0,0,4,0.17068799999999998,1267.6593067934657,0.9632511484016124,129687.84208735745,1.1642005918798728,0.6888156128604094,0.08610195160755116,0.08226479738101836,0.5227786201750971,7025
835,1.0,8,92,8,8,0,0,0,4,0.174752,1267.8340587934656,0.9632580373043397,129695.20645034708,1.1639926104916059,0.684514717021061,0.08556433962763263,0.08217292706243016,0.5202103373753378,7025
836,1.0,8,92,8,8,0,0,0,4,0.16662400000000002,1268.0006827934656,0.9632649236247774,129703.40018877437,1.163784907722422,0.6803780064438625,0.08504725080548281,0.08211847511241746,0.5175148161756117,7025
837,1.0,8,92,8,8,0,0,0,4,0.17068799999999998,1268.1713707934655,0.9632718073643775,129711.1760984469,1.1635769892943602,0.676144552616063,0.08451806907700787,0.08204307105013284,0.5148561162702094,7025
838,1.0,8,92,8,8,0,0,0,4,0.178816,1268.3501867934656,0.9632786885245902,129718.11863405454,1.1633700409794672,0.6716314565386147,0.08395393206732683,0.08194048369815886,0.5121351391640808,7025
839,1.0,8,92,8,8,0,0,0,4,0.166624,1268.5168107934655,0.9632855671068652,129726.30602905975,1.1631620865190475,0.667494745961416,0.08343684324517703,0.08188653229589424,0.5093766209847914,7025
840,1.0,8,92,8,8,0,0,0,4,0.17068799999999998,1268.6874987934655,0.9632924431126509,129734.07569360355,1.1629545092159954,0.6632337388632742,0.08290421735790926,0.08183600152295664,0.506483971737495,7025
841,1.0,8,92,8,8,0,0,0,4,0.17068799999999998,1268.8581867934654,0.9632993165433948,129741.84326778213,1.1627472101041392,0.658972731765132,0.0823715914706415,0.08178568281261502,0.5035691454839066,7025
842,1.0,7,93,8,7,0,1,0,4,0.1599913978230956,1269.0181781912886,0.9632827857343443,129747.550373688,1.1625639018533829,0.6550392060537564,0.09357702943625092,0.08088804542980826,0.5723480926703157,7025
843,1.0,7,93,7,7,0,0,0,3,0.158496,1269.1766741912886,0.9632887994571703,129753.40892152234,1.1623821990171925,0.6511639144010976,0.0930234163430139,0.08073438661361967,0.5703730441672913,7025
844,1.0,7,93,7,7,0,0,0,3,0.154432,1269.3311061912887,0.9632948112104056,129759.6814547602,1.1622004592632988,0.6473871139677492,0.09248387342396416,0.08063700371234414,0.5681122439688695,7025
845,1.0,7,93,7,7,0,0,0,3,0.150368,1269.4814741912887,0.9633008209950179,129766.36788255892,1.16201759714044,0.643736358024054,0.09196233686057917,0.08056685149956419,0.5657627154006505,7025
846,1.0,7,93,7,7,0,0,0,3,0.150368,1269.6318421912888,0.9633068288119738,129773.05272655241,1.161834501181785,0.6400838541116491,0.09144055058737843,0.0804633711448888,0.5635971536552378,7025
847,1.0,7,93,7,7,0,0,0,3,0.154432,1269.7862741912888,0.9633128346622396,129779.32062224722,1.1616522566077463,0.6363346069486433,0.09090494384980619,0.08033743011068817,0.5614767399484589,7025
848,1.0,7,93,7,7,0,0,0,3,0.15036799999999997,1269.936642191289,0.9633188385467808,129786.00232811723,1.1614694821811176,0.6326838510049483,0.09038340728642116,0.08026782878355093,0.5590687782197741,7025
849,1.0,7,93,7,7,0,0,0,3,0.150368,1270.087010191289,0.9633248404665623,129792.68245186767,1.1612867698442197,0.6290606483315954,0.08986580690451364,0.08016900078151674,0.5568434910770267,7025
850,1.0,7,93,7,7,0,0,0,3,0.150368,1270.237378191289,0.9633308404225484,129799.36099406044,1.1611043167560349,0.6254374456582429,0.08934820652260611,0.08007025406246619,0.5545997799784333,7025
851,1.0,7,93,7,7,0,0,0,3,0.14224,1270.379618191289,0.9633368384157027,129806.86846565054,1.1609211369988364,0.6220370307251442,0.08886243296073489,0.08002110753378645,0.552208523622956,7025
852,1.0,7,93,7,7,0,0,0,3,0.146304,1270.525922191289,0.9633428344469884,129813.95902221349,1.160738117999201,0.6185105713023924,0.08835865304319891,0.07994527257719829,0.5498646033794625,7025
853,1.0,7,93,7,7,0,0,0,3,0.154432,1270.680354191289,0.9633488285173678,129820.2175361301,1.1605569349419997,0.614764820076806,0.087823545725258,0.07988728150358423,0.5472153913657469,7025
854,1.0,7,93,7,7,0,0,0,3,0.15849599999999997,1270.838850191289,0.9633548206278026,129826.05935848254,1.1603749266263026,0.6108619751538046,0.08726599645054349,0.0797652280589653,0.5448160092825033,7025
855,1.0,7,93,7,7,0,0,0,3,0.15443199999999999,1270.9932821912892,0.9633608107792542,129832.3148612555,1.1601935711470917,0.6071437771985606,0.08673482531408008,0.07967790116665005,0.5423300353027098,7025
856,1.0,7,93,7,7,0,0,0,3,0.154432,1271.1477141912892,0.9633667989726827,129838.56884406378,1.1600121787074757,0.6033652287965026,0.08619503268521467,0.07954931405528552,0.5400318415251125,7025
857,1.0,7,93,7,7,0,0,0,3,0.15443199999999999,1271.3021461912892,0.9633727852090482,129844.8213074613,1.1598309462827414,0.5995884283631544,0.0856554897661649,0.07945470574597531,0.5375025338066809,7025
858,1.0,7,93,7,7,0,0,0,3,0.14630400000000002,1271.4484501912893,0.96337876948931,129851.90235212502,1.159648889176092,0.5960619689404025,0.08515170984862894,0.07937980815440451,0.535037707189408,7025
859,1.0,7,93,7,7,0,0,0,3,0.146304,1271.5947541912894,0.9633847518144267,129858.98176736214,1.1594663031415684,0.5925355095176509,0.08464792993109296,0.07930503759417872,0.5325533866132389,7025
860,1.0,7,93,7,7,0,0,0,3,0.158496,1271.7532501912895,0.9633907321853563,129864.81455829441,1.1592859444364658,0.5886361605320688,0.08409088007600983,0.07925206998858245,0.5295976500175174,7025
861,1.0,7,93,7,7,0,0,0,3,0.15443199999999999,1271.9076821912895,0.9633967106030561,129871.06085829665,1.1591040722923351,0.5848593600987206,0.08355133715696007,0.07915849732315527,0.5269783340051222,7025
862,1.0,7,93,7,7,0,0,0,3,0.14630400000000002,1272.0539861912896,0.963402687068483,129878.13551425455,1.1589222617953003,0.581362201915021,0.08305174313071728,0.07908768381289166,0.5244338553665738,7025
863,1.0,7,93,7,7,0,0,0,3,0.154432,1272.2084181912896,0.9634086615825929,129884.37872068417,1.1587412999389572,0.5775836535129629,0.08251195050185185,0.07896073463346694,0.5219820401951211,7025
864,1.0,7,93,7,7,0,0,0,3,0.154432,1272.3628501912897,0.9634146341463414,129890.62041158562,1.158560694484724,0.573805105110905,0.08197215787298641,0.07883410935954298,0.5195070379299543,7025
865,1.0,7,93,7,7,0,0,0,3,0.150368,1272.5132181912898,0.9634206047606836,129897.27543651494,1.1583795601483975,0.5701543491672099,0.08145062130960141,0.07876780341124577,0.5167400589995331,7025
866,1.0,7,93,7,7,0,0,0,3,0.15443199999999999,1272.6676501912898,0.9634265734265735,129903.51406759713,1.1581985854956183,0.5663792967025713,0.08091132810036732,0.07870925254483403,0.5137930618045021,7025
867,1.0,7,93,7,7,0,0,0,3,0.150368,1272.8180181912899,0.9634325401449647,129910.16597562771,1.1580175738223044,0.5627578419979283,0.08039397742827546,0.07864650362111518,0.5109862775380225,7025
868,1.0,7,93,7,7,0,0,0,3,0.15036799999999997,1272.96838619129,0.9634385049168104,129916.81631215956,1.1578358370834065,0.5591070860542331,0.07987244086489044,0.07858086017903343,0.5081506340876432,7025
869,1.0,7,93,7,7,0,0,0,3,0.146304,1273.11469019129,0.9634444677430628,129923.87981568798,1.1576541618727139,0.5555806266314813,0.07936866094735448,0.07850773272840324,0.5054530167437212,7025
870,1.0,7,93,7,7,0,0,0,3,0.150368,1273.26505819129,0.9634504286246739,129930.52698313,1.1574727446821125,0.5519574239581285,0.07885106056544695,0.07841149347787153,0.5027950942046062,7025
871,1.0,7,93,7,7,0,0,0,3,0.15443199999999999,1273.4194901912902,0.9634563875625947,129936.75789832963,1.1572921748502276,0.5482081767951229,0.07831545382787468,0.07828921030628358,0.5001675781561118,7025
872,1.0,7,93,7,7,0,0,0,3,0.150368,1273.5698581912902,0.9634623445577756,129943.40195443216,1.1571112732072015,0.5445849741217701,0.07779785344596714,0.0781931733463128,0.49746576857923147,7025
873,1.0,7,93,7,7,0,0,0,3,0.14224,1273.7120981912901,0.9634682996111668,129950.87369825837,1.1569294506512462,0.5411845591886714,0.07731207988409593,0.07814661030894227,0.4946319734488231,7025
874,1.0,7,93,7,7,0,0,0,3,0.14630400000000002,1273.8584021912902,0.9634742527237173,129957.92916640065,1.1567481805759199,0.5376874010049719,0.07681248585785312,0.07807681863419189,0.49183772861759756,7025
875,1.0,7,93,7,7,0,0,0,3,0.150368,1274.0087701912903,0.9634802038963759,129964.56843475185,1.156567069987018,0.5340348970925669,0.07629069958465241,0.0779783167226185,0.4890618658043642,7025
876,1.0,7,93,7,7,0,0,0,3,0.150368,1274.1591381912904,0.9634861531300908,129971.20613605627,1.1563865114511642,0.5304116944192143,0.07577309920274489,0.07788265480219532,0.48627348476738097,7025
877,1.0,7,93,7,7,0,0,0,3,0.150368,1274.3095061912904,0.9634921004258091,129977.8422708686,1.1562059158166702,0.5267591905068093,0.07525131292954419,0.0777845038683372,0.48345160571554147,7025
878,1.0,7,93,7,7,0,0,0,3,0.14630400000000002,1274.4558101912905,0.963498045784478,129984.89133580483,1.156024988716255,0.5232327310840574,0.07474753301200822,0.07771248408829136,0.48055995133718576,7025
879,1.0,7,93,7,7,0,0,0,3,0.150368,1274.6061781912906,0.9635039892070434,129991.52431154609,1.1558449076633366,0.5195802271716526,0.07422574673880752,0.0776147228985457,0.47769179203101325,7025
880,1.0,7,93,7,7,0,0,0,3,0.150368,1274.7565461912907,0.9635099306944509,129998.15572245947,1.1556642007960067,0.5159294712279574,0.0737042101754225,0.07755108304461276,0.4745834602007806,7025
881,1.0,7,93,7,7,0,0,0,3,0.146304,1274.9028501912908,0.9635158702476456,130005.19998455663,1.1554830645893615,0.5124030118052056,0.07320043025788651,0.07747953922471733,0.4716242262960478,7025
882,1.0,7,93,7,7,0,0,0,3,0.154432,1275.0572821912908,0.9635218078675718,130011.41385201705,1.1553029701969408,0.5086537646421999,0.07266482352031425,0.0773588332685514,0.468742136689107,7025
883,1.0,7,93,7,7,0,0,0,3,0.158496,1275.2157781912908,0.9635277435551733,130017.21185975547,1.1551233288158946,0.5047491717504887,0.0721070245357841,0.07721047305398296,0.46586137685884327,7025
884,1.0,7,93,7,7,0,0,0,3,0.150368,1275.366146191291,0.9635336773113932,130023.83707237562,1.1549427678067845,0.5011001637755031,0.07158573768221475,0.07718158946975477,0.46243835481637685,7025
885,1.0,7,93,7,7,0,0,0,3,0.14630400000000002,1275.512450191291,0.9635396091371738,130030.87502213425,1.154762267762707,0.4975737043527515,0.07108195776467878,0.07711074389967813,0.4593851470013629,7025
886,1.0,7,93,7,7,0,0,0,3,0.14224,1275.654690191291,0.9635455390334573,130038.32563428654,1.1545812406756506,0.4941732894196528,0.07059618420280754,0.07706563332816266,0.4562713324958864,7025
887,1.0,7,93,7,7,0,0,0,3,0.15443199999999999,1275.809122191291,0.9635514670011848,130044.53183014916,1.1544015484258385,0.4903982369550142,0.07005689099357346,0.07701182132166748,0.4528151767950989,7025
888,1.0,7,93,7,7,0,0,0,3,0.14630400000000002,1275.955426191291,0.963557393041297,130051.5649636199,1.1542211331120635,0.48690107877131467,0.06955729696733066,0.07694328288011634,0.44971173524815516,7025
889,1.0,7,93,7,7,0,0,0,3,0.146304,1276.1017301912912,0.963563317154734,130058.59648440484,1.1540405827798366,0.48337461934856285,0.06905351704979469,0.07687296626867338,0.44656856620585056,7025
890,1.0,7,93,7,7,0,0,0,3,0.14224,1276.243970191291,0.9635692393424352,130066.04056677308,1.1538597995674114,0.47997420441546423,0.06856774348792347,0.07682829059995107,0.443368681285995,7025
891,1.0,7,93,7,7,0,0,0,3,0.146304,1276.3902741912912,0.9635751596053396,130073.06883875407,1.153679371073942,0.4764494929614222,0.06806421328020316,0.07679227474407042,0.4399647922657686,7025
892,1.0,7,93,7,7,0,0,0,3,0.15443199999999999,1276.5447061912912,0.9635810779443851,130079.26725530361,1.1535000802963422,0.47270024579841635,0.0675286065426309,0.07667312337436889,0.4368392453515538,7025
893,1.0,7,93,7,7,0,0,0,3,0.154432,1276.6991381912912,0.9635869943605097,130085.46417230822,1.1533213393759414,0.468923445365068,0.06698906362358115,0.07658660211244249,0.4334508185006921,7025
894,1.0,7,93,7,7,0,0,0,3,0.15443199999999999,1276.8535701912913,0.9635929088546501,130091.65959031199,1.1531410928898336,0.46514489696301,0.06644927099471572,0.07646634399649112,0.43025183096930164,7025
895,1.0,7,93,7,7,0,0,0,3,0.146304,1276.9998741912914,0.9635988214277429,130098.68157208075,1.1529608093124462,0.4616184375402582,0.06594549107717974,0.07639699028162958,0.4269687110723156,7025
896,1.0,7,93,7,7,0,0,0,3,0.146304,1277.1461781912915,0.9636047320807237,130105.70194503757,1.1527804886625301,0.4580937260862161,0.06544196086945946,0.07636183581466371,0.4234470349278264,7025
897,1.0,7,93,7,7,0,0,0,3,0.146304,1277.2924821912916,0.963610640814528,130112.72070973525,1.1526005222171267,0.45456726666346436,0.06493818095192348,0.0762927660504062,0.42011904062270505,7025
898,1.0,7,93,7,7,0,0,0,3,0.158496,1277.4509781912916,0.96361654763009,130118.49600314716,1.152421789980128,0.4506661697091726,0.06438088138702466,0.07621644618138937,0.41641175573552913,7025
899,1.0,7,93,7,7,0,0,0,3,0.146304,1277.5972821912917,0.9636224525283439,130125.51162824724,1.1522417490056118,0.447169011525473,0.06388128736078184,0.07614896301430059,0.4130599437111512,7025
900,1.0,7,93,7,7,0,0,0,3,0.16256,1277.7598421912917,0.963628355510223,130130.8700661975,1.1520646038566782,0.4431418700815282,0.06330598144021832,0.07604815758630389,0.40932077892928626,7025
901,1.0,7,93,7,7,0,0,0,3,0.150368,1277.9102101912918,0.9636342565766601,130137.46871550997,1.1518852701381874,0.43954796864722767,0.06279256694960396,0.0759569015417345,0.40596801781686315,7025
902,1.0,7,93,7,7,0,0,0,3,0.14224,1278.0524501912917,0.9636401557285873,130144.89348626057,1.1517052149390932,0.43614755371412894,0.062306793387732706,0.07591373655758593,0.40250115731625025,7025
903,1.0,7,93,7,7,0,0,0,3,0.146304,1278.1987541912918,0.9636460529669362,130151.90278858856,1.1515255134974594,0.43262109429137713,0.06180301347019673,0.07584559870866826,0.39903319147219135,7025
904,1.0,7,93,7,7,0,0,0,3,0.150368,1278.3491221912918,0.9636519482926377,130158.4966982922,1.1513464587327538,0.4289996395867342,0.06128566279810488,0.07578776915391026,0.39537303100628884,7025
905,1.0,7,93,7,7,0,0,0,3,0.15849599999999997,1278.5076181912918,0.9636578417066222,130164.26154380618,1.1511679526356453,0.42512609590278494,0.060732299414683555,0.07568006619310132,0.39172232291510745,7025
906,1.0,6,94,7,6,0,1,0,3,0.12845125560536302,1278.6360694468972,0.9636405743399722,130169.95529619102,1.151012672081524,0.4220118300686826,0.0703353050114471,0.07717397794499802,0.453738465177146,7025
907,1.0,6,94,6,6,0,0,0,3,0.12598399999999998,1278.7620534468972,0.9636456258972815,130175.89906683347,1.1508574153849438,0.41892117885400404,0.06982019647566735,0.07710709344066988,0.45052643084977834,7025
908,1.0,6,94,6,6,0,0,0,3,0.12192,1278.8839734468972,0.9636506760511205,130182.25535446749,1.1507019105282645,0.4159565721289786,0.06932609535482977,0.07706611856051226,0.4472755645666708,7025
909,1.0,6,94,6,6,0,0,0,3,0.134112,1279.0180854468972,0.9636557248020742,130187.36943177752,1.150547914897546,0.41261383193499385,0.06876897198916564,0.07694815001017342,0.4440457700729946,7025
910,1.0,6,94,6,6,0,0,0,3,0.130048,1279.1481334468972,0.9636607721507268,130192.89607313773,1.1503936708147826,0.4093971362306621,0.0682328560384437,0.07685619956560608,0.44077438325256457,7025
911,1.0,6,94,6,6,0,0,0,3,0.138176,1279.2863094468971,0.9636658180976626,130197.59436963932,1.1502386903950592,0.4059283515470243,0.06765472525783738,0.07671348676090646,0.4374984664337441,7025
912,1.0,6,94,6,6,0,0,0,3,0.125984,1279.4122934468971,0.9636708626434654,130203.53239783387,1.1500839498006503,0.40283944830105545,0.0671399080501759,0.07668672811665515,0.43391389736769526,7025
913,1.0,6,94,6,6,0,0,0,3,0.13411199999999998,1279.546405446897,0.9636759057887188,130208.64213346771,1.1499295464982593,0.3994967081070707,0.06658278468451177,0.07657024971727423,0.4305702028164229,7025
914,1.0,6,94,6,6,0,0,0,3,0.130048,1279.676453446897,0.9636809475340057,130214.164331277,1.1497748950043958,0.39628176037144874,0.06604696006190813,0.07651855639136411,0.4269430309049776,7025
915,1.0,6,94,6,6,0,0,0,3,0.125984,1279.802437446897,0.9636859878799093,130220.09891813093,1.1496201905107701,0.39319110915677025,0.06553185152612837,0.07645337441164453,0.4235323010195861,7025
916,1.0,5,95,6,5,0,1,0,3,0.10795809455399921,1279.9103955414512,0.9636679000925069,130224.74118548718,1.1494900262710122,0.3904834886515506,0.07809669773031011,0.07734933214235398,0.5048077671272397,7025
917,1.0,5,95,5,5,0,0,0,3,0.10972799999999999,1280.020123541451,0.9636721008209042,130229.20259940886,1.1493601307731036,0.38769834819053306,0.07753966963810661,0.07731040679293326,0.5014805439423067,7025
918,1.0,5,95,5,5,0,0,0,3,0.1016,1280.121723541451,0.9636763005780347,130234.49015362456,1.1492296813980623,0.3851635487401121,0.07703270974802241,0.07727669745030355,0.49841884498989564,7025
919,1.0,5,95,5,5,0,0,0,3,0.113792,1280.2355155414512,0.9636804993642354,130238.53656292467,1.149100335767713,0.3822834129972033,0.07645668259944066,0.07725731860468296,0.49479153311587787,7025
920,1.0,5,95,5,5,0,0,0,3,0.1016,1280.337115541451,0.9636846971798428,130243.82248692316,1.1489699488424494,0.3797486135467823,0.07594972270935647,0.07722392273519668,0.4916819120326267,7025
921,1.0,5,95,5,5,0,0,0,3,0.10566400000000001,1280.442779541451,0.9636888940251935,130248.69417415545,1.148839885605708,0.37708776960670826,0.07541755392134164,0.07716509736819838,0.4885484081512193,7025
922,1.0,5,95,5,5,0,0,0,3,0.11785599999999999,1280.5606355414511,0.963693089900624,130252.32493537858,1.1487105357825345,0.37410739467577914,0.07482147893515582,0.07702613326302783,0.4854841992001496,7025
923,1.0,5,95,5,5,0,0,0,3,0.1016,1280.662235541451,0.9636972848064702,130257.60842356055,1.1485802424886684,0.3715725952253582,0.07431451904507164,0.0769931508247984,0.4823023343636042,7025
924,1.0,5,95,5,5,0,0,0,3,0.11379199999999998,1280.7760275414512,0.9637014787430684,130261.65107122954,1.1484502727444663,0.36865966230597785,0.07373193246119555,0.07688410795300127,0.47908061172399835,7025
925,1.0,5,95,5,5,0,0,0,3,0.1016,1280.8776275414511,0.9637056717107543,130266.9329311869,1.1483200418816335,0.36612486285555684,0.07322497257111137,0.07685145590045694,0.47584985823729964,7025
926,1.0,5,95,5,5,0,0,0,3,0.12598399999999998,1281.0036115414512,0.9637098637098637,130269.73421190871,1.1481915956806725,0.3628337964672172,0.07256675929344344,0.07666758772146946,0.4725416145633212,7025
927,1.0,5,95,5,5,0,0,0,3,0.10566400000000001,1281.109275541451,0.9637140547407322,130274.6012274891,1.1480618166367915,0.36017295252714304,0.07203459050542863,0.07661025162651819,0.46924663221675855,7025
928,1.0,5,95,5,5,0,0,0,3,0.10566400000000001,1281.214939541451,0.9637182448036952,130279.4674402872,1.147932166083659,0.357512108587069,0.0715024217174138,0.07655312252061654,0.46592609897751863,7025
929,1.0,5,95,5,5,0,0,0,3,0.10566399999999998,1281.320603541451,0.9637224338990878,130284.3328505016,1.1478021570819124,0.35485126464699485,0.07097025292939899,0.07649620086751692,0.46257996870598583,7025
930,1.0,5,95,5,5,0,0,0,3,0.1016,1281.422203541451,0.9637266220272455,130289.61066741761,1.1476720818612818,0.3523164651965739,0.07046329303931478,0.07646442742825654,0.4592238980159335,7025
931,1.0,5,95,5,5,0,0,0,3,0.11379199999999998,1281.535995541451,0.9637308091885028,130293.64807615284,1.147542719288031,0.3494052802459032,0.06988105604918064,0.07640433678791676,0.4554956604071105,7025
932,1.0,5,95,5,5,0,0,0,3,0.10972799999999999,1281.645723541451,0.9637349953831948,130298.09793189625,1.1474134850442186,0.34661839181617604,0.06932367836323522,0.07632327991477054,0.45205205556270645,7025
933,1.0,5,95,5,5,0,0,0,3,0.10972799999999999,1281.7554515414508,0.9637391806116561,130302.54702575676,1.1472844764157353,0.34383150338644886,0.06876630067728977,0.07624256934942661,0.4485793644277096,7025
934,1.0,5,95,5,5,0,0,0,3,0.10972799999999999,1281.8651795414507,0.9637433648742211,130306.99535793005,1.1471551093995098,0.34110321743482597,0.06822064348696519,0.07615571313814343,0.44520451642804576,7025
935,1.0,5,95,5,5,0,0,0,3,0.11379199999999998,1281.9789715414508,0.9637475481712242,130311.02982846275,1.1470257733590088,0.3381902845154457,0.06763805690308913,0.07605082160533219,0.4416515391463516,7025
936,1.0,5,95,5,5,0,0,0,3,0.10566399999999998,1282.0846355414508,0.9637517305029996,130315.88973799717,1.146895981797916,0.33553118854408126,0.06710623770881627,0.0760416807906556,0.4378212246551784,7025
937,1.0,5,95,5,5,0,0,0,3,0.10972799999999999,1282.1943635414507,0.9637559118698812,130320.33578628201,1.1467666104483332,0.3327736013534063,0.06655472027068124,0.07595857332359052,0.43430026931341603,7025
938,1.0,4,96,5,4,0,1,0,3,0.10502385825203181,1282.2993873997027,0.9637370242214532,130322.13977648098,1.1466634941225808,0.330128840066509,0.08253221001662724,0.07629709476949115,0.5391963005427428,7025
939,1.0,4,96,4,4,0,0,0,2,0.085344,1282.3847313997028,0.9637403699773954,130325.943461275,1.14655887191425,0.3281187799702041,0.08202969499255103,0.07619877738349029,0.5368012772124185,7025
940,1.0,4,96,4,4,0,0,0,2,0.10566399999999998,1282.4903953997027,0.9637437151160109,130327.68167274084,1.1464550477956543,0.3255077986646858,0.08137694966617146,0.07597712989932598,0.534275999481001,7025
941,1.0,4,96,4,4,0,0,0,2,0.085344,1282.5757393997028,0.9637470596374706,130331.48442230602,1.1463504655672943,0.32346843732932884,0.0808671093323322,0.07588534933446812,0.5317489968583541,7025
942,1.0,4,96,4,4,0,0,0,2,0.085344,1282.6610833997029,0.9637504035419453,130335.2866658266,1.146246000596383,0.32142907599397175,0.08035726899849295,0.07579374028606786,0.5292001590025851,7025
943,1.0,4,96,4,4,0,0,0,2,0.08940799999999999,1282.750491399703,0.9637537468296057,130338.67546413066,1.146141847308322,0.3192929714080138,0.07982324285200344,0.07567246388096006,0.5266748418882164,7025
944,1.0,4,96,4,4,0,0,0,2,0.085344,1282.835835399703,0.9637570895006224,130342.47671129464,1.1460374222922647,0.31728291131170894,0.07932072782792723,0.07557440199904332,0.5241720680056691,7025
945,1.0,4,96,4,4,0,0,0,2,0.093472,1282.929307399703,0.9637604315551662,130345.45164373623,1.1459333088917683,0.31499146099704567,0.07874786524926142,0.07543709148962148,0.5214628457023244,7025
946,1.0,4,96,4,4,0,0,0,2,0.08127999999999999,1283.0105873997031,0.9637637729934074,130349.66479812753,1.145828632202757,0.3130781441513417,0.07826953603783543,0.07536909753465926,0.5188715892253383,7025
947,1.0,4,96,4,4,0,0,0,2,0.085344,1283.0959313997032,0.9637671138155165,130353.46454379591,1.1457241699255103,0.31106808405503683,0.07776702101375921,0.0752711846612578,0.5163042470386497,7025
948,1.0,4,96,4,4,0,0,0,2,0.10159999999999997,1283.1975313997032,0.963770454021664,130355.61237211923,1.1456204079136567,0.3085831472391717,0.07714578680979292,0.07507468398757947,0.5136034232213972,7025
949,1.0,4,96,4,4,0,0,0,2,0.085344,1283.2828753997032,0.9637737936120201,130359.4111687144,1.1455161798814333,0.30657308714286685,0.07664327178571671,0.07497686322024923,0.5109893537277885,7025
950,1.0,4,96,4,4,0,0,0,2,0.093472,1283.3763473997033,0.9637771325867551,130362.38383150888,1.1454124576069746,0.3042816368282036,0.0760704092070509,0.07484099337459088,0.5081460659960656,7025
951,1.0,4,96,4,4,0,0,0,2,0.08940799999999999,1283.4657553997033,0.9637804709460394,130365.76885363986,1.14530865801428,0.3021162310031934,0.07552905775079835,0.07472827315138793,0.5053292697985494,7025
952,1.0,4,96,4,4,0,0,0,2,0.085344,1283.5510993997034,0.9637838086900429,130369.56618108964,1.1452043925420792,0.30010617090688857,0.07502654272672214,0.07463065507511635,0.502645277923008,7025
953,1.0,3,97,4,3,0,1,0,2,0.06733576034418445,1283.6184351600475,0.9637641096521539,130372.07585689923,1.1451255642090412,0.2984692478850342,0.0994897492950114,0.07017542056921043,0.6677692678642255,7025
954,1.0,3,97,3,3,0,0,0,2,0.065024,1283.6834591600475,0.9637666136871444,130374.82005845012,1.1450465395435296,0.2968326566281649,0.09894421887605497,0.07009902598759492,0.6658100092524565,7025
955,1.0,3,97,3,3,0,0,0,2,0.065024,1283.7484831600475,0.9637691173760825,130377.56398200426,1.1449677204595488,0.29522536661034776,0.09840845553678258,0.07000815126598575,0.6639685656758347,7025
956,1.0,3,97,3,3,0,0,0,2,0.06095999999999999,1283.8094431600475,0.9637716207190401,130380.72035674604,1.1448886213228628,0.29371481984313147,0.09790493994771049,0.06994878109143265,0.6620554452364223,7025
957,1.0,3,97,3,3,0,0,0,2,0.06095999999999999,1283.8704031600475,0.9637741237160886,130383.87643174946,1.144809533526826,0.29220427307591523,0.09740142435863841,0.0698894934348512,0.6601249330876089,7025
958,1.0,3,97,3,3,0,0,0,2,0.06908799999999998,1283.9394911600475,0.9637766263673,130386.20678981204,1.1447310396934858,0.2905002398074972,0.09683341326916572,0.06976720402538032,0.6582839266354473,7025
959,1.0,3,97,3,3,0,0,0,2,0.06908799999999998,1284.0085791600475,0.9637791286727457,130388.53689709782,1.1446525571123973,0.28873760406097465,0.09624586802032488,0.06967494010865385,0.6561379862425707,7025
960,1.0,3,97,3,3,0,0,0,2,0.07721599999999998,1284.0857951600474,0.9637816306324976,130390.04140617521,1.1445738916008172,0.286722879335146,0.09557429311171534,0.06955062609805893,0.6537803244953924,7025
961,1.0,2,98,3,2,0,1,0,2,0.05062972692514427,1284.1364248869725,0.9637611088087673,130391.13037755142,1.1445207098695178,0.28541396001010066,0.14270698000505033,0.020882492582625548,0.9790360590329045,7025
962,1.0,2,98,2,2,0,0,0,2,0.05283199999999999,1284.1892568869725,0.9637627774196519,130391.9956517265,1.144468115705151,0.28392188783987105,0.14196094391993552,0.02114481241473566,0.978295979775957,7025
963,1.0,2,98,2,2,0,0,0,2,0.04876799999999999,1284.2380248869727,0.963764445876882,130393.27348583842,1.1444151382610368,0.2825558601592945,0.14127793007964726,0.021344110002019218,0.9776845219826471,7025
964,1.0,2,98,2,2,0,0,0,2,0.044703999999999994,1284.2827288869726,0.9637661141804789,130394.96384501968,1.1443621658785426,0.2813158769683711,0.14065793848418556,0.021480385344476216,0.977210040126662,7025
965,1.0,2,98,2,2,0,0,0,2,0.04876799999999999,1284.3314968869727,0.9637677823304636,130396.24147342572,1.1443091985569425,0.27994984928779465,0.13997492464389732,0.021679682931759772,0.9765733475103816,7025
966,1.0,2,98,2,2,0,0,0,2,0.05283199999999999,1284.3843288869728,0.9637694503268576,130397.10640594279,1.144256624544855,0.27845777711756503,0.13922888855878252,0.021942002763869886,0.9757652161407374,7025
967,1.0,2,98,2,2,0,0,0,2,0.04876799999999999,1284.4330968869729,0.9637711181696819,130398.38385193725,1.1442037643820235,0.27712105067604065,0.13856052533802032,0.022029906481026415,0.9753450265982191,7025
968,1.0,2,98,2,2,0,0,0,2,0.04876799999999999,1284.481864886973,0.9637727858589579,130399.66120092999,1.1441510063217057,0.27575502299546417,0.13787751149773209,0.02222920406830997,0.9746652606882442,7025
969,1.0,2,98,2,2,0,0,0,2,0.044703999999999994,1284.5265688869729,0.9637744533947066,130401.35101692777,1.144098059203986,0.27454434104359293,0.13727217052179647,0.022254085540639942,0.9743912787510715,7025
970,1.0,2,98,2,2,0,0,0,2,0.04876799999999999,1284.575336886973,0.9637761207769493,130402.628160328,1.1440453112311268,0.27317831336301646,0.13658915668150823,0.0224533831279235,0.9736881720358149,7025
971,1.0,2,98,2,2,0,0,0,2,0.04876799999999999,1284.624104886973,0.9637777880057072,130403.90520676019,1.1439923742179594,0.27181228568244,0.13590614284122,0.022652680715207055,0.9729691256923819,7025
972,1.0,2,98,2,2,0,0,0,2,0.05283199999999999,1284.6769368869732,0.9637794550810015,130404.7696271045,1.143939636329668,0.27037881599031466,0.13518940799515733,0.022692212807063114,0.9725968049767133,7025
973,1.0,2,98,2,2,0,0,0,2,0.044703999999999994,1284.721640886973,0.9637811220028534,130406.45900876472,1.143886709418159,0.2691681340384435,0.13458406701922174,0.022717094279393085,0.97229759489036,7025
974,1.0,2,98,2,2,0,0,0,2,0.04876799999999999,1284.7704088869732,0.963782788771284,130407.7357643591,1.1438339816115453,0.26780210635786694,0.13390105317893347,0.02291639186667664,0.9715431650479097,7025
975,1.0,2,98,2,2,0,0,0,2,0.044703999999999994,1284.815112886973,0.9637844553863145,130409.42491991045,1.1437809677781752,0.2665621231669436,0.1332810615834718,0.02305266720913364,0.9709528442500128,7025
976,1.0,2,98,2,2,0,0,0,2,0.04876799999999999,1284.8638808869732,0.9637861218479661,130410.70147004926,1.1437281530389882,0.2652253967254192,0.1326126983627096,0.02314057092629017,0.9704504229587391,7025
977,1.0,2,98,2,2,0,0,0,2,0.04876799999999999,1284.9126488869733,0.9637877881562601,130411.97792328686,1.1436754403541063,0.2639179715229471,0.13195898576147355,0.02311708077331967,0.9702244190254762,7025
978,1.0,2,98,2,2,0,0,0,2,0.044703999999999994,1284.9573528869732,0.9637894543112174,130413.66674426917,1.1436225386887202,0.2626779883320237,0.13133899416601186,0.02325335611577667,0.9696065870618791,7025
979,1.0,2,98,2,2,0,0,0,2,0.04876799999999999,1285.0061208869733,0.9637911203128594,130414.94299212008,1.143569836078295,0.26137056312955154,0.13068528156477577,0.02322986596280617,0.9693711875081378,7025
980,1.0,2,98,2,2,0,0,0,2,0.044703999999999994,1285.0508248869733,0.9637927861612072,130416.63158711296,1.1435168475069757,0.26015988117768035,0.13007994058884018,0.02325474743513614,0.9690300959466347,7025
981,1.0,2,98,2,2,0,0,0,2,0.04876799999999999,1285.0995928869734,0.9637944518562819,130417.90762962346,1.1434639609870711,0.2587938534971038,0.1293969267485519,0.023454045022419698,0.9681910985204311,7025
982,1.0,2,98,2,2,0,0,0,2,0.05689599999999999,1285.1564888869734,0.9637961173981047,130418.35873634277,1.1434116614450214,0.2571757368372211,0.12858786841861056,0.02377938709935637,0.9669327860473713,7025
983,1.0,2,98,2,2,0,0,0,2,0.040639999999999996,1285.1971288869734,0.9637977827866967,130420.45942412075,1.1433585910266393,0.25606179813595087,0.12803089906797543,0.02385264019698681,0.966455211639673,7025
984,1.0,2,98,2,2,0,0,0,2,0.044703999999999994,1285.2418328869733,0.9637994480220791,130422.14757628512,1.1433057196318261,0.2548218149450274,0.1274109074725137,0.02398891553944381,0.9657643039435477,7025
985,1.0,2,98,2,2,0,0,0,2,0.04876799999999999,1285.2906008869734,0.9638011131042731,130423.42321986787,1.1432528532834378,0.25345578726445095,0.12672789363222547,0.024188213126727365,0.9648501864696808,7025
986,1.0,2,98,2,2,0,0,0,2,0.060959999999999986,1285.3515608869734,0.9638027780332996,130423.46164369059,1.143200767738328,0.2517116261149151,0.12585581305745755,0.024576577448490594,0.9632680974859117,7025
987,1.0,2,98,2,2,0,0,0,2,0.04876799999999999,1285.4003288869735,0.96380444280918,130424.73712852258,1.1431480084086738,0.25037489967339077,0.12518744983669539,0.024664481165647123,0.962633422673225,7025
988,1.0,2,98,2,2,0,0,0,2,0.040639999999999996,1285.4409688869735,0.9638061074319353,130426.83721615667,1.143094963232699,0.2492609609721205,0.12463048048606025,0.024737734263277564,0.9620956081276179,7025
989,1.0,2,98,2,2,0,0,0,2,0.044703999999999994,1285.4856728869734,0.9638077719015866,130428.52482630656,1.1430420200745863,0.2480209777811971,0.12401048889059856,0.024874009605734562,0.9613237440719389,7025
990,1.0,2,98,2,2,0,0,0,2,0.040639999999999996,1285.5263128869733,0.9638094362181551,130430.62465477682,1.1429889850173522,0.24690703907992684,0.12345351953996342,0.024947262703365003,0.9607665305688293,7025
991,1.0,2,98,2,2,0,0,0,2,0.044703999999999994,1285.5710168869732,0.9638111003816618,130432.31202118983,1.142936148913845,0.24569635712805563,0.12284817856402781,0.024972144175694974,0.9603183737594725,7025
992,1.0,2,98,2,2,0,0,0,2,0.04876799999999999,1285.6197848869733,0.963812764392128,130433.58695257049,1.14288351173559,0.24433032944747912,0.12216516472373956,0.02517144176297853,0.9592746899432874,7025
993,1.0,2,98,2,2,0,0,0,2,0.044703999999999994,1285.6644888869732,0.9638144282495746,130435.27409330405,1.1428305887675414,0.24309034625655573,0.12154517312827787,0.02530771710543553,0.9584473459414901,7025
994,1.0,2,98,2,2,0,0,0,2,0.040639999999999996,1285.7051288869732,0.963816091954023,130437.3734163916,1.1427775739159811,0.24197640755528546,0.12098820377764273,0.02538097020306597,0.9578471826754913,7025
995,1.0,2,98,2,2,0,0,0,2,0.04876799999999999,1285.7538968869733,0.963817755505494,130438.64802281292,1.1427249518343932,0.2406689823528133,0.12033449117640665,0.02535748005009547,0.9574829632698472,7025
996,1.0,2,98,2,2,0,0,0,2,0.044703999999999994,1285.7986008869732,0.9638194189040088,130440.33481161273,1.142672140925911,0.23942899916188992,0.11971449958094496,0.02549375539255247,0.9566177039133406,7025
997,1.0,2,98,2,2,0,0,0,2,0.05283199999999999,1285.8514328869733,0.9638210821495886,130441.1969456065,1.1426195288928376,0.23796622823071248,0.11898311411535624,0.025644681354535556,0.9556080960662371,7025
998,1.0,2,98,2,2,0,0,0,2,0.044703999999999994,1285.8961368869732,0.9638227452422543,130442.88351784942,1.1425667280499232,0.2367262450397891,0.11836312251989455,0.025780956696992555,0.954706576739655,7025
999,1.0,2,98,2,2,0,0,0,2,0.05283199999999999,1285.9489688869733,0.9638244081820271,130443.7454817413,1.1425140291529112,0.23523417286955947,0.11761708643477974,0.02604327652910267,0.9532627624916391,7025
1000,1.0,2,98,2,2,0,0,0,2,0.044703999999999994,1285.9936728869732,0.9638260709689281,130445.43183747362,1.1424612383773072,0.23399418967863608,0.11699709483931804,0.026179551871559667,0.9523178127993793,7025
1001,1.0,2,98,2,2,0,0,0,2,0.044703999999999994,1286.038376886973,0.9638277336029784,130447.11807596705,1.1424083557362545,0.2327542064877127,0.11637710324385635,0.026315827214016665,0.9513546415396047,7025
1002,1.0,2,98,2,2,0,0,0,2,0.044703999999999994,1286.083080886973,0.9638293960841989,130448.80419723385,1.142355575034322,0.2315142232967893,0.11575711164839465,0.026452102556473664,0.9503728806365196,7025
1003,1.0,2,98,2,2,0,0,0,2,0.040639999999999996,1286.123720886973,0.9638310584126109,130450.9024095237,1.1423026055836483,0.23040028459551903,0.11520014229775952,0.026525355654104105,0.9496521470901617,7025
1004,1.0,2,98,2,2,0,0,0,2,0.040639999999999996,1286.1643608869729,0.9638327205882353,130453.00048921564,1.1422496411841785,0.22928634589424876,0.11464317294712438,0.026598608751734545,0.9489199822069029,7025
1005,1.0,2,98,2,2,0,0,0,2,0.040639999999999996,1286.2050008869728,0.9638343826110932,130455.09843632227,1.1421966818351903,0.2281724071929785,0.11408620359648924,0.026671861849364986,0.9481761768833463,7025
1006,1.0,2,98,2,2,0,0,0,2,0.04876799999999999,1286.253768886973,0.9638360444812057,130456.37187535822,1.1421441150449005,0.22680637951240198,0.11340318975620099,0.026871159436648542,0.9468383895371562,7025
1007,1.0,2,98,2,2,0,0,0,2,0.04876799999999999,1286.302536886973,0.963837706198594,130457.64521783356,1.1420913595214672,0.22544035183182548,0.11272017591591274,0.0270704570239321,0.9454699862862275,7025
1008,1.0,2,98,2,2,0,0,0,2,0.044703999999999994,1286.347240886973,0.9638393677632788,130459.3306269978,1.1420386090278782,0.2242003686409021,0.11210018432045105,0.027206732366389097,0.944373237238843,7025
1009,1.0,2,98,2,2,0,0,0,2,0.044703999999999994,1286.3919448869729,0.9638410291752814,130461.0159190212,1.1419857667000337,0.2229603854499787,0.11148019272498935,0.027343007708846095,0.9432551646862221,7025
1010,1.0,2,98,2,2,0,0,0,2,0.04876799999999999,1286.440712886973,0.9638426904346228,130462.28894867521,1.1419331231273566,0.22162365900845438,0.11081182950422719,0.027430911426002624,0.9422597242668602,7025
1011,1.0,2,98,2,2,0,0,0,2,0.04876799999999999,1286.489480886973,0.963844351541324,130463.5618818137,1.1418803877189858,0.22025763132787787,0.11012881566393894,0.02763020901328618,0.9407817862042129,7025
1012,1.0,2,98,2,2,0,0,0,2,0.05283199999999999,1286.5423128869731,0.9638460124954061,130464.42259901481,1.141828044735705,0.21876555915764825,0.10938277957882413,0.027892528845396294,0.9389454238134538,7025
1013,1.0,2,98,2,2,0,0,0,2,0.040639999999999996,1286.582952886973,0.96384767329689,130466.51956902325,1.1417751256722586,0.21765162045637798,0.10882581022818899,0.027965781943026735,0.9380533728707489,7025
1014,1.0,2,98,2,2,0,0,0,2,0.044703999999999994,1286.627656886973,0.963849333945797,130468.2043025183,1.141722405333405,0.2164116372654546,0.1082058186327273,0.028102057285483734,0.9368129765863613,7025
1015,1.0,2,98,2,2,0,0,0,2,0.040639999999999996,1286.668296886973,0.9638509944421478,130470.30101398905,1.1416694963479956,0.21529769856418432,0.10764884928209216,0.028175310383114174,0.935887559531156,7025
1016,1.0,2,98,2,2,0,0,0,2,0.04876799999999999,1286.717064886973,0.9638526547859636,130471.5734183154,1.1416168828983488,0.21396097212266,0.10698048606133,0.028263214100270703,0.9347571731676789,7025
1017,1.0,2,98,2,2,0,0,0,2,0.04876799999999999,1286.7658328869732,0.9638543149772654,130472.84572619433,1.1415641776363936,0.2125949444420835,0.10629747222104174,0.02846251168755426,0.9330996203116637,7025
1018,1.0,2,98,2,2,0,0,0,2,0.05283199999999999,1286.8186648869732,0.9638559750160742,130473.70587739107,1.1415117678626228,0.21113217351090605,0.10556608675545302,0.028613437649537346,0.9315611655245111,7025
1019,1.0,2,98,2,2,0,0,0,2,0.04876799999999999,1286.8674328869733,0.963857634902411,130474.97800400638,1.141459072631426,0.20976614583032954,0.10488307291516477,0.028812735236820902,0.9298284603061854,7025
1020,1.0,2,98,2,2,0,0,0,2,0.044703999999999994,1286.9121368869733,0.9638592946362968,130476.66207125635,1.141406382421453,0.20852616263940615,0.10426308131970308,0.0289490105792779,0.9284262534062085,7025
1021,1.0,2,98,2,2,0,0,0,2,0.04876799999999999,1286.9609048869734,0.9638609542177526,130477.93399345528,1.1413536972319858,0.20716013495882965,0.10358006747941483,0.029148308166561457,0.9266202680622381,7025
1022,1.0,2,98,2,2,0,0,0,2,0.05283199999999999,1287.0137368869734,0.9638626136467995,130478.79380540564,1.1413013074724832,0.2056973640276522,0.1028486820138261,0.029299234128544543,0.9249367905439536,7025
1023,1.0,2,98,2,2,0,0,0,2,0.060959999999999986,1287.0746968869735,0.9638642729234583,130478.8295552574,1.141249019503163,0.20398250411716853,0.10199125205858427,0.029576204580180745,0.9224302200787211,7025
1024,1.0,2,98,2,2,0,0,0,2,0.040639999999999996,1287.1153368869734,0.9638659320477503,130480.92520301296,1.1411961557502932,0.20286856541589826,0.10143428270794913,0.029649457677811186,0.9212849192455335,7025
1025,1.0,2,98,2,2,0,0,0,2,0.044703999999999994,1287.1600408869733,0.9638675910196961,130482.60873936501,1.1411433938230642,0.20162858222497487,0.10081429111248744,0.029785733020268185,0.9197164891220968,7025
1026,1.0,2,98,2,2,0,0,0,2,0.05283199999999999,1287.2128728869734,0.9638692498393169,130483.46822643072,1.1410910240617729,0.20016581129379743,0.10008290564689871,0.02993665898225127,0.9178758664448239,7025
1027,1.0,2,98,2,2,0,0,0,2,0.04876799999999999,1287.2616408869735,0.9638709085066336,130484.73959362565,1.1410383689480104,0.19879978361322093,0.09939989180661046,0.030135956569534827,0.9158201169082071,7025
1028,1.0,2,98,2,2,0,0,0,2,0.044703999999999994,1287.3063448869734,0.9638725670216672,130486.42280618017,1.1409856220740073,0.19758910166134971,0.09879455083067486,0.0301608380418648,0.9147448181646585,7025
1029,1.0,2,98,2,2,0,0,0,2,0.044703999999999994,1287.3510488869733,0.9638742253844388,130488.10590183365,1.1409328802239944,0.19634911847042633,0.09817455923521316,0.030297113384321797,0.9130445964796111,7025
1030,1.0,2,98,2,2,0,0,0,2,0.04876799999999999,1287.3998168869734,0.9638758835949692,130489.37695689354,1.1408803369302798,0.195012392028902,0.097506196014451,0.030385017101478326,0.9114873787800976,7025
1031,1.0,2,98,2,2,0,0,0,2,0.04876799999999999,1287.4485848869735,0.9638775416532794,130490.6479156594,1.1408277018787834,0.1936463643483255,0.09682318217416275,0.030584314688761882,0.9092736557391742,7025
1032,1.0,2,98,2,2,0,0,0,2,0.044703999999999994,1287.4932888869735,0.9638791995593905,130492.3306786643,1.140774975082613,0.19243568239645428,0.09621784119822714,0.030609196161091853,0.9080979253530715,7025
1033,1.0,2,98,2,2,0,0,0,2,0.044703999999999994,1287.5379928869734,0.9638808573133233,130494.01332481635,1.140722253307564,0.1911956992055309,0.09559784960276545,0.030745471503548852,0.9062611870951666,7025
1034,1.0,2,98,2,2,0,0,0,2,0.04876799999999999,1287.5867608869735,0.9638825149150987,130495.28397158584,1.1406698267971704,0.1898296715249544,0.0949148357624772,0.030944769090832408,0.9039193415238649,7025
1035,1.0,2,98,2,2,0,0,0,2,0.044703999999999994,1287.6314648869734,0.9638841723647378,130496.96639305846,1.1406172117918718,0.18861898957308318,0.09430949478654159,0.03096965056316238,0.9026610865404785,7025
1036,1.0,2,98,2,2,0,0,0,2,0.040639999999999996,1287.6721048869733,0.9638858296622613,130499.06056227713,1.14056440831859,0.1875050508718129,0.09375252543590645,0.03104290366079282,0.9011952922277006,7025
1037,1.0,2,98,2,2,0,0,0,2,0.05283199999999999,1287.7249368869734,0.9638874868076905,130499.91903259225,1.1405121902783724,0.1861008824187398,0.0930504412093699,0.030971041882521866,0.9002655102945728,7025
1038,1.0,2,98,2,2,0,0,0,2,0.044703999999999994,1287.7696408869733,0.9638891438010462,130501.60111264043,1.1404595902909982,0.18486089922781634,0.09243044961390817,0.031107317224978885,0.8982588821122702,7025
1039,1.0,2,98,2,2,0,0,0,2,0.040639999999999996,1287.8102808869733,0.9638908006423491,130503.69491090467,1.1404068018611244,0.18374696052654604,0.09187348026327302,0.031180570322609343,0.8967139436219409,7025
1040,1.0,2,98,2,2,0,0,0,2,0.05283199999999999,1287.8631128869733,0.9638924573316204,130504.55309899888,1.1403545987792854,0.18225488835631637,0.09112744417815818,0.03144289015471948,0.8936113685269729,7025
1041,1.0,2,98,2,2,0,0,0,2,0.05283199999999999,1287.9159448869734,0.963894113868881,130505.4112166851,1.1403021105192532,0.1807628161860867,0.09038140809304335,0.03170520998682963,0.8904274875806213,7025
1042,1.0,2,98,2,2,0,0,0,2,0.05283199999999999,1287.9687768869735,0.9638957702541517,130506.26926397198,1.1402499173892255,0.17927074401585702,0.08963537200792851,0.03196752981893977,0.8871604190172747,7025
1043,1.0,2,98,2,2,0,0,0,2,0.05283199999999999,1288.0216088869736,0.9638974264874536,130507.12724086817,1.1401976325204894,0.17783727432373173,0.08891863716186586,0.03200706191079585,0.8852922674091344,7025
1044,1.0,2,98,2,2,0,0,0,2,0.040639999999999996,1288.0622488869735,0.9638990825688073,130509.22045519168,1.140144869117976,0.1767233356224614,0.0883616678112307,0.032080315008426306,0.8835402678904988,7025
1045,1.0,2,98,2,2,0,0,0,2,0.040639999999999996,1288.1028888869735,0.963900738498234,130511.31353743222,1.1400921107372006,0.1756093969211911,0.08780469846059555,0.03215356810605677,0.8817578852617209,7025
1046,1.0,2,98,2,2,0,0,0,2,0.044703999999999994,1288.1475928869734,0.9639023942757545,130512.99472850969,1.1400395507631236,0.17436941373026768,0.08718470686513384,0.03228984344851379,0.8793779201992846,7025
1047,1.0,2,98,2,2,0,0,0,2,0.040639999999999996,1288.1882328869733,0.9639040499013897,130515.08755300957,1.1399868024144721,0.17325547502899735,0.08662773751449868,0.03236309654614424,0.8775254346342009,7025
1048,1.0,2,98,2,2,0,0,0,2,0.044703999999999994,1288.2329368869732,0.9639057053751605,130516.76850174488,1.1399341557690468,0.1720447930771261,0.08602239653856306,0.03238797801847423,0.875843087734543,7025
1049,1.0,2,98,2,2,0,0,0,2,0.05283199999999999,1288.2857688869733,0.9639073606970878,130517.62587214606,1.1398818041704044,0.17058202214594864,0.08529101107297432,0.03253890398045734,0.8729464208262278,7025
1050,1.0,2,98,2,2,0,0,0,2,0.04876799999999999,1288.3345368869734,0.9639090158671925,130518.89488758781,1.1398294575531218,0.16921599446537208,0.08460799723268604,0.03273820156774092,0.8697751666018294,7025
1051,1.0,2,98,2,2,0,0,0,2,0.044703999999999994,1288.3792408869733,0.9639106708854955,130520.5755133339,1.1397769225768113,0.16800531251350082,0.08400265625675041,0.03276308304007091,0.8679658892710331,7025
1052,1.0,2,98,2,2,0,0,0,2,0.040639999999999996,1288.4198808869733,0.9639123257520176,130522.667722443,1.1397241992683547,0.16689137381223051,0.08344568690611526,0.032836336137701365,0.8659158918439959,7025
1053,1.0,2,98,2,2,0,0,0,2,0.044703999999999994,1288.4645848869732,0.9639139804667798,130524.3481059689,1.1396716742971928,0.16568069186035927,0.08284034593017964,0.03286121761003136,0.8640383263043011,7025
1054,1.0,2,98,2,2,0,0,0,2,0.05689599999999999,1288.5214808869732,0.9639156350298028,130524.79333462722,1.1396194442910665,0.164150478917633,0.0820752394588165,0.03285237807658697,0.8619075342134448,7025
1055,1.0,2,98,2,2,0,0,0,2,0.05689599999999999,1288.5783768869733,0.9639172894411077,130525.23852396822,1.1395673159049942,0.1625909647358546,0.0812954823679273,0.03295493241326961,0.8588655014566544,7025
1056,1.0,2,98,2,2,0,0,0,2,0.040639999999999996,1288.6190168869732,0.9639189437007152,130527.33026269866,1.139514612596533,0.1614770260345843,0.08073851301729215,0.03302818551090007,0.856646137697121,7025
1057,1.0,2,98,2,2,0,0,0,2,0.04876799999999999,1288.6677848869733,0.9639205978086463,130528.59858272411,1.139462204227985,0.16014029959305992,0.08007014979652996,0.03311608922805662,0.8539305605625951,7025
1058,1.0,2,98,2,2,0,0,0,2,0.044703999999999994,1288.7124888869732,0.9639222517649216,130530.27843726703,1.1394096075689883,0.15892961764118868,0.07946480882059434,0.03314097070038661,0.8518377263150989,7025
1059,1.0,2,98,2,2,0,0,0,2,0.040639999999999996,1288.7531288869732,0.9639239055695622,130532.36979939364,1.1393569192794666,0.15781567893991838,0.07890783946995919,0.03321422379801706,0.8494897569533524,7025
1060,1.0,2,98,2,2,0,0,0,2,0.040639999999999996,1288.793768886973,0.9639255592225889,130534.4610296249,1.1393042360009573,0.15670174023864805,0.07835087011932403,0.03328747689564752,0.847099610910944,7025
1061,1.0,2,98,2,2,0,0,0,2,0.060959999999999986,1288.8547288869731,0.9639272127240226,130534.49409716517,1.1392520408520987,0.15495757908911215,0.07747878954455607,0.03367584121741078,0.8411015424404226,7025
1062,1.0,2,98,2,2,0,0,0,2,0.044703999999999994,1288.899432886973,0.963928866073884,130536.17350358017,1.1391994641897742,0.15374689713724088,0.07687344856862044,0.033700722689740774,0.8387940581230721,7025
1063,1.0,2,98,2,2,0,0,0,2,0.04876799999999999,1288.9482008869732,0.963930519272194,130537.44121308892,1.1391471823711796,0.1524394719347687,0.07621973596738435,0.033677232536770296,0.8366617727484168,7025
1064,1.0,2,98,2,2,0,0,0,2,0.04876799999999999,1288.9969688869733,0.9639321723189734,130538.70882667247,1.1390949055239936,0.15107344425419217,0.07553672212709608,0.03387653012405387,0.8325478350743203,7025
1065,1.0,2,98,2,2,0,0,0,2,0.044703999999999994,1289.0416728869732,0.9639338252142432,130540.38790160554,1.1390423438310193,0.14983346106326872,0.07491673053163436,0.03401280546651089,0.8291025673481719,7025
1066,1.0,2,98,2,2,0,0,0,2,0.044703999999999994,1289.086376886973,0.963935477958024,130542.06686008192,1.138989883736495,0.14859347787234528,0.07429673893617264,0.03414908080896791,0.8255861624317891,7025
1067,1.0,2,98,2,2,0,0,0,2,0.05283199999999999,1289.1392088869732,0.9639371305503368,130542.92262609697,1.1389375252259306,0.1471014057021156,0.0735507028510578,0.03441140064107805,0.8204168391566279,7025
1068,1.0,2,98,2,2,0,0,0,2,0.05283199999999999,1289.1920408869732,0.9639387829912024,130543.77832197223,1.1388854614682788,0.14560933353188593,0.07280466676594297,0.034673720473188195,0.8151151185748814,7025
1069,1.0,2,98,2,2,0,0,0,2,0.05689599999999999,1289.2489368869733,0.9639404352806414,130544.22244193402,1.1388333060729958,0.14402051811105532,0.07201025905552766,0.03488766867999787,0.8098984280577581,7025
1070,1.0,2,98,2,2,0,0,0,2,0.05689599999999999,1289.3058328869733,0.9639420874186749,130544.66652269852,1.1387814453832972,0.14240240145117253,0.07120120072558626,0.035213010756934573,0.8034800003409446,7025
1071,1.0,2,98,2,2,0,0,0,2,0.040639999999999996,1289.3464728869733,0.9639437394053236,130546.75646889156,1.1387288169997478,0.14128846274990223,0.07064423137495111,0.03528626385456503,0.8003247659152558,7025
1072,1.0,2,98,2,2,0,0,0,2,0.05283199999999999,1289.3993048869734,0.9639453912406084,130547.61187012999,1.1386767730587994,0.13979639057967255,0.06989819528983628,0.03554858368667517,0.7945019719684862,7025
1073,1.0,2,98,2,2,0,0,0,2,0.05689599999999999,1289.4562008869734,0.9639470429245499,130548.05574955344,1.1386246374957565,0.13820757515884194,0.06910378757942097,0.03576253189348484,0.7887517389733082,7025
1074,1.0,2,98,2,2,0,0,0,2,0.04876799999999999,1289.5049688869735,0.963948694457169,130549.3224623282,1.1385723137595027,0.13687084871731758,0.06843542435865879,0.03585043561064139,0.7846663221909635,7025
1075,1.0,2,98,2,2,0,0,0,2,0.044703999999999994,1289.5496728869734,0.9639503458384866,130551.00050787709,1.138519898436453,0.13566016676544632,0.06783008338272316,0.03587531708297138,0.7814117819147531,7025
1076,1.0,2,98,2,2,0,0,0,2,0.04876799999999999,1289.5984408869735,0.9639519970685233,130552.2670174784,1.1384676812046675,0.13429413908486976,0.06714706954243488,0.03607461467025496,0.7760148178452917,7025
1077,1.0,2,98,2,2,0,0,0,2,0.040639999999999996,1289.6390808869735,0.9639536481473,130554.3562499686,1.1384150827334283,0.13318020038359946,0.06659010019179973,0.036147867767885415,0.7723935068689132,7025
1078,1.0,2,98,2,2,0,0,0,2,0.044703999999999994,1289.6837848869734,0.9639552990748375,130556.03394653543,1.1383626823520332,0.13194021719267604,0.06597010859633802,0.036284143110342434,0.767748584804572,7025
1079,1.0,2,98,2,2,0,0,0,2,0.040639999999999996,1289.7244248869733,0.9639569498511564,130558.12292207814,1.1383100938672912,0.1308262784914057,0.06541313924570286,0.036357396207972896,0.7639846726650641,7025
1080,1.0,2,98,2,2,0,0,0,2,0.040639999999999996,1289.7650648869733,0.9639586004762777,130560.21176597523,1.1382575103793173,0.1297123397901354,0.0648561698950677,0.03643064930560336,0.7601538600552172,7025
1081,1.0,2,98,2,2,0,0,0,2,0.044703999999999994,1289.8097688869732,0.9639602509502221,130561.88909572214,1.1382050284194658,0.128472356599212,0.064236178299606,0.03656692464806037,0.755256164157701,7025
1082,1.0,2,98,2,2,0,0,0,2,0.040639999999999996,1289.8504088869731,0.9639619012730104,130563.97768274634,1.1381524549183062,0.12735841789794167,0.06367920894897083,0.03664017774569083,0.7512752918384331,7025
1083,1.0,2,98,2,2,0,0,0,2,0.044703999999999994,1289.895112886973,0.9639635514446632,130565.65477099954,1.1380999829346745,0.12611843470701825,0.06305921735350913,0.03677645308814785,0.7461973150736604,7025
1084,1.0,2,98,2,2,0,0,0,2,0.04876799999999999,1289.9438808869731,0.9639652014652015,130566.92038741302,1.1380477089724161,0.12478170826549388,0.06239085413274694,0.0368643568053044,0.7412253529033606,7025
1085,1.0,2,98,2,2,0,0,0,2,0.040639999999999996,1289.984520886973,0.9639668513346459,130569.00859879218,1.1379951504346812,0.12366776956422357,0.061833884782111784,0.036937609902934855,0.7370016712483489,7025
1086,1.0,2,98,2,2,0,0,0,2,0.044703999999999994,1290.029224886973,0.9639685010530171,130570.68533835582,1.1379427899077317,0.12242778637330015,0.061213893186650076,0.03707388524539188,0.7316328307077966,7025
1087,1.0,2,98,2,2,0,0,0,2,0.044703999999999994,1290.073928886973,0.9639701506203361,130572.36196171376,1.137890434354236,0.1212171044214289,0.06060855221071445,0.037098766717721866,0.727446308036492,7025
1088,1.0,2,98,2,2,0,0,0,2,0.044703999999999994,1290.1186328869728,0.9639718000366233,130574.03846887809,1.1378380837734863,0.11997712123050547,0.059988560615252734,0.037235042060178886,0.7218801832830706,7025
1089,1.0,2,98,2,2,0,0,0,2,0.044703999999999994,1290.1633368869727,0.9639734493018998,130575.71485986089,1.1377856416693801,0.11873713803958204,0.05936856901979102,0.037371317402635905,0.716206749322368,7025
1090,1.0,2,98,2,2,0,0,0,2,0.04876799999999999,1290.2121048869728,0.963975098416186,130576.97983290798,1.1377333975273904,0.11740041159805767,0.058700205799028835,0.037459221119792455,0.7106166134129869,7025
1091,1.0,2,98,2,2,0,0,0,2,0.040639999999999996,1290.2527448869728,0.9639767473795029,130579.06729333018,1.137680868888168,0.11628647289678737,0.058143236448393684,0.03753247421742291,0.7058693371361399,7025
1092,1.0,2,98,2,2,0,0,0,2,0.044703999999999994,1290.2974488869727,0.9639783961918711,130580.74333584085,1.1376284417188323,0.11507579094491611,0.05753789547245806,0.0375573556897529,0.7012273133631085,7025
1093,1.0,2,98,2,2,0,0,0,2,0.040639999999999996,1290.3380888869726,0.9639800448533113,130582.83053966287,1.1375759230507945,0.1139618522436458,0.0569809261218229,0.037630608787383356,0.6963121315685993,7025
1094,1.0,2,98,2,2,0,0,0,2,0.05689599999999999,1290.3949848869727,0.9639816933638444,130583.27254329764,1.137524084676985,0.11237303682281519,0.05618651841140759,0.037844556994193035,0.6879127795698814,7025
1095,1.0,2,98,2,2,0,0,0,2,0.044703999999999994,1290.4396888869726,0.9639833417234909,130584.94825538466,1.1374717688856266,0.11116235487094395,0.05558117743547197,0.03786943846652302,0.6829582776735089,7025
1096,1.0,2,98,2,2,0,0,0,2,0.05689599999999999,1290.4965848869726,0.9639849899322717,130585.39013085395,1.137420036841317,0.10954423821106116,0.05477211910553058,0.03819478054345972,0.6728194450282906,7025
1097,1.0,2,98,2,2,0,0,0,2,0.044703999999999994,1290.5412888869726,0.9639866379902073,130587.0656376651,1.1373677309559407,0.1083335562591899,0.05416677812959495,0.03821966201578971,0.667618911286579,7025
1098,1.0,2,98,2,2,0,0,0,2,0.040639999999999996,1290.5819288869725,0.9639882858973186,130589.15224804776,1.1373152371278945,0.10721961755791959,0.053609808778959794,0.038292915113420166,0.6621598889867955,7025
1099,1.0,2,98,2,2,0,0,0,2,0.060959999999999986,1290.6428888869725,0.9639899336536262,130589.18268658292,1.1372636163294503,0.10559266136459242,0.05279633068229621,0.038235703954675314,0.6559604581940953,7025
1100,1.0,2,98,2,2,0,0,0,2,0.044703999999999994,1290.6875928869724,0.9639915812591509,130590.85787211124,1.1372112288710603,0.10438197941272116,0.05219098970636058,0.0382605854270053,0.65044122129398,7025
1101,1.0,2,98,2,2,0,0,0,2,0.05283199999999999,1290.7404248869725,0.9639932287139131,130591.71057942223,1.1371590392662494,0.10288990724249149,0.051444953621245744,0.03852290525911544,0.640726496391855,7025
1102,1.0,2,98,2,2,0,0,0,2,0.044703999999999994,1290.7851288869724,0.963994876017934,130593.38555081902,1.1371067581792693,0.10164992405156806,0.05082496202578403,0.03865918060157246,0.633487274048463,7025
1103,1.0,2,98,2,2,0,0,0,2,0.05689599999999999,1290.8420248869725,0.9639965231712339,130593.826936151,1.1370546749169934,0.10003180739168527,0.050015903695842634,0.038984522678509166,0.6220721154873523,7025
1104,1.0,2,98,2,2,0,0,0,2,0.044703999999999994,1290.8867288869724,0.9639981701738335,130595.50170242776,1.137002403744431,0.09879182420076182,0.04939591210038091,0.039120798020966185,0.6145376920241497,7025
1105,1.0,2,98,2,2,0,0,0,2,0.044703999999999994,1290.9314328869723,0.9639998170257537,130597.17635271269,1.1369500411104632,0.09755184100983841,0.048775920504919204,0.039257073363423205,0.6068785843559745,7025
1106,1.0,2,98,2,2,0,0,0,2,0.05689599999999999,1290.9883288869723,0.9640014637270149,130597.6175209568,1.1368981655334476,0.09599232682805997,0.047996163414029985,0.03935962770010584,0.5979091908356337,7025
1107,1.0,2,98,2,2,0,0,0,2,0.044703999999999994,1291.0330328869723,0.964003110277638,130599.29196618886,1.1368458128142394,0.09475234363713654,0.04737617181856827,0.03949590304256286,0.5899708572006551,7025
1108,1.0,2,98,2,2,0,0,0,2,0.04876799999999999,1291.0818008869724,0.9640047566776436,130600.55519654983,1.1367937542880115,0.09338631595656,0.04669315797828,0.039695200629846446,0.5804777015968325,7025
1109,1.0,2,98,2,2,0,0,0,2,0.05283199999999999,1291.1346328869724,0.9640064029270524,130601.40724670775,1.1367416042975578,0.09189424378633032,0.04594712189316516,0.03995752046195658,0.5693865221585498,7025
1110,1.0,2,98,2,2,0,0,0,2,0.040639999999999996,1291.1752728869724,0.9640080490258849,130603.49244680881,1.136689170057376,0.09078030508506,0.04539015254253,0.04003077355958704,0.5624948151503004,7025
1111,1.0,2,98,2,2,0,0,0,2,0.044703999999999994,1291.2199768869723,0.964009694974162,130605.16644621431,1.1366369335813538,0.08956962313318875,0.044784811566594376,0.04005565503191703,0.5555690942324069,7025
1112,1.0,2,98,2,2,0,0,0,2,0.04876799999999999,1291.2687448869724,0.9640113407719042,130606.42927182608,1.1365848948413475,0.08820359545261221,0.044101797726306104,0.04025495261920061,0.5455074665569518,7025
1113,1.0,2,98,2,2,0,0,0,2,0.040639999999999996,1291.3093848869723,0.9640129864191321,130608.51409731091,1.1365324754959658,0.0870896567513419,0.04354482837567095,0.04032820571683107,0.5382947703328331,7025
1114,1.0,2,98,2,2,0,0,0,2,0.040639999999999996,1291.3500248869723,0.9640146319158664,130610.59879157289,1.1364800611232488,0.08597571805007159,0.042987859025035796,0.04040145881446153,0.5309861571876386,7025
1115,1.0,2,98,2,2,0,0,0,2,0.05283199999999999,1291.4028568869724,0.9640162772621279,130611.45025387124,1.136428037228086,0.08451294711889411,0.042256473559447054,0.040552384776444635,0.5205698699223069,7025
1116,1.0,2,98,2,2,0,0,0,2,0.040639999999999996,1291.4434968869723,0.964017922457937,130613.53470485046,1.1363756327802925,0.08339900841762381,0.041699504208811904,0.04062563787407509,0.5130419895892928,7025
1117,1.0,2,98,2,2,0,0,0,2,0.04876799999999999,1291.4922648869724,0.9640195675033146,130614.79699591006,1.1363235224048172,0.08206228197609944,0.04103114098804972,0.04071354159123164,0.5038852019804478,7025
1118,1.0,1,99,2,1,0,1,0,2,0.03462422511591564,1291.5268891120884,0.9639983542104782,130614.3924854511,1.1362974227895861,0.08116422307567572,0.08116422307567572,0.0,1.0,7025
1119,1.0,1,99,1,1,0,0,0,1,0.020319999999999998,1291.5472091120885,0.9639991771240486,130615.43458095887,1.1362709852404174,0.08068050682267103,0.08068050682267103,0.0,1.0,7025
1120,1.0,1,99,1,1,0,0,0,1,0.024383999999999996,1291.5715931120885,0.964,130616.06565185539,1.136244645305359,0.08010004731906539,0.08010004731906539,0.0,1.0,7025
1121,1.0,1,99,1,1,0,0,0,1,0.020319999999999998,1291.5919131120886,0.9640008228383351,130617.10768497147,1.1362182102612306,0.0796163310660607,0.0796163310660607,0.0,1.0,7025
1122,1.0,1,99,1,1,0,0,0,1,0.024383999999999996,1291.6162971120887,0.9640016456390565,130617.73870244007,1.136191872826465,0.07903587156245506,0.07903587156245506,0.0,1.0,7025
1123,1.0,1,99,1,1,0,0,0,1,0.020319999999999998,1291.6366171120887,0.9640024684021667,130618.78067317064,1.136165440287021,0.07855215530945037,0.07855215530945037,0.0,1.0,7025
1124,1.0,1,99,1,1,0,0,0,1,0.020319999999999998,1291.6569371120888,0.9640032911276684,130619.8226111172,1.1361390090009273,0.07806843905644567,0.07806843905644567,0.0,1.0,7025
1125,1.0,1,99,1,1,0,0,0,1,0.024383999999999996,1291.6813211120889,0.964004113815564,130620.45354556838,1.136112675317076,0.07748797955284004,0.07748797955284004,0.0,1.0,7025
1126,1.0,1,99,1,1,0,0,0,1,0.020319999999999998,1291.701641112089,0.9640049364658562,130621.49542113865,1.1360862465351325,0.07700426329983534,0.07700426329983534,0.0,1.0,7025
1127,1.0,1,99,1,1,0,0,0,1,0.020319999999999998,1291.721961112089,0.9640057590785475,130622.53726392954,1.136059819006272,0.07652054704683064,0.07652054704683064,0.0,1.0,7025
1128,1.0,1,99,1,1,0,0,0,1,0.028447999999999994,1291.750409112089,0.9640065816536405,130622.75715939689,1.1360335854146628,0.07584334429262407,0.07584334429262407,0.0,1.0,7025
1129,1.0,1,99,1,1,0,0,0,1,0.020319999999999998,1291.7707291120892,0.9640074041911378,130623.7989430077,1.1360071603871342,0.07535962803961938,0.07535962803961938,0.0,1.0,7025
1130,1.0,1,99,1,1,0,0,0,1,0.020319999999999998,1291.7910491120892,0.964008226691042,130624.8406938438,1.135980736612422,0.07487591178661468,0.07487591178661468,0.0,1.0,7025
1131,1.0,1,99,1,1,0,0,0,1,0.020319999999999998,1291.8113691120893,0.9640090491533557,130625.88241190671,1.135954314090437,0.07439219553360998,0.07439219553360998,0.0,1.0,7025
1132,1.0,1,99,1,1,0,0,0,1,0.020319999999999998,1291.8316891120894,0.9640098715780815,130626.924097198,1.1359278928210899,0.07390847928060529,0.07390847928060529,0.0,1.0,7025
1133,1.0,1,99,1,1,0,0,0,1,0.020319999999999998,1291.8520091120895,0.9640106939652218,130627.96574971922,1.135901472804292,0.07342476302760059,0.07342476302760059,0.0,1.0,7025
1134,1.0,1,99,1,1,0,0,0,1,0.020319999999999998,1291.8723291120896,0.9640115163147792,130629.00736947192,1.135875054039954,0.0729410467745959,0.0729410467745959,0.0,1.0,7025
1135,1.0,1,99,1,1,0,0,0,1,0.020319999999999998,1291.8926491120897,0.9640123386267565,130630.04895645763,1.135848636527987,0.0724573305215912,0.0724573305215912,0.0,1.0,7025
1136,1.0,1,99,1,1,0,0,0,1,0.024383999999999996,1291.9170331120897,0.9640131609011562,130630.67958277909,1.1358223165921624,0.07187687101798557,0.07187687101798557,0.0,1.0,7025
1137,1.0,1,99,1,1,0,0,0,1,0.020319999999999998,1291.9373531120898,0.9640139831379807,130631.72110742239,1.135795901582387,0.07139315476498087,0.07139315476498087,0.0,1.0,7025
1138,1.0,1,99,1,1,0,0,0,1,0.024383999999999996,1291.9617371120898,0.9640148053372327,130632.35168036362,1.1357695841440103,0.07081269526137524,0.07081269526137524,0.0,1.0,7025
1139,1.0,1,99,1,1,0,0,0,1,0.020319999999999998,1291.98205711209,0.9640156274989148,130633.39314267064,1.1357431716360709,0.07032897900837054,0.07032897900837054,0.0,1.0,7025
1140,1.0,1,99,1,1,0,0,0,1,0.020319999999999998,1292.00237711209,0.9640164496230295,130634.43457221842,1.1357167603800575,0.06984526275536584,0.06984526275536584,0.0,1.0,7025
1141,1.0,1,99,1,1,0,0,0,1,0.020319999999999998,1292.02269711209,0.9640172717095794,130635.4759690085,1.135690350375881,0.06936154650236115,0.06936154650236115,0.0,1.0,7025
1142,1.0,1,99,1,1,0,0,0,1,0.020319999999999998,1292.0430171120902,0.9640180937585672,130636.51733304243,1.1356639416234524,0.06887783024935645,0.06887783024935645,0.0,1.0,7025
1143,1.0,1,99,1,1,0,0,0,1,0.024383999999999996,1292.0674011120902,0.9640189157699952,130637.14776390124,1.1356376304305649,0.06829737074575082,0.06829737074575082,0.0,1.0,7025
1144,1.0,1,99,1,1,0,0,0,1,0.020319999999999998,1292.0877211120903,0.9640197377438662,130638.18906561432,1.135611224179083,0.06781365449274612,0.06781365449274612,0.0,1.0,7025
1145,1.0,1,99,1,1,0,0,0,1,0.024383999999999996,1292.1121051120904,0.9640205596801827,130638.81944311375,1.1355849154824,0.06723319498914049,0.06723319498914049,0.0,1.0,7025
1146,1.0,1,99,1,1,0,0,0,1,0.020319999999999998,1292.1324251120905,0.9640213815789473,130639.86068251211,1.1355585117315095,0.06674947873613579,0.06674947873613579,0.0,1.0,7025
1147,1.0,1,99,1,1,0,0,0,1,0.020319999999999998,1292.1527451120905,0.9640222034401627,130640.90188916202,1.1355321092319222,0.0662657624831311,0.0662657624831311,0.0,1.0,7025
1148,1.0,1,99,1,1,0,0,0,1,0.020319999999999998,1292.1730651120906,0.9640230252638311,130641.94306306506,1.1355057079835493,0.0657820462301264,0.0657820462301264,0.0,1.0,7025
1149,1.0,1,99,1,1,0,0,0,1,0.03251199999999999,1292.2055771120906,0.9640238470499555,130641.75158358435,1.1354795968688722,0.06500810022531889,0.06500810022531889,0.0,1.0,7025
1150,1.0,1,99,1,1,0,0,0,1,0.020319999999999998,1292.2258971120907,0.9640246687985381,130642.79270155824,1.1354531981158165,0.06452438397231419,0.06452438397231419,0.0,1.0,7025
1151,1.0,1,99,1,1,0,0,0,1,0.020319999999999998,1292.2462171120908,0.9640254905095818,130643.8337867899,1.1354268006137085,0.0640406677193095,0.0640406677193095,0.0,1.0,7025
1152,1.0,1,99,1,1,0,0,0,1,0.020319999999999998,1292.2665371120909,0.964026312183089,130644.87483928085,1.1354004043624595,0.0635569514663048,0.0635569514663048,0.0,1.0,7025
1153,1.0,1,99,1,1,0,0,0,1,0.028447999999999994,1292.294985112091,0.9640271338190622,130645.09415035443,1.1353742019321096,0.06287974871209823,0.06287974871209823,0.0,1.0,7025
1154,1.0,1,99,1,1,0,0,0,1,0.020319999999999998,1292.315305112091,0.9640279554175041,130646.13514374167,1.1353478081777495,0.06239603245909353,0.06239603245909353,0.0,1.0,7025
1155,1.0,1,99,1,1,0,0,0,1,0.020319999999999998,1292.335625112091,0.9640287769784173,130647.17610439287,1.1353214156739821,0.061912316206088835,0.061912316206088835,0.0,1.0,7025
1156,1.0,1,99,1,1,0,0,0,1,0.020319999999999998,1292.3559451120911,0.9640295985018043,130648.21703230953,1.135295024420718,0.06142859995308414,0.06142859995308414,0.0,1.0,7025
1157,1.0,1,99,1,1,0,0,0,1,0.020319999999999998,1292.3762651120912,0.9640304199876676,130649.25792749325,1.1352686344178688,0.060944883700079444,0.060944883700079444,0.0,1.0,7025
1158,1.0,1,99,1,1,0,0,0,1,0.024383999999999996,1292.4006491120913,0.9640312414360098,130649.88795541473,1.1352423419390054,0.06036442419647381,0.06036442419647381,0.0,1.0,7025
1159,1.0,1,99,1,1,0,0,0,1,0.020319999999999998,1292.4209691120914,0.9640320628468336,130650.92878832358,1.1352159544344385,0.059880707943469114,0.059880707943469114,0.0,1.0,7025
1160,1.0,1,99,1,1,0,0,0,1,0.020319999999999998,1292.4412891120915,0.9640328842201416,130651.9695885041,1.1351895681800197,0.05939699169046442,0.05939699169046442,0.0,1.0,7025
1161,1.0,1,99,1,1,0,0,0,1,0.020319999999999998,1292.4616091120915,0.9640337055559361,130653.01035595781,1.1351631831756606,0.05891327543745972,0.05891327543745972,0.0,1.0,7025
1162,1.0,1,99,1,1,0,0,0,1,0.020319999999999998,1292.4819291120916,0.96403452685422,130654.05109068629,1.135136799421272,0.05842955918445503,0.05842955918445503,0.0,1.0,7025
1163,1.0,1,99,1,1,0,0,0,1,0.028447999999999994,1292.5103771120916,0.9640353481149956,130654.2701632443,1.1351106094412806,0.05775235643024845,0.05775235643024845,0.0,1.0,7025
1164,1.0,1,99,1,1,0,0,0,1,0.020319999999999998,1292.5306971120917,0.9640361693382655,130655.31083889965,1.1350842281820066,0.05726864017724376,0.05726864017724376,0.0,1.0,7025
1165,1.0,1,99,1,1,0,0,0,1,0.024383999999999996,1292.5550811120918,0.9640369905240325,130655.94067735868,1.1350579444301347,0.05668818067363812,0.05668818067363812,0.0,1.0,7025
1166,1.0,1,99,1,1,0,0,0,1,0.020319999999999998,1292.5754011120919,0.9640378116722988,130656.98129076062,1.1350315656679009,0.056204464420633427,0.056204464420633427,0.0,1.0,7025
1167,1.0,1,99,1,1,0,0,0,1,0.028447999999999994,1292.603849112092,0.9640386327830673,130657.20028298817,1.1350053806614702,0.05552726166642685,0.05552726166642685,0.0,1.0,7025
1168,1.0,1,99,1,1,0,0,0,1,0.020319999999999998,1292.624169112092,0.9640394538563405,130658.240837329,1.1349790043936419,0.05504354541342216,0.05504354541342216,0.0,1.0,7025
1169,1.0,1,99,1,1,0,0,0,1,0.020319999999999998,1292.644489112092,0.9640402748921209,130659.2813589554,1.1349526293751633,0.05455982916041746,0.05455982916041746,0.0,1.0,7025
1170,1.0,1,99,1,1,0,0,0,1,0.020319999999999998,1292.6648091120921,0.964041095890411,130660.32184786892,1.1349262556059454,0.054076112907412766,0.054076112907412766,0.0,1.0,7025
1171,1.0,1,99,1,1,0,0,0,1,0.020319999999999998,1292.6851291120922,0.9640419168512134,130661.3623040711,1.1348998830858994,0.05359239665440807,0.05359239665440807,0.0,1.0,7025
1172,1.0,1,99,1,1,0,0,0,1,0.020319999999999998,1292.7054491120923,0.9640427377745309,130662.40272756346,1.134873511814937,0.053108680401403374,0.053108680401403374,0.0,1.0,7025
1173,1.0,1,99,1,1,0,0,0,1,0.024383999999999996,1292.7298331120924,0.9640435586603657,130663.03234711043,1.1348472380324308,0.05252822089779774,0.05252822089779774,0.0,1.0,7025
1174,1.0,1,99,1,1,0,0,0,1,0.024383999999999996,1292.7542171120924,0.9640443795087207,130663.66194290557,1.1348209654942727,0.051947761394192105,0.051947761394192105,0.0,1.0,7025
1175,1.0,1,99,1,1,0,0,0,1,0.020319999999999998,1292.7745371120925,0.9640452003195982,130664.70227464997,1.1347945979654699,0.05146404514118741,0.05146404514118741,0.0,1.0,7025
1176,1.0,1,99,1,1,0,0,0,1,0.020319999999999998,1292.7948571120926,0.964046021093001,130665.74257369075,1.1347682316853955,0.05098032888818271,0.05098032888818271,0.0,1.0,7025
1177,1.0,1,99,1,1,0,0,0,1,0.020319999999999998,1292.8151771120927,0.9640468418289314,130666.78284002942,1.1347418666539613,0.05049661263517802,0.05049661263517802,0.0,1.0,7025
1178,1.0,1,99,1,1,0,0,0,1,0.020319999999999998,1292.8354971120928,0.9640476625273923,130667.82307366758,1.1347155028710783,0.05001289638217332,0.05001289638217332,0.0,1.0,7025
1179,1.0,1,99,1,1,0,0,0,1,0.024383999999999996,1292.8598811120928,0.964048483188386,130668.452527651,1.1346892365624472,0.04943243687856769,0.04943243687856769,0.0,1.0,7025
1180,1.0,1,99,1,1,0,0,0,1,0.020319999999999998,1292.880201112093,0.9640493038119151,130669.49269907868,1.1346628752741221,0.04894872062556299,0.04894872062556299,0.0,1.0,7025
1181,1.0,1,99,1,1,0,0,0,1,0.020319999999999998,1292.900521112093,0.9640501243979822,130670.53283781046,1.1346365152340823,0.048465004372558296,0.048465004372558296,0.0,1.0,7025
1182,1.0,1,99,1,1,0,0,0,1,0.024383999999999996,1292.924905112093,0.9640509449465899,130671.16220903229,1.1346102526611939,0.04788454486895266,0.04788454486895266,0.0,1.0,7025
1183,1.0,1,99,1,1,0,0,0,1,0.020319999999999998,1292.945225112093,0.9640517654577409,130672.20228556283,1.1345838951151805,0.047400828615947965,0.047400828615947965,0.0,1.0,7025
1184,1.0,1,99,1,1,0,0,0,1,0.020319999999999998,1292.9655451120932,0.9640525859314374,130673.24232940207,1.1345575388171867,0.04691711236294327,0.04691711236294327,0.0,1.0,7025
1185,1.0,1,99,1,1,0,0,0,1,0.020319999999999998,1292.9858651120933,0.9640534063676823,130674.28234055157,1.1345311837671235,0.046433396109938574,0.046433396109938574,0.0,1.0,7025
1186,1.0,1,99,1,1,0,0,0,1,0.028447999999999994,1293.0143131120933,0.964054226766478,130674.50088261496,1.1345050223845896,0.045756193355732,0.045756193355732,0.0,1.0,7025
1187,1.0,1,99,1,1,0,0,0,1,0.020319999999999998,1293.0346331120934,0.9640550471278271,130675.54083476134,1.1344786698255669,0.045272477102727304,0.045272477102727304,0.0,1.0,7025
1188,1.0,1,99,1,1,0,0,0,1,0.020319999999999998,1293.0549531120935,0.9640558674517322,130676.5807542226,1.1344523185142095,0.04478876084972261,0.04478876084972261,0.0,1.0,7025
1189,1.0,1,99,1,1,0,0,0,1,0.024383999999999996,1293.0793371120935,0.9640566877381958,130677.20993623142,1.1344260646534396,0.044208301346116974,0.044208301346116974,0.0,1.0,7025
1190,1.0,1,99,1,1,0,0,0,1,0.020319999999999998,1293.0996571120936,0.9640575079872205,130678.24979351286,1.1343997158348693,0.04372458509311228,0.04372458509311228,0.0,1.0,7025
1191,1.0,1,99,1,1,0,0,0,1,0.020319999999999998,1293.1199771120937,0.9640583281988088,130679.28961811382,1.1343733682636983,0.04324086884010758,0.04324086884010758,0.0,1.0,7025
1192,1.0,1,99,1,1,0,0,0,1,0.024383999999999996,1293.1443611120937,0.9640591483729634,130679.91871740574,1.134347118136018,0.04266040933650195,0.04266040933650195,0.0,1.0,7025
1193,1.0,1,99,1,1,0,0,0,1,0.020319999999999998,1293.1646811120938,0.9640599685096867,130680.95847983607,1.1343207730571034,0.04217669308349725,0.04217669308349725,0.0,1.0,7025
1194,1.0,1,99,1,1,0,0,0,1,0.020319999999999998,1293.185001112094,0.9640607886089814,130681.99820959054,1.1342944292253225,0.041692976830492556,0.041692976830492556,0.0,1.0,7025
1195,1.0,1,99,1,1,0,0,0,1,0.020319999999999998,1293.205321112094,0.96406160867085,130683.03790667067,1.134268086640587,0.04120926057748786,0.04120926057748786,0.0,1.0,7025
1196,1.0,1,99,1,1,0,0,0,1,0.020319999999999998,1293.225641112094,0.964062428695295,130684.07757107801,1.1342417453028082,0.040725544324483165,0.040725544324483165,0.0,1.0,7025
1197,1.0,1,99,1,1,0,0,0,1,0.024383999999999996,1293.2500251120941,0.9640632486823191,130684.70652869387,1.1342155013966937,0.04014508482087753,0.04014508482087753,0.0,1.0,7025
1198,1.0,1,99,1,1,0,0,0,1,0.020319999999999998,1293.2703451120942,0.9640640686319248,130685.74613094595,1.1341891625502865,0.039661368567872834,0.039661368567872834,0.0,1.0,7025
1199,1.0,1,99,1,1,0,0,0,1,0.024383999999999996,1293.2947291120943,0.9640648885441147,130686.37503536195,1.1341629211308137,0.0390809090642672,0.0390809090642672,0.0,1.0000000000000002,7025
1200,1.0,1,99,1,1,0,0,0,1,0.020319999999999998,1293.3150491120944,0.9640657084188912,130687.41457546488,1.1341365847754243,0.038597192811262504,0.038597192811262504,0.0,1.0,7025
1201,1.0,1,99,1,1,0,0,0,1,0.020319999999999998,1293.3353691120944,0.9640665282562569,130688.45408290272,1.1341102496665492,0.03811347655825781,0.03811347655825781,0.0,1.0,7025
1202,1.0,1,99,1,1,0,0,0,1,0.024383999999999996,1293.3597531120945,0.9640673480562146,130689.08290464677,1.134084011977515,0.037533017054652174,0.037533017054652174,0.0,1.0,7025
1203,1.0,1,99,1,1,0,0,0,1,0.020319999999999998,1293.3800731120946,0.9640681678187667,130690.12234994465,1.1340576793591275,0.03704930080164748,0.03704930080164748,0.0,1.0,7025
1204,1.0,1,99,1,1,0,0,0,1,0.020319999999999998,1293.4003931120947,0.9640689875439157,130691.16176258207,1.1340313479869888,0.03656558454864278,0.03656558454864278,0.0,1.0,7025
1205,1.0,1,99,1,1,0,0,0,1,0.024383999999999996,1293.4247771120947,0.9640698072316642,130691.79050166761,1.1340051140275984,0.03598512504503715,0.03598512504503715,0.0,1.0,7025
1206,1.0,1,99,1,1,0,0,0,1,0.020319999999999998,1293.4450971120948,0.9640706268820148,130692.82985217424,1.1339787851454168,0.03550140879203245,0.03550140879203245,0.0,1.0,7025
1207,1.0,1,99,1,1,0,0,0,1,0.020319999999999998,1293.4654171120949,0.96407144649497,130693.86917002505,1.1339524575092188,0.035017692539027756,0.035017692539027756,0.0,1.0,7025
1208,1.0,1,99,1,1,0,0,0,1,0.020319999999999998,1293.485737112095,0.9640722660705324,130694.90845522154,1.1339261311189162,0.03453397628602306,0.03453397628602306,0.0,1.0,7025
1209,1.0,1,99,1,1,0,0,0,1,0.020319999999999998,1293.506057112095,0.9640730856087045,130695.94770776526,1.1338998059744205,0.034050260033018365,0.034050260033018365,0.0,1.0,7025
1210,1.0,1,99,1,1,0,0,0,1,0.020319999999999998,1293.5263771120951,0.9640739051094891,130696.98692765777,1.133873482075643,0.03356654378001367,0.03356654378001367,0.0,1.0,7025
1211,1.0,1,99,1,1,0,0,0,1,0.020319999999999998,1293.5466971120952,0.9640747245728883,130698.02611490057,1.133847159422496,0.03308282752700897,0.03308282752700897,0.0,1.0,7025
1212,1.0,1,99,1,1,0,0,0,1,0.024383999999999996,1293.5710811120953,0.9640755439989052,130698.65465348115,1.1338209341655514,0.03250236802340334,0.03250236802340334,0.0,1.0,7025
1213,1.0,1,99,1,1,0,0,0,1,0.028447999999999994,1293.5995291120953,0.9640763633875419,130698.87256069748,1.133794806297897,0.031825165269196765,0.031825165269196765,0.0,1.0,7025
1214,1.0,1,99,1,1,0,0,0,1,0.020319999999999998,1293.6198491120954,0.9640771827388012,130699.91165955675,1.1337684873742853,0.03134144901619207,0.03134144901619207,0.0,1.0,7025
1215,1.0,1,99,1,1,0,0,0,1,0.020319999999999998,1293.6401691120955,0.9640780020526856,130700.9507257725,1.1337421696959502,0.030857732763187356,0.030857732763187356,0.0,1.0,7025
1216,1.0,1,99,1,1,0,0,0,1,0.020319999999999998,1293.6604891120955,0.9640788213291976,130701.98975934627,1.1337158532628033,0.030374016510182643,0.030374016510182643,0.0,1.0,7025
1217,1.0,1,99,1,1,0,0,0,1,0.020319999999999998,1293.6808091120956,0.96407964056834,130703.02876027959,1.1336895380747567,0.02989030025717793,0.02989030025717793,0.0,1.0,7025
1218,1.0,1,99,1,1,0,0,0,1,0.020319999999999998,1293.7011291120957,0.9640804597701149,130704.067728574,1.1336632241317215,0.029406584004173217,0.029406584004173217,0.0,1.0,7025
1219,1.0,1,99,1,1,0,0,0,1,0.024383999999999996,1293.7255131120958,0.9640812789345253,130704.69607825424,1.1336370075683497,0.02882612450056756,0.02882612450056756,0.0,1.0,7025
1220,1.0,1,99,1,1,0,0,0,1,0.024383999999999996,1293.7498971120958,0.9640820980615735,130705.32440424881,1.1336107922452647,0.028245664996961906,0.028245664996961906,0.0,1.0,7025
1221,1.0,1,99,1,1,0,0,0,1,0.020319999999999998,1293.770217112096,0.9640829171512623,130706.3632810063,1.1335844820321865,0.027761948743957193,0.027761948743957193,0.0,1.0,7025
1222,1.0,1,99,1,1,0,0,0,1,0.024383999999999996,1293.794601112096,0.9640837362035939,130706.99155386897,1.133558269191685,0.027181489240351537,0.027181489240351537,0.0,1.0,7025
1223,1.0,1,99,1,1,0,0,0,1,0.020319999999999998,1293.814921112096,0.9640845552185712,130708.0303685477,1.1335319614655617,0.026697772987346824,0.026697772987346824,0.0,1.0,7025
1224,1.0,1,99,1,1,0,0,0,1,0.024383999999999996,1293.839305112096,0.9640853741961964,130708.65858828432,1.1335057511072912,0.02611731348374117,0.02611731348374117,0.0,1.0,7025
1225,1.0,1,99,1,1,0,0,0,1,0.020319999999999998,1293.8596251120962,0.9640861931364725,130709.69734089039,1.13347944586777,0.025633597230736455,0.025633597230736455,0.0,1.0,7025
1226,1.0,1,99,1,1,0,0,0,1,0.020319999999999998,1293.8799451120963,0.9640870120394017,130710.73606086987,1.1334531418725542,0.025149880977731742,0.025149880977731742,0.0,1.0,7025
1227,1.0,1,99,1,1,0,0,0,1,0.020319999999999998,1293.9002651120963,0.9640878309049866,130711.77474822427,1.1334268391215556,0.02466616472472703,0.02466616472472703,0.0,1.0,7025
1228,1.0,1,99,1,1,0,0,0,1,0.020319999999999998,1293.9205851120964,0.9640886497332299,130712.81340295514,1.133400537614686,0.024182448471722316,0.024182448471722316,0.0,1.0,7025
1229,1.0,1,99,1,1,0,0,0,1,0.020319999999999998,1293.9409051120965,0.9640894685241341,130713.85202506403,1.133374237351857,0.023698732218717603,0.023698732218717603,0.0,1.0,7025
1230,1.0,1,99,1,1,0,0,0,1,0.020319999999999998,1293.9612251120966,0.9640902872777017,130714.89061455247,1.1333479383329803,0.02321501596571289,0.02321501596571289,0.0,1.0,7025
1231,1.0,1,99,1,1,0,0,0,1,0.024383999999999996,1293.9856091120967,0.9640911059939354,130715.51863398447,1.1333217366654265,0.022634556462107235,0.022634556462107235,0.0,1.0,7025
1232,1.0,1,99,1,1,0,0,0,1,0.024383999999999996,1294.0099931120967,0.9640919246728376,130716.14662974798,1.1332955362371029,0.02205409695850158,0.02205409695850158,0.0,1.0,7025
1233,1.0,1,99,1,1,0,0,0,1,0.024383999999999996,1294.0343771120968,0.9640927433144107,130716.77460184434,1.1332693370479219,0.021473637454895923,0.021473637454895923,0.0,1.0,7025
1234,1.0,1,99,1,1,0,0,0,1,0.020319999999999998,1294.0546971120968,0.9640935619186577,130717.81307042151,1.1332430429971547,0.02098992120189121,0.02098992120189121,0.0,1.0,7025
1235,1.0,1,99,1,1,0,0,0,1,0.020319999999999998,1294.075017112097,0.9640943804855807,130718.85150638591,1.1332167501898989,0.020506204948886497,0.020506204948886497,0.0,1.0,7025
1236,1.0,1,99,1,1,0,0,0,1,0.024383999999999996,1294.099401112097,0.9640951990151826,130719.47939596236,1.1331905547221626,0.01992574544528084,0.01992574544528084,0.0,1.0,7025
1237,1.0,1,99,1,1,0,0,0,1,0.024383999999999996,1294.123785112097,0.9640960175074658,130720.10726187732,1.1331643604932167,0.019345285941675186,0.019345285941675186,0.0,1.0,7025
1238,1.0,1,99,1,1,0,0,0,1,0.024383999999999996,1294.148169112097,0.9640968359624328,130720.73510413211,1.133138167502974,0.01876482643806953,0.01876482643806953,0.0,1.0,7025
1239,1.0,1,99,1,1,0,0,0,1,0.024383999999999996,1294.1725531120971,0.9640976543800862,130721.36292272806,1.133111975751346,0.018184366934463875,0.018184366934463875,0.0,1.0,7025
1240,1.0,1,99,1,1,0,0,0,1,0.020319999999999998,1294.1928731120972,0.9640984727604286,130722.40120839112,1.133085689151237,0.01770065068145916,0.01770065068145916,0.0,1.0,7025
1241,1.0,1,99,1,1,0,0,0,1,0.024383999999999996,1294.2172571120973,0.9640992911034624,130723.02897391075,1.1330594998788472,0.017120191177853506,0.017120191177853506,0.0,1.0,7025
1242,1.0,1,99,1,1,0,0,0,1,0.024383999999999996,1294.2416411120973,0.9641001094091903,130723.65671577571,1.1330333118448088,0.01653973167424785,0.01653973167424785,0.0,1.0,7025
1243,1.0,1,99,1,1,0,0,0,1,0.020319999999999998,1294.2619611120974,0.9641009276776149,130724.69491000214,1.1330070289688408,0.016056015421243137,0.016056015421243137,0.0,1.0,7025
1244,1.0,1,99,1,1,0,0,0,1,0.024383999999999996,1294.2863451120975,0.9641017459087386,130725.32259879944,1.132980843413513,0.015475555917637485,0.015475555917637485,0.0,1.0,7025
1245,1.0,1,99,1,1,0,0,0,1,0.028447999999999994,1294.3147931120975,0.9641025641025641,130725.53979945587,1.1329547551719228,0.0147983531634309,0.0147983531634309,0.0,1.0,7025
1246,1.0,1,99,1,1,0,0,0,1,0.020319999999999998,1294.3351131120976,0.9641033822590938,130726.57790544377,1.1329284760170322,0.014314636910426195,0.014314636910426195,0.0,1.0,7025
1247,1.0,1,99,1,1,0,0,0,1,0.020319999999999998,1294.3554331120977,0.9641042003783303,130727.61597883735,1.1329021981045964,0.01383092065742149,0.01383092065742149,0.0,1.0,7025
1248,1.0,1,99,1,1,0,0,0,1,0.020319999999999998,1294.3757531120978,0.9641050184602762,130728.65401963815,1.1328759214345268,0.013347204404416786,0.013347204404416786,0.0,1.0,7025
1249,1.0,1,99,1,1,0,0,0,1,0.024383999999999996,1294.4001371120978,0.964105836504934,130729.28157867272,1.1328497420733012,0.012766744900811141,0.012766744900811141,0.0,1.0,7025
1250,1.0,1,99,1,1,0,0,0,1,0.020319999999999998,1294.420457112098,0.9641066545123063,130730.31955747699,1.1328234678854292,0.012283028647806437,0.012283028647806437,0.0,1.0,7025
1251,1.0,1,99,1,1,0,0,0,1,0.020319999999999998,1294.440777112098,0.9641074724823956,130731.3575036931,1.1327971949396594,0.011799312394801732,0.011799312394801732,0.0,1.0,7025
1252,1.0,1,99,1,1,0,0,0,1,0.020319999999999998,1294.461097112098,0.9641082904152044,130732.39541732258,1.1327709232359038,0.011315596141797028,0.011315596141797028,0.0,1.0,7025
1253,1.0,1,99,1,1,0,0,0,1,0.020319999999999998,1294.4814171120981,0.9641091083107354,130733.43329836694,1.1327446527740743,0.010831879888792324,0.010831879888792324,0.0,1.0,7025
1254,1.0,1,99,1,1,0,0,0,1,0.020319999999999998,1294.5017371120982,0.9641099261689909,130734.47114682774,1.1327183835540826,0.01034816363578762,0.01034816363578762,0.0,1.0,7025
1255,1.0,1,99,1,1,0,0,0,1,0.020319999999999998,1294.5220571120983,0.9641107439899738,130735.50896270652,1.132692115575841,0.009864447382782915,0.009864447382782915,0.0,1.0,7025
1256,1.0,1,99,1,1,0,0,0,1,0.020319999999999998,1294.5423771120984,0.9641115617736864,130736.54674600478,1.1326658488392614,0.00938073112977821,0.00938073112977821,0.0,1.0,7025
1257,1.0,1,99,1,1,0,0,0,1,0.020319999999999998,1294.5626971120985,0.9641123795201313,130737.58449672408,1.1326395833442553,0.008897014876773506,0.008897014876773506,0.0,1.0,7025
1258,1.0,1,99,1,1,0,0,0,1,0.024383999999999996,1294.5870811120985,0.964113197229311,130738.21179692773,1.1326134151368676,0.008316555373167861,0.008316555373167861,0.0,1.0,7025
1259,1.0,1,99,1,1,0,0,0,1,0.020319999999999998,1294.6074011120986,0.9641140149012281,130739.2494856781,1.1325871521224757,0.007832839120163157,0.007832839120163157,0.0,1.0,7025
1260,1.0,1,99,1,1,0,0,0,1,0.020319999999999998,1294.6277211120987,0.9641148325358851,130740.2871418541,1.1325608903493936,0.007349122867158448,0.007349122867158448,0.0,1.0,7025
1261,1.0,1,99,1,1,0,0,0,1,0.024383999999999996,1294.6521051120988,0.9641156501332847,130740.91435964884,1.1325347258568563,0.0067686633635527975,0.0067686633635527975,0.0,1.0,7025
1262,1.0,1,99,1,1,0,0,0,1,0.028447999999999994,1294.6805531120988,0.9641164676934293,130741.1311563464,1.132508658637968,0.006091460609346205,0.006091460609346205,0.0,1.0,7025
1263,1.0,1,99,1,1,0,0,0,1,0.024383999999999996,1294.7049371120988,0.9641172852163216,130741.75833265089,1.1324824966162634,0.005511001105740555,0.005511001105740555,0.0,1.0,7025
1264,1.0,1,99,1,1,0,0,0,1,0.020319999999999998,1294.725257112099,0.9641181027019639,130742.7958712818,1.1324562397984639,0.005027284852735846,0.005027284852735846,0.0,1.0,7025
1265,1.0,1,99,1,1,0,0,0,1,0.020319999999999998,1294.745577112099,0.9641189201503588,130743.83337734603,1.1324299842215344,0.004543568599731138,0.004543568599731138,0.0,1.0,7025
1266,1.0,1,99,1,1,0,0,0,1,0.020319999999999998,1294.765897112099,0.964119737561509,130744.87085084511,1.1324037298853877,0.004059852346726429,0.004059852346726429,0.0,1.0,7025
1267,1.0,1,99,1,1,0,0,0,1,0.024383999999999996,1294.7902811120991,0.964120554935417,130745.4979153829,1.1323775728156429,0.0034793928431207785,0.0034793928431207785,0.0,1.0,7025
1268,1.0,1,99,1,1,0,0,0,1,0.020319999999999998,1294.8106011120992,0.9641213722720853,130746.53532694039,1.1323513209585283,0.00299567659011607,0.00299567659011607,0.0,1.0,7025
1269,1.0,1,99,1,1,0,0,0,1,0.020319999999999998,1294.8309211120993,0.9641221895715164,130747.57270593733,1.1323250703419323,0.002511960337111361,0.002511960337111361,0.0,1.0,7025
1270,1.0,1,99,1,1,0,0,0,1,0.020319999999999998,1294.8512411120994,0.964123006833713,130748.61005237524,1.1322988209657672,0.0020282440841066524,0.0020282440841066524,0.0,1.0,7025
1271,1.0,1,99,1,1,0,0,0,1,0.024383999999999996,1294.8756251120994,0.9641238240586775,130749.23700517035,1.1322726688465776,0.0014477845805010033,0.0014477845805010033,0.0,1.0,7025
1272,1.0,1,99,1,1,0,0,0,1,0.028447999999999994,1294.9040731120995,0.9641246412464125,130749.4535816037,1.1322466139774705,0.0007705818262944127,0.0007705818262944127,0.0,1.0,7025
1273,1.0,1,99,1,1,0,0,0,1,0.020319999999999998,1294.9243931120996,0.9641254583969204,130750.49083992577,1.1322203683152652,0.00028686557328970507,0.00028686557328970507,0.0,1.0,7025
1274,1.0,0,100,1,0,0,1,0,1,0.012050677257665097,1294.9364437893573,0.9641034985422741,130749.27407598807,1.1322203683152652,0.0,0.0,0.0,0.0,7025
