round,lambda_energy,alive_nodes,dead_nodes,generated_round,delivered_round,channel_drops_round,energy_drops_round,route_drops_round,fallback_direct_round,round_airtime_s,elapsed_channel_time_s,pdr,goodput_bps,average_delay_s,residual_energy_j,mean_alive_energy_j,std_alive_energy_j,jain_energy_fairness,route_changes_total
1,0.5,100,0,100,100,0,0,0,0,2.726943999999994,2.726943999999994,1.0,146684.34701996113,1.3843602024692436,49.85347286276966,0.49853472862769654,0.0024323675823374235,0.9999761955999342,0
2,0.5,100,0,100,100,0,0,0,0,2.7228799999999937,5.449823999999987,1.0,146793.73132049805,1.3873878832932391,49.70198895693287,0.49701988956932874,0.00436438178584403,0.9999228982126145,34
3,0.5,100,0,100,100,0,0,0,0,2.7228799999999937,8.172703999999982,1.0,146830.22901600288,1.3907000447121076,49.545320461658385,0.4954532046165838,0.005974387030262515,0.9998546154424713,66
4,0.5,100,0,100,100,0,0,0,0,2.7228799999999937,10.895583999999975,1.0,146848.48467048703,1.3940833258351708,49.38731471200499,0.49387314712004987,0.007444567950005827,0.9997728307729501,96
5,0.5,100,0,100,100,0,0,0,0,2.726943999999994,13.622527999999969,1.0,146815.62776013414,1.3980721411233241,49.24179769275238,0.49241797692752376,0.008768638958702476,0.9996830002750854,123
6,0.5,100,0,100,100,0,0,0,0,2.7310079999999934,16.353535999999963,1.0,146757.2517650009,1.4021334314370892,49.092040852672326,0.49092040852672325,0.01027173832216471,0.9995624016941649,141
7,0.5,100,0,100,100,0,0,0,0,2.7228799999999937,19.076415999999956,1.0,146778.0950048482,1.4024914500257477,48.95021441782152,0.4895021441782152,0.011688288664889045,0.9994301702542369,162
8,0.5,100,0,100,100,0,0,0,0,2.726943999999994,21.803359999999948,1.0,146766.36995398908,1.4012156441778063,48.80463702191785,0.48804637021917846,0.013156912534946674,0.9992737765112344,184
9,0.5,100,0,100,100,0,0,0,0,2.726943999999994,24.53030399999994,1.0,146757.2517650009,1.3990086665108123,48.65531981863208,0.4865531981863208,0.0148283952223371,0.9990720502654338,208
10,0.5,100,0,100,100,0,0,0,0,2.722879999999994,27.253183999999933,1.0,146771.84141126444,1.3955483960585202,48.512294197361825,0.48512294197361827,0.016257886819029427,0.9988781441016807,228
11,0.5,100,0,100,100,0,0,0,0,2.7228799999999937,29.976063999999926,1.0,146783.78055237708,1.3914980656658655,48.36553191771059,0.4836553191771059,0.017855917282402625,0.9986388660757696,252
12,0.5,100,0,100,100,0,0,0,0,2.726943999999994,32.70300799999992,1.0,146775.48927609387,1.38706276368506,48.21898176403914,0.4821898176403914,0.01930131040290832,0.9984002864744392,278
13,0.5,100,0,100,100,0,0,0,0,2.731007999999994,35.434015999999914,1.0,146751.64113489175,1.3826814590097403,48.07166790618027,0.48071667906180265,0.020847933572394447,0.9981227090596788,301
14,0.5,100,0,100,100,0,0,0,0,2.722879999999994,38.15689599999991,1.0,146762.46201997178,1.3789957235613899,47.928183768106756,0.4792818376810676,0.022295273242289068,0.9978407402639181,325
15,0.5,100,0,100,100,0,0,0,0,2.7269439999999943,40.88383999999991,1.0,146757.2517650009,1.3764489503175832,47.778934731303266,0.4777893473130327,0.023817472910328367,0.9975212052289834,343
16,0.5,100,0,100,100,0,0,0,0,2.722879999999994,43.6067199999999,1.0,146766.36995398908,1.3744770634862211,47.637166259241354,0.47637166259241354,0.025133746877080906,0.9972240261606444,361
17,0.5,100,0,100,100,0,0,0,0,2.722879999999994,46.3295999999999,1.0,146774.41635585058,1.3719482693267824,47.49333211419143,0.47493332114191433,0.026527367880061926,0.9968899293987117,382
18,0.5,100,0,100,100,0,0,0,0,2.722879999999994,49.052479999999896,1.0,146781.56945377716,1.3700842746382635,47.342772369336906,0.47342772369336905,0.02799377914258164,0.9965158255548925,406
19,0.5,100,0,100,100,0,0,0,0,2.722879999999994,51.77535999999989,1.0,146787.97018504585,1.3677106371882,47.19700669286211,0.4719700669286211,0.02954897626413194,0.9960955759625528,426
20,0.5,100,0,100,100,0,0,0,0,2.722879999999994,54.49823999999989,1.0,146793.731320498,1.3659198034509705,47.04845475773912,0.4704845475773912,0.030957784342472386,0.9956890523920724,451
21,0.5,100,0,100,100,0,0,0,0,2.7310079999999943,57.229247999999885,1.0,146778.09500484818,1.3636918605169648,46.9047081154724,0.46904708115472404,0.03230319778788166,0.995279335405396,477
22,0.5,100,0,100,100,0,0,0,0,2.7269439999999943,59.95619199999988,1.0,146773.83113323836,1.3620931778870615,46.75568843303596,0.4675568843303596,0.03386766466861402,0.9947805005759733,501
23,0.5,100,0,100,100,0,0,0,0,2.722879999999994,62.67907199999988,1.0,146779.45455223107,1.3607978380249999,46.61215804498069,0.4661215804498069,0.03525313950910533,0.9943125173423443,521
24,0.5,100,0,100,100,0,0,0,0,2.7269439999999943,65.40601599999987,1.0,146775.4892760938,1.3599016965588089,46.46653792939234,0.4646653792939234,0.03677598421872992,0.9937750471695637,544
25,0.5,100,0,100,100,0,0,0,0,2.722879999999994,68.12889599999986,1.0,146780.59659149652,1.3593503473899413,46.31657915982987,0.46316579159829874,0.038328648944910365,0.9931984156504464,566
26,0.5,100,0,100,100,0,0,0,0,2.722879999999994,70.85177599999984,1.0,146785.3113519698,1.359107132617322,46.170687769318526,0.46170687769318525,0.03976522687161893,0.992636833389935,588
27,0.5,100,0,100,100,0,0,0,0,2.7310079999999943,73.58278399999983,1.0,146773.4626621361,1.3593154270194443,46.02724396645843,0.4602724396645843,0.04116966665598198,0.9920628616323259,614
28,0.5,100,0,100,100,0,0,0,0,2.7391359999999945,76.32191999999982,1.0,146746.83236480458,1.3597512318658014,45.87998172705267,0.4587998172705267,0.04256327234641362,0.9914669987240079,633
29,0.5,100,0,100,100,0,0,0,0,2.722879999999994,79.04479999999981,1.0,146752.22152500896,1.3602340570591758,45.73145727266785,0.4573145727266785,0.044081422515331044,0.9907941361474085,657
30,0.5,100,0,100,100,0,0,0,0,2.7269439999999943,81.7717439999998,1.0,146749.95802951237,1.3609962672195342,45.589478301362256,0.4558947830136226,0.04542392212169489,0.9901700837636894,678
31,0.5,100,0,100,100,0,0,0,0,2.722879999999994,84.49462399999979,1.0,146754.89886788573,1.361198025127306,45.44749609286258,0.45447496092862577,0.04678542994030104,0.9895136794286918,695
32,0.5,100,0,100,100,0,0,0,0,2.726943999999994,87.22156799999978,1.0,146752.69309535954,1.3616691132057273,45.29775965604342,0.4529775965604342,0.0483689073330337,0.9887265895151949,716
33,0.5,100,0,100,100,0,0,0,0,2.7310079999999943,89.95257599999977,1.0,146743.9909669739,1.3623641110351203,45.154574090928136,0.45154574090928135,0.04980355549064896,0.9879810696251579,739
34,0.5,100,0,100,100,0,0,0,0,2.739135999999994,92.69171199999975,1.0,146722.93462440348,1.3628150266772563,45.00184878775099,0.45001848787750987,0.05141715630209181,0.9871138658634574,761
35,0.5,100,0,100,100,0,0,0,0,2.726943999999994,95.41865599999974,1.0,146721.83183967753,1.3631844408416574,44.858639955596814,0.44858639955596813,0.052766658762053054,0.9863523130254149,780
36,0.5,100,0,100,100,0,0,0,0,2.7350719999999944,98.15372799999973,1.0,146708.64055209435,1.3631799898164194,44.70863255237755,0.44708632552377553,0.05425804414612247,0.9854857089956242,804
37,0.5,100,0,100,100,0,0,0,0,2.7269439999999943,100.88067199999972,1.0,146707.98386434262,1.3634031436451175,44.56403391424965,0.4456403391424965,0.055704553897841194,0.9846156502881624,824
38,0.5,100,0,100,100,0,0,0,0,2.7269439999999943,103.60761599999971,1.0,146707.361744527,1.3637653483706844,44.418042476553055,0.44418042476553055,0.0571723314001326,0.9837026565133529,847
39,0.5,100,0,100,100,0,0,0,0,2.722879999999994,106.3304959999997,1.0,146712.37873281474,1.3642298563937663,44.277761849537676,0.4427776184953768,0.05851749591461105,0.9828335644873091,866
40,0.5,100,0,100,100,0,0,0,0,2.7350719999999944,109.06556799999969,1.0,146700.7442715564,1.3645106110048324,44.13374708059205,0.4413374708059205,0.05989483632601651,0.981915304924109,885
41,0.5,100,0,100,100,0,0,0,0,2.722879999999994,111.78844799999968,1.0,146705.67749540674,1.364280078078675,43.989901823402846,0.43989901823402844,0.061341767303018484,0.9809259547411442,908
42,0.5,100,0,100,100,0,0,0,0,2.7350719999999944,114.52351999999966,1.0,146694.75754849354,1.363901833443755,43.84253727878736,0.43842537278787364,0.06280631065403185,0.9798908865335108,931
43,0.5,100,0,100,100,0,0,0,0,2.7269439999999943,117.25046399999965,1.0,146694.51542639566,1.363586547128842,43.69480439256526,0.4369480439256526,0.06433291574263375,0.9787825546796292,949
44,0.5,100,0,100,100,0,0,0,0,2.722879999999994,119.97334399999964,1.0,146699.25346083587,1.3634019701937745,43.54924179336749,0.43549241793367494,0.06577622706615156,0.9776961103193099,973
45,0.5,100,0,100,100,0,0,0,0,2.722879999999994,122.69622399999963,1.0,146703.78120193866,1.3633791255649255,43.40673441482661,0.4340673441482661,0.06715685298404112,0.9766227573363839,998
46,0.5,100,0,100,100,0,0,0,0,2.722879999999994,125.41910399999962,1.0,146708.11234626628,1.3635074654878163,43.263433080692046,0.4326343308069205,0.0685580914131515,0.9755034849465193,1018
47,0.5,100,0,100,100,0,0,0,0,2.7269439999999943,128.1460479999996,1.0,146707.60662084605,1.3638335441234732,43.11830689251885,0.43118306892518854,0.07000223914846401,0.9743195930606654,1036
48,0.5,100,0,100,100,0,0,0,0,2.722879999999994,130.8689279999996,1.0,146711.67780941902,1.3642349361757218,42.9751248519356,0.429751248519356,0.07141558722870282,0.9731266929384016,1060
49,0.5,100,0,100,100,0,0,0,0,2.722879999999994,133.59180799999962,1.0,146715.58303934368,1.3643462469346237,42.829076987447735,0.42829076987447734,0.07285113942424208,0.971880465906613,1081
50,0.5,100,0,100,100,0,0,0,0,2.722879999999994,136.31468799999962,1.0,146719.33225567045,1.3645912812485246,42.68613504464371,0.42686135044643714,0.07425632048417649,0.9706271808207488,1097
51,0.5,100,0,100,100,0,0,0,0,2.722879999999994,139.03756799999962,1.0,146722.93462440348,1.3649621730459907,42.53904355873307,0.4253904355873307,0.07571051166983607,0.9692961107728807,1122
52,0.5,100,0,100,100,0,0,0,0,2.7310079999999943,141.76857599999963,1.0,146717.98636109638,1.3655829597447533,42.39524796773283,0.4239524796773283,0.07712835951481908,0.9679629468364479,1145
53,0.5,100,0,100,100,0,0,0,0,2.7269439999999943,144.49551999999963,1.0,146717.3515137359,1.3661864548825375,42.25059994760675,0.42250599947606754,0.07856088449393969,0.9665816119745504,1167
54,0.5,100,0,100,100,0,0,0,0,2.722879999999994,147.21839999999963,1.0,146720.79033599098,1.366891023540818,42.10565153939887,0.4210565153939887,0.07994405658518226,0.9652054406427186,1185
55,0.5,100,0,100,100,0,0,0,0,2.726943999999994,149.94534399999964,1.0,146720.1275686163,1.3673881998862059,41.959784926380784,0.41959784926380783,0.08139580617258664,0.9637343963761463,1208
56,0.5,100,0,100,100,0,0,0,0,2.7228799999999937,152.66822399999964,1.0,146723.3941229319,1.367930031380255,41.813847087840834,0.41813847087840833,0.08285875200643007,0.9622159025721343,1230
57,0.5,100,0,100,100,0,0,0,0,2.7228799999999937,155.39110399999964,1.0,146726.54619919587,1.3685740582854524,41.66378055494152,0.41663780554941515,0.08441106584696867,0.9605714250267069,1251
58,0.5,100,0,100,100,0,0,0,0,2.7228799999999937,158.11398399999965,1.0,146729.58971168578,1.3693149945468452,41.51839445674935,0.41518394456749347,0.08582675388422763,0.9590181916429072,1276
59,0.5,100,0,100,100,0,0,0,0,2.726943999999994,160.84092799999965,1.0,146728.82265389597,1.3701513566877268,41.3743633704751,0.41374363370475103,0.08726675350832912,0.9574076235759598,1298
60,0.5,100,0,100,100,0,0,0,0,2.7228799999999937,163.56380799999965,1.0,146731.7268622167,1.3707329334615637,41.22968864754498,0.4122968864754498,0.0886977186164016,0.9557659851848431,1322
61,0.5,100,0,100,100,0,0,0,0,2.726943999999994,166.29075199999966,1.0,146730.94989672097,1.3714266893304166,41.08374142111139,0.4108374142111139,0.09012373679876506,0.9540879365872957,1347
62,0.5,100,0,100,100,0,0,0,0,2.7228799999999937,169.01363199999966,1.0,146733.72618842986,1.3721918001708728,40.93957168389292,0.4093957168389292,0.09156844511313918,0.9523563974057272,1368
63,0.5,100,0,100,100,0,0,0,0,2.722879999999994,171.73651199999966,1.0,146736.41444400622,1.3730422853227295,40.78956353827237,0.40789563538272366,0.0930925724147092,0.95049145501909,1390
64,0.5,100,0,100,100,0,0,0,0,2.726943999999994,174.46345599999967,1.0,146735.6006062384,1.3737087127827352,40.64419745537683,0.40644197455376835,0.09451061664829462,0.9487027315850127,1413
65,0.5,100,0,100,100,0,0,0,0,2.722879999999994,177.18633599999967,1.0,146738.17737277466,1.3744096550842617,40.499186230954344,0.4049918623095434,0.09593866448111626,0.9468647541604792,1426
66,0.5,100,0,100,100,0,0,0,0,2.722879999999994,179.90921599999967,1.0,146740.67614190507,1.375194035515904,40.353725322938274,0.4035372532293827,0.0974000255122601,0.9449497148969308,1448
67,0.5,100,0,100,100,0,0,0,0,2.722879999999994,182.63209599999968,1.0,146743.1004022428,1.3760581180137024,40.206911297396104,0.40206911297396103,0.09886742064182083,0.9429824447570567,1472
68,0.5,100,0,100,100,0,0,0,0,2.722879999999994,185.35497599999968,1.0,146745.45343740893,1.3766995627850278,40.06330539554297,0.4006330539554297,0.10029982996622547,0.9410198819214723,1492
69,0.5,100,0,100,100,0,0,0,0,2.722879999999994,188.07785599999968,1.0,146747.73834087118,1.3774225425551283,39.91002526888059,0.3991002526888059,0.10189879717734537,0.9388005598077486,1516
70,0.5,100,0,100,100,0,0,0,0,2.7350719999999944,190.8129279999997,1.0,146740.5814348179,1.378283942256448,39.75966323915637,0.3975966323915637,0.1033790743382573,0.9366758721479354,1541
71,0.5,100,0,100,100,0,0,0,0,2.735071999999994,193.5479999999997,1.0,146733.62680058717,1.37902434253748,39.615120436467826,0.39615120436467827,0.10482382931666569,0.9345653539692458,1562
72,0.5,100,0,100,100,0,0,0,0,2.7269439999999943,196.2749439999997,1.0,146732.94213244074,1.379460260605737,39.46656648674877,0.39466566486748766,0.10633924098252136,0.9323151946922897,1585
73,0.5,100,0,100,100,0,0,0,0,2.7310079999999943,199.0059519999997,1.0,146729.27973531187,1.379686046095593,39.3240138188564,0.393240138188564,0.10774846570900139,0.9301659922777104,1604
74,0.5,100,0,100,100,0,0,0,0,2.7228799999999937,201.7288319999997,1.0,146731.62832767525,1.3799628449443473,39.183527355170995,0.39183527355170994,0.10911385662253219,0.9280356489936975,1620
75,0.5,100,0,100,100,0,0,0,0,2.726943999999994,204.4557759999997,1.0,146730.99770974455,1.380086500367441,39.03896079873488,0.3903896079873488,0.11053698754023407,0.9257791145229274,1639
76,0.5,100,0,100,100,0,0,0,0,2.7228799999999937,207.1786559999997,1.0,146733.26194374022,1.3799978195998084,38.89182010247069,0.38891820102470687,0.112008682022491,0.9234084787414858,1663
77,0.5,100,0,100,100,0,0,0,0,2.7228799999999937,209.9015359999997,1.0,146735.4674336449,1.3800011668896166,38.74744854035197,0.3874744854035197,0.11345501781574983,0.9210345494032918,1685
78,0.5,100,0,100,100,0,0,0,0,2.7310079999999934,212.6325439999997,1.0,146732.00730740465,1.3798991812019017,38.59915500660052,0.38599155006600516,0.11496067511283987,0.9185233408426281,1709
79,0.5,100,0,100,100,0,0,0,0,2.7269439999999934,215.35948799999971,1.0,146731.40381908804,1.379581658938737,38.455739513702326,0.38455739513702325,0.11637794861813891,0.9161000030253293,1728
80,0.5,100,0,100,100,0,0,0,0,2.7269439999999934,218.08643199999972,1.0,146730.8154227588,1.3793645307282798,38.312661518281985,0.3831266151828199,0.11779101003112684,0.9136396152963866,1747
81,0.5,100,0,100,100,0,0,0,0,2.7269439999999934,220.81337599999972,1.0,146730.24155927965,1.3792209987822677,38.16848706500019,0.38168487065000195,0.11921676165661538,0.9111132340575756,1769
82,0.5,100,0,100,100,0,0,0,0,2.7269439999999934,223.54031999999972,1.0,146729.68169679653,1.378960038832215,38.019722604983556,0.3801972260498356,0.12070139234834461,0.9084405483877028,1790
83,0.5,100,0,100,100,0,0,0,0,2.7228799999999933,226.26319999999973,1.0,146731.77078729568,1.3787406210481155,37.87446279019724,0.37874462790197244,0.12214206217211139,0.9057962774638041,1808
84,0.5,100,0,100,100,0,0,0,0,2.7228799999999933,228.98607999999973,1.0,146733.81019492555,1.3786086751064612,37.729896077346616,0.37729896077346614,0.1235883151036689,0.903100872448973,1833
85,0.5,100,0,100,100,0,0,0,0,2.735071999999993,231.72115199999973,1.0,146728.08117232233,1.378658171653362,37.583047137704995,0.37583047137704995,0.12505477937577053,0.9003188676208541,1857
86,0.5,100,0,100,100,0,0,0,0,2.7228799999999933,234.44403199999974,1.0,146730.1159536449,1.3786909227240223,37.43772082738788,0.37437720827387877,0.12650689692362507,0.8975169032984899,1879
87,0.5,100,0,100,100,0,0,0,0,2.7269439999999934,237.17097599999974,1.0,146729.58971168564,1.3785935268490719,37.29334477041877,0.3729334477041877,0.12794571099267263,0.8946917871807929,1896
88,0.5,100,0,100,100,0,0,0,0,2.7228799999999933,239.89385599999974,1.0,146731.56114510927,1.3785523772688455,37.1447869923437,0.371447869923437,0.12945245856660245,0.8916966263586302,1919
89,0.5,100,0,100,100,0,0,0,0,2.743199999999993,242.63705599999975,1.0,146721.19991432817,1.3785510782047332,37.00583784745517,0.3700583784745517,0.13076737416338122,0.8889915687527354,1939
90,0.5,100,0,100,100,0,0,0,0,2.7472639999999933,245.38431999999975,1.0,146708.64055209412,1.378654117349931,36.861129810447025,0.36861129810447024,0.13218574399332822,0.8860556131226378,1961
91,0.5,100,0,100,100,0,0,0,0,2.7513279999999933,248.13564799999975,1.0,146693.95668614304,1.37885001629203,36.71729979892392,0.3671729979892392,0.13356577648203444,0.8831370083527648,1985
92,0.5,100,0,100,100,0,0,0,0,2.7635199999999935,250.89916799999975,1.0,146672.46724389313,1.3789030591895615,36.57558046709168,0.36575580467091684,0.13489984687818363,0.880257045708447,2002
93,0.5,100,0,100,100,0,0,0,0,2.848863999999994,253.74803199999974,1.0,146602.12221862684,1.3794990061374592,36.430878804933435,0.36430878804933436,0.13617156333245709,0.877414684253632,2025
94,0.5,100,0,100,100,0,0,0,0,2.844799999999994,256.59283199999976,1.0,146535.66004525035,1.3801518801450758,36.29162179187205,0.36291621791872053,0.13735104595592168,0.8747102847043081,2047
95,0.5,100,0,100,100,0,0,0,0,2.8529279999999937,259.4457599999998,1.0,146466.0667416574,1.3809531416434857,36.1476506223131,0.361476506223131,0.13860253544965329,0.8718228926530206,2067
96,0.5,100,0,100,100,0,0,0,0,2.8447999999999936,262.2905599999998,1.0,146402.52397951353,1.3815349335193274,36.00894748245234,0.3600894748245234,0.13978029080036863,0.8690473047464534,2089
97,0.5,100,0,100,100,0,0,0,0,2.934207999999994,265.2247679999998,1.0,146291.0130625509,1.3825706166934,35.86770803540715,0.3586770803540715,0.140877251470637,0.8663502920424285,2111
98,0.5,100,0,100,100,0,0,0,0,2.950463999999994,268.1752319999998,1.0,146173.0813381007,1.383832008369822,35.73058414471164,0.3573058414471164,0.14189699667762504,0.8637722938539242,2126
99,0.5,100,0,100,100,0,0,0,0,2.946399999999994,271.1216319999998,1.0,146059.90568838132,1.3849238301254836,35.59280770908561,0.3559280770908561,0.14292795417560206,0.8611382213157053,2139
100,0.5,100,0,100,100,0,0,0,0,2.966719999999994,274.0883519999998,1.0,145938.3432682321,1.3862275954474734,35.454449720056296,0.35454449720056297,0.1439341459116891,0.8585083823816517,2154
101,0.5,100,0,100,100,0,0,0,0,3.027679999999994,277.1160319999998,1.0,145787.30688522573,1.3879524782878458,35.31669391452823,0.3531669391452823,0.1448586772863593,0.8559885840313262,2170
102,0.5,100,0,100,100,0,0,0,0,3.035807999999994,280.15183999999977,1.0,145635.30976630398,1.3897562959602436,35.178497476526445,0.35178497476526444,0.1458013181229362,0.8534037459549052,2181
103,0.5,100,0,100,100,0,0,0,0,3.056127999999994,283.20796799999977,1.0,145476.13293140125,1.3918199237759845,35.04193216685116,0.35041932166851164,0.1467013989829473,0.850872741949874,2194
104,0.5,100,0,100,100,0,0,0,0,3.0520639999999934,286.26003199999974,1.0,145322.41790568945,1.3939228018239531,34.90434764492016,0.3490434764492016,0.14761217945198232,0.8482854148489485,2207
105,0.5,100,0,100,100,0,0,0,0,3.0520639999999934,289.3120959999997,1.0,145171.9460772219,1.3961013522988934,34.76697193498688,0.3476697193498688,0.1485260542808808,0.8456633519515768,2222
106,0.5,100,0,100,100,0,0,0,0,3.0683199999999933,292.3804159999997,1.0,145016.5526818323,1.3984359580435608,34.63093395601624,0.3463093395601624,0.14940231558284786,0.8430870864833231,2235
107,0.5,100,0,100,100,0,0,0,0,3.0683199999999933,295.44873599999966,1.0,144864.38689654792,1.4004439655703116,34.494769352862754,0.34494769352862753,0.15027843406556268,0.8404802859892714,2247
108,0.5,100,0,100,100,0,0,0,0,3.0683199999999933,298.5170559999996,1.0,144715.34919599385,1.4023225951640903,34.35799241200838,0.3435799241200838,0.1511704808904958,0.8378100324452635,2259
109,0.5,100,0,100,100,0,0,0,0,3.0683199999999933,301.5853759999996,1.0,144569.34410506714,1.4040754077013176,34.22233888893383,0.3422233888893383,0.15205204682112658,0.8351370973555375,2270
110,0.5,100,0,100,100,0,0,0,0,3.0683199999999937,304.65369599999957,1.0,144426.27999497522,1.4055211072833236,34.08519234437132,0.34085192344371323,0.15295036972348816,0.8323911268940435,2284
111,0.5,100,0,100,100,0,0,0,0,3.072383999999994,307.72607999999957,1.0,144284.1633702287,1.406672387774164,33.94884882102971,0.33948848821029715,0.15384901892877312,0.8296200139662738,2297
112,0.5,100,0,100,100,0,0,0,0,3.0683199999999946,310.79439999999954,1.0,144146.74138272784,1.4075284268282333,33.81320059998048,0.3381320059998048,0.1547385826200406,0.8268404720572172,2307
113,0.5,100,0,100,100,0,0,0,0,3.068319999999995,313.8627199999995,1.0,144012.0062682184,1.408101378461997,33.676362088048826,0.3367636208804883,0.1556489840310317,0.8239810374495586,2320
114,0.5,100,0,100,100,0,0,0,0,3.068319999999995,316.9310399999995,1.0,143879.87998903508,1.408755183591529,33.540497429892866,0.3354049742989287,0.15654275729724876,0.821129535959178,2333
115,0.5,100,0,100,100,0,0,0,0,3.072383999999995,320.0034239999995,1.0,143748.461891458,1.4094933872276847,33.402360687570024,0.33402360687570026,0.1574666495648761,0.8181697041089873,2345
116,0.5,100,0,100,100,0,0,0,0,3.068319999999995,323.07174399999946,1.0,143621.3499376785,1.410302595635822,33.265306072630885,0.33265306072630885,0.15838195342749067,0.8152032791017116,2360
117,0.5,100,0,100,100,0,0,0,0,3.113023999999996,326.18476799999945,1.0,143476.96333876657,1.4110488185913344,33.12891561340066,0.33128915613400656,0.15925309794288223,0.8122952541169662,2376
118,0.5,100,0,100,100,0,0,0,0,3.1089599999999957,329.2937279999994,1.0,143337.0756457289,1.41185196387509,32.99349125436811,0.32993491254368107,0.16011505303380724,0.8093829188909699,2387
119,0.5,100,0,100,100,0,0,0,0,3.1089599999999953,332.4026879999994,1.0,143199.80468990697,1.4125613554543794,32.8583225527966,0.328583225527966,0.1609793513154854,0.8064378375413671,2397
120,0.5,100,0,100,100,0,0,0,0,3.1089599999999953,335.51164799999935,1.0,143065.07772868767,1.4133486705237241,32.721625195743776,0.32721625195743775,0.1618555583705786,0.8034240682312966,2407
121,0.5,100,0,100,100,0,0,0,0,3.1089599999999957,338.6206079999993,1.0,142932.8246909299,1.4138761092955154,32.5846122939755,0.325846122939755,0.1627339212118209,0.8003714504012346,2422
122,0.5,100,0,100,100,0,0,0,0,3.1130239999999954,341.7336319999993,1.0,142801.27979911587,1.4145124910354556,32.44779139337053,0.3244779139337053,0.1636186573084276,0.7972764129175001,2436
123,0.5,100,0,100,100,0,0,0,0,3.1170879999999954,344.85071999999934,1.0,142670.4285262913,1.4152326909618194,32.31161329920688,0.3231161329920688,0.16450263289033273,0.7941574942650402,2449
124,0.5,100,0,100,100,0,0,0,0,3.1170879999999954,347.9678079999993,1.0,142541.92157913672,1.416030092822065,32.17493999911887,0.3217493999911887,0.16539849581600802,0.7909779903663136,2459
125,0.5,100,0,100,100,0,0,0,0,3.113023999999996,351.0808319999993,1.0,142417.34507453855,1.4168839868196237,32.03931158959254,0.32039311589592545,0.16626921125959038,0.7878277449108003,2471
126,0.5,100,0,100,100,0,0,0,0,3.1130239999999954,354.1938559999993,1.0,142294.95838572676,1.4178156056698223,31.902223046059028,0.3190222304605903,0.16717315870951113,0.7845634931643967,2482
127,0.5,100,0,100,100,0,0,0,0,3.1089599999999957,357.30281599999927,1.0,142176.32138673126,1.418791753371991,31.764626789984124,0.31764626789984124,0.16807061419312275,0.7812743851930718,2498
128,0.5,100,0,100,100,0,0,0,0,3.1089599999999957,360.41177599999924,1.0,142059.7311448561,1.4198367862516523,31.62934551758744,0.31629345517587437,0.16895748719992196,0.7779995643657625,2513
129,0.5,100,0,100,100,0,0,0,0,3.1089599999999953,363.5207359999992,1.0,141945.13514629359,1.4209491023432137,31.492705048365973,0.3149270504836597,0.16985379817022708,0.7746586190849055,2528
130,0.5,100,0,100,100,0,0,0,0,3.1089599999999953,366.62969599999917,1.0,141832.48265846996,1.422127148957066,31.35743983890977,0.3135743983890977,0.17074151846313135,0.7713185815614607,2540
131,0.5,98,2,100,98,0,2,0,0,3.1003755268894087,369.7300715268886,0.9998473282442748,141703.3777740467,1.422941401654604,31.222611659196474,0.3185980781550661,0.1673854215233516,0.7836834950080432,2553
132,0.5,98,2,98,98,0,0,0,0,3.076447999999996,372.80651952688856,0.9998484618881649,141585.50678508982,1.423830242651857,31.091888341376123,0.3172641667487359,0.16826503026122858,0.7804668338753092,2567
133,0.5,98,2,98,98,0,0,0,0,3.072383999999996,375.87890352688856,0.9998495788206979,141471.09481550366,1.4244785368805348,30.962940748715997,0.31594837498689793,0.16912267398730443,0.7772841071217916,2580
134,0.5,98,2,98,98,0,0,0,0,3.072383999999996,378.95128752688856,0.9998506794086904,141358.53805800586,1.4252132378005489,30.832450950946928,0.31461684643823395,0.17000243136232585,0.7740085227807493,2597
135,0.5,98,2,98,98,0,0,0,0,3.092703999999996,382.04399152688853,0.9998517640083012,141240.2791216316,1.4261681034839988,30.70215456736139,0.3132872915036876,0.17086089903763452,0.7707483696105409,2615
136,0.5,98,2,98,98,0,0,0,0,3.108959999999996,385.1529515268885,0.9998528329654157,141117.96309629356,1.4272094635962524,30.57166685334519,0.31195578421780806,0.17171559834677064,0.76746349662206,2628
137,0.5,98,2,98,98,0,0,0,0,3.1089599999999957,388.26191152688847,0.999853886616014,140997.6059323264,1.4278810599637002,30.441566918368913,0.3106282338609073,0.1725616506357099,0.7641709747740926,2639
138,0.5,97,3,98,97,0,1,0,0,3.1448895087494044,391.4068010356379,0.9997823879297838,140856.00928273136,1.4286184917754594,30.31298159084761,0.31250496485409907,0.17135933620883345,0.7688297758744871,2655
139,0.5,97,3,97,97,0,0,0,0,3.088639999999996,394.4954410356379,0.9997839083771519,140736.73412865738,1.429036892435019,30.184582621008833,0.3111812641341117,0.17221644421011845,0.7655311217505653,2671
140,0.5,95,5,97,95,0,2,0,0,3.2653525648310935,397.760793600469,0.9996423462088698,140536.72684530285,1.4303301352022337,30.06084435748654,0.3164299406051215,0.16864382245552229,0.7787894661643868,2685
141,0.5,95,5,95,95,0,0,0,0,3.2105599999999956,400.971353600469,0.9996447602131439,140359.15407582416,1.4313189874731165,29.9385520980587,0.3151426536637758,0.16934341756506566,0.7759455749088675,2696
142,0.5,94,6,95,94,0,1,0,0,3.108284612597547,404.0796382130666,0.9995765702187721,140209.9849686708,1.4318758496803998,29.818003808772815,0.3172128064763066,0.16788777910202088,0.7811796671120854,2710
143,0.5,94,6,94,94,0,0,0,0,3.1902399999999953,407.2698782130666,0.9995793606281548,140034.90817988568,1.4329716487961295,29.697990310302,0.31593606713087236,0.16859008647756232,0.7783607867025771,2728
144,0.5,93,7,94,93,0,1,0,0,3.155211709314673,410.4250899223813,0.9995124669173979,139864.7436755295,1.4341968559702531,29.57919966590942,0.3180559103861228,0.1670054543271356,0.7838764912531535,2746
145,0.5,93,7,93,93,0,0,0,0,3.1536639999999947,413.5787539223813,0.999515604456439,139697.69832722878,1.435551388614165,29.461312713465123,0.31678830874693686,0.16773880559644905,0.7810253141126741,2761
146,0.5,93,7,93,93,0,0,0,0,3.0073599999999945,416.5861139223813,0.999518701870187,139582.18494732206,1.4363874121290803,29.344728931762596,0.315534719696372,0.1685706219938872,0.7779617817277736,2774
147,0.5,93,7,93,93,0,0,0,0,3.1130239999999945,419.6991379223813,0.9995217599234816,139433.2146825201,1.4376767723353319,29.225852665267368,0.3142564802716921,0.16935671644605108,0.7749375384595751,2791
148,0.5,91,9,93,91,0,2,0,0,3.100976954375446,422.8001148767567,0.9993890020366599,139271.48533808766,1.438820905923349,29.110191488355177,0.3198922141577492,0.16541316315987326,0.7890278510536848,2811
149,0.5,89,11,91,89,0,2,0,0,2.985442924080164,425.7855578008369,0.9992578098643816,139131.0694190097,1.439470975975335,29.002549508256745,0.32587134278940166,0.16087499428125052,0.8040418238647623,2827
150,0.5,89,11,89,89,0,0,0,0,3.0683199999999955,428.85387780083687,0.9992622401073106,138965.7482068446,1.4405602326089986,28.89527463850715,0.32466600717423766,0.16159100305995572,0.8014619975032645,2837
151,0.5,89,11,89,89,0,0,0,0,2.987039999999995,431.84091780083685,0.9992666177745183,138828.90094182693,1.441283790826359,28.78893354997522,0.32347116348286764,0.1623440353399272,0.7987957026063282,2855
152,0.5,89,11,89,89,0,0,0,0,3.047999999999995,434.88891780083685,0.9992709437963945,138674.49256920096,1.4421108687432687,28.684459308106508,0.32229729559670234,0.16304286112953967,0.7962342796966703,2875
153,0.5,88,12,89,88,0,1,0,0,3.03465258861202,437.92357038944886,0.9992093299070962,138517.3215181238,1.4428962130737497,28.580263835799567,0.3247757254068133,0.16100294608199056,0.8027267284412133,2895
154,0.5,87,13,88,87,0,1,0,0,3.1258005735751326,441.049370963024,0.9991483786439568,138324.65029207512,1.443723455579667,28.47903767331944,0.3273452606128672,0.15873380468461945,0.8096247406759317,2913
155,0.5,86,14,87,86,0,1,0,0,2.916096362883379,443.96546732590735,0.9990880667014069,138190.92815829878,1.443932815575599,28.37915704145084,0.3299901981564051,0.15643604115957624,0.8165028722539063,2929
156,0.5,86,14,86,86,0,0,0,0,2.987039999999995,446.95250732590733,0.9990931467806711,138037.03746763573,1.4441015816566685,28.27901597792976,0.32882576718522977,0.15716031242737272,0.8140468697197851,2946
157,0.5,83,17,86,83,0,3,0,0,2.981941023872367,449.9344483497797,0.9989049214120073,137860.0821241839,1.4441498143966367,28.17980703074369,0.3395157473583577,0.14763293226427943,0.8409859845223477,2962
158,0.5,82,18,83,82,0,1,0,0,2.909508100280762,452.8439564500605,0.9988466713654129,137698.646767469,1.4441661862135577,28.08882356068428,0.34254662878883274,0.14437391838487357,0.8491567272780715,2978
159,0.5,82,18,82,82,0,0,0,0,3.011423999999995,455.85538045006047,0.9988526993434891,137508.52285238545,1.4446584627277543,27.995496274196498,0.3414084911487378,0.14505244973694434,0.8470914417982862,2990
160,0.5,82,18,82,82,0,0,0,0,2.905759999999996,458.76114045006045,0.9988586646376261,137352.5227925431,1.4448793168297434,27.90342966044044,0.34028572756634684,0.14578485016801415,0.8449208690601229,3006
161,0.5,82,18,82,82,0,0,0,0,2.8651199999999957,461.62626045006044,0.998864568220526,137210.56496709472,1.4450836417029542,27.811112336801965,0.3391599065463654,0.14655500178641756,0.8426583180150308,3024
162,0.5,81,19,82,81,0,1,0,0,2.956634054641947,464.5828945047024,0.9988076561029181,137034.74827215276,1.4454099034146777,27.715180998708195,0.34216272837911355,0.14328574076485404,0.8508002326514283,3042
163,0.5,81,19,81,81,0,0,0,0,3.2674559999999953,467.85035050470236,0.9988136863136863,136770.22990572036,1.4468716336784042,27.61606620596081,0.34093908896247915,0.14379942539886229,0.8489730024841804,3057
164,0.5,81,19,81,81,0,0,0,0,3.6210239999999945,471.47137450470234,0.9988196558364912,136407.00894632697,1.4492094978265966,27.50942182067032,0.33962249161321384,0.14406710422388744,0.8474980271549439,3071
165,0.5,81,19,81,81,0,0,0,0,3.803903999999995,475.2752785047023,0.9988255655828904,135996.97464458062,1.4522452819824796,27.40141482687923,0.3382890719367806,0.1441414067697053,0.8463443079022843,3078
166,0.5,81,19,81,81,0,0,0,0,3.807967999999995,479.08324650470234,0.9988314164462759,135592.30149235117,1.4553869171124272,27.291340442011414,0.3369301289137211,0.1442078581658208,0.8451738820148639,3084
167,0.5,81,19,81,81,0,0,0,0,3.799839999999995,482.88308650470236,0.9988372093023256,135196.28627407778,1.4581181351365453,27.183279660044512,0.3355960451857347,0.14430022700398223,0.84396415971103,3089
168,0.5,81,19,81,81,0,0,0,0,3.824223999999995,486.7073105047024,0.9988429450094392,134799.7011426976,1.4607394337944901,27.07496940288458,0.33425888151709354,0.14439290681517564,0.8427396508784265,3095
169,0.5,81,19,81,81,0,0,0,0,3.820159999999995,490.52747050470236,0.9988486244091626,134410.41320715993,1.4633620908041807,26.966746963901688,0.33292280202347757,0.14448667775198912,0.8415020325005059,3105
170,0.5,81,19,81,81,0,0,0,0,3.840479999999995,494.3679505047024,0.9988542483265995,134021.632940321,1.4656843644293032,26.85796251137348,0.33157978409103067,0.14457083493396222,0.8402645433821702,3116
171,0.5,81,19,81,81,0,0,0,0,4.003039999999995,498.3709905047024,0.9988598175708113,133595.2558807128,1.4679430100610866,26.744874637417585,0.33018363749898255,0.14457721444442473,0.839116697122769,3124
172,0.5,81,19,81,81,0,0,0,0,4.011167999999995,502.3821585047024,0.9988653329352045,133173.51913757058,1.470042498657865,26.63258098139141,0.3287972960665606,0.1445957263183076,0.8379426492365958,3134
173,0.5,81,19,81,81,0,0,0,0,3.763263999999996,506.14542250470237,0.998870795197908,132823.48710636699,1.4715436086795566,26.52360144749911,0.3274518697222113,0.14487139461565324,0.8363051223853865,3145
174,0.5,81,19,81,81,0,0,0,0,4.043679999999996,510.18910250470236,0.9988762051221387,132405.80731411718,1.4736382936075785,26.408397454365225,0.3260295982020398,0.14487281305289013,0.8351071163063442,3157
175,0.5,81,19,81,81,0,0,0,0,4.043679999999996,514.2327825047024,0.9988815634565575,131994.69638904108,1.4758542832747903,26.29527429317809,0.3246330159651616,0.14489270004594182,0.8338834214350157,3167
176,0.5,81,19,81,81,0,0,0,0,4.043679999999996,518.2764625047024,0.9988868709356142,131590.00057692415,1.477996779055078,26.183330742241836,0.3232509968178005,0.14493234008730718,0.832621880972243,3177
177,0.5,80,20,81,80,0,1,0,0,4.0365404738246315,522.313002978527,0.9988338192419826,131185.7059067261,1.4801654139838383,26.071990426650085,0.325899880333126,0.1412936741292319,0.8417756274724296,3187
178,0.5,80,20,80,80,0,0,0,0,4.027423999999996,526.340426978527,0.9988392338943702,130789.87756114057,1.4819748771207553,25.961393493052263,0.3245174186631533,0.14135081978212333,0.840531585716955,3197
179,0.5,80,20,80,80,0,0,0,0,3.8201599999999964,530.160586978527,0.998844598497978,130451.04011626796,1.4834905994828638,25.853992152087937,0.32317490190109915,0.1416182734106958,0.8389068481335161,3209
180,0.5,79,21,80,79,0,1,0,0,3.991431879636456,534.1520188581635,0.9987924094307074,130067.8412645827,1.4854476777326218,25.74377066775793,0.32587051478174595,0.13783643153837083,0.848240195821403,3224
181,0.5,79,21,79,79,0,0,0,0,3.9827199999999965,538.1347388581635,0.998797870513481,129692.42637650108,1.4875038207640334,25.632396386966217,0.32446071375906593,0.13793591042225958,0.8469336156158833,3236
182,0.5,79,21,79,79,0,0,0,0,3.9827199999999965,542.1174588581634,0.9988032824253477,129322.52753428232,1.4896770727923982,25.519929414832035,0.32303708120040553,0.13809689377787726,0.8454855035929862,3252
183,0.5,79,21,79,79,0,0,0,0,3.946143999999996,546.0636028581634,0.9988086458274238,128966.66181630162,1.4915119311601663,25.411732378964405,0.3216674984679039,0.13824128429011973,0.8440972906488806,3270
184,0.5,79,21,79,79,0,0,0,0,3.982719999999996,550.0463228581634,0.9988139613690274,128607.35007266147,1.4934628741859322,25.30038272204913,0.3202580091398623,0.13841104487997058,0.8426127577726223,3288
185,0.5,79,21,79,79,0,0,0,0,3.9827199999999965,554.0290428581634,0.9988192296879392,128253.2042606131,1.4953495653839821,25.190707878964396,0.3188697199868912,0.13855688493383997,0.8411758755645231,3305
186,0.5,79,21,79,79,0,0,0,0,3.966463999999996,557.9955068581634,0.9988244514106583,127907.83997861476,1.4972793959072297,25.079712295912678,0.31746471260648956,0.13873800131061587,0.8396409232635896,3322
187,0.5,79,21,79,79,0,0,0,0,3.921759999999996,561.9172668581633,0.9988296271526501,127577.49979961939,1.499297998577643,24.971415424325603,0.3160938661307039,0.13894054465120353,0.8380766131996052,3339
188,0.5,79,21,79,79,0,0,0,0,3.982719999999996,565.8999868581633,0.9988347575185884,127238.03087496276,1.5015304593990302,24.86152590758321,0.3147028595896609,0.13911766107871418,0.836527917318311,3353
189,0.5,79,21,79,79,0,0,0,0,3.986783999999996,569.8867708581632,0.998839843102591,126902.40184220635,1.5035231277078822,24.75163378011862,0.31331182000150154,0.1392939251426132,0.8349640456412627,3373
190,0.5,79,21,79,79,0,0,0,0,3.962399999999996,573.8491708581632,0.9988448844884489,126576.81441166227,1.5054603567832507,24.640321481406374,0.311902803562106,0.13953441865987476,0.8332392444395753,3395
191,0.5,79,21,79,79,0,0,0,0,3.942079999999996,577.7912508581633,0.9988498822498494,126260.13268918176,1.5072905015915685,24.531929044867585,0.3105307474033871,0.13976018241396676,0.8315580460883976,3418
192,0.5,78,22,79,78,0,1,0,0,3.9646903314650523,581.7559411896283,0.9988003053768132,125935.97213667128,1.509198829975777,24.421967329129135,0.3131021452452453,0.13640403207834378,0.8404816755824114,3437
193,0.5,78,22,78,78,0,0,0,0,3.9664639999999958,585.7224051896283,0.9988053866203301,125615.8196239389,1.5114986260619687,24.31038717157588,0.311671630404819,0.13669598681056735,0.8386721939886208,3459
194,0.5,78,22,78,78,0,0,0,0,3.9217599999999955,589.6441651896282,0.9988104250027036,125309.4736827215,1.5134319378827719,24.203557168718344,0.3103020149835685,0.13695741960557903,0.8369560804263102,3482
195,0.5,78,22,78,78,0,0,0,0,3.9623999999999957,593.6065651896282,0.9988154210639673,124998.61752084352,1.5155210796031326,24.09185831424612,0.3088699783877708,0.1372727629984715,0.8350571311260069,3504
196,0.5,78,22,78,78,0,0,0,0,3.9623999999999957,597.5689651896282,0.9988203753351207,124691.88385035173,1.5177203530604497,23.98112947397518,0.3074503778714767,0.1375186946822842,0.8332874605176783,3526
197,0.5,78,22,78,78,0,0,0,0,3.942079999999996,601.5110451896282,0.998825288338317,124393.3932691319,1.5199446832937953,23.874065221585568,0.30607775925109704,0.13780162219410766,0.8314653288522323,3543
198,0.5,78,22,78,78,0,0,0,0,3.974591999999996,605.4856371896283,0.9988301605870467,124092.12603084196,1.5223827420918838,23.763255489757004,0.3046571216635513,0.13810225508816443,0.829542044880853,3565
199,0.5,78,22,78,78,0,0,0,0,3.702303999999996,609.1879411896283,0.9988349925863165,123850.12062560594,1.524157877648764,23.658374600081192,0.3033124948728358,0.1385448589784926,0.8273753519732648,3588
200,0.5,78,22,78,78,0,0,0,0,3.9420799999999954,613.1300211896283,0.9988397848328235,123562.69858227838,1.5266178879139993,23.551128959301227,0.3019375507602721,0.13884102587374111,0.8254591926228545,3611
201,0.5,78,22,78,78,0,0,0,0,3.9664639999999953,617.0964851896283,0.998844537815126,123274.07759683438,1.5291891926628858,23.443438296064283,0.30055690123159334,0.13914506316829064,0.8234996353960065,3627
202,0.5,77,23,78,77,0,1,0,0,3.957756887333895,621.0542420769622,0.9987969452871639,122984.42684259912,1.5319123343579348,23.334332879647885,0.3030432841512713,0.13613012713688882,0.8320922797630768,3647
203,0.5,76,24,77,76,0,1,0,0,3.9210758653912454,624.9753179423534,0.9987496743943736,122699.24555176304,1.534528043468717,23.226012155181753,0.3056054230944968,0.13287442787606518,0.8410124469889075,3670
204,0.5,75,25,76,75,0,1,0,0,3.8962425446982167,628.8715604870516,0.9987027139224742,122416.09390060038,1.537121956350448,23.12157683629298,0.30828769115057303,0.1293844444092843,0.8502407442905587,3686
205,0.5,75,25,75,75,0,0,0,0,3.901439999999996,632.7730004870516,0.9987077432027293,122135.42603826924,1.5393074188640294,23.01598566213537,0.3068798088284716,0.12979308948032806,0.8482613577603286,3705
206,0.5,75,25,75,75,0,0,0,0,3.901439999999996,636.6744404870516,0.9987127336388445,121858.19795223564,1.5411271163586568,22.90909737425946,0.3054546316567928,0.1302640702555071,0.8461183086190054,3726
207,0.5,75,25,75,75,0,0,0,0,3.901439999999996,640.5758804870516,0.9987176856791137,121584.34679242395,1.542898356367163,22.804337696888012,0.3040578359585068,0.13068730528253364,0.8440690327421525,3748
208,0.5,75,25,75,75,0,0,0,0,3.8892479999999963,644.4651284870515,0.9987225997649584,121316.1062469664,1.5447172887058354,22.69851085135764,0.3026468113514352,0.1311591459694314,0.8418835733905717,3770
209,0.5,75,25,75,75,0,0,0,0,3.7104319999999955,648.1755604870515,0.9987274763310597,121084.4789350367,1.5460527186759292,22.59627426059907,0.30128365680798763,0.13170325616260659,0.8395659045204104,3794
210,0.5,75,25,75,75,0,0,0,0,3.8811199999999957,652.0566804870515,0.9987323158054865,120823.8522165781,1.5474516846948163,22.490155184014874,0.299868735786865,0.1322111021503799,0.837247605142269,3815
211,0.5,74,26,75,74,0,1,0,0,3.8906043673510466,655.9472848544026,0.998686603354213,120558.46837989886,1.5487501655562033,22.38662928489515,0.3025220173634479,0.12890102544233825,0.8463451482694847,3838
212,0.5,74,26,74,74,0,0,0,0,3.637279999999996,659.5845648544026,0.9986914947156518,120342.41586220493,1.5495587845390117,22.288318253069914,0.3011934899063502,0.12957591258870987,0.8438255266026318,3855
213,0.5,74,26,74,74,0,0,0,0,3.885183999999996,663.4697488544026,0.9986963497793823,120083.84728552845,1.5506872318375127,22.184370020823472,0.29978878406518206,0.13007905420747118,0.8415587009933003,3872
214,0.5,74,26,74,74,0,0,0,0,3.8851839999999958,667.3549328544026,0.9987011689479468,119828.28936014876,1.5519299039404333,22.078164615055012,0.2983535758791218,0.13067664986561753,0.8390405623728051,3893
215,0.5,74,26,74,74,0,0,0,0,3.8811199999999957,671.2360528544026,0.9987059526179574,119576.41377974376,1.5531984485472323,21.971386192106316,0.2969106242176529,0.13120649033869358,0.8366236156322354,3914
216,0.5,74,26,74,74,0,0,0,0,3.8811199999999957,675.1171728544026,0.9987107011802043,119327.43416878504,1.5545757167894734,21.867529270843406,0.2955071523086947,0.13178058422091055,0.8341195630747461,3933
217,0.5,74,26,74,74,0,0,0,0,3.8404799999999955,678.9576528544026,0.9987154150197628,119088.42865246999,1.5559568756108437,21.764505200271405,0.29411493513880277,0.13232617513515052,0.8316548894794281,3955
218,0.5,74,26,74,74,0,0,0,0,3.860799999999996,682.8184528544026,0.9987200945160972,118848.57484556593,1.5574191517773581,21.66018980057866,0.2927052675753873,0.13286749162592792,0.8291517881614525,3974
219,0.5,74,26,74,74,0,0,0,0,3.8851839999999958,686.7036368544026,0.9987247400431627,118607.20641161961,1.5590436913483858,21.555766090746506,0.29129413636143925,0.13346752206897755,0.826489734705607,3997
220,0.5,73,27,74,73,0,1,0,0,3.624042965961071,690.3276798203636,0.9986804808914085,118407.53657925219,1.5600738813648696,21.455568516450402,0.29391189748562196,0.13067859651013233,0.8349438026519154,4021
221,0.5,72,28,73,72,0,1,0,0,3.9102351786566443,694.2379149990203,0.99863647431215,118155.45971745977,1.5617523772225645,21.35290496788624,0.2965681245539755,0.1274939765192064,0.8440156911473379,4041
222,0.5,72,28,72,72,0,0,0,0,3.905503999999996,698.1434189990202,0.9986412384141311,117907.00558063346,1.5633179048197334,21.2473559778246,0.295102166358675,0.12816697999569068,0.8413056968486272,4060
223,0.5,72,28,72,72,0,0,0,0,3.677919999999996,701.8213389990202,0.9986459693408772,117699.47052025347,1.5645701007290902,21.146899419638284,0.29370693638386514,0.1288615285853712,0.8385783454474715,4077
224,0.5,72,28,72,72,0,0,0,0,3.9014399999999956,705.7227789990202,0.9986506674377138,117456.88599930411,1.5659161037035587,21.044619148046728,0.2922863770562045,0.129473527192681,0.8359661421954471,4098
225,0.5,72,28,72,72,0,0,0,0,3.9014399999999965,709.6242189990202,0.9986553330451904,117216.96888718345,1.5669479126636177,20.942690474163086,0.29087070103004287,0.1301069727517684,0.8332785779304794,4114
226,0.5,71,29,72,71,0,1,0,0,3.8917865133655307,713.5160055123857,0.9986121081598468,116975.65205991888,1.5678537084093966,20.83731743269011,0.2934833441223958,0.12710537548009537,0.8420563797414028,4134
227,0.5,71,29,71,71,0,0,0,0,4.149343999999996,717.6653495123858,0.9986168081656015,116695.05857695676,1.5692369200777796,20.726337473312334,0.2919202461029906,0.1277328364856055,0.8393068241277866,4155
228,0.5,71,29,71,71,0,0,0,0,4.124959999999996,721.7903095123858,0.9986214764462613,116421.62397105171,1.5706906294605087,20.616875882606134,0.2903785335578329,0.1283588713373814,0.8365406355603914,4179
229,0.5,71,29,71,71,0,0,0,0,3.6210239999999967,725.4113335123858,0.9986261133219633,116231.9860536896,1.571298156581444,20.51793035516209,0.2889849345797477,0.1291100054994116,0.8336083749776368,4201
230,0.5,71,29,71,71,0,0,0,0,3.881119999999997,729.2924535123858,0.998630719108551,116002.84576174243,1.572081304489063,20.414216241055925,0.28752417240923833,0.12986610976410534,0.8305606458680197,4221
231,0.5,70,30,71,70,0,1,0,0,4.144009655795595,733.4364631681814,0.9985882352941177,115729.17936660658,1.5733624782190556,20.30621408596223,0.2900887726566033,0.12685190685593203,0.8394758541035889,4244
232,0.5,70,30,70,70,0,0,0,0,3.9014399999999965,737.3379031681814,0.9985928705440901,115496.57169946902,1.5744499678266748,20.200817983376382,0.288583114048234,0.12762947606515382,0.8364028776683824,4268
233,0.5,70,30,70,70,0,0,0,0,4.124959999999997,741.4628631681813,0.9985974754558204,115231.66465131535,1.576032185508734,20.090824815990423,0.2870117830855775,0.1283912467276498,0.833256123952571,4292
234,0.5,70,30,70,70,0,0,0,0,4.267199999999997,745.7300631681813,0.9986020503261882,114947.75956305779,1.5775588795863233,19.97906603000635,0.2854152290000907,0.12894344414900372,0.8304954029509575,4316
235,0.5,70,30,70,70,0,0,0,0,3.738879999999997,749.4689431681813,0.9986065954482118,114747.91688693302,1.578403390475831,19.880887772903538,0.28401268247005057,0.12969040426024786,0.8274608429823098,4339
236,0.5,70,30,70,70,0,0,0,0,3.7998399999999966,753.2687831681814,0.9986111111111111,114540.78800015316,1.5793358220665865,19.779938373445546,0.2825705481920792,0.13052955771614777,0.8241407111219954,4357
237,0.5,70,30,70,70,0,0,0,0,4.267199999999997,757.5359831681814,0.9986155976003692,114265.19917639704,1.5810999348981998,19.664832326643666,0.28092617609490944,0.1311461323353587,0.8210620226953359,4382
238,0.5,70,30,70,70,0,0,0,0,4.246879999999996,761.7828631681814,0.9986200551977921,113995.73841664122,1.5829406070511984,19.551472740576266,0.2793067534368037,0.13178258125689835,0.8179194069497122,4405
239,0.5,70,30,70,70,0,0,0,0,3.901439999999996,765.6843031681814,0.9986244841815681,113780.57463046128,1.5843124465263019,19.449172809406793,0.2778453258486685,0.13252971881767756,0.8146504052704713,4429
240,0.5,70,30,70,70,0,0,0,0,3.738879999999997,769.4231831681814,0.9986288848263254,113591.58641428148,1.5852612903013195,19.346456984762103,0.27637795692517286,0.1334077122184247,0.8110303087548691,4453
241,0.5,70,30,70,70,0,0,0,0,4.267199999999997,773.6903831681814,0.9986332574031891,113326.98700604182,1.5871137271965314,19.235670117286613,0.2747952873898088,0.13405360259168944,0.8077682221501291,4468
242,0.5,70,30,70,70,0,0,0,0,3.6047679999999964,777.2951511681814,0.9986376021798365,113161.64762871178,1.5878519490697063,19.132868095160845,0.2733266870737264,0.1348787277235408,0.8041730857554484,4491
243,0.5,70,30,70,70,0,0,0,0,4.0639999999999965,781.3591511681814,0.9986419194205522,112931.42195631244,1.589385511638811,19.025434039915144,0.2717919148559306,0.1355419366619079,0.800833409252631,4514
244,0.5,70,30,70,70,0,0,0,0,3.9014399999999965,785.2605911681813,0.9986462093862816,112726.91001634824,1.5907547516110827,18.92127909099714,0.27030398701424485,0.1363696000417599,0.797114526093904,4539
245,0.5,70,30,70,70,0,0,0,0,4.267199999999997,789.5277911681814,0.9986504723346828,112472.2916575387,1.592502430651838,18.810807494132757,0.2687258213447537,0.1370443875832373,0.7936016303897152,4561
246,0.5,70,30,70,70,0,0,0,0,3.9014399999999965,793.4292311681813,0.9986547085201793,112272.1428713255,1.5937656716160236,18.707244552597516,0.2672463507513931,0.13775003143593853,0.7900887465057123,4584
247,0.5,70,30,70,70,0,0,0,0,3.9014399999999965,797.3306711681813,0.9986589181940099,112073.95279185398,1.595122869000296,18.602868600196132,0.2657552657170876,0.13857704943200005,0.7862215953015087,4609
248,0.5,70,30,70,70,0,0,0,0,3.6372799999999956,800.9679511681813,0.9986631016042781,111914.5901771269,1.5961509290178666,18.50473893997016,0.2643534134281451,0.13934464871854896,0.7825643289984764,4631
249,0.5,70,30,70,70,0,0,0,0,4.246879999999996,805.2148311681814,0.9986672589960017,111672.06131753283,1.5981881132961355,18.391908465365596,0.26274154950522277,0.14008544723967115,0.7786534566374852,4657
250,0.5,70,30,70,70,0,0,0,0,4.328159999999997,809.5429911681814,0.9986713906111603,111420.88929686142,1.600429994435342,18.279634681100184,0.2611376383014312,0.14079868745697802,0.7747680602689382,4675
251,0.5,70,30,70,70,0,0,0,0,3.7388799999999964,813.2818711681814,0.9986754966887417,111252.94096379695,1.601794330695074,18.18055091996269,0.2597221559994671,0.14157857073099187,0.7709203306125577,4704
252,0.5,70,30,70,70,0,0,0,0,3.718559999999997,817.0004311681814,0.9986795774647887,111089.29265830075,1.603203042213747,18.07866933119011,0.2582667047312872,0.1425713034998981,0.766437076141236,4724
253,0.5,70,30,70,70,0,0,0,0,3.7226239999999966,820.7230551681814,0.998683633172444,110926.57800546887,1.6047093310647,17.976315084568462,0.25680450120812087,0.14356377311233678,0.7618903748187275,4749
254,0.5,69,31,70,69,0,1,0,0,4.114995899173572,824.838051067355,0.9986439195100613,110707.79273802353,1.606753031636987,17.865903246554975,0.25892613400804315,0.14217384383285372,0.7683440870571785,4773
255,0.5,69,31,69,69,0,0,0,0,3.946143999999996,828.784195067355,0.9986480003489031,110513.69046987721,1.608324061527866,17.764408743548486,0.2574551991818621,0.14295057977549203,0.764352764318118,4801
256,0.5,69,31,69,69,0,0,0,0,3.759199999999996,832.5433950673549,0.9986520567005827,110346.20002308425,1.6097155652576016,17.664364230963088,0.25600527870960993,0.14391750672515521,0.7598606347039711,4828
257,0.5,68,32,69,68,0,1,0,0,4.273727512462649,836.8171225798176,0.9986127368101617,110107.68961794453,1.611593051383489,17.55399426261176,0.25814697445017304,0.1424261669551825,0.7666356526588984,4854
258,0.5,68,32,68,68,0,0,0,0,4.206239999999998,841.0233625798176,0.9986168143505512,109880.41963130319,1.6128666790358896,17.442242551552237,0.2565035669345917,0.14327974433510168,0.7621833590109058,4879
259,0.5,67,33,68,64,0,1,3,0,3.612895999999996,844.6362585798175,0.998448476490109,109713.49981566406,1.6132588535689216,17.348457410246297,0.2589322001529298,0.14159163888561732,0.7698099226381002,4909
260,0.5,66,34,67,57,0,2,8,0,3.4659648711524134,848.10222345097,0.9980232058444349,109533.96587265338,1.6134262913409902,17.258767084945294,0.2614964709840196,0.13971005575735315,0.7779402249193246,4937
261,0.5,65,35,66,42,0,2,22,0,2.273543143236663,850.3757665942067,0.9970003428179637,109438.6783536007,1.6125823553397818,17.19855246322548,0.26459311481885356,0.13727743767132172,0.7879108960444435,4958
262,0.5,64,36,65,47,0,1,17,0,2.5359359999999955,852.9117025942066,0.9962394769454297,109333.70912412829,1.6120936314521706,17.131740093283607,0.2676834389575563,0.13484987746671542,0.7975878285177537,4984
263,0.5,63,37,64,38,0,2,24,0,2.499359999999997,855.4110625942067,0.9951417004048583,109191.94768972653,1.6114538769366624,17.065989216632392,0.2708887177243237,0.13178863516126435,0.8086121554353866,5010
264,0.5,62,38,63,36,0,2,25,0,2.4140159999999975,857.8250785942066,0.9940071404284258,109052.5356909655,1.6106758822174392,17.00320004304021,0.27424516198451937,0.1284321951403319,0.8201320973963573,5035
265,0.5,62,38,62,45,17,0,0,28,1.308608,859.1336865942067,0.9933022467147096,109095.94334678953,1.6088282157103708,16.91552139635662,0.2728309902638165,0.1279474407961477,0.8197221129432718,5037
266,0.5,62,38,62,45,17,0,0,28,1.3492479999999996,860.4829345942067,0.9926010485371216,109134.06440103996,1.6070497772095926,16.824358483399777,0.2713606206999964,0.1276272642331876,0.8188639052380258,5039
267,0.5,62,38,62,46,16,0,0,28,1.361439999999999,861.8443745942067,0.9919456860926035,109175.16291070827,1.6052588360743496,16.733843782317688,0.2699007061664144,0.12727882527787615,0.8180732822954665,5041
268,0.5,62,38,62,46,16,0,0,28,1.3248639999999996,863.1692385942067,0.9912937415881561,109220.75971282505,1.6034407446440249,16.643714606320692,0.26844700977936603,0.1269299538156494,0.8172814141707385,5043
269,0.5,62,38,62,45,17,0,0,28,1.2842239999999996,864.4534625942067,0.990603238526722,109266.72641988097,1.601623171487053,16.56045227980708,0.2671040690291464,0.12657408661533215,0.816621158641056,5045
270,0.5,62,38,62,45,17,0,0,28,1.2842239999999994,865.7376865942067,0.9899163179916318,109312.55675410871,1.5998362172788976,16.476022232720887,0.26574229407614325,0.1261790505531727,0.8160257593683639,5047
271,0.5,62,38,62,46,16,0,0,28,1.3655039999999994,867.1031905942067,0.9892746849177865,109352.61342427069,1.5981289141543455,16.381802407901326,0.2642226194822794,0.12595474242836413,0.8148350568590407,5049
272,0.5,62,38,62,45,17,0,0,28,1.2923519999999995,868.3955425942067,0.9885947385947386,109397.15295659068,1.596334209138675,16.29684776118366,0.26285238324489774,0.12565889562896806,0.8139741659586552,5051
273,0.5,62,38,62,44,18,0,0,28,1.3045439999999995,869.7000865942067,0.9878767748899776,109435.42661093026,1.5946247084032614,16.210524970600083,0.2614600801709691,0.12526691347045427,0.8133110384124879,5053
274,0.5,62,38,62,45,17,0,0,28,1.3167359999999995,871.0168225942067,0.987203909226437,109476.64560139603,1.5929086111303046,16.123535869622934,0.26005703015520854,0.12493399994595927,0.8124837967554708,5055
275,0.5,62,38,62,45,17,0,0,28,1.3086079999999995,872.3254305942068,0.9865344898802147,109518.760601675,1.5911952370539921,16.03645653416238,0.2586525247445545,0.12458692713587047,0.8116800337174105,5057
276,0.5,62,38,62,44,18,0,0,28,1.3045439999999995,873.6299745942067,0.9858272907053395,109556.68049789313,1.5894485415550257,15.94949026042148,0.2572498429100239,0.12435175946782483,0.8105928387141563,5059
277,0.5,61,39,62,44,17,1,0,28,1.2873633444945556,874.9173379387013,0.9851236952412262,109596.63941042866,1.5877204867311632,15.863817894259293,0.26006258843048025,0.12055997382999077,0.823108281975471,5061
278,0.5,61,39,61,45,16,0,0,28,1.2842239999999996,876.2015619387013,0.9845050215208034,109641.43888015675,1.5859422226374316,15.778062867456567,0.25865676831896006,0.1202229473004569,0.8223437660620103,5063
279,0.5,61,39,61,43,18,0,0,28,1.3086079999999995,877.5101699387013,0.9838076545632973,109673.94259000197,1.5842929215864705,15.68957893947842,0.25720621212259703,0.11985873127588179,0.821585815881612,5065
280,0.5,61,39,61,44,17,0,0,28,1.2720319999999998,878.7822019387013,0.9831545458253457,109715.46736756216,1.5825466263776211,15.605483825373398,0.25582760369464586,0.11958938355140954,0.8206679470628989,5067
281,0.5,61,39,61,45,16,0,0,28,1.3533119999999994,880.1355139387013,0.9825453657742697,109751.28087687599,1.5808817968170836,15.513386816820255,0.2543178166691845,0.11929636011221219,0.819645537764993,5069
282,0.5,61,39,61,45,16,0,0,28,1.2923519999999995,881.4278659387013,0.9819392020780064,109794.57734404129,1.5791689042134176,15.426805526499118,0.25289845125408383,0.11900604356193469,0.8187093367750904,5071
283,0.5,61,39,61,43,18,0,0,28,1.3004799999999996,882.7283459387013,0.9812550607287449,109827.67285772909,1.577583571927831,15.339492304060414,0.25146708695181,0.11871062206841869,0.817760337411454,5073
284,0.5,61,39,61,44,17,0,0,28,1.3004799999999996,884.0288259387013,0.9806146763054804,109865.19573823783,1.5758941330889134,15.252062843648662,0.25003381710899447,0.11852652258908375,0.8165159710524804,5075
285,0.5,61,39,61,43,18,0,0,28,1.2679679999999998,885.2967939387013,0.979937152525985,109902.12623173337,1.5742567706734767,15.168321126601459,0.24866100207543376,0.11829218617732956,0.8154569147378653,5077
286,0.5,61,39,61,45,16,0,0,28,1.3045439999999997,886.6013379387012,0.9793433267692803,109943.43887031151,1.5725912600017793,15.08090076476286,0.24722788138955507,0.11802125157951268,0.8144051055532235,5079
287,0.5,61,39,61,44,17,0,0,28,1.2923519999999995,887.8936899387013,0.9787123155869147,109981.63530899936,1.5709708930373119,14.995849518142991,0.24583359865808185,0.11784079117114202,0.8131547627355232,5081
288,0.5,61,39,61,44,17,0,0,28,1.2801599999999993,889.1738499387013,0.9780843831233753,110021.22926438306,1.5693492111233778,14.909639710378864,0.24442032312096496,0.11776990990971883,0.8115805653188912,5083
289,0.5,61,39,61,45,16,0,0,28,1.2720319999999994,890.4458819387013,0.9774994015798293,110066.20614226942,1.5677029152578619,14.826788155532938,0.243062100910376,0.11761437123602235,0.8102770652360096,5085
290,0.5,61,39,61,43,18,0,0,28,1.3086079999999993,891.7544899387013,0.9768376646635094,110097.56733240427,1.5661958108756695,14.739394482196753,0.24162941774093033,0.1174322002269833,0.8089324131000971,5087
291,0.5,61,39,61,44,17,0,0,28,1.2882879999999992,893.0427779387013,0.9762188343655709,110135.82151912457,1.5646217901803434,14.652843048625261,0.24021054178074197,0.11735668449902359,0.807305453475498,5089
292,0.5,61,39,61,43,18,0,0,28,1.2517119999999995,894.2944899387013,0.9755633886490555,110173.99873139498,1.5630866152578655,14.572170133488159,0.2388880349752157,0.1172252061374614,0.8059328341129817,5091
293,0.5,61,39,61,45,16,0,0,28,1.3126719999999992,895.6071619387013,0.9749901224812327,110213.50006439089,1.561519902429931,14.483381466817917,0.23743248306258877,0.1172764359481967,0.8038761559902371,5093
294,0.5,61,39,61,45,16,0,0,28,1.3289279999999994,896.9360899387013,0.9744196129439123,110250.88755962337,1.5599131933255002,14.391370614999527,0.2359241084426152,0.11718542515297152,0.8021053812035904,5095
295,0.5,60,40,61,44,16,1,0,28,1.2984568396076184,898.234546778309,0.9738125196602705,110287.45259833537,1.558287090739022,14.305938631047741,0.2384323105174624,0.11400421095785368,0.8139222338216691,5097
296,0.5,60,40,60,45,15,0,0,27,1.272032,899.506578778309,0.9732857367017104,110331.59994759697,1.5566620333886731,14.223846694110145,0.23706411156850243,0.1138321620412445,0.8126331066977039,5099
297,0.5,60,40,60,44,16,0,0,27,1.3492479999999996,900.8558267783089,0.9727222917971196,110361.72164812584,1.5551109437577826,14.132441666958684,0.2355406944493114,0.11361801710851706,0.8112393312834456,5101
298,0.5,60,40,60,45,15,0,0,27,1.3045439999999997,902.1603707783089,0.9722005310010933,110401.65720654899,1.553459079848248,14.047832076288104,0.23413053460480174,0.11355058761430972,0.8095764970328343,5103
299,0.5,60,40,60,44,16,0,0,27,1.3126719999999996,903.4730427783089,0.9716422561545652,110436.05650166885,1.5519053257261848,13.961474517213087,0.23269124195355148,0.11342176877052783,0.8080204002943887,5105
300,0.5,60,40,60,44,16,0,0,27,1.2882879999999997,904.7613307783089,0.9710865847971397,110473.33324250013,1.5503663138177701,13.877153519897337,0.23128589199828892,0.11330501503633619,0.806455660147804,5107
301,0.5,60,40,60,43,17,0,0,27,1.2801599999999993,906.0414907783089,0.9704947270471465,110507.08054659986,1.5488533098148667,13.793471483825208,0.2298911913970868,0.1131897311171503,0.8048804544729781,5109
302,0.5,60,40,60,45,15,0,0,27,1.2517119999999993,907.2932027783089,0.969982980040229,110553.0160402939,1.5472733757818442,13.712950791579999,0.22854917985966666,0.11305844264779548,0.8034018267072898,5111
303,0.5,60,40,60,45,15,0,0,27,1.2598399999999994,908.553042778309,0.9694736029638777,110597.83553497883,1.5457416494656746,13.63112403903739,0.22718540065062318,0.11293741511649483,0.8018449127739335,5113
304,0.5,60,40,60,45,15,0,0,27,1.2842239999999991,909.837266778309,0.9689665793931926,110639.5656406189,1.544194569075725,13.547596893994216,0.22579328156657028,0.11288793689550759,0.8000246705534583,5115
305,0.5,60,40,60,43,17,0,0,27,1.3045439999999995,911.1418107783089,0.9683850645359557,110669.92954023766,1.5426951987645576,13.460754870507797,0.22434591450846328,0.11279649499741921,0.7982202348956884,5117
306,0.5,60,40,60,45,15,0,0,27,1.2801599999999995,912.421970778309,0.967882875977311,110711.93289419796,1.5410837858076933,13.377411293185324,0.22295685488642203,0.11275117897046324,0.7963424960682017,5119
307,0.5,60,40,60,44,16,0,0,27,1.2760959999999997,913.698066778309,0.9673447537473233,110749.93335249364,1.539495063462732,13.293869586661812,0.2215644931110302,0.11267948061815546,0.7945107438316034,5121
308,0.5,59,41,60,42,17,1,0,27,1.2505494188504764,914.9486161971595,0.9667327941400885,110782.17749679425,1.5379154490924247,13.211678860690473,0.22392676035068595,0.10982434900477915,0.806101298052223,5123
309,0.5,59,41,59,43,16,0,0,27,1.2273279999999998,916.1759441971594,0.9661984697955921,110821.5082955185,1.5363399297327225,13.129382009359457,0.2225318984637196,0.10981907796097136,0.8041556097985467,5124
310,0.5,59,41,59,44,15,0,0,27,1.243584,917.4195281971595,0.9657045195594379,110863.1295432184,1.5347378686136417,13.046876894727097,0.22113350669028975,0.10982669429927644,0.8021404068155472,5125
311,0.5,59,41,59,44,15,0,0,27,1.2354559999999999,918.6549841971595,0.9652127780514609,110905.61935941546,1.5331394278232,12.96545016301097,0.2197533925934063,0.10988180910748194,0.799985109608164,5126
312,0.5,59,41,59,43,16,0,0,27,1.2517119999999997,919.9066961971595,0.9646854204476709,110941.68617523227,1.5316096741618723,12.881524233773472,0.2183309192164995,0.10992706854592314,0.7977659412464051,5127
313,0.5,59,41,59,43,16,0,0,27,1.19888,921.1055761971595,0.964160410457615,110984.02033570845,1.5300551729455718,12.803119624329144,0.21700202753100242,0.10994171647202618,0.7957454996581804,5128
314,0.5,59,41,59,44,15,0,0,27,1.1948159999999999,922.3003921971595,0.9636753745388843,111031.07064288137,1.5284468630054808,12.72606152673869,0.21569595808031677,0.10998521571093478,0.7936465475700432,5129
315,0.5,59,41,59,42,17,0,0,27,1.2354559999999999,923.5358481971595,0.9631173708920188,111064.44887898125,1.5269252009417142,12.642561375162893,0.21428070127394735,0.11004134819234956,0.7913135354396164,5130
316,0.5,59,41,59,43,16,0,0,27,1.207008,924.7428561971594,0.9625993104482087,111105.48117399515,1.52540090493646,12.563225987210195,0.21293603368152875,0.1101109854947148,0.7890162809827511,5131
317,0.5,59,41,59,44,15,0,0,27,1.2232639999999997,925.9661201971594,0.962120928841192,111148.77505246733,1.523861530082839,12.482838986175414,0.2115735421385663,0.11020525489799496,0.7865839902984001,5132
318,0.5,59,41,59,43,16,0,0,27,1.2435839999999998,927.2097041971595,0.9616073427356168,111185.20387927128,1.5223549021643532,12.400436616114197,0.21017689179854573,0.1102958485009069,0.7840737992468958,5133
319,0.5,59,41,59,43,16,0,0,27,1.1907519999999998,928.4004561971594,0.9610960128066713,111227.86434528677,1.520822438562513,12.321997421266037,0.20884741391976333,0.11037426192076161,0.7816749314238546,5134
320,0.5,59,41,59,43,16,0,0,27,1.2191999999999996,929.6196561971594,0.9605869242199109,111267.01044933872,1.5193290180720067,12.240428313693986,0.20746488667277943,0.11049346150861715,0.77902808989877,5135
321,0.5,59,41,59,43,16,0,0,27,1.1907519999999996,930.8104081971594,0.9600800622706549,111309.45581138613,1.5178375749640243,12.163509440131515,0.20616117695138161,0.11061347320385341,0.7764735363617503,5136
322,0.5,59,41,59,44,15,0,0,27,1.2395199999999997,932.0499281971594,0.9596123973666691,111350.25802828693,1.5163283838573547,12.081004802664554,0.2047627932655009,0.11080084646964304,0.7735096100500775,5137
323,0.5,59,41,59,44,15,0,0,27,1.2679679999999995,933.3178961971594,0.9591467690150202,111387.5566123709,1.514824459115266,11.996361549133928,0.2033281618497276,0.11098922418830029,0.7704362660449632,5138
324,0.5,59,41,59,43,16,0,0,27,1.2273279999999998,934.5452241971593,0.9586463396671085,111425.31929308908,1.5133406243169851,11.914558341366673,0.20194166680282497,0.11113563240440708,0.7675368934670134,5139
325,0.5,59,41,59,43,16,0,0,27,1.2354559999999997,935.7806801971593,0.9581480801028844,111462.01477254716,1.5118691641847757,11.832941112079514,0.2005583239335511,0.11134337788662033,0.7644029880157106,5140
326,0.5,59,41,59,43,16,0,0,27,1.2395199999999997,937.0202001971593,0.9576519762411088,111498.12989945906,1.510405972115555,11.750576845337154,0.19916231941249413,0.11151052204967678,0.7613331556868848,5141
327,0.5,59,41,59,42,17,0,0,27,1.2070079999999999,938.2272081971593,0.9571214283101014,111533.75119133199,1.5089617340964572,11.671053981750823,0.19781447426696308,0.11168900869729495,0.7582708177919215,5142
328,0.5,59,41,59,43,16,0,0,27,1.2354559999999997,939.4626641971593,0.9566296728971962,111570.16025705829,1.5075207767572492,11.588772426037075,0.19641987162774702,0.11187344107641319,0.7550579143152018,5143
329,0.5,59,41,59,43,16,0,0,27,1.2313919999999998,940.6940561971593,0.9561400313285491,111606.95585175001,1.5060558960104033,11.506738762922842,0.19502947055801423,0.11204897438221578,0.7518361614493225,5144
330,0.5,59,41,59,43,16,0,0,27,1.2598399999999996,941.9538961971593,0.9556524900036351,111640.28348367177,1.5046274968057574,11.421987465336656,0.19359300788706196,0.11234351758008809,0.7480790900233089,5145
331,0.5,59,41,59,43,16,0,0,27,1.2476479999999999,943.2015441971594,0.9551670354383547,111674.96559778981,1.5032122507675354,11.338153671194455,0.19217209612193992,0.11264380878819072,0.7442775229833066,5146
332,0.5,58,42,59,43,15,1,0,27,1.237058114707726,944.438602311867,0.9546836542637903,111710.80866637541,1.5017995983594503,11.254811025936426,0.1940484659644211,0.11108584037284774,0.7531734022684754,5147
333,0.5,57,43,58,41,16,1,0,27,1.208056639343327,945.6466589512104,0.9541645597052661,111741.52523014606,1.5005028956471353,11.173702072596377,0.1960298609227435,0.10930444938314633,0.7628303212594543,5148
334,0.5,56,44,57,41,15,1,0,26,1.1683516186981808,946.8150105699085,0.9536820098763652,111776.8506186836,1.4991330640154235,11.095241471630896,0.19812931199340886,0.10738009760819471,0.7729580733321326,5149
335,0.5,56,44,56,40,16,0,0,26,1.129792,947.9448025699085,0.9531997553868844,111812.41746634648,1.4977554702682359,11.020735314331317,0.19679884489877356,0.10766905551104675,0.7696329465410789,5150
336,0.5,56,44,56,40,16,0,0,26,1.1623039999999996,949.1071065699084,0.9527194399569198,111844.06824603326,1.4963953524235207,10.94160592409516,0.19538582007312785,0.10798113142259834,0.7660319534806087,5151
337,0.5,55,45,56,39,16,1,0,26,1.1400673635506793,950.2471739334591,0.9522052237469099,111874.05015891603,1.495098625688822,10.86502446126882,0.19754589929579666,0.10603234263668765,0.7763382735558956,5152
338,0.5,54,46,55,39,15,1,0,25,1.1057774403077243,951.3529513737668,0.9517270971894444,111907.99360664673,1.4936886318493343,10.790946284647566,0.19983233860458452,0.10387142496215428,0.7872871215210242,5153
339,0.5,54,46,54,40,14,0,0,25,1.109472,952.4624233737668,0.9513204853675946,111945.62366284391,1.4922596808563906,10.717198958664744,0.19846664738268044,0.10428585439318296,0.783634002017007,5154
340,0.5,54,46,54,39,15,0,0,25,1.1216640000000002,953.5840873737668,0.9508798176248486,111977.53969875812,1.490885797642442,10.640906834142886,0.19705383026190532,0.10466980626009213,0.7799427014883804,5155
341,0.5,54,46,54,39,15,0,0,25,1.1176,954.7016873737668,0.9504408418657565,112009.85754425972,1.4895264120309117,10.566005710767207,0.19566677242161498,0.10509078214273224,0.7761165340373479,5156
342,0.5,54,46,54,40,14,0,0,25,1.105408,955.8070953737669,0.9500390320062451,112047.71393554081,1.4880987447090521,10.491749485742492,0.1942916571433795,0.10551902520428906,0.7722286296231365,5157
343,0.5,54,46,54,40,14,0,0,25,1.129792,956.9368873737668,0.9496387590310242,112082.6267804924,1.4866935243692274,10.414827682580096,0.19286717930703878,0.1059881931902864,0.7680526925234835,5158
344,0.5,54,46,54,39,15,0,0,25,1.1176,958.0544873737668,0.9492046659597031,112114.70893940424,1.4853370196851363,10.338898152001953,0.19146107688892508,0.10647502526758905,0.7637857637601783,5159
345,0.5,54,46,54,40,14,0,0,25,1.101344,959.1558313737669,0.9488075077617838,112152.78735878425,1.4839534844458198,10.264543469516338,0.19008413832437665,0.10693948081679566,0.7595853343415565,5160
346,0.5,54,46,54,40,14,0,0,25,1.0972800000000003,960.2531113737668,0.9484118599901401,112191.25324767276,1.4825471998220587,10.19153639219944,0.18873215541110072,0.10739214131760878,0.7554111754959947,5161
347,0.5,53,47,54,39,14,1,0,25,1.1295432654759714,961.3826546392428,0.9479825671306059,112221.70431240492,1.4812105783257117,10.116614786828707,0.19087952427978694,0.10572647390920413,0.7652307460939042,5163
348,0.5,53,47,53,38,15,0,0,25,1.121664,962.5043186392428,0.9475530608665147,112248.84700023313,1.4799501429657298,10.040452975660774,0.18944250897473158,0.1063229521716114,0.7604610445044842,5164
349,0.5,53,47,53,38,15,0,0,25,1.13792,963.6422386392428,0.9471251488199454,112274.03247991463,1.4786897934198426,9.962328638305843,0.18796846487369517,0.10688805578374413,0.7556513990010925,5165
350,0.5,53,47,53,39,14,0,0,25,1.0810240000000002,964.7232626392428,0.9467337737233931,112309.92782695717,1.4773465157372079,9.89157844206575,0.18663355551067454,0.107321430269696,0.7515017045130061,5166
351,0.5,53,47,53,38,15,0,0,25,1.1176000000000001,965.8408626392428,0.9463089589729277,112337.34686220923,1.4760836528188654,9.816356780003694,0.18521427886799427,0.10784529978581525,0.7468025592857667,5167
352,0.5,53,47,53,39,14,0,0,25,1.1297919999999997,966.9706546392428,0.9459205348748129,112367.42240180739,1.474806122738329,9.739357380070151,0.18376146000132365,0.10849948934459461,0.7415012663053686,5168
353,0.5,51,49,53,37,14,2,0,25,1.1283621585487031,968.0990167977915,0.9454640250260689,112389.33013266977,1.4736244011004203,9.665096877640373,0.18951170348314453,0.10486637699756365,0.7655814980563831,5169
354,0.5,50,50,51,35,15,1,0,23,1.046435367592585,969.1454521653841,0.9450053780229694,112412.43484823038,1.4724167798182457,9.600172916424118,0.1920034583284824,0.1028527300602176,0.7770280460142466,5170
355,0.5,50,50,50,36,14,0,0,23,1.129792,970.275244165384,0.9446157043399952,112429.95289840238,1.4712044183496347,9.524763063884555,0.1904952612776911,0.1034561712648017,0.7722321878899913,5171
356,0.5,50,50,50,35,15,0,0,23,1.0647680000000004,971.340012165384,0.9441928010788009,112450.83969772927,1.469969575672701,9.456911414311547,0.1891382282862309,0.10399688314435118,0.767854221745903,5172
357,0.5,50,50,50,36,14,0,0,23,1.0403840000000004,972.380396165384,0.9438058748403576,112478.61478009254,1.4686675690664783,9.39191790478591,0.18783835809571817,0.1044738993359453,0.7637390114500376,5173
358,0.5,49,51,50,34,15,1,0,23,1.005035849781759,973.3854320151657,0.9433513662520244,112502.19738063002,1.4674347782983674,9.327235247621516,0.19035173974737787,0.10257598198374591,0.7749611110605764,5174
359,0.5,49,51,49,35,14,0,0,23,1.0281920000000002,974.4136240151657,0.9429652562779498,112527.16228267088,1.4661784567085505,9.260070671589013,0.18898103411406153,0.10316420110632404,0.7704138529090645,5175
360,0.5,48,52,49,34,14,1,0,23,1.0253995129254543,975.4390235280912,0.9425461039184038,112548.29605126864,1.464998178595963,9.193057935197348,0.19152204031661138,0.10124787502617696,0.781573966310063,5176
361,0.5,48,52,48,34,14,0,0,23,0.9672320000000005,976.4062555280912,0.9421606610210169,112576.09153737915,1.4638043020125748,9.130694125170837,0.19022279427439245,0.10183970387492944,0.7772292057049749,5177
362,0.5,47,53,48,33,14,1,0,23,0.9838004664004147,977.3900559944916,0.9417422556905699,112597.83064604888,1.4626451730548655,9.066120418425763,0.1928961791154418,0.09975402537534683,0.788996873122,5178
363,0.5,46,54,47,32,14,1,0,22,0.9489105724647897,978.3389665669564,0.9413232178251657,112619.45375295384,1.461533383787883,9.004464064892536,0.19574921880201165,0.0973368706075187,0.8017571525918598,5179
364,0.5,46,54,46,32,14,0,0,21,0.9387840000000002,979.2777505669565,0.9409376279514126,112642.19976011584,1.4604036494599446,8.94465745050636,0.19444907501100783,0.09799417099113096,0.7974648994427628,5180
365,0.5,45,55,46,32,13,1,0,21,0.9162636785390206,980.1940142454955,0.9405532465762758,112667.49071611922,1.459278073437846,8.887175523594962,0.19749278941322143,0.09533146828396567,0.811025012741639,5181
366,0.5,45,55,45,32,13,0,0,20,0.9022080000000002,981.0962222454955,0.9402020476886969,112694.34892629119,1.4581024001394802,8.830787767784432,0.19623972817298738,0.09594503930558462,0.8070762301526307,5182
367,0.5,45,55,45,31,14,0,0,20,0.8940800000000004,981.9903022454955,0.93981795951637,112718.01742531692,1.4569476936455819,8.775185904735148,0.1950041312163366,0.09652864041695379,0.8031914975127763,5183
368,0.5,45,55,45,32,13,0,0,20,0.8981440000000004,982.8884462454955,0.9394689545254162,112745.24634336942,1.455764183196716,8.719437308100675,0.19376527351334832,0.09714515242781964,0.799132686393606,5184
369,0.5,45,55,45,32,13,0,0,20,0.8940800000000003,983.7825262454955,0.9391210130696824,112772.89140660621,1.4545898507356507,8.663931734488546,0.1925318163219677,0.09775699729907658,0.7950360385861861,5185
370,0.5,45,55,45,32,13,0,0,20,0.9022080000000003,984.6847342454955,0.9387741302951418,112799.55516433163,1.453419688444033,8.607411770257652,0.19127581711683667,0.09837332871976942,0.7908230137023821,5186
371,0.5,45,55,45,32,13,0,0,20,0.9022080000000003,985.5869422454955,0.9384283013772616,112826.1701059567,1.4522785337206325,8.55175741204688,0.19003905360104179,0.09899365842848663,0.7865657692206327,5187
372,0.5,45,55,45,32,13,0,0,20,0.9022080000000003,986.4891502454955,0.9380835215207792,112852.73636541788,1.451106272712835,8.495894702338525,0.18879766005196721,0.09962525885402033,0.7821977847733318,5188
373,0.5,45,55,45,32,13,0,0,20,0.8981440000000004,987.3872942454955,0.9377397859594804,112879.71867732839,1.4499416631806248,8.44053763890766,0.1875675030868369,0.10025409303744956,0.7777948604815961,5189
374,0.5,44,56,45,31,13,1,0,20,0.898411574937875,988.2857058204333,0.9373634866762997,112902.57396505696,1.448819873704637,8.384946603557193,0.1905669682626635,0.09797363254718101,0.7909416124217371,5190
375,0.5,44,56,44,31,13,0,0,19,0.8737600000000003,989.1594658204333,0.9370197631110962,112928.20203398644,1.4477003813378981,8.332312064950278,0.18937072874886995,0.09857321328577755,0.786811866183697,5191
376,0.5,44,56,44,31,13,0,0,19,0.8900160000000003,990.0494818204332,0.9366770529701478,112951.93023522274,1.4466034321816794,8.277468300400379,0.18812427955455407,0.09920925923186542,0.7824060114931028,5192
377,0.5,44,56,44,31,13,0,0,19,0.9184640000000003,990.9679458204332,0.9363353517781272,112972.37259002733,1.4455076061800338,8.221002475007838,0.1868409653410872,0.09989741253548218,0.7776853064050497,5193
378,0.5,43,57,44,30,13,1,0,19,0.8794873351652749,991.8474331555985,0.9359612493736429,112993.18448951254,1.4444462006654193,8.168401366737564,0.18996282248226892,0.09752413257419776,0.7914118950965685,5194
379,0.5,43,57,43,30,13,0,0,18,0.8493760000000002,992.6968091555985,0.9356194542664621,113017.38755001343,1.443388889403901,8.11958776915041,0.18882762253838162,0.09806139931923907,0.7875937146456417,5195
380,0.5,43,57,43,30,13,0,0,18,0.9062720000000002,993.6030811555985,0.9352786382865328,113035.07620908023,1.4423419429360111,8.065136082581803,0.18756130424608844,0.09873289788936963,0.783023743740401,5196
381,0.5,43,57,43,30,13,0,0,18,0.8534400000000002,994.4565211555985,0.9349387972325706,113058.73872630399,1.441284652395173,8.015808060443096,0.18641414094053707,0.09928841306362743,0.7790060986848769,5197
382,0.5,43,57,43,30,13,0,0,18,0.8696960000000002,995.3262171555984,0.9345999269272927,113080.51376527225,1.440250125569702,7.965377330681669,0.18524133327166672,0.09987510313798292,0.7747759287941043,5198
383,0.5,43,57,43,30,13,0,0,18,0.8696960000000001,996.1959131555984,0.934262023217247,113102.2507842807,1.4392140511590605,7.914080131126767,0.18404837514248296,0.10049318634669209,0.7703374145496311,5199
384,0.5,43,57,43,30,13,0,0,18,0.8575040000000002,997.0534171555984,0.9339250819726427,113125.33316597408,1.43818825224537,7.864672729689954,0.18289936580674312,0.10106670180510506,0.766080595664736,5200
385,0.5,43,57,43,30,13,0,0,18,0.8575040000000003,997.9109211555983,0.9335890990871808,113148.37587832582,1.4371434700504453,7.815044608978704,0.18174522346462102,0.10164960347597976,0.7617228696945699,5201
386,0.5,43,57,43,30,13,0,0,18,0.8615680000000002,998.7724891555984,0.933254070477889,113170.91852976619,1.4361165823604174,7.765221624269098,0.1805865494016069,0.10224773256839927,0.7572429669745793,5202
387,0.5,43,57,43,30,13,0,0,18,0.8656320000000002,999.6381211555984,0.9329199920849548,113192.96213833302,1.4351027912930414,7.715054561545494,0.17941987352431382,0.10285413525632532,0.7526570415266952,5203
388,0.5,43,57,43,29,14,0,0,18,0.8737600000000001,1000.5118811555983,0.9325539272188375,113210.04990882732,1.4341431922678838,7.663303562597113,0.1782163619208631,0.10350356675240102,0.7477757404447809,5204
389,0.5,43,57,43,30,13,0,0,18,0.8534400000000002,1001.3653211555983,0.9322217837411207,113233.40004340043,1.4331410547577446,7.61415304490849,0.17707332662577885,0.10409114940472022,0.7431859383250508,5205
390,0.5,43,57,43,30,13,0,0,18,0.8575040000000002,1002.2228251555982,0.9318905783061312,113256.2511559019,1.4321255689813692,7.564618944217214,0.17592137079574915,0.10468638391364132,0.7384902158791475,5206
391,0.5,43,57,43,30,13,0,0,18,0.8615680000000002,1003.0843931555983,0.9315603069456286,113278.60424838056,1.431099781558806,7.515046128432358,0.17476851461470597,0.10528745362175214,0.7337116037350099,5207
392,0.5,43,57,43,30,13,0,0,18,0.8981440000000002,1003.9825371555983,0.9312309657137243,113296.79131896218,1.430069584502511,7.461296398172692,0.17351852088773703,0.10601846028335016,0.7281669424331302,5208
393,0.5,43,57,43,30,13,0,0,18,0.8778240000000004,1004.8603611555983,0.9309025506867233,113317.23730155978,1.4290211438601517,7.409770823921875,0.17232025171911336,0.10667293933361456,0.7229564607915427,5209
394,0.5,43,57,43,30,13,0,0,18,0.8534400000000003,1005.7138011555983,0.930575057962969,113340.39551711832,1.4279411117669816,7.360400141908781,0.17117209632346,0.10728057146331504,0.7179759641830684,5210
395,0.5,43,57,43,30,13,0,0,18,0.8412480000000003,1006.5550491555982,0.9302484836626883,113364.88758933306,1.4268652032738043,7.312389245116715,0.1700555638399236,0.10785455002942688,0.7131399746199014,5211
396,0.5,43,57,43,30,13,0,0,18,0.8696960000000002,1007.4247451555982,0.9299228239278388,113386.1368298605,1.4258070673235408,7.260856674147844,0.1688571319569266,0.10852787779560671,0.707669426988861,5212
397,0.5,43,57,43,30,13,0,0,18,0.8778240000000003,1008.3025691555982,0.9295980749219563,113406.43522882283,1.4247707706760067,7.209424827095985,0.16766104249060432,0.10920358768998323,0.7021298782048968,5213
398,0.5,42,58,43,29,13,1,0,18,0.8352988012754653,1009.1378679568737,0.9292417600259782,113427.5143511825,1.4237267275045302,7.162662023398586,0.1705395719856806,0.10793738019345156,0.7139879689032597,5214
399,0.5,42,58,42,30,12,0,0,17,0.8493760000000002,1009.9872439568737,0.9289489898498557,113450.93780698553,1.4226829687225628,7.114958300709182,0.16940376906450433,0.10854624896232845,0.7089350307862271,5215
400,0.5,41,59,42,30,11,1,0,17,0.8351581574484032,1010.8224021143221,0.9286570160950808,113475.91798527155,1.4216398400604795,7.06898965706253,0.1724143818795739,0.1071695971527295,0.721311488127318,5216
401,0.5,41,59,41,29,12,0,0,16,0.8412480000000002,1011.6636501143221,0.9283635187580854,113496.21980292055,1.420657827031451,7.023336638921521,0.17130089363223222,0.1077745569718291,0.7164175026033208,5217
402,0.5,41,59,41,30,11,0,0,16,0.8128000000000001,1012.4764501143221,0.9281030974451729,113523.62811700138,1.4196299808840793,6.980292331118441,0.17025103246630346,0.10829875019176577,0.7119268633353516,5218
403,0.5,40,60,41,29,11,1,0,16,0.8094037647518386,1013.285853879074,0.9278111089607122,113547.42549650835,1.4186232262328229,6.937408348889856,0.17343520872224638,0.1067797976134419,0.7251335876508459,5219
404,0.5,40,60,40,29,11,0,0,15,0.8046720000000002,1014.090525879074,0.9275497712776238,113571.71481329249,1.4176178945826539,6.894271648240749,0.1723567912060187,0.1073742449624128,0.7204092838495237,5220
405,0.5,39,61,40,29,10,1,0,15,0.7969702274965514,1014.8874961065706,0.92728910623512,113596.82767033906,1.4165993576459106,6.85281246872918,0.17571314022382514,0.10568938208278074,0.7343286557761478,5221
406,0.5,39,61,39,29,10,0,0,14,0.7924800000000002,1015.6799761065705,0.9270588991356319,113622.4034290612,1.4155707541999396,6.81293089389864,0.1746905357409908,0.10622730041673839,0.7300487250429643,5222
407,0.5,38,62,39,29,9,1,0,14,0.8051913245023314,1016.4851674310728,0.926829268292683,113646.51812081983,1.414553525162577,6.772394591656027,0.1782209103067375,0.10435342740637611,0.7446883291644288,5223
408,0.5,38,62,38,30,8,0,0,13,0.8209280000000001,1017.3060954310728,0.9266619655106096,113672.7682251808,1.4135341586484846,6.727948771885959,0.17705128347068314,0.10515384926888494,0.7392414747068234,5224
409,0.5,37,63,38,29,8,1,0,13,0.751704833393702,1018.0578002644664,0.9264630554488411,113702.77794633018,1.412513486940113,6.691578639001394,0.18085347672976743,0.10294167032180535,0.7552939514306135,5225
410,0.5,37,63,37,29,8,0,0,12,0.7437120000000002,1018.8015122644664,0.9262942474338887,113733.63565436215,1.4114844301961402,6.655862286647248,0.17988816990938508,0.10345355071945138,0.7514620774596378,5226
411,0.5,36,64,37,29,7,1,0,12,0.7370076664379838,1019.5385199309044,0.9261258383902906,113765.19644187712,1.4104606767000665,6.621098733985149,0.18391940927736525,0.10092562029653933,0.7685652896391738,5227
412,0.5,36,64,36,29,7,0,0,11,0.7274560000000002,1020.2659759309043,0.9259873668091623,113797.7769905197,1.409430826763035,6.587748666986964,0.18299301852741567,0.10139481990018041,0.7651009603066757,5228
413,0.5,36,64,36,29,7,0,0,11,0.7233920000000001,1020.9893679309043,0.9258492129246064,113830.76420817853,1.408384289691528,6.554774702236537,0.182077075062126,0.10185585578640541,0.7616492651557621,5229
414,0.5,35,65,36,29,6,1,0,11,0.7173781672204262,1021.7067460981248,0.925711375644535,113864.37492390511,1.4073436406963211,6.522075673694025,0.18634501924840072,0.09899826685776085,0.7798847892651556,5230
415,0.5,35,65,35,29,6,0,0,10,0.7071360000000001,1022.4138820981248,0.9256032810860649,113899.07946185699,1.406312435179341,6.490282093468891,0.1854366312419683,0.09947811125234322,0.7765287959123812,5231
416,0.5,34,66,35,28,6,1,0,10,0.7229499537999673,1023.1368320519247,0.925463668699187,113928.06548292098,1.4053207176911784,6.456802970370152,0.18990596971676918,0.0962803065256662,0.7955207638826924,5232
417,0.5,34,66,34,28,6,0,0,9,0.6908800000000002,1023.8277120519247,0.9253537212105831,113960.58011182514,1.404318658615554,6.42683475986221,0.18902455176065325,0.09674490108449832,0.7924239175430084,5233
418,0.5,34,66,34,28,6,0,0,9,0.6868160000000001,1024.5145280519246,0.9252440106477373,113993.50307122334,1.403318939071726,6.397376141867016,0.18815812181961813,0.09718369679519301,0.7894077909623405,5234
419,0.5,33,67,34,27,6,1,0,9,0.6791864594221677,1025.1937145113468,0.9251028806584363,114023.32880641769,1.4023653747925104,6.368868259235184,0.19299600785561166,0.09334331448884399,0.810424451779583,5235
420,0.5,33,67,33,27,6,0,0,8,0.6705600000000002,1025.8642745113468,0.9249913037978686,114054.07411787771,1.4013810166965672,6.341562464631651,0.19216855953429243,0.09372799093135663,0.8078270210801953,5236
421,0.5,33,67,33,27,6,0,0,8,0.6705600000000002,1026.5348345113468,0.9248799595653273,114084.7792620188,1.4004026383582013,6.3142164490164205,0.19133989239443697,0.09411499894154805,0.8051922541900511,5237
422,0.5,33,67,33,27,6,0,0,8,0.6664960000000001,1027.201330511347,0.924768847234056,114115.89580169955,1.3994273109812732,6.287293000587576,0.19052403032083565,0.0944918071996431,0.8025851164121673,5238
423,0.5,33,67,33,27,6,0,0,8,0.674624,1027.875954511347,0.9246579660803228,114146.06936279371,1.3984613995217943,6.259595746887634,0.1896847196026556,0.09489968343350551,0.799806577256936,5239
424,0.5,33,67,33,27,6,0,0,8,0.67056,1028.546514511347,0.9245473153834042,114176.65447613983,1.3974983720575582,6.232278175047789,0.18885691439538754,0.09529721623810725,0.7970532926413338,5240
425,0.5,33,67,33,27,6,0,0,8,0.6664960000000001,1029.213010511347,0.9244368944255694,114207.65069963531,1.3965404333935896,6.205344186210595,0.18804073291547257,0.09568063288716405,0.7943396955918319,5241
426,0.5,33,67,33,27,6,0,0,8,0.678688,1029.891698511347,0.9243267024920649,114237.25443176174,1.395591161940596,6.177276262482634,0.18719018977220103,0.09611505012759547,0.7913626060962936,5242
427,0.5,33,67,33,27,6,0,0,8,0.67056,1030.562258511347,0.9242167388710993,114267.72038994034,1.3946267903744223,6.149912552128312,0.18636098642813065,0.09651880974646608,0.7884979878084821,5243
428,0.5,33,67,33,27,6,0,0,8,0.6664960000000001,1031.228754511347,0.9241070028538276,114298.5971680477,1.3936672202490166,6.122989103699468,0.18554512435452933,0.09690781510415505,0.7856794152791898,5244
429,0.5,33,67,33,27,6,0,0,8,0.6664960000000001,1031.895250511347,0.9239974937343358,114329.43405984085,1.3927134029135657,6.096054394416378,0.18472892104292055,0.09729854743386884,0.782825867979327,5245
430,0.5,33,67,33,27,6,0,0,8,0.6664960000000001,1032.561746511347,0.9238882108096267,114360.231142557,1.3917653225838302,6.069115738898038,0.18391259814842537,0.09769153008669065,0.7799356726996547,5246
431,0.5,32,68,33,27,5,1,0,8,0.6588031015709338,1033.2205496129181,0.9237791533796036,114391.84019740896,1.390813733389936,6.043509922547976,0.18885968507962425,0.0939391838853983,0.8016618492962664,5247
432,0.5,32,68,32,27,5,0,0,7,0.6543040000000001,1033.874853612918,0.9236991692173152,114423.9069038151,1.3898531784504782,6.018551938611448,0.1880797480816077,0.09428329585122934,0.7991714682941182,5248
433,0.5,32,68,32,27,5,0,0,7,0.6543040000000001,1034.529157612918,0.9236193447737909,114455.93304805028,1.3888807842418627,5.993602200968403,0.18730006878026262,0.09463301364697113,0.7966377456291734,5249
434,0.5,32,68,32,27,5,0,0,7,0.6543040000000001,1035.1834616129179,0.9235396795710991,114487.91870702841,1.387913728495136,5.968660189659962,0.18652063092687382,0.09498469028204283,0.7940727714343999,5250
435,0.5,32,68,32,27,5,0,0,7,0.6583680000000002,1035.841829612918,0.9234601731332129,114519.41465264866,1.3869356891029578,5.943335832176833,0.185729244755526,0.09535330073425709,0.7914028058411886,5251
436,0.5,32,68,32,27,5,0,0,7,0.6543040000000001,1036.496133612918,0.9233808249860014,114551.319729612,1.385959702809807,5.918391111461101,0.18494972223315942,0.09570497324668939,0.788786714291701,5252
437,0.5,32,68,32,27,5,0,0,7,0.6502400000000002,1037.1463736129178,0.9233016346572193,114583.63353864773,1.3849867215404936,5.893812809384668,0.1841816502932709,0.09604281110294861,0.7862145737505984,5253
438,0.5,32,68,32,27,5,0,0,7,0.6502400000000002,1037.7966136129178,0.923222601676498,114615.90685471805,1.3840189237460114,5.869225910768583,0.18341330971151823,0.09638226006012929,0.7836118355758159,5254
439,0.5,32,68,32,27,5,0,0,7,0.6502400000000002,1038.4468536129177,0.9231437255753365,114648.1397538889,1.383056295319509,5.844655089447045,0.18264547154522012,0.09672288735769484,0.7809812505519506,5255
440,0.5,32,68,32,27,5,0,0,7,0.6502400000000002,1039.0970936129177,0.9230650058870917,114680.33231203583,1.382098822206192,5.820091994460109,0.18187787482687837,0.09706515575699193,0.7783205374587612,5256
441,0.5,32,68,32,27,5,0,0,7,0.654304,1039.7513976129176,0.9229864421469696,114712.03623657259,1.3811468992824736,5.795098501285725,0.1810968281651789,0.09742880231286759,0.7755326713254256,5257
442,0.5,32,68,32,27,5,0,0,7,0.654304,1040.4057016129175,0.9229080338920156,114743.70028434858,1.3802002391446133,5.770145949568935,0.18031706092402922,0.0977946224889914,0.7727130276661648,5258
443,0.5,32,68,32,27,5,0,0,7,0.6583680000000001,1041.0640696129176,0.922829780661106,114774.87648231615,1.3792595077572956,5.744813761084743,0.17952543003389823,0.0981816551281309,0.7697668110022587,5259
444,0.5,32,68,32,27,5,0,0,7,0.65024,1041.7143096129175,0.9227516819949386,114806.90905017877,1.3783225142710622,5.720235459008309,0.17875735809400967,0.09853051387548399,0.7669781555295552,5260
445,0.5,32,68,32,27,5,0,0,7,0.654304,1042.3686136129174,0.9226737374360239,114838.45391804166,1.3773915571959252,5.695293447699869,0.17797792024062087,0.09890087346472563,0.7640625368796079,5261
446,0.5,32,68,32,27,5,0,0,7,0.6502400000000002,1043.0188536129174,0.9225959465286762,114870.4067860161,1.3764466753613984,5.670722626378329,0.17721008207432282,0.09925236865078853,0.7612128226505086,5262
447,0.5,32,68,32,27,5,0,0,7,0.6543040000000001,1043.6731576129173,0.9225183088190042,114901.87241595853,1.3755079688314564,5.645756811440739,0.1764299003575231,0.09962609042811675,0.7582298517501566,5263
448,0.5,31,69,32,27,4,1,0,7,0.6401044740264744,1044.3132620869437,0.9224408238549031,114934.86136538898,1.3745650087484178,5.622709282106085,0.18137771877761563,0.09629713157371875,0.7801063674365278,5264
449,0.5,31,69,31,27,4,0,0,6,0.6339840000000001,1044.9472460869438,0.9223918184330948,114968.48328935086,1.3736280578004276,5.600265762477027,0.18065373427345247,0.09659207075117236,0.777675436479074,5265
450,0.5,30,70,31,26,4,1,0,6,0.6152280128685111,1045.5624740998123,0.9223122238586157,115000.3017309146,1.3727061729307246,5.579621084893475,0.18598736949644917,0.0925378575113119,0.8015677664054925,5266
451,0.5,30,70,30,26,4,0,0,5,0.617728,1046.1802020998123,0.9222610508245969,115031.80786489249,1.3717936530061707,5.558747200065972,0.1852915733355324,0.09280107631046786,0.799463537595418,5267
452,0.5,30,70,30,26,4,0,0,5,0.6136640000000001,1046.7938660998122,0.9222099718240843,115063.72352827221,1.3708854081555515,5.53825960764841,0.18460865358828035,0.09304455815783808,0.7974317525719307,5268
453,0.5,30,70,30,26,4,0,0,5,0.6136640000000001,1047.4075300998122,0.9221589865981275,115095.60179361327,1.3699815621612648,5.517764288896245,0.18392547629654155,0.09328914826829232,0.7953781025586337,5269
454,0.5,30,70,30,26,4,0,0,5,0.613664,1048.0211940998122,0.9221080948887258,115127.44272661043,1.3690821036488787,5.497252892849534,0.18324176309498447,0.09353537939340142,0.7933000459079442,5270
455,0.5,30,70,30,26,4,0,0,5,0.613664,1048.6348580998122,0.9220572964388247,115159.24639280463,1.3681870212822949,5.4767547600236215,0.18255849200078741,0.093782861879175,0.7912005066739436,5271
456,0.5,30,70,30,26,4,0,0,5,0.613664,1049.2485220998121,0.9220065909923105,115191.01285758356,1.3672963037646988,5.456215685740118,0.18187385619133728,0.0940311957491692,0.7890774550427094,5272
457,0.5,30,70,30,26,4,0,0,5,0.613664,1049.862186099812,0.9219559782940064,115222.74218618193,1.3664099398383247,5.4357168324683105,0.18119056108227705,0.09428040670324321,0.7869355783044724,5273
458,0.5,30,70,30,26,4,0,0,5,0.613664,1050.475850099812,0.9219054580896686,115254.43444368208,1.3655279182842253,5.415229240050748,0.18050764133502492,0.09453080379132976,0.7847719035618127,5274
459,0.5,30,70,30,26,4,0,0,5,0.613664,1051.089514099812,0.9218550301259814,115286.08969501437,1.3646502279221304,5.39472644054369,0.17982421468478957,0.09478263266154156,0.7825837441000237,5275
460,0.5,30,70,30,26,4,0,0,5,0.6136640000000001,1051.703178099812,0.9218046941505533,115317.70800495756,1.3637601029917297,5.374231121791524,0.17914103739305082,0.09503519406258268,0.7803748675989718,5276
461,0.5,30,70,30,26,4,0,0,5,0.6136640000000001,1052.316842099812,0.921754449911913,115349.28943813936,1.362874315717292,5.353732988965612,0.17845776629885374,0.09528941335884647,0.7781411396720714,5277
462,0.5,30,70,30,26,4,0,0,5,0.6136640000000001,1052.930506099812,0.9217042971595047,115380.83405903676,1.3619928549586957,5.3332215929189015,0.17777405309729674,0.0955446217725298,0.7758841295577416,5278
463,0.5,30,70,30,26,4,0,0,5,0.6136640000000001,1053.544170099812,0.9216542356436844,115412.34193197658,1.361098329523054,5.31273400050134,0.17709113335004467,0.09580054692517177,0.7736071054242051,5279
464,0.5,30,70,30,26,4,0,0,5,0.6136640000000001,1054.157834099812,0.9216042651157155,115443.81312113584,1.3602081381438307,5.292231200994281,0.17640770669980935,0.09605787051257711,0.7713048871118291,5280
465,0.5,30,70,30,26,4,0,0,5,0.6136640000000001,1054.7714980998119,0.9215543853277647,115475.24769054216,1.3593222697183704,5.271732347722473,0.1757244115907491,0.09631584171226287,0.7689813424258314,5281
466,0.5,30,70,30,26,4,0,0,5,0.6136640000000001,1055.3851620998119,0.9215045960328979,115506.64570407431,1.3584240443290476,5.251234214896561,0.17504114049655203,0.09657544801228765,0.7666324806386547,5282
467,0.5,30,70,30,26,4,0,0,5,0.6136640000000001,1055.9988260998118,0.9214548969850764,115538.00722546253,1.357530148220061,5.2307388961443975,0.17435796320481325,0.09683553029378099,0.764262594036721,5283
468,0.5,29,71,30,25,4,1,0,5,0.5977402320478586,1056.5965663318598,0.9213751056380538,115567.28830183219,1.356652514229283,5.211705308779294,0.17971397616480328,0.09305276424355348,0.7885820954609769,5284
469,0.5,29,71,29,25,4,0,0,4,0.593344,1057.1899103318597,0.9213232411567805,115597.01696513355,1.355802901136094,5.193049339334803,0.1790706668736139,0.09325747374345894,0.7866471823308467,5285
470,0.5,29,71,29,25,4,0,0,4,0.593344,1057.7832543318596,0.9212714673094305,115626.71227694457,1.3549574684612637,5.174401966429963,0.17842765401482633,0.09346302153765432,0.7846941934594103,5286
471,0.5,29,71,29,25,4,0,0,4,0.593344,1058.3765983318594,0.9212197838586351,115656.37429335748,1.3541162059591063,5.155758539760375,0.17778477723311636,0.09366902430725355,0.7827241009642755,5287
472,0.5,29,71,29,25,4,0,0,4,0.593344,1058.9699423318593,0.9211681905678537,115686.00307033882,1.3532791034183012,5.137115833536681,0.1771419252943683,0.09387648346067767,0.780732934359913,5288
473,0.5,29,71,29,25,4,0,0,4,0.593344,1059.5632863318592,0.9211166872013703,115715.59866372976,1.352446150659422,5.118475941386737,0.17649917039264612,0.094084236695322,0.7787249353824011,5289
474,0.5,29,71,29,25,4,0,0,4,0.5933440000000001,1060.156630331859,0.9210652735242899,115745.16112924645,1.3516013078085343,5.099782429967422,0.17585456655060072,0.09429340004436217,0.7766920635805772,5290
475,0.5,29,71,29,25,4,0,0,4,0.5933440000000001,1060.749974331859,0.9210139493025349,115774.69052248039,1.3507606205870215,5.081150264152079,0.17521207807420955,0.09450296109538486,0.7746456930101053,5291
476,0.5,29,71,29,25,4,0,0,4,0.5933440000000001,1061.3433183318589,0.9209627143028414,115804.18689889877,1.3499240788520985,5.062466616470793,0.17456781436106183,0.09471366918910815,0.7725752342014978,5292
477,0.5,29,71,29,25,4,0,0,4,0.5933440000000001,1061.9366623318588,0.920911568292756,115833.65031384479,1.34907515324275,5.0438106470263016,0.1739245050698725,0.09492540345730463,0.7704864394020046,5293
478,0.5,29,71,29,25,4,0,0,4,0.5933440000000001,1062.5300063318587,0.9208605110406319,115863.08082253805,1.3482303797690218,5.0251632741214625,0.1732814922110849,0.09513790450062441,0.7683788528245906,5294
479,0.5,29,71,29,25,4,0,0,4,0.5933440000000001,1063.1233503318585,0.9208095423156258,115892.47848007486,1.347389748320983,5.006520567897769,0.17263864027233689,0.0953513809844024,0.766251307719048,5295
480,0.5,28,72,29,25,3,1,0,4,0.5883752656858863,1063.7117255975445,0.9207586618876942,115922.38482727189,1.3465364911840867,4.988346150411304,0.17815521965754658,0.0914255659884966,0.7915444276116046,5296
481,0.5,28,72,28,25,3,0,0,3,0.577088,1064.2888135975445,0.9207353467828578,115953.48783461527,1.3456922718576476,4.9712406959669915,0.1775443105702497,0.09159560113415403,0.7897923039272644,5297
482,0.5,28,72,28,25,3,0,0,3,0.577088,1064.8659015975445,0.920712070610687,115984.55713034807,1.344851657122534,4.9541429678572815,0.1769336774234743,0.09176644797902764,0.7880241588147643,5298
483,0.5,28,72,28,25,3,0,0,3,0.577088,1065.4429895975445,0.9206888332737457,116015.59276924907,1.344014638230672,4.937034699339224,0.17632266783354367,0.09193870641024357,0.7862364492838563,5299
484,0.5,28,72,28,25,3,0,0,3,0.577088,1066.0200775975445,0.9206656346749226,116046.5948059785,1.3431812064614845,4.919921764140015,0.1757114915764291,0.09211156547599351,0.7844323872400619,5300
485,0.5,28,72,28,25,3,0,0,3,0.577088,1066.5971655975445,0.9206424747174301,116077.56329507822,1.3423513531231244,4.902800232401156,0.1751000083000413,0.09228527503644188,0.7826106586031321,5301
486,0.5,28,72,28,25,3,0,0,3,0.577088,1067.1742535975445,0.9206193533048027,116108.49829097217,1.3415250695511973,4.8856912434372015,0.17448897297990004,0.09245921770712183,0.7807748910255339,5302
487,0.5,28,72,28,25,3,0,0,3,0.577088,1067.7513415975445,0.9205962703408956,116139.3998479666,1.3407023471101145,4.8685935153274915,0.17387833983312473,0.09263393145183763,0.7789229255429585,5303
488,0.5,28,72,28,25,3,0,0,3,0.577088,1068.3284295975445,0.9205732257298836,116170.26802025044,1.339866804355176,4.851488060883179,0.17326743074582776,0.0928093416177238,0.7770535899341453,5304
489,0.5,28,72,28,25,3,0,0,3,0.577088,1068.9055175975445,0.9205502193762599,116201.10286189558,1.3390348319064722,4.8343797923651195,0.17265642115589716,0.09298615648541297,0.7751644537175929,5305
490,0.5,28,72,28,25,3,0,0,3,0.577088,1069.4826055975445,0.9205272511848341,116231.90442685719,1.3382064211471478,4.817266857165912,0.17204524489878256,0.09316357336677536,0.7732582515131455,5306
491,0.5,28,72,28,25,3,0,0,3,0.577088,1070.0596935975445,0.9205043210607317,116262.6727689741,1.337366275468317,4.80011764719026,0.17143277311393784,0.09334174990505872,0.7713319463796111,5307
492,0.5,28,72,28,25,3,0,0,3,0.577088,1070.6367815975445,0.920481428909392,116293.40794196898,1.3365296988863666,4.783019919080551,0.1708221399671625,0.09352023476117834,0.7693935698824724,5308
493,0.5,28,72,28,25,3,0,0,3,0.5770880000000002,1071.2138695975445,0.9204585746365678,116324.10999944882,1.3356814193268023,4.765898387341692,0.17021065669077468,0.0936999329043686,0.7674340501435013,5309
494,0.5,28,72,28,25,3,0,0,3,0.5770880000000002,1071.7909575975445,0.9204357581483231,116354.77899490511,1.33483671618465,4.74879293289738,0.16959974760347785,0.09387982328433929,0.7654601224078805,5310
495,0.5,28,72,28,25,3,0,0,3,0.577088,1072.3680455975446,0.9204129793510325,116385.41498171416,1.3339955808637054,4.731683943933424,0.1689887122833366,0.09406042569027792,0.7634682405859502,5311
496,0.5,28,72,28,25,3,0,0,3,0.577088,1072.9451335975446,0.9203902381513794,116416.01801313752,1.3331580047952436,4.714575675415365,0.16837770269340585,0.09424234897528357,0.7614562673892923,5312
497,0.5,28,72,28,25,3,0,0,3,0.577088,1073.5222215975446,0.9203675344563553,116446.58814232219,1.3323239794371944,4.697462740216157,0.16776652643629134,0.09442487490307226,0.7594264276443409,5313
498,0.5,28,72,28,25,3,0,0,3,0.577088,1074.0993095975446,0.920344868173258,116477.1254223009,1.331493496274948,4.6803650121064475,0.167155893289516,0.09460769796779438,0.7573813543845178,5314
499,0.5,27,73,28,25,2,1,0,3,0.5644893570474353,1074.663798954592,0.9203222392096907,116508.99576388396,1.3306576921115711,4.664608208191339,0.1727632669700496,0.09074661162430356,0.7837580166876031,5315
500,0.5,27,73,27,25,2,0,0,2,0.5608320000000001,1075.224630954592,0.9203266840976527,116541.22905345898,1.3298347938869564,4.649312099240142,0.17219674441630156,0.09086080187694542,0.7822144377180278,5316
501,0.5,27,73,27,25,2,0,0,2,0.5608320000000001,1075.7854629545918,0.920331121939764,116573.42873510589,1.3290002455255538,4.634012455769303,0.17163009095441864,0.09097539573847008,0.7806579775034717,5317
502,0.5,27,73,27,25,2,0,0,2,0.5608320000000001,1076.3462949545917,0.9203355527527645,116605.59486135906,1.3281687108184272,4.61870026952356,0.17106297294531705,0.0910909396628119,0.7790858041295715,5318
503,0.5,27,73,27,25,2,0,0,2,0.5608320000000001,1076.9071269545916,0.9203399765533411,116637.72748464346,1.327325558275954,4.603401346498617,0.17049634616661546,0.091206888695626,0.7775017877093658,5319
504,0.5,27,73,27,25,2,0,0,2,0.5608320000000001,1077.4679589545915,0.9203443933581281,116669.82665727493,1.3264854282814733,4.588112963882024,0.16993010977340828,0.0913226726711295,0.7759078288698704,5320
505,0.5,27,73,27,25,2,0,0,2,0.5608320000000001,1078.0287909545914,0.9203488031837069,116701.89243146036,1.3256483136281314,4.572809374175933,0.16936331015466416,0.0914392945777817,0.7742980815070076,5321
506,0.5,27,73,27,25,2,0,0,2,0.560832,1078.5896229545913,0.9203532060466069,116733.92485929816,1.324814207130676,4.557513265224736,0.16879678760091613,0.09155587372160999,0.7726775360493211,5322
507,0.5,26,74,27,25,1,1,0,2,0.5547944050295865,1079.1444173596208,0.9203576019633048,116766.57727453018,1.3239823349979092,4.542710753216633,0.1747196443544859,0.0871216871208782,0.8008720520235652,5323
508,0.5,26,74,26,25,1,0,0,1,0.5445760000000001,1079.6889933596208,0.9203888596952181,116800.3015457213,1.3231575754979739,4.528747677953713,0.1741826029982197,0.08719027393784913,0.7996363038647959,5324
509,0.5,26,74,26,25,1,0,0,1,0.5445760000000001,1080.2335693596208,0.9204200700116686,116833.99181421298,1.3223212426583812,4.514772059915889,0.1736450792275342,0.0872597655221225,0.7983877239835441,5325
510,0.5,26,74,26,25,1,0,0,1,0.5445760000000001,1080.7781453596208,0.9204512330204629,116867.6481314044,1.3214873924051551,4.5008202455072155,0.17310847098104676,0.08732883422541861,0.7971337200284558,5326
511,0.5,26,74,26,25,1,0,0,1,0.5445760000000001,1081.3227213596208,0.9204823488290808,116901.27054859127,1.3206560188471526,4.486853224009042,0.1725712778465016,0.08739871666062918,0.7958668651120214,5327
512,0.5,26,74,26,25,1,0,0,1,0.5445760000000001,1081.8672973596208,0.9205134175446766,116934.85911696598,1.3198271161107098,4.472849927734425,0.17203268952824713,0.08746910133890234,0.7945866613594783,5328
513,0.5,26,74,26,25,1,0,0,1,0.5445760000000001,1082.4118733596208,0.9205444392740809,116968.41388761792,1.3190006783415003,4.4588875729174005,0.1714956758814385,0.0875396500155204,0.7932999088950577,5329
514,0.5,26,74,26,25,1,0,0,1,0.5445760000000001,1082.9564493596208,0.9205754141238012,117001.93491153371,1.3181766997027953,4.444928032174123,0.17095877046823546,0.08760977642570332,0.7920059858673322,5330
515,0.5,26,74,26,25,1,0,0,1,0.5445760000000001,1083.5010253596208,0.9206063422000232,117035.42223959744,1.317355174377198,4.430964956911202,0.17042172911196934,0.08768020612824934,0.7907016385807919,5331
516,0.5,26,74,26,25,1,0,0,1,0.5445760000000001,1084.0456013596208,0.9206372236086123,117068.875922591,1.3165360965652686,4.417013142502529,0.16988512086548188,0.08775083231164214,0.7893883025474846,5332
517,0.5,26,74,26,25,1,0,0,1,0.5445760000000001,1084.5901773596208,0.9206680584551148,117102.29601119425,1.3157194604862337,4.403037524464705,0.16934759709479635,0.08782239188834837,0.7880604618071366,5333
518,0.5,26,74,26,25,1,0,0,1,0.5445760000000001,1085.1347533596208,0.9206988468447587,117135.68255598535,1.3149052603766564,4.389070502966532,0.1688104039602512,0.08789407861907966,0.786723524955691,5334
519,0.5,26,74,26,25,1,0,0,1,0.5445760000000001,1085.6793293596209,0.9207295888824552,117169.03560744092,1.3140934904918162,4.375108148149508,0.1682733903134426,0.08796615108943787,0.7853761430164871,5335
520,0.5,26,74,26,25,1,0,0,1,0.5445760000000001,1086.2239053596209,0.9207602846727999,117202.35521593643,1.3132841451045034,4.36114860740623,0.16773648490023962,0.08803783684334589,0.784021070106256,5336
521,0.5,26,74,26,25,1,0,0,1,0.5445760000000001,1086.7684813596209,0.920790934320074,117235.64143174632,1.312477218506556,4.347135447393584,0.16719751720744552,0.08811087651695766,0.7826471249876105,5337
522,0.5,26,74,26,25,1,0,0,1,0.5445760000000001,1087.3130573596209,0.9208215379282454,117268.89430504435,1.3116727050064683,4.333183632984909,0.16666090896095803,0.08818304091610994,0.7812717923083868,5338
523,0.5,26,74,26,25,1,0,0,1,0.5445760000000001,1087.8576333596209,0.9208520956009698,117302.11388590377,1.3108705989314677,4.319220557721988,0.16612386760469183,0.08825550631341739,0.7798848091772972,5339
524,0.5,26,74,26,25,1,0,0,1,0.5445760000000001,1088.4022093596209,0.9208826074415921,117335.30022429767,1.3100708946266262,4.305244939684164,0.16558634383400633,0.08832887714818648,0.7784836125376526,5340
525,0.5,26,74,26,25,1,0,0,1,0.5445760000000001,1088.946785359621,0.9209130735531473,117368.45337009912,1.3092735864538814,4.291277918185991,0.1650491506994612,0.08840234047506311,0.7770729655595601,5341
526,0.5,26,74,26,25,1,0,0,1,0.5445760000000001,1089.491361359621,0.9209434940383618,117401.57337308151,1.308478668793387,4.277315563368967,0.1645121370526526,0.08847615108090252,0.7756514913328031,5342
527,0.5,26,74,26,25,1,0,0,1,0.5445760000000001,1090.035937359621,0.9209738689996546,117434.66028291876,1.3076861360423229,4.26335602262569,0.1639752316394496,0.08854961497634177,0.7742217043831954,5343
528,0.5,26,74,26,25,1,0,0,1,0.5445760000000001,1090.580513359621,0.9210041985391384,117467.71414918557,1.3068959826161286,4.249404208217015,0.16343862339296208,0.08862327596006853,0.7727818087774008,5344
529,0.5,26,74,26,25,1,0,0,1,0.5445760000000001,1091.125089359621,0.9210344827586207,117500.73502135764,1.3061082029474749,4.235400911942397,0.1629000350747076,0.0886980373654787,0.7713232191178901,5345
530,0.5,26,74,26,25,1,0,0,1,0.5445760000000001,1091.669665359621,0.9210647217596049,117533.722948812,1.305322791485892,4.221437836679477,0.16236299371844146,0.08877227968614293,0.7698598811618009,5346
531,0.5,26,74,26,25,1,0,0,1,0.5445760000000001,1092.214241359621,0.9210949156432916,117566.67798082717,1.304539742699044,4.207475481862454,0.16182598007163282,0.08884737033881433,0.7683830080400891,5347
532,0.5,26,74,26,25,1,0,0,1,0.5445760000000001,1092.758817359621,0.9211250645105797,117599.60016658343,1.3037432388257486,4.1935084603642805,0.1612887869370877,0.08892256951904225,0.7668950109624053,5348
533,0.5,26,74,26,25,1,0,0,1,0.5445760000000001,1093.303393359621,0.9211551684620674,117632.48955516312,1.302949111202645,4.1795328423264575,0.1607512631664022,0.08899814937207487,0.7653943712732599,5349
534,0.5,26,74,26,25,1,0,0,1,0.5445760000000001,1093.847969359621,0.9211852275980532,117665.34619555077,1.302157354290573,4.165581027917782,0.1602146549199147,0.08907330219791679,0.7638870628270548,5350
535,0.5,26,74,26,25,1,0,0,1,0.5445760000000001,1094.392545359621,0.9212152420185376,117698.17013663345,1.3013542064042,4.151621487174504,0.1596777495067117,0.08914872237513949,0.7623675092562564,5351
536,0.5,26,74,26,25,1,0,0,1,0.5445760000000001,1094.937121359621,0.9212452118232234,117730.96142720096,1.3005534395459877,4.137658411911584,0.15914070815044554,0.08922447677577396,0.7608357098444979,5352
537,0.5,26,74,26,25,1,0,0,1,0.5445760000000001,1095.481697359621,0.9212751371115173,117763.72011594613,1.2997550481793467,4.12369605709456,0.15860369450363693,0.08930102394007858,0.7592900734541038,5353
538,0.5,26,74,26,25,1,0,0,1,0.5445760000000001,1096.026273359621,0.9213050179825313,117796.44625146493,1.2989590267841005,4.109729035596387,0.1580665013690918,0.0893777058259042,0.7577327191821245,5354
539,0.5,26,74,26,25,1,0,0,1,0.5445760000000001,1096.570849359621,0.9213348545350827,117829.13988225686,1.2981653698573083,4.095777221187713,0.15752989312260432,0.08945409966647218,0.7561670935767548,5355
540,0.5,26,74,26,25,1,0,0,1,0.5445760000000001,1097.115425359621,0.9213646468676965,117861.80105672512,1.2973740719139846,4.081801603149889,0.1569923693519188,0.08953139569244242,0.7545847076314763,5356
541,0.5,26,74,26,25,1,0,0,1,0.5445760000000001,1097.660001359621,0.9213943950786057,117894.4298231768,1.2965851274846578,4.06784206240661,0.15645546393871582,0.08960829609672781,0.7529944359863762,5357
542,0.5,26,74,26,25,1,0,0,1,0.5445760000000001,1098.204577359621,0.9214240992657522,117927.02622982327,1.2957985311182438,4.053879707589587,0.15591845029190715,0.08968606991753193,0.7513892321842508,5358
543,0.5,26,74,26,25,1,0,0,1,0.5445760000000001,1098.749153359621,0.9214537595267888,117959.59032478022,1.2950142773790467,4.039916632326666,0.155381408935641,0.08976352097025746,0.7497741765489843,5359
544,0.5,26,74,26,25,1,0,0,1,0.5445760000000001,1099.293729359621,0.9214833759590793,117992.12215606804,1.2942323608494772,4.025949610828494,0.15484421580109592,0.08984166286941787,0.7481446572500038,5360
545,0.5,26,74,26,25,1,0,0,1,0.5445760000000001,1099.838305359621,0.9215129486597001,118024.62177161203,1.2934527761273984,4.01199779641982,0.15430760755460843,0.08991948965819224,0.7465066059374335,5361
546,0.5,26,74,26,25,1,0,0,1,0.5445760000000001,1100.382881359621,0.9215424777254413,118057.08921924258,1.2926755178284985,3.9979846364071725,0.15376863986181433,0.08999870894035959,0.7448455091033289,5362
547,0.5,26,74,26,25,1,0,0,1,0.5445760000000001,1100.927457359621,0.9215719632528071,118089.52454669547,1.2919005805840211,3.983981340132555,0.15323005154355981,0.09007789051454325,0.7431739830685746,5363
548,0.5,26,74,26,25,1,0,0,1,0.5445760000000001,1101.472033359621,0.9216014053380178,118121.92780161207,1.2911279590424722,3.970005722094732,0.15269252777287431,0.09015712348638034,0.7414933213153238,5364
549,0.5,26,74,26,25,1,0,0,1,0.5445760000000001,1102.016609359621,0.9216308040770101,118154.29903153957,1.290357647867866,3.9560461813514545,0.15215562235967134,0.09023593479219504,0.7398044019166689,5365
550,0.5,26,74,26,25,1,0,0,1,0.5445760000000001,1102.561185359621,0.9216601595654388,118186.63828393124,1.2895896417419188,3.9420838265344296,0.15161860871286267,0.09031556551283972,0.7381000427923747,5366
551,0.5,26,74,26,25,1,0,0,1,0.5445760000000001,1103.105761359621,0.9216894718986769,118218.94560614662,1.2888239353612303,3.928132012125755,0.1510820004663752,0.09039484034340131,0.7363864993005974,5367
552,0.5,26,74,26,25,1,0,0,1,0.5445760000000001,1103.650337359621,0.9217187411718176,118251.22104545179,1.2880605234397071,3.9141689368628345,0.15054495911010904,0.09047441163493027,0.7346587572946408,5368
553,0.5,26,74,26,25,1,0,0,1,0.5445760000000001,1104.194913359621,0.9217479674796748,118283.4646490196,1.2872994007073824,3.900201915364662,0.1500077659755639,0.09055463746446663,0.7329158932951945,5369
554,0.5,26,74,26,25,1,0,0,1,0.5445760000000001,1104.739489359621,0.9217771509167842,118315.67646392985,1.2865405619095303,3.8862423746213843,0.14947086056236095,0.09063467064827378,0.7311626298946319,5370
555,0.5,26,74,26,25,1,0,0,1,0.5445760000000001,1105.284065359621,0.9218062915774045,118347.85653716957,1.2857840018087687,3.87226675658356,0.14893333679167542,0.09071555792248685,0.7293919652945213,5371
556,0.5,26,74,26,25,1,0,0,1,0.5445760000000001,1105.828641359621,0.921835389555518,118380.00491563327,1.2850297151826344,3.858304401766536,0.14839632314486678,0.09079657449848563,0.7276099329808259,5372
557,0.5,26,74,26,25,1,0,0,1,0.5445760000000001,1106.373217359621,0.9218644449448322,118412.12164612307,1.2842776968246956,3.8443525873578612,0.1478597148983793,0.09087723759156832,0.7258183208111304,5373
558,0.5,26,74,26,25,1,0,0,1,0.5445760000000001,1106.917793359621,0.9218934578387804,118444.206775349,1.2835124428725189,3.8303855658596886,0.14732252176383417,0.09095866567406935,0.7240094978233428,5374
559,0.5,26,74,26,25,1,0,0,1,0.5445760000000001,1107.462369359621,0.9219224283305227,118476.26034992927,1.2827494704485414,3.8164224905967687,0.14678548040756803,0.09103986782008874,0.7221897061978749,5375
560,0.5,26,74,26,25,1,0,0,1,0.5445760000000001,1108.006945359621,0.9219513565129472,118508.28241639037,1.2819887743407794,3.8024601357797443,0.1462484667607594,0.09112185638225682,0.7203540766939955,5376
561,0.5,25,75,26,25,0,1,0,1,0.5401331481987917,1108.5470785078198,0.9219802424786708,118540.74810867225,1.2812168653629932,3.7888353340468592,0.15155341336187436,0.08811068147478754,0.7473802534071021,5377
562,0.5,25,75,25,25,0,0,0,0,0.52832,1109.0753985078197,0.9220349440502567,118574.4451431656,1.2804448941976965,3.7760844963070106,0.15104337985228045,0.08815202984791994,0.7459274120623588,5378
563,0.5,25,75,25,25,0,0,0,0,0.52832,1109.6037185078196,0.9220895689703492,118608.11008905477,1.2796747137608049,3.763357462196311,0.15053429848785244,0.08819263901265698,0.7444704129661699,5379
564,0.5,25,75,25,25,0,0,0,0,0.52832,1110.1320385078195,0.9221441173999496,118641.74299215335,1.2789063199739943,3.7505789462196697,0.15002315784878678,0.08823444771644202,0.7429932164019107,5380
565,0.5,25,75,25,25,0,0,0,0,0.52832,1110.6603585078194,0.9221985894996082,118675.34389818778,1.278139708770752,3.7378367050194727,0.14951346820077888,0.08827584980462656,0.7415115674696283,5381
566,0.5,25,75,25,25,0,0,0,0,0.52832,1111.1886785078193,0.9222529854294264,118708.91285279756,1.2773748760965016,3.7250984100545272,0.1490039364021811,0.0883168583188597,0.7400221009506722,5382
567,0.5,25,75,25,25,0,0,0,0,0.52832,1111.7169985078192,0.9223073053490581,118742.44990153538,1.2766118179100074,3.712360835535478,0.14849443342141913,0.08835848617333923,0.7385200130750048,5383
568,0.5,25,75,25,25,0,0,0,0,0.52832,1112.245318507819,0.9223615494177116,118775.95508986742,1.2758505301809537,3.6996260750901753,0.14798504300360701,0.08839960836433329,0.7370103653685651,5384
569,0.5,24,76,25,24,0,1,0,0,0.49357495939608165,1112.7388934672151,0.9223878097789685,118809.54352917579,1.2751104877414272,3.6877070008652972,0.15365445836938738,0.08483467613206012,0.7663838656344221,5385
570,0.5,24,76,24,24,0,0,0,0,0.48768000000000006,1113.226573467215,0.9224397590361446,118843.73150377037,1.274370271675939,3.675945836910281,0.1531644098712617,0.08486862209047925,0.7650943042630456,5385
571,0.5,24,76,24,24,0,0,0,0,0.48768000000000006,1113.714253467215,0.9224916387959866,118877.88953748666,1.2736311290679916,3.6641846729552645,0.15267436137313603,0.08490265156968621,0.7637958275196315,5385
572,0.5,24,76,24,24,0,0,0,0,0.48768000000000006,1114.201933467215,0.9225434491978609,118912.01766963954,1.272893057584193,3.652423509000249,0.15218431287501036,0.08493676446929445,0.7624883722291542,5385
573,0.5,24,76,24,24,0,0,0,0,0.48768000000000006,1114.689613467215,0.9225951903807615,118946.11593947507,1.2721560548979096,3.6406623450452327,0.1516942643768847,0.0849709606888328,0.7611718748994094,5385
574,0.5,24,76,24,24,0,0,0,0,0.48768000000000006,1115.177293467215,0.9226468624833111,118980.18438617067,1.2714201186892402,3.628901181090217,0.15120421587875904,0.08500524012774648,0.759846271723928,5385
575,0.5,24,76,24,24,0,0,0,0,0.48768000000000006,1115.6649734672148,0.9226984656437625,119014.22304883528,1.2706852466449936,3.6171400171352013,0.15071416738063337,0.0850396026853984,0.7585114985850544,5385
576,0.5,24,76,24,24,0,0,0,0,0.48768000000000006,1116.1526534672148,0.92275,119048.23196650943,1.2699514364586637,3.605378853180185,0.15022411888250772,0.08507404826107019,0.7571674910571858,5385
577,0.5,24,76,24,24,0,0,0,0,0.48768000000000006,1116.6403334672148,0.9228014656895404,119082.21117816548,1.269218685830404,3.593617689225169,0.14973407038438205,0.08510857675396345,0.7558141844101873,5385
578,0.5,24,76,24,24,0,0,0,0,0.48768000000000006,1117.1280134672147,0.9228528628495339,119116.16072270778,1.2684869924670064,3.5818565252701533,0.14924402188625638,0.08514318806320081,0.7544515136129785,5385
579,0.5,24,76,24,24,0,0,0,0,0.48768000000000006,1117.6156934672147,0.9229041916167665,119150.08063897268,1.2677563540818744,3.5700953613151367,0.1487539733881307,0.08517788208782712,0.7530794133373042,5385
580,0.5,24,76,24,24,0,0,0,0,0.48768000000000006,1118.1033734672146,0.9229554521276596,119183.97096572886,1.2670267683950012,3.5583341973601215,0.14826392489000503,0.08521265872681055,0.7516978179616839,5385
581,0.5,24,76,24,24,0,0,0,0,0.48768000000000006,1118.5910534672146,0.9230066445182724,119217.83174167735,1.266298233132945,3.546573033405105,0.1477738763918794,0.08524751787904379,0.7503066615755564,5385
582,0.5,24,76,24,24,0,0,0,0,0.48768000000000006,1119.0787334672145,0.9230577689243028,119251.66300545173,1.2655707460288055,3.534811869450089,0.14728382789375372,0.08528245944334513,0.7489058779836151,5385
583,0.5,24,76,24,24,0,0,0,0,0.48768000000000006,1119.5664134672145,0.9231088254810883,119285.46479561825,1.2648443048222007,3.523050705495073,0.14679377939562807,0.08531748331845956,0.7474954007103456,5385
584,0.5,24,76,24,24,0,0,0,0,0.48768000000000006,1120.0540934672144,0.9231598143236074,119319.23715067601,1.2641189072592431,3.5112895415400573,0.14630373089750237,0.08535258940306,0.7460751630047638,5385
585,0.5,24,76,24,24,0,0,0,0,0.48768000000000006,1120.5417734672144,0.9232107355864811,119352.9801090571,1.2633945510925184,3.4995283775850416,0.14581368239937673,0.08538777759574832,0.7446450978453694,5385
586,0.5,24,76,24,24,0,0,0,0,0.48768000000000006,1121.0294534672144,0.9232615894039735,119386.69370912667,1.2626712340810577,3.4877672136300255,0.14532363390125105,0.08542304779505654,0.7432051379453082,5385
587,0.5,24,76,24,24,0,0,0,0,0.48768000000000006,1121.5171334672143,0.9233123759099934,119420.37798918324,1.2619489539903201,3.476006049675009,0.14483358540312538,0.08545839989944788,0.74175521575776,5385
588,0.5,24,76,24,24,0,0,0,0,0.48768000000000006,1122.0048134672143,0.9233630952380952,119454.03298745865,1.2612277085921646,3.4642448857199932,0.14434353690499974,0.08549383380731794,0.7402952634815495,5385
589,0.5,24,76,24,24,0,0,0,0,0.48768000000000006,1122.4924934672142,0.9234137475214805,119487.65874211835,1.2605074956648308,3.452483721764977,0.14385348840687406,0.08552934941699573,0.7388252130669901,5385
590,0.5,24,76,24,24,0,0,0,0,0.48768000000000006,1122.9801734672142,0.9234643328929987,119521.25529126148,1.2597883129929135,3.4407225578099614,0.1433634399087484,0.08556494662674491,0.7373449962219651,5385
591,0.5,24,76,24,24,0,0,0,0,0.48768000000000006,1123.4678534672141,0.9235148514851486,119554.82267292101,1.259070158367343,3.4289613938549457,0.14287339141062275,0.08560062533476473,0.7358545444182518,5385
592,0.5,24,76,24,24,0,0,0,0,0.48768000000000006,1123.955533467214,0.9235653034300791,119588.36092506396,1.258353029585358,3.4172002298999296,0.14238334291249707,0.08563638543919128,0.7343537888980936,5385
593,0.5,24,76,24,24,0,0,0,0,0.48768000000000006,1124.443213467214,0.9236156888595913,119621.8700855914,1.2576369244504886,3.405439065944914,0.1418932944143714,0.08567222683809848,0.7328426606810302,5385
594,0.5,24,76,24,24,0,0,0,0,0.48768000000000006,1124.930893467214,0.9236660079051383,119655.35019233875,1.2569218407725284,3.3936779019898977,0.14140324591624573,0.08570814942949928,0.7313210905709865,5385
595,0.5,24,76,24,24,0,0,0,0,0.48768000000000006,1125.418573467214,0.9237162606978275,119688.8012830758,1.2562077763675166,3.3819167380348816,0.14091319741812008,0.08574415311134666,0.7297890091636303,5385
596,0.5,24,76,24,24,0,0,0,0,0.48768000000000006,1125.906253467214,0.9237664473684211,119722.2233955069,1.2554947290577139,3.370155574079866,0.1404231489199944,0.08578023778153476,0.7282463468540034,5385
597,0.5,24,76,24,24,0,0,0,0,0.48768000000000006,1126.3939334672139,0.9238165680473372,119755.61656727115,1.2547826966715796,3.35839441012485,0.13993310042186877,0.0858164033379,0.726693033844435,5385
598,0.5,24,76,24,24,0,0,0,0,0.48768000000000006,1126.8816134672138,0.9238666228646518,119788.98083594246,1.2540716770437508,3.346633246169834,0.1394430519237431,0.08585264967822212,0.7251290001527387,5385
599,0.5,24,76,24,24,0,0,0,0,0.48768000000000006,1127.3692934672138,0.9239166119500984,119822.31623902972,1.25336166801502,3.3348720822148183,0.13895300342561742,0.08588897670022524,0.7235541756207069,5385
600,0.5,24,76,24,24,0,0,0,0,0.48768000000000006,1127.8569734672137,0.9239665354330708,119855.62281397697,1.252652667432313,3.3231109182598026,0.13846295492749175,0.08592538430157902,0.7219684899229059,5385
601,0.5,24,76,24,24,0,0,0,0,0.48768000000000006,1128.3446534672137,0.924016393442623,119888.90059816348,1.2519446731486676,3.311349754304786,0.1379729064293661,0.08596187237989965,0.7203718725757731,5385
602,0.5,24,76,24,24,0,0,0,0,0.48768000000000006,1128.8323334672136,0.9240661861074705,119922.14962890395,1.2512376830232124,3.299588590349771,0.13748285793124046,0.08599844083275099,0.718764252947036,5385
603,0.5,24,76,24,24,0,0,0,0,0.48768000000000006,1129.3200134672136,0.9241159135559921,119955.36994344863,1.250531694921143,3.2878274263947542,0.13699280943311476,0.08603508955764558,0.717145560265449,5385
604,0.5,24,76,24,24,0,0,0,0,0.48768000000000006,1129.8076934672135,0.9241655759162304,119988.56157898344,1.2498267067137037,3.2760662624397385,0.13650276093498911,0.08607181845204576,0.7155157236308607,5385
605,0.5,24,76,24,24,0,0,0,0,0.48768000000000006,1130.2953734672135,0.9242151733158928,120021.72457263012,1.2491227162781637,3.2643050984847224,0.13601271243686344,0.08610862741336466,0.7138746720246155,5385
606,0.5,24,76,24,24,0,0,0,0,0.48768000000000006,1130.7830534672134,0.924264705882353,120054.85896144639,1.2484197214977961,3.2525439345297067,0.1355226639387378,0.08614551633896737,0.7122223343203024,5385
607,0.5,24,76,24,24,0,0,0,0,0.48768000000000006,1131.2707334672134,0.9243141737426519,120087.96478242605,1.247717720261858,3.240782770574691,0.13503261544061212,0.0861824851261719,0.7105586392948521,5385
608,0.5,24,76,24,24,0,0,0,0,0.48768000000000006,1131.7584134672134,0.9243635770234987,120121.04207249913,1.2470167104655674,3.229021606619675,0.13454256694248648,0.08621953367225021,0.7088835156399967,5385
609,0.5,24,76,24,24,0,0,0,0,0.48768000000000006,1132.2460934672133,0.924412915851272,120154.09086853206,1.2463166900100855,3.217260442664659,0.1340525184443608,0.08625666187442939,0.7071968919740935,5385
610,0.5,24,76,24,24,0,0,0,0,0.48768000000000006,1132.7337734672133,0.9244621903520208,120187.11120732779,1.245617656802491,3.205499278709643,0.13356246994623514,0.0862938696298926,0.7054986968543256,5385
611,0.5,24,76,24,24,0,0,0,0,0.48768000000000006,1133.2214534672132,0.9245114006514658,120220.10312562586,1.2449196087557637,3.193738114754627,0.13307242144810946,0.08633115683578013,0.7037888587892858,5385
612,0.5,24,76,24,24,0,0,0,0,0.48768000000000006,1133.7091334672132,0.924560546875,120253.06666010265,1.2442225437887606,3.181976950799611,0.1325823729499838,0.08636852338919043,0.7020673062519504,5385
613,0.5,24,76,24,24,0,0,0,0,0.48768000000000006,1134.1968134672131,0.9246096291476903,120286.00184737144,1.2435264598261973,3.1702157868445955,0.13209232445185815,0.08640596918718121,0.7003339676930534,5385
614,0.5,24,76,24,24,0,0,0,0,0.48768000000000006,1134.684493467213,0.9246586475942783,120318.90872398256,1.2428313547986254,3.15845462288958,0.1316022759537325,0.08644349412677041,0.69858877155487,5385
615,0.5,24,76,24,24,0,0,0,0,0.48768000000000006,1135.172173467213,0.9247076023391813,120351.78732642354,1.2421372266424147,3.1466934589345636,0.13111222745560683,0.0864810981049372,0.696831646285413,5385
616,0.5,24,76,24,24,0,0,0,0,0.48768000000000006,1135.659853467213,0.9247564935064935,120384.63769111923,1.2414440732997294,3.134932294979548,0.13062217895748116,0.08651878101862315,0.6950625203530598,5385
617,0.5,24,76,24,24,0,0,0,0,0.48768000000000006,1136.147533467213,0.924805321219987,120417.45985443196,1.2407518927185115,3.123171131024532,0.13013213045935548,0.08655654276473305,0.6932813222616068,5385
618,0.5,24,76,24,24,0,0,0,0,0.48768000000000006,1136.635213467213,0.9248540856031129,120450.2538526616,1.2400606828524565,3.111409967069516,0.12964208196122984,0.08659438324013609,0.6914879805657713,5385
619,0.5,24,76,24,24,0,0,0,0,0.48768000000000006,1137.1228934672129,0.924902786779002,120483.0197220458,1.2393704416609965,3.0996488031144995,0.1291520334631042,0.0866323023416668,0.6896824238871427,5385
620,0.5,24,76,24,24,0,0,0,0,0.48768000000000006,1137.6105734672128,0.9249514248704663,120515.75749876007,1.23868116710928,3.087887639159484,0.12866198496497852,0.0866702999661261,0.6878645809305943,5385
621,0.5,24,76,24,24,0,0,0,0,0.48768000000000006,1138.0982534672128,0.925,120548.46721891788,1.2379928571681493,3.076126475204468,0.12817193646685285,0.08670837601028228,0.6860343805011666,5385
622,0.5,24,76,24,24,0,0,0,0,0.48768000000000006,1138.5859334672127,0.92504851228978,120581.14891857086,1.2373055098141226,3.064365311249452,0.12768188796872718,0.08674653037087199,0.684191751521425,5385
623,0.5,24,76,24,24,0,0,0,0,0.48768000000000006,1139.0736134672127,0.9250969618616678,120613.8026337089,1.236619123029374,3.0526041472944367,0.1271918394706015,0.0867847629446013,0.6823366230493118,5385
624,0.5,24,76,24,24,0,0,0,0,0.48768000000000006,1139.5612934672126,0.9251453488372093,120646.42840026022,1.2359336948017132,3.0408429833394206,0.12670179097247586,0.08682307362814666,0.6804689242964898,5385
625,0.5,24,76,24,24,0,0,0,0,0.48768000000000006,1140.0489734672126,0.9251936733376371,120679.02625409166,1.2352492231245664,3.0290818193844045,0.12621174247435019,0.08686146231815588,0.6785885846471963,5385
626,0.5,24,76,24,24,0,0,0,0,0.48768000000000006,1140.5366534672125,0.925241935483871,120711.59623100866,1.2345657059969564,3.017320655429389,0.12572169397622454,0.08689992891124915,0.6766955336776137,5385
627,0.5,24,76,24,24,0,0,0,0,0.48768000000000006,1141.0243334672125,0.9252901353965184,120744.13836675543,1.2338831414234828,3.0055594914743726,0.12523164547809887,0.08693847330402002,0.6747897011757633,5385
628,0.5,24,76,24,24,0,0,0,0,0.48768000000000006,1141.5120134672125,0.9253382731958762,120776.65269701515,1.2332015274143036,2.9937983275193565,0.12474159697997318,0.08697709539303641,0.6728710171619381,5385
629,0.5,24,76,24,24,0,0,0,0,0.48768000000000006,1141.9996934672124,0.9253863490019317,120809.13925741,1.232520861985115,2.982037163564341,0.12425154848184754,0.08701579507484151,0.6709394119096799,5385
630,0.5,24,76,24,24,0,0,0,0,0.48768000000000006,1142.4873734672124,0.925434362934363,120841.59808350136,1.2318411431571308,2.970275999609325,0.12376149998372188,0.08705457224595486,0.6689948159673111,5385
631,0.5,23,77,24,23,0,1,0,0,0.4793370877953335,1142.9667105550077,0.9254555198285102,120871.41184795788,1.2311918424376234,2.9588403853484935,0.12864523414558665,0.08498234028621766,0.696192100949532,5385
632,0.5,23,77,23,23,0,0,0,0,0.46736000000000005,1143.4340705550078,0.9255014326647565,120902.4670157836,1.2305354352921967,2.9478721303470334,0.1281683534933493,0.08500397228702757,0.6945108126612405,5385
633,0.5,23,77,23,23,0,0,0,0,0.46736000000000005,1143.901430555008,0.925547288979286,120933.49680739621,1.2298799012305275,2.9369038753455743,0.1276914728411119,0.08502565100924352,0.6928182264494199,5385
634,0.5,23,77,23,23,0,0,0,0,0.46736000000000005,1144.368790555008,0.9255930888764075,120964.50125388664,1.2292252385118483,2.9259356203441147,0.12721459218887457,0.08504737641713735,0.6911142715955519,5385
635,0.5,23,77,23,23,0,0,0,0,0.46736000000000005,1144.836150555008,0.9256388324601732,120995.48038629504,1.2285714454000143,2.9149673653426555,0.1267377115366372,0.08506914847494061,0.6893988773048956,5385
636,0.5,23,77,23,23,0,0,0,0,0.46736000000000005,1145.3035105550082,0.9256845198343796,121026.43423561091,1.2279185201634917,2.9039991103411955,0.1262608308843998,0.08509096714684462,0.687671972718712,5385
637,0.5,23,77,23,23,0,0,0,0,0.46736000000000005,1145.7708705550083,0.9257301511025682,121057.36283277316,1.227266461075339,2.893030855339737,0.1257839502321625,0.0851128323970008,0.6859334869268833,5385
638,0.5,23,77,23,23,0,0,0,0,0.46736000000000005,1146.2382305550084,0.9257757263680265,121088.26620867025,1.2266152664131937,2.882062600338277,0.12530706957992513,0.08513474418952094,0.6841833489809247,5385
639,0.5,23,77,23,23,0,0,0,0,0.46736000000000005,1146.7055905550085,0.9258212457337884,121119.1443941403,1.2259649344592582,2.871094345336818,0.12483018892768775,0.0851567024884774,0.6824214879074214,5385
640,0.5,23,77,23,23,0,0,0,0,0.46736000000000005,1147.1729505550086,0.9258667093026355,121149.99741997117,1.2253154635002828,2.8601260903353585,0.12435330827545035,0.08517870725790334,0.6806478327218733,5385
641,0.5,23,77,23,23,0,0,0,0,0.46736000000000005,1147.6403105550087,0.9259121171770972,121180.82531690055,1.224666851827551,2.849157835333899,0.12387642762321299,0.08520075846179302,0.6788623124429773,5385
642,0.5,23,77,23,23,0,0,0,0,0.46736000000000005,1148.1076705550088,0.9259574694594522,121211.6281156161,1.2240190977368641,2.83818958033244,0.1233995469709756,0.08522285606410207,0.6770648561073386,5385
643,0.5,23,77,23,23,0,0,0,0,0.46736000000000005,1148.5750305550089,0.926002766251729,121242.40584675552,1.2233721995285292,2.8272213253309806,0.12292266631873827,0.08524500002874762,0.6752553927846422,5385
644,0.5,23,77,23,23,0,0,0,0,0.46736000000000005,1149.042390555009,0.9260480076557059,121273.15854090666,1.2227261555073392,2.8162530703295214,0.1224457856665009,0.08526719031960868,0.6734338515932677,5385
645,0.5,23,77,23,23,0,0,0,0,0.46736000000000005,1149.509750555009,0.9260931937729132,121303.88622860766,1.222080963982563,2.8052848153280614,0.12196890501426357,0.08528942690052625,0.6716001617163831,5385
646,0.5,23,77,23,23,0,0,0,0,0.46736000000000005,1149.9771105550092,0.926138324704633,121334.58894034699,1.2214366232679272,2.7943165603266023,0.12149202436202615,0.0853117097353037,0.6697542524185053,5385
647,0.5,23,77,23,23,0,0,0,0,0.46736000000000005,1150.4444705550093,0.9261834005518998,121365.26670656355,1.220793131681604,2.7833483053251435,0.12101514370978883,0.085334038787707,0.6678960530625561,5385
648,0.5,23,77,23,23,0,0,0,0,0.46736000000000005,1150.9118305550094,0.9262284214155021,121395.91955764685,1.2201504875461948,2.7723800503236835,0.12053826305755141,0.08535641402146478,0.6660254931274039,5385
649,0.5,23,77,23,23,0,0,0,0,0.46736000000000005,1151.3791905550095,0.9262733873959824,121426.54752393703,1.2195086891887164,2.761411795322224,0.1200613824053141,0.08537883540026879,0.6641425022259249,5385
650,0.5,23,77,23,23,0,0,0,0,0.46736000000000005,1151.8465505550096,0.9263182985936382,121457.15063572497,1.2188677349405852,2.7504435403207648,0.11958450175307675,0.08540130288777414,0.6622470101235668,5385
651,0.5,23,77,23,23,0,0,0,0,0.46736000000000005,1152.3139105550097,0.9263631551085231,121487.72892325246,1.2182276231376057,2.7394752853193056,0.11910762110083938,0.08542381644759936,0.660338946757451,5385
652,0.5,23,77,23,23,0,0,0,0,0.46736000000000005,1152.7812705550098,0.9264079570404465,121518.2824167122,1.217588352119953,2.7285070303178456,0.11863074044860199,0.08544637604332682,0.6584182422560076,5385
653,0.5,23,77,23,23,0,0,0,0,0.46736000000000005,1153.2486305550099,0.9264527044889759,121548.81114624797,1.2169499202321603,2.717538775316387,0.11815385979636463,0.08546898163850289,0.6564848269591583,5385
654,0.5,23,77,23,23,0,0,0,0,0.46736000000000005,1153.71599055501,0.9264973975534361,121579.3151419547,1.2163123258231037,2.706570520314927,0.11767697914412725,0.08549163319663822,0.6545386314390564,5385
655,0.5,23,77,23,23,0,0,0,0,0.46736000000000005,1154.18335055501,0.9265420363329109,121609.79443387859,1.215675567245989,2.695602265313468,0.1172000984918899,0.08551433068120795,0.6525795865214016,5385
656,0.5,23,77,23,23,0,0,0,0,0.46736000000000005,1154.6507105550102,0.9265866209262436,121640.24905201714,1.2150396428583348,2.684634010312008,0.11672321783965255,0.08553707405565199,0.6506076233073291,5385
657,0.5,23,77,23,23,0,0,0,0,0.46736000000000005,1155.1180705550103,0.9266311514320376,121670.67902631938,1.2144045510219625,2.6736657553105485,0.11624633718741513,0.08555986328337524,0.6486226731958928,5385
658,0.5,23,77,23,23,0,0,0,0,0.46736000000000005,1155.5854305550104,0.9266756279486571,121701.08438668583,1.213770290102979,2.6626975003090894,0.11576945653517778,0.08558269832774784,0.6466246679071539,5385
659,0.5,23,77,23,23,0,0,0,0,0.46736000000000005,1156.0527905550105,0.9267200505742282,121731.4651629687,1.2131368584717646,2.65172924530763,0.11529257588294042,0.08560557915210543,0.6446135395058736,5385
660,0.5,23,77,23,23,0,0,0,0,0.46736000000000005,1156.5201505550106,0.9267644194066391,121761.82138497189,1.212504254502957,2.6407609903061706,0.11481569523070304,0.08562850571974931,0.6425892204258401,5385
661,0.5,23,77,23,23,0,0,0,0,0.46736000000000005,1156.9875105550107,0.9268087345435412,121792.15308245122,1.2118724765754387,2.629792735304711,0.1143388145784657,0.08565147799394679,0.6405516434948276,5385
662,0.5,23,77,23,23,0,0,0,0,0.46736000000000005,1157.4548705550108,0.9268529960823495,121822.46028511437,1.2112415230723244,2.6188244803032514,0.11386193392622829,0.0856744959379314,0.6385007419601987,5385
663,0.5,23,77,23,23,0,0,0,0,0.46736000000000005,1157.9222305550109,0.9268972041202439,121852.74302262113,1.2106113923809456,2.607856225301792,0.11338505327399098,0.0856975595149031,0.6364364495151748,5385
664,0.5,23,77,23,23,0,0,0,0,0.46736000000000005,1158.389590555011,0.9269413587541689,121883.00132458338,1.209982082892836,2.5968879703003327,0.11290817262175358,0.08572066868802851,0.6343587003257617,5385
665,0.5,23,77,23,23,0,0,0,0,0.46736000000000005,1158.856950555011,0.9269854600808356,121913.23522056524,1.20935359300372,2.5859197152988727,0.1124312919695162,0.08574382342044123,0.6322674290583755,5385
666,0.5,23,77,23,23,0,0,0,0,0.46736000000000005,1159.3243105550112,0.9270295081967214,121943.44474008316,1.208725921113498,2.5749514602974135,0.11195441131727887,0.085767023675242,0.6301625709081443,5385
667,0.5,23,77,23,23,0,0,0,0,0.46736000000000005,1159.7916705550113,0.9270735031980707,121973.629912606,1.2080990656262318,2.563983205295954,0.1114775306650415,0.08579026941549898,0.6280440616279224,5385
668,0.5,23,77,23,23,0,0,0,0,0.46736000000000005,1160.2590305550113,0.9271174451808964,122003.79076755517,1.207473024950134,2.5530149502944948,0.11100065001280413,0.08581356060424794,0.6259118375580218,5385
669,0.5,23,77,23,23,0,0,0,0,0.46736000000000005,1160.7263905550114,0.9271613342409802,122033.92733430467,1.2068477974975502,2.542046695293035,0.11052376936056672,0.08583689720449261,0.623765835656668,5385
670,0.5,23,77,23,23,0,0,0,0,0.46736000000000005,1161.1937505550115,0.9272051704738729,122064.0396421812,1.2062233816849506,2.5310784402915756,0.11004688870832938,0.0858602791792048,0.6216059935311955,5385
671,0.5,23,77,23,23,0,0,0,0,0.46736000000000005,1161.6611105550116,0.9272489539748954,122094.12772046431,1.2055997759329118,2.5201101852901164,0.10957000805609202,0.08588370649132471,0.6194322494699953,5385
672,0.5,23,77,23,23,0,0,0,0,0.46736000000000005,1162.1284705550117,0.9272926848391396,122124.1915983864,1.2049769786661073,2.509141930288657,0.10909312740385464,0.08590717910376108,0.6172445424752238,5385
673,0.5,23,77,23,23,0,0,0,0,0.46736000000000005,1162.5958305550118,0.927336363161469,122154.2313051329,1.2043549883132918,2.4981736752871972,0.10861624675161725,0.08593069697939162,0.6150428122962869,5385
674,0.5,22,78,23,22,0,1,0,0,0.4546010453026938,1163.0504316003146,0.9273538855099324,122182.1480298753,1.2037559927137564,2.48756845230931,0.11307129328678678,0.08464342445445017,0.6408700061271331,5385
675,0.5,22,78,22,22,0,0,0,0,0.44704000000000005,1163.4974716003146,0.9273955806005583,122210.83712749647,1.203156249631642,2.477178364633778,0.1125990165742626,0.08466231659354786,0.6388381101328875,5385
676,0.5,22,78,22,22,0,0,0,0,0.44704000000000005,1163.9445116003146,0.9274372278570124,122239.50418768532,1.2025572484302023,2.466788276958246,0.11212673986173845,0.08468125358169257,0.6367928734126402,5385
677,0.5,22,78,22,22,0,0,0,0,0.44704000000000005,1164.3915516003146,0.9274788273615635,122268.14923582406,1.2019589877337318,2.456398189282714,0.11165446314921428,0.08470023538880267,0.6347342281867141,5385
678,0.5,22,78,22,22,0,0,0,0,0.44704000000000005,1164.8385916003147,0.9275203791962914,122296.77229725596,1.2013614661699237,2.446008101607182,0.1111821864366901,0.08471926198475241,0.6326621071213865,5385
679,0.5,22,78,22,22,0,0,0,0,0.44704000000000005,1165.2856316003147,0.9275618834430881,122325.37339728537,1.2007646823698606,2.435618013931651,0.11070990972416594,0.08473833333937199,0.6305764433563864,5385
680,0.5,22,78,22,22,0,0,0,0,0.44704000000000005,1165.7326716003147,0.9276033401836581,122353.95256117784,1.2001686349680023,2.4252279262561185,0.11023763301164173,0.0847574494224478,0.6284771705330927,5385
681,0.5,22,78,22,22,0,0,0,0,0.44704000000000005,1166.1797116003147,0.927644749499519,122382.50981416018,1.1995733226021783,2.414837838580586,0.10976535629911756,0.08477661020372274,0.6263642228234598,5385
682,0.5,22,78,22,22,0,0,0,0,0.44704000000000005,1166.6267516003147,0.9276861114720021,122411.04518142054,1.1989787439135735,2.404447750905055,0.1092930795865934,0.08479581565289628,0.6242375349596603,5385
683,0.5,22,78,22,22,0,0,0,0,0.44704000000000005,1167.0737916003147,0.9277274261822526,122439.55868810846,1.198384897546722,2.394057663229523,0.10882080287406923,0.08481506573962469,0.6220970422644804,5385
684,0.5,22,78,22,22,0,0,0,0,0.44704000000000005,1167.5208316003148,0.9277686937112305,122468.05035933499,1.197791782149493,2.383667575553991,0.10834852616154506,0.08483436043352142,0.6199426806824648,5385
685,0.5,22,78,22,22,0,0,0,0,0.44704000000000005,1167.9678716003148,0.927809914139711,122496.52022017268,1.1971993963730843,2.3732774878784593,0.1078762494490209,0.08485369970415703,0.6177743868118306,5385
686,0.5,22,78,22,22,0,0,0,0,0.44704000000000005,1168.4149116003148,0.927851087548285,122524.96829565577,1.196607738872008,2.362887400202927,0.10740397273649668,0.08487308352105966,0.6155920979371557,5385
687,0.5,22,78,22,22,0,0,0,0,0.44704000000000005,1168.8619516003148,0.9278922140173598,122553.39461078016,1.196016808304084,2.3524973125273956,0.10693169602397253,0.08489251185371503,0.6133957520628681,5385
688,0.5,22,78,22,22,0,0,0,0,0.44704000000000005,1169.3089916003148,0.927933293627159,122581.79919050356,1.1954266033304275,2.3421072248518637,0.10645941931144835,0.08491198467156681,0.6111852879475266,5385
689,0.5,22,78,22,22,0,0,0,0,0.44704000000000005,1169.7560316003148,0.927974326457724,122610.1820597455,1.1948371226154402,2.331717137176332,0.10598714259892414,0.08493150194401676,0.6089606451389273,5385
690,0.5,22,78,22,22,0,0,0,0,0.44704000000000005,1170.2030716003148,0.9280153125889139,122638.54324338742,1.1942483648267994,2.3213270495008005,0.10551486588639998,0.08495106364042489,0.6067217640100364,5385
691,0.5,22,78,22,22,0,0,0,0,0.44704000000000005,1170.6501116003149,0.9280562521004059,122666.8827662728,1.1936603286354477,2.3109369618252686,0.10504258917387585,0.08497066973010971,0.6044685857957578,5385
692,0.5,22,78,22,22,0,0,0,0,0.44704000000000005,1171.0971516003149,0.9280971450716962,122695.20065320717,1.1930730127155857,2.3005468741497364,0.10457031246135165,0.08499032018234853,0.6022010526305585,5385
693,0.5,22,78,22,22,0,0,0,0,0.44704000000000005,1171.544191600315,0.9281379915821003,122723.49692895815,1.1924864157446569,2.2901567864742045,0.10409803574882748,0.08501001496637751,0.5999191075869607,5385
694,0.5,22,78,22,22,0,0,0,0,0.44704000000000005,1171.991231600315,0.9281787917107538,122751.77161825563,1.1919005364033433,2.2797666987986727,0.10362575903630326,0.08502975405139199,0.5976226947149021,5385
695,0.5,22,78,22,22,0,0,0,0,0.44704000000000005,1172.438271600315,0.9282195455366125,122780.02474579177,1.1913153733755508,2.2693766111231413,0.10315348232377915,0.08504953740654657,0.5953117590819947,5385
696,0.5,22,78,22,22,0,0,0,0,0.44704000000000005,1172.885311600315,0.9282602531384528,122808.25633622106,1.1907309253484042,2.2589865234476094,0.10268120561125495,0.08506936500095548,0.592986246814671,5385
697,0.5,22,78,22,22,0,0,0,0,0.44704000000000005,1173.332351600315,0.9283009145948731,122836.46641416046,1.1901471910122314,2.248596435772077,0.1022089288987308,0.08508923680369267,0.5906461051402577,5385
698,0.5,22,78,22,22,0,0,0,0,0.44704000000000005,1173.779391600315,0.9283415299842933,122864.65500418938,1.1895641690605596,2.2382063480965453,0.10173665218620663,0.08510915278379202,0.5882912824299552,5385
699,0.5,21,79,22,21,0,1,0,0,0.4354130314028536,1174.214804631718,0.9283563653207751,122890.63247270026,1.1890064936202118,2.228126163490575,0.10610124588050357,0.08412706187777448,0.6139937010620398,5385
700,0.5,21,79,21,21,0,0,0,0,0.42672000000000004,1174.6415246317179,0.928395061728395,122917.50033719293,1.1884453729458946,2.2182776813350777,0.10563227053976561,0.08414409180623939,0.6117956434778713,5385
701,0.5,21,79,21,21,0,0,0,0,0.42672000000000004,1175.0682446317178,0.928433716356906,122944.3486878315,1.1878849047916737,2.2084291991795806,0.10516329519902765,0.08416116715750241,0.6095834084765215,5385
702,0.5,21,79,21,21,0,0,0,0,0.42672000000000004,1175.4949646317177,0.9284723292739325,122971.17754586734,1.1873250880199997,2.198580717024084,0.10469431985828968,0.08417828790392184,0.607356934634609,5385
703,0.5,21,79,21,21,0,0,0,0,0.42672000000000004,1175.9216846317177,0.9285109005469533,122997.98693252093,1.1867659214959656,2.1887322348685867,0.10422534451755172,0.08419545401780504,0.6051161613506796,5385
704,0.5,21,79,21,21,0,0,0,0,0.42672000000000004,1176.3484046317176,0.9285494302433015,123024.776868982,1.1862074040872999,2.178883752713089,0.10375636917681379,0.08421266547140852,0.6028610288823989,5385
705,0.5,21,79,21,21,0,0,0,0,0.42672000000000004,1176.7751246317175,0.9285879184301654,123051.54737640952,1.1856495346643567,2.1690352705575924,0.10328739383607582,0.08422992223693831,0.6005914783846185,5385
706,0.5,21,79,21,21,0,0,0,0,0.42672000000000004,1177.2018446317174,0.9286263651745885,123078.29847593179,1.1850923121001122,2.159186788402095,0.10281841849533786,0.08424722428655,0.5983074519483275,5385
707,0.5,21,79,21,21,0,0,0,0,0.42672000000000004,1177.6285646317174,0.9286647705434699,123105.03018864649,1.1845357352701529,2.1493383062465985,0.1023494431545999,0.08426457159234906,0.5960088926405012,5385
708,0.5,21,79,21,21,0,0,0,0,0.42672000000000004,1178.0552846317173,0.9287031346035648,123131.74253562072,1.18397980305267,2.1394898240911013,0.10188046781386197,0.08428196412639097,0.5936957445448582,5385
709,0.5,21,79,21,21,0,0,0,0,0.42672000000000004,1178.4820046317172,0.9287414574214851,123158.43553789107,1.1834245143284527,2.1296413419356037,0.10141149247312399,0.08429940186068142,0.5913679528035408,5385
710,0.5,21,79,21,21,0,0,0,0,0.42672000000000004,1178.9087246317172,0.9287797390636992,123185.1092164637,1.182869867980879,2.1197928597801066,0.100942517132386,0.08431688476717662,0.5890254636597316,5385
711,0.5,20,80,21,20,0,1,0,0,0.4164313391351793,1179.3251559708524,0.9287924113420777,123209.44674531411,1.1823374642185416,2.110200090229552,0.10551000451147759,0.08327798480567013,0.616151067678627,5385
712,0.5,20,80,20,20,0,0,0,0,0.40640000000000004,1179.7315559708525,0.9288288058061384,123234.81495784622,1.1818048183974663,2.100856637853993,0.10504283189269965,0.08329438111049417,0.6139565407033862,5385
713,0.5,19,81,20,19,0,1,0,0,0.39410327190731154,1180.1256592427599,0.9288396209547649,123258.0605808842,1.1812951423037512,2.0918126112768505,0.11009540059351845,0.08183301518719809,0.6441295234326969,5385
714,0.5,19,81,19,19,0,0,0,0,0.38608000000000003,1180.5117392427599,0.9288741383712025,123282.12855668354,1.1807848959410174,2.082963951676895,0.10962968166720498,0.08184872744913127,0.6420954870828346,5385
715,0.5,19,81,19,19,0,0,0,0,0.38608000000000003,1180.8978192427599,0.928908622317487,123306.18079502627,1.18027518220916,2.074115292076939,0.10916396274089153,0.0818644908297958,0.6400477353861918,5385
716,0.5,19,81,19,19,0,0,0,0,0.38608000000000003,1181.2838992427598,0.9289430728422771,123330.21731134284,1.1797660002746175,2.065266632476983,0.10869824381457806,0.08188030529966796,0.6379861945227109,5385
717,0.5,19,81,19,19,0,0,0,0,0.38608000000000003,1181.6699792427598,0.9289774899941367,123354.23812104356,1.1792573493055674,2.056417972877027,0.10823252488826458,0.0818961708291512,0.6359107910719937,5385
718,0.5,19,81,19,19,0,0,0,0,0.38608000000000003,1182.0560592427598,0.9290118738215359,123378.24323951858,1.1787492284719212,2.047569313277071,0.10776680596195111,0.08191208738857628,0.6338214520418164,5385
719,0.5,19,81,19,19,0,0,0,0,0.38608000000000003,1182.4421392427598,0.9290462243728511,123402.23268213794,1.178241636945319,2.038720653677115,0.10730108703563766,0.08192805494820177,0.6317181048974225,5385
720,0.5,19,81,19,19,0,0,0,0,0.38608000000000003,1182.8282192427598,0.9290805416963649,123426.20646425166,1.1777345738991276,2.0298719940771592,0.10683536810932417,0.08194407347821407,0.6296006775915951,5385
721,0.5,19,81,19,19,0,0,0,0,0.38608000000000003,1183.2142992427598,0.9291148258402666,123450.16460118968,1.1772280385084324,2.0210233344772033,0.1063696491830107,0.08196014294872776,0.6274690985955319,5385
722,0.5,19,81,19,19,0,0,0,0,0.38608000000000003,1183.6003792427598,0.9291490768526525,123474.10710826196,1.1767220299500354,2.0121746748772478,0.10590393025669723,0.08197626332978589,0.6253232969305307,5385
723,0.5,19,81,19,19,0,0,0,0,0.38608000000000003,1183.9864592427598,0.9291832947815256,123498.03400075849,1.1762165474024502,2.003326015277292,0.10543821133038375,0.08199243459136014,0.6231632022005031,5385
724,0.5,19,81,19,19,0,0,0,0,0.38608000000000003,1184.3725392427598,0.9292174796747967,123521.9452939493,1.175711590045897,1.9944773556773356,0.10497249240407029,0.08200865670335122,0.6209887446253316,5385
725,0.5,19,81,19,19,0,0,0,0,0.38608000000000003,1184.7586192427598,0.9292516315802839,123545.84100308456,1.175207157062299,1.98562869607738,0.10450677347775682,0.08202492963558897,0.6187998550750817,5385
726,0.5,19,81,19,19,0,0,0,0,0.38608000000000003,1185.1446992427598,0.9292857505457129,123569.72114339453,1.1747032476352772,1.976780036477424,0.10404105455144337,0.08204125335783269,0.6165964651050889,5385
727,0.5,19,81,19,19,0,0,0,0,0.38608000000000003,1185.5307792427598,0.9293198366187179,123593.58573008963,1.1741998609501472,1.9679313768774678,0.10357533562512988,0.08205762783977144,0.6143785069919256,5385
728,0.5,19,81,19,19,0,0,0,0,0.38608000000000003,1185.9168592427598,0.9293538898468404,123617.43477836052,1.1736969961939125,1.959082717277512,0.10310961669881642,0.08207405305102423,0.6121459137702766,5385
729,0.5,18,82,19,18,0,1,0,0,0.38569336081060895,1186.3025526035703,0.9293625649474084,123637.93677936538,1.1732171784952912,1.9502425551282616,0.10834680861823673,0.08059339380638383,0.6437874861514559,5385
730,0.5,18,82,18,18,0,0,0,0,0.36576000000000003,1186.6683126035703,0.9293947761761204,123660.50263703527,1.172736744940908,1.941840482949012,0.10788002683050063,0.08061259094138527,0.6416952885761457,5385
731,0.5,17,83,18,17,0,1,0,0,0.35468074829116664,1187.0229933518615,0.9294016358157555,123680.83922741796,1.1722817501979743,1.9336788331251005,0.1137458137132412,0.07849910171445434,0.6773801946788736,5385
732,0.5,17,83,17,17,0,0,0,0,0.34544,1187.3684333518615,0.9294320137693631,123702.1263782191,1.1718241568940866,1.9257177097020366,0.11327751233541392,0.07852230134340543,0.6754448384777112,5385
733,0.5,15,85,17,15,0,2,0,0,0.3255397466405318,1187.693973098502,0.9294117647058824,123718.73843617918,1.1714156426995301,1.918182908456759,0.12787886056378392,0.07114551974881483,0.7636348944275755,5385
734,0.5,15,85,15,15,0,0,0,0,0.3048,1187.998773098502,0.9294385432473444,123737.50152670538,1.171004273137519,1.9110919501485966,0.12740613000990642,0.0711826537654071,0.7621061695975415,5385
735,0.5,15,85,15,15,0,0,0,0,0.3048,1188.3035730985018,0.9294653014789533,123756.25499176193,1.1705932392503855,1.9040009918404344,0.12693339945602897,0.07121984387464275,0.7605654556469509,5385
736,0.5,15,85,15,15,0,0,0,0,0.3048,1188.6083730985017,0.9294920394238059,123774.99883875372,1.1701825406274335,1.8969100335322722,0.12646066890215146,0.07125708998869508,0.7590126567762587,5385
737,0.5,15,85,15,15,0,0,0,0,0.3048,1188.9131730985016,0.929518757104964,123793.73307507807,1.169772176858638,1.88981907522411,0.125987938348274,0.07129439201978882,0.75744767667203,5385
738,0.5,14,86,15,14,0,1,0,0,0.2893156321667233,1189.2024887306684,0.929520202020202,123810.70624663496,1.169386921863664,1.8830504106226202,0.13450360075875858,0.06511370517212614,0.8101387268104151,5385
739,0.5,13,87,14,13,0,1,0,0,0.2806690555400948,1189.4831577862085,0.9295198667137881,123825.20848308873,1.1690246409682399,1.8764614560067479,0.144343188923596,0.05552732319678913,0.8710906970626138,5385
740,0.5,13,87,13,13,0,0,0,0,0.26416,1189.7473177862084,0.9295429883665178,123841.42228970022,1.1686626157889357,1.8702149923484963,0.14386269171911506,0.0556030966758476,0.8700318997008653,5385
741,0.5,13,87,13,13,0,0,0,0,0.26416,1190.0114777862084,0.9295660948536831,123857.628897996,1.1683008460551014,1.8639685286902443,0.1433821945146342,0.055678870271411544,0.8689635960730551,5385
742,0.5,13,87,13,13,0,0,0,0,0.26416,1190.2756377862083,0.9295891861902,123873.82831276867,1.1679393314964677,1.8577220650319926,0.14290169731015331,0.05575464398300598,0.8678856935732355,5385
743,0.5,13,87,13,13,0,0,0,0,0.26416,1190.5397977862083,0.9296122623909645,123890.0205388066,1.1675780718431472,1.851475601373741,0.14242120010567236,0.055830417810158454,0.8667980987126355,5385
744,0.5,13,87,13,13,0,0,0,0,0.26416,1190.8039577862082,0.9296353234708536,123906.20558089389,1.1672170668256332,1.8452291377154892,0.14194070290119148,0.055906191752399095,0.8657007171141852,5385
745,0.5,13,87,13,13,0,0,0,0,0.26416,1191.0681177862082,0.9296583694447244,123922.38344381038,1.1668563161747978,1.8389826740572375,0.14146020569671058,0.05598196580926058,0.8645934535071206,5385
746,0.5,13,87,13,13,0,0,0,0,0.26416,1191.3322777862081,0.9296814003274146,123938.55413233172,1.1664958196218937,1.832736210398986,0.14097970849222968,0.056057739980278104,0.8634762117216975,5385
747,0.5,13,87,13,13,0,0,0,0,0.26416,1191.596437786208,0.9297044161337429,123954.71765122926,1.1661355768985506,1.826489746740734,0.14049921128774878,0.05613351426498935,0.8623488946839946,5385
748,0.5,13,87,13,13,0,0,0,0,0.26416,1191.860597786208,0.929727416878508,123970.87400527019,1.1657755877367773,1.8202432830824824,0.14001871408326785,0.05620928866293456,0.8612114044108293,5385
749,0.5,13,87,13,13,0,0,0,0,0.26416,1192.124757786208,0.9297504025764896,123987.02319921741,1.1654158518689577,1.8139968194242306,0.13953821687878698,0.05628506317365636,0.8600636420047902,5385
750,0.5,13,87,13,13,0,0,0,0,0.26416,1192.388917786208,0.9297733732424479,124003.16523782964,1.1650563690278548,1.8077503557659789,0.13905771967430608,0.05636083779669992,0.8589055076493826,5385
751,0.5,13,87,13,13,0,0,0,0,0.26416,1192.6530777862079,0.929796328891124,124019.30012586137,1.1646971389466054,1.801503892107727,0.13857722246982518,0.05643661253161278,0.8577369006043087,5385
752,0.5,13,87,13,13,0,0,0,0,0.26416,1192.9172377862078,0.9298192695372395,124035.42786806289,1.1643381613587225,1.7952574284494753,0.13809672526534425,0.056512387377944964,0.8565577192008799,5385
753,0.5,13,87,13,13,0,0,0,0,0.26416,1193.1813977862078,0.929842195195497,124051.54846918026,1.1639794359980928,1.7890109647912238,0.13761622806086338,0.05658816233524887,0.8553678608375708,5385
754,0.5,13,87,13,13,0,0,0,0,0.26416,1193.4455577862077,0.9298651058805798,124067.66193395536,1.1636209625989777,1.7827645011329722,0.13713573085638248,0.05666393740307931,0.8541672219757237,5385
755,0.5,13,87,13,13,0,0,0,0,0.26416,1193.7097177862076,0.9298880016071518,124083.76826712587,1.1632627408960106,1.7765180374747203,0.13665523365190155,0.056739712580993446,0.8529556981354088,5385
756,0.5,13,87,13,13,0,0,0,0,0.26416,1193.9738777862076,0.9299108823898582,124099.86747342526,1.1629047706241986,1.7702715738164685,0.13617473644742065,0.05681548786855083,0.851733183891457,5385
757,0.5,13,87,13,13,0,0,0,0,0.26416,1194.2380377862075,0.9299337482433246,124115.95955758283,1.1625470515189202,1.764025110158217,0.13569423924293977,0.056891263265313366,0.8504995728696552,5385
758,0.5,13,87,13,13,0,0,0,0,0.26416,1194.5021977862075,0.929956599182158,124132.04452432368,1.1621895833159246,1.7577786464999652,0.13521374203845887,0.056967038770845246,0.8492547577431365,5385
759,0.5,13,87,13,13,0,0,0,0,0.26416,1194.7663577862074,0.929979435220946,124148.12237836876,1.1618323657513332,1.7515321828417134,0.13473324483397794,0.057042814384713016,0.8479986302289562,5385
760,0.5,13,87,13,13,0,0,0,0,0.26416,1195.0305177862074,0.9300022563742573,124164.19312443482,1.161475398561635,1.7452857191834616,0.13425274762949707,0.057118590106485505,0.84673108108487,5385
761,0.5,13,87,13,13,0,0,0,0,0.26416,1195.2946777862073,0.9300250626566416,124180.25676723446,1.1611186814836907,1.73903925552521,0.13377225042501617,0.05719436593573385,0.845452000106323,5385
762,0.5,13,87,13,13,0,0,0,0,0.26416,1195.5588377862073,0.9300478540826297,124196.31331147607,1.1607622142547265,1.7327927918669586,0.13329175322053527,0.05727014187203141,0.844161276123662,5385
763,0.5,13,87,13,13,0,0,0,0,0.26416,1195.8229977862072,0.9300706306667335,124212.36276186394,1.16040599661234,1.7265463282087066,0.13281125601605434,0.057345917914953824,0.8428587969995739,5385
764,0.5,13,87,13,13,0,0,0,0,0.26416,1196.0871577862072,0.9300933924234458,124228.40512309819,1.1600500282944934,1.7202998645504548,0.13233075881157344,0.057421694064078994,0.8415444496267738,5385
765,0.5,13,87,13,13,0,0,0,0,0.26416,1196.3513177862071,0.9301161393672407,124244.44039987473,1.1596943090395178,1.7140534008922033,0.13185026160709257,0.05749747031898702,0.8402181199259356,5385
766,0.5,13,87,13,13,0,0,0,0,0.26416,1196.615477786207,0.9301388715125735,124260.4685968854,1.159338838586108,1.7078069372339515,0.13136976440261167,0.057573246679260205,0.8388796928438945,5385
767,0.5,13,87,13,13,0,0,0,0,0.26416,1196.879637786207,0.9301615888738807,124276.48971881786,1.1589836166733267,1.7015604735756997,0.13088926719813074,0.05764902314448308,0.8375290523521208,5385
768,0.5,13,87,13,13,0,0,0,0,0.26416,1197.143797786207,0.9301842914655798,124292.50377035564,1.158628643040599,1.6953140099174484,0.13040876999364986,0.057724799714242304,0.8361660814454848,5385
769,0.5,13,87,13,13,0,0,0,0,0.26416,1197.407957786207,0.9302069793020697,124308.51075617813,1.158273917427716,1.6890675462591969,0.129928272789169,0.05780057638812677,0.8347906621413139,5385
770,0.5,13,87,13,13,0,0,0,0,0.26416,1197.6721177862069,0.9302296523977309,124324.51068096062,1.157919439574831,1.6828210826009453,0.1294477755846881,0.05787635316572747,0.8334026754787713,5385
771,0.5,13,87,13,13,0,0,0,0,0.26416,1197.9362777862068,0.9302523107669248,124340.50354937423,1.1575652092224604,1.6765746189426933,0.1289672783802072,0.05795213004663755,0.8320020015185542,5385
772,0.5,13,87,13,13,0,0,0,0,0.26416,1198.2004377862067,0.9302749544239942,124356.489366086,1.1572112261114846,1.6703281552844418,0.12848678117572626,0.058027907030452304,0.8305885193429329,5385
773,0.5,13,87,13,13,0,0,0,0,0.26416,1198.4645977862067,0.9302975833832634,124372.46813575881,1.1568574899831428,1.6640816916261902,0.1280062839712454,0.058103684116769104,0.829162107056142,5385
774,0.5,13,87,13,13,0,0,0,0,0.26416,1198.7287577862066,0.9303201976590382,124388.4398630515,1.156504000579037,1.6578352279679383,0.12752578676676452,0.058179461305187426,0.827722641785139,5385
775,0.5,13,87,13,13,0,0,0,0,0.26416,1198.9929177862066,0.9303427972656055,124404.40455261875,1.1561507576411283,1.651588764309687,0.1270452895622836,0.058255238595308845,0.8262699996807447,5385
776,0.5,13,87,13,13,0,0,0,0,0.26416,1199.2570777862065,0.9303653822172341,124420.36220911115,1.1557977609117391,1.6453423006514352,0.1265647923578027,0.058331015986737,0.8248040559191827,5385
777,0.5,13,87,13,13,0,0,0,0,0.26416,1199.5212377862065,0.930387952528174,124436.3128371752,1.1554450101335492,1.6390958369931836,0.1260842951533218,0.05840679347907756,0.8233246847040272,5385
778,0.5,13,87,13,13,0,0,0,0,0.26416,1199.7853977862064,0.9304105082126567,124452.25644145328,1.1550925050495982,1.632849373334932,0.12560379794884094,0.058482571071938286,0.8218317592685832,5385
779,0.5,13,87,13,13,0,0,0,0,0.26416,1200.0495577862064,0.9304330492848956,124468.19302658374,1.1547402454032825,1.6266029096766803,0.12512330074436,0.05855834876492894,0.820325151878711,5385
780,0.5,13,87,13,13,0,0,0,0,0.26416,1200.3137177862063,0.9304555757590853,124484.12259720081,1.1543882309383564,1.6203564460184288,0.12464280353987914,0.058634126557661294,0.8188047338361126,5385
781,0.5,13,87,13,13,0,0,0,0,0.26416,1200.5778777862063,0.9304780876494024,124500.04515793463,1.15403646139893,1.6141099823601772,0.12416230633539825,0.05870990444974913,0.8172703754820968,5385
782,0.5,13,87,13,13,0,0,0,0,0.26416,1200.8420377862062,0.9305005849700048,124515.96071341129,1.1536849365294704,1.6078635187019255,0.12368180913091734,0.058785682440808236,0.8157219462018447,5385
783,0.5,13,87,13,13,0,0,0,0,0.26416,1201.1061977862062,0.9305230677350321,124531.86926825279,1.1533336560747995,1.601617055043674,0.12320131192643645,0.058861460530456364,0.8141593144291902,5385
784,0.5,13,87,13,13,0,0,0,0,0.26416,1201.3703577862061,0.9305455359586059,124547.77082707708,1.1529826197800934,1.5953705913854224,0.12272081472195556,0.058937238718313224,0.8125823476519336,5385
785,0.5,13,87,13,13,0,0,0,0,0.26416,1201.634517786206,0.9305679896548295,124563.66539449806,1.1526318273908842,1.5891241277271708,0.12224031751747468,0.059013017004000495,0.8109909124177136,5385
786,0.5,13,87,13,13,0,0,0,0,0.26416,1201.898677786206,0.9305904288377874,124579.55297512555,1.152281278653055,1.5828776640689193,0.12175982031299379,0.059088795387141804,0.8093848743404525,5385
787,0.5,13,87,13,13,0,0,0,0,0.26416,1202.162837786206,0.9306128535215468,124595.43357356531,1.1519309733128436,1.5766312004106673,0.12127932310851289,0.059164573867362666,0.8077640981073952,5385
788,0.5,13,87,13,13,0,0,0,0,0.26416,1202.426997786206,0.930635263720156,124611.3071944191,1.1515809111168385,1.570384736752416,0.12079882590403196,0.059240352444290545,0.8061284474867696,5385
789,0.5,13,87,13,13,0,0,0,0,0.26416,1202.6911577862058,0.9306576594476456,124627.17384228458,1.1512310918119817,1.5641382730941644,0.12031832869955111,0.059316131117554814,0.80447778533608,5385
790,0.5,13,87,13,13,0,0,0,0,0.26416,1202.9553177862058,0.9306800407180277,124643.03352175542,1.1508815151455647,1.5578918094359127,0.1198378314950702,0.05939190988678672,0.8028119736110629,5385
791,0.5,12,88,13,12,0,1,0,0,0.24850552861026035,1203.203823314816,0.9306775874906925,124657.18367382209,1.1505569124877753,1.5521327972799497,0.12934439977332915,0.050343493179153743,0.8684380565300446,5385
792,0.5,12,88,12,12,0,0,0,0,0.24384000000000003,1203.447663314816,0.930698228375763,124671.81130813439,1.1502313980676426,1.5465190611204367,0.12887658842670305,0.05040774983441324,0.8673145789209827,5385
793,0.5,12,88,12,12,0,0,0,0,0.24384000000000003,1203.6915033148161,0.9307188569727638,124686.43301600734,1.14990609186014,1.540905324960924,0.128408777080077,0.05047200661043933,0.8661803072362351,5385
794,0.5,12,88,12,12,0,0,0,0,0.24384000000000003,1203.9353433148162,0.9307394732926648,124701.04880104188,1.149580993665559,1.5352915888014111,0.12794096573345093,0.05053626350677135,0.8650351267933757,5385
795,0.5,12,88,12,12,0,0,0,0,0.24384000000000003,1204.1791833148163,0.9307600773464227,124715.65866683603,1.1492561032844457,1.529677852641898,0.12747315438682483,0.05060052052295099,0.8638789216899909,5385
796,0.5,12,88,12,12,0,0,0,0,0.24384000000000003,1204.4230233148164,0.9307806691449814,124730.26261698492,1.1489314205176033,1.524064116482385,0.12700534304019878,0.050664777658522224,0.8627115747943175,5385
797,0.5,12,88,12,12,0,0,0,0,0.24384000000000003,1204.6668633148165,0.9308012486992716,124744.86065508076,1.1486069451660874,1.5184503803228722,0.1265375316935727,0.05072903491303137,0.8615329677359772,5385
798,0.5,12,88,12,12,0,0,0,0,0.24384000000000003,1204.9107033148166,0.9308218160202111,124759.45278471283,1.1482826770312085,1.5128366441633592,0.1260697203469466,0.05079329228602705,0.8603429808968279,5385
799,0.5,12,88,12,12,0,0,0,0,0.24384000000000003,1205.1545433148167,0.9308423711187045,124774.03900946755,1.1479586159145307,1.5072229080038464,0.1256019090003205,0.05085754977706013,0.8591414934019276,5385
800,0.5,12,88,12,12,0,0,0,0,0.24384000000000003,1205.3983833148168,0.9308629140056438,124788.61933292841,1.1476347616178717,1.5016091718443336,0.12513409765369446,0.05092180738568377,0.8579283831106301,5385
801,0.5,12,88,12,12,0,0,0,0,0.24384000000000003,1205.6422233148169,0.930883444691908,124803.19375867599,1.1473111139433017,1.4959954356848209,0.12466628630706839,0.05098606511145336,0.8567035266078152,5385
802,0.5,12,88,12,12,0,0,0,0,0.24384000000000003,1205.886063314817,0.9309039631883628,124817.762290288,1.1469876726931434,1.4903816995253076,0.12419847496044234,0.05105032295392656,0.855466799195274,5385
803,0.5,12,88,12,12,0,0,0,0,0.24384000000000003,1206.129903314817,0.9309244695058614,124832.32493133922,1.1466644376699717,1.4847679633657946,0.12373066361381624,0.05111458091266321,0.8542180748832475,5385
804,0.5,12,88,12,12,0,0,0,0,0.24384000000000003,1206.3737433148171,0.930944963655244,124846.88168540159,1.1463414086766128,1.4791542272062819,0.12326285226719015,0.0511788389872254,0.8529572263821437,5385
805,0.5,12,88,12,12,0,0,0,0,0.24384000000000003,1206.6175833148172,0.930965445647338,124861.43255604412,1.1460185855161453,1.473540491046769,0.12279504092056408,0.0512430971771774,0.851684125094431,5385
806,0.5,12,88,12,12,0,0,0,0,0.24384000000000003,1206.8614233148173,0.9309859154929577,124875.97754683296,1.1456959679918977,1.467926754887256,0.122327229573938,0.05130735548208566,0.8503986411067321,5385
807,0.5,12,88,12,12,0,0,0,0,0.24384000000000003,1207.1052633148174,0.931006373202905,124890.51666133138,1.1453735559074483,1.462313018727743,0.12185941822731193,0.0513716139015188,0.8491006431821226,5385
808,0.5,12,88,12,12,0,0,0,0,0.24384000000000003,1207.3491033148175,0.9310268187879686,124905.04990309973,1.1450513490666276,1.4566992825682306,0.12139160688068588,0.05143587243504758,0.8477899987526549,5385
809,0.5,12,88,12,12,0,0,0,0,0.24384000000000003,1207.5929433148176,0.9310472522589246,124919.57727569556,1.144729347273514,1.4510855464087176,0.1209237955340598,0.051500131082244945,0.8464665739121131,5385
810,0.5,12,88,12,12,0,0,0,0,0.24384000000000003,1207.8367833148177,0.9310676736265363,124934.09878267346,1.1444075503324358,1.445471810249205,0.12045598418743371,0.051564389842685916,0.8451302334090223,5385
811,0.5,12,88,12,12,0,0,0,0,0.24384000000000003,1208.0806233148178,0.9310880829015544,124948.61442758523,1.14408595804797,1.4398580740896918,0.11998817284080765,0.05162864871594766,0.8437808406399172,5385
812,0.5,12,88,12,12,0,0,0,0,0.24384000000000003,1208.3244633148179,0.9311084800947166,124963.12421397974,1.1437645702249426,1.434244337930179,0.1195203614941816,0.051692907701609454,0.8424182576428949,5385
813,0.5,12,88,12,12,0,0,0,0,0.24384000000000003,1208.568303314818,0.9311288652167481,124977.62814540304,1.143443386668427,1.4286306017706665,0.11905255014755552,0.051757166799252616,0.841042345091459,5385
814,0.5,12,88,12,12,0,0,0,0,0.24384000000000003,1208.812143314818,0.9311492382783612,124992.1262253983,1.1431224071837447,1.4230168656111535,0.11858473880092946,0.05182142600846059,0.8396529622886809,5385
815,0.5,12,88,12,12,0,0,0,0,0.24384000000000003,1209.0559833148181,0.9311695992902558,125006.61845750583,1.1428016315764642,1.4174031294516405,0.11811692745430337,0.05188568532881887,0.838249967161685,5385
816,0.5,12,88,12,12,0,0,0,0,0.24384000000000003,1209.2998233148182,0.931189948263119,125021.10484526308,1.142481059652401,1.4117893932921277,0.11764911610767731,0.05194994475991499,0.8368332162564875,5385
817,0.5,12,88,12,12,0,0,0,0,0.24384000000000003,1209.5436633148183,0.9312102852076253,125035.58539220465,1.1421606912176177,1.406175657132615,0.11718130476105125,0.05201420430133852,0.835402564733192,5385
818,0.5,12,88,12,12,0,0,0,0,0.24384000000000003,1209.7875033148184,0.9312306101344364,125050.06010186231,1.1418405260784226,1.4005619209731024,0.11671349341442516,0.052078463952681064,0.8339578663615779,5385
819,0.5,12,88,12,12,0,0,0,0,0.24384000000000003,1210.0313433148185,0.9312509230542018,125064.52897776497,1.141520564041369,1.3949481848135892,0.1162456820677991,0.05214272371353625,0.8324989735170892,5385
820,0.5,12,88,12,12,0,0,0,0,0.24384000000000003,1210.2751833148186,0.9312712239775579,125078.9920234387,1.1412008049132574,1.3893344486540762,0.11577787072117302,0.05220698358349968,0.8310257371772476,5385
821,0.5,12,88,12,12,0,0,0,0,0.24384000000000003,1210.5190233148187,0.9312915129151291,125093.4492424067,1.1408812485011313,1.3837207124945636,0.11531005937454697,0.052271243562168945,0.8295380069185122,5385
822,0.5,12,88,12,12,0,0,0,0,0.24384000000000003,1210.7628633148188,0.9313117898775269,125107.90063818937,1.1405618946122802,1.3781069763350504,0.11484224802792087,0.052335503649143654,0.8280356309136065,5385
823,0.5,12,88,12,12,0,0,0,0,0.24384000000000003,1211.0067033148189,0.9313320548753503,125122.34621430426,1.1402427430542368,1.3724932401755379,0.11437443668129482,0.05239976384402531,0.8265184559293384,5385
824,0.5,12,88,12,12,0,0,0,0,0.24384000000000003,1211.250543314819,0.931352307919186,125136.78597426608,1.1399237936347784,1.3668795040160249,0.11390662533466873,0.052464024146417425,0.8249863273249279,5385
825,0.5,12,88,12,12,0,0,0,0,0.24384000000000003,1211.494383314819,0.9313725490196079,125151.21992158671,1.1396050461619252,1.3612657678565123,0.11343881398804269,0.05252828455592543,0.8234390890508809,5385
826,0.5,12,88,12,12,0,0,0,0,0.24384000000000003,1211.7382233148192,0.9313927781871776,125165.64805977525,1.1392865004439403,1.3556520316969993,0.11297100264141662,0.05259254507215671,0.8218765836484169,5385
827,0.5,12,88,12,12,0,0,0,0,0.24384000000000003,1211.9820633148192,0.9314129954324444,125180.0703923379,1.13896815628933,1.350038295537486,0.11250319129479054,0.05265680569472049,0.8202986522494957,5385
828,0.5,12,88,12,12,0,0,0,0,0.24384000000000003,1212.2259033148193,0.9314332007659449,125194.48692277809,1.1386500135068423,1.3444245593779736,0.11203537994816447,0.052721066423227984,0.8187051345774503,5385
829,0.5,12,88,12,12,0,0,0,0,0.24384000000000003,1212.4697433148194,0.9314533941982035,125208.89765459641,1.1383320719054675,1.3388108232184608,0.11156756860153838,0.052785327257292264,0.8170958689482701,5385
830,0.5,12,88,12,12,0,0,0,0,0.24384000000000003,1212.7135833148195,0.9314735757397321,125223.30259129065,1.1380143312944375,1.3331970870589478,0.11109975725491232,0.052849588196528276,0.8154706922725525,5385
831,0.5,12,88,12,12,0,0,0,0,0.247904,1212.9614873148196,0.9314937454010301,125237.28213027166,1.1376977545924747,1.3274740426384037,0.11062283688653364,0.05292503203904529,0.8137404390587557,5385
832,0.5,12,88,12,12,0,0,0,0,0.24384000000000003,1213.2053273148197,0.931513903192585,125251.6755233208,1.1373804150865652,1.321860306478891,0.11015502553990758,0.05298929315980041,0.8120823076568499,5385
833,0.5,12,88,12,12,0,0,0,0,0.24384000000000003,1213.4491673148198,0.9315340491248713,125266.06313172719,1.1370632760003325,1.3162465703193782,0.10968721419328152,0.0530535543846284,0.810407763286939,5385
834,0.5,12,88,12,12,0,0,0,0,0.24384000000000003,1213.6930073148199,0.9315541832083517,125280.44495897736,1.1367463371439703,1.3106328341598656,0.10921940284665543,0.05311781571315158,0.8087166372713324,5385
835,0.5,12,88,12,12,0,0,0,0,0.24384000000000003,1213.93684731482,0.9315743054534764,125294.82100855507,1.1364295983279118,1.3050190980003524,0.10875159150002937,0.05318207714499403,0.8070087595489999,5385
836,0.5,12,88,12,12,0,0,0,0,0.24384000000000003,1214.18068731482,0.9315944158706834,125309.19128394121,1.13611305936283,1.2994053618408394,0.10828378015340329,0.053246338679781686,0.8052839586822491,5385
837,0.5,12,88,12,12,0,0,0,0,0.24384000000000003,1214.4245273148201,0.9316145144703981,125323.55578861396,1.1357967200596355,1.2937916256813269,0.10781596880677724,0.05331060031714227,0.8035420618643122,5385
838,0.5,12,88,12,12,0,0,0,0,0.24384000000000003,1214.6683673148202,0.9316346012630342,125337.91452604865,1.1354805802294787,1.2881778895218137,0.10734815746015114,0.05337486205670529,0.8017828949278616,5385
839,0.5,12,88,12,12,0,0,0,0,0.24384000000000003,1214.9122073148203,0.9316546762589928,125352.26749971783,1.135164639683747,1.2825641533623011,0.10688034611352505,0.05343912389810204,0.8000062823545093,5385
840,0.5,12,88,12,12,0,0,0,0,0.24384000000000003,1215.1560473148204,0.9316747394686629,125366.61471309127,1.134848898234066,1.2769504172027881,0.106412534766899,0.05350338584096562,0.7982120472853147,5385
841,0.5,12,88,12,12,0,0,0,0,0.24384000000000003,1215.3998873148205,0.9316947909024211,125380.95616963596,1.1345333556922987,1.2713366810432754,0.10594472342027296,0.053567647884930826,0.7964000115323493,5385
842,0.5,12,88,12,12,0,0,0,0,0.24384000000000003,1215.6437273148206,0.9317148305706322,125395.2918728161,1.1342180118705456,1.2657229448837626,0.10547691207364689,0.053631910029634244,0.7945699955913591,5385
843,0.5,12,88,12,12,0,0,0,0,0.24384000000000003,1215.8875673148207,0.9317348584836487,125409.62182609312,1.133902866581142,1.2601092087242496,0.10500910072702078,0.0536961722747142,0.7927218186555662,5385
844,0.5,12,88,12,12,0,0,0,0,0.24384000000000003,1216.1314073148208,0.9317548746518106,125423.94603292565,1.1335879196366618,1.2544954725647368,0.10454128938039474,0.05376043461981074,0.7908552986306534,5385
845,0.5,12,88,12,12,0,0,0,0,0.24384000000000003,1216.3752473148209,0.9317748790854463,125438.26449676957,1.1332731708499129,1.248881736405224,0.10407347803376865,0.05382469706456562,0.7889702521509727,5385
846,0.5,12,88,12,12,0,0,0,0,0.24384000000000003,1216.619087314821,0.9317948717948717,125452.57722107798,1.1329586200339399,1.243268000245711,0.10360566668714259,0.05388895960862231,0.787066494597038,5385
847,0.5,12,88,12,12,0,0,0,0,0.24384000000000003,1216.862927314821,0.9318148527903911,125466.88420930124,1.1326442670020211,1.2376542640861983,0.1031378553405165,0.05395322225162601,0.7851438401143326,5385
848,0.5,12,88,12,12,0,0,0,0,0.24384000000000003,1217.1067673148211,0.9318348220822961,125481.18546488689,1.1323301115676714,1.2320405279266855,0.10267004399389046,0.054017484993223536,0.7832021016334946,5385
849,0.5,12,88,12,12,0,0,0,0,0.24384000000000003,1217.3506073148212,0.9318547796808666,125495.48099127975,1.1320161535446382,1.2264267917671725,0.10220223264726437,0.05408174783306345,0.7812410908919205,5385
850,0.5,12,88,12,12,0,0,0,0,0.24384000000000003,1217.5944473148213,0.9318747255963705,125509.77079192187,1.1317023927469043,1.22081305560766,0.1017344213006383,0.054146010770795956,0.7792606184568491,5385
851,0.5,12,88,12,12,0,0,0,0,0.24384000000000003,1217.8382873148214,0.9318946598390636,125524.05487025253,1.1313888289886855,1.2151993194481467,0.10126660995401222,0.05421027380607292,0.7772604937499712,5385
852,0.5,12,88,12,12,0,0,0,0,0.24384000000000003,1218.0821273148215,0.9319145824191897,125538.33322970828,1.1310754620844308,1.209585583288634,0.10079879860738618,0.05427453693854785,0.7752405250736222,5385
853,0.5,12,88,12,12,0,0,0,0,0.24384000000000003,1218.3259673148216,0.9319344933469805,125552.6058737229,1.130762291848822,1.2039718471291212,0.1003309872607601,0.054338800167875886,0.7732005196386161,5385
854,0.5,12,88,12,12,0,0,0,0,0.24384000000000003,1218.5698073148217,0.931954392632656,125566.87280572743,1.1304493180967745,1.1983581109696084,0.09986317591413403,0.054403063493713814,0.7711402835937807,5385
855,0.5,12,88,12,12,0,0,0,0,0.24384000000000003,1218.8136473148218,0.931974280286424,125581.13402915017,1.1301365406434343,1.1927443748100954,0.09939536456750796,0.05446732691572004,0.7690596220572434,5385
856,0.5,12,88,12,12,0,0,0,0,0.24384000000000003,1219.0574873148219,0.9319941563184806,125595.38954741666,1.1298239593041806,1.1871306386505827,0.09892755322088188,0.05453159043355456,0.766958339149544,5385
857,0.5,12,88,12,12,0,0,0,0,0.24384000000000003,1219.301327314822,0.9320140207390097,125609.63936394973,1.129511573894623,1.1815169024910699,0.09845974187425582,0.054595854046878986,0.76483623802862,5385
858,0.5,12,88,12,12,0,0,0,0,0.24384000000000003,1219.545167314822,0.9320338735581837,125623.8834821694,1.1291993842306034,1.175903166331557,0.09799193052762974,0.05466011775535653,0.7626931209267457,5385
859,0.5,12,88,12,12,0,0,0,0,0.24384000000000003,1219.7890073148221,0.9320537147861626,125638.12190549307,1.1288873901281926,1.1702894301720441,0.09752411918100368,0.05472438155865195,0.7605287891894775,5385
860,0.5,12,88,12,12,0,0,0,0,0.24384000000000003,1220.0328473148222,0.932073544433095,125652.3546373353,1.1285755914036935,1.1646756940125311,0.09705630783437759,0.05478864545643161,0.7583430433166773,5385
861,0.5,12,88,12,12,0,0,0,0,0.24384000000000003,1220.2766873148223,0.9320933625091175,125666.581681108,1.1282639878736382,1.1590619578530186,0.09658849648775154,0.05485290944836343,0.7561356830056887,5385
862,0.5,12,88,12,12,0,0,0,0,0.24384000000000003,1220.5205273148224,0.9321131690243547,125680.80304022029,1.1279525793547884,1.1534482216935054,0.09612068514112544,0.054917173534116875,0.7539065071967213,5385
863,0.5,12,88,12,12,0,0,0,0,0.24384000000000003,1220.7643673148225,0.9321329639889196,125695.0187180786,1.1276413656641353,1.1478344855339928,0.09565287379449937,0.05498143771336296,0.7516553141205394,5385
864,0.5,12,88,12,12,0,0,0,0,0.24384000000000003,1221.0082073148226,0.9321527474129135,125709.22871808666,1.1273303466188986,1.1422207493744798,0.09518506244787332,0.05504570198577424,0.7493819013485009,5385
865,0.5,12,88,12,12,0,0,0,0,0.24384000000000003,1221.2520473148227,0.9321725193064258,125723.43304364542,1.1270195220365273,1.1366070132149668,0.09471725110124724,0.055109966351024775,0.7470860658450422,5385
866,0.5,12,88,12,12,0,0,0,0,0.24384000000000003,1221.4958873148228,0.9321922796795339,125737.63169815317,1.1267088917346983,1.1309932770554543,0.09424943975462115,0.05517423080879019,0.744767604022683,5385
867,0.5,12,88,12,12,0,0,0,0,0.24384000000000003,1221.7397273148229,0.9322120285423038,125751.82468500547,1.1263984555313158,1.125379540895941,0.09378162840799509,0.055238495358747565,0.7424263117996196,5385
868,0.5,12,88,12,12,0,0,0,0,0.24384000000000003,1221.983567314823,0.9322317659047896,125766.01200759517,1.1260882132445127,1.1197658047364283,0.09331381706136904,0.05530276000057552,0.7400619846599982,5385
869,0.5,12,88,12,12,0,0,0,0,0.24384000000000003,1222.227407314823,0.9322514917770339,125780.19366931239,1.1257781646926475,1.1141520685769155,0.09284600571474295,0.05536702473395414,0.7376744177169456,5385
870,0.5,12,88,12,12,0,0,0,0,0.24384000000000003,1222.4712473148231,0.9322712061690673,125794.36967354458,1.125468309694307,1.1085383324174027,0.0923781943681169,0.05543128955856501,0.7352634057784413,5385
871,0.5,12,88,12,12,0,0,0,0,0.24384000000000003,1222.7150873148232,0.9322909090909091,125808.54002367647,1.1251586480683033,1.1029245962578897,0.09191038302149081,0.055495554474091185,0.7328287434161164,5385
872,0.5,11,89,12,11,0,1,0,0,0.22659575010449617,1222.9416830649277,0.9322863651786147,125821.20810075513,1.1248729355390055,1.0977979363854085,0.0997998123986735,0.05029312632956832,0.7974763934987912,5385
873,0.5,11,89,11,11,0,0,0,0,0.22352000000000002,1223.1652030649277,0.9323044120853827,125834.18790391299,1.1245865070977685,1.0927581532950321,0.09934165029954839,0.050351334288821624,0.7956100688847231,5385
874,0.5,11,89,11,11,0,0,0,0,0.22352000000000002,1223.3887230649277,0.9323224493750606,125847.16296410478,1.12430024237245,1.087718370204656,0.09888348820042327,0.05040954235640975,0.7937244658418925,5385
875,0.5,11,89,11,11,0,0,0,0,0.22352000000000002,1223.6122430649277,0.9323404770553336,125860.13328392971,1.1240141412227258,1.0826785871142794,0.09842532610129813,0.05046775053195785,0.7918193800239455,5385
876,0.5,11,89,11,11,0,0,0,0,0.22352000000000002,1223.8357630649277,0.9323584951338788,125873.09886598513,1.1237282035084322,1.077638804023903,0.09796716400217301,0.050525958815092795,0.7898946054881777,5385
877,0.5,11,89,11,11,0,0,0,0,0.22352000000000002,1224.0592830649277,0.9323765036183653,125886.05971286645,1.123442429089565,1.0725990209335268,0.09750900190304791,0.05058416720544319,0.7879499347124266,5385
878,0.5,11,89,11,11,0,0,0,0,0.22352000000000002,1224.2828030649277,0.9323945025164537,125899.01582716723,1.1231568178262803,1.0675592378431507,0.09705083980392279,0.05064237570263931,0.7859851586135297,5385
879,0.5,11,89,11,11,0,0,0,0,0.22352000000000002,1224.5063230649278,0.9324124918357967,125911.96721147909,1.1228713695788939,1.0625194547527743,0.09659267770479762,0.05070058430631317,0.7840000665673978,5385
880,0.5,11,89,11,11,0,0,0,0,0.22352000000000002,1224.7298430649278,0.9324304715840387,125924.91386839177,1.12258608420788,1.057479671662398,0.09613451560567254,0.05075879301609845,0.7819944464307754,5385
881,0.5,11,89,11,11,0,0,0,0,0.22352000000000002,1224.9533630649278,0.932448441768816,125937.85580049314,1.122300961573874,1.0524398885720216,0.09567635350654742,0.05081700183163052,0.7799680845647483,5385
882,0.5,11,89,11,11,0,0,0,0,0.22352000000000002,1225.1768830649278,0.9324664023977569,125950.79301036918,1.1220160015376681,1.0474001054816453,0.0952181914074223,0.0508752107525464,0.7779207658600781,5385
883,0.5,11,89,11,11,0,0,0,0,0.22352000000000002,1225.4004030649278,0.9324843534784815,125963.72550060395,1.1217312039602145,1.0423603223912687,0.09476002930829716,0.05093341977848477,0.7758522737644264,5385
884,0.5,11,89,11,11,0,0,0,0,0.22352000000000002,1225.6239230649278,0.9325022950186017,125976.65327377965,1.1214465687026243,1.0373205393008924,0.09430186720917204,0.05099162890908598,0.7737623903115457,5385
885,0.5,11,89,11,11,0,0,0,0,0.22352000000000002,1225.8474430649278,0.9325202270257216,125989.57633247662,1.121162095626165,1.0322807562105163,0.09384370511004693,0.05104983814399201,0.7716508961525074,5385
886,0.5,11,89,11,11,0,0,0,0,0.22352000000000002,1226.0709630649278,0.9325381495074367,126002.49467927325,1.1208777845922642,1.02724097312014,0.09338554301092182,0.05110804748284646,0.7695175705890511,5385
887,0.5,11,89,11,11,0,0,0,0,0.22352000000000002,1226.2944830649278,0.9325560624713352,126015.40831674614,1.1205936354625061,1.0222011900297636,0.0929273809117967,0.05116625692529456,0.7673621916091352,5385
888,0.5,11,89,11,11,0,0,0,0,0.22352000000000002,1226.5180030649278,0.9325739659249964,126028.31724746991,1.120309648098633,1.0171614069393873,0.09246921881267157,0.051224466470983165,0.7651845359247599,5385
889,0.5,11,89,11,11,0,0,0,0,0.22352000000000002,1226.7415230649278,0.9325918598759921,126041.22147401741,1.1200258223625443,1.012121623849011,0.09201105671354645,0.05128267611956069,0.7629843790121625,5385
890,0.5,11,89,11,11,0,0,0,0,0.22352000000000002,1226.9650430649278,0.9326097443318861,126054.12099895952,1.1197421581162965,1.0070818407586346,0.09155289461442133,0.05134088587067719,0.7607614951544587,5385
891,0.5,11,89,11,11,0,0,0,0,0.22352000000000002,1227.1885630649278,0.9326276193002339,126067.01582486533,1.1194586552221033,1.0020420576682583,0.0910947325152962,0.05139909572398429,0.7585156574868255,5385
892,0.5,11,89,11,11,0,0,0,0,0.22352000000000002,1227.4120830649279,0.932645484788583,126079.90595430198,1.119175313542335,0.9970022745778818,0.09063657041617108,0.05145730567913519,0.756246638044316,5385
893,0.5,11,89,11,11,0,0,0,0,0.22352000000000002,1227.6356030649279,0.932663340804473,126092.7913898348,1.1188921329395183,0.9919624914875056,0.09017840831704596,0.05151551573578464,0.7539542078123999,5385
894,0.5,11,89,11,11,0,0,0,0,0.22352000000000002,1227.8591230649279,0.9326811873554356,126105.67213402723,1.1186091132763363,0.9869227083971294,0.08972024621792084,0.051573725893588974,0.7516381367803227,5385
895,0.5,11,89,11,11,0,0,0,0,0.22352000000000002,1228.0826430649279,0.9326990244489943,126118.54818944086,1.1183262544156285,0.9818829253067529,0.08926208411879571,0.051631936152206064,0.7492981939973865,5385
896,0.5,11,89,11,11,0,0,0,0,0.22352000000000002,1228.306163064928,0.9327168520926649,126131.41955863536,1.1180435562203894,0.9768431422163766,0.08880392201967059,0.051690146511295325,0.7469341476322526,5385
897,0.5,11,89,11,11,0,0,0,0,0.22352000000000002,1228.529683064928,0.9327346702939547,126144.2862441686,1.1177610185537694,0.9718033591260002,0.08834575992054548,0.05174835697051769,0.7445457650353646,5385
898,0.5,11,89,11,11,0,0,0,0,0.22352000000000002,1228.753203064928,0.932752479060364,126157.14824859657,1.1174786412790747,0.9667635760356238,0.08788759782142035,0.051806567529535635,0.742132812804606,5385
899,0.5,11,89,11,11,0,0,0,0,0.22352000000000002,1228.976723064928,0.932770278399384,126170.0055744734,1.117196424259766,0.9617237929452475,0.08742943572229521,0.05186477818801315,0.7396950568542932,5385
900,0.5,11,89,11,11,0,0,0,0,0.22352000000000002,1229.200243064928,0.9327880683184989,126182.85822435134,1.1169143673594597,0.956684009854871,0.08697127362317009,0.0519229889456157,0.7372322624876214,5385
901,0.5,11,89,11,11,0,0,0,0,0.22352000000000002,1229.423763064928,0.9328058488251846,126195.70620078081,1.116632470441926,0.9516442267644948,0.08651311152404498,0.05198119980201029,0.7347441944726678,5385
902,0.5,11,89,11,11,0,0,0,0,0.22352000000000002,1229.647283064928,0.932823619926909,126208.54950631037,1.1163507333710898,0.9466044436741183,0.08605494942491985,0.0520394107568654,0.73223061712208,5385
903,0.5,11,89,11,11,0,0,0,0,0.22352000000000002,1229.870803064928,0.9328413816311324,126221.38814348674,1.1160691560110312,0.941564660583742,0.08559678732579473,0.052097621809850975,0.7296912943765586,5385
904,0.5,11,89,11,11,0,0,0,0,0.22352000000000002,1230.094323064928,0.9328591339453068,126234.22211485474,1.1157877382259835,0.9365248774933657,0.08513862522666961,0.052155832960638464,0.7271259898922556,5385
905,0.5,11,89,11,11,0,0,0,0,0.22352000000000002,1230.317843064928,0.9328768768768769,126247.0514229574,1.1155064798803338,0.9314850944029894,0.0846804631275445,0.05221404420890074,0.7245344671322184,5385
906,0.5,11,89,11,11,0,0,0,0,0.22352000000000002,1230.541363064928,0.9328946104332789,126259.87607033589,1.1152253808386234,0.9264453113126132,0.08422230102841938,0.05227225555431216,0.7219164894619969,5385
907,0.5,11,89,11,11,0,0,0,0,0.22352000000000002,1230.764883064928,0.9329123346219416,126272.69605952948,1.1149444409655465,0.9214055282222368,0.08376413892929425,0.05233046699654853,0.7192718202495466,5385
908,0.5,11,89,11,11,0,0,0,0,0.22352000000000002,1230.988403064928,0.9329300494502857,126285.51139307568,1.1146636601259505,0.9163657451318605,0.08330597683016915,0.05238867853528709,0.7166002229695573,5385
909,0.5,11,89,11,11,0,0,0,0,0.22352000000000002,1231.211923064928,0.9329477549257241,126298.32207351009,1.1143830381848365,0.9113259620414842,0.08284781473104402,0.052446890170206505,0.7139014613123374,5385
910,0.5,11,89,11,11,0,0,0,0,0.22352000000000002,1231.435443064928,0.9329654510556622,126311.1281033665,1.1141025750073572,0.906286178951108,0.08238965263191891,0.052505101900986874,0.7111752992973913,5385
911,0.5,11,89,11,11,0,0,0,0,0.22352000000000002,1231.658963064928,0.9329831378474971,126323.92948517685,1.1138222704588185,0.9012463958607316,0.08193149053279379,0.05256331372730971,0.7084215013918257,5385
912,0.5,11,89,11,11,0,0,0,0,0.22352000000000002,1231.882483064928,0.9330008153086183,126336.72622147125,1.1135421244046788,0.8962066127703554,0.08147332843366867,0.05262152564885795,0.7056398326337243,5385
913,0.5,11,89,11,11,0,0,0,0,0.22352000000000002,1232.106003064928,0.9330184834464076,126349.51831477796,1.1132621367105477,0.8911668296799791,0.08101516633454355,0.052679737665315904,0.7028300587606293,5385
914,0.5,11,89,11,11,0,0,0,0,0.22352000000000002,1232.329523064928,0.9330361422682389,126362.30576762345,1.1129823072421878,0.8861270465896027,0.08055700423541844,0.05273794977636929,0.6999919463432742,5385
915,0.5,10,90,11,10,0,1,0,0,0.21222082430991382,1232.541743889238,0.9330298310770336,126373.00178451184,1.112726834821054,0.881391174238835,0.0881391174238835,0.04852908301519546,0.7673675865877781,5385
916,0.5,10,90,10,10,0,0,0,0,0.20320000000000002,1232.744943889238,0.9330458737573362,126384.61895326064,1.1124701039789335,0.8768979324536144,0.08768979324536144,0.04858264001554083,0.7651416634460106,5385
917,0.5,10,90,10,10,0,0,0,0,0.20320000000000002,1232.9481438892378,0.9330619087534427,126396.23229279942,1.1122135049288264,0.8724046906683938,0.08724046906683938,0.04863619712775472,0.7628919627043863,5385
918,0.5,10,90,10,10,0,0,0,0,0.20320000000000002,1233.1513438892378,0.9330779360708727,126407.84180502115,1.1119570375692764,0.8679114488831733,0.08679114488831732,0.04868975435146799,0.7606182348121135,5385
919,0.5,10,90,10,10,0,0,0,0,0.20320000000000002,1233.3545438892377,0.9330939557151406,126419.4474918175,1.1117007017989304,0.8634182070979527,0.08634182070979528,0.0487433116863131,0.7583202287924725,5385
920,0.5,10,90,10,10,0,0,0,0,0.20320000000000002,1233.5577438892376,0.9331099676917554,126431.04935507893,1.111444497516541,0.8589249653127321,0.0858924965312732,0.04879686913192413,0.7559976922948192,5385
921,0.5,10,90,10,10,0,0,0,0,0.20320000000000002,1233.7609438892375,0.9331259720062208,126442.64739669462,1.1111884246209625,0.8544317235275115,0.08544317235275115,0.04885042668793675,0.7536503716498038,5385
922,0.5,10,90,10,10,0,0,0,0,0.20320000000000002,1233.9641438892374,0.9331419686640354,126454.24161855257,1.110932483011155,0.849938481742291,0.08499384817422909,0.04890398435398827,0.7512780119279255,5385
923,0.5,9,91,10,9,0,1,0,0,0.18867770337143064,1234.152821592609,0.9331340428076049,126464.07905837154,1.1107002014267016,0.8458326905304767,0.09398141005894185,0.04210235628466504,0.8328534298422111,5385
924,0.5,9,91,9,9,0,0,0,0,0.18288000000000001,1234.335701592609,0.9331484315225708,126474.50754164816,1.1104677298674042,0.8418815803276759,0.0935423978141862,0.04214844105073295,0.8312390463108377,5385
925,0.5,9,91,9,9,0,0,0,0,0.18288000000000001,1234.518581592609,0.9331628140463271,126484.9329352005,1.110235365500977,0.8379304701248751,0.09310338556943056,0.042194525957531225,0.829606370113508,5385
926,0.5,9,91,9,9,0,0,0,0,0.18288000000000001,1234.7014615926091,0.9331771903828688,126495.35524040146,1.1100031082532962,0.8339793599220742,0.0926643733246749,0.04224061100459927,0.8279551722925675,5385
927,0.5,9,91,9,9,0,0,0,0,0.18288000000000001,1234.8843415926092,0.9331915605361879,126505.77445862319,1.1097709580503081,0.8300282497192735,0.09222536107991926,0.042286696191478484,0.8262852211707405,5385
928,0.5,9,91,9,9,0,0,0,0,0.18288000000000001,1235.0672215926093,0.9332059245102723,126516.19059123693,1.1095389148180255,0.8260771395164725,0.09178634883516362,0.04233278151771224,0.8245962823361391,5385
929,0.5,9,91,9,9,0,0,0,0,0.18288000000000001,1235.2501015926093,0.933220282309107,126526.60363961318,1.109306978482531,0.822126029313672,0.091347336590408,0.04237886698284592,0.8228881186281588,5385
930,0.5,9,91,9,9,0,0,0,0,0.18288000000000001,1235.4329815926094,0.9332346339366732,126537.01360512164,1.109075148969973,0.8181749191108711,0.09090832434565235,0.04242495258642687,0.8211604901243252,5385
931,0.5,9,91,9,9,0,0,0,0,0.18288000000000001,1235.6158615926095,0.933248979396949,126547.42048913112,1.1088434262065712,0.8142238089080703,0.0904693121008967,0.042471038328004376,0.8194131541281503,5385
932,0.5,9,91,9,9,0,0,0,0,0.18288000000000001,1235.7987415926095,0.9332633186939088,126557.82429300972,1.1086118101186098,0.8102726987052696,0.09003029985614107,0.042517124207129726,0.8176458651580637,5385
933,0.5,9,91,9,9,0,0,0,0,0.18288000000000001,1235.9816215926096,0.9332776518315237,126568.22501812465,1.1083803006324433,0.8063215885024688,0.08959128761138542,0.04256321022335613,0.8158583749374844,5385
934,0.5,9,91,9,9,0,0,0,0,0.18288000000000001,1236.1645015926097,0.9332919788137615,126578.62266584234,1.1081488976744927,0.8023704782996681,0.08915227536662979,0.042609296376238705,0.8140504323861103,5385
935,0.5,9,91,9,9,0,0,0,0,0.18288000000000001,1236.3473815926097,0.9333062996445866,126589.01723752842,1.1079176011712468,0.7984193680968673,0.08871326312187415,0.042655382665334515,0.8122217836124882,5385
936,0.5,9,91,9,9,0,0,0,0,0.18288000000000001,1236.5302615926098,0.9333206143279595,126599.4087345477,1.107686411049263,0.7944682578940665,0.0882742508771185,0.04270146909020253,0.8103721719079503,5385
937,0.5,9,91,9,9,0,0,0,0,0.18288000000000001,1236.7131415926099,0.9333349228678381,126609.79715826419,1.1074553272351646,0.7905171476912658,0.08783523863236287,0.042747555650403626,0.8085013377419923,5385
938,0.5,9,91,9,9,0,0,0,0,0.18288000000000001,1236.89602159261,0.9333492252681764,126620.1825100411,1.1072243496556444,0.7865660374884651,0.08739622638760722,0.042793642345500545,0.8066090187591739,5385
939,0.5,9,91,9,9,0,0,0,0,0.18288000000000001,1237.07890159261,0.933363521532925,126630.5647912408,1.1069934782374604,0.7826149272856643,0.08695721414285158,0.042839729175057954,0.8046949497776373,5385
940,0.5,9,91,9,9,0,0,0,0,0.18288000000000001,1237.26178159261,0.9333778116660313,126640.9440032249,1.1067627129074402,0.7786638170828637,0.08651820189809595,0.04288581613864235,0.8027588627893214,5385
941,0.5,9,91,9,9,0,0,0,0,0.18288000000000001,1237.4446615926101,0.9333920956714391,126651.32014735417,1.1065320535924763,0.7747127068800628,0.08607918965334033,0.042931903235822085,0.8008004869619755,5385
942,0.5,9,91,9,9,0,0,0,0,0.18288000000000001,1237.6275415926102,0.9334063735530891,126661.69322498859,1.1063015002195307,0.7707615966772621,0.08564017740858468,0.042977990466167404,0.7988195486430656,5385
943,0.5,9,91,9,9,0,0,0,0,0.18288000000000001,1237.8104215926103,0.9334206453149184,126672.06323748734,1.10607105271563,0.7668104864744613,0.08520116516382903,0.04302407782925035,0.7968157713656756,5385
944,0.5,9,91,9,9,0,0,0,0,0.18288000000000001,1237.9933015926104,0.9334349109608608,126682.4301862088,1.1058407110078696,0.7628593762716604,0.08476215291907338,0.043070165324644825,0.794788875856509,5385
945,0.5,9,91,9,9,0,0,0,0,0.18288000000000001,1238.1761815926104,0.9334491704948469,126692.79407251053,1.1056104750234117,0.7589082660688596,0.08432314067431773,0.04311625295192654,0.7927385800461005,5385
946,0.5,9,91,9,9,0,0,0,0,0.18288000000000001,1238.3590615926105,0.9334634239208034,126703.15489774931,1.1053803446894839,0.7549571558660588,0.0838841284295621,0.043162340710673014,0.7906645990813539,5385
947,0.5,9,91,9,9,0,0,0,0,0.18288000000000001,1238.5419415926106,0.9334776712426542,126713.51266328109,1.105150319933383,0.7510060456632581,0.08344511618480645,0.043208428600463575,0.7885666453405196,5385
948,0.5,9,91,9,9,0,0,0,0,0.18288000000000001,1238.7248215926106,0.9334919124643197,126723.86737046104,1.1049204006824698,0.7470549354604572,0.08300610394005081,0.04325451662087934,0.7864444284507421,5385
949,0.5,9,91,9,9,0,0,0,0,0.18288000000000001,1238.9077015926107,0.9335061475897167,126734.21902064353,1.1046905868641739,0.7431038252576565,0.08256709169529515,0.043300604771503194,0.7842976553082989,5385
950,0.5,9,91,9,9,0,0,0,0,0.18288000000000001,1239.0905815926108,0.933520376622759,126744.56761518212,1.1044608784059904,0.7391527150548556,0.08212807945053952,0.04334669305191983,0.782126030101668,5385
951,0.5,9,91,9,9,0,0,0,0,0.18288000000000001,1239.2734615926108,0.9335345995673568,126754.91315542959,1.104231275235481,0.7352016048520549,0.08168906720578387,0.04339278146171566,0.7799292543375584,5385
952,0.5,9,91,9,9,0,0,0,0,0.18288000000000001,1239.456341592611,0.933548816427417,126765.2556427379,1.104001777280274,0.731250494649254,0.08125005496102822,0.043438870000478885,0.777707026870048,5385
953,0.5,9,91,9,9,0,0,0,0,0.18288000000000001,1239.639221592611,0.9335630272068433,126775.59507845822,1.1037723844680631,0.7272993844464531,0.08081104271627257,0.04348495866779943,0.7754590439329783,5385
954,0.5,9,91,9,9,0,0,0,0,0.18288000000000001,1239.822101592611,0.9335772319095358,126785.93146394094,1.1035430967266098,0.7233482742436523,0.08037203047151692,0.04353104746326897,0.7731849991757573,5385
955,0.5,9,91,9,9,0,0,0,0,0.18288000000000001,1240.004981592611,0.9335914305393915,126796.2648005356,1.1033139139837402,0.7193971640408516,0.07993301822676128,0.04357713638648089,0.77088458370273,5385
956,0.5,9,91,9,9,0,0,0,0,0.18288000000000001,1240.1878615926112,0.9336056231003039,126806.59508959102,1.103084836167348,0.7154460538380507,0.07949400598200564,0.043623225437030316,0.7685574861162826,5385
957,0.5,9,91,9,9,0,0,0,0,0.18288000000000001,1240.3707415926112,0.9336198095961634,126816.92233245517,1.1028558632053915,0.7114949436352499,0.07905499373724999,0.043669314614514065,0.7662033925638492,5385
958,0.5,9,91,9,9,0,0,0,0,0.18288000000000001,1240.5536215926113,0.9336339900308569,126827.24653047524,1.102626995025896,0.7075438334324491,0.07861598149249434,0.04371540391853065,0.7638219867889998,5385
959,0.5,9,91,9,9,0,0,0,0,0.18288000000000001,1240.7365015926114,0.9336481644082679,126837.56768499762,1.102398231556952,0.7035927232296483,0.0781769692477387,0.04376149334868027,0.7614129501867887,5385
960,0.5,9,91,9,9,0,0,0,0,0.18288000000000001,1240.9193815926114,0.9336623327322767,126847.88579736793,1.1021695727267167,0.6996416130268475,0.07773795700298305,0.04380758290456484,0.7589759618635575,5385
961,0.5,9,91,9,9,0,0,0,0,0.18288000000000001,1241.1022615926115,0.9336764950067604,126858.20086893096,1.1019410184634113,0.6956905028240467,0.0772989447582274,0.043853672585787914,0.756510698701381,5385
962,0.5,9,91,9,9,0,0,0,0,0.18288000000000001,1241.2851415926116,0.9336906512355927,126868.51290103073,1.101712568695324,0.6917393926212458,0.07685993251347176,0.04389976239195471,0.7540168354273658,5385
963,0.5,9,91,9,9,0,0,0,0,0.18288000000000001,1241.4680215926116,0.9337048014226438,126878.82189501048,1.1014842233508084,0.687788282418445,0.07642092026871611,0.04394585232267211,0.7514940446880011,5385
964,0.5,9,91,9,9,0,0,0,0,0.18288000000000001,1241.6509015926117,0.9337189455717808,126889.12785221264,1.101255982358283,0.6838371722156442,0.07598190802396047,0.043991942377548665,0.7489419971287851,5385
965,0.5,9,91,9,9,0,0,0,0,0.18288000000000001,1241.8337815926118,0.9337330836868675,126899.43077397885,1.1010278456462326,0.6798860620128434,0.07554289577920482,0.04403803255619452,0.7463603614793431,5385
966,0.5,9,91,9,9,0,0,0,0,0.18288000000000001,1242.0166615926119,0.9337472157717643,126909.73066164994,1.1007998131432064,0.6759349518100426,0.07510388353444918,0.044084122858221476,0.7437488046442685,5385
967,0.5,9,91,9,9,0,0,0,0,0.18288000000000001,1242.199541592612,0.9337613418303286,126920.02751656601,1.1005718847778199,0.6719838416072418,0.07466487128969353,0.044130213283242944,0.7411069917999225,5385
968,0.5,9,91,9,9,0,0,0,0,0.18288000000000001,1242.382421592612,0.933775461866414,126930.32134006632,1.1003440604787527,0.668032731404441,0.07422585904493789,0.04417630383087397,0.7384345864974342,5385
969,0.5,9,91,9,9,0,0,0,0,0.18288000000000001,1242.565301592612,0.9337895758838712,126940.61213348937,1.1001163401747505,0.66408162120164,0.07378684680018224,0.04422239450073117,0.7357312507721537,5385
970,0.5,9,91,9,9,0,0,0,0,0.18288000000000001,1242.7481815926121,0.9338036838865477,126950.89989817282,1.0998887237946227,0.6601305109988393,0.0733478345554266,0.044268485292432776,0.7329966452598133,5385
971,0.5,9,91,9,9,0,0,0,0,0.18288000000000001,1242.9310615926122,0.9338177858782872,126961.18463545361,1.099661211267245,0.6561794007960385,0.07290882231067095,0.04431457620559861,0.7302304293196631,5385
972,0.5,9,91,9,9,0,0,0,0,0.18288000000000001,1243.1139415926123,0.9338318818629308,126971.46634666786,1.0994338025215575,0.6522282905932377,0.0724698100659153,0.04436066723985005,0.7274322611648523,5385
973,0.5,9,91,9,9,0,0,0,0,0.18288000000000001,1243.2968215926123,0.9338459718443156,126981.7450331509,1.0992064974865647,0.6482771803904368,0.07203079782115966,0.04440675839481008,0.7246017980003371,5385
974,0.5,9,91,9,9,0,0,0,0,0.18288000000000001,1243.4797015926124,0.9338600558262762,126992.02069623729,1.0989792960913372,0.644326070187636,0.07159178557640401,0.04445284967010322,0.721738696168601,5385
975,0.5,9,91,9,9,0,0,0,0,0.18288000000000001,1243.6625815926125,0.9338741338126434,127002.2933372608,1.098752198265008,0.6403749599848352,0.07115277333164835,0.04449894106535556,0.7188426113034817,5385
976,0.5,9,91,9,9,0,0,0,0,0.18288000000000001,1243.8454615926125,0.9338882058072449,127012.56295755439,1.098525203936777,0.6364238497820345,0.07071376108689272,0.044545032580194724,0.7159131984924103,5385
977,0.5,9,91,9,9,0,0,0,0,0.18288000000000001,1244.0283415926126,0.9339022718139051,127022.82955845028,1.0982983130359074,0.6324727395792338,0.07027474884213708,0.044591124214249885,0.7129501124473661,5385
978,0.5,9,91,9,9,0,0,0,0,0.18288000000000001,1244.2112215926127,0.9339163318364453,127033.0931412799,1.098071525491727,0.6285216293764331,0.06983573659738146,0.04463721596715173,0.7099530076848679,5385
979,0.5,9,91,9,9,0,0,0,0,0.18288000000000001,1244.3941015926127,0.9339303858786834,127043.35370737384,1.0978448412336281,0.6245705191736322,0.06939672435262581,0.044683307838532485,0.706921538715325,5385
980,0.5,9,91,9,9,0,0,0,0,0.18288000000000001,1244.5769815926128,0.9339444339444339,127053.611258062,1.097618260191067,0.6206194089708315,0.06895771210787018,0.044729399828025894,0.7038553602420797,5385
981,0.5,9,91,9,9,0,0,0,0,0.18288000000000001,1244.7598615926129,0.9339584760375086,127063.8657946734,1.0973917822935646,0.6166682987680308,0.06851869986311453,0.0447754919352672,0.7007541273704743,5385
982,0.5,9,91,9,9,0,0,0,0,0.18288000000000001,1244.942741592613,0.9339725121617154,127074.11731853636,1.0971654074707056,0.6127171885652299,0.06807968761835889,0.04482158415989314,0.6976174958272963,5385
983,0.5,9,91,9,9,0,0,0,0,0.18288000000000001,1245.125621592613,0.9339865423208594,127084.3658309784,1.0969391356521394,0.6087660783624294,0.06764067537360324,0.04486767650154194,0.6944451221909429,5385
984,0.5,9,91,9,9,0,0,0,0,0.18288000000000001,1245.308501592613,0.9340005665187423,127094.6113333262,1.0967129667675786,0.6048149681596284,0.06720166312884761,0.044913768959853335,0.691236664132672,5385
985,0.5,9,91,9,9,0,0,0,0,0.18288000000000001,1245.4913815926132,0.9340145847591627,127104.85382690576,1.0964869007468006,0.6008638579568277,0.06676265088409197,0.04495986153446852,0.6879917806692988,5385
986,0.5,9,91,9,9,0,0,0,0,0.18288000000000001,1245.6742615926132,0.9340285970459157,127115.09331304222,1.0962609375196457,0.596912747754027,0.06632363863933634,0.04500595422503015,0.6847101324277031,5385
987,0.5,9,91,9,9,0,0,0,0,0.18288000000000001,1245.8571415926133,0.9340426033827935,127125.32979306,1.0960350770160192,0.5929616375512263,0.06588462639458069,0.04505204703118235,0.6813913819215353,5385
988,0.5,8,92,9,8,0,1,0,0,0.16649465085124626,1246.0236362434646,0.9340330188679246,127134.02490307766,1.0958329420477226,0.5894189404396478,0.07367736755495598,0.04096604238236104,0.7638500198567624,5385
989,0.5,8,92,8,8,0,0,0,0,0.16256,1246.1861962434646,0.934045463120166,127143.119124267,1.0956302927337744,0.5859743164849152,0.0732467895606144,0.04100787436922781,0.7613582661495435,5385
990,0.5,8,92,8,8,0,0,0,0,0.16256,1246.3487562434645,0.9340579026782346,127152.21097315634,1.0954277252590707,0.5825296925301824,0.0728162115662728,0.041049706497808966,0.7588362527711577,5385
991,0.5,8,92,8,8,0,0,0,0,0.16256,1246.5113162434645,0.934070337544786,127161.30045067375,1.0952252395740454,0.5790850685754497,0.07238563357193122,0.0410915387676717,0.756283609408493,5385
992,0.5,8,92,8,8,0,0,0,0,0.16256,1246.6738762434645,0.9340827677224736,127170.38755774692,1.0950228356291731,0.5756404446207171,0.07195505557758962,0.041133371178384975,0.7536999629816487,5385
993,0.5,8,92,8,8,0,0,0,0,0.16256,1246.8364362434645,0.9340951932139491,127179.47229530299,1.0948205133749676,0.5721958206659843,0.07152447758324804,0.04117520372951949,0.7510849377289582,5385
994,0.5,8,92,8,8,0,0,0,0,0.16256,1246.9989962434645,0.934107614021862,127188.55466426864,1.094618272761984,0.5687511967112516,0.07109389958890645,0.04121703642064768,0.7484381552986873,5385
995,0.5,8,92,8,8,0,0,0,0,0.16256,1247.1615562434645,0.93412003014886,127197.63466557006,1.0944161137408153,0.565306572756519,0.07066332159456486,0.041258869251343734,0.7457592348477141,5385
996,0.5,8,92,8,8,0,0,0,0,0.16256,1247.3241162434645,0.9341324415975886,127206.71230013297,1.0942140362620965,0.5618619488017862,0.07023274360022327,0.04130070222118356,0.7430477931475052,5385
997,0.5,8,92,8,8,0,0,0,0,0.16256,1247.4866762434644,0.9341448483706912,127215.7875688826,1.0940120402765003,0.5584173248470535,0.06980216560588168,0.041342535329744766,0.7403034446977027,5385
998,0.5,8,92,8,8,0,0,0,0,0.16256,1247.6492362434644,0.9341572504708098,127224.86047274369,1.0938101257347412,0.5549727008923209,0.06937158761154011,0.04138436857660667,0.7375258018476682,5385
999,0.5,8,92,8,8,0,0,0,0,0.16256,1247.8117962434644,0.9341696479005837,127233.93101264052,1.0936082925875719,0.5515280769375881,0.06894100961719851,0.04142620196135031,0.734714474926315,5385
1000,0.5,8,92,8,8,0,0,0,0,0.16256,1247.9743562434644,0.9341820406626506,127242.99918949686,1.0934065407857854,0.5480834529828554,0.06851043162285693,0.041468035483558374,0.7318690723805966,5385
1001,0.5,8,92,8,8,0,0,0,0,0.16256,1248.1369162434644,0.9341944287596462,127252.065004236,1.093204870280214,0.5446388290281228,0.06807985362851535,0.04150986914281528,0.7289892009230071,5385
1002,0.5,8,92,8,8,0,0,0,0,0.16256,1248.2994762434644,0.934206812194204,127261.1284577808,1.093003281021731,0.5411942050733901,0.06764927563417376,0.041551702938707066,0.7260744656884788,5385
1003,0.5,8,92,8,8,0,0,0,0,0.16256,1248.4620362434644,0.9342191909689558,127270.18955105355,1.092801772961247,0.5377495811186573,0.06721869763983217,0.04159353687082147,0.723124470401062,5385
1004,0.5,8,92,8,8,0,0,0,0,0.16256,1248.6245962434643,0.9342315650865313,127279.24828497616,1.0926003460497142,0.5343049571639247,0.06678811964549058,0.04163537093874788,0.720138817550791,5385
1005,0.5,8,92,8,8,0,0,0,0,0.16256,1248.7871562434643,0.934243934549558,127288.30466046996,1.092399000238123,0.5308603332091919,0.066357541651149,0.041677205142077324,0.7171171085811419,5385
1006,0.5,8,92,8,8,0,0,0,0,0.16256,1248.9497162434643,0.9342562993606619,127297.3586784559,1.092197735477504,0.5274157092544594,0.06592696365680742,0.04171903948040247,0.7140589440875115,5385
1007,0.5,8,92,8,8,0,0,0,0,0.16256,1249.1122762434643,0.9342686595224666,127306.41033985438,1.0919965517189267,0.5239710852997266,0.06549638566246582,0.041760873953317616,0.7109639240271493,5385
1008,0.5,8,92,8,8,0,0,0,0,0.16256,1249.2748362434643,0.934281015037594,127315.45964558533,1.0917954489135002,0.5205264613449939,0.06506580766812424,0.04180270856041869,0.7078316479409905,5385
1009,0.5,8,92,8,8,0,0,0,0,0.16256,1249.4373962434643,0.9342933659086637,127324.50659656823,1.0915944270123727,0.5170818373902613,0.06463522967378266,0.04184454330130322,0.7046617151878392,5385
1010,0.5,8,92,8,8,0,0,0,0,0.16256,1249.5999562434642,0.9343057121382938,127333.55119372206,1.0913934859667327,0.5136372134355285,0.06420465167944107,0.04188637817557037,0.7014537251913837,5385
1011,0.5,7,93,8,7,0,1,0,0,0.1465325104234121,1249.7464887538877,0.9342945707307909,127341.02590572687,1.0912164807257523,0.5105829803083275,0.0729404257583325,0.03656416650829967,0.7991754131273241,5385
1012,0.5,7,93,7,7,0,0,0,0,0.14224,1249.8887287538876,0.9343053696790402,127348.93621985942,1.09103899840391,0.5076333023385875,0.07251904319122679,0.03660055038887713,0.7969875625056554,5385
1013,0.5,7,93,7,7,0,0,0,0,0.14224,1250.0309687538875,0.9343161650781727,127356.84473377565,1.0908615785130353,0.5046836243688474,0.07209766062412105,0.03663693444189149,0.7947713037666388,5385
1014,0.5,7,93,7,7,0,0,0,0,0.14224,1250.1732087538874,0.9343269569299378,127364.75144809,1.090684221020193,0.5017339463991073,0.07167627805701535,0.03667331866682954,0.792526237747089,5385
1015,0.5,7,93,7,7,0,0,0,0,0.14224,1250.3154487538873,0.9343377452360837,127372.65636341668,1.0905069258924707,0.4987842684293673,0.07125489548990961,0.03670970306318006,0.7902519604717338,5385
1016,0.5,7,93,7,7,0,0,0,0,0.14224,1250.4576887538872,0.9343485299983575,127380.55948036959,1.09032969309698,0.49583459045962724,0.07083351292280389,0.03674608763043388,0.7879480631613661,5385
1017,0.5,7,93,7,7,0,0,0,0,0.14224,1250.599928753887,0.9343593112185051,127388.46079956234,1.0901525226008548,0.49288491248988714,0.07041213035569817,0.03678247236808386,0.785614132245518,5385
1018,0.5,7,93,7,7,0,0,0,0,0.14224,1250.742168753887,0.9343700888982713,127396.3603216083,1.089975414371253,0.48993523452014714,0.06999074778859245,0.036818857275624804,0.7832497493799512,5385
1019,0.5,7,93,7,7,0,0,0,0,0.14224,1250.8844087538869,0.9343808630393996,127404.25804712053,1.0897983683753545,0.48698555655040704,0.06956936522148673,0.03685524235255356,0.7808544914692437,5385
1020,0.5,7,93,7,7,0,0,0,0,0.14224,1251.0266487538868,0.9343916336436326,127412.15397671182,1.089621384580363,0.48403587858066704,0.069147982654381,0.03689162759836895,0.7784279306947794,5385
1021,0.5,7,93,7,7,0,0,0,0,0.14224,1251.1688887538867,0.9344024007127116,127420.04811099468,1.0894444629535052,0.48108620061092694,0.06872660008727528,0.03692801301257174,0.7759696345484525,5385
1022,0.5,7,93,7,7,0,0,0,0,0.14224,1251.3111287538866,0.9344131642483767,127427.94045058136,1.08926760346203,0.47813652264118695,0.06830521752016958,0.036964398594664695,0.773479165872425,5385
1023,0.5,6,94,7,6,0,1,0,0,0.12591426985492865,1251.4370430237416,0.9344004874847661,127434.29714584093,1.0891149307730708,0.475579837382666,0.07926330623044434,0.026282842627091692,0.9009404423334518,5385
1024,0.5,6,94,6,6,0,0,0,0,0.12192,1251.5589630237416,0.9344097108309509,127441.05928069993,1.08896190335039,0.47311930212329867,0.07885321702054977,0.026308376581140686,0.8998357983304678,5385
1025,0.5,6,94,6,6,0,0,0,0,0.12192,1251.6808830237417,0.93441893158388,127447.82009822721,1.0888089219729198,0.47065876686393127,0.07844312781065521,0.02633391080199969,0.8987154665940994,5385
1026,0.5,6,94,6,6,0,0,0,0,0.12192,1251.8028030237417,0.9344281497446469,127454.57959880763,1.0886559866198822,0.4681982316045639,0.07803303860076065,0.026359445288893318,0.8975791762378694,5385
1027,0.5,6,94,6,6,0,0,0,0,0.12192,1251.9247230237418,0.9344373653143446,127461.33778282597,1.08850309727051,0.4657376963451966,0.07762294939086609,0.0263849800410492,0.8964266510307475,5385
1028,0.5,6,94,6,6,0,0,0,0,0.12192,1252.0466430237418,0.9344465782940653,127468.09465066684,1.08835025390405,0.4632771610858292,0.07721286018097154,0.026410515057697936,0.8952576092851164,5385
1029,0.5,6,94,6,6,0,0,0,0,0.12192,1252.1685630237419,0.9344557886849008,127474.85020271469,1.0881974564997599,0.4608166258264618,0.07680277097107698,0.026436050338073096,0.8940717637425374,5385
1030,0.5,6,94,6,6,0,0,0,0,0.12192,1252.290483023742,0.9344649964879419,127481.60443935382,1.088044705036911,0.4583560905670945,0.07639268176118241,0.026461585881411186,0.8928688214573056,5385
1031,0.5,6,94,6,6,0,0,0,0,0.12192,1252.412403023742,0.9344742017042794,127488.35736096841,1.0878919994947862,0.4558955553077271,0.07598259255128785,0.026487121686951675,0.8916484836777581,5385
1032,0.5,6,94,6,6,0,0,0,0,0.12192,1252.534323023742,0.9344834043350031,127495.10896794243,1.0877393398526813,0.4534350200483598,0.07557250334139329,0.02651265775393692,0.8904104457253283,5385
1033,0.5,6,94,6,6,0,0,0,0,0.12192,1252.656243023742,0.9344926043812021,127501.85926065978,1.0875867260899053,0.4509744847889924,0.07516241413149873,0.026538194081612215,0.8891543968713214,5385
1034,0.5,6,94,6,6,0,0,0,0,0.12192,1252.778163023742,0.934501801843965,127508.60823950416,1.0874341581857783,0.44851394952962503,0.07475232492160416,0.02656373066922574,0.8878800202113976,5385
1035,0.5,6,94,6,6,0,0,0,0,0.12192,1252.9000830237421,0.93451099672438,127515.35590485911,1.0872816361196336,0.44605341427025763,0.0743422357117096,0.026589267516028546,0.8865869925377456,5385
1036,0.5,6,94,6,6,0,0,0,0,0.12192,1253.0220030237422,0.9345201890235344,127522.10225710805,1.0871291598708168,0.4435928790108903,0.07393214650181505,0.026614804621274565,0.8852749842089421,5385
1037,0.5,6,94,6,6,0,0,0,0,0.12192,1253.1439230237422,0.934529378742515,127528.84729663424,1.0869767294186854,0.4411323437515229,0.07352205729192049,0.02664034198422057,0.8839436590174817,5385
1038,0.5,6,94,6,6,0,0,0,0,0.12192,1253.2658430237423,0.934538565882408,127535.5910238208,1.0868243447426102,0.43867180849215553,0.07311196808202593,0.026665879604126187,0.8825926740549747,5385
1039,0.5,6,94,6,6,0,0,0,0,0.12192,1253.3877630237423,0.9345477504442989,127542.3334390507,1.0866720058219739,0.4362112732327882,0.07270187887213135,0.026691417480253846,0.8812216795750103,5385
1040,0.5,6,94,6,6,0,0,0,0,0.12192,1253.5096830237424,0.9345569324292728,127549.07454270673,1.0865197126361716,0.43375073797342084,0.0722917896622368,0.02671695561186882,0.8798303188536879,5385
1041,0.5,6,94,6,6,0,0,0,0,0.12192,1253.6316030237424,0.9345661118384141,127555.81433517157,1.0863674651646107,0.43129020271405344,0.07188170045234224,0.026742493998239154,0.8784182280478132,5385
1042,0.5,6,94,6,6,0,0,0,0,0.12192,1253.7535230237424,0.9345752886728064,127562.55281682774,1.0862152633867115,0.42882966745468615,0.07147161124244768,0.026768032638635694,0.8769850360507824,5385
1043,0.5,6,94,6,6,0,0,0,0,0.12192,1253.8754430237425,0.9345844629335328,127569.2899880576,1.0860631072819051,0.42636913219531875,0.07106152203255313,0.026793571532332056,0.8755303643461532,5385
1044,0.5,6,94,6,6,0,0,0,0,0.12192,1253.9973630237425,0.9345936346216759,127576.02584924336,1.0859109968296368,0.4239085969359514,0.07065143282265857,0.02681911067860461,0.8740538268589333,5385
1045,0.5,6,94,6,6,0,0,0,0,0.12192,1254.1192830237426,0.9346028037383177,127582.76040076712,1.0857589320093635,0.421448061676584,0.070241343612764,0.026844650076732486,0.8725550298046009,5385
1046,0.5,6,94,6,6,0,0,0,0,0.12192,1254.2412030237426,0.9346119702845396,127589.49364301078,1.0856069128005543,0.41898752641721665,0.06983125440286946,0.02687018972599753,0.8710335715358941,5385
1047,0.5,6,94,6,6,0,0,0,0,0.12192,1254.3631230237427,0.934621134261422,127596.22557635611,1.0854549391826909,0.41652699115784925,0.06942116519297488,0.02689572962568432,0.8694890423873978,5385
1048,0.5,6,94,6,6,0,0,0,0,0.12192,1254.4850430237427,0.9346302956700453,127602.95620118474,1.0853030111352668,0.4140664558984819,0.06901107598308032,0.026921269775080133,0.8679210245179811,5385
1049,0.5,6,94,6,6,0,0,0,0,0.12192,1254.6069630237428,0.9346394545114889,127609.68551787816,1.085151128637788,0.41160592063911455,0.06860098677318575,0.02694681017347497,0.8663290917511218,5385
1050,0.5,6,94,6,6,0,0,0,0,0.12192,1254.7288830237428,0.9346486107868317,127616.41352681768,1.084999291669773,0.40914538537974715,0.0681908975632912,0.026972350820161466,0.8647128094131883,5385
1051,0.5,6,94,6,6,0,0,0,0,0.12192,1254.8508030237429,0.9346577644971519,127623.14022838448,1.084847500210753,0.4066848501203798,0.06778080835339663,0.026997891714434962,0.8630717341697358,5385
1052,0.5,6,94,6,6,0,0,0,0,0.12192,1254.972723023743,0.9346669156435273,127629.8656229596,1.0846957542402702,0.40422431486101246,0.06737071914350208,0.027023432855593447,0.8614054138598995,5385
1053,0.5,6,94,6,6,0,0,0,0,0.12192,1255.094643023743,0.9346760642270351,127636.58971092392,1.0845440537378803,0.40176377960164505,0.06696062993360752,0.027048974242937555,0.8597133873289637,5385
1054,0.5,6,94,6,6,0,0,0,0,0.12192,1255.216563023743,0.9346852102487516,127643.31249265818,1.084392398683151,0.39930324434227776,0.06655054072371297,0.02707451587577054,0.857995184259206,5385
1055,0.5,6,94,6,6,0,0,0,0,0.12192,1255.338483023743,0.9346943537097527,127650.03396854296,1.084240789055661,0.39684270908291036,0.06614045151381838,0.0271000577533983,0.8562503249991215,5385
1056,0.5,6,94,6,6,0,0,0,0,0.12192,1255.460403023743,0.9347034946111137,127656.75413895873,1.0840892248350027,0.394382173823543,0.06573036230392383,0.02712559987512932,0.8544783203911547,5385
1057,0.5,6,94,6,6,0,0,0,0,0.12192,1255.5823230237431,0.9347126329539093,127663.47300428573,1.0839377060007804,0.39192163856417556,0.06532027309402925,0.027151142240274692,0.8526786715980502,5385
1058,0.5,6,94,6,6,0,0,0,0,0.12192,1255.7042430237432,0.9347217687392135,127670.19056490414,1.0837862325326106,0.3894611033048082,0.06491018388413468,0.027176684848148086,0.8508508699279957,5385
1059,0.5,6,94,6,6,0,0,0,0,0.12192,1255.8261630237432,0.9347309019680999,127676.90682119396,1.0836348044101218,0.3870005680454408,0.06450009467424013,0.02720222769806574,0.8489943966586989,5385
1060,0.5,6,94,6,6,0,0,0,0,0.12192,1255.9480830237433,0.9347400326416414,127683.62177353502,1.0834834216129547,0.3845400327860734,0.06409000546434557,0.027227770789346465,0.8471087228605781,5385
1061,0.5,6,94,6,6,0,0,0,0,0.12192,1256.0700030237433,0.9347491607609101,127690.33542230703,1.0833320841207619,0.382079497526706,0.063679916254451,0.027253314121311607,0.8451933092192729,5385
1062,0.5,6,94,6,6,0,0,0,0,0.12192,1256.1919230237434,0.9347582863269778,127697.04776788955,1.0831807919132088,0.3796189622673386,0.06326982704455643,0.027278857693285048,0.8432476058576706,5385
1063,0.5,6,94,6,6,0,0,0,0,0.12192,1256.3138430237434,0.9347674093409154,127703.758810662,1.0830295449699727,0.3771584270079712,0.06285973783466185,0.027304401504593196,0.8412710521576928,5385
1064,0.5,6,94,6,6,0,0,0,0,0.12192,1256.4357630237434,0.9347765298037937,127710.4685510036,1.0828783432707434,0.3746978917486038,0.0624496486247673,0.027329945554564975,0.8392630765820923,5385
1065,0.5,6,94,6,6,0,0,0,0,0.12192,1256.5576830237435,0.9347856477166822,127717.1769892935,1.082727186795222,0.3722373564892364,0.062039559414872734,0.0273554898425318,0.8372230964965295,5385
1066,0.5,6,94,6,6,0,0,0,0,0.12192,1256.6796030237435,0.9347947630806505,127723.88412591064,1.0825760755231224,0.369776821229869,0.061629470204978165,0.0273810343678276,0.8351505179922426,5385
1067,0.5,6,94,6,6,0,0,0,0,0.12192,1256.8015230237436,0.934803875896767,127730.58996123385,1.0824250094341703,0.3673162859705016,0.061219380995083596,0.027406579129788736,0.833044735709617,5385
1068,0.5,6,94,6,6,0,0,0,0,0.12192,1256.9234430237436,0.9348129861661,127737.2944956418,1.0822739885081039,0.3648557507111342,0.06080929178518903,0.02743212412775408,0.8309051326630241,5385
1069,0.5,6,94,6,6,0,0,0,0,0.12192,1257.0453630237437,0.9348220938897168,127743.99772951304,1.082123012724673,0.3623952154517668,0.06039920257529447,0.02745766936106493,0.8287310800672993,5385
1070,0.5,6,94,6,6,0,0,0,0,0.12192,1257.1672830237437,0.9348311990686845,127750.6996632259,1.0819720820636405,0.3599346801923994,0.059989113365399895,0.027483214829065034,0.8265219371662743,5385
1071,0.5,6,94,6,6,0,0,0,0,0.12192,1257.2892030237438,0.9348403017040693,127757.40029715865,1.0818211965047801,0.357474144933032,0.05957902415550533,0.027508760531100573,0.8242770510638119,5385
1072,0.5,6,94,6,6,0,0,0,0,0.12192,1257.4111230237438,0.9348494017969369,127764.09963168936,1.0816703560278789,0.3550136096736646,0.05916893494561076,0.027534306466520157,0.8219957565578163,5385
1073,0.5,6,94,6,6,0,0,0,0,0.12192,1257.5330430237439,0.9348584993483523,127770.79766719595,1.0815195606127341,0.3525530744142972,0.05875884573571619,0.027559852634674784,0.8196773759777423,5385
1074,0.5,6,94,6,6,0,0,0,0,0.12192,1257.654963023744,0.93486759435938,127777.49440405624,1.0813688102391572,0.35009253915492977,0.05834875652582163,0.02758539903491788,0.8173212190261556,5385
1075,0.5,6,94,6,6,0,0,0,0,0.12192,1257.776883023744,0.9348766868310843,127784.18984264787,1.0812181048869705,0.34763200389556237,0.05793866731592706,0.02761094566660523,0.8149265826249442,5385
1076,0.5,5,95,6,5,0,1,0,0,0.10280192256508502,1257.879684946309,0.9348625133764481,127789.64627834113,1.0810914069836257,0.34560904933475484,0.06912180986695096,0.010493461163918067,0.9774725574728436,5385
1077,0.5,5,95,5,5,0,0,0,0,0.1016,1257.981284946309,0.9348700890884138,127795.22392247788,1.0809646209831638,0.34361360476376895,0.0687227209527538,0.010501281517006586,0.9771829347828502,5385
1078,0.5,5,95,5,5,0,0,0,0,0.1016,1258.082884946309,0.9348776630384221,127800.80066573815,1.0808378665246468,0.34161816019278307,0.06832363203855663,0.010509102213968172,0.9768881773811419,5385
1079,0.5,5,95,5,5,0,0,0,0,0.1016,1258.1844849463089,0.9348852352270878,127806.37650834017,1.0807111435963048,0.33962271562179724,0.06792454312435944,0.010516923254035684,0.9765881671173481,5385
1080,0.5,5,95,5,5,0,0,0,0,0.1016,1258.2860849463088,0.9348928056550249,127811.9514505021,1.080584452186375,0.33762727105081136,0.06752545421016226,0.010524744636444223,0.9762827824898928,5385
1081,0.5,5,95,5,5,0,0,0,0,0.1016,1258.3876849463088,0.9349003743228477,127817.52549244209,1.0804577922831005,0.3356318264798254,0.06712636529596508,0.010532566360431136,0.97597189853311,5385
1082,0.5,5,95,5,5,0,0,0,0,0.1016,1258.4892849463088,0.9349079412311698,127823.09863437811,1.080331163874729,0.3336363819088395,0.0667272763817679,0.010540388425235997,0.9756553866999691,5385
1083,0.5,5,95,5,5,0,0,0,0,0.1016,1258.5908849463087,0.9349155063806048,127828.67087652815,1.0802045669495155,0.3316409373378536,0.06632818746757072,0.010548210830100595,0.9753331147402138,5385
1084,0.5,5,95,5,5,0,0,0,0,0.1016,1258.6924849463087,0.9349230697717659,127834.24221911008,1.0800780014957194,0.3296454927668677,0.06592909855337355,0.010556033574268943,0.9750049465737093,5385
1085,0.5,5,95,5,5,0,0,0,0,0.1016,1258.7940849463087,0.934930631405266,127839.81266234175,1.0799514675016073,0.3276500481958818,0.06553000963917635,0.010563856656987258,0.9746707421587861,5385
1086,0.5,5,95,5,5,0,0,0,0,0.1016,1258.8956849463086,0.9349381912817176,127845.38220644087,1.0798249649554508,0.32565460362489584,0.06513092072497917,0.010571680077503955,0.9743303573553629,5385
1087,0.5,5,95,5,5,0,0,0,0,0.1016,1258.9972849463086,0.9349457494017333,127850.95085162515,1.0796984938455274,0.32365915905390996,0.06473183181078199,0.010579503835069639,0.9739836437826023,5385
1088,0.5,5,95,5,5,0,0,0,0,0.1016,1259.0988849463085,0.9349533057659248,127856.51859811218,1.079572054160121,0.3216637144829241,0.0643327428965848,0.0105873279289371,0.9736304486708648,5385
1089,0.5,5,95,5,5,0,0,0,0,0.1016,1259.2004849463085,0.9349608603749042,127862.0854461195,1.0794456458875203,0.31966826991193814,0.06393365398238762,0.0105951523583613,0.9732706147076934,5385
1090,0.5,5,95,5,5,0,0,0,0,0.1016,1259.3020849463085,0.9349684132292828,127867.65139586457,1.0793192690160205,0.3176728253409522,0.06353456506819044,0.010602977122599376,0.9729039798775648,5385
1091,0.5,5,95,5,5,0,0,0,0,0.1016,1259.4036849463084,0.9349759643296719,127873.2164475648,1.079192923533923,0.3156773807699663,0.06313547615399326,0.010610802220910612,0.9725303772951186,5385
1092,0.5,5,95,5,5,0,0,0,0,0.1016,1259.5052849463084,0.9349835136766823,127878.78060143751,1.0790666094295345,0.31368193619898044,0.06273638723979609,0.010618627652556454,0.9721496350315625,5385
1093,0.5,5,95,5,5,0,0,0,0,0.1016,1259.6068849463084,0.9349910612709248,127884.34385769995,1.0789403266911672,0.3116864916279945,0.0623372983255989,0.01062645341680049,0.9717615759339395,5385
1094,0.5,5,95,5,5,0,0,0,0,0.1016,1259.7084849463083,0.9349986071130095,127889.90621656932,1.0788140753071394,0.30969104705700856,0.06193820941140171,0.010634279512908438,0.9713660174369342,5385
1095,0.5,5,95,5,5,0,0,0,0,0.1016,1259.8100849463083,0.9350061512035468,127895.46767826274,1.0786878552657753,0.3076956024860227,0.06153912049720454,0.010642105940148156,0.970962771366855,5385
1096,0.5,5,95,5,5,0,0,0,0,0.1016,1259.9116849463082,0.9350136935431462,127901.02824299723,1.078561666555405,0.3057001579150368,0.06114003158300735,0.010649932697789612,0.9705516437374399,5385
1097,0.5,5,95,5,5,0,0,0,0,0.1016,1260.0132849463082,0.9350212341324174,127906.5879109898,1.0784355091643643,0.30370471334405086,0.06074094266881016,0.010657759785104899,0.9701324345370916,5385
1098,0.5,5,95,5,5,0,0,0,0,0.1016,1260.1148849463082,0.9350287729719695,127912.14668245731,1.0783093830809947,0.3017092687730649,0.060341853754612984,0.010665587201368204,0.9697049375071441,5385
1099,0.5,5,95,5,5,0,0,0,0,0.1016,1260.2164849463081,0.9350363100624115,127917.70455761666,1.078183288293643,0.29971382420207904,0.05994276484041581,0.010673414945855822,0.9692689399107255,5385
1100,0.5,5,95,5,5,0,0,0,0,0.1016,1260.318084946308,0.935043845404352,127923.26153668456,1.0780572247906628,0.29771837963109316,0.059543675926218634,0.010681243017846133,0.9688242222917767,5385
1101,0.5,5,95,5,5,0,0,0,0,0.1016,1260.419684946308,0.9350513789983995,127928.81761987774,1.077931192560413,0.2957229350601072,0.059144587012021445,0.010689071416619607,0.9683705582237512,5385
1102,0.5,5,95,5,5,0,0,0,0,0.1016,1260.521284946308,0.9350589108451619,127934.3728074128,1.077805191591258,0.2937274904891213,0.058745498097824256,0.010696900141458784,0.9679077140474942,5385
1103,0.5,5,95,5,5,0,0,0,0,0.1016,1260.622884946308,0.935066440945247,127939.92709950633,1.0776792218715687,0.2917320459181354,0.05834640918362708,0.010704729191648282,0.9674354485977811,5385
1104,0.5,5,95,5,5,0,0,0,0,0.1016,1260.724484946308,0.9350739692992627,127945.48049637479,1.0775532833897206,0.2897366013471495,0.05794732026942989,0.010712558566474765,0.9669535129179629,5385
1105,0.5,5,95,5,5,0,0,0,0,0.1016,1260.826084946308,0.9350814959078158,127951.03299823462,1.0774273761340958,0.2877411567761636,0.0575482313552327,0.010720388265226968,0.9664616499621356,5385
1106,0.5,5,95,5,5,0,0,0,0,0.1016,1260.9276849463079,0.9350890207715133,127956.58460530214,1.0773015000930823,0.28574571220517764,0.05714914244103553,0.010728218287195663,0.965959594284222,5385
1107,0.5,5,95,5,5,0,0,0,0,0.1016,1261.0292849463078,0.9350965438909622,127962.13531779364,1.0771756552550737,0.28375026763419176,0.05675005352683835,0.010736048631673665,0.9654470717133159,5385
1108,0.5,5,95,5,5,0,0,0,0,0.1016,1261.1308849463078,0.9351040652667686,127967.68513592533,1.077049841608469,0.2817548230632059,0.05635096461264118,0.010743879297955821,0.9649237990146126,5385
1109,0.5,5,95,5,5,0,0,0,0,0.1016,1261.2324849463077,0.9351115848995388,127973.23405991336,1.0769240591416727,0.27975937849221993,0.05595187569844399,0.010751710285339005,0.9643894835352026,5385
1110,0.5,5,95,5,5,0,0,0,0,0.1016,1261.3340849463077,0.9351191027898785,127978.78208997379,1.076798307843096,0.277763933921234,0.0555527867842468,0.010759541593122104,0.9638438228339727,5385
1111,0.5,5,95,5,5,0,0,0,0,0.1016,1261.4356849463077,0.9351266189383934,127984.3292263226,1.0766725877011556,0.2757684893502481,0.055153697870049624,0.010767373220606025,0.963286504294813,5385
1112,0.5,5,95,5,5,0,0,0,0,0.1016,1261.5372849463076,0.9351341333456887,127989.87546917575,1.0765468987042732,0.27377304477926223,0.054754608955852435,0.01077520516709367,0.9627172047222835,5385
1113,0.5,5,95,5,5,0,0,0,0,0.1016,1261.6388849463076,0.9351416460123694,127995.42081874909,1.0764212408408773,0.2717776002082763,0.054355520041655246,0.010783037431889944,0.9621355899188587,5385
1114,0.5,5,95,5,5,0,0,0,0,0.1016,1261.7404849463076,0.9351491569390402,128000.9652752584,1.0762956140994007,0.26978215563729036,0.05395643112745807,0.010790870014301738,0.961541314242795,5385
1115,0.5,5,95,5,5,0,0,0,0,0.1016,1261.8420849463075,0.9351566661263055,128006.5088389194,1.0761700184682832,0.2677867110663045,0.053557342213260896,0.010798702913637928,0.9609340201456383,5385
1116,0.5,5,95,5,5,0,0,0,0,0.1016,1261.9436849463075,0.9351641735747696,128012.05150994776,1.0760444539359704,0.2657912664953186,0.05315825329906372,0.010806536129209364,0.960313337688319,5385
1117,0.5,5,95,5,5,0,0,0,0,0.1016,1262.0452849463074,0.9351716792850362,128017.59328855904,1.0759189204909128,0.26379582192433265,0.05275916438486653,0.010814369660328869,0.9596788840347252,5385
1118,0.5,5,95,5,5,0,0,0,0,0.1016,1262.1468849463074,0.9351791832577091,128023.13417496879,1.075793418121567,0.2618003773533467,0.05236007547066934,0.01082220350631122,0.9590302629215838,5385
1119,0.5,5,95,5,5,0,0,0,0,0.1016,1262.2484849463074,0.9351866854933913,128028.6741693924,1.0756679468163948,0.25980493278236083,0.05196098655647217,0.01083003766647316,0.9583670641034102,5385
1120,0.5,5,95,5,5,0,0,0,0,0.1016,1262.3500849463073,0.9351941859926862,128034.2132720453,1.0755425065638646,0.25780948821137495,0.05156189764227498,0.010837872140133372,0.957688862771218,5385
1121,0.5,5,95,5,5,0,0,0,0,0.1016,1262.4516849463073,0.9352016847561964,128039.75148314274,1.0754170973524502,0.255814043640389,0.05116280872807779,0.010845706926612485,0.9569952189436095,5385
1122,0.5,5,95,5,5,0,0,0,0,0.1016,1262.5532849463073,0.9352091817845243,128045.28880289999,1.075291719170631,0.2538185990694031,0.050763719813880614,0.010853542025233056,0.956285676828777,5385
1123,0.5,5,95,5,5,0,0,0,0,0.1016,1262.6548849463072,0.9352166770782722,128050.82523153222,1.075166372006892,0.2518231544984172,0.05036463089968344,0.010861377435319577,0.9555597641558718,5385
1124,0.5,5,95,5,5,0,0,0,0,0.1016,1262.7564849463072,0.935224170638042,128056.3607692545,1.0750410558497236,0.24982770992743125,0.04996554198548626,0.01086921315619846,0.954816991474105,5385
1125,0.5,5,95,5,5,0,0,0,0,0.1016,1262.8580849463071,0.9352316624644352,128061.89541628187,1.074915770687623,0.24783226535644537,0.049566453071289075,0.010877049187198024,0.9540568514178445,5385
1126,0.5,5,95,5,5,0,0,0,0,0.1016,1262.959684946307,0.9352391525580535,128067.4291728293,1.0747905165090916,0.24583682078545943,0.04916736415709189,0.010884885527648509,0.9532788179358788,5385
1127,0.5,5,95,5,5,0,0,0,0,0.1016,1263.061284946307,0.9352466409194977,128072.96203911168,1.0746652933026382,0.24384137621447352,0.04876827524289471,0.010892722176882039,0.9524823454829077,5385
1128,0.5,5,95,5,5,0,0,0,0,0.1016,1263.162884946307,0.9352541275493688,128078.49401534381,1.0745401010567757,0.24184593164348764,0.04836918632869752,0.01090055913423265,0.9516668681712013,5385
1129,0.5,5,95,5,5,0,0,0,0,0.1016,1263.264484946307,0.9352616124482671,128084.02510174045,1.0744149397600231,0.23985048707250173,0.04797009741450033,0.010908396399036253,0.9508317988802651,5385
1130,0.5,5,95,5,5,0,0,0,0,0.1016,1263.366084946307,0.9352690956167931,128089.55529851628,1.0742898094009057,0.2378550425015158,0.04757100850030315,0.010916233970630643,0.9499765283221973,5385
1131,0.5,5,95,5,5,0,0,0,0,0.1016,1263.467684946307,0.9352765770555466,128095.08460588592,1.0741647099679543,0.23585959793052988,0.04717191958610598,0.010924071848355494,0.9491004240603078,5385
1132,0.5,5,95,5,5,0,0,0,0,0.1016,1263.5692849463069,0.9352840567651274,128100.6130240639,1.0740396414497047,0.23386415335954397,0.0467728306719088,0.010931910031552344,0.9482028294784157,5385
1133,0.5,5,95,5,5,0,0,0,0,0.1016,1263.6708849463068,0.9352915347461348,128106.14055326472,1.0739146038346992,0.2318687087885581,0.04637374175771162,0.01093974851956459,0.947283062698093,5385
1134,0.5,5,95,5,5,0,0,0,0,0.1016,1263.7724849463068,0.9352990109991681,128111.66719370277,1.0737895971114848,0.22987326421757215,0.04597465284351444,0.01094758731173749,0.9463404154409538,5385
1135,0.5,5,95,5,5,0,0,0,0,0.1016,1263.8740849463068,0.9353064855248261,128117.19294559238,1.0736646212686152,0.22787781964658624,0.045575563929317255,0.010955426407418149,0.945374151832924,5385
1136,0.5,5,95,5,5,0,0,0,0,0.1016,1263.9756849463067,0.9353139583237075,128122.71780914783,1.073539676294649,0.22588237507560036,0.045176475015120066,0.01096326580595551,0.9443835071472378,5385
1137,0.5,5,95,5,5,0,0,0,0,0.1016,1264.0772849463067,0.9353214293964104,128128.24178458331,1.0734147621781511,0.22388693050461445,0.04477738610092288,0.010971105506700357,0.94336768648272,5385
1138,0.5,5,95,5,5,0,0,0,0,0.1016,1264.1788849463067,0.9353288987435329,128133.76487211297,1.0732898789076915,0.2218914859336285,0.044378297186725695,0.010978945509005298,0.9423258633736968,5385
1139,0.5,5,95,5,5,0,0,0,0,0.1016,1264.2804849463066,0.9353363663656729,128139.28707195084,1.0731650264718458,0.2198960413626426,0.043979208272528526,0.01098678581222477,0.9412571783276753,5385
1140,0.5,5,95,5,5,0,0,0,0,0.1016,1264.3820849463066,0.9353438322634277,128144.80838431093,1.0730402048591954,0.2179005967916567,0.043580119358331344,0.010994626415715024,0.9401607372866863,5385
1141,0.5,5,95,5,5,0,0,0,0,0.1016,1264.4836849463065,0.9353512964373947,128150.32880940716,1.072915414058328,0.2159051522206708,0.04318103044413416,0.011002467318834117,0.9390356100079533,5385
1142,0.5,5,95,5,5,0,0,0,0,0.1016,1264.5852849463065,0.9353587588881707,128155.8483474534,1.0727906540578358,0.21390970764968487,0.04278194152993698,0.011010308520941918,0.9378808283592835,5385
1143,0.5,5,95,5,5,0,0,0,0,0.1016,1264.6868849463065,0.9353662196163524,128161.36699866342,1.0726659248463177,0.21191426307869896,0.0423828526157398,0.01101815002140009,0.9366953845243018,5385
1144,0.5,5,95,5,5,0,0,0,0,0.1016,1264.7884849463064,0.9353736786225362,128166.88476325094,1.072541226412377,0.20991881850771307,0.04198376370154261,0.011025991819572084,0.9354782291123716,5385
1145,0.5,5,95,5,5,0,0,0,0,0.1016,1264.8900849463064,0.9353811359073181,128172.4016414296,1.0724165587446235,0.20792337393672716,0.04158467478734542,0.011033833914823142,0.9342282691677247,5385
1146,0.5,5,95,5,5,0,0,0,0,0.1016,1264.9916849463063,0.935388591471294,128177.91763341302,1.0722919218316729,0.20592792936574122,0.04118558587314824,0.011041676306520285,0.9329443660720085,5385
1147,0.5,5,95,5,5,0,0,0,0,0.1016,1265.0932849463063,0.9353960453150596,128183.43273941465,1.0721673156621456,0.20393248479475531,0.04078649695895107,0.011049518994032306,0.9316253333341151,5385
1148,0.5,5,95,5,5,0,0,0,0,0.1016,1265.1948849463063,0.93540349743921,128188.94695964799,1.0720427402246684,0.2019370402237694,0.04038740804475389,0.011057361976729763,0.9302699342607983,5385
1149,0.5,5,95,5,5,0,0,0,0,0.1016,1265.2964849463062,0.9354109478443404,128194.46029432639,1.071918195507873,0.19994159565278352,0.039988319130556706,0.011065205253984975,0.9288768795012076,5385
1150,0.5,5,95,5,5,0,0,0,0,0.1016,1265.3980849463062,0.9354183965310453,128199.97274366315,1.071793681500397,0.19794615108179758,0.03958923021635952,0.011073048825172018,0.9274448244580613,5385
1151,0.5,5,95,5,5,0,0,0,0,0.1016,1265.4996849463062,0.9354258434999193,128205.48430787152,1.0716691981908841,0.19595070651081167,0.03919014130216234,0.01108089268966672,0.925972366557776,5385
1152,0.5,5,95,5,5,0,0,0,0,0.1016,1265.6012849463061,0.9354332887515565,128210.99498716465,1.0715447455679832,0.1939552619398258,0.03879105238796515,0.011088736846846642,0.9244580423714169,5385
1153,0.5,5,95,5,5,0,0,0,0,0.1016,1265.702884946306,0.9354407322865509,128216.50478175566,1.0714203236203488,0.19195981736883988,0.03839196347376798,0.011096581296091092,0.9229003245778935,5385
1154,0.5,5,95,5,5,0,0,0,0,0.1016,1265.804484946306,0.9354481741054961,128222.01369185759,1.0712959323366402,0.18996437279785394,0.037992874559570795,0.011104426036781103,0.9212976187603151,5385
1155,0.5,5,95,5,5,0,0,0,0,0.1016,1265.906084946306,0.9354556142089855,128227.52171768338,1.071171571705524,0.18796892822686803,0.03759378564537361,0.011112271068299436,0.9196482600259601,5385
1156,0.5,5,95,5,5,0,0,0,0,0.1016,1266.007684946306,0.9354630525976121,128233.02885944594,1.071047241715671,0.18597348365588212,0.037194696731176424,0.011120116390030564,0.9179505094397593,5385
1157,0.5,5,95,5,5,0,0,0,0,0.1016,1266.109284946306,0.9354704892719689,128238.5351173581,1.070922942355758,0.18397803908489624,0.03679560781697925,0.011127962001360686,0.916202550260676,5385
1158,0.5,5,95,5,5,0,0,0,0,0.1016,1266.210884946306,0.9354779242326482,128244.0404916326,1.070798673614468,0.18198259451391033,0.03639651890278207,0.011135807901677694,0.9144024839698012,5385
1159,0.5,5,95,5,5,0,0,0,0,0.1016,1266.3124849463059,0.9354853574802424,128249.54498248214,1.0706744354804878,0.17998714994292442,0.035997429988584885,0.01114365409037119,0.9125483260784235,5385
1160,0.5,5,95,5,5,0,0,0,0,0.1016,1266.4140849463058,0.9354927890153435,128255.04859011936,1.0705502279425116,0.17799170537193854,0.03559834107438771,0.011151500566832472,0.9106380017037355,5385
1161,0.5,5,95,5,5,0,0,0,0,0.1016,1266.5156849463058,0.9355002188385432,128260.5513147568,1.070426050989239,0.17599626080095265,0.03519925216019053,0.011159347330454523,0.9086693408992575,5385
1162,0.5,5,95,5,5,0,0,0,0,0.1016,1266.6172849463057,0.935507646950433,128266.05315660693,1.070301904609374,0.17400081622996674,0.03480016324599335,0.011167194380632014,0.9066400737264649,5385
1163,0.5,5,95,5,5,0,0,0,0,0.1016,1266.7188849463057,0.9355150733516041,128271.55411588219,1.0701777887916275,0.17200537165898086,0.034401074331796164,0.011175041716761288,0.9045478250534984,5385
1164,0.5,5,95,5,5,0,0,0,0,0.1016,1266.8204849463057,0.9355224980426473,128277.05419279492,1.0700537035247144,0.17000992708799498,0.03400198541759899,0.01118288933824037,0.9023901090662666,5385
1165,0.5,5,95,5,5,0,0,0,0,0.1016,1266.9220849463056,0.9355299210241532,128282.55338755742,1.0699296487973566,0.16801448251700907,0.03360289650340181,0.011190737244468943,0.9001643234766531,5385
1166,0.5,5,95,5,5,0,0,0,0,0.1016,1267.0236849463056,0.9355373422967124,128288.05170038187,1.069805624598281,0.16601903794602318,0.03320380758920464,0.011198585434848356,0.8978677434120247,5385
1167,0.5,5,95,5,5,0,0,0,0,0.1016,1267.1252849463056,0.9355447618609148,128293.54913148044,1.06968163091622,0.1640235933750373,0.03280471867500746,0.01120643390878161,0.8954975149697058,5385
1168,0.5,5,95,5,5,0,0,0,0,0.1016,1267.2268849463055,0.9355521797173503,128299.0456810652,1.0695576677399121,0.1620281488040514,0.03240562976081028,0.01121428266567336,0.893050648419645,5385
1169,0.5,5,95,5,5,0,0,0,0,0.1016,1267.3284849463055,0.9355595958666084,128304.54134934815,1.0694337350580998,0.16003270423306548,0.0320065408466131,0.0112221317049299,0.890524011038118,5385
1170,0.5,5,95,5,5,0,0,0,0,0.1016,1267.4300849463054,0.9355670103092784,128310.03613654125,1.0693098328595327,0.1580372596620796,0.031607451932415924,0.011229981025959169,0.8879143195550154,5385
1171,0.5,5,95,5,5,0,0,0,0,0.1016,1267.5316849463054,0.9355744230459493,128315.53004285636,1.0691859611329655,0.15604181509109372,0.031208363018218742,0.01123783062817073,0.8852181321971175,5385
1172,0.5,5,95,5,5,0,0,0,0,0.1016,1267.6332849463054,0.9355818340772097,128321.0230685053,1.0690621198671586,0.15404637052010783,0.030809274104021567,0.01124568051097578,0.8824318403097302,5385
1173,0.5,5,95,5,5,0,0,0,0,0.1016,1267.7348849463053,0.9355892434036485,128326.5152136998,1.0689383090508773,0.15205092594912195,0.03041018518982439,0.011253530673787137,0.8795516595392322,5385
1174,0.5,5,95,5,5,0,0,0,0,0.1016,1267.8364849463053,0.9355966510258533,128332.0064786515,1.0688145286728925,0.15005548137813607,0.030011096275627213,0.011261381116019235,0.8765736205595108,5385
1175,0.5,5,95,5,5,0,0,0,0,0.1016,1267.9380849463053,0.9356040569444125,128337.49686357204,1.0686907787219813,0.14806003680715019,0.029612007361430038,0.01126923183708812,0.8734935593259375,5385
1176,0.5,5,95,5,5,0,0,0,0,0.1016,1268.0396849463052,0.9356114611599136,128342.98636867295,1.068567059186926,0.1460645922361643,0.02921291844723286,0.011277082836411441,0.8703071068415993,5385
1177,0.5,5,95,5,5,0,0,0,0,0.1016,1268.1412849463052,0.9356188636729438,128348.47499416569,1.0684433700565146,0.14406914766517842,0.028813829533035684,0.011284934113408446,0.8670096784219536,5385
1178,0.5,5,95,5,5,0,0,0,0,0.1016,1268.2428849463051,0.9356262644840905,128353.96274026166,1.06831971131954,0.14207370309419254,0.02841474061883851,0.011292785667499982,0.8635964624460597,5385
1179,0.5,5,95,5,5,0,0,0,0,0.1016,1268.344484946305,0.9356336635939404,128359.44960717218,1.0681960829648003,0.14007825852320666,0.02801565170464133,0.011300637498108482,0.8600624085851113,5385
1180,0.5,5,95,5,5,0,0,0,0,0.1016,1268.446084946305,0.9356410610030801,128364.93559510852,1.0680724849811007,0.13808281395222077,0.027616562790444155,0.011308489604657962,0.8564022155023188,5385
1181,0.5,5,95,5,5,0,0,0,0,0.1016,1268.547684946305,0.9356484567120958,128370.42070428187,1.067948917357251,0.1360873693812349,0.027217473876246977,0.011316341986574021,0.8526103180223528,5385
1182,0.5,5,95,5,5,0,0,0,0,0.1016,1268.649284946305,0.9356558507215736,128375.90493490337,1.0678253800820658,0.134091924810249,0.0268183849620498,0.011324194643283823,0.8486808737737721,5385
1183,0.5,5,95,5,5,0,0,0,0,0.1016,1268.750884946305,0.9356632430320995,128381.38828718409,1.0677018731443668,0.13209648023926313,0.026419296047852626,0.01133204757421611,0.8446077493142942,5385
1184,0.5,5,95,5,5,0,0,0,0,0.1016,1268.852484946305,0.9356706336442586,128386.87076133498,1.067578396532979,0.13010103566827724,0.026020207133655448,0.011339900778801176,0.8403845057566146,5385
1185,0.5,5,95,5,5,0,0,0,0,0.1016,1268.9540849463049,0.9356780225586364,128392.35235756701,1.067454950236735,0.12810559109729133,0.025621118219458273,0.011347754256470886,0.8360043839220631,5385
1186,0.5,5,95,5,5,0,0,0,0,0.1016,1269.0556849463048,0.9356854097758177,128397.83307609102,1.0673315342444718,0.12611014652630545,0.02522202930526109,0.011355608006658637,0.8314602890609335,5385
1187,0.5,5,95,5,5,0,0,0,0,0.1016,1269.1572849463048,0.9356927952963873,128403.31291711779,1.0672081485450322,0.12411470195531957,0.024822940391063912,0.011363462028799391,0.8267447751922424,5385
1188,0.5,5,95,5,5,0,0,0,0,0.1016,1269.2588849463048,0.9357001791209296,128408.79188085804,1.0670847931272647,0.12211925738433368,0.02442385147686674,0.011371316322329645,0.821850029132306,5385
1189,0.5,5,95,5,5,0,0,0,0,0.1016,1269.3604849463047,0.9357075612500287,128414.26996752246,1.066961467980022,0.1201238128133478,0.02402476256266956,0.01137917088668743,0.816767854301396,5385
1190,0.5,5,95,5,5,0,0,0,0,0.1016,1269.4620849463047,0.9357149416842685,128419.7471773216,1.0668381730921634,0.11812836824236192,0.023625673648472383,0.011387025721312312,0.8114896544213166,5385
1191,0.5,5,95,5,5,0,0,0,0,0.1016,1269.5636849463046,0.9357223204242326,128425.22351046599,1.0667149084525545,0.11613292367137604,0.023226584734275205,0.01139488082564538,0.8060064172446789,5385
1192,0.5,5,95,5,5,0,0,0,0,0.1016,1269.6652849463046,0.9357296974705045,128430.69896716608,1.0665916740500645,0.11413747910039014,0.02282749582007803,0.011402736199129243,0.8003086984896426,5385
1193,0.5,5,95,5,5,0,0,0,0,0.1016,1269.7668849463046,0.9357370728236671,128436.17354763228,1.0664684698735691,0.11214203452940424,0.02242840690588085,0.011410591841208031,0.7943866061926788,5385
1194,0.5,5,95,5,5,0,0,0,0,0.1016,1269.8684849463045,0.9357444464843033,128441.64725207488,1.066345295911949,0.11014658995841836,0.022029317991683672,0.01141844775132738,0.7882297857374635,5385
1195,0.5,5,95,5,5,0,0,0,0,0.1016,1269.9700849463045,0.9357518184529956,128447.12008070413,1.0662221521540909,0.10815114538743248,0.021630229077486497,0.011426303928934437,0.7818274058712608,5385
1196,0.5,5,95,5,5,0,0,0,0,0.1016,1270.0716849463045,0.9357591887303263,128452.59203373024,1.0660990385888869,0.1061557008164466,0.021231140163289315,0.011434160373477843,0.7751681460822926,5385
1197,0.5,5,95,5,5,0,0,0,0,0.1016,1270.1732849463044,0.9357665573168773,128458.06311136328,1.0659759552052337,0.10416025624546069,0.020832051249092137,0.011442017084407738,0.7682401857838406,5385
1198,0.5,5,95,5,5,0,0,0,0,0.1016,1270.2748849463044,0.9357739242132306,128463.53331381336,1.0658529019920349,0.10216481167447479,0.020432962334894958,0.01144987406117575,0.7610311958345501,5385
1199,0.5,5,95,5,5,0,0,0,0,0.1016,1270.3764849463043,0.9357812894199674,128469.00264129041,1.0657298789381975,0.1001693671034889,0.02003387342069778,0.011457731303234997,0.7535283330211591,5385
1200,0.5,5,95,5,5,0,0,0,0,0.1016,1270.4780849463043,0.9357886529376691,128474.47109400437,1.065606886032636,0.098173922532503,0.0196347845065006,0.011465588810040075,0.7457182382412033,5385
1201,0.5,5,95,5,5,0,0,0,0,0.1016,1270.5796849463043,0.9357960147669167,128479.93867216508,1.0654839232642694,0.0961784779615171,0.01923569559230342,0.01147344658104706,0.7375870392509075,5385
1202,0.5,5,95,5,5,0,0,0,0,0.1016,1270.6812849463042,0.9358033749082906,128485.40537598231,1.065360990622022,0.0941830333905312,0.01883660667810624,0.011481304615713488,0.7291203589891728,5385
1203,0.5,5,95,5,5,0,0,0,0,0.1016,1270.7828849463042,0.9358107333623713,128490.87120566581,1.0652380880948242,0.09218758881954531,0.01843751776390906,0.011489162913498371,0.7203033306540829,5385
1204,0.5,5,95,5,5,0,0,0,0,0.1016,1270.8844849463042,0.9358180901297392,128496.33616142518,1.0651152156716104,0.09019214424855941,0.018038428849711886,0.011497021473862182,0.7111206208953103,5385
1205,0.5,5,95,5,5,0,0,0,0,0.1016,1270.9860849463041,0.9358254452109739,128501.80024347003,1.0649923733413218,0.08819669967757353,0.017639339935514704,0.011504880296266843,0.7015564626956697,5385
1206,0.5,5,95,5,5,0,0,0,0,0.1016,1271.087684946304,0.935832798606655,128507.26345200985,1.0648695610929049,0.08620125510658763,0.017240251021317526,0.011512739380175732,0.6915946997489303,5385
1207,0.5,5,95,5,5,0,0,0,0,0.1016,1271.189284946304,0.9358401503173621,128512.72578725411,1.064746778915311,0.08420581053560174,0.016841162107120347,0.011520598725053673,0.6812188443993334,5385
1208,0.5,5,95,5,5,0,0,0,0,0.1016,1271.290884946304,0.9358475003436741,128518.18724941216,1.0646240267974976,0.08221036596461584,0.01644207319292317,0.011528458330366934,0.6704121514907543,5385
1209,0.5,4,96,5,4,0,1,0,0,0.09951187678077267,1271.3903968230848,0.9358319397035577,128520.71276320744,1.0645252981922753,0.08025680384814032,0.02006420096203508,0.009247019996548263,0.824808515880461,5385
1210,0.5,4,96,4,4,0,0,0,0,0.08127999999999999,1271.4716768230849,0.935837819264689,128525.08080110229,1.0644261426509407,0.0786689269282464,0.0196672317320616,0.00925466848289778,0.818712901974952,5385
1211,0.5,4,96,4,4,0,0,0,0,0.08127999999999999,1271.552956823085,0.9358436977484597,128529.44828057113,1.0643270065242696,0.07708105000835247,0.019270262502088117,0.009262316969247298,0.8123294190157896,5385
1212,0.5,4,96,4,4,0,0,0,0,0.08127999999999999,1271.634236823085,0.9358495751551656,128533.81520172105,1.0642278898065607,0.07549317308845854,0.018873293272114636,0.009269965455596815,0.805641808148246,5385
1213,0.5,4,96,4,4,0,0,0,0,0.08127999999999999,1271.7155168230852,0.9358554514851032,128538.1815646591,1.064128792492115,0.07390529616856462,0.018476324042141154,0.009277613941946334,0.7986328502511818,5385
1214,0.5,4,96,4,4,0,0,0,0,0.08127999999999999,1271.7967968230853,0.9358613267385679,128542.54736949228,1.064029714575235,0.0723174192486707,0.018079354812167676,0.009285262428295851,0.7912843230134705,5385
1215,0.5,4,96,4,4,0,0,0,0,0.08127999999999999,1271.8780768230854,0.9358672009158557,128546.91261632764,1.063930656050226,0.07072954232877678,0.017682385582194194,0.009292910914645368,0.7835769603206492,5385
1216,0.5,4,96,4,4,0,0,0,0,0.08127999999999999,1271.9593568230855,0.9358730740172623,128551.27730527209,1.0638316169113953,0.06914166540888285,0.017285416352220712,0.009300559400994887,0.7754904152660846,5385
1217,0.5,4,96,4,4,0,0,0,0,0.08127999999999999,1272.0406368230856,0.9358789460430831,128555.64143643262,1.0637325971530527,0.06755378848898892,0.01688844712224723,0.009308207887344405,0.7670032284256465,5385
1218,0.5,4,96,4,4,0,0,0,0,0.08127999999999999,1272.1219168230857,0.9358848169936137,128560.00500991612,1.06363359676951,0.065965911569095,0.01649147789227375,0.009315856373693922,0.7580928034247875,5385
1219,0.5,4,96,4,4,0,0,0,0,0.08127999999999999,1272.2031968230858,0.9358906868691492,128564.36802582949,1.0635346157550811,0.06437803464920108,0.01609450866230027,0.00932350486004344,0.7487353922928242,5385
1220,0.5,4,96,4,4,0,0,0,0,0.08127999999999999,1272.284476823086,0.9358965556699851,128568.73048427959,1.0634356541040824,0.06279015772930716,0.01569753943232679,0.009331153346392958,0.7389060936529234,5385
1221,0.5,4,96,4,4,0,0,0,0,0.08127999999999999,1272.365756823086,0.9359024233964164,128573.09238537325,1.0633367118108323,0.06120228080941322,0.015300570202353305,0.009338801832742476,0.7285788674505524,5385
1222,0.5,4,96,4,4,0,0,0,0,0.08127999999999999,1272.4470368230861,0.9359082900487381,128577.45372921729,1.0632377888696523,0.0596144038895193,0.014903600972379825,0.009346450319091993,0.7177265706909709,5385
1223,0.5,4,96,4,4,0,0,0,0,0.08127999999999999,1272.5283168230862,0.9359141556272451,128581.81451591846,1.0631388852748642,0.058026526969625375,0.014506631742406344,0.00935409880544151,0.7063210195505921,5385
1224,0.5,4,96,4,4,0,0,0,0,0.08127999999999999,1272.6095968230863,0.9359200201322322,128586.17474558354,1.0630400010207937,0.05643865004973145,0.014109662512432862,0.009361747291791029,0.6943330842591767,5385
1225,0.5,4,96,4,4,0,0,0,0,0.08127999999999999,1272.6908768230865,0.9359258835639941,128590.53441831925,1.0629411361017684,0.05485077312983752,0.01371269328245938,0.009369395778140546,0.6817328243282884,5385
1226,0.5,4,96,4,4,0,0,0,0,0.08127999999999999,1272.7721568230866,0.9359317459228254,128594.89353423228,1.062842290512118,0.0532628962099436,0.0133157240524859,0.009377044264490063,0.6684896730295186,5385
1227,0.5,4,96,4,4,0,0,0,0,0.08127999999999999,1272.8534368230867,0.9359376072090204,128599.2520934293,1.0627434642461737,0.05167501929004968,0.01291875482251242,0.009384692750839582,0.6545726814982968,5385
1228,0.5,4,96,4,4,0,0,0,0,0.08127999999999999,1272.9347168230868,0.9359434674228737,128603.61009601696,1.06264465729827,0.050087142370155754,0.012521785592538939,0.009392341237189098,0.639950834437359,5385
1229,0.5,4,96,4,4,0,0,0,0,0.08127999999999999,1273.0159968230869,0.9359493265646796,128607.96754210186,1.0625458696627432,0.048499265450261834,0.012124816362565459,0.009399989723538615,0.6245934510810269,5385
1230,0.5,4,96,4,4,0,0,0,0,0.08127999999999999,1273.097276823087,0.9359551846347319,128612.3244317906,1.0624471013339318,0.04691138853036791,0.011727847132591977,0.009407638209888132,0.6084706867936096,5385
1231,0.5,4,96,4,4,0,0,0,0,0.08127999999999999,1273.178556823087,0.9359610416333249,128616.68076518975,1.0623483523061763,0.04532351161047399,0.011330877902618497,0.00941528669623765,0.591554152312676,5385
1232,0.5,4,96,4,4,0,0,0,0,0.08127999999999999,1273.2598368230872,0.9359668975607526,128621.03654240584,1.0622496225738196,0.04373563469058006,0.010933908672645015,0.009422935182587168,0.5738176690628221,5385
1233,0.5,4,96,4,4,0,0,0,0,0.08127999999999999,1273.3411168230873,0.9359727524173086,128625.39176354537,1.0621509121312072,0.042147757770686134,0.010536939442671533,0.009430583668936683,0.5552381799484748,5385
1234,0.5,4,96,4,4,0,0,0,0,0.08127999999999999,1273.4223968230874,0.9359786062032868,128629.74642871482,1.0620522209726861,0.0405598808507922,0.010139970212698052,0.009438232155286202,0.5357968352990823,5385
1235,0.5,3,97,4,3,0,1,0,0,0.06745538248938157,1273.4898522055769,0.93596160438807,128632.35597542567,1.061977946804978,0.039247599214246844,0.013082533071415615,0.008623010872608009,0.6971340353259708,5385
1236,0.5,3,97,3,3,0,0,0,0,0.06095999999999999,1273.550812205577,0.9359659947895242,128635.62131163361,1.061903207735852,0.03806480374802361,0.01268826791600787,0.008629993067646585,0.6837086636273076,5385
1237,0.5,3,97,3,3,0,0,0,0,0.06095999999999999,1273.611772205577,0.9359703845890176,128638.88633525823,1.0618284796150994,0.03688200828180038,0.01229400276060013,0.00863697526268516,0.6695428691322233,5385
1238,0.5,3,97,3,3,0,0,0,0,0.06095999999999999,1273.672732205577,0.9359747737866739,128642.15104634441,1.0617537624403142,0.035699212815577155,0.011899737605192385,0.008643957457723736,0.6545978451287373,5385
1239,0.5,3,97,3,3,0,0,0,0,0.06095999999999999,1273.733692205577,0.935979162382617,128645.41544493703,1.0616790562090916,0.034516417349353935,0.011505472449784643,0.008650939652762311,0.6388346300254981,5385
1240,0.5,3,97,3,3,0,0,0,0,0.06095999999999999,1273.794652205577,0.9359835503769706,128648.67953108095,1.0616043609190282,0.03333362188313071,0.011111207294376903,0.008657921847800887,0.6222146812515352,5385
1241,0.5,3,97,3,3,0,0,0,0,0.06095999999999999,1273.855612205577,0.9359879377698581,128651.94330482105,1.0615296765677196,0.032150826416907474,0.010716942138969161,0.008664904042839462,0.604700606791041,5385
1242,0.5,3,97,3,3,0,0,0,0,0.06095999999999999,1273.916572205577,0.9359923245614035,128655.20676620214,1.0614550031527634,0.03096803095068425,0.010322676983561417,0.008671886237878039,0.5862570833570727,5385
1243,0.5,3,97,3,3,0,0,0,0,0.06095999999999999,1273.977532205577,0.9359967107517303,128658.46991526909,1.0613803406717581,0.029785235484461024,0.009928411828153674,0.008678868432916615,0.5668519928065447,5385
1244,0.5,3,97,3,3,0,0,0,0,0.06095999999999999,1274.038492205577,0.9360010963409621,128661.73275206672,1.0613056891223018,0.028602440018237793,0.00953414667274593,0.00868585062795519,0.5464578101070536,5385
1245,0.5,3,97,3,3,0,0,0,0,0.06095999999999999,1274.099452205577,0.9360054813292223,128664.99527663985,1.061231048501994,0.027419644552014566,0.009139881517338189,0.008692832822993766,0.5250532763501858,5385
1246,0.5,3,97,3,3,0,0,0,0,0.06095999999999999,1274.1604122055771,0.9360098657166347,128668.25748903329,1.0611564188084353,0.02623684908579134,0.008745616361930447,0.008699815018032343,0.5026253881148114,5385
1247,0.5,3,97,3,3,0,0,0,0,0.06095999999999999,1274.2213722055772,0.9360142495033226,128671.51938929186,1.0610818000392257,0.02505405361956811,0.008351351206522703,0.008706797213070917,0.47917172881961734,5385
1248,0.5,3,97,3,3,0,0,0,0,0.06095999999999999,1274.2823322055772,0.9360186326894095,128674.78097746034,1.061007192191967,0.02387125815334488,0.00795708605111496,0.008713779408109494,0.4547031572135602,5385
1249,0.5,3,97,3,3,0,0,0,0,0.06095999999999999,1274.3432922055772,0.9360230152750189,128678.04225358352,1.0609325952642619,0.02268846268712165,0.007562820895707218,0.008720761603148068,0.4292468512586739,5385
1250,0.5,3,97,3,3,0,0,0,0,0.06095999999999999,1274.4042522055772,0.936027397260274,128681.3032177062,1.0608580092537128,0.021505667220898424,0.0071685557402994746,0.008727743798186647,0.4028496806581502,5385
1251,0.5,3,97,3,3,0,0,0,0,0.06095999999999999,1274.4652122055772,0.9360317786452983,128684.56386987312,1.0607834341579232,0.020322871754675197,0.006774290584891732,0.008734725993225221,0.37558184654215554,5385
1252,0.5,2,98,3,2,0,1,0,0,0.04664746744043368,1274.5118596730176,0.9360133315070995,128686.13089412765,1.060733227916393,0.0194215273272993,0.00971076366364965,0.00901913197151137,0.5368763338609557,5385
1253,0.5,2,98,2,2,0,0,0,0,0.040639999999999996,1274.5524996730176,0.9360162527392257,128688.30435943503,1.0606830265724354,0.018638317684589546,0.009319158842294773,0.009026335751041347,0.5159575151067665,5385
1254,0.5,1,99,2,1,0,1,0,0,0.035239851781199684,1274.5877395247987,0.9359963478657841,128687.88464978695,1.0606576799680925,0.017961093551511223,0.017961093551511223,0.0,1.0,5385
1255,0.5,1,99,1,1,0,0,0,0,0.020319999999999998,1274.6080595247988,0.9359978087694871,128688.97130711158,1.060632334599958,0.017576692509686326,0.017576692509686326,0.0,1.0,5385
1256,0.5,1,99,1,1,0,0,0,0,0.020319999999999998,1274.628379524799,0.9359992696065005,128690.05792978943,1.0606069904679418,0.01719229146786143,0.01719229146786143,0.0,1.0,5385
1257,0.5,1,99,1,1,0,0,0,0,0.020319999999999998,1274.648699524799,0.9360007303768288,128691.14451782218,1.0605816475719536,0.01680789042603653,0.01680789042603653,0.0,1.0,5385
1258,0.5,1,99,1,1,0,0,0,0,0.020319999999999998,1274.669019524799,0.9360021910804766,128692.23107121147,1.0605563059119025,0.016423489384211634,0.016423489384211634,0.0,1.0,5385
1259,0.5,1,99,1,1,0,0,0,0,0.020319999999999998,1274.6893395247992,0.9360036517174484,128693.31758995896,1.0605309654876987,0.016039088342386737,0.016039088342386737,0.0,1.0,5385
1260,0.5,1,99,1,1,0,0,0,0,0.020319999999999998,1274.7096595247992,0.9360051122877487,128694.4040740663,1.0605056262992512,0.01565468730056184,0.01565468730056184,0.0,1.0,5385
1261,0.5,1,99,1,1,0,0,0,0,0.020319999999999998,1274.7299795247993,0.9360065727913823,128695.49052353518,1.06048028834647,0.015270286258736943,0.015270286258736943,0.0,1.0,5385
1262,0.5,1,99,1,1,0,0,0,0,0.020319999999999998,1274.7502995247994,0.9360080332283537,128696.57693836722,1.0604549516292645,0.014885885216912045,0.014885885216912045,0.0,1.0,5385
1263,0.5,1,99,1,1,0,0,0,0,0.020319999999999998,1274.7706195247995,0.9360094935986673,128697.66331856408,1.0604296161475444,0.014501484175087148,0.014501484175087148,0.0,1.0,5385
1264,0.5,1,99,1,1,0,0,0,0,0.020319999999999998,1274.7909395247996,0.9360109539023277,128698.74966412743,1.0604042819012194,0.014117083133262251,0.014117083133262251,0.0,1.0,5385
1265,0.5,1,99,1,1,0,0,0,0,0.020319999999999998,1274.8112595247997,0.9360124141393396,128699.83597505893,1.0603789488901991,0.013732682091437354,0.013732682091437354,0.0,1.0,5385
1266,0.5,1,99,1,1,0,0,0,0,0.020319999999999998,1274.8315795247997,0.9360138743097075,128700.92225136023,1.0603536171143932,0.013348281049612457,0.013348281049612457,0.0,1.0,5385
1267,0.5,1,99,1,1,0,0,0,0,0.020319999999999998,1274.8518995247998,0.9360153344134359,128702.00849303298,1.0603282865737114,0.01296388000778756,0.01296388000778756,0.0,1.0,5385
1268,0.5,1,99,1,1,0,0,0,0,0.020319999999999998,1274.8722195248,0.9360167944505294,128703.09470007883,1.0603029572680631,0.012579478965962662,0.012579478965962662,0.0,1.0,5385
1269,0.5,1,99,1,1,0,0,0,0,0.020319999999999998,1274.8925395248,0.9360182544209926,128704.18087249945,1.0602776291973581,0.012195077924137765,0.012195077924137765,0.0,1.0,5385
1270,0.5,1,99,1,1,0,0,0,0,0.020319999999999998,1274.9128595248,0.93601971432483,128705.26701029648,1.0602523023615062,0.011810676882312868,0.011810676882312868,0.0,1.0,5385
1271,0.5,1,99,1,1,0,0,0,0,0.020319999999999998,1274.9331795248002,0.9360211741620462,128706.35311347159,1.060226976760417,0.01142627584048797,0.01142627584048797,0.0,1.0,5385
1272,0.5,1,99,1,1,0,0,0,0,0.020319999999999998,1274.9534995248002,0.9360226339326458,128707.43918202644,1.0602016523940005,0.011041874798663073,0.011041874798663073,0.0,1.0,5385
1273,0.5,1,99,1,1,0,0,0,0,0.020319999999999998,1274.9738195248003,0.9360240936366333,128708.52521596267,1.060176329262166,0.010657473756838176,0.010657473756838176,0.0,1.0,5385
1274,0.5,1,99,1,1,0,0,0,0,0.020319999999999998,1274.9941395248004,0.9360255532740133,128709.61121528194,1.0601510073648233,0.010273072715013279,0.010273072715013279,0.0,1.0,5385
1275,0.5,1,99,1,1,0,0,0,0,0.020319999999999998,1275.0144595248005,0.9360270128447902,128710.69717998592,1.0601256867018822,0.009888671673188382,0.009888671673188382,0.0,1.0,5385
1276,0.5,1,99,1,1,0,0,0,0,0.020319999999999998,1275.0347795248006,0.9360284723489688,128711.78311007623,1.0601003672732525,0.009504270631363484,0.009504270631363484,0.0,1.0,5385
1277,0.5,1,99,1,1,0,0,0,0,0.020319999999999998,1275.0550995248007,0.9360299317865535,128712.86900555456,1.060075049078844,0.009119869589538587,0.009119869589538587,0.0,1.0,5385
1278,0.5,1,99,1,1,0,0,0,0,0.020319999999999998,1275.0754195248007,0.936031391157549,128713.95486642254,1.060049732118566,0.00873546854771369,0.00873546854771369,0.0,1.0,5385
1279,0.5,1,99,1,1,0,0,0,0,0.020319999999999998,1275.0957395248008,0.9360328504619596,128715.04069268185,1.060024416392329,0.008351067505888793,0.008351067505888793,0.0,1.0,5385
1280,0.5,1,99,1,1,0,0,0,0,0.020319999999999998,1275.116059524801,0.9360343096997902,128716.12648433413,1.059999101900042,0.007966666464063896,0.007966666464063896,0.0,1.0,5385
1281,0.5,1,99,1,1,0,0,0,0,0.020319999999999998,1275.136379524801,0.936035768871045,128717.21224138103,1.0599737886416156,0.0075822654222389985,0.0075822654222389985,0.0,1.0,5385
1282,0.5,1,99,1,1,0,0,0,0,0.020319999999999998,1275.156699524801,0.9360372279757289,128718.29796382421,1.059948476616959,0.007197864380414101,0.007197864380414101,0.0,1.0,5385
1283,0.5,1,99,1,1,0,0,0,0,0.020319999999999998,1275.1770195248012,0.9360386870138461,128719.38365166532,1.0599231658259822,0.006813463338589204,0.006813463338589204,0.0,0.9999999999999999,5385
1284,0.5,1,99,1,1,0,0,0,0,0.020319999999999998,1275.1973395248012,0.9360401459854014,128720.46930490602,1.0598978562685948,0.006429062296764307,0.006429062296764307,0.0,1.0,5385
1285,0.5,1,99,1,1,0,0,0,0,0.020319999999999998,1275.2176595248013,0.9360416048903994,128721.55492354797,1.059872547944707,0.00604466125493941,0.00604466125493941,0.0,1.0,5385
1286,0.5,1,99,1,1,0,0,0,0,0.020319999999999998,1275.2379795248014,0.9360430637288445,128722.6405075928,1.0598472408542283,0.0056602602131145124,0.0056602602131145124,0.0,1.0,5385
1287,0.5,1,99,1,1,0,0,0,0,0.020319999999999998,1275.2582995248015,0.9360445225007413,128723.7260570422,1.0598219349970688,0.005275859171289615,0.005275859171289615,0.0,1.0,5385
1288,0.5,1,99,1,1,0,0,0,0,0.020319999999999998,1275.2786195248016,0.9360459812060943,128724.81157189778,1.059796630373138,0.004891458129464718,0.004891458129464718,0.0,1.0,5385
1289,0.5,1,99,1,1,0,0,0,0,0.020319999999999998,1275.2989395248017,0.9360474398449082,128725.89705216122,1.059771326982346,0.004507057087639821,0.004507057087639821,0.0,1.0,5385
1290,0.5,1,99,1,1,0,0,0,0,0.020319999999999998,1275.3192595248017,0.9360488984171874,128726.98249783418,1.059746024824603,0.004122656045814924,0.004122656045814924,0.0,1.0,5385
1291,0.5,1,99,1,1,0,0,0,0,0.020319999999999998,1275.3395795248018,0.9360503569229366,128728.0679089183,1.059720723899818,0.0037382550039900264,0.0037382550039900264,0.0,1.0,5385
1292,0.5,1,99,1,1,0,0,0,0,0.020319999999999998,1275.359899524802,0.9360518153621602,128729.15328541523,1.0596954242079017,0.003353853962165129,0.003353853962165129,0.0,1.0,5385
1293,0.5,1,99,1,1,0,0,0,0,0.020319999999999998,1275.380219524802,0.9360532737348628,128730.23862732665,1.0596701257487635,0.002969452920340232,0.002969452920340232,0.0,1.0,5385
1294,0.5,1,99,1,1,0,0,0,0,0.020319999999999998,1275.400539524802,0.936054732041049,128731.32393465418,1.0596448285223135,0.002585051878515335,0.002585051878515335,0.0,1.0,5385
1295,0.5,1,99,1,1,0,0,0,0,0.020319999999999998,1275.4208595248022,0.9360561902807234,128732.40920739948,1.0596195325284616,0.0022006508366904376,0.0022006508366904376,0.0,1.0,5385
1296,0.5,1,99,1,1,0,0,0,0,0.020319999999999998,1275.4411795248022,0.9360576484538904,128733.49444556421,1.0595942377671177,0.0018162497948655404,0.0018162497948655404,0.0,1.0,5385
1297,0.5,1,99,1,1,0,0,0,0,0.020319999999999998,1275.4614995248023,0.9360591065605546,128734.57964915004,1.0595689442381917,0.0014318487530406432,0.0014318487530406432,0.0,1.0,5385
1298,0.5,1,99,1,1,0,0,0,0,0.020319999999999998,1275.4818195248024,0.9360605646007206,128735.66481815858,1.0595436519415935,0.001047447711215746,0.001047447711215746,0.0,1.0,5385
1299,0.5,1,99,1,1,0,0,0,0,0.020319999999999998,1275.5021395248025,0.9360620225743929,128736.74995259152,1.059518360877233,0.0006630466693908488,0.0006630466693908488,0.0,1.0,5385
1300,0.5,1,99,1,1,0,0,0,0,0.020319999999999998,1275.5224595248026,0.9360634804815761,128737.8350524505,1.0594930710450203,0.0002786456275659514,0.0002786456275659514,0.0,0.9999999999999998,5385
1301,0.5,0,100,1,0,0,1,0,0,0.014729614480908003,1275.5371891392836,0.9360421369450714,128736.3484170975,1.0594930710450203,0.0,0.0,0.0,0.0,5385
