round,lambda_energy,alive_nodes,dead_nodes,generated_round,delivered_round,channel_drops_round,energy_drops_round,route_drops_round,fallback_direct_round,round_airtime_s,elapsed_channel_time_s,pdr,goodput_bps,average_delay_s,residual_energy_j,mean_alive_energy_j,std_alive_energy_j,jain_energy_fairness,route_changes_total
1,0.25,100,0,100,100,0,0,0,0,2.5034239999999945,2.5034239999999945,1.0,159781.16371817194,1.3304428345455868,49.86179939821649,0.4986179939821649,0.0023675415023194668,0.9999774550375629,0
2,0.25,100,0,100,100,0,0,0,0,2.499359999999995,5.0027839999999895,1.0,159910.96157659448,1.320851792451686,49.73382315626524,0.4973382315626524,0.0032906938317715695,0.9999562223696363,23
3,0.25,100,0,100,100,0,0,0,0,2.4993599999999945,7.5021439999999835,1.0,159954.2744047572,1.3192126454913424,49.60186234553013,0.4960186234553013,0.004385709691210919,0.9999218282481775,46
4,0.25,100,0,100,100,0,0,0,0,2.4993599999999945,10.001503999999978,1.0,159975.9396186817,1.3144814715991282,49.47028597011787,0.4947028597011787,0.005521763489992989,0.9998754302317078,69
5,0.25,100,0,100,100,0,0,0,0,2.4993599999999945,12.500863999999972,1.0,159988.94156435944,1.312577487332286,49.34352819926473,0.4934352819926473,0.006559882787406092,0.9998232924889062,88
6,0.25,100,0,100,100,0,0,0,0,2.4993599999999945,15.000223999999966,1.0,159997.6107023472,1.3087004311521573,49.21505191710928,0.49215051917109276,0.007679055189353389,0.9997566037044526,106
7,0.25,100,0,100,100,0,0,0,0,2.4993599999999945,17.49958399999996,1.0,160003.80351898688,1.3065987624737236,49.08906739837797,0.4908906739837797,0.008754528475826315,0.9996820507162131,124
8,0.25,100,0,100,100,0,0,0,0,2.4993599999999945,19.998943999999955,1.0,160008.4484460783,1.3056067110256349,48.96049312599828,0.48960493125998283,0.009918607696306267,0.9995897659912382,142
9,0.25,100,0,100,100,0,0,0,0,2.499359999999994,22.498303999999948,1.0,160012.06135360285,1.30309662644224,48.83380004776595,0.48833800047765946,0.011015790703414137,0.999491408174381,162
10,0.25,100,0,100,100,0,0,0,0,2.503423999999994,25.001727999999943,1.0,159988.94156435944,1.3018851028516643,48.70619101257722,0.4870619101257722,0.01215038898924078,0.999378069517101,182
11,0.25,100,0,100,100,0,0,0,0,2.499359999999994,27.50108799999994,1.0,159993.67006861727,1.2991721980523836,48.575876857220464,0.4857587685722046,0.013401905733572148,0.9992393911645595,198
12,0.25,100,0,100,100,0,0,0,0,2.499359999999994,30.000447999999935,1.0,159997.61070234718,1.2973009106732032,48.44956819920255,0.48449568199202553,0.014487904734993493,0.9991066057108721,219
13,0.25,100,0,100,100,0,0,0,0,2.499359999999994,32.49980799999993,1.0,160000.94523635373,1.296077021497093,48.32057560454141,0.4832057560454141,0.015673549643608935,0.9989489730933167,239
14,0.25,100,0,100,100,0,0,0,0,2.503423999999994,35.003231999999926,1.0,159985.22650708404,1.2956114478087497,48.19415095289211,0.48194150952892106,0.016781878644582512,0.9987889384688562,258
15,0.25,100,0,100,100,0,0,0,0,2.4993599999999936,37.50259199999992,1.0,159988.9415643594,1.2952865213532094,48.06604492334637,0.4806604492334637,0.017942709525342694,0.9986084637659229,278
16,0.25,100,0,100,100,0,0,0,0,2.4993599999999936,40.00195199999992,1.0,159992.19238101214,1.2952943107062345,47.93763794834372,0.4793763794834372,0.01908996552263031,0.9984166794313427,301
17,0.25,100,0,100,100,0,0,0,0,2.5074879999999937,42.50943999999991,1.0,159964.46906851782,1.294485993063838,47.80782769734406,0.4780782769734406,0.020285080642305105,0.9982028915776697,321
18,0.25,100,0,100,100,0,0,0,0,2.4993599999999936,45.00879999999991,1.0,159968.71722863117,1.2927989017733272,47.680599798316024,0.47680599798316026,0.021410604505725826,0.9979876680920443,340
19,0.25,100,0,100,100,0,0,0,0,2.5034239999999937,47.512223999999904,1.0,159958.83501475357,1.2917278833615475,47.55268127178905,0.4755268127178905,0.022553182213822666,0.997755653873588,358
20,0.25,100,0,100,100,0,0,0,0,2.4993599999999936,50.0115839999999,1.0,159962.93978611068,1.290814766678271,47.42256472233258,0.47422564722332583,0.023780786681383562,0.9974916298803189,380
21,0.25,100,0,100,100,0,0,0,0,2.4993599999999936,52.510943999999895,1.0,159966.653808395,1.29021116590816,47.29527275649037,0.4729527275649037,0.02491299056522102,0.997232976233239,402
22,0.25,100,0,100,100,0,0,0,0,2.5034239999999937,55.01436799999989,1.0,159958.2130980768,1.289889652499552,47.165245695448974,0.47165245695448976,0.026118065317892396,0.9969429109141332,423
23,0.25,100,0,100,100,0,0,0,0,2.4993599999999936,57.51372799999989,1.0,159961.80946573344,1.2897851610851991,47.03973636349022,0.4703973636349022,0.027203264031450514,0.996666793161853,445
24,0.25,100,0,100,100,0,0,0,0,2.499359999999994,60.01308799999988,1.0,159965.10627815084,1.289884110666166,46.911669466700694,0.46911669466700695,0.02835805132054873,0.9963591156053384,462
25,0.25,100,0,100,100,0,0,0,0,2.503423999999994,62.51651199999988,1.0,159957.74044463676,1.2893671698762321,46.78443306463567,0.4678443306463567,0.029482483747934097,0.996044475085173,483
26,0.25,100,0,100,100,0,0,0,0,2.499359999999994,65.01587199999987,1.0,159960.93999939,1.2890525537495594,46.65700737330026,0.4665700737330026,0.03052294897515382,0.9957384801715855,500
27,0.25,100,0,100,100,0,0,0,0,2.499359999999994,67.51523199999987,1.0,159963.90266421688,1.288934338824471,46.53059915527011,0.4653059915527011,0.03162958845167121,0.9954005313726851,521
28,0.25,100,0,100,100,0,0,0,0,2.511551999999994,70.02678399999986,1.0,159938.80284435197,1.2891583963478759,46.40421416670164,0.4640421416670164,0.03259106510890573,0.9950915395437817,543
29,0.25,100,0,100,100,0,0,0,0,2.4993599999999936,72.52614399999986,1.0,159942.32369502538,1.289367001677648,46.27523212067857,0.46275232120678567,0.03376259726985417,0.9947049657811797,565
30,0.25,100,0,100,100,0,0,0,0,2.499359999999994,75.02550399999986,1.0,159945.60996218064,1.2897174866350432,46.146051426147906,0.46146051426147905,0.03496025421541889,0.9942931753169126,587
31,0.25,100,0,100,100,0,0,0,0,2.503423999999994,77.52892799999985,1.0,159940.2999613257,1.289572100280064,46.020289942871415,0.4602028994287142,0.03592200055826327,0.9939440224614625,607
32,0.25,100,0,100,100,0,0,0,0,2.499359999999994,80.02828799999985,1.0,159943.44399820254,1.2889163705705908,45.89408453289281,0.4589408453289281,0.03702517488724221,0.9935335880494508,626
33,0.25,100,0,100,100,0,0,0,0,2.507487999999994,82.53577599999984,1.0,159930.64631754387,1.2885146657099753,45.768454082320666,0.45768454082320664,0.037962469162535435,0.9931671988030735,645
34,0.25,100,0,100,100,0,0,0,0,2.4993599999999936,85.03513599999984,1.0,159933.88897502352,1.288203527002105,45.642376902845314,0.45642376902845316,0.038955129859712494,0.9927682949295059,668
35,0.25,100,0,100,100,0,0,0,0,2.5074879999999937,87.54262399999983,1.0,159922.0969204673,1.2874944785117661,45.515941955645495,0.45515941955645495,0.03992248354005943,0.9923655158891064,688
36,0.25,100,0,100,100,0,0,0,0,2.4993599999999936,90.04198399999983,1.0,159925.39657944484,1.2869241638035673,45.39075886172082,0.4539075886172082,0.0409105082844576,0.9919421126402541,707
37,0.25,100,0,100,100,0,0,0,0,2.503423999999994,92.54540799999982,1.0,159921.4949703396,1.2865197774844885,45.26475413602199,0.4526475413602199,0.041881360076147234,0.9915117320738626,727
38,0.25,100,0,100,100,0,0,0,0,2.499359999999994,95.04476799999982,1.0,159924.63677748185,1.285716371509207,45.13842949429317,0.4513842949429317,0.042980694351572854,0.9910146696541375,746
39,0.25,100,0,100,100,0,0,0,0,2.499359999999994,97.54412799999982,1.0,159927.61758042502,1.2850740017488755,45.01276169511609,0.4501276169511609,0.043984749015950876,0.9905418597200109,769
40,0.25,100,0,100,100,0,0,0,0,2.5115519999999942,100.05567999999981,1.0,159910.96157659445,1.28479293445258,44.88625968644197,0.44886259686441965,0.044967347161810445,0.9900635608868683,789
41,0.25,100,0,100,100,0,0,0,0,2.503423999999994,102.5591039999998,1.0,159907.79326621292,1.2840319504301752,44.76022557566365,0.4476022557566365,0.045987440826135824,0.9895543944299386,809
42,0.25,100,0,100,100,0,0,0,0,2.507487999999994,105.0665919999998,1.0,159898.590790877,1.2833604227898072,44.6337933988101,0.446337933988101,0.04698462780137867,0.9890403173305198,831
43,0.25,100,0,100,100,0,0,0,0,2.499359999999994,107.5659519999998,1.0,159901.89906932664,1.2827947932115076,44.50608043526507,0.4450608043526507,0.048127095034142434,0.9884417606074911,852
44,0.25,100,0,100,100,0,0,0,0,2.503423999999994,110.06937599999979,1.0,159899.15305779543,1.2819140522356864,44.37954714053125,0.4437954714053125,0.04923397047076352,0.9878422948715533,868
45,0.25,100,0,100,100,0,0,0,0,2.507487999999994,112.57686399999979,1.0,159890.75694984748,1.2812711397206786,44.252945334401886,0.4425294533440189,0.0502443731459691,0.9872729502933335,890
46,0.25,100,0,100,100,0,0,0,0,2.507487999999994,115.08435199999978,1.0,159882.72671509706,1.280741877319664,44.12590369240513,0.44125903692405133,0.05128628654790696,0.9866713004173319,911
47,0.25,100,0,100,100,0,0,0,0,2.499359999999994,117.58371199999978,1.0,159886.0903455747,1.2798131724875599,44.00077919901087,0.4400077919901087,0.05227842507093311,0.9860800893919338,932
48,0.25,100,0,100,100,0,0,0,0,2.507487999999994,120.09119999999977,1.0,159878.49234581747,1.2790933436775114,43.874786903175824,0.4387478690317582,0.053299678840917124,0.9854569069831032,952
49,0.25,100,0,100,100,0,0,0,0,2.499359999999994,122.59055999999977,1.0,159881.8049285364,1.2784269478843189,43.74899198292807,0.4374899198292807,0.05430644964707443,0.9848251002934177,973
50,0.25,100,0,100,100,0,0,0,0,2.4993599999999945,125.08991999999976,1.0,159884.9851370921,1.2778806799356317,43.622858143880286,0.4362285814388029,0.0553827513288166,0.9841373215008508,996
51,0.25,100,0,100,100,0,0,0,0,2.5034239999999945,127.59334399999976,1.0,159882.94812619724,1.2770785260096256,43.49693563673545,0.4349693563673545,0.056407544009505046,0.9834608144961478,1019
52,0.25,100,0,100,100,0,0,0,0,2.5034239999999945,130.09676799999974,1.0,159880.98951082354,1.2763869410852733,43.370628601879694,0.43370628601879696,0.057438540802106225,0.9827629033068975,1037
53,0.25,100,0,100,100,0,0,0,0,2.4993599999999945,132.59612799999974,1.0,159884.00505933358,1.275407835590713,43.24386019138205,0.4324386019138205,0.05847840765572937,0.9820414208265907,1059
54,0.25,100,0,100,100,0,0,0,0,2.503423999999995,135.09955199999973,1.0,159882.09938697683,1.2741940599130366,43.11872634988366,0.43118726349883657,0.05948511067010937,0.9813234406396325,1081
55,0.25,100,0,100,100,0,0,0,0,2.499359999999995,137.59891199999973,1.0,159884.9851370921,1.2730909233758396,42.99183168937958,0.4299183168937958,0.06048916616882468,0.9805880179852614,1100
56,0.25,100,0,100,100,0,0,0,0,2.499359999999995,140.09827199999972,1.0,159887.767923362,1.2721106417109391,42.86574992278039,0.4286574992278039,0.061557544662137295,0.9797941753803833,1122
57,0.25,100,0,100,100,0,0,0,0,2.503423999999995,142.60169599999972,1.0,159885.89644824452,1.2712581565895968,42.74052181402587,0.42740521814025867,0.0625711819857361,0.9790173911672458,1142
58,0.25,100,0,100,100,0,0,0,0,2.499359999999995,145.10105599999972,1.0,159888.56759250633,1.2705044357797388,42.61531736988487,0.4261531736988487,0.06358615706155273,0.9782213556731951,1164
59,0.25,100,0,100,100,0,0,0,0,2.499359999999995,147.6004159999997,1.0,159891.14827427076,1.2698554783964584,42.4886020918634,0.424886020918634,0.0645982063053876,0.9774071232737384,1183
60,0.25,100,0,100,100,0,0,0,0,2.503423999999995,150.1038399999997,1.0,159889.31395759128,1.2693189155986493,42.362428650485775,0.4236242865048577,0.06562688662193888,0.9765629921972957,1205
61,0.25,100,0,100,100,0,0,0,0,2.499359999999995,152.6031999999997,1.0,159891.7978128902,1.2688639030464863,42.237133917259534,0.42237133917259534,0.06665337680389222,0.9757018853943984,1228
62,0.25,100,0,100,100,0,0,0,0,2.499359999999995,155.1025599999997,1.0,159894.20161730438,1.2684989489648502,42.10958345895253,0.42109583458952526,0.06767823888577575,0.9748197223657947,1249
63,0.25,100,0,100,100,0,0,0,0,2.5074879999999946,157.6100479999997,1.0,159888.28326478304,1.2683158816763582,41.983342347134815,0.41983342347134817,0.06870536383100512,0.9739174871100356,1267
64,0.25,100,0,100,100,0,0,0,0,2.4993599999999945,160.1094079999997,1.0,159890.6667620684,1.2681169452359218,41.857601333745755,0.41857601333745753,0.06978988550336365,0.972952451165946,1287
65,0.25,100,0,100,100,0,0,0,0,2.503423999999995,162.61283199999968,1.0,159888.98096307708,1.2680110369947108,41.73158042484438,0.41731580424844383,0.07082998131441082,0.971999196377128,1306
66,0.25,100,0,100,100,0,0,0,0,2.499359999999995,165.11219199999968,1.0,159891.28168076195,1.2676564932491956,41.605898204717974,0.4160589820471797,0.07185831853056049,0.9710346342245868,1329
67,0.25,100,0,100,100,0,0,0,0,2.499359999999995,167.61155199999968,1.0,159893.51378358487,1.2670790045498888,41.47883064689904,0.4147883064689904,0.07287652058257377,0.9700553818378901,1350
68,0.25,100,0,100,100,0,0,0,0,2.499359999999995,170.11091199999967,1.0,159895.68029592396,1.2665872302288923,41.351222538464135,0.41351222538464133,0.07399569858372392,0.9689724370763707,1371
69,0.25,100,0,100,100,0,0,0,0,2.5034239999999945,172.61433599999967,1.0,159894.01946313458,1.2662010029824808,41.22577039685158,0.4122577039685158,0.07501364503432474,0.9679522951891908,1391
70,0.25,100,0,100,100,0,0,0,0,2.5074879999999946,175.12182399999966,1.0,159888.69554031172,1.2659703730766383,41.09893492298969,0.41098934922989694,0.0760775705116625,0.9668700896032948,1412
71,0.25,100,0,100,100,0,0,0,0,2.503423999999995,177.62524799999966,1.0,159887.18000269902,1.265429705704992,40.97187737140955,0.4097187737140955,0.07710313086659791,0.9657974601571369,1435
72,0.25,100,0,100,100,0,0,0,0,2.499359999999995,180.12460799999965,1.0,159889.31395759128,1.2646833591165032,40.84640509665236,0.4084640509665236,0.07812852347319997,0.9647055569234976,1455
73,0.25,100,0,100,100,0,0,0,0,2.499359999999995,182.62396799999965,1.0,159891.3895026093,1.2640214822715776,40.720514584611195,0.40720514584611195,0.07920455436878972,0.9635459144155497,1474
74,0.25,100,0,100,100,0,0,0,0,2.507487999999995,185.13145599999964,1.0,159886.38905319286,1.2634708561520358,40.593854506617795,0.40593854506617794,0.08026935762449836,0.9623710964090585,1494
75,0.25,100,0,100,100,0,0,0,0,2.503423999999995,187.63487999999964,1.0,159884.9851370921,1.2630042723474835,40.46625217454065,0.4046625217454065,0.08131838578128299,0.9611850923413573,1517
76,0.25,100,0,100,100,0,0,0,0,2.503423999999995,190.13830399999964,1.0,159883.61818984174,1.2625938154704321,40.34109527005296,0.4034109527005296,0.08233455427552507,0.9600105958136308,1538
77,0.25,100,0,100,100,0,0,0,0,2.499359999999995,192.63766399999963,1.0,159885.65974305035,1.262236243194647,40.21491751139789,0.4021491751139789,0.08338095593965722,0.9587826977061448,1558
78,0.25,100,0,100,100,0,0,0,0,2.499359999999995,195.13702399999963,1.0,159887.64899889045,1.2616872445569307,40.088740549634686,0.4008874054963469,0.08441761343553693,0.9575401637728047,1575
79,0.25,100,0,100,100,0,0,0,0,2.507487999999995,197.64451199999962,1.0,159883.01258777204,1.2612745790547035,39.96210859783558,0.39962108597835583,0.08547449450818695,0.956252920501684,1598
80,0.25,100,0,100,100,0,0,0,0,2.499359999999995,200.14387199999962,1.0,159884.9851370921,1.2608681661880208,39.83592197074483,0.39835921970744825,0.08654953492040077,0.9549236858792559,1621
81,0.25,100,0,100,100,0,0,0,0,2.507487999999995,202.6513599999996,1.0,159880.4962374793,1.2605866840202593,39.70932032829589,0.3970932032829589,0.08760530862950301,0.9535873442950646,1643
82,0.25,100,0,100,100,0,0,0,0,2.507487999999995,205.1588479999996,1.0,159876.1170661285,1.2603403170142569,39.58317958177463,0.3958317958177463,0.08864595566779002,0.9522422407414466,1664
83,0.25,100,0,100,100,0,0,0,0,2.4993599999999945,207.6582079999996,1.0,159878.10123065332,1.260128775243891,39.45601267418818,0.3945601267418818,0.08969623404050632,0.9508596281944406,1682
84,0.25,100,0,100,100,0,0,0,0,2.4993599999999945,210.1575679999996,1.0,159880.03820067077,1.259977908279189,39.330242188690164,0.3933024218869016,0.09073154643586326,0.9494705155011844,1703
85,0.25,100,0,100,100,0,0,0,0,2.5034239999999945,212.6609919999996,1.0,159878.8742601185,1.25991952100891,39.204063881900375,0.39204063881900375,0.09178079886552964,0.9480401123112762,1724
86,0.25,100,0,100,100,0,0,0,0,2.4993599999999945,215.1603519999996,1.0,159880.75721311363,1.2598832841353944,39.07744066591506,0.39077440665915064,0.09283214123937425,0.946580238506827,1744
87,0.25,100,0,100,100,0,0,0,0,2.499359999999995,217.6597119999996,1.0,159882.59692266828,1.2599015998403333,38.95127214180388,0.3895127214180388,0.09389870021794165,0.9450783372070464,1767
88,0.25,100,0,100,100,0,0,0,0,2.503423999999995,220.16313599999958,1.0,159881.44354920555,1.2599809210866229,38.825658121504574,0.38825658121504575,0.09493615748667339,0.9435835188979889,1789
89,0.25,100,0,100,100,0,0,0,0,2.503423999999995,222.66655999999958,1.0,159880.31611033136,1.2601228445532482,38.69994937338327,0.3869994937338327,0.09598072203210269,0.9420540543714891,1807
90,0.25,100,0,100,100,0,0,0,0,2.499359999999995,225.16591999999957,1.0,159882.0993869768,1.2602936746086726,38.57310829416152,0.38573108294161523,0.09703926088238385,0.9404784108973346,1826
91,0.25,100,0,100,100,0,0,0,0,2.5074879999999946,227.67340799999957,1.0,159878.1356143273,1.26055140862439,38.446936929509974,0.3844693692950997,0.09808090759395162,0.9388968838469413,1846
92,0.25,100,0,100,100,0,0,0,0,2.4993599999999945,230.17276799999956,1.0,159879.9037773229,1.2608154666899338,38.31934766891283,0.38319347668912834,0.09918605859192871,0.9372084441629129,1868
93,0.25,100,0,100,100,0,0,0,0,2.5034239999999945,232.67619199999956,1.0,159878.84140720367,1.2611520671546674,38.192644565758634,0.3819264456575863,0.10024502046479308,0.9355485787467904,1890
94,0.25,100,0,100,100,0,0,0,0,2.503423999999995,235.17961599999956,1.0,159877.80165437498,1.2615320897368434,38.066100736108574,0.3806610073610857,0.1013205286358678,0.933840699216345,1911
95,0.25,100,0,100,100,0,0,0,0,2.499359999999995,237.67897599999955,1.0,159879.51748832877,1.2619250735273253,37.939461403020665,0.37939461403020663,0.10238090997416045,0.9321220919411216,1930
96,0.25,100,0,100,100,0,0,0,0,2.499359999999995,240.17833599999955,1.0,159881.1976114285,1.2623585534917563,37.81361994798954,0.37813619947989535,0.10342146570936919,0.9304021874992572,1951
97,0.25,100,0,100,100,0,0,0,0,2.503423999999995,242.68175999999954,1.0,159880.16569518892,1.2628547394263339,37.688164019159,0.37688164019159,0.10445947278736668,0.928658576521065,1973
98,0.25,100,0,100,100,0,0,0,0,2.499359999999995,245.18111999999954,1.0,159881.8049285364,1.2633652660663015,37.56302776476437,0.37563027764764373,0.10549307982941812,0.9268934056344307,1995
99,0.25,100,0,100,100,0,0,0,0,2.499359999999995,247.68047999999953,1.0,159883.411078661,1.2639126871184256,37.435846508266714,0.3743584650826671,0.10656014064850883,0.9250487508546789,2015
100,0.25,100,0,100,100,0,0,0,0,2.5074879999999946,250.18796799999953,1.0,159879.79086188538,1.2645475085464755,37.30822658075808,0.3730822658075808,0.10764564839240966,0.9231480157178328,2035
101,0.25,100,0,100,100,0,0,0,0,2.4993599999999945,252.68732799999952,1.0,159881.38510847712,1.2651649307476198,37.18268743087618,0.37182687430876177,0.1086859279382761,0.9212847354878037,2057
102,0.25,100,0,100,100,0,0,0,0,2.499359999999995,255.18668799999952,1.0,159882.94812619724,1.2656168505396839,37.05684130779489,0.3705684130779489,0.10973578027699751,0.9193779562425393,2076
103,0.25,100,0,100,100,0,0,0,0,2.5074879999999946,257.6941759999995,1.0,159879.43786513855,1.2661696837428178,36.929023889058605,0.36929023889058604,0.11081158192187901,0.9173976721657611,2098
104,0.25,100,0,100,100,0,0,0,0,2.5034239999999945,260.1975999999995,1.0,159878.49234581747,1.2665274424495936,36.802813297952895,0.36802813297952897,0.11187789106635808,0.9154058753352781,2120
105,0.25,100,0,100,100,0,0,0,0,2.4993599999999945,262.6969599999995,1.0,159880.03820067077,1.2668934815685275,36.67752854749759,0.3667752854749759,0.11291198995891771,0.9134322124130332,2138
106,0.25,100,0,100,100,0,0,0,0,2.5074879999999946,265.20444799999945,1.0,159876.65485912244,1.267151781079236,36.55033242193729,0.3655033242193729,0.11399474646602085,0.9113512148273398,2157
107,0.25,100,0,100,100,0,0,0,0,2.4993599999999945,267.7038079999994,1.0,159878.18895725269,1.267402593869179,36.425243732946605,0.36425243732946605,0.11503233872794916,0.9093123675374238,2178
108,0.25,100,0,100,100,0,0,0,0,2.5034239999999945,270.2072319999994,1.0,159877.29003493176,1.267708216804092,36.29794587106474,0.3629794587106474,0.11610281855318179,0.9071851705636648,2199
109,0.25,100,0,100,100,0,0,0,0,2.499359999999994,272.7065919999994,1.0,159878.79016873968,1.2678486547189556,36.17289005867746,0.3617289005867746,0.11714455441084594,0.9050786090841292,2219
110,0.25,100,0,100,100,0,0,0,0,2.499359999999994,275.20595199999934,1.0,159880.26305477618,1.2680290264917673,36.04686732310186,0.36046867323101855,0.11819174833061313,0.9029283227182339,2239
111,0.25,100,0,100,100,0,0,0,0,2.499359999999994,277.7053119999993,1.0,159881.7094287347,1.2680651897750497,35.91918123565901,0.3591918123565901,0.11929016567382245,0.9006614119999796,2262
112,0.25,100,0,100,100,0,0,0,0,2.503423999999994,280.2087359999993,1.0,159880.81113930763,1.2681681987086968,35.792853677104326,0.35792853677104325,0.12034719453703902,0.8984304025405893,2283
113,0.25,100,0,100,100,0,0,0,0,2.499359999999994,282.7080959999993,1.0,159882.22707283247,1.268285208898008,35.6649844160261,0.356649844160261,0.12143278089874598,0.896115277097834,2305
114,0.25,100,0,100,100,0,0,0,0,2.499359999999994,285.20745599999924,1.0,159883.61818984186,1.268441162762647,35.53936294035299,0.35539362940352986,0.1224789373957561,0.8938394716002551,2326
115,0.25,100,0,100,100,0,0,0,0,2.5034239999999937,287.71087999999924,1.0,159882.7267150972,1.2686615487381796,35.413957542582374,0.35413957542582375,0.12351170331427874,0.8915536855556072,2348
116,0.25,100,0,100,100,0,0,0,0,2.4993599999999936,290.2102399999992,1.0,159884.08954832237,1.2688921487503886,35.28866710869883,0.3528866710869883,0.12455461160891844,0.889220686093031,2369
117,0.25,100,0,100,100,0,0,0,0,2.4993599999999936,292.70959999999917,1.0,159885.42910789442,1.2689850769590587,35.162779653299104,0.35162779653299103,0.1256049241558076,0.8868401692932718,2386
118,0.25,100,0,100,100,0,0,0,0,2.4993599999999936,295.20895999999914,1.0,159886.74598494617,1.268943833511144,35.03557831648128,0.35035578316481275,0.126680807032367,0.884377878821883,2407
119,0.25,100,0,100,100,0,0,0,0,2.4993599999999936,297.7083199999991,1.0,159888.04075075948,1.26894255717796,34.909911688054194,0.34909911688054196,0.12773325976508923,0.8819287907386979,2428
120,0.25,100,0,100,100,0,0,0,0,2.5074879999999933,300.2158079999991,1.0,159884.98513709227,1.269014115451169,34.783947669075566,0.34783947669075566,0.12878297394281302,0.8794492431810383,2448
121,0.25,100,0,100,100,0,0,0,0,2.5034239999999937,302.71923199999907,1.0,159884.1265559241,1.2691163983830773,34.657636801798944,0.3465763680179894,0.12983809071323488,0.876925259535101,2469
122,0.25,100,0,100,100,0,0,0,0,2.5603199999999933,305.27955199999906,1.0,159853.48406171714,1.2695736832349538,34.53320402295513,0.34533204022955133,0.13075244810142653,0.8746156953711838,2492
123,0.25,100,0,100,100,0,0,0,0,2.5603199999999933,307.83987199999905,1.0,159823.35127790124,1.270066485404128,34.40886952879838,0.34408869528798375,0.1316719901688229,0.8722689701256292,2512
124,0.25,100,0,100,100,0,0,0,0,2.5643839999999933,310.40425599999907,1.0,159791.62347567859,1.270597223032642,34.282189877107456,0.34282189877107455,0.13262465482204383,0.8698209012661322,2529
125,0.25,100,0,100,100,0,0,0,0,2.5643839999999942,312.9686399999991,1.0,159760.41561224838,1.2708606733329966,34.1572863969714,0.341572863969714,0.1335498916850669,0.8674009926864822,2548
126,0.25,100,0,100,100,0,0,0,0,2.580639999999994,315.5492799999991,1.0,159721.48629209405,1.2712929025151147,34.034531832682966,0.3403453183268297,0.1344038999842271,0.8650896428152125,2568
127,0.25,99,1,100,99,0,1,0,0,2.567620452424644,318.11690045242375,0.9999212598425197,159677.14990231034,1.2717389585449144,33.9122482435967,0.3425479620565323,0.1315533525973475,0.8714676791728467,2587
128,0.25,99,1,99,99,0,0,0,0,2.539999999999994,320.65690045242377,0.9999218688960075,159647.2738549265,1.2720663220122153,33.79067968464612,0.34131999681460723,0.13245214117690313,0.8691197489536244,2606
129,0.25,99,1,99,99,0,0,0,0,2.5399999999999943,323.1969004524238,0.999922468599783,159617.86739843446,1.2722736437642936,33.670392282215275,0.3401049725476291,0.1333412584901275,0.8667686758759635,2624
130,0.25,99,1,99,99,0,0,0,0,2.5481279999999944,325.7450284524238,0.9999230591675002,159584.93747999732,1.2723796154321716,33.54904145161511,0.3388792065819708,0.1342351572413708,0.8643736085486038,2640
131,0.25,99,1,99,99,0,0,0,0,2.5399999999999943,328.28502845242383,0.9999236408063531,159556.46910529485,1.2725085022252505,33.42830402668377,0.3376596366331694,0.1351294501849701,0.8619534563723537,2658
132,0.25,99,1,99,99,0,0,0,0,2.5399999999999943,330.82502845242385,0.9999242137173172,159528.43787812066,1.2726754972871686,33.30738991050629,0.3364382819243059,0.13602306911153286,0.8595044813954149,2677
133,0.25,99,1,99,99,0,0,0,0,2.544063999999994,333.36909245242384,0.9999247780953814,159498.8893806595,1.272730249733119,33.18510919691319,0.3352031232011433,0.13694059457894864,0.8569737294878971,2697
134,0.25,99,1,99,99,0,0,0,0,2.552191999999994,335.92128445242383,0.9999253341297692,159465.92990473867,1.2728640039008854,33.06371202118981,0.3339768891029273,0.13784235080073218,0.8544480079551711,2715
135,0.25,99,1,99,99,0,0,0,0,2.539999999999994,338.46128445242385,0.9999258820041506,159439.21056526483,1.272993083891412,32.94315096256741,0.33275910063199404,0.13873753194183103,0.8519111537867287,2731
136,0.25,99,1,99,99,0,0,0,0,2.5603199999999937,341.02160445242384,0.9999264218968436,159403.39054848297,1.2731412898737746,32.82323276920975,0.33154780574959347,0.1395892527353338,0.8494297663089864,2746
137,0.25,98,2,99,98,0,1,0,0,2.57975782768713,343.60136228011095,0.9998539079620161,159347.447392729,1.2733147103852709,32.70361959833027,0.3337104040645946,0.13706379089440998,0.8556541659937893,2763
138,0.25,98,2,98,98,0,0,0,0,2.5603199999999946,346.16168228011094,0.9998549463301422,159301.28267454504,1.2734123102998818,32.58653298196349,0.3325156426730968,0.13786351906763145,0.8533155092400597,2781
139,0.25,98,2,98,98,0,0,0,0,2.5603199999999946,348.7220022801109,0.9998559700417687,159255.79583989287,1.2735495119449376,32.47011776665715,0.331327732312828,0.1386574203375568,0.850966728157817,2799
140,0.25,97,3,98,97,0,1,0,0,2.550176472404929,351.27217875251586,0.9997854691075515,159204.1823482995,1.2735756330848764,32.356016990898254,0.3335671854731778,0.13600469645106417,0.8574548540110668,2813
141,0.25,97,3,97,97,0,0,0,0,2.5399999999999943,353.8121787525159,0.9997869469497905,159157.89049022263,1.2736313254501224,32.242664065844416,0.33239859861695276,0.13677968920344707,0.8551931602515591,2830
142,0.25,97,3,97,97,0,0,0,0,2.5399999999999943,356.3521787525159,0.9997884045704613,159112.2585485236,1.2735873434369427,32.12990143542789,0.33123609727245257,0.13754568699106115,0.8529277085714225,2847
143,0.25,97,3,97,97,0,0,0,0,2.5440639999999943,358.8962427525159,0.9997898423817864,159065.47129657798,1.2735932216102457,32.0155806606492,0.3300575325840124,0.13833054660556357,0.8505907328688078,2863
144,0.25,97,3,97,97,0,0,0,0,2.5399999999999943,361.4362427525159,0.9997912607848595,159021.1307042476,1.27362928334058,31.902547536773795,0.32889224264715256,0.1391080437119025,0.8482522542212236,2881
145,0.25,97,3,97,97,0,0,0,0,2.5399999999999943,363.97624275251593,0.9997926601700187,158977.40897156406,1.273704192310675,31.789327127894758,0.3277250219370594,0.13988068522153776,0.8458961922686574,2899
146,0.25,97,3,97,97,0,0,0,0,2.5440639999999948,366.5203067525159,0.9997940409172045,158932.53095887337,1.2735648989577049,31.6753703478362,0.3265502097715073,0.14066720123557874,0.8434828242635252,2916
147,0.25,97,3,97,97,0,0,0,0,2.5399999999999947,369.06030675251594,0.9997954033963036,158890.02129758362,1.2734479629602116,31.56248177035268,0.3253864100036359,0.14144779638031818,0.8410639025125184,2933
148,0.25,97,3,97,97,0,0,0,0,2.5399999999999947,371.60030675251596,0.9997967479674796,158848.09276896634,1.2732375530696671,31.44882381138726,0.32421467846790997,0.1422253785602646,0.8386186429104494,2951
149,0.25,96,4,97,96,0,1,0,0,2.5365072091025134,374.1368139616185,0.9997307666419869,158797.5248169374,1.2729674583434232,31.33671415539368,0.3264241057853508,0.13985458137021112,0.8449052920330832,2968
150,0.25,96,4,96,96,0,0,0,0,2.5196799999999953,376.6564939616185,0.9997324951514747,158754.72999569005,1.2726902784042726,31.225488036068,0.3252655003757083,0.14063021425382852,0.8425089751101934,2985
151,0.25,96,4,96,96,0,0,0,0,2.5196799999999953,379.1761739616185,0.9997342016080802,158712.50392987937,1.2724544529715263,31.115312854354816,0.3241178422328626,0.14139484039924494,0.8401173927002209,3001
152,0.25,96,4,96,96,0,0,0,0,2.5196799999999953,381.69585396161847,0.9997358864311654,158670.83535596912,1.2722591954322433,31.00495337247502,0.3229682642966148,0.14215978457834616,0.8376988072648219,3017
153,0.25,95,5,96,95,0,1,0,0,2.5026751776635163,384.19852913928196,0.999671937536907,158626.3230536893,1.2720478594570257,30.897081575811434,0.3252324376401204,0.13972612456420924,0.8441862460434093,3034
154,0.25,95,5,95,95,0,0,0,0,2.4993599999999954,386.6978891392819,0.9996739697443923,158583.74643961957,1.2719431256520057,30.789165876782093,0.32409648291349574,0.14048224550188426,0.8418316774863924,3053
155,0.25,95,5,95,95,0,0,0,0,2.503423999999995,389.2013131392819,0.9996759769295573,158540.06118915183,1.2718823609442762,30.681553150732753,0.3229637173761342,0.1412363548218734,0.8394592929695482,3067
156,0.25,95,5,95,95,0,0,0,0,2.4993599999999954,391.7006731392819,0.9996779595517197,158498.57878064972,1.2718532370654034,30.573878150063404,0.3218302963164569,0.14199749728454744,0.8370485660675299,3084
157,0.25,95,5,95,95,0,0,0,0,2.4993599999999954,394.20003313928186,0.9996799180590231,158457.62239682442,1.2716136683586923,30.46664826565517,0.3207015606911071,0.14274929572446296,0.8346353816306354,3103
158,0.25,95,5,95,95,0,0,0,0,2.5034239999999954,396.70345713928185,0.9996818528887758,158415.55920178327,1.2713110354380721,30.358299021387637,0.31956104233039617,0.14351582251783487,0.8321589463618169,3121
159,0.25,95,5,95,95,0,0,0,0,2.5034239999999954,399.20688113928185,0.9996837644677756,158374.02356283876,1.2710482939650374,30.25008881890482,0.3184219875674192,0.1442863020419263,0.8296510128271852,3137
160,0.25,95,5,95,95,0,0,0,0,2.5237439999999958,401.73062513928187,0.9996856532126241,158324.9969502529,1.2708145685831178,30.14266094613192,0.3172911678540202,0.14501114270629656,0.8272152807618864,3154
161,0.25,95,5,95,95,0,0,0,0,2.5196799999999957,404.25030513928186,0.9996875195300293,158278.1736626141,1.2706135988790133,30.0354356633988,0.31616248066735575,0.14573177016550964,0.8247659353512666,3169
162,0.25,95,5,95,95,0,0,0,0,2.584703999999996,406.83500913928185,0.9996893638170974,158206.6404171345,1.270412915570512,29.92766886681797,0.315028093334926,0.1463786449001185,0.822434632215325,3187
163,0.25,94,6,95,94,0,1,0,0,2.5766897931135397,409.4116989323954,0.9996294237539374,158129.3357488797,1.2700597523839834,29.82014341375105,0.31723556823139415,0.14416520686114925,0.8288316391666876,3203
164,0.25,94,6,94,94,0,0,0,0,2.564383999999996,411.9760829323954,0.9996315627878416,158057.71911930488,1.269821746581989,29.71532215862667,0.31612044849602833,0.14479805755016167,0.8265780183160948,3217
165,0.25,94,6,94,94,0,0,0,0,2.641599999999996,414.6176829323954,0.9996336772696746,157957.56596005737,1.2698853188221702,29.608217833134038,0.3149810407780217,0.14532702732837793,0.8244875079127779,3233
166,0.25,94,6,94,94,0,0,0,0,2.6619199999999954,417.2796029323954,0.9996357676197414,157850.9937632189,1.2699580978550082,29.503303992767616,0.31386493609327254,0.14581899181919536,0.8224730614397572,3247
167,0.25,94,6,94,94,0,0,0,0,2.6659839999999955,419.9455869323954,0.9996378342488079,157744.24606744168,1.270077412095858,29.397042979091218,0.3127344997775661,0.14631670916001174,0.820415069470582,3260
168,0.25,93,7,94,93,0,1,0,0,2.644596003828313,422.5901829362237,0.9995798571514315,157637.35810695236,1.2701681240399225,29.293761977187913,0.3149866879267518,0.14393024059331144,0.827270261457535,3274
169,0.25,91,9,93,91,0,2,0,0,2.607019242909889,425.19720217913357,0.9994628148501851,157526.90670758847,1.2703586108001041,29.19339098800348,0.3208064943736646,0.13810354591987462,0.8436537110159824,3288
170,0.25,91,9,91,91,0,0,0,0,2.6050239999999953,427.8022261791336,0.9994657168299198,157418.53566652795,1.2706482694712788,29.095389966006046,0.31972956006600056,0.13855176571838276,0.8419039263057716,3301
171,0.25,90,10,91,90,0,1,0,0,2.5730862138095927,430.37531239294316,0.9994095418044402,157313.85618649193,1.2708941625442927,28.99764340032187,0.3221960377813541,0.1356337748470349,0.8494640254963582,3315
172,0.25,90,10,90,90,0,0,0,0,2.5603199999999946,432.93563239294315,0.9994126629860214,157215.05671361194,1.2712109065551396,28.900579931217514,0.32111755479130577,0.13612356390028246,0.847675977016805,3327
173,0.25,90,10,90,90,0,0,0,0,2.5603199999999946,435.49595239294314,0.9994157513437719,157117.41894276388,1.2715670815249316,28.80377798885517,0.3200419776539463,0.13662147273322417,0.8458578481484545,3338
174,0.25,90,10,90,90,0,0,0,0,2.5603199999999946,438.05627239294313,0.99941880739277,157020.9225044487,1.2719620683378423,28.70572507586883,0.318952500842987,0.13713445094816915,0.8439821216921684,3351
175,0.25,90,10,90,90,0,0,0,0,2.560319999999994,440.6165923929431,0.9994218316373727,156925.54750261694,1.272395260776687,28.60889583874619,0.31787662043051323,0.1376271132759884,0.8421390741273396,3362
176,0.25,89,11,90,89,0,1,0,0,2.550725974840688,443.1673183677838,0.9993673070286437,156825.64376807693,1.272848082686974,28.511959867048503,0.32035909962975845,0.13471496874180616,0.8497399240287065,3374
177,0.25,87,13,89,87,0,2,0,0,2.495939274117637,445.66325764190145,0.9992560801144492,156728.19960429438,1.273271558346231,28.42016938675441,0.32666861364085525,0.12763189866158142,0.8675642359287414,3386
178,0.25,87,13,87,87,0,0,0,0,2.4790399999999955,448.14229764190145,0.9992597654025738,156637.74736142348,1.273371714695892,28.32889632797694,0.32561949802272344,0.12816164931664734,0.8658640795358618,3398
179,0.25,87,13,87,87,0,0,0,0,2.479039999999995,450.62133764190145,0.999263414357754,156548.2903431877,1.2735112094858394,28.236854280433853,0.32456154345326266,0.12870854802406692,0.8641094066584565,3410
180,0.25,87,13,87,87,0,0,0,0,2.4790399999999955,453.10037764190145,0.9992670275146595,156459.81221412274,1.273489966704755,28.144167739352536,0.3234961809120981,0.12925113036711913,0.8623396855773044,3421
181,0.25,87,13,87,87,0,0,0,0,2.4790399999999955,455.57941764190144,0.9992706053975201,156372.2969943227,1.273508864075542,28.05325795482358,0.3224512408600411,0.12978738453931976,0.8605791638236417,3433
182,0.25,87,13,87,87,0,0,0,0,2.479039999999996,458.05845764190144,0.9992741485203797,156285.72904981856,1.273369759095126,27.9616364129373,0.3213981196889345,0.13033198468143178,0.8587797015835144,3445
183,0.25,87,13,87,87,0,0,0,0,2.479039999999996,460.53749764190144,0.9992776573873423,156200.0930832673,1.2732715462508688,27.87024226046082,0.3203476121892048,0.13087098037502679,0.8569750210338729,3457
184,0.25,87,13,87,87,0,0,0,0,2.4790399999999955,463.01653764190144,0.9992811324928114,156115.37412494043,1.2732136349511731,27.777355784423452,0.31927995154509714,0.1314337496410792,0.8550945737646821,3466
185,0.25,86,14,87,86,0,1,0,0,2.4695591909024555,465.48609683280387,0.9992295415772384,156026.14233629187,1.2731616609013245,27.68673079563295,0.3219387301817785,0.1281596243449455,0.8632050757068316,3477
186,0.25,86,14,86,86,0,0,0,0,2.458719999999995,467.94481683280384,0.9992331708385824,155941.4644100499,1.2730141591805286,27.59735037944235,0.32089942301677155,0.1287108444098621,0.8614181307619145,3489
187,0.25,86,14,86,86,0,0,0,0,2.462783999999995,470.40760083280384,0.9992367660688001,155856.32517459805,1.2729243598013837,27.50612925920049,0.3198387123162848,0.12926111417220493,0.8595991572859859,3500
188,0.25,86,14,86,86,0,0,0,0,2.458719999999995,472.8663208328038,0.999240327744316,155773.41154318477,1.2728565853829688,27.415789072133926,0.3187882450248131,0.1298249881118365,0.8577442581587923,3511
189,0.25,86,14,86,86,0,0,0,0,2.462783999999995,475.3291048328038,0.9992438563327032,155690.0245484248,1.2728432586725476,27.324804127098766,0.3177302805476601,0.13040070217442545,0.855842711772012,3523
190,0.25,86,14,86,86,0,0,0,0,2.458719999999995,477.7878248328038,0.9992473522928875,155608.82076896206,1.272853013272285,27.235243626487218,0.31668887937775836,0.13096193359311897,0.8539628041108374,3533
191,0.25,86,14,86,86,0,0,0,0,2.458719999999995,480.24654483280375,0.9992508160753465,155528.44846807545,1.2729007650918398,27.14566108968257,0.3156472219730531,0.1315212015237281,0.8520680815022189,3544
192,0.25,86,14,86,86,0,0,0,0,2.4587199999999956,482.7052648328037,0.9992542481223033,155448.89494004272,1.2727996788414944,27.055284664614465,0.31459633330947057,0.1320780987331469,0.8501520193017925,3556
193,0.25,86,14,86,86,0,0,0,0,2.458719999999995,485.1639848328037,0.9992576488679146,155370.1477367025,1.2727372546787383,26.96474671174293,0.3135435664156155,0.13265483659375119,0.8481772037490335,3566
194,0.25,86,14,86,86,0,0,0,0,2.458719999999995,487.62270483280366,0.9992610187384534,155292.19466096084,1.2727129656829708,26.87508222538097,0.3125009561090811,0.13322344461640998,0.8462074011962748,3577
195,0.25,86,14,86,86,0,0,0,0,2.458719999999995,490.08142483280363,0.999264358152488,155215.02376049323,1.272726294492067,26.784515600678994,0.3114478558218488,0.1338091703215487,0.8441760855231135,3589
196,0.25,86,14,86,86,0,0,0,0,2.4587199999999947,492.5401448328036,0.9992676675210546,155138.62332163527,1.2726852542102403,26.694396272243,0.31039995665398834,0.13437272393570746,0.8421733211649041,3600
197,0.25,86,14,86,86,0,0,0,0,2.458719999999995,494.9988648328036,0.9992709472478258,155062.98186345532,1.2724995070186516,26.60364591178286,0.30934471990445184,0.13495612595845594,0.8401054711303966,3611
198,0.25,86,14,86,86,0,0,0,0,2.458719999999995,497.45758483280355,0.9992741977292757,154988.08813200318,1.2723523148730513,26.513465233199625,0.30829610736278634,0.13553811822272976,0.8380263105037417,3622
199,0.25,86,14,86,86,0,0,0,0,2.458719999999995,499.9163048328035,0.9992774193548387,154913.93109472806,1.2722431639963943,26.423051687770254,0.30724478706709596,0.13612844017255177,0.835908074692495,3634
200,0.25,86,14,86,86,0,0,0,0,2.4587199999999947,502.3750248328035,0.9992806125070655,154840.49993506106,1.2720816890533455,26.333477331260223,0.30620322478209555,0.13670711962552395,0.8338020367431163,3645
201,0.25,86,14,86,86,0,0,0,0,2.462783999999995,504.8378088328035,0.9992837775617742,154766.53814943647,1.2719615831665547,26.242575240193364,0.3051462237231787,0.1372874500230731,0.8316586562169314,3656
202,0.25,86,14,86,86,0,0,0,0,2.458719999999995,507.29652883280346,0.9992869148881984,154694.53374845462,1.2717861864995843,26.15188269557492,0.3040916592508711,0.13788000973874553,0.8294721217975852,3668
203,0.25,86,14,86,86,0,0,0,0,2.519679999999995,509.81620883280345,0.9992900248491303,154604.7352642124,1.2717846852090426,26.060563047039565,0.3030298028725531,0.13839787436560658,0.8274122063819145,3682
204,0.25,86,14,86,86,0,0,0,0,2.519679999999995,512.3358888328034,0.9992931078010603,154515.82004210234,1.2718222126787322,25.96952190970323,0.3019711849965492,0.13891783498146465,0.8253318862828761,3695
205,0.25,86,14,86,86,0,0,0,0,2.519679999999995,514.8555688328034,0.999296164094314,154427.77511418896,1.271810345648249,25.878117531110775,0.300908343385009,0.13943693518596523,0.8232300589652746,3709
206,0.25,86,14,86,86,0,0,0,0,2.5278079999999945,517.3833768328035,0.9992991940731841,154338.16310222275,1.2718572109216058,25.784943752899455,0.299824927359296,0.13995550044349056,0.8210897916515749,3721
207,0.25,86,14,86,86,0,0,0,0,2.560319999999995,519.9436968328035,0.9993021980760604,154239.77728455537,1.27193661183442,25.692745779905568,0.2987528579058787,0.14045024244354237,0.8189910649829708,3734
208,0.25,86,14,86,86,0,0,0,0,2.580639999999995,522.5243368328036,0.9993051764355552,154136.36135721474,1.2719063918535394,25.600495262214825,0.29768017746761427,0.1409273816124748,0.8169098203089155,3746
209,0.25,86,14,86,86,0,0,0,0,2.605023999999995,525.1293608328035,0.9993081294786261,154026.80945458074,1.2719789777670896,25.50693640260877,0.29659228375126473,0.14140069751690054,0.8148022774580483,3758
210,0.25,86,14,86,86,0,0,0,0,2.600959999999995,527.7303208328035,0.9993110575266965,153919.52441128506,1.2720909744880975,25.41376976308008,0.2955089507334893,0.14187346158926345,0.8126812360709472,3769
211,0.25,86,14,86,86,0,0,0,0,2.6050239999999953,530.3353448328035,0.9993139608957711,153812.1130239148,1.2721589812210172,25.31966157563285,0.29441466948410294,0.14234692702678572,0.8105278994340376,3780
212,0.25,85,15,86,85,0,1,0,0,2.5996666538291273,532.9350114866326,0.9992680427463037,153699.79122126897,1.2722357677789582,25.226242903746847,0.29677932827937464,0.14006216779587596,0.8178435254231198,3791
213,0.25,85,15,85,85,0,0,0,0,2.580639999999996,535.5156514866326,0.9992710661871902,153594.0168539652,1.272290512159301,25.13533293734129,0.29570979926283864,0.14054862492383066,0.8157253039736818,3802
214,0.25,85,15,85,85,0,0,0,0,2.580639999999996,538.0962914866326,0.999274064753424,153489.25704694574,1.2723024888930932,25.04384983524721,0.29463352747349664,0.14104170233115698,0.8135665502327655,3813
215,0.25,85,15,85,85,0,0,0,0,2.584703999999997,540.6809954866326,0.9992770387507229,153384.34435883618,1.2721936215390492,24.952642612675785,0.29356050132559747,0.14153543319947956,0.8113899818661536,3824
216,0.25,84,16,85,84,0,1,0,0,2.5642112833317485,543.2452067699643,0.9992319877118034,153278.8489660059,1.2720793383246476,24.861196386198113,0.29596662364521564,0.13919501443566468,0.8188746248666979,3835
217,0.25,84,16,84,84,0,0,0,0,2.5603199999999964,545.8055267699643,0.9992350719510446,153175.43685341944,1.2721246492734366,24.771879563307895,0.29490332813461784,0.13969784341642497,0.8167275238626035,3845
218,0.25,84,16,84,84,0,0,0,0,2.5643839999999964,548.3699107699643,0.9992381315175468,153071.85597061686,1.2722160763774104,24.681754296976205,0.2938304082973358,0.1402192082963185,0.8145108823760501,3856
219,0.25,84,16,84,84,0,0,0,0,2.5603199999999964,550.9302307699644,0.9992411667061892,152970.3677400644,1.2723414946821425,24.59183822237515,0.29275997883779936,0.1407376103074345,0.8122827577125898,3867
220,0.25,84,16,84,84,0,0,0,0,2.5603199999999964,553.4905507699644,0.9992441778071709,152869.81843194194,1.2725062629376138,24.501759612943182,0.2916876144397998,0.1412641419838755,0.8100144178687464,3878
221,0.25,84,16,84,84,0,0,0,0,2.560319999999996,556.0508707699645,0.9992471651061027,152770.19507652667,1.2727099142270477,24.410633101589706,0.29060277501892506,0.14179303443935323,0.8077067672253154,3889
222,0.25,84,16,84,84,0,0,0,0,2.564383999999996,558.6152547699645,0.999250128884098,152670.3742365926,1.2727183008686715,24.321475169163147,0.2895413710614661,0.1423152615238059,0.8054178680755798,3900
223,0.25,84,16,84,84,0,0,0,0,2.564383999999997,561.1796387699645,0.999253069417861,152571.4656855126,1.2726153624642482,24.23135240545684,0.28846848101734335,0.14285070602432648,0.8030665156017898,3911
224,0.25,84,16,84,84,0,0,0,0,2.560319999999997,563.7399587699646,0.9992559869797721,152474.5561544885,1.2725381926585737,24.14116582497692,0.28739483124972526,0.14339473670995043,0.8006738934551682,3922
225,0.25,83,17,84,83,0,1,0,0,2.5546462339958462,566.2946050039604,0.9992125619528464,152372.98614101496,1.2725161687398299,24.051974989417115,0.28978283119779663,0.14129355982053474,0.80792512975541,3933
226,0.25,82,18,83,82,0,1,0,0,2.538310037991575,568.832915041952,0.9991694352159468,152269.66954542702,1.2722650296235243,23.962108976101796,0.2922208411719731,0.13907004176167861,0.8153362853698096,3944
227,0.25,82,18,82,82,0,0,0,0,2.5196799999999966,571.352595041952,0.99917256596488,152172.2326186618,1.2719826692739469,23.875011989992203,0.29115868280478296,0.13964083799672258,0.8129949800655398,3955
228,0.25,82,18,82,82,0,0,0,0,2.5196799999999966,573.872275041952,0.9991756732002198,152075.65131739483,1.2717415476722707,23.78790149949143,0.29009635974989545,0.14021872802365712,0.8106162210816142,3966
229,0.25,80,20,82,80,0,2,0,0,2.5097999215525775,576.3820749635046,0.9990875079843051,151968.6399087726,1.2715007164153669,23.702053839029855,0.29627567298787316,0.13479971703311242,0.8284953008580729,3977
230,0.25,79,21,80,79,0,1,0,0,2.47832110575428,578.8603960692589,0.9990453677607055,151863.90465980693,1.2714926185473832,23.617165839197163,0.2989514663189514,0.1321065209518978,0.8366274005353718,3986
231,0.25,79,21,79,79,0,0,0,0,2.4587199999999956,581.3191160692588,0.999048783802147,151765.17950510496,1.2716046964411096,23.53339363285974,0.2978910586437941,0.13274376503665195,0.8343276718992011,3997
232,0.25,79,21,79,79,0,0,0,0,2.5237439999999953,583.8428600692588,0.9990521754829391,151650.39440492066,1.2718580331282585,23.447789632879058,0.2968074637073297,0.13330002256649115,0.8321528680839803,4008
233,0.25,79,21,79,79,0,0,0,0,2.5196799999999953,586.3625400692588,0.9990555430627389,151537.6476633461,1.272140120188121,23.36499784334649,0.2957594663714745,0.13382286217588985,0.8300609118426978,4018
234,0.25,78,22,79,78,0,1,0,0,2.526872063568525,588.8894121328273,0.9990140718831227,151417.22395220728,1.2724757054547546,23.281662582305117,0.29848285361929644,0.13092670978430412,0.8386408040269158,4028
235,0.25,78,22,78,78,0,0,0,0,2.5399999999999956,591.4294121328272,0.999017506252233,151294.47092817895,1.273013136005253,23.197689960922265,0.2974062815502854,0.13143548509402703,0.8366028962476847,4038
236,0.25,77,23,78,77,0,1,0,0,2.5217218809381627,593.9511340137653,0.9989764129951045,151170.68536132987,1.2733938702625505,23.11694801321264,0.3002201040676966,0.12830313607128593,0.8455661224290577,4047
237,0.25,77,23,77,77,0,0,0,0,2.519679999999996,596.4708140137653,0.9989799086352952,151048.46353458086,1.2735939154647056,23.033283913846365,0.29913355732268,0.1288320056099788,0.8435340375864263,4056
238,0.25,77,23,77,77,0,0,0,0,2.641599999999997,599.1124140137654,0.9989833804809052,150896.55611429687,1.273813541789946,22.950822217284294,0.2980626261984973,0.1291252890940458,0.8419808319044414,4065
239,0.25,77,23,77,77,0,0,0,0,2.641599999999997,601.7540140137654,0.9989868287740629,150745.98239061338,1.2740791658868698,22.86816906211662,0.29698920859891714,0.12943003355246438,0.8403870449156302,4072
240,0.25,77,23,77,77,0,0,0,0,2.6415999999999964,604.3956140137655,0.9989902537536219,150596.7248761785,1.2743903208139782,22.78540195743177,0.2959143111354775,0.12972999503987484,0.8387868456724222,4080
241,0.25,77,23,77,77,0,0,0,0,2.6415999999999964,607.0372140137655,0.9989936556552177,150448.76638803398,1.2747465459094611,22.701899531080297,0.29482986404000383,0.13005428720893394,0.8371117241107625,4088
242,0.25,77,23,77,77,0,0,0,0,2.6456639999999965,609.6828780137655,0.9989970347113204,150301.08816329762,1.2751598045431833,22.619409270556716,0.29375856195528205,0.13036818124320732,0.8354548357156324,4096
243,0.25,77,23,77,77,0,0,0,0,2.6415999999999964,612.3244780137655,0.9990003911512886,150155.68265087882,1.275400563308085,22.535813668826265,0.29267290478995156,0.13071096350700614,0.83370748660216,4104
244,0.25,77,23,77,77,0,0,0,0,2.6415999999999964,614.9660780137656,0.9990037252014208,150011.52632346496,1.2756185688830277,22.45303278092388,0.29159782832368686,0.13103754786382663,0.8319880949138831,4111
245,0.25,77,23,77,77,0,0,0,0,2.641599999999996,617.6076780137656,0.9990070370850063,149868.60315220527,1.2758816646542197,22.370685531268016,0.29052838352296123,0.13135560657841183,0.8302762209917477,4118
246,0.25,77,23,77,77,0,0,0,0,2.641599999999996,620.2492780137657,0.9990103270223752,149726.8973813121,1.2761894020022735,22.287954071041963,0.28945394897457094,0.13168303819068944,0.828523192915582,4125
247,0.25,77,23,77,77,0,0,0,0,2.641599999999996,622.8908780137657,0.9990135952309473,149586.3935222709,1.2765413382079709,22.205123096682925,0.2883782220348432,0.1320326309058397,0.8267042853258139,4132
248,0.25,77,23,77,77,0,0,0,0,2.645663999999996,625.5365420137657,0.99901684192528,149446.10541704015,1.2767440177280187,22.120380009370024,0.28727766245935094,0.13240351831230598,0.8247967108914324,4139
249,0.25,77,23,77,77,0,0,0,0,2.645663999999996,628.1822060137657,0.9990200673171148,149306.99899185728,1.2769944155689175,22.037895850877455,0.2862064396217851,0.13275541365167107,0.8229422174838853,4146
250,0.25,77,23,77,77,0,0,0,0,2.641599999999996,630.8238060137658,0.9990232716154238,149170.02038116893,1.277278070230019,21.956030843868657,0.2851432577125799,0.13309362696156316,0.8211087879133645,4153
251,0.25,77,23,77,77,0,0,0,0,2.7025599999999956,633.5263660137657,0.999026455026455,149019.8436318097,1.2776219891600338,21.873298116660095,0.28406880670987134,0.1333404943125846,0.8194493205246235,4162
252,0.25,77,23,77,77,0,0,0,0,2.702559999999995,636.2289260137657,0.9990296177537761,148870.94271779573,1.277747418975139,21.789660656277754,0.2829826059256851,0.13361005322387043,0.8177116286739577,4171
253,0.25,77,23,77,77,0,0,0,0,2.7066239999999953,638.9355500137657,0.9990327599983179,148722.35548319816,1.2779312267988516,21.706650751510654,0.28190455521442404,0.13386440993427393,0.8160005515617856,4180
254,0.25,77,23,77,77,0,0,0,0,2.702559999999995,641.6381100137656,0.9990358819584172,148575.9628553777,1.2781503381762769,21.62346995631075,0.28082428514689284,0.13413057514336368,0.814244708367799,4188
255,0.25,77,23,77,77,0,0,0,0,2.702559999999995,644.3406700137656,0.9990389838298583,148430.79825763096,1.2783501913770208,21.540064889197808,0.27974110245711437,0.13440182480114052,0.8124579499758492,4197
256,0.25,77,23,77,77,0,0,0,0,2.702559999999995,647.0432300137655,0.9990420658059141,148286.84630230773,1.2785962005112015,21.456803026855656,0.27865977956955396,0.1346906483461636,0.8106166380623715,4206
257,0.25,77,23,77,77,0,0,0,0,2.7025599999999956,649.7457900137655,0.9990451280773861,148144.09185777215,1.2787578826216672,21.373430330306135,0.27757701727670303,0.13498033469188578,0.8087546862465308,4214
258,0.25,77,23,77,77,0,0,0,0,2.7025599999999956,652.4483500137654,0.9990481708326436,148002.52004310023,1.2789656697425156,21.29117692511495,0.27650879123525907,0.1352643078627212,0.8069050286560929,4223
259,0.25,77,23,77,77,0,0,0,0,2.702559999999995,655.1509100137654,0.9990511942576626,147862.11622290904,1.2792191220987736,21.208245172758723,0.275431755490373,0.13555318158600438,0.8050171033220166,4232
260,0.25,77,23,77,77,0,0,0,0,2.702559999999995,657.8534700137653,0.9990541985360638,147722.86600231286,1.2793246003239538,21.125087863776333,0.27435179043865365,0.1358499813553059,0.8030899946430485,4240
261,0.25,77,23,77,77,0,0,0,0,2.7066239999999953,660.5600940137654,0.9990571838491494,147583.84722824092,1.2794889413650101,21.040851138570027,0.273257806994416,0.13617390767753101,0.8010652928039804,4249
262,0.25,77,23,77,77,0,0,0,0,2.702559999999996,663.2626540137653,0.9990601503759399,147446.8664987888,1.279557998477289,20.958399860689173,0.27218701117778143,0.13647168455266925,0.7991105330684606,4258
263,0.25,77,23,77,77,0,0,0,0,2.706623999999996,665.9692780137653,0.9990630982932095,147310.09858681832,1.2796735155738699,20.874997403157437,0.271103862378668,0.1367751817107242,0.7971096997368808,4266
264,0.25,75,25,77,75,0,2,0,0,2.6779493615320518,668.6472273752973,0.9989848127994803,147168.78493054447,1.2798197169297243,20.793181656185137,0.2772424220824685,0.1314977570391622,0.8163490382539698,4274
265,0.25,75,25,75,75,0,0,0,0,2.6619199999999967,671.3091473752974,0.9989878952269139,147032.10940282219,1.2799462879513663,20.7127927668805,0.27617057022507335,0.13183281281333137,0.8144166927044483,4283
266,0.25,75,25,75,75,0,0,0,0,2.661919999999997,673.9710673752974,0.9989909589925735,146896.513503999,1.2799333467920235,20.6322676555712,0.27509690207428267,0.13217060949055848,0.8124577325867987,4292
267,0.25,75,25,75,75,0,0,0,0,2.6659839999999972,676.6370513752973,0.998994004265422,146761.1030140307,1.2799694299365396,20.551058463610588,0.27401411284814114,0.1325455260529719,0.8103839431647658,4301
268,0.25,74,26,75,74,0,1,0,0,2.653985443918225,679.2910368192156,0.9989569124608842,146623.45681223413,1.2800644021125318,20.470685748373494,0.2766308884915337,0.12989760492725178,0.8193389449467572,4311
269,0.25,74,26,74,74,0,0,0,0,2.6415999999999964,681.9326368192156,0.99896,146489.54252424644,1.2803147992878388,20.39094748593265,0.27555334440449525,0.1302703313716871,0.8173266054891974,4320
270,0.25,74,26,74,74,0,0,0,0,2.6415999999999964,684.5742368192157,0.9989630693148281,146356.66171944913,1.2803690187853511,20.310256122434517,0.2744629205734393,0.13065113817161497,0.815262001194119,4330
271,0.25,73,27,74,73,0,1,0,0,2.7611083914861085,687.3353452107018,0.998926355972642,146193.5585011953,1.2804392367092006,20.22892829534581,0.27710860678555904,0.12781423936379718,0.8245759565089752,4342
272,0.25,73,27,73,73,0,0,0,0,2.7472639999999964,690.0826092107018,0.9989294635422862,146034.69012972942,1.280451852425933,20.149026918678633,0.27601406737915934,0.1281147621960654,0.822744102485164,4350
273,0.25,73,27,73,73,0,0,0,0,2.7431999999999963,692.8258092107018,0.9989325531746659,145877.93736370935,1.2805086268569728,20.069127430811612,0.2749195538467344,0.1284152198791023,0.8208944451452915,4360
274,0.25,73,27,73,73,0,0,0,0,2.763519999999996,695.5893292107017,0.9989356250246383,145718.1640710548,1.2806340765298274,19.987002598061046,0.27379455613782255,0.12870831117193712,0.8190106176285212,4369
275,0.25,72,28,73,72,0,1,0,0,2.8861587030403872,698.4754879137421,0.9988993710691824,145528.37108659276,1.2807906746820097,19.9031945527545,0.2764332576771458,0.12562477593651455,0.8288274427215153,4384
276,0.25,72,28,72,72,0,0,0,0,2.885439999999996,701.3609279137421,0.9989024772656006,145340.28906231964,1.2812250419963231,19.8196304243885,0.2752726447831736,0.12579177084074775,0.8272509639116435,4393
277,0.25,72,28,72,72,0,0,0,0,2.889503999999996,704.2504319137421,0.9989055659787367,145152.9106233059,1.2817194579667355,19.733758745255763,0.27407998257299665,0.1259819034850356,0.8255718508998778,4403
278,0.25,71,29,72,71,0,1,0,0,2.853845604420702,707.1042775181628,0.9988696601184908,144968.7171456362,1.282204560069896,19.65046322089977,0.27676708761830654,0.12279670522611627,0.8355237041536064,4413
279,0.25,71,29,71,71,0,0,0,0,2.8447999999999953,709.9490775181628,0.9988727795701015,144787.84923468015,1.2829492211726379,19.568695356778342,0.27561542756025836,0.12302407740591592,0.8338625130827391,4423
280,0.25,71,29,71,71,0,0,0,0,2.8447999999999953,712.7938775181627,0.9988758818513063,144608.4250315036,1.2837441883833267,19.48648501155298,0.2744575353739856,0.12327010456022146,0.8321353715483942,4431
281,0.25,71,29,71,71,0,0,0,0,2.8447999999999953,715.6386775181627,0.9988789671034829,144430.4273190667,1.2845890470276433,19.401099003002987,0.27325491553525333,0.12352955559126243,0.8303133056754758,4441
282,0.25,71,29,71,71,0,0,0,0,2.8447999999999953,718.4834775181627,0.998882035466461,144253.83915300955,1.2854833869761104,19.315891402047978,0.272054808479549,0.12379792927674098,0.8284534268283037,4448
283,0.25,71,29,71,71,0,0,0,0,2.848863999999995,721.3323415181627,0.9988850870785437,144077.83211448195,1.2864349362150613,19.233792748104445,0.27089848940992173,0.12407841075880341,0.8265915556736478,4457
284,0.25,71,29,71,71,0,0,0,0,2.844799999999995,724.1771415181627,0.9988881220765279,143904.01743630058,1.2874270040879183,19.15134926240616,0.2697373135550163,0.12437016316351766,0.8246785508962684,4466
285,0.25,71,29,71,71,0,0,0,0,2.844799999999995,727.0219415181626,0.9988911405957251,143731.56301416724,1.2884673496561756,19.068999518394577,0.2685774580055574,0.12466189309478484,0.8227466539963589,4476
286,0.25,71,29,71,71,0,0,0,0,2.8447999999999953,729.8667415181626,0.9988941427699817,143560.45294248083,1.2893352757143428,18.986597705605167,0.26741686909303053,0.12496312263054717,0.820771047418043,4481
287,0.25,71,29,71,71,0,0,0,0,2.9260799999999954,732.7928215181626,0.998897128731698,143374.76693935646,1.2901932464968209,18.902488847610083,0.2662322372902829,0.12524869794114166,0.8187846958050455,4491
288,0.25,71,29,71,71,0,0,0,0,2.9301439999999954,735.7229655181626,0.9989000986118486,143189.76698763837,1.291002150795967,18.818125221774803,0.2650440172080959,0.12554586547826344,0.8167451824576266,4500
289,0.25,71,29,71,71,0,0,0,0,2.926079999999996,738.6490455181626,0.9989030525400008,143007.02159020473,1.2916355767329402,18.73093239022802,0.2638159491581411,0.12585731084874116,0.8146036593629061,4509
290,0.25,71,29,71,71,0,0,0,0,2.926079999999996,741.5751255181625,0.9989059906443338,142825.71833297817,1.2923216260197377,18.647401622666063,0.2626394594741699,0.12617560549391119,0.8124814284947173,4517
291,0.25,71,29,71,71,0,0,0,0,3.129279999999996,744.7044055181625,0.9989089130516573,142606.9178765049,1.2931245424184885,18.55763764323705,0.26137517807376126,0.12640463840331922,0.8104500793538735,4531
292,0.25,71,29,71,71,0,0,0,0,3.129279999999996,747.8336855181625,0.9989118198874296,142389.94854346375,1.2939865304457983,18.468626159287798,0.2601214952012366,0.12665074391779635,0.8083665419219958,4544
293,0.25,71,29,71,71,0,0,0,0,3.0886399999999963,750.9223255181624,0.9989147112757756,142182.4819582057,1.2948430965473963,18.379427937079917,0.2588651822123932,0.12693406037687224,0.8061647108947709,4558
294,0.25,71,29,71,71,0,0,0,0,2.926079999999996,753.8484055181624,0.9989175873395043,142007.33093866153,1.2955194304973678,18.294633054635582,0.2576708880934589,0.12729357210913908,0.8038249684393879,4569
295,0.25,71,29,71,71,0,0,0,0,3.129279999999996,756.9776855181624,0.9989204482001266,141795.46115223586,1.2965567945228356,18.201249968345603,0.2563556333569803,0.12759736167273147,0.8014484610207372,4580
296,0.25,71,29,71,71,0,0,0,0,3.129279999999996,760.1069655181624,0.9989232939778718,141585.3358568235,1.2974368782802324,18.11137655229027,0.2550898105956376,0.1279152171289807,0.7990706492649409,4591
297,0.25,71,29,71,71,0,0,0,0,2.926079999999996,763.0330455181623,0.9989261247917053,141414.5830692356,1.297998601541203,18.027466997596967,0.2539079858816474,0.12830720967173215,0.796585541370034,4605
298,0.25,71,29,71,71,0,0,0,0,3.149599999999996,766.1826455181623,0.998928940759344,141203.92915821454,1.2989920250340965,17.937489580493597,0.2526406983168113,0.12862454209736598,0.7941527380041172,4619
299,0.25,71,29,71,71,0,0,0,0,3.149599999999996,769.3322455181623,0.9989317419972741,140995.00005610933,1.3000431893041509,17.847096414107448,0.251367555128274,0.12896616487848764,0.791622334970544,4632
300,0.25,71,29,71,71,0,0,0,0,2.9463999999999957,772.2786455181623,0.9989345286207657,140824.81838796654,1.3008089827886111,17.75962404605441,0.25013554994442827,0.12936993908208497,0.7889576552746517,4646
301,0.25,70,30,71,70,0,1,0,0,3.143227606226744,775.4218731243891,0.9989006559419547,140615.0687504646,1.3016773631145109,17.67086525752336,0.25244093225033376,0.1271715779979365,0.7975869127024036,4659
302,0.25,70,30,70,70,0,0,0,0,2.9260799999999954,778.347953124389,0.9989034686940312,140446.18420488096,1.3021494787946637,17.587970759734272,0.25125672513906105,0.1276069739639313,0.7949524507788541,4672
303,0.25,70,30,70,70,0,0,0,0,3.1374079999999953,781.4853611243891,0.9989062670895767,140240.6307935378,1.3027150694426617,17.499568080993598,0.24999382972847997,0.12802769581503864,0.7922232824889157,4686
304,0.25,68,32,70,68,0,2,0,0,2.895244005047405,784.3806051294365,0.9988363213207753,140069.75603619096,1.3029765466606937,17.418059699671293,0.25614793675987196,0.1229216096748753,0.8128166047427441,4700
305,0.25,67,33,68,67,0,1,0,0,2.8654892709154867,787.246094400352,0.9988029165306345,139900.34473767818,1.3032469344727298,17.334778356544653,0.2587280351723082,0.1203091729981423,0.822214736930792,4710
306,0.25,67,33,67,67,0,0,0,0,3.068319999999997,790.314414400352,0.9988058189187233,139696.30059672974,1.3036299887054852,17.24983123725222,0.25746016772018243,0.12085209840194265,0.8194454818339151,4723
307,0.25,67,33,67,67,0,0,0,0,2.865119999999997,793.179534400352,0.9988087072668856,139529.5707971949,1.3038786302545302,17.169864016349848,0.2562666271096992,0.12141603384984748,0.8166765354078969,4738
308,0.25,66,34,67,66,0,1,0,0,2.832342279854465,796.0118766802066,0.9987755690002881,139364.7547856474,1.3041342811351004,17.090445982887715,0.2589461512558745,0.11876549407485115,0.8262009729835923,4746
309,0.25,66,34,66,66,0,0,0,0,2.8244799999999963,798.8363566802066,0.9987784723719192,139202.47754136214,1.3042687531080737,17.010774041974823,0.2577390006359821,0.11941481779686546,0.823273962321914,4753
310,0.25,66,34,66,66,0,0,0,0,2.8244799999999963,801.6608366802066,0.9987813620071685,139041.34379519965,1.3042151826516226,16.93179885150431,0.2565424068409744,0.12006767522991763,0.8203140826510419,4760
311,0.25,66,34,66,66,0,0,0,0,2.682239999999997,804.3430766802065,0.9987842380032897,138905.9012742907,1.3040183009574502,16.857258914715345,0.25541301385932347,0.12064601853892291,0.8175807717835013,4773
312,0.25,65,35,66,61,0,1,4,0,2.6253439999999966,806.9684206802066,0.9986087328767124,138756.3591467644,1.3038669405799659,16.78306734287044,0.2582010360441606,0.11785392910828338,0.8275818016039558,4791
313,0.25,64,36,65,48,0,2,15,0,1.3207999999999986,808.2892206802065,0.9980069046517421,138767.1604795245,1.302726052593418,16.744547428668234,0.26163355357294116,0.11437471785948769,0.8395561921231403,4811
314,0.25,64,36,64,56,8,0,0,16,1.4630399999999986,809.7522606802065,0.9977273534320514,138793.06728405063,1.3016846411210512,16.65907040344665,0.2602979750538539,0.11381046776752685,0.8395097722606419,4813
315,0.25,64,36,64,55,9,0,0,16,1.4305279999999987,811.1827886802065,0.9974136403897255,138819.51339625078,1.3006360830473735,16.578487670846375,0.25903886985697466,0.11335400048578283,0.8392859693199021,4817
316,0.25,64,36,64,54,10,0,0,16,1.4305279999999985,812.6133166802065,0.9970659973841423,138840.94400633656,1.299601344745037,16.49915801113166,0.2577993439239322,0.11293524794958082,0.8389902058246116,4821
317,0.25,64,36,64,53,11,0,0,16,1.4630399999999983,814.0763566802065,0.9966846541812154,138851.8399686234,1.298664367505973,16.41361727568642,0.25646276993260025,0.11240982004303629,0.8388456898696722,4825
318,0.25,63,37,64,54,9,1,0,16,1.4692834117794542,815.5456400919859,0.9963402188830629,138866.53846524915,1.2977296225119037,16.32666195593685,0.25915336437995,0.10798772559633775,0.8520542966761386,4830
319,0.25,62,38,63,51,11,1,0,16,1.3764035672014365,816.9220436591874,0.9959269662921348,138882.2848895149,1.296688526404453,16.250984141667814,0.26211264744625506,0.10328589544210662,0.8655935539831064,4835
320,0.25,62,38,62,51,11,0,0,16,1.3858239999999986,818.3078676591873,0.9955504169294374,138896.37933597097,1.295654664708131,16.173228266109476,0.26085852042112057,0.10288727245555385,0.8653771772806224,4840
321,0.25,61,39,62,51,10,1,0,16,1.4456462635308593,819.7535139227182,0.9951754999300797,138900.2890089892,1.2946424619796115,16.086218572962217,0.26370850119610195,0.0975725375671029,0.879583984647817,4845
322,0.25,61,39,61,53,8,0,0,16,1.3858239999999986,821.1393379227181,0.9949066806209663,138924.0470302938,1.2935642108970133,16.007468610217146,0.2624175182002811,0.09715723043996924,0.8794479143976468,4849
323,0.25,61,39,61,52,9,0,0,16,1.3695679999999992,822.5089059227181,0.9946041913249322,138945.60797708613,1.2924771280675509,15.930207235604847,0.26115093828860403,0.09675132543064943,0.8793096602421807,4854
324,0.25,61,39,61,51,10,0,0,16,1.3858239999999993,823.894729922718,0.9942682460833014,138959.50033657704,1.2914342514491437,15.850602300473241,0.2598459393520203,0.09631952150879262,0.87919571804076,4859
325,0.25,61,39,61,53,8,0,0,16,1.406143999999999,825.3008739227181,0.9940030504714364,138979.61776633307,1.2903665205508998,15.768553904638297,0.25850088368259505,0.09590453131941194,0.8790103600824876,4863
326,0.25,61,39,61,50,11,0,0,16,1.410207999999999,826.7110819227181,0.9936352001106922,138984.468107978,1.289340505872238,15.686066154668541,0.2571486254863696,0.09551864612259497,0.8787520871800287,4868
327,0.25,61,39,61,52,9,0,0,16,1.450847999999999,828.1619299227181,0.9933379357956507,138992.14132040768,1.2883309756603762,15.597100955045894,0.25569017959091633,0.09505434393272498,0.8785782989343116,4873
328,0.25,61,39,61,52,9,0,0,16,1.385823999999999,829.547753922718,0.9930419207054528,139010.68317610445,1.287266726071335,15.517138621176821,0.25437932165863636,0.09467042422150056,0.8783449490653849,4877
329,0.25,59,41,61,50,9,2,0,16,1.4083015980980853,830.9560555208161,0.9926783995600165,139015.77494082807,1.2862840606855277,15.433868631801225,0.26159099375934275,0.08334762067031243,0.9078385193570703,4882
330,0.25,59,41,59,51,8,0,0,16,1.3451839999999993,832.3012395208161,0.9924187849473431,139036.19807970477,1.2851756873723008,15.35595770299494,0.2602704695422871,0.08301996267128821,0.9076506198156098,4887
331,0.25,58,42,59,48,10,1,0,16,1.3427989257544906,833.6440384465706,0.9920575145498117,139042.55851933255,1.284161385890071,15.277856107271175,0.26341131219433056,0.07601916608112108,0.9231163812359009,4892
332,0.25,58,42,58,49,9,0,0,16,1.3207999999999993,834.9648384465705,0.9917657509908432,139057.35266171902,1.2831138556058481,15.20190323646019,0.2621017799389688,0.07570489205701211,0.9229969030137924,4897
333,0.25,58,42,58,49,9,0,0,16,1.2882879999999994,836.2531264465705,0.9914751415126509,139077.50694362377,1.2820389664694396,15.129884472575425,0.26086007711336934,0.07544154346707095,0.922817028705239,4901
334,0.25,58,42,58,48,10,0,0,16,1.3939519999999994,837.6470784465705,0.9911516471549142,139075.27764084563,1.2810586684173244,15.043637531102672,0.25937306088108053,0.07512239231003492,0.9226063178628359,4906
335,0.25,58,42,58,49,9,0,0,16,1.2842239999999994,838.9313024465705,0.9908633924325793,139096.01377334687,1.2799796606931295,14.971718794707112,0.258133082667364,0.07490589879119412,0.9223336728994604,4911
336,0.25,58,42,58,49,9,0,0,16,1.3248639999999994,840.2561664465705,0.9905762711864406,139109.95797188542,1.278949887613133,14.894889786748621,0.2568084445991141,0.07466326672139455,0.922060967206467,4915
337,0.25,58,42,58,49,9,0,0,16,1.341119999999999,841.5972864465706,0.9902902767440287,139121.17099896705,1.2779268944062119,14.81510944289953,0.2554329214293023,0.0744367417721851,0.9217251229643141,4920
338,0.25,58,42,58,49,9,0,0,16,1.3248639999999996,842.9221504465706,0.9900054024851431,139135.03155406035,1.2768719753260862,14.73791720647313,0.2541020208012609,0.07427060896795262,0.9212926419917055,4925
339,0.25,58,42,58,47,11,0,0,16,1.3655039999999992,844.2876544465706,0.9896542427714498,139132.67519824166,1.275900476930686,14.65612344010007,0.2526917834500012,0.0741563462523582,0.9207068316223869,4930
340,0.25,58,42,58,48,10,0,0,16,1.3451839999999993,845.6328384465706,0.9893380869097269,139138.39984755285,1.2749230381760666,14.575579559545845,0.2513030958542387,0.07401075676063741,0.9201875968915776,4935
341,0.25,58,42,58,49,9,0,0,16,1.3411199999999992,846.9739584465707,0.9890567304464586,139149.49665767635,1.2739308220995806,14.495545951619516,0.24992320606240545,0.07388365900723688,0.9196295259292908,4939
342,0.25,58,42,58,49,9,0,0,16,1.3329919999999993,848.3069504465707,0.988776467435004,139161.89173960485,1.2729512644839946,14.417700323280718,0.2485810400565641,0.07379998422302429,0.9189987952162774,4944
343,0.25,58,42,58,49,9,0,0,16,1.3533119999999992,849.6602624465706,0.9884972915134087,139170.9195149465,1.271989663862612,14.336384133427563,0.24717903678323386,0.07375882247419646,0.9182365420467093,4949
344,0.25,58,42,58,48,10,0,0,16,1.2964159999999993,850.9566784465707,0.9881858229875851,139184.52372477212,1.2710188255683812,14.263405513740004,0.24592078471965528,0.07369535256778821,0.9175972277633064,4953
345,0.25,58,42,58,48,10,0,0,16,1.324863999999999,852.2815424465707,0.9878755579241889,139193.44030313435,1.270097034426326,14.186979540998466,0.24460309553445628,0.07369733399977056,0.9167770000887643,4958
346,0.25,58,42,58,49,9,0,0,16,1.3329919999999988,853.6145344465707,0.9875997340425532,139205.68969346394,1.2691908010016864,14.109331835673403,0.24326434199436903,0.07372585742614363,0.915876085179332,4963
347,0.25,58,42,58,49,9,0,0,16,1.300479999999999,854.9150144465707,0.9873249717964032,139223.19527520545,1.2682696605634631,14.036043006609638,0.2420007414932696,0.07374980431771908,0.9150196040751156,4968
348,0.25,58,42,58,48,10,0,0,16,1.3207999999999989,856.2358144465707,0.987018148099086,139232.67164087904,1.2673986743286825,13.959346540672092,0.24067838863227742,0.0737972967873906,0.9140625192026894,4973
349,0.25,58,42,58,48,10,0,0,16,1.3858239999999986,857.6216384465706,0.986712500826337,139231.5616199778,1.2665876671473182,13.87289247624409,0.2391878013145533,0.07387873155438754,0.9129062505012875,4977
350,0.25,58,42,58,48,10,0,0,16,1.3451839999999988,858.9668224465706,0.9864080232251253,139237.04254297825,1.2657023332944755,13.793109450116303,0.2378122318985569,0.07397771210408874,0.9117695492805765,4982
351,0.25,58,42,58,49,9,0,0,16,1.4264639999999986,860.3932864465706,0.9861376358248272,139234.001342291,1.2648486080969776,13.702693292956269,0.23625333263717704,0.0741073953643149,0.9104203861653286,4987
352,0.25,58,42,58,48,10,0,0,16,1.3614399999999984,861.7547264465707,0.9858354147495728,139236.83423793712,1.2639285467818668,13.620560859123662,0.23483725619178727,0.0742741607833941,0.9090639763088895,4991
353,0.25,58,42,58,48,10,0,0,16,1.3614399999999989,863.1161664465707,0.9855343436331431,139239.6581966229,1.2630395601184494,13.536891172414181,0.23339467538645137,0.07447977673201178,0.9075773352319662,4996
354,0.25,58,42,58,49,9,0,0,16,1.353311999999999,864.4694784465706,0.985267155578837,139248.40957521435,1.2620599156681163,13.456967643620885,0.2320166835107049,0.07474156361013576,0.9059830807012311,5001
355,0.25,58,42,58,50,8,0,0,16,1.328927999999999,865.7984064465707,0.9850336579308542,139265.67559170123,1.2610857400800062,13.380789511055221,0.23070326743198658,0.07493714334061823,0.904561247466524,5006
356,0.25,58,42,58,49,9,0,0,16,1.320799999999999,867.1192064465706,0.9847684279191129,139279.5812872375,1.2601350915564211,13.30485626611458,0.22939407355369965,0.07516205171342236,0.9030506351088855,5011
357,0.25,58,42,58,49,9,0,0,16,1.312671999999999,868.4318784465706,0.9845041994921544,139294.74838761624,1.259175026048286,13.230279904406354,0.22810827421390265,0.07536823010642445,0.9015768403605932,5015
358,0.25,58,42,58,51,7,0,0,16,1.3614399999999987,869.7933184465707,0.9843059526904081,139311.25639871572,1.258252315487177,13.14898634702817,0.22670666115565807,0.07572441444002227,0.899629315756914,5020
359,0.25,58,42,58,49,9,0,0,16,1.316735999999999,871.1100544465706,0.9840435882467407,139325.67920721215,1.2573072946880144,13.073180765124365,0.22539966836421318,0.07606179988099208,0.8977671726385783,5025
360,0.25,58,42,58,50,8,0,0,16,1.357375999999999,872.4674304465707,0.9838145798264923,139338.15264344672,1.256357311604472,12.991935897310077,0.2239988947812082,0.0764307370140263,0.8957166463320412,5029
361,0.25,58,42,58,48,10,0,0,16,1.3167359999999992,873.7841664465707,0.9835218093699515,139347.91299224723,1.2554338569050967,12.916360435211558,0.2226958695726131,0.07675563973976948,0.893819210114062,5034
362,0.25,58,42,58,50,8,0,0,16,1.3858239999999988,875.1699904465706,0.9832946336429309,139355.7838263716,1.2545341183009222,12.830252629548909,0.22121125223360188,0.07724182410705599,0.8913256572517884,5039
363,0.25,58,42,58,49,9,0,0,16,1.377695999999999,876.5476864465707,0.9830361166548638,139360.35869903117,1.2536662335189943,12.74525557328374,0.21974578574627143,0.07774357389372773,0.8887574018644737,5044
364,0.25,58,42,58,49,9,0,0,16,1.3370559999999996,877.8847424465706,0.9827785631666881,139371.37084649416,1.252742404074062,12.665930704449144,0.21837811559395076,0.07821169962981918,0.8863126445054477,5049
365,0.25,58,42,58,49,9,0,0,16,1.3817599999999992,879.2665024465706,0.982521967801937,139375.2629709065,1.2518516412905913,12.5810461011512,0.21691458795088275,0.07880212328378029,0.8834101595196369,5053
366,0.25,58,42,58,48,10,0,0,16,1.3248639999999996,880.5913664465706,0.9822343149807938,139383.60592301717,1.2508983721062272,12.50478419204256,0.21559972744900963,0.07926148441617951,0.8809379616811714,5058
367,0.25,58,42,58,49,9,0,0,16,1.2923519999999995,881.8837184465707,0.9819796792127292,139401.59845172166,1.2499416912374846,12.431577426115018,0.21433754182956927,0.07965912447914508,0.8786375522406435,5063
368,0.25,58,42,58,50,8,0,0,16,1.332991999999999,883.2167104465707,0.9817578772802653,139417.6520253338,1.2490193329421035,12.353661849113275,0.21299416981229788,0.08015784957692668,0.8759401837099168,5067
369,0.25,58,42,58,47,11,0,0,16,1.3126719999999994,884.5293824465707,0.9814413955561214,139423.29384117355,1.2481050534455853,12.279168929321987,0.21170980912624116,0.08055999235879886,0.8735179985103019,5072
370,0.25,58,42,58,48,10,0,0,16,1.3329919999999993,885.8623744465707,0.9811578546009151,139430.2360760776,1.2472158465216894,12.200179408164086,0.21034792083041529,0.0811129617957032,0.870551106106631,5077
371,0.25,58,42,58,48,10,0,0,16,1.3533119999999992,887.2156864465707,0.9808753568030447,139433.96390506657,1.2463412263269538,12.120118476743889,0.20896755994386013,0.08165964152237727,0.8675236065468663,5082
372,0.25,58,42,58,47,11,0,0,16,1.3289279999999992,888.5446144465707,0.9805622388248703,139437.0051718433,1.2454690829743993,12.042922411842499,0.20763659330762926,0.0822380060328036,0.864402045074087,5087
373,0.25,58,42,58,48,10,0,0,16,1.3370559999999994,889.8816704465706,0.9802818681665929,139443.25871745255,1.2445987958867573,11.963472534492155,0.20626676783607167,0.0828451256354402,0.8610926358869446,5091
374,0.25,58,42,58,49,9,0,0,16,1.337055999999999,891.2187264465706,0.9800340651021953,139453.98173525804,1.24372769374591,11.884139198724776,0.20489895170215136,0.08351153627464626,0.857547054764695,5096
375,0.25,58,42,58,48,10,0,0,16,1.3411199999999994,892.5598464465706,0.9797556828915056,139459.5561245105,1.2428799134401345,11.80457532289285,0.2035271607395319,0.08413840886814374,0.8540433873018402,5101
376,0.25,58,42,58,48,10,0,0,16,1.3167359999999995,893.8765824465706,0.9794783155248271,139468.91824683384,1.2420014938933541,11.72902858634922,0.20222463079912448,0.08471244156956467,0.8507166920341933,5106
377,0.25,58,42,58,47,11,0,0,16,1.2557759999999996,895.1323584465706,0.97917058786624,139483.2829154757,1.241109129929593,11.66155283043062,0.20106125569707967,0.08516826332436588,0.8478660778039561,5111
378,0.25,58,42,58,50,8,0,0,16,1.3289279999999992,896.4612864465706,0.9789579158316634,139499.61017915455,1.2402506756806466,11.584920577424105,0.199740009955588,0.08580965744083517,0.844193913640853,5116
379,0.25,58,42,58,48,10,0,0,16,1.3411199999999996,897.8024064465707,0.9786835031568419,139505.08385884314,1.2393860652276472,11.506847729840041,0.1983939263765524,0.08645701321807035,0.8404009673238425,5121
380,0.25,58,42,58,49,9,0,0,16,1.3776959999999991,899.1801024465707,0.9784412829152627,139509.31482878746,1.238591809980892,11.422203127710691,0.1969345366846671,0.08721310141548112,0.836037210627201,5125
381,0.25,58,42,58,48,10,0,0,16,1.2964159999999991,900.4765184465707,0.978168794767985,139521.68371556993,1.2376784493205024,11.348754305865228,0.19566817768733152,0.08784751073891825,0.8322468515980789,5130
382,0.25,58,42,58,48,10,0,0,16,1.3411199999999994,901.8176384465708,0.9778972892315344,139527.100198157,1.2367764027258232,11.269997992082121,0.19431031020831246,0.08856739154020324,0.8279810096981547,5135
383,0.25,58,42,58,48,10,0,0,16,1.3411199999999994,903.1587584465708,0.9776267610004344,139532.50059463948,1.235918254323397,11.190184368511055,0.1929342132501906,0.08929626873400569,0.823577958755203,5140
384,0.25,58,42,58,48,10,0,0,16,1.3045439999999995,904.4633024465708,0.9773572048073349,139543.52781212557,1.2350240770888763,11.115692030562993,0.19164986259591368,0.09000510671387663,0.819299290884638,5145
385,0.25,57,43,58,49,8,1,0,16,1.30785300038098,905.7711554469518,0.977119534970008,139558.42956560492,1.2341187568104506,11.041828381988946,0.19371628740331484,0.0877948803142829,0.8295982875582202,5149
386,0.25,57,43,57,48,9,0,0,15,1.3086079999999993,907.0797634469518,0.9768820025309423,139568.76241942958,1.2332173370808899,10.968781385255753,0.19243476114483776,0.08844752642940677,0.8255908703365848,5154
387,0.25,57,43,57,47,10,0,0,15,1.3004799999999992,908.3802434469518,0.9766144934680798,139575.9109851273,1.2323632635283315,10.896055212835211,0.19115886338307392,0.08910704836427688,0.8214984521164221,5159
388,0.25,57,43,57,49,8,0,0,15,1.3045439999999997,909.6847874469518,0.9764094362255098,139591.20978199833,1.2314425178129984,10.82282651953695,0.1898741494655605,0.08981909720950304,0.8171456964812002,5164
389,0.25,57,43,57,48,9,0,0,15,1.3248639999999992,911.0096514469518,0.976174393613755,139598.96011859702,1.2305802820779272,10.74787846597547,0.18855927133290298,0.09058823440386123,0.8124754770052065,5169
390,0.25,57,43,57,49,8,0,0,15,1.3289279999999992,912.3385794469518,0.9759708217120789,139610.4504067024,1.229725069080781,10.672390758309207,0.18723492558437205,0.09124905574778791,0.8080738733799098,5173
391,0.25,57,43,57,48,9,0,0,15,1.2923519999999993,913.6309314469519,0.9757373638477542,139623.11871159184,1.2288398779778027,10.601174918591688,0.18598552488757347,0.09188979250867149,0.8037908303913903,5178
392,0.25,57,43,57,48,9,0,0,15,1.2882879999999997,914.9192194469518,0.9755047188540362,139636.37147903137,1.2279813963640778,10.530559032630546,0.18474664969527274,0.09257522966394607,0.7993004085398705,5183
393,0.25,57,43,57,48,9,0,0,15,1.2679679999999993,916.1871874469518,0.975272882492835,139652.68424735346,1.2271205362292048,10.462185559581568,0.18354711508037844,0.09323505084153104,0.7948961953270931,5188
394,0.25,56,44,57,47,9,1,0,15,1.293187649359079,917.4803750963109,0.9750114137878557,139660.752946949,1.2263242355687909,10.390664475968684,0.1855475799280122,0.0915780155801069,0.8041190435809071,5193
395,0.25,55,45,56,47,8,1,0,14,1.2640320559367333,918.7444071522476,0.9747804685363556,139673.2312066582,1.225504348684521,10.323863613797815,0.1877066111599603,0.08959021144308375,0.814462020649314,5197
396,0.25,55,45,55,47,8,0,0,13,1.2639039999999995,920.0083111522476,0.9745798701692653,139685.69462057087,1.2246379770780849,10.257095860403702,0.18649265200734003,0.0901889019501637,0.8104552396835697,5202
397,0.25,55,45,55,45,10,0,0,13,1.2435839999999998,921.2518951522477,0.9743193725205173,139692.52131495712,1.2238270329821554,10.193906785251059,0.18534375973183745,0.09078700513367657,0.8064946655471549,5207
398,0.25,55,45,55,47,8,0,0,13,1.2354559999999994,922.4873511522477,0.9741202080058048,139709.23269464925,1.2229711317676415,10.13080105593768,0.18419638283523054,0.09139206907937265,0.8024515433468298,5212
399,0.25,55,45,55,47,8,0,0,13,1.2639039999999993,923.7512551522477,0.9739217047478193,139721.59634979625,1.2221475738971042,10.064790024198642,0.18299618225815714,0.0920746469204849,0.7979823365305394,5217
400,0.25,54,46,55,47,7,1,0,13,1.2279551228484795,924.9792102750962,0.9737238594588079,139739.35691112262,1.2212942272511802,10.00294596356891,0.18523974006609092,0.09004409547982149,0.8088728398792877,5221
401,0.25,54,46,54,47,7,0,0,12,1.2029439999999998,926.1821542750962,0.9735559566787003,139760.84445431057,1.2204110728587674,9.944058634205852,0.18414923396677502,0.09054476475558647,0.8053077244698934,5226
402,0.25,54,46,54,47,7,0,0,12,1.1907519999999996,927.3729062750962,0.9733885985462846,139784.1139447155,1.219532486490202,9.886543868753238,0.18308414571765258,0.09103692107496232,0.8017648517308384,5231
403,0.25,54,46,54,46,8,0,0,12,1.2151359999999998,928.5880422750962,0.9731917956099316,139799.34490858082,1.2186725510304042,9.826953895621424,0.181980627696693,0.0915608290478713,0.7979923399936342,5236
404,0.25,54,46,54,47,7,0,0,12,1.1866879999999997,929.7747302750962,0.9730255673312975,139823.1160375107,1.2177796112288577,9.770195931169363,0.1809295542809141,0.09205024178977242,0.7943823366428098,5241
405,0.25,53,47,54,45,8,1,0,12,1.162529019804011,930.9372592949002,0.9728000956480153,139841.86227394364,1.2169129314255462,9.715686248784095,0.18331483488271882,0.08993143550199154,0.8060139910269223,5245
406,0.25,53,47,53,46,7,0,0,11,1.1866879999999995,932.1239472949002,0.972634217672864,139861.22808918124,1.2160568428791356,9.658754488916003,0.1822406507342642,0.09043450068511778,0.8024066609193669,5250
407,0.25,52,48,53,45,7,1,0,11,1.1710954030390852,933.2950426979393,0.9724390679935642,139878.59575747454,1.2151985315925011,9.60381326273185,0.18468871659099706,0.08821293122434497,0.8142455683655824,5255
408,0.25,52,48,52,45,7,0,0,10,1.1582399999999997,934.4532826979392,0.9722734574879515,139897.8444621267,1.2143446978776011,9.55080755798472,0.18366937611509077,0.08863693416394502,0.8111005666499428,5260
409,0.25,52,48,52,45,7,0,0,10,1.1501119999999996,935.6033946979393,0.972108358581358,139918.26103010646,1.213482905386158,9.499029267535217,0.18267363976029263,0.08906178170553355,0.8079495828301737,5265
410,0.25,52,48,52,45,7,0,0,10,1.1501119999999996,936.7535066979393,0.9719437689068153,139938.62746464205,1.212629680003085,9.446986763706935,0.18167282237897947,0.08950792658081166,0.8046729215069486,5269
411,0.25,52,48,52,45,7,0,0,10,1.1501119999999996,937.9036186979394,0.9717796861119337,139958.94395016305,1.211786967899217,9.395295005750878,0.1806787501105938,0.08994933708430727,0.8013809892327621,5274
412,0.25,52,48,52,45,7,0,0,10,1.1460479999999995,939.0496666979393,0.9716161078587902,139979.81646936934,1.210953365528681,9.343818413699376,0.1796888156480649,0.09039287046502469,0.7980453583807993,5279
413,0.25,52,48,52,45,7,0,0,10,1.1338559999999995,940.1835226979393,0.9714530318238177,140002.45358723355,1.21012315454143,9.293866137961047,0.17872819496078934,0.09079807391100249,0.7948572123966585,5284
414,0.25,51,49,52,43,8,1,0,10,1.1344961951046566,941.318018893044,0.9712315038613453,140016.4422168313,1.2093142191212058,9.240087400893017,0.1811781843312356,0.08873234487655213,0.8065447286795827,5289
415,0.25,51,49,51,44,7,0,0,10,1.1094719999999998,942.427490893044,0.9710686640963004,140038.35974154316,1.2084633146692063,9.189237662759268,0.18018113064233857,0.08924735529402855,0.8029921998046992,5292
416,0.25,51,49,51,43,8,0,0,10,1.1541759999999996,943.581666893044,0.9708769248853885,140049.35093231217,1.2076515688427552,9.133350534761021,0.1790853046031573,0.08988225851936753,0.7987858877451577,5296
417,0.25,50,50,51,44,6,1,0,10,1.1003204017025552,944.6819872947466,0.9707151031426978,140072.53422808633,1.2068074085690974,9.083650864013755,0.1816730172802751,0.08764127823141037,0.8112132241376832,5300
418,0.25,50,50,50,43,7,0,0,9,1.0891519999999997,945.7711392947466,0.9705529022239151,140093.088586739,1.2059751609279517,9.035030644854654,0.1807006128970931,0.08815220892801298,0.8077651011701236,5304
419,0.25,50,50,50,44,6,0,0,9,1.1094719999999996,946.8806112947466,0.9704204335995786,140114.81322717847,1.2051500586926813,8.98406031940204,0.17968120638804078,0.08873361026833423,0.8039379554789404,5308
420,0.25,50,50,50,43,7,0,0,9,1.0972799999999998,947.9778912947465,0.9702591369891028,140134.06981312812,1.2043417161341436,8.934316610818794,0.17868633221637586,0.0892804227119317,0.8002247119201319,5311
421,0.25,50,50,50,44,6,0,0,9,1.0972799999999998,949.0751712947465,0.9701274832988127,140157.49650107438,1.203513967904515,8.884859992826767,0.17769719985653532,0.08983714645022088,0.7964357628327209,5315
422,0.25,50,50,50,43,7,0,0,9,1.0769600000000001,950.1521312947465,0.9699670832240962,140179.65714448577,1.202678361415225,8.836967585998787,0.17673935171997573,0.09033051343256125,0.7928845875365008,5319
423,0.25,49,51,50,43,6,1,0,9,1.102420332901537,951.254551627648,0.9698071497134879,140198.0151073201,1.2018480616756089,8.78731770123018,0.17933301431082,0.0882348185875519,0.8051009086814891,5323
424,0.25,48,52,49,42,6,1,0,8,1.0399096164300705,952.2944612440781,0.9696467991169978,140221.3342977483,1.20101588236345,8.745327610109939,0.18219432521062376,0.08561586005437631,0.8191214545838862,5327
425,0.25,48,52,48,42,6,0,0,7,1.0485119999999999,953.342973244078,0.9695150249448892,140243.3371329519,1.2001778227122613,8.701700904193725,0.18128543550403595,0.08607385761112261,0.8160383572110588,5330
426,0.25,48,52,48,42,6,0,0,7,1.040384,954.3833572440781,0.9693836171938361,140266.486191213,1.1993485453546753,8.659845929156159,0.18041345685741997,0.08645085584427034,0.8132625192252583,5334
427,0.25,48,52,48,42,6,0,0,7,1.0363200000000001,955.4196772440781,0.9692525743376142,140290.1815740584,1.1985241362795567,8.61802852952123,0.17954226103169227,0.08682863961031254,0.8104517505179393,5338
428,0.25,47,53,48,41,6,1,0,7,1.048094488973486,956.4677717330516,0.9690930098209127,140307.91623730212,1.1977441069651542,8.574991934212669,0.1824466368981419,0.08411148453264918,0.824715661585709,5342
429,0.25,47,53,47,42,5,0,0,6,1.0160000000000002,957.4837717330515,0.9689906827818964,140334.49335312817,1.1968939795163278,8.53621858884453,0.18162167210307514,0.08442626480993048,0.822312558253733,5346
430,0.25,47,53,47,42,5,0,0,6,1.0160000000000002,958.4997717330515,0.9688886328282538,140361.0141260098,1.1960508084419676,8.497543792498737,0.18079880409571786,0.08474124434755802,0.8198844473040353,5349
431,0.25,47,53,47,42,5,0,0,6,1.0200640000000003,959.5198357330515,0.9687868588360519,140386.88413052887,1.1952184294554504,8.458332897263515,0.17996452972901097,0.08508234191468032,0.8173178813290667,5353
432,0.25,47,53,47,42,5,0,0,6,1.0160000000000002,960.5358357330515,0.9686853596874282,140413.29327090626,1.1943890883659152,8.419709336833343,0.17914275184751796,0.0854039038385046,0.8148114655276572,5357
433,0.25,47,53,47,42,5,0,0,6,1.0200640000000003,961.5558997330515,0.9685841342705495,140439.05303632372,1.1935455596189397,8.380508724036696,0.1783086962560999,0.08575022382843785,0.8121673794373856,5361
434,0.25,47,53,47,42,5,0,0,6,1.0160000000000002,962.5718997330515,0.9684831814795714,140465.35125064114,1.1926797204885895,8.341820987772067,0.17748555293132062,0.08607620055666972,0.8095844825798576,5365
435,0.25,47,53,47,42,5,0,0,6,1.0200640000000003,963.5919637330516,0.9683825002145984,140491.0014769528,1.191825036377394,8.302656309573662,0.17665226190582262,0.08642673283326649,0.8068658326295942,5369
436,0.25,47,53,47,42,5,0,0,6,1.0241280000000001,964.6160917330516,0.9682820893816436,140516.00544676642,1.1909783475868894,8.262999255662406,0.1758084948013278,0.08678702022424198,0.8040617422620124,5373
437,0.25,47,53,47,42,5,0,0,6,1.0200640000000003,965.6361557330516,0.9681819478925892,140541.54786382848,1.1901377078971358,8.22383991599647,0.17497531736162705,0.0871394529255026,0.8012731060714252,5376
438,0.25,47,53,47,42,5,0,0,6,1.0160000000000002,966.6521557330516,0.9680820746651467,140567.6273456988,1.1892995058197569,8.185097485875204,0.17415101033777025,0.08748220128081824,0.7985047131236936,5380
439,0.25,47,53,47,42,5,0,0,6,1.032256,967.6844117330515,0.9679824686228192,140591.29024962595,1.1884834477207256,8.144473285145795,0.17328666564139988,0.08788762482283644,0.7953980805092429,5384
440,0.25,47,53,47,42,5,0,0,6,1.0200640000000003,968.7044757330516,0.9678831286948613,140616.67248612712,1.1876636742561166,8.1052180790941,0.17245144849136387,0.08825111949860942,0.792466706234709,5388
441,0.25,47,53,47,42,5,0,0,6,1.0200640000000003,969.7245397330516,0.9677840538162413,140642.00132291604,1.1868508073188293,8.065876475967109,0.17161439310568316,0.08861615327142881,0.7894929572342132,5392
442,0.25,47,53,47,42,5,0,0,6,1.0241280000000001,970.7486677330517,0.9676852429276036,140666.68803047045,1.1860431547704233,8.026177153192673,0.17076972666367393,0.08898344178049403,0.7864623072145273,5395
443,0.25,47,53,47,42,5,0,0,6,1.0281920000000002,971.7768597330517,0.96758669497523,140690.73432923394,1.185244264388137,7.985880478667458,0.16991235060994592,0.08936912299774831,0.7833022233777328,5399
444,0.25,47,53,47,42,5,0,0,6,1.0241280000000004,972.8009877330517,0.9674884089110031,140715.31765093532,1.1844222778340623,7.946014207077679,0.16906413206548257,0.0897610643995825,0.7801007592909478,5403
445,0.25,46,54,47,41,5,1,0,6,1.015629257782569,973.8166169908343,0.9673621502583359,140736.9699887653,1.1836131964305259,7.907424228277521,0.17190052670168526,0.08757163910628085,0.7939526079161564,5407
446,0.25,46,54,46,41,5,0,0,5,0.9956800000000001,974.8122969908343,0.9672634992245877,140761.45779405383,1.1828085585366348,7.871220577966686,0.17111349082536273,0.08787530752482574,0.7913061107471444,5411
447,0.25,46,54,46,41,5,0,0,5,1.003808,975.8161049908343,0.9671651037706626,140784.72295893333,1.181992707257804,7.834060149288829,0.17030565541932238,0.08820545453656374,0.7884907568528094,5414
448,0.25,46,54,46,41,5,0,0,5,0.9956800000000001,976.8117849908343,0.967066962904632,140809.11196345836,1.18117714690627,7.797882333704316,0.16951918116748516,0.08851650184597924,0.7857599418567588,5418
449,0.25,46,54,46,41,5,0,0,5,0.9997440000000002,977.8115289908343,0.9669690756396933,140832.8659635704,1.180370139726381,7.761332774256795,0.16872462552732162,0.08882505085902062,0.7829937354836778,5422
450,0.25,46,54,46,41,5,0,0,5,0.9956800000000002,978.8072089908343,0.9668714409941372,140857.15627508322,1.1795678821829296,7.7251184685591765,0.16793735801215598,0.08914206914699259,0.7801806328285184,5426
451,0.25,46,54,46,41,5,0,0,5,0.9956800000000002,979.8028889908343,0.9667740579913153,140881.39721875353,1.1787722416134736,7.688924082774831,0.1671505235385833,0.08945509805405921,0.7773545378816418,5430
452,0.25,46,54,46,41,5,0,0,5,0.9956800000000001,980.7985689908343,0.9666769256596066,140905.58894493198,1.1779831944598655,7.652718823960395,0.16636345269479122,0.0897735934999506,0.7744773804867687,5434
453,0.25,46,54,46,41,5,0,0,5,0.9956800000000001,981.7942489908343,0.9665800430323861,140929.7316033593,1.1772007172779377,7.616483992980274,0.16557573897783204,0.09009067003885278,0.771574698152049,5438
454,0.25,46,54,46,41,5,0,0,5,0.9956800000000001,982.7899289908343,0.966483409147992,140953.8253431695,1.1764247867333042,7.580102294749366,0.16478483249455145,0.09041035855030426,0.7686250050324104,5441
455,0.25,46,54,46,41,5,0,0,5,0.9997440000000002,983.7896729908342,0.9663870230496948,140977.28793834592,1.1756584270438952,7.543823281824844,0.1639961583005401,0.09073576542730998,0.7656272782060818,5445
456,0.25,46,54,46,41,5,0,0,5,0.9956800000000001,984.7853529908342,0.9662908837856646,141001.28477570115,1.1748955166112909,7.507510830124151,0.16320675717661196,0.09106065446365773,0.7625994374200573,5449
457,0.25,46,54,46,41,5,0,0,5,0.9956800000000001,985.7810329908342,0.9661949904089405,141025.2331374412,1.174139083481684,7.471299002175283,0.16241954352554966,0.09138772173394463,0.7595370824420946,5453
458,0.25,46,54,46,41,5,0,0,5,0.9956800000000002,986.7767129908342,0.9660993419773996,141049.133170305,1.173389104756958,7.435139420150343,0.16163346565544226,0.09171405493403266,0.7564494426175971,5457
459,0.25,45,55,46,41,4,1,0,5,0.9924172190237812,987.769130209858,0.9660039375537254,141073.45101015113,1.1726435908211386,7.399526753171545,0.16443392784825656,0.0898282267465668,0.7701607593023744,5461
460,0.25,45,55,45,41,4,0,0,4,0.9834880000000003,988.7526182098579,0.9659355267530741,141098.9942586319,1.171848777343415,7.36579379955747,0.16368430665683262,0.09009836896587568,0.767469100719261,5465
461,0.25,45,55,45,41,4,0,0,4,0.9794240000000003,989.7320422098579,0.9658672862556358,141125.0662231099,1.1710323208272848,7.332100208719839,0.16293556019377423,0.09037016401290314,0.764746587249228,5468
462,0.25,44,56,45,41,3,1,0,4,0.9737300226198891,990.7057722324778,0.9657992154262667,141151.89788879652,1.170221638494663,7.299188967042019,0.16589065834186406,0.08824357401189604,0.7794486079240901,5472
463,0.25,44,56,44,41,3,0,0,3,0.9712960000000003,991.6770682324778,0.9657579603774626,141179.02337858538,1.1694374479741068,7.266394436825974,0.1651453281096812,0.08851757937896779,0.7768233536846563,5476
464,0.25,44,56,44,41,3,0,0,3,0.9631680000000001,992.6402362324778,0.9657168053794852,141207.25201710686,1.1686306217482854,7.2346708519180485,0.164424337543592,0.08876170130669518,0.7743415512891008,5480
465,0.25,44,56,44,41,3,0,0,3,0.9631680000000001,993.6034042324778,0.9656757500688137,141235.4259277134,1.1678293881942992,7.202994880275528,0.1637044290971711,0.0890046438858583,0.7718431432876365,5484
466,0.25,44,56,44,41,3,0,0,3,0.9631680000000001,994.5665722324778,0.9656347940836861,141263.5452694054,1.1670337277286862,7.171281779544068,0.16298367680781975,0.08925287964668084,0.7692982059737281,5488
467,0.25,44,56,44,41,3,0,0,3,0.9631680000000001,995.5297402324778,0.9655939370640891,141291.61020056801,1.1662436208587095,7.139593350711404,0.162263485243441,0.08949723240252072,0.7667459876197368,5492
468,0.25,44,56,44,41,3,0,0,3,0.9631680000000001,996.4929082324778,0.9655531786517471,141319.620878974,1.1654590481821823,7.10766149685563,0.16153776129217337,0.08974588961391444,0.7641401435861591,5495
469,0.25,44,56,44,41,3,0,0,3,0.9631680000000001,997.4560762324778,0.9655125184901112,141347.5774617867,1.1646799903833205,7.075951480861956,0.160817079110499,0.08999657191604546,0.7615129141228986,5499
470,0.25,44,56,44,41,3,0,0,3,0.9712960000000002,998.4273722324779,0.9654719562243502,141374.32919570798,1.1639124169068504,7.043201221415027,0.16007275503215967,0.09027992879375313,0.7586745637490502,5503
471,0.25,44,56,44,41,3,0,0,3,0.9631680000000001,999.3905402324779,0.965431491501339,141402.17893910335,1.163120742578511,7.011350475673072,0.1593488744471153,0.09053522056445769,0.7559706503944218,5507
472,0.25,44,56,44,41,3,0,0,3,0.9631680000000001,1000.3537082324779,0.965391123969649,141429.97505350443,1.1623345804159,6.979662046840409,0.15862868288273657,0.0907857688368377,0.7532696457196943,5511
473,0.25,44,56,44,41,3,0,0,3,0.9631680000000001,1001.3168762324779,0.9653508532795376,141457.71769366864,1.1615539112725157,6.947889691934455,0.15790658390760123,0.09103918692150588,0.750527416030716,5514
474,0.25,44,56,44,41,3,0,0,3,0.9631680000000001,1002.2800442324778,0.9653106790829385,141485.4070137585,1.1607787160895622,6.916185580655934,0.15718603592399852,0.0912967331260014,0.7477466130133011,5518
475,0.25,44,56,44,41,3,0,0,3,0.9672320000000001,1003.2472762324778,0.9652706010334512,141512.4699198301,1.1600110369272443,6.884183632556278,0.15645871892173357,0.09154966591985308,0.7449430944204832,5522
476,0.25,44,56,44,41,3,0,0,3,0.9631680000000001,1004.2104442324778,0.9652306187863313,141540.0534980844,1.1592467304664182,6.852495963131865,0.1557385446166333,0.09180816616404247,0.7421081566252162,5526
477,0.25,44,56,44,41,3,0,0,3,0.9631680000000001,1005.1736122324778,0.9651907319984807,141567.58421458508,1.15848784132462,6.820764363355442,0.15501737189444187,0.0920662900740382,0.7392466433066864,5530
478,0.25,44,56,44,41,3,0,0,3,0.9631680000000001,1006.1367802324778,0.9651509403284375,141595.06222114482,1.1577343507938462,6.78907208699848,0.15429709288632912,0.09232696508660837,0.736350827796906,5534
479,0.25,44,56,44,41,3,0,0,3,0.9631680000000001,1007.0999482324778,0.9651112434363666,141622.4876689954,1.1569862402514661,6.757362619077051,0.15357642316084208,0.09258493027574846,0.733439494674252,5538
480,0.25,44,56,44,41,3,0,0,3,0.9631680000000001,1008.0631162324778,0.9650716409840497,141649.86070879074,1.1562434911584683,6.7256574641604745,0.1528558514581926,0.09284928046649345,0.7304753398515357,5542
481,0.25,42,58,44,41,1,2,0,3,0.9531938953584168,1009.0163101278362,0.9650321326348761,141678.5819665178,1.155495759038349,6.695265894902721,0.15941109273577908,0.08898001742830396,0.7624482361723272,5546
482,0.25,42,58,42,41,1,0,0,1,0.9306560000000001,1009.9469661278362,0.9650447728989103,141710.41133845467,1.1547212093622523,6.667803187998944,0.1587572187618796,0.08914886833528085,0.7602657304787177,5549
483,0.25,42,58,42,41,1,0,0,1,0.9306560000000001,1010.8776221278362,0.9650573845573576,141742.18210350315,1.1539511556276572,6.640208684832044,0.15810020678171532,0.089321384579354,0.7580422956976381,5553
484,0.25,41,59,42,41,0,1,0,1,0.9146467878517508,1011.7922689156879,0.9650699677072121,141776.13765889866,1.1531534229068419,6.61475337216761,0.16133544810164901,0.0869936425791056,0.7747450904943252,5557
485,0.25,41,59,41,41,0,0,0,0,0.9144000000000001,1012.7066689156879,0.9651084648262144,141810.0664368749,1.1523636003415025,6.5893343614618765,0.16071547223077748,0.0871069706089719,0.7729417812275625,5561
486,0.25,41,59,41,41,0,0,0,0,0.9144000000000001,1013.6210689156879,0.9651468771816766,141843.93399971756,1.151577840914381,6.563926220203632,0.16009576146838125,0.08721765458591002,0.7711349298942789,5565
487,0.25,41,59,41,41,0,0,0,0,0.9144000000000001,1014.5354689156879,0.9651852050532415,141877.74051294604,1.1507961307368495,6.538613306773184,0.15947837333593134,0.08733033040867164,0.769310318434283,5569
488,0.25,41,59,41,41,0,0,0,0,0.9144000000000001,1015.449868915688,0.9652234487193226,141911.48614148362,1.1500184559852018,6.513328199714907,0.15886166340768065,0.087438678729262,0.7674899790483349,5573
489,0.25,41,59,41,41,0,0,0,0,0.9144000000000001,1016.364268915688,0.9652616084571123,141945.17104966004,1.1492448028960693,6.48799370250171,0.1582437488415051,0.0875498965262336,0.765640300106554,5576
490,0.25,41,59,41,41,0,0,0,0,0.9144000000000001,1017.278668915688,0.9652996845425867,141978.7954012142,1.1484751577714916,6.4626426255005205,0.1576254298902566,0.0876638240383862,0.7637634357020783,5580
491,0.25,41,59,41,41,0,0,0,0,0.9144000000000001,1018.193068915688,0.9653376772505141,142012.35935929688,1.1477095069723064,6.437285901045066,0.15700697319622112,0.08777651600469193,0.7618760337583256,5584
492,0.25,41,59,41,41,0,0,0,0,0.9144000000000001,1019.107468915688,0.9653755868544601,142045.86308647314,1.1469478369240422,6.411959924724825,0.15638926645670306,0.08788971008461381,0.7599728972455307,5588
493,0.25,41,59,41,41,0,0,0,0,0.9144000000000001,1020.021868915688,0.9654134136267952,142079.3067447253,1.146190134115336,6.386455051426029,0.15576719637624462,0.08799904312577395,0.7580600852904484,5592
494,0.25,41,59,41,41,0,0,0,0,0.9184640000000002,1020.9403329156879,0.9654511578387011,142112.12479542795,1.1454396343155324,6.361052905614841,0.15514763184426442,0.08811168685332042,0.7561237072915107,5596
495,0.25,41,59,41,41,0,0,0,0,0.9184640000000002,1021.8587969156879,0.9654888197601765,142144.8838512906,1.1446931794850084,6.335654719340736,0.15452816388635945,0.08822172730605882,0.7541827228412973,5600
496,0.25,41,59,41,41,0,0,0,0,0.9144000000000001,1022.7731969156879,0.9655263996600446,142178.14901536508,1.1439472904607795,6.310266936663671,0.15390894967472368,0.08833705992254937,0.7522042233304801,5604
497,0.25,41,59,41,41,0,0,0,0,0.9144000000000001,1023.6875969156879,0.9655638978059586,142211.35475180534,1.1432053152410473,6.284770584036928,0.15328708741553485,0.08845007272909572,0.7502130010835113,5608
498,0.25,41,59,41,41,0,0,0,0,0.9144000000000001,1024.6019969156878,0.9656013144644088,142244.50121971892,1.1424672406123275,6.259465386308452,0.15266988747093788,0.08856102376972132,0.7482258258781379,5611
499,0.25,41,59,41,41,0,0,0,0,0.9144000000000001,1025.5163969156877,0.965638649900728,142277.5885776459,1.1417102138238564,6.234184108534019,0.15205327093985413,0.0886761630073661,0.7462061577986617,5615
500,0.25,41,59,41,41,0,0,0,0,0.9144000000000001,1026.4307969156876,0.9656759043790988,142310.61698356128,1.1409571126684264,6.208829990499544,0.15143487781706208,0.08878790272719023,0.7441803192739987,5619
501,0.25,41,59,41,41,0,0,0,0,0.9144000000000001,1027.3451969156874,0.9657130781625591,142343.58659487785,1.1402079239352143,6.183518624989831,0.15081752743877633,0.08890315560192569,0.7421256430002684,5623
502,0.25,41,59,41,41,0,0,0,0,0.9184640000000001,1028.2636609156875,0.9657501715130086,142375.9348547124,1.1394667428937963,6.158010511493952,0.15019537832912078,0.08901657182721504,0.7400500741465922,5627
503,0.25,41,59,41,41,0,0,0,0,0.9144000000000001,1029.1780609156874,0.9657871846912148,142408.78771706237,1.138725335024738,6.132702459140604,0.14957810875952693,0.08913231987670846,0.7379601886692718,5631
504,0.25,41,59,41,41,0,0,0,0,0.9144000000000001,1030.0924609156873,0.9658241179568193,142441.58225327468,1.1379878003217883,6.107321460158436,0.1489590600038643,0.0892445938793906,0.7358640227628571,5635
505,0.25,41,59,41,41,0,0,0,0,0.9144000000000001,1031.0068609156872,0.9658609715683438,142474.3186185377,1.1372541258113005,6.0818847098159905,0.1483386514589266,0.08936085672692488,0.7337299852804298,5639
506,0.25,41,59,41,41,0,0,0,0,0.9144000000000001,1031.921260915687,0.9658977457831959,142506.99696748974,1.1365242985781348,6.056571036977293,0.14772124480432422,0.08947275971501423,0.7316059076083252,5643
507,0.25,41,59,41,41,0,0,0,0,0.9144000000000001,1032.835660915687,0.9659344408576752,142539.61745422144,1.1357983057649605,6.0312658392488165,0.14710404485972722,0.0895849573952839,0.7294641121395768,5646
508,0.25,41,59,41,41,0,0,0,0,0.9144000000000001,1033.7500609156868,0.9659710570469798,142572.18023227833,1.13505352370518,6.005924001048148,0.14648595124507677,0.08970053589309411,0.7272878641021515,5650
509,0.25,41,59,41,41,0,0,0,0,0.9144000000000001,1034.6644609156867,0.9660075946052115,142604.68545466303,1.1343126007864341,5.980598695771109,0.14586826087246607,0.0898125840856012,0.7251110431032448,5654
510,0.25,41,59,41,41,0,0,0,0,0.9144000000000001,1035.5788609156866,0.9660440537853817,142637.13327383786,1.1335755241538337,5.955190088719543,0.14524853874925717,0.08993129493723934,0.7228816195280499,5658
511,0.25,41,59,41,41,0,0,0,0,0.9144000000000001,1036.4932609156865,0.9660804348394177,142669.5238417271,1.1328422810106087,5.929928959276961,0.1446324136409015,0.09004414472161071,0.7206706724369883,5662
512,0.25,41,59,41,41,0,0,0,0,0.9144000000000001,1037.4076609156864,0.9661167380181686,142701.85730971934,1.1321128586170282,5.9046383924157775,0.14401557054672628,0.09015907401723147,0.718430901296997,5666
513,0.25,41,59,41,41,0,0,0,0,0.9144000000000001,1038.3220609156863,0.9661529635714099,142734.13382867,1.1313647585294742,5.879058831844212,0.14339167882546858,0.0902732343930624,0.7161569250943433,5670
514,0.25,41,59,41,41,0,0,0,0,0.9144000000000001,1039.2364609156862,0.966189111747851,142766.35354890343,1.1306205035863777,5.853768290708997,0.142774836358756,0.09038828788861801,0.7138809515341266,5674
515,0.25,41,59,41,41,0,0,0,0,0.9144000000000001,1040.150860915686,0.9662251827951394,142798.51662021544,1.129880081054102,5.828399082469892,0.1421560751821925,0.09050224307648307,0.7115865222667853,5678
516,0.25,41,59,41,41,0,0,0,0,0.9184640000000001,1041.0693249156861,0.9662611769598669,142830.06562703455,1.1291444621644977,5.803017073049575,0.14153700178169693,0.09061712342787032,0.7092689065919416,5681
517,0.25,41,59,41,41,0,0,0,0,0.9144000000000001,1041.983724915686,0.9662970944875756,142862.1162120793,1.1284116653836367,5.777692527180788,0.1409193299312387,0.09073284403814892,0.7069333597273098,5685
518,0.25,41,59,41,41,0,0,0,0,0.9144000000000001,1042.898124915686,0.9663329356227629,142894.11059402183,1.1276826631419792,5.752284385922541,0.14029961916884248,0.09084824015425774,0.7045749815264254,5689
519,0.25,41,59,41,41,0,0,0,0,0.9144000000000001,1043.8125249156858,0.9663687006088871,142926.04892056712,1.1269574429244626,5.7269773772072465,0.1396823750538353,0.09096554259038953,0.7021967552682852,5693
520,0.25,41,59,41,41,0,0,0,0,0.9144000000000001,1044.7269249156857,0.9664043896883735,142957.93133890312,1.1262136793486563,5.7016721699335875,0.13906517487642897,0.09107841189456051,0.69982061777186,5697
521,0.25,41,59,41,41,0,0,0,0,0.9144000000000001,1045.6413249156856,0.9664400031026191,142989.75799570288,1.1254737218826003,5.676286117151103,0.138446002857344,0.09119791908919123,0.6973892930296077,5701
522,0.25,41,59,41,41,0,0,0,0,0.9144000000000001,1046.5557249156855,0.9664755410919985,143021.5290371268,1.1247375580179961,5.650848607400408,0.13782557579025384,0.09131365494293242,0.6949527571997658,5705
523,0.25,41,59,41,41,0,0,0,0,0.9144000000000001,1047.4701249156853,0.9665110038958693,143053.24460882499,1.1240051752965199,5.625542703797979,0.13720835862921904,0.09142934544014712,0.6925074819273269,5709
524,0.25,41,59,41,41,0,0,0,0,0.9144000000000001,1048.3845249156852,0.9665463917525773,143084.90485593936,1.1232765613176836,5.6002375060695035,0.13659115868462204,0.09154380594751077,0.6900491775774991,5713
525,0.25,41,59,41,41,0,0,0,0,0.9184640000000002,1049.3029889156853,0.9665817048994619,143115.95562610828,1.122553652219552,5.5747628877658535,0.13596982653087444,0.09166213304265196,0.6875408047379963,5716
526,0.25,41,59,41,41,0,0,0,0,0.9144000000000001,1050.2173889156852,0.9666169435728614,143147.50601798447,1.1218325366110284,5.549460889061309,0.13535270461125146,0.09178025478954036,0.6850274948872006,5720
527,0.25,41,59,41,41,0,0,0,0,0.9184640000000001,1051.1358529156853,0.9666521080081186,143178.4479451792,1.121117313136399,5.524040244205156,0.1347326888830526,0.09189504027087886,0.6825014386836938,5724
528,0.25,41,59,41,41,0,0,0,0,0.9144000000000001,1052.0502529156852,0.9666871984395853,143209.88905467687,1.1204036467247167,5.498683069263245,0.13411422120154257,0.09201217419440286,0.679949965688331,5728
529,0.25,41,59,41,41,0,0,0,0,0.9144000000000001,1052.964652915685,0.9667222151006282,143241.27555692734,1.1196936878648476,5.473182083977983,0.13349224595068251,0.09212981334895239,0.6773652130415766,5732
530,0.25,41,59,41,41,0,0,0,0,0.9144000000000001,1053.879052915685,0.9667571582236336,143272.6075940709,1.1189874244746771,5.447833229338054,0.13287398120336721,0.09224739371912563,0.674773294142538,5736
531,0.25,41,59,41,41,0,0,0,0,0.9144000000000001,1054.7934529156848,0.9667920280400133,143303.88530775483,1.1182848445261782,5.422498732124857,0.13225606663719164,0.09236466468532557,0.6721644477636606,5740
532,0.25,41,59,41,41,0,0,0,0,0.9144000000000001,1055.7078529156847,0.9668268247802085,143335.10883913576,1.1175859360441456,5.397203558331124,0.1316391111788079,0.09248174908738152,0.6695400934388903,5744
533,0.25,41,59,41,41,0,0,0,0,0.9144000000000001,1056.6222529156846,0.966861548673696,143366.27832888163,1.1168906871038702,5.371828305988396,0.13102020258508285,0.09259915019520447,0.6668879520435776,5748
534,0.25,41,59,41,41,0,0,0,0,0.9144000000000001,1057.5366529156845,0.9668961999489926,143397.39391717387,1.1161990858308746,5.3465725686125865,0.13040420899055088,0.0927170171469533,0.6642236935713357,5752
535,0.25,41,59,41,41,0,0,0,0,0.9144000000000001,1058.4510529156844,0.9669307788336603,143428.45574370955,1.1155111204052721,5.3212905314299,0.12978757393731466,0.09283383372628325,0.661542525510126,5756
536,0.25,41,59,41,41,0,0,0,0,0.9144000000000001,1059.3654529156843,0.9669652855543113,143459.4639477033,1.114826779057112,5.295932664151215,0.12916908936954183,0.09295175657511988,0.6588297214576286,5760
537,0.25,41,59,41,41,0,0,0,0,0.9184640000000002,1060.2839169156844,0.966999720336613,143489.86867835178,1.1141493623858927,5.270327818614787,0.12854458094182405,0.09306763949058963,0.6560856013105102,5764
538,0.25,41,59,41,41,0,0,0,0,0.9144000000000001,1061.1983169156842,0.9670340834052928,143520.77040855415,1.1134722305161155,5.2449137106909935,0.12792472465099985,0.09318703670316379,0.653320423974117,5768
539,0.25,41,59,41,41,0,0,0,0,0.9184640000000001,1062.1167809156843,0.9670683749841431,143551.06965596808,1.1128022061526048,5.219312988311783,0.12730031678809228,0.09330798215229233,0.6505111255636382,5772
540,0.25,41,59,41,41,0,0,0,0,0.9144000000000001,1063.0311809156842,0.9671025952960259,143581.86546186195,1.1121104036555105,5.193987683034745,0.1266826264154816,0.09342419964332177,0.6477284199798803,5775
541,0.25,41,59,41,41,0,0,0,0,0.9144000000000001,1063.945580915684,0.9671367445628782,143612.60833330988,1.1114222140212142,5.168731945658934,0.1260666328209496,0.09354277789396691,0.6449200773490967,5779
542,0.25,41,59,41,41,0,0,0,0,0.9144000000000001,1064.859980915684,0.967170823005716,143643.29840667703,1.1107376256315171,5.143426747930457,0.12544943287635266,0.09365952455821311,0.6420960500958035,5783
543,0.25,41,59,41,41,0,0,0,0,0.9184640000000001,1065.778444915684,0.9672048308446398,143673.38796396277,1.110060554920185,5.118040867216128,0.1248302650540519,0.09377780069616574,0.6392368851706781,5787
544,0.25,41,59,41,41,0,0,0,0,0.9144000000000001,1066.692844915684,0.9672387682988389,143703.97320150447,1.1093831301505266,5.092684142760674,0.12421180836001643,0.09389769034649774,0.6363518611998554,5791
545,0.25,41,59,41,41,0,0,0,0,0.9184640000000001,1067.611308915684,0.9672726355865964,143733.95890293914,1.1087094839394154,5.067202172543964,0.12359029689131618,0.0940201485338247,0.6334220745004301,5795
546,0.25,41,59,41,41,0,0,0,0,0.9144000000000001,1068.525708915684,0.9673064329252934,143764.43984289913,1.1080391808963728,5.041833943892884,0.12297155960714352,0.09413759855462132,0.6305066964913312,5798
547,0.25,41,59,41,41,0,0,0,0,0.9144000000000001,1069.4401089156838,0.9673401605314144,143794.8686588154,1.1073724217415457,5.016578206517074,0.12235556601261155,0.0942568710758354,0.627572101720975,5802
548,0.25,41,59,41,41,0,0,0,0,0.9144000000000001,1070.3545089156837,0.9673738186205509,143825.2454842761,1.1067091951510517,4.991243709303878,0.12173765144643604,0.09437617478330179,0.6246093861932351,5806
549,0.25,41,59,41,41,0,0,0,0,0.9144000000000001,1071.2689089156836,0.9674074074074074,143855.57045241326,1.1060278655321991,4.965867892095606,0.12111872907550257,0.09449625453629856,0.6216181660297917,5810
550,0.25,41,59,41,41,0,0,0,0,0.9144000000000001,1072.1833089156835,0.9674409271058044,143885.84369590477,1.1053500919444066,4.940562694367129,0.12050152913090559,0.09461395447502137,0.6186247178910855,5814
551,0.25,41,59,41,41,0,0,0,0,0.9144000000000001,1073.0977089156834,0.9674743779286842,143916.06534697628,1.1046758630602813,4.915181921518081,0.1198824858906849,0.0947339687806789,0.6155917089619638,5818
552,0.25,41,59,41,41,0,0,0,0,0.9144000000000001,1074.0121089156833,0.9675077600881146,143946.23553740312,1.1040051675967806,4.889899884335397,0.1192658508374487,0.09485284416371384,0.61255307506324,5822
553,0.25,41,59,41,41,0,0,0,0,0.9144000000000001,1074.9265089156831,0.9675410737952937,143976.3543985123,1.1033379943245731,4.8644803211762,0.11864586149210243,0.0949706857291787,0.6094854050377015,5825
554,0.25,40,60,41,40,0,1,0,0,0.8953580408663739,1075.8218669565495,0.9675493379965027,144005.25287543455,1.102660220755214,4.839918959124185,0.1209979739781046,0.09437500450133503,0.6217529073474549,5829
555,0.25,40,60,40,40,0,0,0,0,0.8940800000000001,1076.7159469565495,0.9675817319690542,144034.27425623368,1.1019912424366065,4.815364004733167,0.12038410011832919,0.09449156642241764,0.6187754229425857,5833
556,0.25,40,60,40,40,0,0,0,0,0.8940800000000001,1077.6100269565495,0.9676140613313389,144063.24747965584,1.1013257373142789,4.790988459178335,0.11977471147945837,0.09460683913546995,0.6158015674516951,5837
557,0.25,40,60,40,40,0,0,0,0,0.898144,1078.5081709565495,0.9676463262764633,144091.62970195137,1.1006645315011627,4.766176443340752,0.1191544110835188,0.09473039640917179,0.6127224876176013,5841
558,0.25,40,60,40,40,0,0,0,0,0.8940800000000001,1079.4022509565496,0.9676785269967654,144120.50731054303,1.1000059397754867,4.741593047114712,0.1185398261778678,0.09484856660329828,0.6096722654884494,5845
559,0.25,40,60,40,40,0,0,0,0,0.8940800000000001,1080.2963309565496,0.9677106636838181,144149.33711948647,1.099350789196889,4.717127929275271,0.11792819823188176,0.09496411044033248,0.6066265215809638,5849
560,0.25,39,61,40,39,0,1,0,0,0.8818926159776908,1081.1782235725273,0.9677179041470076,144176.04480131605,1.0987063810751256,4.6931698326101055,0.12033768801564373,0.09437657172061709,0.6191679254427562,5853
561,0.25,39,61,39,39,0,0,0,0,0.8737600000000001,1082.0519835725272,0.967749137909648,144203.7927649539,1.0980721156802877,4.6695640748965115,0.11973241217683363,0.0944896541537479,0.6162208136457522,5857
562,0.25,39,61,39,39,0,0,0,0,0.8737600000000001,1082.9257435725272,0.9677803112917617,144231.4959516329,1.09742090377662,4.645831747314039,0.11912389095677024,0.09460725577701452,0.6132181149759547,5861
563,0.25,39,61,39,39,0,0,0,0,0.8737600000000001,1083.799503572527,0.9678114244682695,144259.15446965076,1.0967730708621328,4.6221528651106025,0.11851674013104112,0.09472045462162552,0.6102227169843817,5865
564,0.25,39,61,39,39,0,0,0,0,0.8737600000000001,1084.673263572527,0.9678424776134171,144286.76842695617,1.0961286068315694,4.598533970785962,0.11791112745605027,0.09483377145535565,0.6072127715350067,5869
565,0.25,39,61,39,39,0,0,0,0,0.8737600000000001,1085.547023572527,0.9678734709007785,144314.33793115025,1.0954875016227081,4.574813059391088,0.11730289895874584,0.09494533587893757,0.6041808863067848,5873
566,0.25,39,61,39,39,0,0,0,0,0.8737600000000001,1086.420783572527,0.967904404503259,144341.86308948803,1.0948497452075383,4.55123360148437,0.1166982974739582,0.0950595454524746,0.6011303005656938,5877
567,0.25,39,61,39,39,0,0,0,0,0.8737600000000001,1087.294543572527,0.9679352785930987,144369.34400887974,1.094195133431139,4.527535672248789,0.11609065826278944,0.09517422396125566,0.59804468472579,5881
568,0.25,39,61,39,39,0,0,0,0,0.8737600000000001,1088.1683035725268,0.9679660933418757,144396.78079589218,1.0935438906203687,4.503818012816879,0.11548251314915071,0.09528902670171675,0.5949360381916142,5884
569,0.25,38,62,39,38,0,1,0,0,0.8641550262969899,1089.0324585988237,0.9679722311119864,144421.774354054,1.092908827483465,4.4806112471262605,0.11791082229279636,0.09477669862048195,0.6074986611682655,5888
570,0.25,38,62,38,38,0,0,0,0,0.8534400000000001,1089.8858985988238,0.968002164342458,144448.1483817685,1.0922826969473622,4.457742872305756,0.11730902295541468,0.09488718500225415,0.6044988398305678,5892
571,0.25,38,62,38,38,0,0,0,0,0.8534400000000001,1090.739338598824,0.9680320416738335,144474.48113720203,1.0916598374504975,4.434890373728488,0.11670764141390759,0.09500121413330685,0.6014630024621643,5896
572,0.25,38,62,38,38,0,0,0,0,0.8534400000000001,1091.592778598824,0.9680618632625506,144500.77271715834,1.0910402395400292,4.411875260329425,0.11610198053498484,0.09511514501688431,0.5983900545768518,5900
573,0.25,38,62,38,38,0,0,0,0,0.8534400000000001,1092.446218598824,0.9680916292644642,144527.02321813864,1.0904238937932398,4.389061325763366,0.11550161383587809,0.09522649178797617,0.5953320947538832,5904
574,0.25,38,62,38,38,0,0,0,0,0.8534400000000001,1093.2996585988242,0.9681213398348485,144553.23273634285,1.0898107908282975,4.366104281725715,0.1148974810980451,0.09533984893104748,0.5922283121114914,5908
575,0.25,38,62,38,38,0,0,0,0,0.8534400000000001,1094.1530985988243,0.9681509951283997,144579.4013676707,1.0892009212948928,4.34332978357758,0.11429815219941002,0.0954520643120368,0.5891305918437847,5912
576,0.25,38,62,38,38,0,0,0,0,0.8534400000000001,1095.0065385988244,0.9681805952992394,144605.52920772304,1.08857476999883,4.320436814100585,0.11369570563422593,0.0955651194690491,0.585995549922186,5916
577,0.25,38,62,38,38,0,0,0,0,0.8534400000000001,1095.8599785988245,0.9682101405009164,144631.6163518028,1.0879518709600755,4.29765914784906,0.11309629336444892,0.09567782772945431,0.5828553616450711,5920
578,0.25,38,62,38,38,0,0,0,0,0.857504,1096.7174825988245,0.9682396308864097,144657.1268509931,1.0873355962060671,4.274715109562065,0.1124925028832122,0.09578969312639216,0.5796807484956402,5924
579,0.25,38,62,38,38,0,0,0,0,0.857504,1097.5749865988246,0.9682690666081315,144682.59748893412,1.0867226509466446,4.251629708508292,0.11188499232916564,0.09590419230722595,0.5764564826919767,5928
580,0.25,38,62,38,38,0,0,0,0,0.8534400000000001,1098.4284265988247,0.9682984478179293,144708.56375428956,1.0861094461817855,4.228634172853761,0.11127984665404635,0.09602030287305124,0.57321415195886,5932
581,0.25,38,62,38,38,0,0,0,0,0.8534400000000001,1099.2818665988248,0.9683277746670886,144734.4897012332,1.0854994565103728,4.205822942101091,0.11067955110792346,0.09613226579438078,0.5699943681655194,5936
582,0.25,38,62,38,38,0,0,0,0,0.8534400000000001,1100.1353065988249,0.9683570473063359,144760.3754235971,1.0848926727261763,4.183043051886187,0.11008008031279441,0.09624394189448768,0.5667600150150572,5940
583,0.25,38,62,38,38,0,0,0,0,0.8534400000000001,1100.988746598825,0.9683862658858406,144786.2210149225,1.0842890856592888,4.160211377683417,0.10947924678114256,0.09635694105125117,0.5634931585641717,5944
584,0.25,38,62,38,38,0,0,0,0,0.8534400000000001,1101.842186598825,0.9684154305552184,144812.0265684608,1.0836886861749886,4.1371804198876285,0.1088731689444113,0.09647343244423233,0.5601650467066324,5948
585,0.25,38,62,38,38,0,0,0,0,0.8534400000000001,1102.6956265988251,0.968444541463533,144837.79217717465,1.083072126359959,4.11438422574883,0.10827326909865341,0.09658557447740163,0.5568673269742456,5952
586,0.25,38,62,38,38,0,0,0,0,0.8534400000000001,1103.5490665988252,0.9684735987592992,144863.51793373915,1.0824587727344468,4.091500495072356,0.10767106565979885,0.09669918644602989,0.5535319922918581,5956
587,0.25,38,62,38,38,0,0,0,0,0.857504,1104.4065705988253,0.9685026025904854,144888.67076663353,1.081848920930604,4.068556456785361,0.10706727517856213,0.09681219465580695,0.5501727811100615,5959
588,0.25,38,62,38,38,0,0,0,0,0.8534400000000001,1105.2600105988254,0.9685315531045159,144914.31741316835,1.0812419520167176,4.045703958208093,0.10646589363705508,0.09692782667960786,0.5467916992343702,5963
589,0.25,38,62,38,38,0,0,0,0,0.857504,1106.1175145988254,0.9685604504482733,144939.39195795666,1.0806387703722984,4.022539482637377,0.10585630217466786,0.09704380219435026,0.5433509258690564,5966
590,0.25,38,62,38,38,0,0,0,0,0.8534400000000001,1106.9709545988255,0.9685892947681016,144964.95986035716,1.0800189023957871,3.999740247465296,0.10525632230171832,0.09715485630619244,0.5399607787883727,5970
591,0.25,38,62,38,38,0,0,0,0,0.8534400000000001,1107.8243945988256,0.9686180862098077,144990.48836902212,1.0794022316979386,3.9769579485552518,0.10465678811987504,0.09726896496447948,0.536537920257508,5974
592,0.25,38,62,38,38,0,0,0,0,0.8534400000000001,1108.6778345988257,0.9686468249186649,145015.97757492526,1.0787887492132469,3.9540282734023795,0.10405337561585211,0.09738450909497666,0.5330700715348252,5978
593,0.25,38,62,38,38,0,0,0,0,0.8534400000000001,1109.5312745988258,0.9686755110394144,145041.4275687604,1.078178445905095,3.9311865752648685,0.1034522782964439,0.09749828200042455,0.5296031717214655,5981
594,0.25,38,62,38,38,0,0,0,0,0.8534400000000001,1110.384714598826,0.9687041447162685,145066.83844094258,1.0775713127747324,3.908410471796268,0.10285290715253337,0.09760984560226979,0.5261369121823165,5985
595,0.25,38,62,38,38,0,0,0,0,0.8534400000000001,1111.238154598826,0.9687327260929126,145092.210281609,1.0769673408563774,3.885478937107181,0.10224944571334688,0.09772545010491002,0.5226112454270169,5989
596,0.25,38,62,38,38,0,0,0,0,0.8534400000000001,1112.091594598826,0.9687612553125075,145117.54318062027,1.076366521217705,3.8625843591265867,0.10164695681912071,0.09784058186630967,0.5190738212218392,5993
597,0.25,38,62,38,38,0,0,0,0,0.8534400000000001,1112.9450345988262,0.9687897325176922,145142.8372275613,1.0757497245158898,3.839710436681736,0.10104501149162462,0.09795482078640538,0.5155248659658036,5997
598,0.25,38,62,38,38,0,0,0,0,0.8534400000000001,1113.7984745988263,0.968818157850586,145168.09251174243,1.075136098278328,3.816880310399698,0.10044421869472889,0.0980704261654561,0.5119560607479685,6001
599,0.25,38,62,38,38,0,0,0,0,0.8534400000000001,1114.6519145988264,0.9688465314527909,145193.30912220047,1.0745256335729754,3.794074879786171,0.0998440757838466,0.09818521862513963,0.5083762393224409,6005
600,0.25,38,62,38,38,0,0,0,0,0.8534400000000001,1115.5053545988264,0.9688748534653939,145218.4871476998,1.0739183215007306,3.771243205583402,0.09924324225219479,0.09829980288817441,0.5047757583417781,6009
601,0.25,38,62,38,38,0,0,0,0,0.8534400000000001,1116.3587945988265,0.9689031240289696,145243.62667673334,1.0733141531944335,3.7483993144030525,0.09864208722113298,0.09841569423517949,0.5011488644876962,6013
602,0.25,38,62,38,38,0,0,0,0,0.8575040000000002,1117.2162985988266,0.9689313432835821,145268.19936617996,1.0727150229135258,3.725444749762538,0.09803801973059309,0.0985306514475478,0.49749385993255224,6017
603,0.25,38,62,38,38,0,0,0,0,0.8575040000000002,1118.0738025988267,0.9689595113687878,145292.73436369706,1.0721191152733476,3.702525451682624,0.09743488030743748,0.09864551047476279,0.4938260831955413,6021
604,0.25,38,62,38,38,0,0,0,0,0.8534400000000001,1118.9272425988268,0.9689876284236371,145317.75955543303,1.071524321754255,3.6794598263523275,0.09682789016716653,0.09876511573311024,0.4900966011513561,6025
605,0.25,38,62,38,38,0,0,0,0,0.8534400000000001,1119.7806825988268,0.9690156945866775,145342.74660130712,1.0709326368734509,3.65660632792657,0.09622648231385711,0.09887889949888662,0.48640771958457824,6029
606,0.25,34,66,38,34,0,4,0,0,0.8104663273837871,1120.5911489262107,0.9689485330858734,145358.99213204114,1.07037633607742,3.634783707233118,0.10690540315391524,0.09870645052082153,0.5398125698920809,6033
607,0.25,31,69,34,30,0,3,1,0,0.705839125986489,1121.2969880521973,0.9688785335584033,145374.50981934846,1.069849279082333,3.616154099267399,0.11665013223443224,0.09747921052427765,0.5888177108332064,6037
608,0.25,31,69,31,30,1,0,0,1,0.6868160000000001,1121.9838040521972,0.9688776964743895,145392.47305606466,1.069317996682984,3.59786970072696,0.11606031292667612,0.09760165481315819,0.5857518616536312,6040
609,0.25,31,69,31,30,1,0,0,1,0.6868160000000001,1122.6706200521971,0.9688768606224628,145410.41431404874,1.068789387345299,3.5794690532189195,0.11546674365222322,0.09772564820786318,0.5826440558472266,6043
610,0.25,31,69,31,30,1,0,0,1,0.6868160000000001,1123.357436052197,0.9688760259999051,145428.3336336139,1.0682634451772235,3.561127478623845,0.11487507995560792,0.09784872259537739,0.5795302383998314,6046
611,0.25,31,69,31,30,1,0,0,1,0.6868160000000001,1124.044252052197,0.9688751926040061,145446.23105497466,1.0677401643065603,3.5427511398869473,0.1142822948350628,0.09797185633038873,0.5763928096989654,6049
612,0.25,31,69,31,30,1,0,0,1,0.6868160000000001,1124.7310680521969,0.9688743604320637,145464.10661824737,1.0672195388758758,3.524388740917374,0.11368995938443141,0.09809781577663292,0.5732246595018362,6052
613,0.25,31,69,31,30,1,0,0,1,0.6868160000000001,1125.4178840521968,0.9688735294813833,145481.9603634505,1.066686670055102,3.506037142387557,0.1130979723350825,0.09822098969982712,0.5700534025053341,6055
614,0.25,31,69,31,30,1,0,0,1,0.6868160000000001,1126.1047000521967,0.9688726997492786,145499.79233050477,1.0661564668305452,3.4875717308804832,0.11250231389937042,0.09834797505509338,0.5668286479585698,6058
615,0.25,31,69,31,30,1,0,0,1,0.6868160000000001,1126.7915160521966,0.968871871233071,145517.60255923375,1.0656289233486624,3.469229371151187,0.11191062487584474,0.09847081414631827,0.563623412972013,6061
616,0.25,31,69,31,30,1,0,0,1,0.6868160000000001,1127.4783320521965,0.9688710439300897,145535.3910893638,1.0651040337738429,3.450944972610748,0.11132080556808864,0.09859370933540235,0.5604078425678944,6064
617,0.25,31,69,31,30,1,0,0,1,0.6868160000000001,1128.1651480521964,0.968870217837672,145553.15796052464,1.0645817922898146,3.432544325102707,0.11072723629363569,0.0987182907850916,0.5571489659732826,6067
618,0.25,31,69,31,30,1,0,0,1,0.69088,1128.8560280521965,0.9688693929531625,145570.3791417427,1.0640638748033995,3.414107410928519,0.11013249712672643,0.09884404156018775,0.5538606516025582,6070
619,0.25,31,69,31,30,1,0,0,1,0.6868160000000001,1129.5428440521964,0.9688685692739142,145588.1030683603,1.0635469108841131,3.395755812398702,0.10954051007737751,0.09896790863188697,0.5505758384165259,6073
620,0.25,31,69,31,30,1,0,0,1,0.6868160000000001,1130.2296600521963,0.9688677467972872,145605.8054540879,1.0630325777033065,3.377402605365287,0.10894847114081568,0.09909126266386427,0.5472752415422122,6076
621,0.25,31,69,31,30,1,0,0,1,0.6868160000000001,1130.9164760521962,0.9688669255206495,145623.48633817144,1.0625208695091828,3.3590695347227424,0.10835708176524977,0.09921673719968041,0.5439489705067921,6079
622,0.25,31,69,31,30,1,0,0,1,0.6868160000000001,1131.6032920521961,0.9688661054413771,145641.14575976162,1.0620117805694702,3.3407260312825366,0.10776535584782379,0.09934045016311899,0.5406120298797834,6082
623,0.25,31,69,31,30,1,0,0,1,0.69088,1132.2941720521962,0.9688652865568531,145658.26096329777,1.0615073750143889,3.3223231614595012,0.10717171488579036,0.09946641255122524,0.537237093623841,6085
624,0.25,31,69,31,30,1,0,0,1,0.69088,1132.9850520521964,0.9688644688644689,145675.35529356328,1.0610057712713008,3.3038503060758293,0.10657581632502672,0.09959313325180896,0.5338299365011562,6088
625,0.25,31,69,31,30,1,0,0,1,0.6868160000000001,1133.6718680521963,0.9688636523616228,145692.9510686203,1.0605045027067594,3.2854647754027737,0.10598273469041206,0.09972071631855293,0.5304137855570414,6091
626,0.25,31,69,31,30,1,0,0,1,0.6868160000000001,1134.3586840521962,0.968862837045721,145710.5255363783,1.0599910782001079,3.2669993638957,0.10538707625470002,0.0998487291074086,0.5269656506387334,6094
627,0.25,31,69,31,30,1,0,0,1,0.6868160000000001,1135.045500052196,0.9688620229141772,145728.07873551638,1.0594802659358495,3.2486477653658836,0.10479508920535109,0.09997326313874433,0.5235346615631689,6097
628,0.25,31,69,31,30,1,0,0,1,0.6868160000000001,1135.732316052196,0.9688612099644128,145745.61070462017,1.0589720602332184,3.2303061907708086,0.10420342550873576,0.10009742638145075,0.5200896925106754,6100
629,0.25,31,69,31,30,1,0,0,1,0.6868160000000001,1136.419132052196,0.9688603981938563,145763.12148218194,1.0584664554280259,3.211942791952746,0.10361105780492728,0.10022057613949509,0.5166291354135244,6103
630,0.25,31,69,31,30,1,0,0,1,0.6868160000000001,1137.1059480521958,0.9688595875999438,145780.611106601,1.057963445869896,3.1936328530136837,0.10302041461334463,0.10034605433430122,0.5131481747420504,6106
631,0.25,31,69,31,30,1,0,0,1,0.6868160000000001,1137.7927640521957,0.9688587781801191,145798.0796161839,1.0574630259315512,3.175076946255029,0.10242183697596866,0.10047247640608184,0.5096068766553807,6109
632,0.25,31,69,31,30,1,0,0,1,0.6868160000000001,1138.4795800521956,0.968857969931833,145815.52704914485,1.0569651899907353,3.1567925477145895,0.10183201766821258,0.10059620904910645,0.5061046948944777,6112
633,0.25,31,69,31,30,1,0,0,1,0.6868160000000001,1139.1663960521955,0.9688571628525439,145832.95344360577,1.0564552546136026,3.1383508104341757,0.10123712291723146,0.10072314555714572,0.5025449264605109,6115
634,0.25,31,69,31,30,1,0,0,1,0.6868160000000001,1139.8532120521954,0.9688563569397175,145850.35883759678,1.0559479132432015,3.11999760340076,0.10064508398066968,0.10084733757314225,0.4989962233461263,6118
635,0.25,31,69,31,30,1,0,0,1,0.6868160000000001,1140.5400280521953,0.9688555521908268,145867.7432690564,1.0554431602669008,3.1015384286826553,0.10004962673169855,0.10097632856563063,0.4953902363513092,6121
636,0.25,31,69,31,30,1,0,0,1,0.6868160000000001,1141.2268440521952,0.968854748603352,145885.10677583175,1.0549409900874815,3.0832099523111376,0.0994583855584238,0.10109934255002279,0.49181857931276074,6124
637,0.25,31,69,31,30,1,0,0,1,0.6868160000000001,1141.9136600521952,0.9688539461747808,145902.449395679,1.0544278348463636,3.064845246012581,0.0988659756778252,0.1012247839885453,0.4882129462203436,6127
638,0.25,30,70,31,29,1,1,0,1,0.681868067011676,1142.5955281192068,0.9688299009808935,145916.9022606272,1.0539333200590535,3.0466287886307133,0.10155429295435714,0.10139570740094002,0.5007814016078294,6130
639,0.25,30,70,30,29,1,0,0,1,0.6664960000000001,1143.262024119207,0.9688283935705658,145933.30004863674,1.0534442165588394,3.0288950658510396,0.1009631688617013,0.10152636854875556,0.4972186447885367,6133
640,0.25,30,70,30,29,1,0,0,1,0.6664960000000001,1143.928520119207,0.968826888259598,145949.67872870393,1.052957642683259,3.011210015173471,0.10037366717244903,0.10165427542407103,0.49366148671110455,6136
641,0.25,30,70,30,29,1,0,0,1,0.6664960000000001,1144.595016119207,0.9688253850436074,145966.03833420837,1.0524735931643772,2.993457754961342,0.09978192516537805,0.10178204358950552,0.49007798113661866,6139
642,0.25,30,70,30,29,1,0,0,1,0.6664960000000001,1145.261512119207,0.9688238839182235,145982.37889845186,1.0519920627465285,2.9757038957907973,0.09919012985969324,0.10191061969407572,0.4864744807574134,6142
643,0.25,29,71,30,28,1,1,0,1,0.659942468793695,1145.9214545880006,0.96879922171778,145996.04478140283,1.0515092826452637,2.9579448157674086,0.10199809709542788,0.10210065414036638,0.4994975127558471,6145
644,0.25,29,71,29,28,1,0,0,1,0.6461760000000001,1146.5676305880006,0.9687970185875326,146011.44802434827,1.051029015308441,2.9407385531702035,0.10140477769552426,0.10223514092373806,0.4959224624143659,6148
645,0.25,29,71,29,28,1,0,0,1,0.6461760000000001,1147.2138065880006,0.968794818413139,146026.83391533047,1.0505512338471927,2.923572189792118,0.1008128341307627,0.10236933377496009,0.49233983807502263,6151
646,0.25,29,71,29,28,1,0,0,1,0.6461760000000001,1147.8599825880005,0.9687926211886544,146042.2024836537,1.0500759332792917,2.906415850348776,0.1002212362189233,0.10250296505194961,0.48874609050095974,6154
647,0.25,28,72,29,27,1,1,0,1,0.6402730638104994,1148.5002556518111,0.9687673258177786,146054.82164633897,1.0496202059036221,2.8894610661445435,0.10319503807659085,0.10267477895275344,0.5025271106216478,6157
648,0.25,28,72,28,27,1,0,0,1,0.6258560000000001,1149.1261116518112,0.9687644288484625,146069.25932500232,1.0491624111126283,2.8729129942458234,0.10260403550877943,0.10281490197050637,0.4989734819870263,6160
649,0.25,28,72,28,27,1,0,0,1,0.6258560000000001,1149.7519676518114,0.9687615356220007,146083.68128565332,1.048707043970474,2.8562742137781245,0.10200979334921874,0.10295570105620537,0.49538513756011837,6163
650,0.25,28,72,28,27,1,0,0,1,0.62992,1150.3818876518114,0.9687586461311445,146097.57142740194,1.0482432668461241,2.839578342269779,0.10141351222392068,0.10310078352977389,0.4917504228069381,6166
651,0.25,28,72,28,27,1,0,0,1,0.6258560000000001,1151.0077436518116,0.9687557603686636,146111.9622587652,1.0477796987431442,2.822784302551466,0.10081372509112378,0.10324330781071199,0.4880952971283145,6169
652,0.25,27,73,28,26,1,1,0,1,0.6092551265867975,1151.6169987783983,0.9687298517085751,146124.9705227576,1.0473286437737614,2.8068202609382715,0.1039563059606767,0.10340739086760942,0.5026470942364978,6172
653,0.25,27,73,27,26,1,0,0,1,0.6055360000000001,1152.2225347783983,0.9687262685536762,146138.43673208886,1.0468869394252935,2.7909983531833373,0.10337030937716064,0.10354425783035079,0.49915932293892284,6175
654,0.25,27,73,27,26,1,0,0,1,0.6055360000000001,1152.8280707783983,0.968722689848673,146151.8887948622,1.046435070900869,2.7752436549629635,0.10278680203566533,0.10368099414399519,0.4956691776970852,6178
655,0.25,27,73,27,26,1,0,0,1,0.6055360000000001,1153.4336067783984,0.9687191155852812,146165.32673335786,1.045985591890209,2.759284812072473,0.10219573378046196,0.10382507823982702,0.49209185450817045,6181
656,0.25,27,73,27,26,1,0,0,1,0.6055360000000001,1154.0391427783984,0.968715545755237,146178.75056980926,1.045538497971674,2.743472937797464,0.10161010880731348,0.10396285731946121,0.4885566647021774,6184
657,0.25,27,73,27,26,1,0,0,1,0.6055360000000001,1154.6446787783984,0.9687119803502973,146192.16032640325,1.0450937847368957,2.7276695674749853,0.10102479879536982,0.10410310777621086,0.4849966006929618,6187
658,0.25,27,73,27,26,1,0,0,1,0.6055360000000001,1155.2502147783985,0.9687084193622391,146205.5560252801,1.0446514477899198,2.7118217519904926,0.10043784266631454,0.10424180165307204,0.4814214766417329,6190
659,0.25,27,73,27,26,1,0,0,1,0.6055360000000001,1155.8557507783985,0.9687048627828599,146218.9376885337,1.0441989787193175,2.6959998537807417,0.09985184643632376,0.10438054544497406,0.47783665307432366,6193
660,0.25,27,73,27,26,1,0,0,1,0.6055360000000001,1156.4612867783985,0.9687013106039777,146232.3053382117,1.0437488925514202,2.680167155131234,0.09926545019004569,0.10452201794237437,0.4742227887061405,6196
661,0.25,27,73,27,26,1,0,0,1,0.6055360000000001,1157.0668227783985,0.9686977628174304,146245.6589963156,1.0433011848945806,2.664333456633237,0.09867901691234211,0.10465936067413363,0.47061462112526115,6199
662,0.25,27,73,27,26,1,0,0,1,0.6055360000000001,1157.6723587783986,0.9686942194150762,146258.99868480075,1.0428558513635617,2.6485787584128637,0.09809550957084678,0.10479636653876462,0.46700924651752157,6202
663,0.25,26,74,27,25,1,1,0,1,0.6028073116279907,1158.2751660900265,0.9686678101772441,146269.21560608846,1.0424206112471828,2.632721786649485,0.10125853025574943,0.10514664282490946,0.4811693993412103,6205
664,0.25,25,75,26,24,1,1,0,1,0.5794829383300016,1158.8546490283566,0.9686407167836164,146278.91439373433,1.0420080413851136,2.617624071091017,0.10470496284364068,0.10538784029816403,0.4967496733353448,6208
665,0.25,24,76,25,23,1,1,0,1,0.5498416113107094,1159.4044906396673,0.9686129385964912,146288.89345289994,1.0415940046180332,2.6032659574664443,0.10846941489443518,0.10549454421487904,0.5139009192483784,6211
666,0.25,24,76,24,23,1,0,0,1,0.5648960000000001,1159.9693866396674,0.968607305936073,146296.96434628026,1.0411872499137662,2.5885877832771147,0.10785782430321311,0.10561594671136132,0.5105007296801648,6215
667,0.25,24,76,24,23,1,0,0,1,0.585216,1160.5546026396673,0.9686016794450529,146302.46574681636,1.0407760767859362,2.57344024044343,0.1072266766851429,0.10569962291981001,0.5071713791568663,6218
668,0.25,24,76,24,23,1,0,0,1,0.5648960000000001,1161.1194986396674,0.9685960591133005,146310.52204276214,1.0403637944285073,2.5587960452617016,0.10661650188590423,0.10582038235738529,0.5037475052915482,6221
669,0.25,24,76,24,23,1,0,0,1,0.585216,1161.7047146396674,0.9685904449307076,146316.01116702228,1.0399590590428436,2.5436925707139117,0.10598719044641298,0.10590402972461112,0.5003924688758947,6224
670,0.25,22,78,24,21,1,2,0,1,0.5436889564042479,1162.2484035960715,0.9685392746491708,146319.8396090056,1.0395837740637763,2.529430601103993,0.11497411823199967,0.10562370860667018,0.5423106639537881,6226
671,0.25,22,78,22,21,1,0,0,2,0.48361600000000005,1162.7320195960715,0.9685322646750762,146331.22433413964,1.0392005331885457,2.51631934915163,0.11437815223416502,0.1057533099629501,0.5391203621711271,6228
672,0.25,22,78,22,21,1,0,0,2,0.48361600000000005,1163.2156355960715,0.968525261720528,146342.59959269664,1.038819007472789,2.503349374505503,0.1137886079320683,0.10587961163765067,0.5359576687331329,6230
673,0.25,22,78,22,21,1,0,0,2,0.495808,1163.7114435960714,0.9685182657749875,146352.43207173955,1.038430985820742,2.490077726675284,0.11318535121251294,0.10597302173766188,0.532873609883426,6232
674,0.25,22,78,22,21,1,0,0,2,0.48361600000000005,1164.1950595960714,0.9685112768279375,146363.78895055657,1.0380435375377022,2.4771576751830198,0.11259807614468272,0.10609755219013116,0.5296978304008237,6234
675,0.25,22,78,22,21,1,0,0,2,0.48361600000000005,1164.6786755960713,0.9685042948688816,146375.13639781374,1.0376578060270198,2.4642259912524134,0.11201027232965513,0.10622198338122639,0.5265048800681783,6236
676,0.25,22,78,22,21,1,0,0,2,0.48361600000000005,1165.1622915960713,0.9684973198873444,146386.47442525518,1.0372737887516574,2.451319047528889,0.11142359306949495,0.10634600216137056,0.5233036754308777,6238
677,0.25,22,78,22,21,1,0,0,2,0.48361600000000005,1165.6459075960713,0.9684903518728717,146397.80304460545,1.036881480836618,2.4384321944755634,0.1108378270216165,0.10646722702744496,0.520104606968478,6240
678,0.25,22,78,22,21,1,0,0,2,0.48768000000000006,1166.1335875960713,0.96848339081503,146408.61202870923,1.036491748864265,2.4252017191972657,0.1102364417816939,0.1065923685357962,0.5168014770081774,6242
679,0.25,22,78,22,21,1,0,0,2,0.48361600000000005,1166.6172035960712,0.9684764367034063,146419.92203909176,1.036102876032078,2.4121871992854533,0.10964487269479331,0.10672417396752973,0.5134962309776177,6244
680,0.25,22,78,22,21,1,0,0,2,0.48768,1167.1048835960712,0.968469489527609,146430.7127851481,1.0357167634725855,2.399172602234138,0.10905330010155176,0.10683504537302468,0.5102739244878027,6246
681,0.25,22,78,22,21,1,0,0,2,0.48361600000000005,1167.5884995960712,0.9684625492772667,146442.0042327859,1.035331315507528,2.3861287138298746,0.10846039608317609,0.1069675328748329,0.5069294242832241,6248
682,0.25,22,78,22,21,1,0,0,2,0.48361600000000005,1168.0721155960712,0.968455615942029,146453.28633044494,1.034947576447748,2.3732402979936222,0.1078745589997101,0.10709384491891237,0.5036317140999396,6250
683,0.25,22,78,22,21,1,0,0,2,0.48361600000000005,1168.5557315960712,0.9684486895115658,146464.5590897339,1.034565543778756,2.3602994221268583,0.10728633736940267,0.10722332807949315,0.5002937363420952,6252
684,0.25,22,78,22,21,1,0,0,2,0.48768000000000006,1169.043411596071,0.9684417699755679,146475.31332152584,1.0341866389894283,2.347251626636605,0.1066932557562093,0.10733767240558363,0.49698916968143314,6254
685,0.25,22,78,22,21,1,0,0,2,0.48768000000000006,1169.531091596071,0.9684348573237462,146486.05858455447,1.0338095290635256,2.3342370295852897,0.10610168316296771,0.10744873658480375,0.49369235692938146,6256
686,0.25,22,78,22,21,1,0,0,2,0.48361600000000005,1170.014707596071,0.9684279515458326,146497.30374088127,1.0334325990777027,2.321330085861765,0.10551500390280752,0.10757313634978631,0.4903423040701695,6258
687,0.25,22,78,22,21,1,0,0,2,0.48768000000000006,1170.502387596071,0.968421052631579,146508.03092524648,1.0330491184078572,2.308270657933171,0.10492139354241688,0.10768732036907493,0.48699273076799726,6260
688,0.25,22,78,22,21,1,0,0,2,0.48361600000000005,1170.986003596071,0.9684141605707577,146519.25767951654,1.0326656342450757,2.2953838048798447,0.10433562749453838,0.10780919723461489,0.4836308109295025,6262
689,0.25,22,78,22,21,1,0,0,2,0.48361600000000005,1171.469619596071,0.9684072753531615,146530.47516433924,1.0322838512124275,2.2824953890435924,0.10374979041107238,0.10793598783058103,0.4802322055256345,6264
690,0.25,22,78,22,21,1,0,0,2,0.48361600000000005,1171.953235596071,0.9684003969686034,146541.6833911899,1.0319037668176687,2.2693841370912295,0.10315382441323773,0.108066683404873,0.4767531920652553,6266
691,0.25,22,78,22,21,1,0,0,2,0.48361600000000005,1172.436851596071,0.9683935254069165,146552.88237152493,1.0315253785645806,2.256471095426983,0.10256686797395377,0.10818988532982855,0.473338849234711,6268
692,0.25,22,78,22,21,1,0,0,2,0.48361600000000005,1172.920467596071,0.968386660657954,146564.07211678184,1.031148683967786,2.243608219989354,0.10198219181769791,0.108313517315812,0.46992049008201003,6270
693,0.25,22,78,22,21,1,0,0,2,0.48361600000000005,1173.404083596071,0.9683798027115895,146575.25263837926,1.0307736805472671,2.2307012762658296,0.10139551255753769,0.10843837852754944,0.46647376277561775,6272
694,0.25,22,78,22,21,1,0,0,2,0.48361600000000005,1173.887699596071,0.9683729515577165,146586.4239477171,1.0304003658252383,2.217760400399065,0.10080729092723026,0.10856832158282045,0.4629833601852231,6274
695,0.25,22,78,22,21,1,0,0,2,0.48361600000000005,1174.3713155960709,0.9683661071862485,146597.5860561763,1.030019483799697,2.2048287164684597,0.10021948711220272,0.10869352056455925,0.4595041305295363,6276
696,0.25,22,78,22,21,1,0,0,2,0.48361600000000005,1174.8549315960709,0.9683592695871188,146608.7389751193,1.029640294559796,2.1918141965566473,0.09962791802530215,0.10882597121828663,0.4559606243106281,6278
697,0.25,22,78,22,21,1,0,0,2,0.48361600000000005,1175.3385475960708,0.968352438750281,146619.88271588966,1.0292627956302607,2.1789011548924013,0.09904096158601824,0.1089491953951515,0.4524698700508586,6280
698,0.25,22,78,22,21,1,0,0,2,0.491744,1175.8302915960708,0.9683456146657081,146630.00369378828,1.0288883045417132,2.1656017784921597,0.0984364444769164,0.10906172152962265,0.44892731148307985,6282
699,0.25,22,78,22,21,1,0,0,2,0.48361600000000005,1176.3139075960707,0.9683387973233933,146641.12945201414,1.0285042829959545,2.152713362655908,0.09785060739345036,0.10918885392568205,0.4454000506743571,6284
700,0.25,22,78,22,21,1,0,0,2,0.48361600000000005,1176.7975235960707,0.9683319867133495,146652.24606577022,1.0281219539972162,2.139826509602581,0.09726484134557188,0.10931120561117169,0.44188320119225405,6286
701,0.25,21,79,22,20,1,1,0,2,0.47661990501366797,1177.2741435010844,0.9683027502355422,146660.82743185718,1.0277569056766727,2.1271521536860094,0.10129295969933376,0.10990053513435004,0.45931076877595095,6288
702,0.25,21,79,21,20,1,0,0,2,0.46329600000000004,1177.7374395010843,0.9682952532567994,146671.06114345527,1.0273964350241278,2.1149588272172286,0.10071232510558231,0.11002558045279175,0.4558925987072363,6290
703,0.25,21,79,21,20,1,0,0,2,0.46736000000000005,1178.2047995010844,0.9682877633348275,146680.7808567588,1.027037803113425,2.1026130165433785,0.1001244293592085,0.11014067704822975,0.45247157125649573,6292
704,0.25,21,79,21,20,1,0,0,2,0.46329600000000004,1178.6680955010843,0.9682802804596671,146690.99864495394,1.0266806313123076,2.0904637583604933,0.09954589325526156,0.1102644073337931,0.4490462901425789,6294
705,0.25,21,79,21,20,1,0,0,2,0.46736000000000005,1179.1354555010844,0.9682728046213783,146700.70278438923,1.026316553716326,2.0781276512798526,0.09895845958475488,0.1103797277941805,0.44560298900892115,6296
706,0.25,21,79,21,20,1,0,0,2,0.46329600000000004,1179.5987515010843,0.9682653358100396,146710.90468667806,1.0259538459835824,2.0657385372542887,0.09836850177401375,0.11051773539038394,0.4420341246797571,6298
707,0.25,21,79,21,20,1,0,0,2,0.46736000000000005,1180.0661115010844,0.968257874015748,146720.5932892692,1.0255932573285036,2.0534267055880404,0.09778222407562097,0.1106315844415316,0.43858034830079257,6300
708,0.25,21,79,21,20,1,0,0,2,0.46329600000000004,1180.5294075010843,0.9682504192286193,146730.7793430304,1.0252338463563155,2.041125802930972,0.09719646680623677,0.11076526767412627,0.4350299624601952,6302
709,0.25,21,79,21,20,1,0,0,2,0.46736000000000005,1180.9967675010844,0.9682429714387878,146740.45244568452,1.0248673568013928,2.028770800320964,0.09660813334861733,0.11088585942213586,0.4315139612061211,6304
710,0.25,21,79,21,20,1,0,0,2,0.46329600000000004,1181.4600635010843,0.9682355306364063,146750.6226881793,1.024501861769729,2.0165643660834434,0.09602687457540207,0.11101201953495586,0.4279987828413861,6306
711,0.25,21,79,21,20,1,0,0,2,0.46329600000000004,1181.9233595010842,0.968228096811646,146760.78495751304,1.0241380158974358,2.004371039614663,0.09544623998165062,0.11113748304888078,0.42447984399560335,6308
712,0.25,21,79,21,20,1,0,0,2,0.46329600000000004,1182.386655501084,0.9682206699546966,146770.9392630581,1.023775816903337,1.9922217814317777,0.0948677038777037,0.1112615641770976,0.4209679650011179,6310
713,0.25,21,79,21,20,1,0,0,2,0.483616,1182.870271501084,0.9682132500557662,146778.56412747025,1.0234176262957935,1.979535520291904,0.09426359620437638,0.11133906506585146,0.41751809747036883,6312
714,0.25,21,79,21,20,1,0,0,2,0.46329600000000004,1183.333567501084,0.9682058371050812,146788.70334660803,1.0230587131449747,1.9673607217103959,0.09368384389097123,0.11146645178683864,0.41396554758321596,6314
715,0.25,21,79,21,20,1,0,0,2,0.46329600000000004,1183.7968635010839,0.9681984310928864,146798.83462948614,1.022701440057983,1.9551426550345345,0.09310203119212068,0.11159224564704016,0.4104002229948101,6316
716,0.25,21,79,21,20,1,0,0,2,0.46329600000000004,1184.2601595010838,0.9681910320094447,146808.95798541882,1.0223458047716814,1.942745020336916,0.09251166763509124,0.11172424064392229,0.40675465700282654,6318
717,0.25,19,81,21,18,1,2,0,2,0.4548941444978643,1184.7150536455815,0.9681391102996838,146813.36196816264,1.0220254249063772,1.9306634464225632,0.10161386560118754,0.113330040634943,0.4456534121078023,6320
718,0.25,16,84,19,15,1,3,0,2,0.3798993776812502,1185.0949530232629,0.9680635613023836,146816.92766991694,1.0217417544530782,1.9208845583068304,0.1200552848941769,0.1140343564563582,0.5257036060734922,6322
719,0.25,12,88,16,9,1,5,1,2,0.27442869433197364,1185.369381717595,0.9679191973125097,146813.3078887479,1.0215626873388293,1.9138885577509326,0.15949071314591104,0.10486675529755594,0.6981682332624868,6324
720,0.25,10,90,12,7,1,3,1,2,0.20179067667670322,1185.5711723942716,0.967816552122951,146811.93677178602,1.021415441121818,1.9087629174288572,0.19087629174288573,0.08434447091755129,0.8366393208489045,6326
721,0.25,10,90,10,8,2,0,0,4,0.19913599999999998,1185.7703083942715,0.9677792355073269,146814.2681323703,1.0212490702366122,1.9032502234996531,0.19032502234996532,0.08430276883117509,0.8359828482683993,6326
722,0.25,10,90,10,8,2,0,0,4,0.19507200000000002,1185.9653803942715,0.967741935483871,146817.1018129671,1.0210832273076242,1.897903487526554,0.18979034875265538,0.0842812647086556,0.8352801301103907,6326
723,0.25,10,90,10,8,2,0,0,4,0.207264,1186.1726443942714,0.9677046520415195,146818.4254821794,1.0209154851064346,1.8921365493259037,0.18921365493259037,0.08421034482273522,0.8346734696970527,6326
724,0.25,10,90,10,8,2,0,0,4,0.195072,1186.3677163942714,0.9676673851692185,146821.25751819817,1.0207475245585589,1.8867898133528045,0.18867898133528044,0.0841892629974461,0.8339603616939048,6326
725,0.25,10,90,10,8,2,0,0,4,0.199136,1186.5668523942713,0.9676301348559241,146823.58574947927,1.020580932045049,1.8812771194236002,0.18812771194236005,0.08414865146520903,0.8332825492792014,6326
726,0.25,10,90,10,8,2,0,0,4,0.219456,1186.7863083942714,0.9675929010906021,146823.3992653307,1.0204166397353913,1.8751319241271103,0.18751319241271103,0.08402591097401511,0.8327784380141422,6326
727,0.25,9,91,10,8,1,1,0,4,0.1972204416052159,1186.9835288358765,0.9675556838622282,146825.96326414365,1.0202475574481562,1.869733557623985,0.20774817306933166,0.05932495293156632,0.9246027415063145,6326
728,0.25,9,91,9,8,1,0,0,3,0.178816,1187.1623448358766,0.9675399644760213,146830.80267686417,1.0200790967891877,1.8650327432466816,0.2072258603607424,0.05924970519922796,0.9244285372285963,6326
729,0.25,9,91,9,8,1,0,0,3,0.186944,1187.3492888358767,0.9675242513707296,146834.63546850113,1.0199114438980927,1.8600000129571683,0.20666666810635206,0.0591262002828931,0.9243425000049819,6326
730,0.25,9,91,9,8,1,0,0,3,0.18288,1187.5321688358767,0.9675085445425895,146838.96956740014,1.019744132210977,1.8551332406237604,0.20612591562486224,0.05902733865783128,0.9242100054534729,6326
731,0.25,9,91,9,8,1,0,0,3,0.18288,1187.7150488358768,0.9674928439878403,146843.3023316019,1.019577347953497,1.8502664682903522,0.20558516314337244,0.058928822470237355,0.9240759032880697,6326
732,0.25,9,91,9,8,1,0,0,3,0.18288,1187.8979288358769,0.9674771497027242,146847.6337617229,1.019407642818882,1.8453996959569439,0.20504441066188264,0.05883065345549149,0.9239401743841987,6326
733,0.25,9,91,9,8,1,0,0,3,0.186944,1188.084872835877,0.9674614616834868,146851.4615319925,1.0192394906963753,1.840443393583663,0.20449371039818479,0.05872494663691288,0.9238148558667557,6326
734,0.25,9,91,9,8,1,0,0,3,0.18288000000000001,1188.267752835877,0.967445779926376,146855.7903583052,1.0190708413115475,1.835576621250255,0.203952957916695,0.05862736841284326,0.9236761101783969,6326
735,0.25,9,91,9,8,1,0,0,3,0.18288,1188.450632835877,0.9674301044276434,146860.1178523695,1.0189022537681767,1.830748062874963,0.20341645143055145,0.0585379853069416,0.9235197038858254,6326
736,0.25,9,91,9,8,1,0,0,3,0.2032,1188.653832835877,0.9674144351835432,146861.933371735,1.0187364285501046,1.8252475454497374,0.2028052828277486,0.058339850420422015,0.9235735670779275,6326
737,0.25,9,91,9,8,1,0,0,3,0.18288,1188.836712835877,0.9673987721903327,146866.25851544016,1.0185686158223761,1.8203807731163293,0.2022645303462588,0.058243049111287214,0.923430964234959,6326
738,0.25,9,91,9,8,1,0,0,3,0.178816,1189.0155288358771,0.9673831154442721,146871.0843255142,1.0184011438570197,1.8156799587390262,0.20174221763766959,0.05817004208213207,0.9232424768174401,6326
739,0.25,9,91,9,8,1,0,0,3,0.178816,1189.1943448358772,0.9673674649416247,146875.90868429976,1.0182341055368669,1.810979144361723,0.20121990492908032,0.05809721991481213,0.923052383648852,6326
740,0.25,9,91,9,8,1,0,0,3,0.199136,1189.3934808358772,0.9673518206786569,146878.22223241703,1.0180696408443441,1.805486754162011,0.20060963935133455,0.05791579688858165,0.9230651955117675,6326
741,0.25,9,91,9,8,1,0,0,3,0.18288,1189.5763608358773,0.9673361826516376,146882.54218268444,1.0179004915548497,1.8006199818286028,0.20006888686984475,0.05782053918197385,0.922915492989893,6326
742,0.25,9,91,9,8,1,0,0,3,0.186944,1189.7633048358773,0.9673205508568392,146886.35906795543,1.017732334400595,1.7955872515390898,0.19950969461545442,0.057702699820309004,0.9228074559519371,6326
743,0.25,9,91,9,8,1,0,0,3,0.18288000000000001,1189.9461848358774,0.9673049252905368,146890.67642509236,1.0175642388169954,1.7907204792056814,0.1989689421339646,0.05760828141650848,0.9226539561006872,6326
744,0.25,9,91,9,8,1,0,0,3,0.178816,1190.1250008358775,0.9672893059490085,146895.49406760916,1.0173960188003504,1.7860196648283784,0.1984466294253754,0.057536961814749654,0.9224553645984724,6326
745,0.25,9,91,9,8,1,0,0,3,0.18288000000000001,1190.3078808358775,0.9672736928285354,146899.80870933135,1.0172289759699675,1.78115289249497,0.1979058769438856,0.05744317396525388,0.9222982402319532,6326
746,0.25,9,91,9,8,1,0,0,3,0.18288,1190.4907608358776,0.9672580859254015,146904.12202544615,1.0170617154159054,1.7762861201615618,0.19736512446239576,0.05734975810848565,0.9221392036647653,6326
747,0.25,9,91,9,8,1,0,0,3,0.19100799999999998,1190.6817688358776,0.967242485235894,146907.43116947042,1.0168953524646072,1.771087431915944,0.19678749243510485,0.05721195191939321,0.9220637517165284,6326
748,0.25,9,91,9,8,1,0,0,3,0.19100799999999998,1190.8727768358776,0.9672268907563025,146910.73925196574,1.0167297007897098,1.7658887436703257,0.19620986040781396,0.0570751195444111,0.9219853735370224,6326
749,0.25,9,91,9,8,1,0,0,3,0.186944,1191.0597208358777,0.9672113024829202,146914.54755702545,1.0165646671010693,1.7608942273389285,0.19565491414876984,0.05696743215265448,0.9218494949448748,6326
750,0.25,9,91,9,8,1,0,0,3,0.191008,1191.2507288358777,0.9671957204120429,146917.85344889597,1.0163970930398694,1.7557337530514268,0.19508152811682522,0.05683821526666569,0.9217537587060592,6326
751,0.25,9,91,9,8,1,0,0,3,0.195072,1191.4458008358777,0.9671801445399695,146920.65713538317,1.016229301648222,1.7504874798976473,0.19449860887751635,0.05668111957107685,0.9217213232590582,6326
752,0.25,9,91,9,8,1,0,0,3,0.199136,1191.6449368358776,0.9671645748630016,146922.95883443454,1.0160625000820778,1.7451147064704102,0.1939016340522678,0.056502330618022824,0.9217336253985638,6326
753,0.25,9,91,9,8,1,0,0,3,0.178816,1191.8237528358777,0.9671490113774439,146927.76476667027,1.0158948311584721,1.740413892093107,0.19337932134367858,0.05643351243770794,0.9215200215118124,6326
754,0.25,9,91,9,8,1,0,0,3,0.178816,1192.0025688358778,0.9671334540796042,146932.5692570004,1.0157275947635922,1.735713077715804,0.1928570086350893,0.05636489534081774,0.9213045249101742,6326
755,0.25,9,91,9,8,1,0,0,3,0.215392,1192.2179608358779,0.9671179029657929,146932.86442118525,1.0155642241901104,1.7297948455120906,0.19219942727912115,0.05609923615892275,0.9214941033771606,6326
756,0.25,9,91,9,8,1,0,0,3,0.19507200000000002,1192.4130328358779,0.9671023580323236,146935.66337773783,1.015399336013076,1.7245091146756628,0.19161212385285142,0.05594405468313387,0.9214520840492502,6326
757,0.25,9,91,9,8,1,0,0,3,0.186944,1192.599976835878,0.9670868192755127,146939.4628573903,1.0152339514701623,1.7194763843861496,0.19105293159846107,0.05583342508309177,0.9213154471297702,6326
758,0.25,9,91,9,8,1,0,0,3,0.186944,1192.786920835878,0.9670712866916795,146943.26114606738,1.0150691838005128,1.7144436540966366,0.19049373934407077,0.05572346649875796,0.9211761702112112,6326
759,0.25,9,91,9,8,1,0,0,3,0.191008,1192.977928835878,0.9670557602771465,146946.55765430944,1.014902158025691,1.7092831798091348,0.1899203533121261,0.055598181235200564,0.921065198036693,6326
760,0.25,9,91,9,8,1,0,0,3,0.186944,1193.164872835878,0.9670402400282386,146950.35362821797,1.0147351005041059,1.7042504495196216,0.18936116105773573,0.05548956565344175,0.9209206574448304,6326
761,0.25,9,91,9,8,1,0,0,3,0.195072,1193.359944835878,0.9670247259412842,146953.1475049787,1.014568845521647,1.6989622312341308,0.1887735812482368,0.05534965969692305,0.9208356576211832,6326
762,0.25,9,91,9,8,1,0,0,3,0.18288,1193.542824835878,0.9670092180126141,146957.4416185016,1.0144019097656352,1.6941336728588392,0.18823707476209323,0.055267571829500185,0.9206368675818012,6326
763,0.25,9,91,9,8,1,0,0,3,0.186944,1193.729768835878,0.9669937162385625,146961.23409159912,1.014236702838391,1.689100942569326,0.18767788250770287,0.05516066304579833,0.9204849294641142,6326
764,0.25,9,91,9,8,1,0,0,3,0.19100799999999998,1193.920776835878,0.966978220615466,146964.52512118407,1.0140710002951991,1.6839404682818238,0.18710449647575816,0.055038512914438786,0.9203614485140494,6326
765,0.25,9,91,9,8,1,0,0,3,0.18288000000000001,1194.1036568358782,0.9669627311396646,146968.8154753895,1.0139056360671983,1.6791119099065315,0.18656798998961463,0.05495744012451541,0.9201563549278302,6326
766,0.25,9,91,9,8,1,0,0,3,0.178816,1194.2824728358783,0.9669472478075007,146973.60464748406,1.013740239521337,1.6744110955292282,0.18604567728102536,0.05489249327841518,0.9199178383223913,6326
767,0.25,9,91,9,8,1,0,0,3,0.195072,1194.4775448358782,0.9669317706153202,146976.3921130238,1.0135778663143853,1.6691648223754485,0.1854627580417165,0.05474007837495358,0.9198651264019536,6326
768,0.25,9,91,9,8,1,0,0,3,0.18288,1194.6604248358783,0.9669162995594713,146980.67865110934,1.0134103679074544,1.6642980500420401,0.18492200556022667,0.0546555863421033,0.9196621442895037,6326
769,0.25,9,91,9,8,1,0,0,3,0.18288,1194.8433048358784,0.9669008346363056,146984.96387701936,1.0132433933463418,1.6594312777086315,0.18438125307873685,0.054571515609071086,0.9194566370501871,6326
770,0.25,9,91,9,8,1,0,0,3,0.191008,1195.0343128358784,0.9668853758421772,146988.24804717046,1.0130780528789802,1.6542325894630134,0.18380362105144596,0.054448557517153655,0.9193259003828212,6326
771,0.25,9,91,9,8,1,0,0,3,0.186944,1195.2212568358784,0.9668699231734431,146992.03096931244,1.0129127726421974,1.6491998591735002,0.18324442879705558,0.05434611719674621,0.9191531056252656,6326
772,0.25,9,91,9,8,1,0,0,3,0.18288000000000001,1195.4041368358785,0.9668544766264636,146996.31244803467,1.0127473675814624,1.6443330868400918,0.18270367631556572,0.0542636966175021,0.9189391876496511,6326
773,0.25,9,91,9,8,1,0,0,3,0.19100799999999998,1195.5951448358785,0.9668390361976015,146999.5932645961,1.0125819302589263,1.6391343985944735,0.18212604428827484,0.05414340506208982,0.9187979424360303,6326
774,0.25,9,91,9,8,1,0,0,3,0.18288,1195.7780248358786,0.9668236018832226,147003.8722480508,1.0124168306007315,1.6342676262610651,0.18158529180678504,0.0540621004690526,0.9185782121799192,6326
775,0.25,9,91,9,8,1,0,0,3,0.178816,1195.9568408358787,0.9668081736796956,147008.64947360358,1.0122519759622062,1.6295668118837618,0.18106297909819577,0.05400010739994454,0.9183185772542823,6326
776,0.25,9,91,9,8,1,0,0,3,0.186944,1196.1437848358787,0.966792751583392,147012.42628964366,1.012088290644326,1.6245340815942486,0.1805037868438054,0.05390080033403533,0.918130488028569,6326
777,0.25,9,91,9,8,1,0,0,3,0.191008,1196.3347928358787,0.9667773355906862,147015.70250504985,1.0119223542226274,1.6193736073067464,0.1799304008118607,0.05378629163904661,0.9179717534954013,6326
778,0.25,9,91,9,8,1,0,0,3,0.178816,1196.5136088358788,0.9667619256979556,147020.4757396363,1.0117554616633766,1.614672792929443,0.17940808810327147,0.05372533055407664,0.9177043383782919,6326
779,0.25,9,91,9,8,1,0,0,3,0.178816,1196.692424835879,0.9667465219015803,147025.2475477397,1.0115889993837823,1.6099719785521398,0.17888577539468217,0.053664599671895935,0.9174343910311301,6326
780,0.25,9,91,9,8,1,0,0,3,0.178816,1196.871240835879,0.9667311241979433,147030.01792999948,1.0114229671491135,1.6052711641748365,0.17836346268609293,0.053604099774930726,0.9171618825293266,6326
781,0.25,9,91,9,8,1,0,0,3,0.18288000000000001,1197.054120835879,0.9667157325834304,147034.28770379833,1.011258103600317,1.600404391841428,0.1778227102046031,0.05352562887153226,0.9169227950872141,6326
782,0.25,9,91,9,8,1,0,0,3,0.18694399999999997,1197.2410648358791,0.9667003470544304,147038.057055061,1.0110933923309293,1.5954098755100312,0.177267763945559,0.05343173488045843,0.9167138457605087,6326
783,0.25,9,91,9,8,1,0,0,3,0.195072,1197.436136835879,0.966684967607335,147040.8271335914,1.0109296641907233,1.5900834432664241,0.1766759381407138,0.05330253379156959,0.9165727659665867,6326
784,0.25,9,91,9,8,1,0,0,3,0.199136,1197.635272835879,0.9666695942385386,147043.09733881132,1.0107670109528533,1.584591053066712,0.176065672562968,0.05315686943609731,0.9164620351045736,6326
785,0.25,9,91,9,8,1,0,0,3,0.18288,1197.8181528358791,0.9666542269444384,147047.36239218904,1.0106034938927502,1.5797242807333036,0.1755249200814782,0.053080876812654484,0.916209744489447,6326
786,0.25,9,91,9,8,1,0,0,3,0.19507200000000002,1198.013224835879,0.9666388657214345,147050.12962117675,1.0104373602455936,1.5745162215376403,0.17494624683751558,0.05293651753495253,0.916120810751339,6326
787,0.25,9,91,9,8,1,0,0,3,0.186944,1198.2001688358791,0.9666235105659301,147053.89348358088,1.0102719327536773,1.5694834912481268,0.17438705458312523,0.052843925526881594,0.9158975662143397,6326
788,0.25,9,91,9,8,1,0,0,3,0.199136,1198.399304835879,0.9666081614743308,147056.16007023217,1.0101078567266453,1.564029315006531,0.17378103500072567,0.05270339838852342,0.9157714044115355,6326
789,0.25,9,91,9,8,1,0,0,3,0.18288,1198.5821848358792,0.9665928184430455,147060.42041175146,1.009942549120083,1.559200756631239,0.1732445285145821,0.05263054612054578,0.915507420877109,6326
790,0.25,9,91,9,8,1,0,0,3,0.207264,1198.789448835879,0.9665774814684854,147061.68808142046,1.0097811742839007,1.5534960672917921,0.17261067414353246,0.05242881263520722,0.9155344814309662,6326
791,0.25,9,91,9,8,1,0,0,3,0.18288,1198.9723288358791,0.9665621505470652,147065.9461934393,1.0096169078819404,1.5486675089165,0.17207416765738887,0.05235659473952673,0.9152658123218279,6326
792,0.25,9,91,9,8,1,0,0,3,0.18288000000000001,1199.1552088358792,0.9665468256752017,147070.20300667125,1.0094531619667668,1.5438389505412078,0.17153766117124528,0.05228467847740489,0.9149942542988427,6326
793,0.25,9,91,9,8,1,0,0,3,0.186944,1199.3421528358792,0.9665315068493151,147073.9601563374,1.0092903048886075,1.5388456779343422,0.1709828531038158,0.05218857794466487,0.914776241440894,6326
794,0.25,9,91,9,8,1,0,0,3,0.211328,1199.5534808358793,0.9665161940658281,147074.7264032474,1.0091322061134738,1.5330896725131389,0.17034329694590433,0.05197453843229582,0.9148327025931906,6326
795,0.25,9,91,9,8,1,0,0,3,0.19100799999999998,1199.7444888358793,0.9665008873211665,147077.9833889602,1.0089670710591636,1.5278909842675208,0.16976566491861342,0.051870420885969624,0.9146156179921089,6326
796,0.25,9,91,9,8,1,0,0,3,0.191008,1199.9354968358793,0.9664855866117585,147081.23933776672,1.0088015353466977,1.522810669069846,0.16920118545220508,0.0517443418444356,0.9144754166907979,6326
797,0.25,9,91,9,8,1,0,0,3,0.178816,1200.1143128358794,0.9664702919340357,147085.98848628165,1.00863615174326,1.5181098546925424,0.16867887274361582,0.05168971980806634,0.9141564798942802,6326
798,0.25,9,91,9,8,1,0,0,3,0.18288000000000001,1200.2971928358795,0.9664550032844318,147090.238195817,1.008471840914702,1.5132430823591343,0.16813812026212605,0.05161941862510391,0.9138656835318694,6326
799,0.25,9,91,9,8,1,0,0,3,0.186944,1200.4841368358796,0.966439720659384,147093.9886514645,1.0083087863941504,1.508210352069621,0.16757892800773566,0.05153386254726907,0.9136020134436269,6326
800,0.25,9,91,9,8,1,0,0,3,0.19100799999999998,1200.6751448358796,0.9664244440553318,147097.24004834102,1.0081449625859316,1.5030116638240025,0.16700129598044475,0.05143362348351058,0.9133639895814211,6326
801,0.25,9,91,9,8,1,0,0,3,0.186944,1200.8620888358796,0.9664091734687179,147100.9882335808,1.0079816582555652,1.497978933534489,0.16644210372605436,0.05134990725338296,0.9130905900417038,6326
802,0.25,9,91,9,8,1,0,0,3,0.19100799999999998,1201.0530968358796,0.9663939088959874,147104.23749412538,1.0078192411533922,1.492780245288871,0.16586447169876345,0.051251948569997124,0.9128415636905681,6326
803,0.25,9,91,9,8,1,0,0,3,0.186944,1201.2400408358797,0.9663786503335885,147107.98341107197,1.0076571588484853,1.4877475149993578,0.1653052794443731,0.05117009207485889,0.9125581207070551,6326
804,0.25,9,91,9,8,1,0,0,3,0.2032,1201.4432408358796,0.9663633977779722,147109.737682684,1.0074936636371576,1.4820509528854244,0.1646723280983805,0.05103081842449367,0.9123806766735575,6326
805,0.25,9,91,9,8,1,0,0,3,0.191008,1201.6342488358796,0.966348151225592,147112.9839809886,1.007329308035808,1.476969393963218,0.16410771044035755,0.050915848426879455,0.9121919684990054,6326
806,0.25,9,91,9,8,1,0,0,3,0.186944,1201.8211928358796,0.9663329106729045,147116.7267260404,1.0071648280439247,1.4720155790390006,0.16355728655988896,0.0508169032155093,0.9119651109613284,6326
807,0.25,9,91,9,8,1,0,0,3,0.178816,1202.0000088358797,0.9663176761163691,147121.46314480237,1.0070004075788421,1.467314764661697,0.16303497385129964,0.05076658542525154,0.9116099447842858,6326
808,0.25,9,91,9,8,1,0,0,3,0.186944,1202.1869528358798,0.9663024475524475,147125.20343260307,1.0068374252323413,1.4623202483303,0.16248002759225555,0.0506866684895539,0.9113139068456003,6326
809,0.25,9,91,9,8,1,0,0,3,0.19100799999999998,1202.3779608358798,0.9662872249776049,147128.44526609447,1.0066746856325854,1.457197988000914,0.1619108875556571,0.05059161229445691,0.9110497773488481,6326
810,0.25,9,91,9,8,1,0,0,3,0.186944,1202.5649048358798,0.9662720083883088,147132.18329296526,1.0065119130227829,1.4521652577114008,0.16135169530126675,0.050514713826625326,0.9107350849800039,6326
811,0.25,9,91,9,8,1,0,0,3,0.186944,1202.7518488358799,0.9662567977810296,147135.9201578313,1.0063497504297463,1.4471325274218876,0.16079250304687637,0.0504386820944827,0.910415004585738,6326
812,0.25,9,91,9,8,1,0,0,3,0.191008,1202.9428568358799,0.9662415931522403,147139.15876732997,1.0061889322570823,1.441973296858917,0.16021925520654634,0.050339043014499645,0.9101546348788991,6326
813,0.25,9,91,9,8,1,0,0,3,0.18288,1203.12573683588,0.9662263944984172,147143.3904037157,1.0060241319137546,1.4371065245255088,0.15967850272505654,0.050277907578261456,0.909799833294506,6326
814,0.25,9,91,9,8,1,0,0,3,0.18288,1203.30861683588,0.9662112018160388,147147.6207538451,1.0058598501807707,1.4322397521921006,0.15913775024356672,0.05021729770556845,0.9094404006299623,6326
815,0.25,9,91,9,8,1,0,0,3,0.186944,1203.49556083588,0.9661960151015866,147151.35291151312,1.0056961785690262,1.4272452358607035,0.1585828039845226,0.05014155808559965,0.9091130828666693,6326
816,0.25,9,91,9,8,1,0,0,3,0.207264,1203.70282483588,0.9661808343515448,147152.59974915377,1.0055360535619016,1.4214616311559607,0.15794018123955123,0.049981969531955155,0.9089687665594636,6326
817,0.25,9,91,9,8,1,0,0,3,0.191008,1203.89383283588,0.9661656595624005,147155.8331540612,1.0053747935355877,1.4162629429103424,0.15736254921226026,0.04989870073316591,0.9086378073789855,6326
818,0.25,9,91,9,8,1,0,0,3,0.18288,1204.07671283588,0.9661504907306434,147160.0589157411,1.0052118486512762,1.4113961705769342,0.15682179673077046,0.049841066189428206,0.9082574578426532,6326
819,0.25,9,91,9,8,1,0,0,3,0.178816,1204.25552883588,0.9661353278527661,147164.7800291334,1.0050492377875972,1.406695356199631,0.1562994840221812,0.049796031329871746,0.9078513228372433,6326
820,0.25,9,91,9,8,1,0,0,3,0.19913599999999998,1204.45466483588,0.9661201709252638,147167.01688739198,1.0048898037478073,1.4013213390478623,0.15570237100531803,0.0496492966183115,0.907704555920708,6326
821,0.25,9,91,9,8,1,0,0,3,0.199136,1204.65380083588,0.9661050199446346,147169.25300612024,1.0047306106480616,1.3958696502553294,0.15509662780614775,0.04951988491763828,0.907488509584729,6326
822,0.25,9,91,9,8,1,0,0,3,0.18288,1204.83668083588,0.9660898749073792,147173.47406536512,1.0045663411460963,1.3910028779219212,0.15455587532465795,0.04946439387213819,0.907089560597466,6326
823,0.25,9,91,9,8,1,0,0,3,0.186944,1205.0236248358801,0.9660747358100011,147177.19747955538,1.004402680880272,1.386009605315056,0.1540010672572284,0.049384601815370174,0.9067549888203923,6326
824,0.25,9,91,9,8,1,0,0,3,0.19100799999999998,1205.2146328358801,0.9660596026490066,147180.4234425979,1.0042400877358175,1.3808491310275537,0.15342768122528375,0.04930324013906552,0.9064024363826393,6326
825,0.25,9,91,9,8,1,0,0,3,0.191008,1205.4056408358801,0.9660444754209048,147183.6483832713,1.0040786527617718,1.3756504427819354,0.15285004919799283,0.04922748349673465,0.9060226568192211,6326
826,0.25,9,91,9,8,1,0,0,3,0.178816,1205.5844568358802,0.9660293541222073,147188.36079366982,1.0039157186434038,1.370949628404632,0.15232773648940356,0.04918548120986093,0.9055841938536556,6326
827,0.25,9,91,9,8,1,0,0,3,0.18288,1205.7673368358803,0.9660142387494285,147192.57569684624,1.0037533012468274,1.3660828560712237,0.15178698400791377,0.04913303860707832,0.905157629463117,6326
828,0.25,9,91,9,8,1,0,0,3,0.178816,1205.9461528358804,0.9659991292990857,147197.2853701354,1.0035912171387802,1.3613820416939202,0.15126467129932447,0.04909172570480036,0.9047092762979722,6326
829,0.25,9,91,9,8,1,0,0,3,0.191008,1206.1371608358804,0.9659840257676989,147200.50568457568,1.003431205786686,1.3562979953226506,0.15069977725807232,0.049004034940615525,0.9043719012621905,6326
830,0.25,9,91,9,8,1,0,0,3,0.18288,1206.3200408358805,0.9659689281517908,147204.71681541033,1.0032703366651101,1.3514312229892422,0.15015902477658247,0.048952986867241984,0.9039294956583834,6326
831,0.25,9,91,9,8,1,0,0,3,0.18288,1206.5029208358806,0.9659538364478866,147208.9266696105,1.0031065966347004,1.346564450655834,0.14961827229509267,0.048902501628818526,0.9034811823769965,6326
832,0.25,9,91,9,8,1,0,0,3,0.19913599999999998,1206.7020568358805,0.9659387506525143,147211.15207658938,1.0029437391947087,1.341191677228597,0.14902129746984408,0.04875187372740223,0.9033218243835018,6326
833,0.25,9,91,9,8,1,0,0,3,0.191008,1206.8930648358805,0.9659236707622051,147214.36817947144,1.00278212984601,1.3359929889829785,0.14844366544255316,0.048682654807013434,0.9028907961016825,6326
834,0.25,9,91,9,8,1,0,0,3,0.186944,1207.0800088358806,0.9659085967734922,147218.0789170549,1.0026205787008313,1.330960258693465,0.1478844731881628,0.048624434801670655,0.902437867213261,6326
835,0.25,9,91,9,8,1,0,0,3,0.18288,1207.2628888358806,0.965893528682912,147222.28409703236,1.002458445497281,1.3261317003181732,0.14734796670201925,0.04857053168792062,0.9019922891503299,6326
836,0.25,9,91,9,8,1,0,0,3,0.18288,1207.4457688358807,0.9658784664870034,147226.48800317483,1.0022965535549533,1.3212649279847648,0.14680721422052942,0.04852308751625377,0.9015139927506922,6326
837,0.25,9,91,9,8,1,0,0,3,0.19100799999999998,1207.6367768358807,0.965863410182308,147229.69969981565,1.0021355427435836,1.3160662397391463,0.1462295821932385,0.048458002883402095,0.9010513062743826,6326
838,0.25,9,91,9,8,1,0,0,3,0.186944,1207.8237208358807,0.9658483597653704,147233.405779554,1.0019749555269097,1.3110335094496333,0.14567038993884815,0.04840317841797068,0.900568921237995,6326
839,0.25,9,91,9,8,1,0,0,3,0.195072,1208.0187928358807,0.9658333152327374,147236.12004615917,1.0018157056330321,1.3056688632479099,0.14507431813865665,0.04833219951433532,0.9000964145715264,6326
840,0.25,9,91,9,8,1,0,0,3,0.178816,1208.1976088358808,0.965818276580959,147240.8144983881,1.0016521268278427,1.3009680488706064,0.1445520054300674,0.0482964257064411,0.8995797267206083,6326
841,0.25,9,91,9,8,1,0,0,3,0.18288,1208.380488835881,0.9658032438065874,147245.01234823043,1.0014894291264897,1.296101276537198,0.14401125294857758,0.04825270363012758,0.8990650521695824,6326
842,0.25,9,91,9,8,1,0,0,3,0.2032,1208.5836888358808,0.9657882169061781,147246.73321664034,1.001329256288325,1.2904836297885605,0.14338706997650671,0.048134486207948836,0.898721380288559,6326
843,0.25,9,91,9,8,1,0,0,3,0.178816,1208.762504835881,0.9657731958762886,147251.4239049521,1.0011669491242443,1.2857828154112572,0.14286475726791745,0.04810014749906214,0.8981857089161837,6326
844,0.25,9,91,9,8,1,0,0,3,0.186944,1208.949448835881,0.9657581807134797,147255.1231744408,1.0010065265805435,1.2807500851217437,0.1423055650135271,0.04805084989932384,0.8976547454526083,6326
845,0.25,9,91,9,8,1,0,0,3,0.19100799999999998,1209.140456835881,0.9657431714143145,147258.32635353453,1.0008456139159978,1.2755896108342415,0.14173217898158239,0.047987123381213886,0.8971556788587326,6326
846,0.25,9,91,9,8,1,0,0,3,0.178816,1209.319272835881,0.965728167975359,147263.0131680442,1.0006845765176717,1.270888796456938,0.14120986627299315,0.047954191893063734,0.8965997297676663,6326
847,0.25,9,91,9,8,1,0,0,3,0.199136,1209.518408835881,0.9657131703931817,147265.22448834346,1.0005264261752267,1.2654765653470534,0.14060850726078372,0.04783029052760462,0.8962876971615568,6326
848,0.25,9,91,9,8,1,0,0,3,0.2032,1209.721608835881,0.9656981786643538,147266.94034294077,1.0003692451265414,1.2598946451074688,0.13998829390082987,0.04773150682491472,0.8958493829991897,6326
849,0.25,9,91,9,8,1,0,0,3,0.19100799999999998,1209.912616835881,0.9656831927854495,147270.13961221452,1.0002072852626265,1.2546959568618505,0.13941066187353895,0.04768030765281865,0.8952766821574244,6326
850,0.25,9,91,9,8,1,0,0,3,0.2032,1210.1158168358809,0.9656682127530453,147271.85408251724,1.0000459308518206,1.2491572254785086,0.13879524727538983,0.047533616058221546,0.8950246103845438,6326
851,0.25,9,91,9,8,1,0,0,3,0.186944,1210.302760835881,0.9656532385637203,147275.54605997526,0.999884816772925,1.2441244951889951,0.13823605502099945,0.047491031003566817,0.8944329636425941,6326
852,0.25,9,91,9,8,1,0,0,3,0.18288000000000001,1210.485640835881,0.9656382702140567,147279.7313621099,0.9997236693492962,1.2392577228555868,0.13769530253950965,0.047455344113542804,0.8938332526337261,6326
853,0.25,9,91,9,7,2,0,0,3,0.195072,1210.680712835881,0.9656016462688184,147279.12827018937,0.9995860746223182,1.233969504570096,0.1371077227300107,0.04738397538577178,0.8933061302165636,6326
854,0.25,9,91,9,8,1,0,0,3,0.19100799999999998,1210.871720835881,0.9655866938103694,147282.32308281964,0.9994256730806804,1.228809030282594,0.136534336698066,0.047328982087073715,0.8927272641043579,6326
855,0.25,9,91,9,8,1,0,0,3,0.186944,1211.058664835881,0.9655717471796982,147286.01113982568,0.9992655113619893,1.2237762999930806,0.13597514444367564,0.04729024749373567,0.892096406957199,6326
856,0.25,9,91,9,8,1,0,0,3,0.195072,1211.253736835881,0.965556806373398,147288.70968525473,0.999106773884627,1.2184498677494737,0.13538331863883038,0.047232353373492436,0.8914909864872231,6326
857,0.25,9,91,9,8,1,0,0,3,0.186944,1211.440680835881,0.9655418713880652,147292.39559371662,0.9989478200338788,1.2134171374599603,0.13482412638444002,0.0471959020027912,0.8908378652273284,6326
858,0.25,9,91,9,8,1,0,0,3,0.18288,1211.623560835881,0.9655269422202987,147296.5744219084,0.9987856440763468,1.208550365126552,0.1342833739029502,0.04716501019575821,0.8901818526458591,6326
859,0.25,9,91,9,8,1,0,0,3,0.178816,1211.8023768358812,0.9655120188666998,147301.2459887054,0.9986235262659365,1.2038495507492486,0.13376106119436096,0.0471391549337716,0.8895253796324168,6326
860,0.25,9,91,9,8,1,0,0,3,0.191008,1211.9933848358812,0.965497101323873,147304.43435891808,0.9984626502695423,1.1987285341443943,0.13319205934937714,0.04706808326759781,0.8889829256160791,6326
861,0.25,9,91,9,8,1,0,0,3,0.199136,1212.1925208358812,0.9654821895884248,147306.6339964457,0.9983045630551185,1.193197929986566,0.1325775477762851,0.04702288973475624,0.8882576907756541,6326
862,0.25,9,91,9,8,1,0,0,3,0.2032,1212.395720835881,0.9654672836569649,147308.33912616232,0.9981466235124324,1.187659198603224,0.131962133178136,0.04688649408643325,0.8879102422304332,6326
863,0.25,9,91,9,8,1,0,0,3,0.211328,1212.6070488358812,0.9654523835261053,147309.05627794695,0.9979882855335034,1.1817873075831404,0.13130970084257118,0.04675535603700591,0.8874804680743902,6326
864,0.25,9,91,9,8,1,0,0,3,0.19100799999999998,1212.7980568358812,0.9654374891924606,147312.2413026563,0.9978288214246661,1.1765886193375223,0.13073206881528024,0.046723035877713384,0.8867359340394024,6326
865,0.25,9,91,9,8,1,0,0,3,0.19100799999999998,1212.9890648358812,0.9654226006526484,147315.42532428124,0.9976700512344318,1.1713899310919038,0.13015443678798932,0.04669229043824808,0.8859764448555328,6326
866,0.25,9,91,9,8,1,0,0,3,0.18694400000000003,1213.1760088358812,0.9654077179032885,147319.101843678,0.9975121565018423,1.166433628718623,0.12960373652429144,0.04664069499953567,0.8853416057536183,6326
867,0.25,9,91,9,8,1,0,0,3,0.18288,1213.3588888358813,0.9653928409410036,147323.27067014918,0.9973504988368924,1.1615668563852146,0.12906298404280164,0.04661708802860659,0.8845934171499544,6326
868,0.25,9,91,9,8,1,0,0,3,0.18288,1213.5417688358814,0.965377969762419,147327.43824014117,0.9971893536565078,1.1567000840518062,0.12852223156131182,0.04659411574504804,0.8838346378460069,6326
869,0.25,9,91,9,8,1,0,0,3,0.191008,1213.7327768358814,0.9653631043641625,147330.6179191861,0.9970298115702492,1.151501395806188,0.12794459953402088,0.046567649010084776,0.883023893385152,6326
870,0.25,9,91,9,8,1,0,0,3,0.18288000000000001,1213.9156568358815,0.9653482447428645,147334.78309867484,0.9968696903386273,1.1466346234727796,0.12740384705253105,0.046546307472205534,0.8822413560465912,6326
871,0.25,9,91,9,8,1,0,0,3,0.2032,1214.1188568358814,0.9653333908951583,147336.48109723796,0.9967129887519085,1.141016976724142,0.12677966408046024,0.046468075164892306,0.8815687387878177,6326
872,0.25,9,91,9,8,1,0,0,3,0.18694399999999997,1214.3058008358814,0.9653185428176796,147340.150954431,0.9965535266122014,1.136022460392745,0.1262247178214161,0.04643357794377267,0.8808056731412292,6326
873,0.25,9,91,9,8,1,0,0,3,0.178816,1214.4846168358815,0.9653037005070666,147344.80578783815,0.9963940306614257,1.1313216460154414,0.12570240511282682,0.046415834010589296,0.8800129914818018,6326
874,0.25,9,91,9,8,1,0,0,3,0.178816,1214.6634328358816,0.9652888639599603,147349.4592507279,0.9962349550466704,1.126620831638138,0.12518009240423755,0.04639842964015667,0.8792105706692646,6326
875,0.25,9,91,9,8,1,0,0,3,0.186944,1214.8503768358817,0.9652740331730043,147353.12546574065,0.9960770260189555,1.1215881013486246,0.12462090014984718,0.04637958998892552,0.8783432253810095,6326
876,0.25,9,91,9,8,1,0,0,3,0.18288000000000001,1215.0332568358817,0.9652592081428448,147357.28342634495,0.995916157263899,1.1167595429733326,0.12408439366370362,0.04634832023010846,0.8775631740575058,6326
877,0.25,9,91,9,8,1,0,0,3,0.18288,1215.2161368358818,0.9652443888661305,147361.44013547173,0.9957555275559523,1.111892770639924,0.1235436411822138,0.04633165007244873,0.8766993351798079,6326
878,0.25,9,91,9,8,1,0,0,3,0.18288000000000001,1215.3990168358819,0.9652295753395128,147365.5955936859,0.995595046006108,1.1070654559891637,0.12300727288768483,0.04628945705034278,0.8759537175596694,6326
879,0.25,9,91,9,8,1,0,0,3,0.18288,1215.581896835882,0.9652147675596456,147369.74980155207,0.9954349847689751,1.1022368976138712,0.12247076640154125,0.04625945389358594,0.87514243153021,6326
880,0.25,9,91,9,8,1,0,0,3,0.186944,1215.768840835882,0.9651999655231857,147373.41012688994,0.9952761601755096,1.097242381282474,0.12191582014249712,0.0462297324451855,0.8742878955944007,6326
881,0.25,9,91,9,8,1,0,0,3,0.19100799999999998,1215.959848835882,0.9651851692267919,147376.57676079002,0.9951177551528908,1.0921226084021514,0.12134695648912792,0.0461621202984038,0.8735798431001087,6326
882,0.25,9,91,9,8,1,0,0,3,0.178816,1216.138664835882,0.9651703786671262,147381.2199073433,0.9949587718196726,1.0874217940248478,0.12082464378053864,0.04614811298544291,0.8726914507518702,6326
883,0.25,9,91,9,8,1,0,0,3,0.178816,1216.3174808358822,0.9651555938408528,147385.86168867917,0.9948002079641826,1.0827209796475443,0.12030233107194938,0.04613444974989873,0.8717919076306373,6326
884,0.25,9,91,9,8,1,0,0,3,0.191008,1216.5084888358822,0.9651408147446388,147389.02493938056,0.9946434233172073,1.0775605053600423,0.1197289450400047,0.046107563774264324,0.8708512986831183,6326
885,0.25,9,91,9,8,1,0,0,3,0.178816,1216.6873048358823,0.9651260413751533,147393.66416269948,0.9944824341903707,1.0728596909827388,0.11920663233141543,0.046094867636493495,0.8699270104902742,6326
886,0.25,9,91,9,8,1,0,0,3,0.18288,1216.8701848358824,0.9651112737290689,147397.809754202,0.9943223181891558,1.0679929186493304,0.1186658798499256,0.046083320857154476,0.8689516859142633,6326
887,0.25,9,91,9,8,1,0,0,3,0.18288,1217.0530648358824,0.96509651180306,147401.95409983315,0.9941622593097507,1.0631643602740382,0.11812937336378204,0.04605704296689908,0.8680469277312192,6326
888,0.25,9,91,9,8,1,0,0,3,0.18288,1217.2359448358825,0.9650817555938038,147406.0972001545,0.9940027105166653,1.058335801898746,0.11759286687763842,0.04603120598975571,0.8671299929998438,6326
889,0.25,9,91,9,8,1,0,0,3,0.18288000000000001,1217.4188248358826,0.9650670050979802,147410.23905572726,0.9938441244513341,1.0534690295653375,0.11705211439614861,0.04602130315902737,0.8661142162344556,6326
890,0.25,9,91,9,8,1,0,0,3,0.18694399999999997,1217.6057688358826,0.9650522603122715,147413.88764247322,0.9936856854984548,1.0484745132339404,0.11649716813710448,0.045997805143128616,0.8651274487087742,6326
891,0.25,9,91,9,8,1,0,0,3,0.199136,1217.8049048358826,0.9650375212333627,147416.05924488665,0.993529114040133,1.043061038399524,0.11589567093328045,0.04592312790694527,0.864296446166852,6326
892,0.25,9,91,9,8,1,0,0,3,0.186944,1217.9918488358826,0.9650227878579414,147419.7057817865,0.9933716025105989,1.0380283081100106,0.11533647867889003,0.04591726174930902,0.8631880573320566,6326
893,0.25,9,91,9,8,1,0,0,3,0.191008,1218.1828568358826,0.9650080601826975,147422.85937799455,0.9932153238515118,1.0328678338225084,0.11476309264694537,0.045898332348254973,0.8621047341712276,6326
894,0.25,9,91,9,8,1,0,0,3,0.186944,1218.3698008358826,0.9649933382043238,147426.50374030016,0.9930555712910454,1.027835103532995,0.11420390039255499,0.04589465044821897,0.8609584907812939,6326
895,0.25,9,91,9,7,2,0,0,3,0.18288000000000001,1218.5526808358827,0.9649571364114905,147427.3560965522,0.9929164226568699,1.0230065451577026,0.1136673939064114,0.0458728713636454,0.8599416436851931,6326
896,0.25,9,91,9,8,1,0,0,3,0.178816,1218.7314968358828,0.9649424299707854,147431.98191438563,0.9927567766747196,1.0183057307803993,0.11314508119782214,0.045865530602637095,0.8588673264619276,6326
897,0.25,9,91,9,8,1,0,0,3,0.18288000000000001,1218.9143768358829,0.9649277292154378,147436.11480447472,0.9925981825607963,1.0134389584469907,0.1126043287163323,0.04586131402457966,0.8577243563723284,6326
898,0.25,9,91,9,8,1,0,0,3,0.19913599999999998,1219.1135128358828,0.9649130341421516,147438.28044517554,0.9924425389877717,1.0079465682472788,0.11199406313858654,0.04585303613651721,0.8564372578234556,6326
899,0.25,9,91,9,8,1,0,0,3,0.19100799999999998,1219.3045208358828,0.964898344747633,147441.42823054263,0.99228469023268,1.0027860939597766,0.11142067710664184,0.04584019378802861,0.8552397908820024,6326
900,0.25,9,91,9,8,1,0,0,3,0.18288,1219.487400835883,0.964883661028591,147445.5577620177,0.9921268976615194,0.9979193216263681,0.11087992462515202,0.04583873966439281,0.8540388950715515,6326
901,0.25,9,91,9,8,1,0,0,3,0.178816,1219.666216835883,0.9648689829817371,147450.17736618925,0.9919693420272171,0.9932185072490647,0.11035761191656274,0.04583420829434356,0.8528825730103891,6326
902,0.25,9,91,9,8,1,0,0,3,0.19100799999999998,1219.857224835883,0.9648543106037849,147453.32186248238,0.9918132884586089,0.9880198190034463,0.10977997988927181,0.04584177984389622,0.8515189687006943,6326
903,0.25,9,91,9,8,1,0,0,3,0.186944,1220.044168835883,0.9648396438914513,147456.95655564434,0.9916540374704241,0.9829870887139329,0.10922078763488144,0.045846699089867486,0.8501956527188615,6326
904,0.25,9,91,9,8,1,0,0,3,0.178816,1220.2229848358832,0.964824982841455,147461.57238154378,0.9914944817520195,0.9782862743366294,0.10869847492629216,0.045843838531120076,0.8489864828854331,6326
905,0.25,9,91,9,8,1,0,0,3,0.178816,1220.4018008358833,0.9648103274505179,147466.186854801,0.9913353440833017,0.9735854599593261,0.10817616221770289,0.04584132835154091,0.8477613688350811,6326
906,0.25,9,91,9,8,1,0,0,3,0.18288,1220.5846808358833,0.9647956777153638,147470.3089643334,0.9911768048635325,0.9687569015840338,0.1076396557315593,0.045825526240439174,0.8465631476574864,6326
907,0.25,9,91,9,8,1,0,0,3,0.178816,1220.7634968358834,0.9647810336327196,147474.92079065915,0.9910185025933614,0.9640560872067303,0.10711734302297002,0.04582375250205205,0.8453053375792712,6326
908,0.25,9,91,9,8,1,0,0,3,0.18694399999999997,1220.9504408358835,0.9647663951993142,147478.54947881843,0.990861069099544,0.9590615708753331,0.10656239676392591,0.04581367769459881,0.8439999391353092,6326
909,0.25,9,91,9,8,1,0,0,3,0.186944,1221.1373848358835,0.9647517624118794,147482.17705594547,0.9907045039189794,0.9541052685020522,0.10601169650022803,0.04578584143896309,0.8427918192021296,6326
910,0.25,9,91,9,8,1,0,0,3,0.191008,1221.3283928358835,0.9647371352671494,147485.31275994398,0.99054853584809,0.94894479421455,0.10543831046828335,0.04578239572250001,0.8413694309021097,6326
911,0.25,9,91,9,8,1,0,0,3,0.2032,1221.5315928358834,0.9647225137618609,147486.97541399166,0.9903943375704761,0.943286446058733,0.104809605117637,0.04579690591464125,0.8396811745864807,6326
912,0.25,9,91,9,8,1,0,0,3,0.186944,1221.7185368358835,0.9647078978927531,147490.59997622485,0.9902358637461667,0.9382919297273359,0.10425465885859286,0.045790616647810374,0.8382839289910764,6326
913,0.25,9,91,9,8,1,0,0,3,0.18288,1221.9014168358835,0.9646932876565678,147494.7139898491,0.9900772658003454,0.9334251573939274,0.10371390637710304,0.045798293224986464,0.8368232307595895,6326
914,0.25,9,91,9,8,1,0,0,3,0.178816,1222.0802328358836,0.9646786830500492,147499.3172761735,0.9899186339819686,0.9287243430166239,0.10319159366851377,0.045800429073154084,0.8354268812737025,6326
915,0.25,9,91,9,8,1,0,0,3,0.2032,1222.2834328358836,0.9646640840699442,147500.9765793065,0.9897626733143967,0.9231843679087504,0.10257604087875002,0.045721020883317476,0.8342555237510876,6326
916,0.25,9,91,9,8,1,0,0,3,0.186944,1222.4703768358836,0.9646494907130018,147504.59677127042,0.9896055960401405,0.9182305529845325,0.10202561699828137,0.045669919949534364,0.8330734764996377,6326
917,0.25,9,91,9,8,1,0,0,3,0.19100799999999998,1222.6613848358836,0.964634902975974,147507.7255541267,0.9894492054505101,0.9131107801042097,0.10145675334491218,0.04562590087830634,0.8317826325210648,6326
918,0.25,9,91,9,7,2,0,0,3,0.2032,1222.8645848358835,0.9645989304812834,147506.11166338436,0.9893118121497627,0.9074918896310404,0.10083243218122671,0.04561740639264885,0.8301007377487837,6326
919,0.25,9,91,9,8,1,0,0,3,0.195072,1223.0596568358835,0.9645843580914905,147508.74905540983,0.9891576881971621,0.9022838304353766,0.10025375893726408,0.045528030948571684,0.8290278001882698,6326
920,0.25,9,91,9,8,1,0,0,3,0.18694400000000003,1223.2466008358836,0.9645697913102976,147512.36576230568,0.9890028081093226,0.8973275280620958,0.0997030586735662,0.04550721838322485,0.8275911829594966,6326
921,0.25,9,91,9,8,1,0,0,3,0.195072,1223.4416728358835,0.9645552301344678,147515.00133362683,0.988845280757169,0.8919628818603724,0.0991069868733747,0.04554292962644856,0.8256475418070491,6326
922,0.25,9,91,9,8,1,0,0,3,0.195072,1223.6367448358835,0.9645406745607661,147517.63606462313,0.9886880794279647,0.8867153649820609,0.0985239294424512,0.045490202378904034,0.8242780467281408,6326
923,0.25,9,91,9,8,1,0,0,3,0.18288,1223.8196248358836,0.96452612458596,147521.73958986052,0.9885300334155053,0.8818868066067687,0.09798742295630763,0.04548432926656392,0.8227283186750637,6326
924,0.25,9,91,9,8,1,0,0,3,0.178816,1223.9984408358837,0.9645115802068199,147526.33171385835,0.9883723134942711,0.8771859922294651,0.09746511024771835,0.04549169699134816,0.8211163598665758,6326
925,0.25,9,91,9,8,1,0,0,3,0.19100799999999998,1224.1894488358837,0.9644970414201184,147529.4532000267,0.9882167196725417,0.872025517941963,0.09689172421577369,0.04550314992424375,0.8193019238397313,6326
926,0.25,9,91,9,8,1,0,0,3,0.186944,1224.3763928358837,0.9644825082226304,147533.06340839632,0.988060551026329,0.8670692155686822,0.09634102395207579,0.045486182102668866,0.8177192944450509,6326
927,0.25,9,91,9,8,1,0,0,3,0.18288000000000001,1224.5592728358838,0.9644679806111337,147537.16215108294,0.987904527678638,0.8622406571933899,0.09580451746593223,0.045482391982863676,0.8160736428313565,6326
928,0.25,9,91,9,8,1,0,0,3,0.186944,1224.7462168358838,0.9644534585824082,147540.77009262878,0.9877492792811092,0.8572461408619928,0.0952495712068881,0.04548774317355818,0.8142877250121927,6326
929,0.25,9,91,9,8,1,0,0,3,0.18288000000000001,1224.929096835884,0.9644389421332366,147544.86644724914,0.9875942657501087,0.8524175824867006,0.09471306472074452,0.045484994868136175,0.8125916714107142,6326
930,0.25,9,91,9,8,1,0,0,3,0.195072,1225.124168835884,0.9644244312604038,147547.49322410513,0.9874380480903323,0.847167578159326,0.09412973090659177,0.04546704271119582,0.8108238807874263,6326
931,0.25,9,91,9,8,1,0,0,3,0.18288,1225.307048835884,0.9644099259606973,147551.5873117413,0.9872804471141675,0.8423008058259176,0.09358897842510194,0.045486863506500164,0.8089154050982037,6326
932,0.25,9,91,9,8,1,0,0,3,0.18288000000000001,1225.489928835884,0.9643954262309071,147555.68017745516,0.9871233514052319,0.8374340334925091,0.09304822594361212,0.04550733775980729,0.8069774447568261,6326
933,0.25,9,91,9,8,1,0,0,3,0.18288,1225.672808835884,0.9643809320678255,147559.7718217937,0.9869663112869483,0.8326054751172168,0.09251171945746856,0.04550679187902402,0.8051733634713265,6326
934,0.25,9,91,9,8,1,0,0,3,0.18288000000000001,1225.8556888358842,0.9643664434682475,147563.86224530346,0.9868102253875776,0.8277387027838085,0.09197096697597872,0.04552842700582321,0.8031772902374632,6326
935,0.25,9,91,9,8,1,0,0,3,0.18694399999999997,1226.0426328358842,0.9643519604289704,147567.4623006508,0.9866542845518665,0.8227441864524112,0.0914160207169346,0.045538656790299566,0.8011851945300512,6326
936,0.25,9,91,9,8,1,0,0,3,0.18288,1226.2255128358843,0.964337482946794,147571.550343545,0.9864984887028565,0.8178774141190028,0.09087526823544474,0.04556162991997075,0.799126507912789,6326
937,0.25,9,91,9,8,1,0,0,3,0.211328,1226.4368408358844,0.9643230110185205,147572.21405437126,0.9863475981234465,0.8121251398713942,0.09023612665237712,0.04539562693876303,0.7980301860047153,6326
938,0.25,9,91,9,8,1,0,0,3,0.2032,1226.6400408358843,0.9643085446409546,147573.8553884523,0.9861964016827897,0.8066258661707,0.08962509624118889,0.04528505671344187,0.7966224157084298,6326
939,0.25,9,91,9,8,1,0,0,3,0.186944,1226.8269848358843,0.9642940838109035,147577.45161940643,0.9860391532160421,0.8015931358811865,0.0890659039867985,0.045320609690774435,0.7943305476522148,6326
940,0.25,9,91,9,8,1,0,0,3,0.18288,1227.0098648358844,0.9642796285251768,147581.5355602055,0.985882050095663,0.796726363547778,0.08852515150530867,0.04534640687982346,0.7921462841345793,6326
941,0.25,9,91,9,8,1,0,0,3,0.191008,1227.2008728358844,0.9642651787805865,147584.6407943526,0.9857254512631424,0.7916460483501031,0.08796067203890033,0.04528125604928971,0.7905085036614188,6326
942,0.25,9,91,9,8,1,0,0,3,0.199136,1227.4000088358844,0.9642507345739472,147586.76771707708,0.9855704333165564,0.786273274922866,0.08736369721365177,0.045200935959193,0.7888361198607962,6326
943,0.25,8,92,9,7,1,1,0,3,0.1863169965018034,1227.5863258323861,0.9642150079829697,147587.1767121147,0.9854348019650835,0.7812734337940581,0.09765917922425725,0.03494449919299266,0.8864966683722063,6326
944,0.25,8,92,8,7,1,0,0,3,0.166624,1227.752949832386,0.9641998169550688,147589.95286856213,0.985297218379806,0.7767712811485961,0.09709641014357451,0.03501193043014591,0.8849364308597379,6326
945,0.25,8,92,8,7,1,0,0,3,0.16256,1227.915509832386,0.9641846310995723,147593.2167553928,0.9851603051876203,0.7724733004173552,0.0965591625521694,0.03502194693409019,0.8837428899345506,6326
946,0.25,8,92,8,7,1,0,0,3,0.16255999999999998,1228.078069832386,0.9641694504138386,147596.47977814573,0.9850236136612115,0.7681371057279982,0.09601713821599978,0.035068225081124484,0.882307203969236,6326
947,0.25,8,92,8,7,1,0,0,3,0.17881599999999997,1228.2568858323862,0.9641542748952284,147597.78845216215,0.9848860676641563,0.7632135071304538,0.09540168839130672,0.03513881269277418,0.8805427554856887,6326
948,0.25,8,92,8,7,1,0,0,3,0.166624,1228.4235098323861,0.9641391045411039,147600.5616538061,0.9847474882810563,0.7587508121676394,0.09484385152095494,0.035153761008555245,0.8792132117735854,6326
949,0.25,8,92,8,7,1,0,0,3,0.195072,1228.618581832386,0.9641239393488293,147599.9164277167,0.9846110134530859,0.7533631576079772,0.09417039470099715,0.034992457096116876,0.8786754746725861,6326
950,0.25,8,92,8,7,1,0,0,3,0.16255999999999998,1228.781141832386,0.9641087793157704,147603.1766971407,0.9844729674597228,0.7490651768767365,0.09363314710959204,0.03500674234428291,0.8773625163603096,6326
951,0.25,8,92,8,7,1,0,0,3,0.166624,1228.947765832386,0.964093624439295,147605.9479852139,0.9843357706095548,0.7446406958720385,0.0930800869840048,0.0349881575368178,0.876197205093895,6326
952,0.25,8,92,8,7,1,0,0,3,0.17068799999999998,1229.118453832386,0.9640784747167725,147608.23046331157,0.9841986161068944,0.7399725852704715,0.09249657315880894,0.03509084762786285,0.8741831361560639,6326
953,0.25,8,92,8,7,1,0,0,3,0.166624,1229.285077832386,0.9640633301455743,147611.0003059369,0.9840619518644192,0.7354704326250094,0.09193380407812618,0.03517008165512729,0.8723330153320322,6326
954,0.25,8,92,8,7,1,0,0,3,0.170688,1229.4557658323859,0.9640481907230734,147613.28145639205,0.9839271212447294,0.7309194513468542,0.09136493141835679,0.0351208273345315,0.8712587908228202,6326
955,0.25,8,92,8,7,1,0,0,3,0.174752,1229.6305178323857,0.9640330564466444,147615.0740955686,0.9837883020761542,0.7262037558371257,0.09077546947964071,0.03507654870167881,0.8700852376912634,6326
956,0.25,8,92,8,7,1,0,0,3,0.158496,1229.7890138323858,0.9640179273136643,147618.81750290463,0.983649615274404,0.7220335191038736,0.0902541898879842,0.03510704345731349,0.8685794398579073,6326
957,0.25,8,92,8,7,1,0,0,3,0.170688,1229.9597018323857,0.9640028033215112,147621.09663389882,0.9835119560901905,0.7174418364185391,0.08968022955231739,0.03514137516950557,0.8668906928639356,6326
958,0.25,8,92,8,7,1,0,0,3,0.16255999999999998,1230.1222618323857,0.9639876844675656,147624.35054991627,0.9833742498394906,0.7131438556872982,0.08914298196091228,0.035161782510244,0.865362638547355,6326
959,0.25,8,92,8,7,1,0,0,3,0.158496,1230.2807578323857,0.9639725707492092,147628.09126593248,0.9832367650548414,0.7089736189540463,0.08862170236925578,0.03519408539935805,0.8637741860701674,6326
960,0.25,8,92,8,7,1,0,0,3,0.16256,1230.4433178323857,0.9639574621638258,147631.34340881938,0.9831001280623879,0.7046768819473369,0.08808461024341713,0.035193671568201516,0.8623400421192713,6326
961,0.25,8,92,8,7,1,0,0,3,0.17068799999999998,1230.6140058323856,0.9639423587088011,147633.6195906627,0.9829639805661453,0.7000087713457699,0.08750109641822124,0.035308217809479056,0.8599736554835739,6326
962,0.25,8,92,8,7,1,0,0,3,0.174752,1230.7887578323855,0.9639272603815223,147635.40765518256,0.982829843197469,0.6952930758360414,0.08691163447950517,0.03527068007016785,0.8585962800274635,6326
963,0.25,8,92,8,7,1,0,0,3,0.158496,1230.9472538323855,0.9639121671793783,147639.14492208327,0.9826910958433891,0.6911228391027893,0.08639035488784866,0.03530562830854848,0.8568864799525865,6326
964,0.25,8,92,8,7,1,0,0,3,0.186944,1231.1341978323856,0.9638970790997603,147639.469620798,0.9825544482332175,0.6859092697247458,0.08573865871559322,0.03535396635086743,0.8546796939224388,6326
965,0.25,8,92,8,7,1,0,0,3,0.16256,1231.2967578323855,0.9638819961400606,147642.71800734088,0.9824169485078054,0.6815730750353887,0.0851966343794236,0.035418799103494374,0.8526374318323674,6326
966,0.25,8,92,8,7,1,0,0,3,0.166624,1231.4633818323855,0.9638669182976738,147645.47828410176,0.9822804746100503,0.6770709223899267,0.08463386529874083,0.03551298613952111,0.8502893278870906,6326
967,0.25,8,92,8,7,1,0,0,3,0.166624,1231.6300058323855,0.9638518455699959,147648.23781400142,0.9821442215260423,0.6726069837025809,0.08407587296282261,0.035568843946199864,0.8481931139742336,6326
968,0.25,8,92,8,7,1,0,0,3,0.17068799999999998,1231.8006938323854,0.963836777954425,147650.5094620026,0.9820082785333752,0.6680153010172465,0.0835019126271558,0.03561500529723359,0.8460831321574076,6326
969,0.25,8,92,8,7,1,0,0,3,0.17068799999999998,1231.9713818323853,0.9638217154483606,147652.78048053617,0.9818724667572157,0.6633471904156794,0.08291839880195992,0.03574202821705965,0.8433092264880837,6326
970,0.25,8,92,8,7,1,0,0,3,0.170688,1232.1420698323852,0.9638066580492043,147655.0508698637,0.9817375903055701,0.6587172937722285,0.08233966172152857,0.03583081535252935,0.8407861716509204,6326
971,0.25,8,92,8,7,1,0,0,3,0.18288000000000001,1232.3249498323853,0.9637916057543592,147655.8597833707,0.981600253890643,0.6537078963084062,0.08171348703855077,0.035823583987110705,0.8387863122185377,6326
972,0.25,8,92,8,7,1,0,0,3,0.17068799999999998,1232.4956378323852,0.9637765585612303,147658.12909493613,0.981463852981569,0.6491162136230717,0.08113952670288396,0.03587499588220689,0.8364789094078222,6326
973,0.25,8,92,8,7,1,0,0,3,0.158496,1232.6541338323852,0.9637615164672244,147661.85826522388,0.981326243686699,0.6449459768898196,0.08061824711122745,0.03591774189870552,0.8343792191940872,6326
974,0.25,8,92,8,7,1,0,0,3,0.166624,1232.8207578323852,0.9637464794697499,147664.6129158954,0.9811901054764046,0.6404438242443575,0.08005547803054469,0.036021781331763966,0.8316255840592682,6326
975,0.25,8,92,8,7,1,0,0,3,0.16255999999999998,1232.9833178323852,0.9637314475662171,147667.85354410717,0.9810535627214233,0.6361458435131166,0.07951823043913958,0.03605564285081448,0.8294657776879582,6326
976,0.25,8,92,8,7,1,0,0,3,0.16255999999999998,1233.1458778323852,0.963716420754038,147671.09331792445,0.9809172404957901,0.6318096488237596,0.07897620610296996,0.03613086979763018,0.8269262915101628,6326
977,0.25,8,92,8,7,1,0,0,3,0.158496,1233.3043738323852,0.9637013990306262,147674.8188559919,0.9807812279537018,0.6276394120905076,0.07845492651131344,0.03617589403341908,0.8246626524418248,6326
978,0.25,8,92,8,7,1,0,0,3,0.158496,1233.4628698323852,0.9636863823933975,147678.54343662012,0.9806456141945376,0.6234691753572554,0.07793364691965692,0.036221361157704704,0.8223597486270292,6326
979,0.25,8,92,8,7,1,0,0,3,0.16255999999999998,1233.6254298323852,0.963671370839769,147681.78054237555,0.980507811408733,0.6191329806678982,0.07739162258348728,0.036298526337230026,0.8196832252996089,6326
980,0.25,8,92,8,7,1,0,0,3,0.166624,1233.7920538323851,0.9636563643671596,147684.53033395376,0.980371121551583,0.6146690419805525,0.07683363024756906,0.03636675739690112,0.8169733460960673,6326
981,0.25,8,92,8,7,1,0,0,3,0.17068799999999998,1233.962741832385,0.9636413629729901,147686.79298159434,0.980234830501676,0.6100391453371017,0.07625489316713771,0.03646761724922994,0.8138637196514258,6326
982,0.25,8,92,8,7,1,0,0,3,0.174752,1234.137493832385,0.9636263666546832,147688.5686650687,0.9801000975107745,0.6052050767794297,0.07565063459742871,0.036643356962377305,0.8099657041811223,6326
983,0.25,8,92,8,7,1,0,0,3,0.170688,1234.308181832385,0.9636113754096628,147690.83012102664,0.979964870866954,0.6006146378186267,0.07507682972732833,0.03668311435408979,0.8072735679093525,6326
984,0.25,8,92,8,7,1,0,0,3,0.158496,1234.466677832385,0.9635963892353551,147694.54961728488,0.9798287941578215,0.5964444010853746,0.07455555013567182,0.03673261998451619,0.8046726370740973,6326
985,0.25,8,92,8,7,1,0,0,3,0.158496,1234.625173832385,0.9635814081291877,147698.2681585565,0.9796931158226895,0.5922741643521223,0.0740342705440153,0.036782550229074396,0.8020265997517648,6326
986,0.25,8,92,8,7,1,0,0,3,0.174752,1234.7999258323848,0.9635664320885902,147700.04126543555,0.9795591726667808,0.5874783097525667,0.07343478871907083,0.036921934564608704,0.7982164082791922,6326
987,0.25,8,92,8,7,1,0,0,3,0.174752,1234.9746778323847,0.9635514611109938,147701.81387051652,0.9794219732327306,0.5827231565601902,0.07284039457002378,0.03697588377505093,0.7951103751690153,6326
988,0.25,8,92,8,7,1,0,0,3,0.170688,1235.1453658323846,0.9635364951938312,147704.07196326516,0.9792859742808673,0.5780932599167394,0.07226165748959243,0.03708533127155386,0.7915253261246955,6326
989,0.25,8,92,8,7,1,0,0,3,0.16256,1235.3079258323846,0.9635215343345374,147707.30130064592,0.9791494825191419,0.5737570652273823,0.0717196331534228,0.03717149991324035,0.7882559136323611,6326
990,0.25,8,92,8,7,1,0,0,3,0.166624,1235.4745498323846,0.9635065785305484,147710.04390560574,0.9790140124983073,0.5692549125819203,0.07115686407274004,0.037292075850544705,0.7845213350601951,6326
991,0.25,8,92,8,7,1,0,0,3,0.166624,1235.6411738323845,0.9634916277793028,147712.7857708948,0.9788791184270739,0.5647527599364582,0.07059409499205727,0.037413752470309126,0.7807113001267333,6326
992,0.25,8,92,8,7,1,0,0,3,0.158496,1235.7996698323846,0.9634766820782401,147716.49843923294,0.9787433752315988,0.560582523203206,0.07007281540040075,0.03746828800192372,0.7776597112639742,6326
993,0.25,8,92,8,7,1,0,0,3,0.16256,1235.9622298323845,0.9634617414248021,147719.7244326472,0.9786084750035401,0.5562845424719653,0.06953556780899567,0.03751452032894458,0.7745564318167879,6326
994,0.25,8,92,8,7,1,0,0,3,0.186944,1236.1491738323846,0.963446805816432,147720.03562796552,0.9784775331685767,0.5511893461418651,0.06889866826773314,0.03741731481734661,0.7722406399586028,6326
995,0.25,8,92,8,7,1,0,0,3,0.166624,1236.3157978323845,0.963431875250575,147722.77465046244,0.9783406678412503,0.546687193496403,0.06833589918705038,0.0375427563672777,0.7681526991001824,6326
996,0.25,8,92,8,7,1,0,0,3,0.166624,1236.4824218323845,0.9634169497246777,147725.51293475734,0.9782043784498612,0.542185040850941,0.06777313010636762,0.03766925935546309,0.7639832143982942,6326
997,0.25,8,92,8,7,1,0,0,3,0.158496,1236.6409178323845,0.9634020292361888,147729.22144628706,0.9780677749065075,0.5380148041176889,0.06725185051471111,0.03772667987617904,0.7606331750411187,6326
998,0.25,8,92,8,7,1,0,0,3,0.166624,1236.8075418323845,0.9633871137825583,147731.95814224923,0.9779326367290684,0.5335126514722268,0.06668908143402835,0.03785485562667145,0.7563117603050424,6326
999,0.25,8,92,8,7,1,0,0,3,0.16256,1236.9701018323844,0.9633722033612382,147735.17947547184,0.9777974510082785,0.5291764567828696,0.0661470570978587,0.03794865262333598,0.7523700515132651,6326
1000,0.25,8,92,8,7,1,0,0,3,0.16256,1237.1326618323844,0.9633572979696823,147738.39996212407,0.9776623956488152,0.5248784760516289,0.0656098095064536,0.037999270753730836,0.7488176830308981,6326
1001,0.25,7,93,8,6,1,1,0,3,0.15232759048514277,1237.2849894228696,0.9633213179029912,147739.608548282,0.9775455917474518,0.5209601331755381,0.07442287616793404,0.03095712085767164,0.8524969329379083,6326
1002,0.25,7,93,7,6,1,0,0,2,0.138176,1237.4231654228695,0.9633056527420647,147742.50645091504,0.9774285088844066,0.5176196862228108,0.07394566946040156,0.030934575239157023,0.851056598671912,6326
1003,0.25,7,93,7,6,1,0,0,2,0.14224,1237.5654054228694,0.9632899922028112,147744.91853020343,0.9773122569153333,0.5141514952720949,0.07345021361029927,0.030906335702143725,0.8495777622921338,6326
1004,0.25,7,93,7,6,1,0,0,2,0.138176,1237.7035814228693,0.9632743362831858,147747.8151834821,0.9771934575136559,0.5108110483193677,0.07297300690276683,0.03088417943132973,0.8480890422572521,6326
1005,0.25,7,93,7,6,1,0,0,2,0.138176,1237.8417574228693,0.9632586849811448,147750.711190074,0.9770750448231045,0.5074706013666405,0.07249580019523436,0.030862172863747192,0.8465760136979879,6326
1006,0.25,7,93,7,6,1,0,0,2,0.138176,1237.9799334228692,0.9632430382946455,147753.60655019563,0.9769570186914609,0.5041301544139132,0.07201859348770188,0.03084031631986503,0.8450381800597837,6326
1007,0.25,7,93,7,6,1,0,0,2,0.17881599999999997,1238.1587494228693,0.9632273962216465,147751.65146252207,0.9768420447586489,0.49952470472661425,0.07136067210380202,0.030442115309177713,0.8460355658512201,6326
1008,0.25,7,93,7,6,1,0,0,2,0.16256,1238.3213094228693,0.9632117587601078,147751.63651610905,0.9767267455965503,0.49542276868408086,0.07077468124058298,0.03025926089201679,0.8454561054855396,6326
1009,0.25,7,93,7,6,1,0,0,2,0.138176,1238.4594854228692,0.9631961259079903,147754.53065185994,0.9766098776231623,0.4920823217313536,0.0702974745330505,0.03023791151538279,0.8438659573353421,6326
1010,0.25,7,93,7,6,1,0,0,2,0.138176,1238.5976614228691,0.9631804976632563,147757.42414188036,0.976493395600765,0.48874187477862635,0.06982026782551805,0.030216716201556013,0.8422490325614014,6326
1011,0.25,7,93,7,6,1,0,0,2,0.150368,1238.7480294228692,0.9631648740238692,147758.86270049302,0.9763761448068532,0.48501819583193295,0.06928831369027613,0.030180406820073762,0.8405286357625429,6326
1012,0.25,7,93,7,6,1,0,0,2,0.138176,1238.8862054228691,0.9631492549877936,147761.75503343838,0.9762579479408237,0.48167774887920567,0.06881110698274366,0.030159803217469316,0.8388518933683276,6326
1013,0.25,7,93,7,6,1,0,0,2,0.14223999999999998,1239.028445422869,0.9631336405529954,147764.1620548228,0.9761402260122525,0.4782095579284897,0.06831565113264139,0.030134585214048108,0.8371168700531713,6326
1014,0.25,7,93,7,6,1,0,0,2,0.146304,1239.1747494228691,0.9631180307174416,147766.0839080851,0.9760231563908034,0.474613622979785,0.06780194613996929,0.030105234055572243,0.8353162883373952,6326
1015,0.25,7,93,7,6,1,0,0,2,0.14224,1239.316989422869,0.9631024254791005,147768.48987221727,0.9759063837537253,0.47114543202906906,0.067306490289867,0.03008099934483783,0.833512143356803,6326
1016,0.25,7,93,7,6,1,0,0,2,0.14224,1239.459229422869,0.9630868248359414,147770.89528413385,0.9757900854941537,0.46767724107835307,0.06681103443976473,0.030057177745588203,0.8316733783417526,6326
1017,0.25,7,93,7,6,1,0,0,2,0.138176,1239.5974054228689,0.9630712287859351,147773.7846163941,0.9756738177090687,0.4643367941256258,0.06633382773223226,0.030037831041401113,0.8298387283619353,6326
1018,0.25,7,93,7,6,1,0,0,2,0.146304,1239.743709422869,0.9630556373270532,147775.70445208062,0.975555450826004,0.46074334662598426,0.06582047808942633,0.02994318101418523,0.8285319964479538,6326
1019,0.25,7,93,7,6,1,0,0,2,0.146304,1239.890013422869,0.963040050457269,147777.62383469526,0.9754385344723908,0.45714741167727957,0.06530677309675423,0.02991640076697062,0.8265509702874803,6326
1020,0.25,7,93,7,6,1,0,0,2,0.138176,1240.028189422869,0.9630244681745564,147780.51141344514,0.9753209390756297,0.4538069647245523,0.06482956638922176,0.02989770780798519,0.8246188841856026,6326
1021,0.25,7,93,7,6,1,0,0,2,0.15443199999999999,1240.182621422869,0.9630088904768911,147781.46124135036,0.9752047936263738,0.44996051667799636,0.06428007381114234,0.029728264638506387,0.8237992423863546,6326
1022,0.25,7,93,7,6,1,0,0,2,0.138176,1240.320797422869,0.9629933173622494,147784.3477113821,0.9750879691099142,0.4466200697252691,0.06380286710360987,0.029709867431845623,0.8218069209239076,6326
1023,0.25,7,93,7,6,1,0,0,2,0.138176,1240.458973422869,0.9629777488286092,147787.23353836013,0.9749715298762152,0.44327962277254185,0.06332566039607741,0.029691630964480374,0.8197789840538754,6326
1024,0.25,7,93,7,6,1,0,0,2,0.158496,1240.617469422869,0.9629621848739496,147787.6980769043,0.9748580469719182,0.4393054307279972,0.06275791867542817,0.02951945933076321,0.8188343739276673,6326
1025,0.25,7,93,7,6,1,0,0,2,0.138176,1240.7556454228688,0.9629466254962505,147790.58284075264,0.974739895302376,0.43596498377526993,0.062280711967895704,0.029501622120327222,0.8167397249114603,6326
1026,0.25,7,93,7,6,1,0,0,2,0.150368,1240.906013422869,0.9629310706934935,147792.01487961793,0.9746232814159922,0.43224254855310806,0.061748935507586866,0.02944004140170144,0.8147902984950848,6326
1027,0.25,7,93,7,6,1,0,0,2,0.138176,1241.0441894228688,0.962915520463661,147794.89849212946,0.9745059004020682,0.42890210160038084,0.061271728800054395,0.02942272151140605,0.8126166039298611,6326
1028,0.25,7,93,7,6,1,0,0,2,0.138176,1241.1823654228688,0.9628999748047367,147797.7814625983,0.9743889045644847,0.4255616546476536,0.060794522092521945,0.02940556523268843,0.8104030902677443,6326
1029,0.25,7,93,7,6,1,0,0,2,0.138176,1241.3205414228687,0.9628844337147056,147800.66379123885,0.9742722937520838,0.4222212076949263,0.060317315384989474,0.029388572852085033,0.8081488719381581,6326
1030,0.25,7,93,7,6,1,0,0,2,0.138176,1241.4587174228686,0.9628688971915537,147803.5454782654,0.9741560678137865,0.41888076074219904,0.059840108677457,0.029371744654054868,0.8058530419100426,6326
1031,0.25,7,93,7,6,1,0,0,2,0.138176,1241.5968934228686,0.9628533652332683,147806.42652389218,0.9740402265985925,0.41554031378947187,0.059362901969924546,0.029355080920957594,0.803514671216447,6326
1032,0.25,7,93,7,6,1,0,0,2,0.138176,1241.7350694228685,0.9628378378378378,147809.30692833327,0.973922290016603,0.4121998668367446,0.05888569526239208,0.029338581933031686,0.8011328084759344,6326
1033,0.25,7,93,7,6,1,0,0,2,0.138176,1241.8732454228684,0.962822315003252,147812.18669180275,0.9738047385044307,0.4088594198840173,0.058408488554859625,0.02932224796837266,0.7987064794115789,6326
1034,0.25,7,93,7,6,1,0,0,2,0.146304,1242.0195494228685,0.9628067967275016,147814.098486057,0.9736879260954275,0.40526597238437573,0.05789513891205367,0.029230710247416337,0.7968670391585209,6326
1035,0.25,7,93,7,6,1,0,0,2,0.14223999999999998,1242.1617894228684,0.9627912830085785,147816.49344189663,0.973571321292657,0.4017977814336598,0.05739968306195139,0.029212537738252428,0.7942737183763672,6326
1036,0.25,7,93,7,6,1,0,0,2,0.138176,1242.2999654228684,0.9627757738444761,147819.37141686378,0.9734549240147211,0.39845733448093257,0.05692247635441893,0.029196795028021295,0.7917098094878129,6326
1037,0.25,7,93,7,6,1,0,0,2,0.14224,1242.4422054228683,0.9627602692331887,147821.7652285008,0.9733392652485425,0.3949891435302165,0.05642702050431665,0.02917932324302971,0.7890112160437661,6326
1038,0.25,7,93,7,6,1,0,0,2,0.138176,1242.5803814228682,0.9627447691727117,147824.64196776148,0.973223636706122,0.3916486965774893,0.055949813796784195,0.029164014176773907,0.7863460138339452,6326
1039,0.25,7,93,7,6,1,0,0,2,0.14224,1242.722621422868,0.9627292736610418,147827.0346359847,0.9731063570988054,0.3881805056267733,0.05545435794668191,0.02914724538251441,0.7835371921657236,6326
1040,0.25,7,93,7,6,1,0,0,2,0.138176,1242.860797422868,0.962713782696177,147829.910140361,0.9729890196541013,0.38484005867404614,0.05497715123914944,0.029132371522976833,0.7807659210120897,6326
1041,0.25,7,93,7,6,1,0,0,2,0.138176,1242.998973422868,0.9626982962761165,147832.7850054356,0.9728720667203651,0.38149961172131885,0.05449994453161698,0.029117665597181236,0.7779412908977028,6326
1042,0.25,7,93,7,6,1,0,0,2,0.138176,1243.1371494228679,0.9626828143988602,147835.65923142165,0.9727554981469549,0.37815916476859157,0.05402273782408451,0.029103127859700383,0.7750620924103776,6326
1043,0.25,7,93,7,6,1,0,0,2,0.146304,1243.283453422868,0.9626673370624097,147837.56632003066,0.9726398444355258,0.37456322981988693,0.05350903283141241,0.02908651447471493,0.7719142232296999,6326
1044,0.25,7,93,7,6,1,0,0,2,0.14224,1243.4256934228679,0.9626518642647675,147839.95615690018,0.972524397783838,0.37109503886917095,0.05301357698131014,0.029071597378208653,0.7688044533546734,6326
1045,0.25,7,93,7,6,1,0,0,2,0.14224,1243.5679334228678,0.9626363960039375,147842.34544706793,0.9724094233676401,0.36762684791845496,0.05251812113120785,0.02905712016625077,0.7656284712381473,6326
1046,0.25,7,93,7,6,1,0,0,2,0.138176,1243.7061094228677,0.9626209322779243,147845.21729601076,0.9722919151502503,0.36428640096572773,0.05204091442367539,0.02904366199405959,0.7625045268831635,6326
1047,0.25,7,93,7,6,1,0,0,2,0.138176,1243.8442854228676,0.9626054730847344,147848.08850689846,0.9721747911873159,0.36094595401300045,0.05156370771614293,0.029030373642216566,0.7593192377562471,6326
1048,0.25,7,93,7,6,1,0,0,2,0.138176,1243.9824614228676,0.9625900184223748,147850.95907994368,0.9720580513284153,0.3576055070602733,0.05108650100861046,0.02901725534402763,0.756071215926545,6326
1049,0.25,7,93,7,6,1,0,0,2,0.15443199999999999,1244.1368934228676,0.962574568288854,147851.8971444714,0.9719427558968158,0.3537590590137173,0.05053700843053104,0.028853372775054616,0.7541663778187441,6326
1050,0.25,7,93,7,6,1,0,0,2,0.138176,1244.2750694228675,0.9625591226821816,147854.76661951587,0.9718267836566838,0.35041861206099,0.05005980172299857,0.028840600574002864,0.7507971672181022,6326
1051,0.25,7,93,7,6,1,0,0,2,0.138176,1244.4132454228675,0.9625436816003683,147857.63545732416,0.9717111950698246,0.3470781651082628,0.04958259501546612,0.028828000009615,0.7473607570199552,6326
1052,0.25,7,93,7,6,1,0,0,2,0.170688,1244.5839334228674,0.9625282450414261,147856.64112978408,0.9716002302208863,0.34272571596787815,0.04896081656683974,0.028514641666229544,0.7467219954014042,6326
1053,0.25,7,93,7,6,1,0,0,2,0.14224,1244.7261734228673,0.962512813003368,147859.02629001377,0.971483376423179,0.33925752501716216,0.04846536071673745,0.028502397252067498,0.743019534943669,6326
1054,0.25,7,93,7,6,1,0,0,2,0.138176,1244.8643494228672,0.9624973854842084,147861.8936154256,0.9713664647826212,0.33591707806443494,0.04798815400920499,0.028490434872139793,0.739384425006555,6326
1055,0.25,7,93,7,6,1,0,0,2,0.138176,1245.0025254228672,0.9624819624819625,147864.76030437998,0.9712499368402081,0.33257663111170765,0.04751094730167253,0.02847864693774776,0.7356754116809153,6326
1056,0.25,7,93,7,6,1,0,0,2,0.138176,1245.140701422867,0.962466543994647,147867.62635708883,0.9711337924458904,0.3292361841589804,0.04703374059414006,0.028467033665600244,0.7318908171537931,6326
1057,0.25,7,93,7,6,1,0,0,2,0.138176,1245.278877422867,0.9624511300202797,147870.4917737639,0.9710180314496989,0.3258957372062532,0.04655653388660759,0.028455595269546233,0.7280289308242438,6326
1058,0.25,7,93,7,6,1,0,0,2,0.138176,1245.417053422867,0.9624357205568794,147873.3565546169,0.9709026537017417,0.3225552902535259,0.04607932717907513,0.02844433196055592,0.7240880094605027,6326
1059,0.25,7,93,7,6,1,0,0,2,0.14630400000000002,1245.563357422867,0.9624203156024663,147875.25572452147,0.9707885416287029,0.3189593553048212,0.04556562218640303,0.028434689789668947,0.7197228602386656,6326
1060,0.25,7,93,7,6,1,0,0,2,0.166624,1245.729981422867,0.9624049151550614,147874.74231742733,0.9706714589206326,0.31473340643789377,0.04496191520541339,0.028161628037152758,0.7182324693313076,6326
1061,0.25,7,93,7,6,1,0,0,2,0.14224,1245.872221422867,0.9623895192126872,147877.1232170106,0.9705548478900299,0.31126645921170937,0.04446663703024419,0.02811373443506417,0.7144226682684893,6326
1062,0.25,7,93,7,6,1,0,0,2,0.138176,1246.0103974228668,0.9623741277733673,147879.98589827694,0.9704385319062607,0.3079260122589821,0.04398943032271173,0.028103419480506136,0.7101507380147227,6326
1063,0.25,7,93,7,6,1,0,0,2,0.150368,1246.160765422867,0.9623587408351263,147881.40111076747,0.9703233929707821,0.30420606448588333,0.04345800921226905,0.027981244080708043,0.706930270817142,6326
1064,0.25,7,93,7,6,1,0,0,2,0.138176,1246.2989414228668,0.96234335839599,147884.26265497776,0.9702078430204201,0.3008656175331561,0.042980802504736584,0.027971301529989827,0.7024828351883595,6326
1065,0.25,7,93,7,6,1,0,0,2,0.16256,1246.4615014228668,0.9623279804539854,147884.23051139602,0.970095145197728,0.2967636814906227,0.042394811641517524,0.02781516294610096,0.6990734019959607,6326
1066,0.25,7,93,7,6,1,0,0,2,0.138176,1246.5996774228668,0.9623126070071407,147887.0910516556,0.9699803604643602,0.2934232345378954,0.04191760493398506,0.02780581550126493,0.6944318989636227,6326
1067,0.25,7,93,7,6,1,0,0,2,0.154432,1246.7541094228668,0.9622972380534853,147888.022671408,0.9698639304639746,0.28957554276680786,0.04136793468097255,0.02768668248861027,0.690639148281699,6326
1068,0.25,7,93,7,6,1,0,0,2,0.14224,1246.8963494228667,0.9622818735910496,147890.4001004995,0.9697479715414394,0.2861073518160919,0.040872478830870265,0.027679635320589608,0.6855766500683372,6326
1069,0.25,7,93,7,6,1,0,0,2,0.14223999999999998,1247.0385894228666,0.962266513617865,147892.77698724132,0.969631954656059,0.2826391608653759,0.04037702298076799,0.027673056284750093,0.6803983991944502,6326
1070,0.25,7,93,7,6,1,0,0,2,0.138176,1247.1767654228665,0.9622511581319645,147895.63525701177,0.9695162323557762,0.27929871391264866,0.039899816273235515,0.027664775899593264,0.6753368646115561,6326
1071,0.25,7,93,7,6,1,0,0,2,0.138176,1247.3149414228665,0.9622358071313818,147898.49289351108,0.9694008926454802,0.2759582669599213,0.039422609565703044,0.027656677839588077,0.6701679071251881,6326
1072,0.25,7,93,7,6,1,0,0,2,0.138176,1247.4531174228664,0.9622204606141522,147901.34989694966,0.9692859353758678,0.27261782000719403,0.03894540285817059,0.02764876226493846,0.6648892813723594,6326
1073,0.25,7,93,7,6,1,0,0,2,0.138176,1247.5912934228663,0.9622051185783117,147904.20626753787,0.969171360397713,0.26927737305446675,0.038468196150638116,0.027641029332419666,0.6594987261730421,6326
1074,0.25,7,93,7,6,1,0,0,2,0.138176,1247.7294694228663,0.9621897810218978,147907.062005486,0.9690547011683012,0.2659369261017395,0.037990989443105645,0.02763347919536301,0.6539939679455609,6326
1075,0.25,7,93,7,6,1,0,0,2,0.14224,1247.8717094228662,0.9621744479429489,147909.43540611523,0.9689389530177254,0.26246873515102354,0.03749553359300336,0.02762881826737503,0.6481061454674776,6326
1076,0.25,7,93,7,6,1,0,0,2,0.14223999999999998,1248.013949422866,0.9621591193395046,147911.80826573688,0.9688231469022496,0.2590005442003075,0.03700007774290108,0.027624627303641826,0.6420848908423836,6326
1077,0.25,7,93,7,6,1,0,0,2,0.14223999999999998,1248.156189422866,0.9621437952096058,147914.1805845359,0.968707811151271,0.25553235324959156,0.03650462189279879,0.027620906518088656,0.635927565522421,6326
1078,0.25,7,93,7,6,1,0,0,2,0.14224,1248.2984294228659,0.9621284755512943,147916.5523626972,0.9685929455813763,0.2520641622988755,0.0360091660426965,0.02761765610074962,0.6296315468848844,6326
1079,0.25,7,93,7,6,1,0,0,2,0.138176,1248.4366054228658,0.9621131603626133,147919.40511664984,0.968478197896266,0.2487237153461483,0.035531959335164044,0.027611452130898023,0.6234936977384625,6326
1080,0.25,7,93,7,6,1,0,0,2,0.138176,1248.5747814228657,0.9620978496416069,147922.25723919115,0.968363832100403,0.245383268393421,0.035054752627631566,0.027605431914149606,0.6172275988877896,6326
1081,0.25,7,93,7,6,1,0,0,2,0.14224,1248.7170214228656,0.9620825433863206,147924.62730228752,0.9682478239214127,0.241915077442705,0.03455929677752928,0.027603234689573167,0.6105173190311777,6326
1082,0.25,7,93,7,6,1,0,0,2,0.138176,1248.8551974228656,0.9620672415948006,147927.47820662396,0.9681317578902655,0.23857463048997773,0.03408209006999681,0.027597689883392788,0.6039808487328038,6326
1083,0.25,7,93,7,6,1,0,0,2,0.138176,1248.9933734228655,0.9620519442650949,147930.3284801699,0.9680160739420434,0.23523418353725045,0.03360488336246435,0.02759232919824752,0.5973095116573902,6326
1084,0.25,7,93,7,6,1,0,0,2,0.138176,1249.1315494228654,0.962036651395252,147933.1781231347,0.9679007719278724,0.23189373658452317,0.03312767665493189,0.027587152741471548,0.5905012262528985,6326
1085,0.25,7,93,7,6,1,0,0,2,0.138176,1249.2697254228653,0.9620213629833219,147936.0271357276,0.9677858516989571,0.22855328963179591,0.03265046994739942,0.027582160616789544,0.5835539729179633,6326
1086,0.25,7,93,7,6,1,0,0,2,0.138176,1249.4079014228653,0.9620060790273556,147938.87551815776,0.9676713131065792,0.22521284267906863,0.032173263239866946,0.027577352924306346,0.5764658047821858,6326
1087,0.25,7,93,7,6,1,0,0,2,0.138176,1249.5460774228652,0.9619907995254053,147941.72327063422,0.967557156002097,0.22187239572634135,0.031696056532334475,0.02757272976049698,0.5692348593676064,6326
1088,0.25,7,93,7,6,1,0,0,2,0.138176,1249.6842534228651,0.9619755244755245,147944.57039336592,0.9674409183256945,0.2185319487736141,0.031218849824802008,0.027568291218197056,0.5618593711782104,6326
1089,0.25,7,93,7,6,1,0,0,2,0.138176,1249.822429422865,0.9619602538757673,147947.41688656172,0.9673250624792203,0.2151915018208868,0.03074164311726954,0.027564037386593465,0.5543376852641383,6326
1090,0.25,7,93,7,6,1,0,0,2,0.146304,1249.9687334228652,0.9619449877241896,147949.30069457777,0.9672097641191775,0.21159556687218212,0.030227938124597436,0.027569398491840615,0.545900499528915,6326
1091,0.25,7,93,7,6,1,0,0,2,0.14223999999999998,1250.110973422865,0.9619297260188479,147951.66503784974,0.9670948472461975,0.2081273759214661,0.029732482274495153,0.02757065962324437,0.5376724578084254,6326
1092,0.25,7,93,7,6,1,0,0,2,0.14224,1250.253213422865,0.9619144687578002,147954.02884314398,0.9669803995915651,0.20465918497075009,0.029237026424392874,0.027572392339477777,0.5292769416182384,6326
1093,0.25,6,94,7,5,1,1,0,2,0.1313531451886337,1250.3845665680535,0.961878418567893,147954.4813223118,0.9668842573262938,0.2014723855910162,0.03357873093183604,0.026910801193377232,0.608909400214566,6326
1094,0.25,6,94,6,5,1,0,0,2,0.134112,1250.5186785680535,0.9618623801701013,147954.60729292192,0.9667899527061953,0.19808353466026352,0.03301392244337726,0.026750010992880054,0.603672025845771,6326
1095,0.25,6,94,6,5,1,0,0,2,0.12192,1250.6405985680535,0.961846345773989,147956.1755886266,0.9666925058259628,0.19507294082535082,0.03251215680422514,0.026761321808175666,0.5961172810703332,6326
1096,0.25,6,94,6,5,1,0,0,2,0.14223999999999998,1250.7828385680534,0.9618303153780586,147955.33988287218,0.9665956070591811,0.19143108934768377,0.0319051815579473,0.026521399877198114,0.591370284803167,6326
1097,0.25,6,94,6,5,1,0,0,2,0.11785599999999999,1250.9006945680535,0.9618142889808136,147957.3884671234,0.9664985535698506,0.18854823951075977,0.03142470658512663,0.026523035796526092,0.5839868447308388,6326
1098,0.25,6,94,6,5,1,0,0,2,0.12192,1251.0226145680535,0.9617982665807578,147958.95601288578,0.9664020479905124,0.18553764567584707,0.030922940945974513,0.026535722546499742,0.5759117766878217,6326
1099,0.25,6,94,6,5,1,0,0,2,0.11785599999999999,1251.1404705680536,0.961782248176396,147961.00386389883,0.9663057388903401,0.18265479583892308,0.030442465973153848,0.02653792829664327,0.5682039740513872,6326
1100,0.25,6,94,6,5,1,0,0,2,0.146304,1251.2867745680537,0.9617662337662337,147959.68738973577,0.9662128749471518,0.17888644408779886,0.02981440734796648,0.026260660922977123,0.5631212851937301,6326
1101,0.25,6,94,6,5,1,0,0,2,0.12192,1251.4086945680538,0.9617502233487772,147961.25422790938,0.966115553553962,0.17587585025288616,0.02931264170881436,0.026274769652795352,0.5544876241356977,6326
1102,0.25,6,94,6,5,1,0,0,2,0.13411199999999998,1251.5428065680537,0.9617342169225336,147961.37936967216,0.9660186043222134,0.17248699932213346,0.028747833220355578,0.026118844666601325,0.5478061819649955,6326
1103,0.25,6,94,6,5,1,0,0,2,0.12598399999999998,1251.6687905680537,0.9617182144860105,147962.46530677605,0.9659218515805799,0.16934866148923206,0.028224776914872008,0.02614567411564198,0.5381837376722701,6326
1104,0.25,6,94,6,5,1,0,0,2,0.12192,1251.7907105680538,0.9617022160377162,147964.03139622955,0.9658255585631101,0.16633931137885088,0.027723218563141815,0.02610999257996876,0.5299402269859613,6326
1105,0.25,6,94,6,5,1,0,0,2,0.12192,1251.9126305680538,0.9616862215761603,147965.59718064955,0.9657296373644741,0.16332871754393816,0.027221452923989694,0.026126264284861617,0.5205206018826871,6326
1106,0.25,6,94,6,5,1,0,0,2,0.11785599999999999,1252.030486568054,0.9616702310998526,147967.64295078546,0.9656338246234,0.1604458677070142,0.026740977951169028,0.026130844912982173,0.5115383159808342,6326
1107,0.25,5,95,6,4,1,1,0,2,0.12430540342891644,1252.1547919714828,0.9616334835053044,147965.7317034167,0.9655554345367704,0.15723653369443824,0.03144730673888765,0.025411531975875083,0.6049708020624094,6326
1108,0.25,5,95,5,4,1,0,0,2,0.09753599999999998,1252.2523279714828,0.961616706800631,147966.98385871924,0.9654768825245463,0.15480563372620498,0.030961126745241003,0.02542525617249585,0.5972401579585839,6326
1109,0.25,5,95,5,4,1,0,0,2,0.09753599999999998,1252.3498639714828,0.9615999335782635,147968.2358189801,0.9653986949739992,0.15237473375797175,0.030474946751594352,0.02543924304009489,0.5893366708835388,6326
1110,0.25,5,95,5,4,1,0,0,2,0.09753599999999998,1252.4473999714828,0.9615831638371176,147969.4875842448,0.9653208717907311,0.1499438337897385,0.029988766757947698,0.02545349214565372,0.5812580242097044,6326
1111,0.25,5,95,5,4,1,0,0,2,0.09753599999999998,1252.5449359714828,0.9615663975761097,147970.73915455892,0.9652434128803767,0.14751293382150524,0.029502586764301047,0.02546800304901341,0.5730020615034762,6326
1112,0.25,5,95,5,4,1,0,0,2,0.09753599999999998,1252.6424719714828,0.9615496347941567,147971.99052996802,0.9651645641185214,0.14508203385327198,0.029016406770654396,0.0254827753029398,0.5645668089585395,6326
1113,0.25,5,95,5,4,1,0,0,2,0.1016,1252.7440719714828,0.9615328754901757,147972.7616737186,0.9650864305194756,0.14252338988705002,0.028504677977410003,0.025519395244771627,0.5550901621830554,6326
1114,0.25,5,95,5,4,1,0,0,2,0.09753599999999998,1252.8416079714827,0.9615161196630845,147974.01269276795,0.9650083104071453,0.1400924899188168,0.028018497983763352,0.02553482852501168,0.5462779630909137,6326
1115,0.25,5,95,5,4,1,0,0,2,0.09753599999999998,1252.9391439714827,0.9614993673118012,147975.26351704425,0.9649305544932335,0.13766158995058353,0.027532317990116704,0.025550521381852244,0.5372820705996062,6326
1116,0.25,5,95,5,4,1,0,0,2,0.09753599999999998,1253.0366799714827,0.9614826184352443,147976.51414659296,0.9648531626834593,0.13523068998235027,0.027046137996470054,0.025566473337304246,0.5281015370961416,6326
1117,0.25,5,95,5,4,1,0,0,2,0.09753599999999998,1253.1342159714827,0.961465873032333,147977.76458145957,0.9647743816102087,0.13279979001411701,0.026559958002823403,0.025582683906688733,0.5187357389147835,6326
1118,0.25,5,95,5,4,1,0,0,2,0.09753599999999998,1253.2317519714827,0.9614491311019866,147979.01482168955,0.9646959647551616,0.13036889004588376,0.026073778009176752,0.02559915259870674,0.5091844098108991,6326
1119,0.25,5,95,5,4,1,0,0,2,0.09753599999999998,1253.3292879714827,0.9614323926431252,147980.2648673283,0.9646179120240572,0.1279379900776505,0.0255875980155301,0.02561587891550978,0.49944767634841764,6326
1120,0.25,5,95,5,4,1,0,0,2,0.1016,1253.4308879714827,0.9614156576546691,147981.03491783427,0.9645403986046314,0.12537934611142854,0.025075869222285708,0.025655500639470405,0.4885759883415847,6326
1121,0.25,5,95,5,4,1,0,0,2,0.09753599999999998,1253.5284239714827,0.9613989261355391,147982.2846077083,0.9644630738236389,0.12294844614319528,0.024589689228639057,0.02567287728735067,0.47845941215478055,6326
1122,0.25,5,95,5,4,1,0,0,2,0.09753599999999998,1253.6259599714826,0.9613821980846565,147983.53410312283,0.9643843603666996,0.12051754617496205,0.024103509234992406,0.02569050961543439,0.4681610360149987,6326
1123,0.25,5,95,5,4,1,0,0,2,0.1016,1253.7275599714826,0.961365473500943,147984.3037064768,0.9643063614324874,0.11795890220874006,0.02359178044174801,0.025731524774248702,0.4566994772416632,6326
1124,0.25,4,96,5,3,1,1,0,2,0.08542598192618134,1253.8129859534088,0.9613280278537677,147983.79190410997,0.9642470387381727,0.11590865729081813,0.028977164322704533,0.025621066777904433,0.5612375971298112,6326
1125,0.25,4,96,4,3,1,0,0,1,0.093472,1253.9064579534088,0.9613105106100795,147982.33059813676,0.9641894758562308,0.1136104762186998,0.02840261905467495,0.02541653511720667,0.5553133865302504,6326
1126,0.25,4,96,4,3,1,0,0,1,0.09347199999999999,1253.9999299534088,0.961292996270203,147980.86951001233,0.9641298179875951,0.11131229514658143,0.02782807378664536,0.025212882124988616,0.5491855682514645,6326
1127,0.25,4,96,4,3,1,0,0,1,0.07721599999999999,1254.0771459534087,0.9612754848334162,147981.32682572198,0.9640705182167547,0.10952011516829177,0.027380028792072943,0.025192676855297268,0.5415343280532801,6326
1128,0.25,4,96,4,3,1,0,0,1,0.085344,1254.1624899534088,0.9612579762989972,147980.8250419725,0.9640119268341771,0.10747493464308776,0.02686873366077194,0.0250812334568368,0.5343674221896105,6326
1129,0.25,4,96,4,3,1,0,0,1,0.07721599999999999,1254.2397059534087,0.9612404706662248,147981.28230114782,0.9639533430279082,0.1056827546647981,0.026420688666199527,0.025061173397352733,0.5263892524032086,6326
1130,0.25,4,96,4,3,1,0,0,1,0.07721599999999999,1254.3169219534086,0.9612229679343773,147981.73950402517,0.9638937158525944,0.10389057468650842,0.025972643671627105,0.025041149849423707,0.5182535602183678,6326
1131,0.25,4,96,4,3,1,0,0,1,0.07721599999999999,1254.3941379534085,0.9612054681027341,147982.19665061502,0.9638344466785099,0.10209839470821873,0.025524598677054682,0.025021162900706453,0.5099590118727337,6326
1132,0.25,4,96,4,3,1,0,0,1,0.07721599999999999,1254.4713539534084,0.9611879711705741,147982.6537409277,0.9637755354362298,0.10030621472992907,0.025076553682482263,0.025001212638977487,0.5015044775058433,6326
1133,0.25,4,96,4,3,1,0,0,1,0.07721599999999999,1254.5485699534083,0.961170477137177,147983.11077497364,0.9637169820563473,0.09851403475163936,0.024628508687909844,0.024981299152132368,0.4928890548131733,6326
1134,0.25,4,96,4,3,1,0,0,1,0.07721599999999999,1254.6257859534082,0.9611529860018222,147983.56775276322,0.9636573855732304,0.09672185477334969,0.02418046369333742,0.024961422528184847,0.4841120943632241,6326
1135,0.25,4,96,4,3,1,0,0,1,0.085344,1254.7111299534083,0.9611354977637899,147983.06603600047,0.9635983220955402,0.09467667424814563,0.02366916856203641,0.024850975999796972,0.47565739471149404,6326
1136,0.25,3,97,4,2,1,1,0,1,0.061209131973116046,1254.7723390853814,0.9610973084886129,147982.2229228828,0.9635585129518269,0.09323145122042328,0.031077150406807762,0.023984423850830924,0.6267119014919158,6326
1137,0.25,2,98,3,1,1,1,0,1,0.05587103042333751,1254.8282101158047,0.9610583193590461,147978.8217248187,0.9635389815378355,0.09182487876169693,0.04591243938084846,0.012061178758914218,0.9354440064909982,6326
1138,0.25,2,98,2,1,1,0,0,1,0.036576,1254.8647861158047,0.9610392298933857,147977.69612674706,0.9635186851589,0.0909130730710211,0.04545653653551055,0.012011080510423398,0.9347378608461346,6326
1139,0.25,2,98,2,1,1,0,0,1,0.05283199999999999,1254.9176181158048,0.9610201420084046,147974.65372971108,0.9634990899817731,0.08949526628651655,0.044747633143258275,0.011707981715018214,0.9359282633593224,6326
1140,0.25,2,98,2,1,1,0,0,1,0.036576,1254.9541941158047,0.9610010557039061,147973.528333309,0.9634787953364793,0.08858346059584074,0.04429173029792037,0.011657883466527394,0.9352106573987372,6326
1141,0.25,2,98,2,1,1,0,0,1,0.036576,1254.9907701158047,0.9609819709796941,147972.40300250502,0.9634588517140884,0.08767165490516493,0.043835827452582465,0.011607785218036574,0.9344748636224168,6326
1142,0.25,2,98,2,1,1,0,0,1,0.036576,1255.0273461158047,0.9609628878355722,147971.27773729342,0.9634385588097548,0.08675984921448911,0.043379924607244554,0.011557686969545754,0.9337202235257904,6326
1143,0.25,2,98,2,1,1,0,0,1,0.036576,1255.0639221158046,0.9609438062713443,147970.15253766841,0.9634186169131279,0.08584804352381328,0.04292402176190664,0.011507588721054934,0.9329460478325079,6326
1144,0.25,2,98,2,1,1,0,0,1,0.040639999999999996,1255.1045621158046,0.9609247262868141,147968.54828328206,0.9633983257495298,0.0848097375596803,0.04240486877984015,0.011394240335835517,0.9326615121998477,6326
1145,0.25,2,98,2,1,1,0,0,1,0.044703999999999994,1255.1492661158045,0.9609056478817857,147966.46503625077,0.9633785606376725,0.08364493132209014,0.04182246566104507,0.011217641813887506,0.9328860976387027,6326
1146,0.25,2,98,2,1,1,0,0,1,0.036576,1255.1858421158045,0.9608865710560626,147965.34008616148,0.9633582712108151,0.08273312563141434,0.04136656281570717,0.011167543565396678,0.9320695111693421,6326
1147,0.25,2,98,2,1,1,0,0,1,0.044703999999999994,1255.2305461158044,0.960867495809449,147963.2570882841,0.9633385078129645,0.08156831939382417,0.040784159696912084,0.010990945043448667,0.932292144283234,6326
1148,0.25,2,98,2,1,1,0,0,1,0.036576,1255.2671221158043,0.9608484221417486,147962.13230450987,0.9633182201226237,0.08065651370314837,0.040328256851574186,0.010940846794957838,0.9314448451885841,6326
1149,0.25,2,98,2,1,1,0,0,1,0.036576,1255.3036981158043,0.9608293500527655,147961.00758628172,0.9632982833944094,0.07974470801247258,0.03987235400623629,0.01089074854646701,0.9305739287516676,6326
1150,0.25,2,98,2,1,1,0,0,1,0.040639999999999996,1255.3443381158042,0.9608102795423038,147959.4039343695,0.963277997444131,0.07870640204833959,0.039353201024169795,0.01077740016124759,0.9302315680668407,6326
1151,0.25,2,98,2,1,1,0,0,1,0.036576,1255.3809141158042,0.9607912106101674,147958.27936481262,0.963258062440788,0.0777945963576638,0.0388972981788319,0.01072730191275676,0.9293183547319398,6326
1152,0.25,2,98,2,1,1,0,0,1,0.036576,1255.4174901158042,0.9607721432561603,147957.15486078337,0.9632377782303476,0.076882790666988,0.038441395333494,0.010677203664265932,0.928378740498925,6326
1153,0.25,2,98,2,1,1,0,0,1,0.05283199999999999,1255.4703221158043,0.9607530774800869,147954.114667528,0.9632181950097952,0.07546498388248346,0.03773249194124173,0.010374104868860739,0.929721397320347,6326
1154,0.25,2,98,2,1,1,0,0,1,0.036576,1255.5068981158042,0.960734013281751,147952.99036490553,0.9631979125314303,0.07455317819180766,0.03727658909590383,0.01032400662036991,0.9287594198577255,6326
1155,0.25,2,98,2,1,1,0,0,1,0.036576,1255.5434741158042,0.960714950660957,147951.86612778855,0.9631779809696233,0.07364137250113187,0.036820686250565934,0.010273908371879081,0.9277684060793788,6326
1156,0.25,2,98,2,1,1,0,0,1,0.044703999999999994,1255.588178115804,0.960695889617509,147949.78420294332,0.963157700230648,0.07247656626354171,0.036238283131770854,0.01009730984993107,0.9279551216752496,6326
1157,0.25,2,98,2,1,1,0,0,1,0.036576,1255.624754115804,0.9606768301512112,147948.6601319959,0.9631377703930437,0.0715647605728659,0.03578238028643295,0.010047211601440242,0.9269205680389753,6326
1158,0.25,2,98,2,1,1,0,0,1,0.036576,1255.661330115804,0.9606577722618678,147947.53612653428,0.9631174913932338,0.0706529548821901,0.03532647744109505,0.009997113352949413,0.9258534712836463,6326
1159,0.25,2,98,2,1,1,0,0,1,0.036576,1255.697906115804,0.9606387159492833,147946.41218655277,0.9630975632796093,0.0697411491915143,0.03487057459575715,0.009947015104458584,0.924752374090428,6326
1160,0.25,2,98,2,1,1,0,0,1,0.036576,1255.734482115804,0.9606196612132619,147945.28831204568,0.9630772860187402,0.06882934350083851,0.034414671750419255,0.009896916855967755,0.9236157350909434,6326
1161,0.25,2,98,2,1,1,0,0,1,0.04876799999999999,1255.783250115804,0.960600608053608,147942.72816018818,0.9630576221272575,0.06753803698979116,0.03376901849489558,0.009657068197291153,0.9244013094941723,6326
1162,0.25,2,98,2,1,1,0,0,1,0.036576,1255.819826115804,0.960581556470126,147941.6044693562,0.9630373465994537,0.06662623129911537,0.03331311564955768,0.009606969948800325,0.9232200888271594,6326
1163,0.25,2,98,2,1,1,0,0,1,0.05283199999999999,1255.8726581158041,0.9605625064626202,147938.56590424164,0.9630177719102446,0.06520842451461084,0.03260421225730542,0.009303871153395132,0.9247022714188079,6326
1164,0.25,2,98,2,1,1,0,0,1,0.036576,1255.909234115804,0.9605434580308952,147937.44241462296,0.9629974981133987,0.06429661882393503,0.032148309411967516,0.009253772904904303,0.9234842420197888,6326
1165,0.25,2,98,2,1,1,0,0,1,0.036576,1255.945810115804,0.9605244111747555,147936.31899044145,0.96297757515719,0.06338481313325924,0.03169240656662962,0.009203674656413474,0.9222235217657598,6326
1166,0.25,2,98,2,1,1,0,0,1,0.036576,1255.982386115804,0.9605053658940055,147935.19563169137,0.9629573030986135,0.06247300744258344,0.03123650372129172,0.009153576407922645,0.9209179825067024,6326
1167,0.25,2,98,2,1,1,0,0,1,0.036576,1256.018962115804,0.9604863221884499,147934.072338367,0.9629373818654936,0.061561201751907636,0.030780600875953818,0.009103478159431817,0.9195653595276805,6326
1168,0.25,2,98,2,1,1,0,0,1,0.036576,1256.055538115804,0.9604672800578931,147932.94911046265,0.9629171115449622,0.06064939606123183,0.030324698030615917,0.009053379910940988,0.918163240875533,6326
1169,0.25,2,98,2,1,1,0,0,1,0.05283199999999999,1256.108370115804,0.9604482395021399,147929.91147958764,0.9628975419722811,0.05923158927672731,0.029615794638363654,0.008750281115535795,0.9197122644468153,6326
1170,0.25,2,98,2,1,1,0,0,1,0.036576,1256.144946115804,0.9604292005209949,147928.78845278517,0.9628772733820378,0.05831978358605151,0.029159891793025756,0.008700182867044966,0.9182572382973311,6326
1171,0.25,2,98,2,1,1,0,0,1,0.036576,1256.181522115804,0.9604101631142626,147927.6654913806,0.9628573555868947,0.05740797789537571,0.028703988947687855,0.008650084618554137,0.9167459791593481,6326
1172,0.25,2,98,2,1,1,0,0,1,0.036576,1256.218098115804,0.9603911272817481,147926.5425953683,0.9628370887342488,0.05649617220469991,0.028248086102349954,0.008599986370063309,0.9151754023930786,6326
1173,0.25,2,98,2,1,1,0,0,1,0.036576,1256.254674115804,0.9603720930232558,147925.41976474243,0.9628171726615268,0.05558436651402411,0.027792183257012056,0.00854988812157248,0.9135422058680677,6326
1174,0.25,2,98,2,1,1,0,0,1,0.036576,1256.291250115804,0.9603530603385907,147924.29699949737,0.9627969075462544,0.054672560823348315,0.027336280411674158,0.008499789873081651,0.9118428513150032,6326
1175,0.25,2,98,2,1,1,0,0,1,0.04876799999999999,1256.340018115804,0.9603340292275574,147921.7387970444,0.962777255615016,0.053381254312300966,0.026690627156150483,0.008259941214405049,0.9125990105427289,6326
1176,0.25,2,98,2,1,1,0,0,1,0.036576,1256.376594115804,0.9603149996899609,147920.61621522869,0.9627569922312448,0.05246944862162517,0.026234724310812585,0.00820984296591422,0.9108047031024361,6326
1177,0.25,2,98,2,1,1,0,0,1,0.05689599999999999,1256.433490115804,0.9602959717256061,147917.10143198317,0.9627375169436977,0.050925141563663456,0.025462570781831728,0.007843494033780436,0.9133348174181816,6326
1178,0.25,2,98,2,1,1,0,0,1,0.036576,1256.470066115804,0.9602769453342979,147915.97906867345,0.9627172552874395,0.05001333587298766,0.02500666793649383,0.0077933957852896075,0.9114711658898402,6326
1179,0.25,2,98,2,1,1,0,0,1,0.036576,1256.506642115804,0.960257920515841,147914.8567707061,0.9626973443655844,0.04910153018231186,0.02455076509115593,0.007743297536798779,0.9095235064820812,6326
1180,0.25,2,98,2,1,1,0,0,1,0.036576,1256.543218115804,0.9602388972700407,147913.7345380754,0.962677084446029,0.048189724491636055,0.024094862245818027,0.00769319928830795,0.9074864745732604,6326
1181,0.25,2,98,2,1,1,0,0,1,0.036576,1256.579794115804,0.9602198755967019,147912.61237077566,0.9626571752457054,0.04727791880096026,0.02363895940048013,0.007643101039817121,0.9053542658161142,6326
1182,0.25,2,98,2,1,1,0,0,1,0.04876799999999999,1256.628562115804,0.9602008554956295,147910.05520919507,0.9626369170626287,0.04598661228991291,0.022993306144956455,0.007403252381140519,0.9060700597286689,6326
1183,0.25,2,98,2,1,1,0,0,1,0.036576,1256.665138115804,0.9601818369666287,147908.93322519428,0.9626170095836142,0.04507480659923711,0.022537403299618557,0.0073531541326496905,0.9037926221307003,6326
1184,0.25,2,98,2,1,1,0,0,1,0.05283199999999999,1256.717970115804,0.9601628200095047,147905.89807741184,0.9625967531367923,0.04365699981473259,0.021828499907366294,0.0070500553372444975,0.9055405973813405,6326
1185,0.25,2,98,2,1,1,0,0,1,0.040639999999999996,1256.758610115804,0.9601438046240625,147904.29801222694,0.9625769348331357,0.042618693850599604,0.021309346925299802,0.006936706952025078,0.9041869530097582,6326
1186,0.25,2,98,2,1,1,0,0,1,0.04876799999999999,1256.807378115804,0.9601247908101073,147901.74153709685,0.9625566801204629,0.041327387339552255,0.020663693669776127,0.006696858293348476,0.9049502432597001,6326
1187,0.25,2,98,2,1,1,0,0,1,0.036576,1256.843954115804,0.9601057785674442,147900.61995466505,0.9625367760815168,0.04041558164887646,0.02020779082443823,0.006646760044857647,0.9023733095682971,6326
1188,0.25,2,98,2,1,1,0,0,1,0.036576,1256.880530115804,0.9600867678958785,147899.49843751072,0.9625165231046514,0.03950377595820066,0.01975188797910033,0.006596661796366817,0.899652615599807,6326
1189,0.25,2,98,2,1,1,0,0,1,0.036576,1256.917106115804,0.9600677587952156,147898.3769856282,0.9624966207863468,0.03859197026752486,0.01929598513376243,0.006546563547875989,0.8967768191582579,6326
1190,0.25,2,98,2,1,1,0,0,1,0.044703999999999994,1256.961810115804,0.9600487512652606,147896.2992382983,0.9624763695450651,0.03742716402993469,0.018713582014967346,0.0063699650259279785,0.8961640449986316,6326
1191,0.25,2,98,2,1,1,0,0,1,0.036576,1256.998386115804,0.960029745305819,147895.17795202098,0.9624564689471795,0.036515358339258897,0.018257679169629448,0.00631986677743715,0.8930016752498434,6326
1192,0.25,2,98,2,1,1,0,0,1,0.04876799999999999,1257.047154115804,0.9600107409166959,147892.6223183458,0.9624362194412577,0.03522405182821155,0.017612025914105774,0.006080018118760548,0.8935140080314716,6326
1193,0.25,2,98,2,1,1,0,0,1,0.036576,1257.083730115804,0.959991738097697,147891.50121517648,0.9624163205635687,0.03431224613753575,0.017156123068767876,0.006029919870269719,0.8900491106441307,6326
1194,0.25,2,98,2,1,1,0,0,1,0.036576,1257.120306115804,0.9599727368486275,147890.3801772443,0.9623960727927832,0.033400440446859955,0.016700220223429978,0.00597982162177889,0.8863574520449606,6326
1195,0.25,2,98,2,1,1,0,0,1,0.036576,1257.156882115804,0.959953737169293,147889.2592045436,0.9623761756350684,0.03248863475618415,0.016244317378092076,0.0059297233732880615,0.8824181312545203,6326
1196,0.25,2,98,2,1,1,0,0,1,0.036576,1257.1934581158039,0.959934739059499,147888.13829706865,0.9623559295991954,0.03157682906550835,0.015788414532754175,0.005879625124797233,0.8782077882383447,6326
1197,0.25,2,98,2,1,1,0,0,1,0.036576,1257.2300341158038,0.9599157425190509,147887.0174548138,0.9623360341612326,0.030665023374832553,0.015332511687416277,0.005829526876306404,0.8737002555733184,6326
1198,0.25,2,98,2,1,1,0,0,1,0.036576,1257.2666101158038,0.9598967475477542,147885.89667777327,0.9623157898600485,0.029753217684156754,0.014876608842078377,0.005779428627815575,0.8688661532603332,6326
1199,0.25,2,98,2,1,1,0,0,1,0.044703999999999994,1257.3113141158037,0.9598777541454148,147883.81995175022,0.9622960709974797,0.02858841144656659,0.014294205723283295,0.005602830105867564,0.8668240501078338,6326
1200,0.25,2,98,2,1,1,0,0,1,0.05283199999999999,1257.3641461158038,0.959858762311838,147880.7874189812,0.9622758284269994,0.027170604662062062,0.013585302331031031,0.005299731310462371,0.8679169052436334,6326
1201,0.25,2,98,2,1,1,0,0,1,0.04876799999999999,1257.412914115804,0.9598397720468295,147878.23308682442,0.9622561986966245,0.025879298151014717,0.012939649075507358,0.005059882651785769,0.8673703919554917,6326
1202,0.25,2,98,2,1,1,0,0,1,0.036576,1257.4494901158039,0.9598207833501952,147877.11272830152,0.9622359578547444,0.024967492460338917,0.012483746230169459,0.005009784403294941,0.8612927942258873,6326
1203,0.25,2,98,2,1,1,0,0,1,0.05689599999999999,1257.506386115804,0.9598017962217404,147873.60291216496,0.962216504667349,0.023423185402377207,0.011711592701188604,0.0046434354711611565,0.8641563791971844,6326
1204,0.25,2,98,2,1,1,0,0,1,0.036576,1257.542962115804,0.9597828106612714,147872.48277158724,0.9621962655500857,0.022511379711701408,0.011255689855850704,0.004593337222670328,0.8572376572433502,6326
1205,0.25,2,98,2,1,1,0,0,1,0.04876799999999999,1257.591730115804,0.9597638266685935,147869.92912467392,0.9621766392200507,0.021220073200654062,0.010610036600327031,0.004353488563993726,0.8558999723373724,6326
1206,0.25,2,98,2,1,1,0,0,1,0.036576,1257.628306115804,0.9597448442435127,147868.80916695605,0.9621564018309431,0.020308267509978262,0.010154133754989131,0.004303390315502897,0.8477362649958817,6326
1207,0.25,2,98,2,1,1,0,0,1,0.036576,1257.664882115804,0.9597258633858349,147867.68927438045,0.9621365149639635,0.019396461819302463,0.009698230909651231,0.004253292067012068,0.8386882725489403,6326
1208,0.25,2,98,2,1,1,0,0,1,0.040639999999999996,1257.705522115804,0.9597068840953659,147866.0916485,0.9621162793084294,0.01835815585516948,0.00917907792758474,0.0041399436817926485,0.8309660199420952,6326
1209,0.25,2,98,2,1,1,0,0,1,0.036576,1257.7420981158039,0.9596879063719116,147864.97190370475,0.9620963941598706,0.017446350164493682,0.008723175082246841,0.00408984543330182,0.8197939658733354,6326
1210,0.25,2,98,2,1,1,0,0,1,0.036576,1257.7786741158038,0.9596689302152779,147863.8522240335,0.9620761602376866,0.016534544473817882,0.008267272236908941,0.004039747184810991,0.8072508731146183,6326
1211,0.25,2,98,2,1,1,0,0,1,0.036576,1257.8152501158038,0.9596499556252709,147862.73260948056,0.9620562768073265,0.015622738783142083,0.0078113693915710415,0.003989648936320162,0.7931066224922863,6326
1212,0.25,2,98,2,1,1,0,0,1,0.036576,1257.8518261158038,0.9596309826016964,147861.61306004025,0.9620360446182694,0.014710933092466284,0.007355466546233142,0.003939550687829333,0.7770841349448585,6326
1213,0.25,2,98,2,1,1,0,0,1,0.036576,1257.8884021158037,0.9596120111443608,147860.49357570687,0.962016162905886,0.013799127401790484,0.006899563700895242,0.0038894524393385047,0.7588490117349691,6326
1214,0.25,2,98,2,1,1,0,0,1,0.036576,1257.9249781158037,0.9595930412530698,147859.3741564748,0.9619959324497324,0.012887321711114685,0.006443660855557342,0.003839354190847676,0.7379972934051091,6326
1215,0.25,2,98,2,1,1,0,0,1,0.036576,1257.9615541158037,0.9595740729276295,147858.2548023383,0.9619760524551036,0.011975516020438885,0.005987758010219443,0.003789255942356847,0.7140415737075381,6326
1216,0.25,2,98,2,1,1,0,0,1,0.036576,1257.9981301158036,0.9595551061678463,147857.13551329175,0.9619558237316302,0.011063710329763086,0.005531855164881543,0.003739157693866019,0.6863964404296974,6326
1217,0.25,2,98,2,1,1,0,0,1,0.044703999999999994,1258.0428341158035,0.9595361409735262,147855.06101684758,0.9619361202427155,0.00989890409217292,0.00494945204608646,0.0035625591719180083,0.6587200296411703,6326
1218,0.25,2,98,2,1,1,0,0,1,0.036576,1258.0794101158035,0.9595171773444754,147853.94189296683,0.9619158932479405,0.00898709840149712,0.00449354920074856,0.00351246092342718,0.6207309518844859,6326
1219,0.25,2,98,2,1,1,0,0,1,0.044703999999999994,1258.1241141158034,0.9594982152805002,147851.86764402024,0.9618961914650609,0.00782229216390696,0.00391114608195348,0.0033358624014791717,0.5788851304419654,6326
1220,0.25,2,98,2,1,1,0,0,1,0.036576,1258.1606901158034,0.9594792547814067,147850.74868527197,0.9618759661987616,0.006910486473231164,0.003455243236615582,0.0032857641529883447,0.525125625083336,6326
1221,0.25,1,99,2,0,1,1,0,1,0.024742387305768408,1258.1854325031093,0.9594396649543026,147847.84118023104,0.9618759661987616,0.006235006295775202,0.006235006295775202,0.0,1.0,6326
1222,0.25,1,99,1,0,1,0,0,1,0.016256,1258.2016885031094,0.9594198712658855,147845.93098210605,0.9618759661987616,0.005729005201946477,0.005729005201946477,0.0,1.0,6326
1223,0.25,1,99,1,0,1,0,0,1,0.016256,1258.2179445031095,0.9594000783941575,147844.02083334004,0.9618759661987616,0.005223004108117752,0.005223004108117752,0.0,1.0,6326
1224,0.25,1,99,1,0,1,0,0,1,0.016256,1258.2342005031096,0.9593802863390684,147842.1107339311,0.9618759661987616,0.0047170030142890266,0.0047170030142890266,0.0,1.0,6326
1225,0.25,1,99,1,0,1,0,0,1,0.016256,1258.2504565031097,0.9593604951005673,147840.20068387734,0.9618759661987616,0.0042110019204603015,0.0042110019204603015,0.0,1.0,6326
1226,0.25,1,99,1,0,1,0,0,1,0.020319999999999998,1258.2707765031098,0.9593407046786039,147837.81319071288,0.9618759661987616,0.0035785005531743953,0.0035785005531743953,0.0,1.0,6326
1227,0.25,1,99,1,0,1,0,0,1,0.016256,1258.28703250311,0.9593209150731274,147835.90325170124,0.9618759661987616,0.0030724994593456702,0.0030724994593456702,0.0,1.0,6326
1228,0.25,1,99,1,0,1,0,0,1,0.016256,1258.30328850311,0.9593011262840876,147833.9933620385,0.9618759661987616,0.0025664983655169452,0.0025664983655169452,0.0,1.0,6326
1229,0.25,1,99,1,0,1,0,0,1,0.016256,1258.3195445031101,0.9592813383114338,147832.08352172282,0.9618759661987616,0.00206049727168822,0.00206049727168822,0.0,1.0,6326
1230,0.25,1,99,1,0,1,0,0,1,0.03251199999999999,1258.3520565031101,0.9592615511551155,147828.2639891249,0.9618759661987616,0.0010484950840307684,0.0010484950840307684,0.0,1.0,6326
1231,0.25,1,99,1,0,1,0,0,1,0.016256,1258.3683125031102,0.9592417648150822,147826.35429683884,0.9618759661987616,0.0005424939902020426,0.0005424939902020426,0.0,1.0,6326
1232,0.25,1,99,1,0,1,0,0,1,0.016256,1258.3845685031104,0.9592219792912834,147824.44465389216,0.9618759661987616,3.649289637331688e-05,3.649289637331688e-05,0.0,1.0,6326
1233,0.25,0,100,1,0,0,1,0,1,0.001172385851887978,1258.3857408889623,0.9592021945836685,147824.30693198237,0.9618759661987616,0.0,0.0,0.0,0.0,6326
