round,lambda_energy,alive_nodes,dead_nodes,generated_round,delivered_round,channel_drops_round,energy_drops_round,route_drops_round,fallback_direct_round,round_airtime_s,elapsed_channel_time_s,pdr,goodput_bps,average_delay_s,residual_energy_j,mean_alive_energy_j,std_alive_energy_j,jain_energy_fairness,route_changes_total
1,0.0,100,0,100,100,0,0,0,0,2.5034239999999945,2.5034239999999945,1.0,159781.16371817194,1.3304428345455868,49.86179939821649,0.4986179939821649,0.0023675415023194668,0.9999774550375629,0
2,0.0,100,0,100,100,0,0,0,0,2.499359999999995,5.0027839999999895,1.0,159910.96157659448,1.3208517945455867,49.72405740025483,0.4972405740025483,0.004732649230789763,0.9999094191951113,0
3,0.0,100,0,100,100,0,0,0,0,2.4993599999999945,7.5021439999999835,1.0,159954.2744047572,1.3192126478789195,49.58631540229315,0.4958631540229315,0.007097903216611011,0.9997951445639908,0
4,0.0,100,0,100,100,0,0,0,0,2.4993599999999945,10.001503999999978,1.0,159975.9396186817,1.3144814745455857,49.44857340433148,0.49448573404331486,0.009463193792650084,0.9996338922631671,0
5,0.0,100,0,100,100,0,0,0,0,2.4993599999999945,12.500863999999972,1.0,159988.94156435944,1.3125774905455858,49.31083140636982,0.4931083140636982,0.011828499008594345,0.9994249245848088,0
6,0.0,100,0,100,100,0,0,0,0,2.4993599999999945,15.000223999999966,1.0,159997.6107023472,1.3087004345455857,49.173089408408146,0.49173089408408144,0.01419381154551433,0.9991675054831753,0
7,0.0,100,0,100,100,0,0,0,0,2.4993599999999945,17.49958399999996,1.0,160003.80351898688,1.3065987659741574,49.03534741044648,0.4903534741044648,0.016559128266216992,0.9988609010780072,0
8,0.0,100,0,100,100,0,0,0,0,2.4993599999999945,19.998943999999955,1.0,160008.4484460783,1.3056067145455856,48.89760541248479,0.48897605412484796,0.018924447601942555,0.9985043801723117,0
9,0.0,100,0,100,100,0,0,0,0,2.499359999999994,22.498303999999948,1.0,160012.06135360285,1.3030966301011409,48.75986341452313,0.4875986341452313,0.021289768681094313,0.9980972147844095,0
10,0.0,100,0,100,100,0,0,0,0,2.503423999999994,25.001727999999943,1.0,159988.94156435944,1.3018851065455854,48.62188161349453,0.4862188161349453,0.02365492169122453,0.9976386911752927,0
11,0.0,100,0,100,100,0,0,0,0,2.499359999999994,27.50108799999994,1.0,159993.67006861727,1.2991722018183123,48.48413961553286,0.4848413961553286,0.02602024382557865,0.9971280671692812,0
12,0.0,100,0,100,100,0,0,0,0,2.499359999999994,30.000447999999935,1.0,159997.61070234718,1.2973009145455856,48.34639761757119,0.4834639761757119,0.02838556680112897,0.9965646390451645,0
13,0.0,100,0,100,100,0,0,0,0,2.499359999999994,32.49980799999993,1.0,160000.94523635373,1.296077025314817,48.20865561960953,0.4820865561960953,0.03075089042376396,0.9959476972708688,0
14,0.0,100,0,100,100,0,0,0,0,2.503423999999994,35.003231999999926,1.0,159985.22650708404,1.2956114516884427,48.0701258869221,0.480701258869221,0.033124833952496824,0.9952739367211559,0
15,0.0,100,0,100,100,0,0,0,0,2.4993599999999936,37.50259199999992,1.0,159988.9415643594,1.2952865252122527,47.93238388896043,0.4793238388896043,0.03549015252278682,0.9945476557089649,0
16,0.0,100,0,100,100,0,0,0,0,2.4993599999999936,40.00195199999992,1.0,159992.19238101214,1.295294314545586,47.794641890998754,0.47794641890998757,0.03785547216922602,0.9937657682323925,0
17,0.0,100,0,100,100,0,0,0,0,2.5074879999999937,42.50943999999991,1.0,159964.46906851782,1.2944859968985274,47.656162034114466,0.4765616203411447,0.040222287002860284,0.9929268535553644,0
18,0.0,100,0,100,100,0,0,0,0,2.4993599999999936,45.00879999999991,1.0,159968.71722863117,1.2927989056566973,47.518420036152804,0.47518420036152803,0.04258760660394511,0.9920316571055299,0
19,0.0,100,0,100,100,0,0,0,0,2.5034239999999937,47.512223999999904,1.0,159958.83501475357,1.2917278871771647,47.380438235124196,0.47380438235124195,0.04495276411652642,0.991078808820883,0
20,0.0,100,0,100,100,0,0,0,0,2.4993599999999936,50.0115839999999,1.0,159962.93978611068,1.2908147705455857,47.242696237162534,0.47242696237162535,0.0473180842944508,0.9900676995621814,0
21,0.0,100,0,100,100,0,0,0,0,2.4993599999999936,52.510943999999895,1.0,159966.653808395,1.2902111697836811,47.104954239200865,0.47104954239200864,0.04968340513925781,0.9889976665990812,0
22,0.0,100,0,100,100,0,0,0,0,2.5034239999999937,55.01436799999989,1.0,159958.2130980768,1.2898896563637674,46.96675363741736,0.46966753637417363,0.052050559591856435,0.9878669999717166,0
23,0.0,100,0,100,100,0,0,0,0,2.4993599999999936,57.51372799999989,1.0,159961.80946573344,1.2897851649803684,46.82901163945569,0.4682901163945569,0.05441587900065439,0.9866771728022988,0
24,0.0,100,0,100,100,0,0,0,0,2.499359999999994,60.01308799999988,1.0,159965.10627815084,1.2898841145455862,46.69126964149402,0.46691269641494015,0.056781199057051555,0.9854265620542667,0
25,0.0,100,0,100,100,0,0,0,0,2.503423999999994,62.51651199999988,1.0,159957.74044463676,1.2893671737455867,46.55306903971052,0.4655306903971052,0.05914838092525844,0.9841132822099381,0
26,0.0,100,0,100,100,0,0,0,0,2.499359999999994,65.01587199999987,1.0,159960.93999939,1.2890525576225096,46.415327041748846,0.46415327041748844,0.06151369874813018,0.9827392698156858,0
27,0.0,100,0,100,100,0,0,0,0,2.499359999999994,67.51523199999987,1.0,159963.90266421688,1.2889343426937354,46.277585043787184,0.46277585043787184,0.06387901726409183,0.9813027348707274,0
28,0.0,100,0,100,100,0,0,0,0,2.511551999999994,70.02678399999986,1.0,159938.80284435197,1.2891584002598722,46.13883049860273,0.4613883049860273,0.0662477716956647,0.9798002072880931,0
29,0.0,99,1,100,96,0,1,3,0,2.366241797651046,72.3930257976509,0.9986206896551724,160015.41408669634,1.2871869563240357,46.01449738145668,0.46479290284299685,0.049768021571023675,0.9886647571153825,0
30,0.0,99,1,99,99,0,0,0,0,2.479039999999994,74.8720657976509,0.9986662220740247,160006.2703275361,1.2872939499950924,45.88646118877961,0.46349960796747086,0.05160251519149238,0.987756853391511,4
31,0.0,99,1,99,99,0,0,0,0,2.4871679999999943,77.3592337976509,0.9987088444157521,159980.9019873696,1.2869199195074976,45.75772658921379,0.462199258476907,0.0534465323898112,0.9868049242996781,4
32,0.0,99,1,99,99,0,0,0,0,2.479039999999994,79.8382737976509,0.9987488270253363,159973.39862796225,1.2860612419909465,45.62969039653674,0.46090596360138125,0.05529320289033417,0.9858122653535077,4
33,0.0,99,1,99,99,0,0,0,0,2.4790399999999937,82.3173137976509,0.9987864077669902,159966.34720575367,1.2853961787357195,45.50165420385968,0.4596126687258553,0.05714509404772915,0.9847766005793472,4
34,0.0,99,1,99,99,0,0,0,0,2.4790399999999937,84.7963537976509,0.9988217967599411,159959.70808329454,1.284907772078703,45.373618011182614,0.45831937385032945,0.05900171428061721,0.9836974930857658,4
35,0.0,99,1,99,99,0,0,0,0,2.4790399999999937,87.27539379765089,0.9988551803091014,159953.44612671054,1.284004575885323,45.24558181850556,0.45702607897480374,0.060862630807869286,0.9825745111467815,4
36,0.0,99,1,99,99,0,0,0,0,2.479039999999994,89.75443379765089,0.9988867241859171,159947.5300837532,1.2832814278519566,45.117545625828505,0.4557327840992779,0.06272746126007366,0.9814072285399753,4
37,0.0,99,1,99,99,0,0,0,0,2.483103999999994,92.23753779765089,0.9989165763813651,159934.8849962006,1.2828285139049802,44.98941409357234,0.45443852619770037,0.06459545250133018,0.9801953915434682,4
38,0.0,98,2,99,97,0,1,1,0,2.430556656582854,94.66809445423374,0.9984173041413875,159927.16540121412,1.281384050812425,44.864957334563634,0.457805687087384,0.04810735801627033,0.989078273201492,4
39,0.0,98,2,98,98,0,0,0,0,2.4627839999999943,97.13087845423374,0.9984571869375161,159907.95354865846,1.2805554103835288,44.74007647533667,0.45653139260547615,0.049705506774325905,0.9882847965905197,9
40,0.0,98,2,98,98,0,0,0,0,2.4587199999999942,99.58959845423374,0.9984951091045899,159896.21654431967,1.2792898097747945,44.61539791588251,0.45525916240696457,0.05131372544275542,0.9874551041169157,9
41,0.0,98,2,98,98,0,0,0,0,2.4587199999999942,102.04831845423374,0.998531211750306,159885.0451153425,1.2781995996341449,44.49071935642836,0.45398693220845265,0.0529309535292786,0.9865887612160242,9
42,0.0,98,2,98,98,0,0,0,0,2.4587199999999942,104.50703845423374,0.9985656227587856,159874.39934312992,1.27727243502559,44.366040796974204,0.4527147020099409,0.05455638983478525,0.9856853623808631,9
43,0.0,98,2,98,98,0,0,0,0,2.4587199999999942,106.96575845423374,0.9985984583041345,159864.2429793679,1.2760312877885625,44.24136223752006,0.45144247181142916,0.05618932202539651,0.9847445044555745,9
44,0.0,98,2,98,98,0,0,0,0,2.4587199999999942,109.42447845423374,0.9986298241607673,159854.5430336773,1.2749526433776173,44.11668367806591,0.4501702416129174,0.05782911511621634,0.9837657868745402,9
45,0.0,98,2,98,98,0,0,0,0,2.4627839999999943,111.88726245423373,0.9986598168416351,159839.4634716821,1.2740539941141873,43.991546514789924,0.44889333178357066,0.059479533892717616,0.9827459884426583,9
46,0.0,98,2,98,98,0,0,0,0,2.4587199999999942,114.34598245423373,0.9986885245901639,159830.71383653427,1.2728327690695438,43.86686795533577,0.44762110158505886,0.06113136647042044,0.9816902844693856,9
47,0.0,98,2,98,98,0,0,0,0,2.4587199999999947,116.80470245423373,0.9987160282473786,159822.33255818166,1.2717629732318319,43.742189395881624,0.4463488713865471,0.06278852911614498,0.9805955360981559,9
48,0.0,98,2,98,98,0,0,0,0,2.4587199999999947,119.26342245423373,0.9987424020121568,159814.29685462953,1.2708352634348739,43.61751083642747,0.4450766411880354,0.06445061068895601,0.9794613556169479,9
49,0.0,98,2,98,98,0,0,0,0,2.466847999999995,121.73027045423373,0.9987677141096735,159795.91540719743,1.2700886844461006,43.49158593842571,0.4437916932492419,0.06613822900773436,0.9782726530954499,9
50,0.0,98,2,98,98,0,0,0,0,2.4587199999999947,124.18899045423373,0.9987920273807127,159788.7214270651,1.2690177114806698,43.366907378971575,0.4425194630507303,0.06780894042243361,0.977058091230346,9
51,0.0,97,3,98,97,0,1,0,0,2.439561068828077,126.62855152306182,0.9986179664363277,159774.3933469484,1.267882927666303,43.24413731365615,0.4458158485943933,0.05321896501645473,0.9859499869601136,9
52,0.0,97,3,97,97,0,0,0,0,2.4383999999999952,129.06695152306182,0.998643936458737,159762.04409163253,1.266536853922629,43.12023776709483,0.44453853368138996,0.05472525809231608,0.9850712157878085,13
53,0.0,97,3,97,97,0,0,0,0,2.4424639999999953,131.50941552306182,0.9986689484692908,159745.21608542916,1.2649611599021595,42.99613592076069,0.4432591332037185,0.05624721294540187,0.9841529212469555,13
54,0.0,97,3,97,97,0,0,0,0,2.4383999999999952,133.94781552306182,0.9986930545182973,159733.84796496548,1.2635231493066226,42.87223637419937,0.4419818182907152,0.057783786517094794,0.9831948352387723,13
55,0.0,97,3,97,97,0,0,0,0,2.4383999999999952,136.38621552306182,0.9987163029525032,159722.88633756025,1.2622221813213579,42.74833682763804,0.4407045033777118,0.05933375304914955,0.9821964333248869,13
56,0.0,97,3,97,97,0,0,0,0,2.4383999999999952,138.82461552306182,0.9987387387387388,159712.3097835394,1.261051061394751,42.62443728107671,0.43942718846470835,0.06089608989137329,0.9811572798840438,13
57,0.0,97,3,97,97,0,0,0,0,2.4424639999999953,141.26707952306182,0.9987604037542058,159697.50401980302,1.260034074316683,42.50007913069356,0.4381451456772531,0.06247537441277282,0.9800730795757902,13
58,0.0,97,3,97,97,0,0,0,0,2.4383999999999952,143.70547952306183,0.9987813370473537,159687.71737974897,1.259102480910072,42.37617958413222,0.43686783076424973,0.06405969105805685,0.9789510458498548,13
59,0.0,97,3,97,97,0,0,0,0,2.4383999999999952,146.14387952306183,0.9988015750727615,159678.25731844985,1.2582819757998054,42.252280037570905,0.43559051585124636,0.0656538412844801,0.9777869753131748,13
60,0.0,97,3,97,97,0,0,0,0,2.4465279999999954,148.59040752306183,0.9988211519029977,159660.37374463718,1.2576212403727953,42.12713415246198,0.4343003520872369,0.06728332062254751,0.9765612757351225,13
61,0.0,97,3,97,97,0,0,0,0,2.4424639999999953,151.03287152306183,0.9988400994200497,159647.36521822828,1.2570660428808962,42.00289413141148,0.4330195271279534,0.06889675907990031,0.9753097665385055,13
62,0.0,97,3,97,97,0,0,0,0,2.4424639999999953,153.47533552306183,0.9988584474885844,159634.77073694704,1.2565775301748618,41.87853598102832,0.43173748434049813,0.07052148751310941,0.9740122993028159,13
63,0.0,97,3,97,97,0,0,0,0,2.4383999999999952,155.91373552306183,0.9988762241130198,159626.73151602293,1.256148011275477,41.754636434466995,0.4304601694274948,0.07214827414551177,0.9726753958259456,13
64,0.0,97,3,97,97,0,0,0,0,2.4424639999999953,158.35619952306183,0.9988934555801454,159614.84347393035,1.2555258743457836,41.63027828408384,0.42917812664003946,0.0737871658828634,0.971289857143021,13
65,0.0,97,3,97,97,0,0,0,0,2.4424639999999953,160.79866352306183,0.9989101665888214,159603.3165805464,1.2546805838257469,41.50559100279675,0.4278926907504819,0.07544735286252817,0.9698476075904726,13
66,0.0,97,3,97,97,0,0,0,0,2.438399999999995,163.23706352306183,0.9989263803680981,159596.1078797489,1.2539085182958667,41.38169145623542,0.4266153758374786,0.07709333878185486,0.9683768519841961,13
67,0.0,97,3,97,97,0,0,0,0,2.438399999999995,165.67546352306184,0.9989421187849479,159589.11137326973,1.2532298174729155,41.2577919096741,0.42533806092447524,0.0787449932479604,0.9668608487537248,13
68,0.0,97,3,97,97,0,0,0,0,2.4383999999999952,168.11386352306184,0.9989574024426572,159582.31782781993,1.2523465524572772,41.133892363112786,0.4240607460114719,0.08040196692385883,0.9652992262563461,13
69,0.0,97,3,97,97,0,0,0,0,2.4383999999999952,170.55226352306184,0.998972250770812,159575.71853814705,1.251267472246613,41.009992816551446,0.4227834310984685,0.08206393760566039,0.9636916203578495,13
70,0.0,97,3,97,97,0,0,0,0,2.4424639999999953,172.99472752306184,0.9989866821077013,159565.55668044926,1.2503117732214082,40.885305535264365,0.42149799520891107,0.08375007647337697,0.9620192816470251,13
71,0.0,97,3,97,97,0,0,0,0,2.4424639999999953,175.43719152306184,0.9990007137758744,159555.67777269366,1.2494423842291984,40.76131064912393,0.4202196974136487,0.08542051836723331,0.9603186045401082,13
72,0.0,97,3,97,97,0,0,0,0,2.4383999999999952,177.87559152306184,0.9990143621515066,159549.71537688738,1.24864488212416,40.637411102562595,0.4189423825006453,0.08709565959125426,0.9585706100865797,13
73,0.0,97,3,97,97,0,0,0,0,2.4383999999999952,180.31399152306184,0.9990276427281567,159543.91424095686,1.2479338754874727,40.51351155600127,0.41766506758764205,0.08877473811654367,0.9567752562035562,13
74,0.0,97,3,97,97,0,0,0,0,2.4424639999999953,182.75645552306185,0.9990405701754386,159534.72021851965,1.2473393642942625,40.38915340561812,0.41638302480018663,0.09046233267345503,0.9549266788022018,13
75,0.0,97,3,97,97,0,0,0,0,2.4424639999999953,185.19891952306185,0.9990531583930745,159525.76870363997,1.2465502805545459,40.26446612433102,0.41509758891062914,0.09216753915209099,0.9530154054325439,13
76,0.0,97,3,97,97,0,0,0,0,2.4465279999999954,187.64544752306185,0.9990654205607477,159513.5954274687,1.2458712652693928,40.14001263436875,0.413814563240915,0.09386126020148779,0.9510701620655257,13
77,0.0,97,3,97,97,0,0,0,0,2.4424639999999953,190.08791152306185,0.9990773691841307,159505.14557745308,1.24523643586357,40.015910788034624,0.4125351627632435,0.0955536727598979,0.949081418561815,13
78,0.0,97,3,97,97,0,0,0,0,2.4424639999999953,192.53037552306185,0.9990890161374284,159496.91011910848,1.2446875260753991,39.891771438406366,0.4112553756536738,0.09724941312531481,0.9470433318195058,13
79,0.0,97,3,97,97,0,0,0,0,2.4383999999999952,194.96877552306185,0.9991003727027374,159492.20543943875,1.2441862942521003,39.76787189184505,0.4099780607406705,0.09894784183988994,0.9449568360279602,13
80,0.0,97,3,97,97,0,0,0,0,2.442463999999995,197.41123952306185,0.9991114496064991,159484.33369885202,1.2437908714713277,39.64351374146188,0.40869601795321525,0.10065360318000759,0.9428147271244322,13
81,0.0,97,3,97,97,0,0,0,0,2.438399999999995,199.84963952306185,0.9991222570532915,159479.89736715087,1.2434300681709096,39.51961419490055,0.4074187030402118,0.10235725173112525,0.9406290887704422,13
82,0.0,96,4,97,95,0,2,0,0,2.417550365161435,202.2671898882233,0.9988850346878098,159452.455031501,1.2428865283859811,39.39686240351032,0.4103839833698992,0.09588061748325936,0.9482394526682717,13
83,0.0,96,4,96,96,0,0,0,0,2.4180799999999953,204.6852698882233,0.998898139079334,159444.79061840754,1.2425701178920365,39.2734546258862,0.40909848568631463,0.09762656617685127,0.9461201267142373,17
84,0.0,95,5,96,92,0,1,3,0,2.2786065783181506,206.96387646654145,0.9984269119070668,159467.4421617511,1.2416452743094266,39.16188019603107,0.41223031785295866,0.09008205092285175,0.954423817970433,17
85,0.0,95,5,95,95,0,0,0,0,2.4018239999999955,209.36570046654145,0.9984447900466563,159453.05236535182,1.2414195110678123,39.03973234258602,0.4109445509745897,0.09173310461330374,0.9525357090695785,20
86,0.0,94,6,95,93,0,2,0,0,2.380131450657174,211.74583191719861,0.9982256919801278,159417.541749771,1.2411299305235328,38.92072041833364,0.4140502172163153,0.08356088366287537,0.9608652553779423,20
87,0.0,94,6,94,94,0,0,0,0,2.3815039999999956,214.12733591719862,0.9982452035563875,159400.47941005803,1.2409868402984303,38.80233654543376,0.41279081431312503,0.08503531752722204,0.9592911292923986,23
88,0.0,94,6,94,94,0,0,0,0,2.3774399999999956,216.50477591719863,0.9982642906734552,159386.78421208335,1.2408666536275563,38.6844112763557,0.41153629017399684,0.08651612031121154,0.9576750953080075,23
89,0.0,94,6,94,94,0,0,0,0,2.3774399999999956,218.88221591719864,0.998282967032967,159373.38652125275,1.2408026480246925,38.56648600727765,0.41028176603486866,0.08800955717115297,0.9560096405261048,23
90,0.0,94,6,94,94,0,0,0,0,2.3815039999999956,221.26371991719864,0.9983012457531144,159357.34974172452,1.2408220712423998,38.44832093513268,0.40902469079928383,0.08951550921313356,0.954293347091199,23
91,0.0,94,6,94,94,0,0,0,0,2.381503999999995,223.64522391719865,0.9983191393993724,159341.65450004739,1.240894000065122,38.3301558629877,0.40776761556369895,0.09103285397587338,0.9525268468002207,23
92,0.0,93,7,94,90,0,2,2,0,2.2712942425662943,225.91651815976493,0.9978931026835218,159333.1921596992,1.240568091170597,38.218788151290596,0.41095471130419997,0.08252290302086802,0.9612392164229258,23
93,0.0,93,7,93,93,0,0,0,0,2.3611839999999953,228.27770215976494,0.9979146087147405,159314.72787713227,1.2407158500433384,38.1031498517973,0.40971128872900314,0.08396101922259777,0.9596973289740762,26
94,0.0,93,7,93,93,0,0,0,0,2.357119999999995,230.63482215976495,0.99793568013907,159299.44860863002,1.2408734480940526,37.987893087741234,0.4084719686853896,0.08540666110632592,0.9581133283439358,26
95,0.0,93,7,93,93,0,0,0,0,2.357119999999995,232.99194215976496,0.9979563299989244,159284.47849304558,1.240874577807039,37.87263632368517,0.40723264864177594,0.08686358148174195,0.9564821764119635,26
96,0.0,93,7,93,93,0,0,0,0,2.357119999999995,235.34906215976497,0.9979765708200213,159269.80824148882,1.240925558109437,37.7573795596291,0.4059933285981624,0.08833122227395415,0.9548035115848629,26
97,0.0,93,7,93,93,0,0,0,0,2.357119999999995,237.70618215976498,0.9979964146367183,159255.42893350817,1.2408252406163751,37.64212279557302,0.4047540085545488,0.08980905791209043,0.9530769811895816,26
98,0.0,93,7,93,93,0,0,0,0,2.3611839999999953,240.067366159765,0.998015873015873,159238.63626911805,1.2408076707484772,37.526745164904575,0.40351338886994165,0.0912960637496321,0.9513024808790858,26
99,0.0,93,7,93,93,0,0,0,0,2.361183999999995,242.428550159765,0.9980349570793257,159222.1707161218,1.2406291429526457,37.41125917379311,0.4022716040192808,0.09279325323917492,0.9494781746020047,26
100,0.0,93,7,93,93,0,0,0,0,2.361183999999995,244.789734159765,0.9980536775250973,159206.0228088015,1.2405203454421492,37.29554380591524,0.40102735275177664,0.09430604103291965,0.9475971643139023,26
101,0.0,93,7,93,93,0,0,0,0,2.3571199999999948,247.14685415976498,0.9980720446473871,159192.80111316557,1.2404255874128398,37.18028704185916,0.399788032708163,0.09581991321437465,0.9456756931968472,26
102,0.0,93,7,93,93,0,0,0,0,2.365247999999995,249.512102159765,0.9980900683554483,159174.64385983755,1.2402008079305606,37.06429241888048,0.39854077869763954,0.09734895055782732,0.9436947908641655,26
103,0.0,93,7,93,93,0,0,0,0,2.361183999999995,251.873286159765,0.9981077581914152,159159.39562789482,1.2400515695562135,36.94857705100259,0.3972965274301353,0.09888545064500555,0.9416646860045426,26
104,0.0,92,8,93,90,0,2,1,0,2.279865406495305,254.1531515662603,0.9978290901914347,159148.1347004064,1.239386893038058,36.84226637987135,0.40045941717251465,0.09162236965446988,0.950257530997311,26
105,0.0,92,8,92,92,0,0,0,0,2.3408639999999945,256.4940155662603,0.9978486211617446,159130.41834481308,1.239103049589876,36.72836923704519,0.3992214047504912,0.09311673515882718,0.9484034155770135,29
106,0.0,92,8,92,92,0,0,0,0,2.3367999999999944,258.8308155662603,0.997867803837953,159115.52073078777,1.2388337519065025,36.61493069804088,0.39798837715261826,0.09461657871022124,0.9465046009628977,29
107,0.0,92,8,92,92,0,0,0,0,2.3367999999999944,261.1676155662603,0.9978866474543708,159100.8897098803,1.238614214597959,36.50149215903656,0.39675534955474523,0.09612931223260701,0.9445512675057781,29
108,0.0,92,8,92,92,0,0,0,0,2.3449279999999946,263.51254356626026,0.9979051609217292,159081.61119267254,1.2384830691658262,36.387601956967735,0.39551741257573625,0.09765731889552104,0.9425384354084977,29
109,0.0,92,8,92,92,0,0,0,0,2.340863999999995,265.8534075662603,0.9979233528412309,159065.10428857416,1.2381950598252098,36.273807094478045,0.3942805118965005,0.09919755197206336,0.9404699549028804,29
110,0.0,92,8,92,92,0,0,0,0,2.336799999999995,268.19020756626026,0.9979412315178738,159051.2956721629,1.2377675847792924,36.16036855547371,0.3930474842986272,0.10074542303248818,0.9383510143049408,29
111,0.0,92,8,92,92,0,0,0,0,2.340863999999995,270.53107156626027,0.9979588049730933,159035.33649909147,1.2374169441893481,36.04672771669659,0.3918122577901803,0.10230407816806694,0.9361755405158757,29
112,0.0,92,8,92,92,0,0,0,0,2.336799999999995,272.86787156626025,0.9979760809567617,159022.0195251648,1.237089484081387,35.933289177692274,0.39057923019230734,0.1038728241019538,0.9339448305212256,29
113,0.0,91,9,92,88,0,2,2,0,2.224957388791856,275.0928289550521,0.9976281700419631,159015.41369203562,1.2364939728545723,35.82524504886342,0.39368401152597166,0.09755066770036809,0.9421523057343435,29
114,0.0,91,9,91,91,0,0,0,0,2.316479999999995,277.4093089550521,0.9976476974577038,158999.71117100003,1.2360520140016436,35.71249168712716,0.39244496359480396,0.09917617105427587,0.9399696356720197,32
115,0.0,90,10,91,87,0,2,2,0,2.1970010115133567,279.60630996656545,0.997307968413496,158994.98121239082,1.2352534784276523,35.61400386152007,0.3957111540168897,0.09184001603240338,0.948888067339569,32
116,0.0,90,10,90,90,0,0,0,0,2.300223999999995,281.90653396656546,0.997329535339149,158974.67635608348,1.234938376114305,35.50901782332796,0.3945446424814217,0.09310455555879954,0.9472509536025869,35
117,0.0,90,10,90,90,0,0,0,0,2.296159999999995,284.20269396656545,0.997350759448958,158956.97317110814,1.2344793232445919,35.40412712471493,0.3933791902746104,0.09437856401970497,0.9455724510538905,35
118,0.0,90,10,90,90,0,0,0,0,2.296159999999995,286.49885396656543,0.9973716488522867,158939.55375233045,1.233907936354899,35.29923642610194,0.3922137380677992,0.09566112532009588,0.9438526129604765,35
119,0.0,90,10,90,90,0,0,0,0,2.300223999999995,288.79907796656545,0.9973922114047288,158920.1749643862,1.2334152890189924,35.194250387909804,0.39104722653233115,0.0969513403346411,0.9420915019171664,35
120,0.0,90,10,90,90,0,0,0,0,2.300223999999995,291.09930196656546,0.9974124547179576,158901.1024331236,1.2329503418318633,35.08897815385957,0.38987753504288414,0.09825660365868952,0.9402794216733683,35
121,0.0,89,11,90,89,0,1,0,0,2.300595321830619,293.39989728839606,0.9973467990414242,158868.49460680946,1.2323091510457438,34.98370655948043,0.39307535460090365,0.0911405429633448,0.9489813156435589,35
122,0.0,89,11,89,89,0,0,0,0,2.275839999999995,295.6757372883961,0.9973668563662618,158849.69267596133,1.231627484874147,34.88232057762351,0.3919361862654327,0.09233472458974601,0.9474175500821476,37
123,0.0,89,11,89,89,0,0,0,0,2.275839999999995,297.9515772883961,0.9973866127128647,158831.17797424414,1.230995577520786,34.78093459576659,0.39079701792996174,0.09353773491868929,0.9458151964282079,37
124,0.0,89,11,89,89,0,0,0,0,2.2799039999999953,300.2314812883961,0.9974060748054556,158810.7942424585,1.2304201560322652,34.679090010087855,0.3896526967425601,0.09475923563118538,0.9441614673251326,37
125,0.0,89,11,89,89,0,0,0,0,2.2758399999999956,302.5073212883961,0.9974252491694352,158792.85101402475,1.2297338038271943,34.57770402823094,0.3885135284070893,0.09597884406364358,0.9424809981058391,37
126,0.0,88,12,89,88,0,1,0,0,2.270684588568481,304.7780058769646,0.9973616951108912,158764.73717573204,1.2290342646570265,34.47731733195724,0.3917876969540595,0.08844739944664515,0.9515068423763897,37
127,0.0,88,12,88,88,0,0,0,0,2.255519999999996,307.0335258769646,0.9973806990259475,158744.87927918087,1.2282969658842775,34.379870023729126,0.39068034117874,0.08967853851750367,0.9499466507239709,37
128,0.0,88,12,88,88,0,0,0,0,2.255519999999996,309.28904587696456,0.9973994311255587,158725.3110138561,1.227608320626074,34.28242271550101,0.3895729854034205,0.09091706552158493,0.9483487057302975,37
129,0.0,88,12,88,88,0,0,0,0,2.255519999999996,311.54456587696455,0.9974178972000323,158706.02608914213,1.226822628330045,34.184975407272894,0.38846562962810105,0.09216268261143845,0.9467127577267445,37
130,0.0,88,12,88,88,0,0,0,0,2.255519999999996,313.80008587696454,0.9974361028763721,158687.01839528535,1.2260855858728865,34.08752809904478,0.3873582738527816,0.09341510616531516,0.9450385628431499,37
131,0.0,88,12,88,88,0,0,0,0,2.2636479999999963,316.06373387696453,0.9974540536239955,158664.2016306791,1.2254088110612935,33.989526847415725,0.38624462326608777,0.09468433230959242,0.9433125451596823,37
132,0.0,88,12,88,88,0,0,0,0,2.2595839999999963,318.32331787696455,0.9974717547602118,158643.7347311101,1.2247726952886586,33.89183973612068,0.38513454245591683,0.09595077014739672,0.9415587610011213,37
133,0.0,88,12,88,88,0,0,0,0,2.2555199999999966,320.57883787696454,0.9974892114554728,158625.56722947684,1.2240347791837647,33.79439242789257,0.38402718668059727,0.09722195209201938,0.9397682475091157,37
134,0.0,88,12,88,88,0,0,0,0,2.2555199999999966,322.83435787696453,0.9975064287384088,158607.6535865937,1.223343518280375,33.69694511966445,0.3829198309052778,0.09849893591276536,0.9379385729732826,37
135,0.0,88,12,88,88,0,0,0,0,2.255519999999996,325.0898778769645,0.9975234115006578,158589.98851853577,1.222559221603767,33.59949781143634,0.38181247512995836,0.09978149885610554,0.9360695258902565,37
136,0.0,88,12,88,88,0,0,0,0,2.2636479999999963,327.3535258769645,0.997540164501499,158568.6296212663,1.221723867534471,33.50133785623744,0.3806970210936073,0.10107945488042903,0.934146081541852,37
137,0.0,88,12,88,88,0,0,0,0,2.255519999999996,329.6090458769645,0.997556692372299,158551.473795132,1.2208957228273025,33.40389054800933,0.3795896653182879,0.10237247539725669,0.9321975179893992,37
138,0.0,88,12,88,88,0,0,0,0,2.255519999999996,331.8645658769645,0.9975729996207812,158534.55116839855,1.2201141920841314,33.30644323978122,0.37848230954296835,0.10367046816552415,0.9302089902599227,37
139,0.0,88,12,88,88,0,0,0,0,2.255519999999996,334.1200858769645,0.9975890906351239,158517.8570183396,1.219378345912428,33.20899593155311,0.3773749537676489,0.10497324873993269,0.9281803168268516,37
140,0.0,88,12,88,88,0,0,0,0,2.255519999999996,336.37560587696447,0.9976049696878976,158501.3867488991,1.218687279463601,33.111548623324985,0.37626759799232945,0.10628064105486189,0.9261113242202027,37
141,0.0,88,12,88,88,0,0,0,0,2.2595839999999963,338.6351898769645,0.9976206409398468,158483.23388806422,1.2180610116802724,33.01374499161149,0.37515619308649417,0.10759733312119125,0.9239939922832587,37
142,0.0,88,12,88,88,0,0,0,0,2.255519999999996,340.8907098769645,0.9976361084435251,158467.21085328812,1.2174567481272185,32.91629768338338,0.3740488373111747,0.10891341849595787,0.9218437893078602,37
143,0.0,88,12,88,88,0,0,0,0,2.2636479999999963,343.15435787696447,0.997651376146789,158447.64535817053,1.2169204029428349,32.8179331675116,0.3729310587217226,0.11025366263485363,0.919621812821738,37
144,0.0,88,12,88,88,0,0,0,0,2.255519999999996,345.40987787696446,0.9976664478961569,158432.064353101,1.2163995721764371,32.72048585928348,0.37182370294640316,0.11157773494429735,0.917389595481958,37
145,0.0,87,13,88,84,0,2,2,0,2.1295359999999968,347.53941387696443,0.9973914933700456,158428.07405865134,1.2155922283280358,32.62935536961403,0.3750500617197015,0.10605169156131951,0.9259627571889961,37
146,0.0,87,13,87,87,0,0,0,0,2.2351999999999967,349.77461387696445,0.9974078341013825,158410.58156236043,1.21490696594577,32.533498855800595,0.3739482627103516,0.10731581875859819,0.9239089428870432,41
147,0.0,87,13,87,87,0,0,0,0,2.2351999999999967,352.0098138769645,0.9974239713774598,158393.31121457883,1.2142637866149806,32.43764234198714,0.37284646370100166,0.10858728136437372,0.9218119806470749,41
148,0.0,87,13,87,87,0,0,0,0,2.2351999999999963,354.2450138769645,0.9974399089745413,158376.25881019712,1.2135358670306307,32.3417858281737,0.3717446646916517,0.1098658247038148,0.9196717002788934,41
149,0.0,86,14,87,83,0,1,3,0,2.10753708642731,356.3525509633918,0.9971729450844583,158371.25298367144,1.2124862771280918,32.2537896681115,0.37504406590827327,0.10402930786789466,0.928557655777494,41
150,0.0,86,14,86,86,0,0,0,0,2.2189439999999965,358.57149496339184,0.9971900245872849,158350.5682898662,1.211741587384804,32.15984425337609,0.3739516773648383,0.10521905745007987,0.9266385030296498,44
151,0.0,86,14,86,86,0,0,0,0,2.2148799999999964,360.78637496339184,0.9972068989595698,158331.92150284568,1.211037169795837,32.06625516212608,0.37286343211774514,0.10641184920339807,0.9246861662355252,44
152,0.0,86,14,86,86,0,0,0,0,2.2230079999999965,363.00938296339183,0.997223571874783,158309.95753020368,1.2102560413991357,31.97195342390528,0.3717669002779684,0.1076257716467515,0.922671724105453,44
153,0.0,86,14,86,86,0,0,0,0,2.2189439999999965,365.22832696339185,0.9972400469192024,158290.02224626104,1.2095159830975186,31.878008009169882,0.3706745117345335,0.10884213448487766,0.9206237081376881,44
154,0.0,86,14,86,86,0,0,0,0,2.2189439999999965,367.4472709633919,0.9972563275944852,158270.32773307487,1.2088294037165883,31.78396031409803,0.36958093388486074,0.11007142790136207,0.9185255693693731,44
155,0.0,86,14,86,86,0,0,0,0,2.2148799999999964,369.66215096339187,0.99727241732015,158252.60943686208,1.2081670160384617,31.690371222848015,0.36849268863776763,0.11129691854645511,0.9164022344765267,44
156,0.0,86,14,86,86,0,0,0,0,2.2148799999999964,371.87703096339186,0.9972883194359704,158235.10219912638,1.2075441423757423,31.596782131597998,0.3674044433906744,0.11252980382855014,0.9142360712709234,44
157,0.0,86,14,86,86,0,0,0,0,2.2189439999999965,374.0959749633919,0.9973040372042866,158216.0834683987,1.206960368413637,31.502836716862586,0.3663120548472394,0.1137771026147646,0.9120148778468817,44
158,0.0,85,15,86,83,0,2,1,0,2.1549980042524415,376.2509729676443,0.9971185418481538,158192.2819509052,1.2063065443231051,31.411437735888583,0.3695463263045715,0.10853804226932288,0.9205870969450274,44
159,0.0,85,15,85,85,0,0,0,0,2.1986239999999966,378.4495969676443,0.9971348614072495,158171.65741391384,1.2058120895482565,31.31853635514934,0.3684533688841099,0.10980882562187826,0.9184256823235608,46
160,0.0,84,16,85,83,0,1,1,0,2.1493552356919476,380.59895220333624,0.9970184853905785,158150.72440830639,1.2052364974307481,31.22910649990186,0.37177507737978405,0.10409026143947245,0.927308459133296,46
161,0.0,84,16,84,84,0,0,0,0,2.1945599999999965,382.79351220333626,0.997034987151611,158121.8021475978,1.2048833810132373,31.139340585381806,0.3707064355402596,0.10529880448654279,0.9253400031522429,48
162,0.0,84,16,84,84,0,0,0,0,2.1945599999999965,384.9880722033363,0.9970513072537841,158093.2096198916,1.2045662138306208,31.049574670861762,0.36963779370073524,0.10651404070748731,0.9233312281876799,48
163,0.0,84,16,84,84,0,0,0,0,2.1945599999999965,387.1826322033363,0.9970674486803519,158064.94121838518,1.204284403777853,30.95980875634171,0.36856915186121075,0.10773574360982067,0.9212819673910856,48
164,0.0,84,16,84,84,0,0,0,0,2.194559999999996,389.37719220333634,0.9970834143496013,158036.99146267748,1.2040373716819806,30.870042841821657,0.3675005100216864,0.1089636956801183,0.9191920624672621,48
165,0.0,84,16,84,84,0,0,0,0,2.198623999999996,391.57581620333633,0.9970992071166118,158007.71508287246,1.2038305938783305,30.779920603816215,0.3664276262359073,0.110207808251308,0.9170456319520717,48
166,0.0,84,16,84,84,0,0,0,0,2.194559999999996,393.77037620333635,0.9971148297749567,157980.39608717756,1.203651397522149,30.690154689296165,0.365358984396383,0.11144778717820902,0.9148735739699024,48
167,0.0,84,16,84,84,0,0,0,0,2.194559999999996,395.9649362033364,0.9971302850583509,157953.37991211002,1.2035053160922802,30.600388774776118,0.3642903425568585,0.11269340919532658,0.9126604501240387,48
168,0.0,84,16,84,84,0,0,0,0,2.202687999999996,398.1676242033364,0.9971455756422455,157923.43771247563,1.2034119836242572,30.510171197191564,0.36321632377609003,0.11395449858667961,0.9103893926190099,48
169,0.0,83,17,84,83,0,1,0,0,2.166111999999996,400.3337362033364,0.9970976086819358,157898.25908624782,1.2032660498806675,30.421592589903078,0.3665252119265431,0.10873827458706185,0.9191048943120896,48
170,0.0,83,17,83,83,0,0,0,0,2.1742399999999957,402.5079762033364,0.9971127290986693,157870.1634670197,1.2029236972246036,30.331960818982214,0.36544531107207484,0.10993473880542053,0.9170146580922953,53
171,0.0,83,17,83,83,0,0,0,0,2.178303999999996,404.68628020333637,0.9971276927880113,157840.784639166,1.2025151722685141,30.24197272457596,0.3643611171635658,0.11114821480315004,0.9148668281578496,53
172,0.0,82,18,83,80,0,2,1,0,2.0929599999999957,406.77924020333637,0.9969561436203255,157815.32992664623,1.2019247911268558,30.155030788903666,0.3677442779134593,0.10548609963107425,0.9239746096802629,53
173,0.0,82,18,82,82,0,0,0,0,2.1661119999999956,408.94535220333637,0.9969715698393078,157781.47288471268,1.201551081040414,30.065672651300233,0.36665454452805163,0.10673576890617525,0.921877018391268,55
174,0.0,82,18,82,82,0,0,0,0,2.157983999999996,411.10333620333637,0.996986840487025,157751.09148694298,1.20116836734293,29.97680835991267,0.3655708336574716,0.10797652296128905,0.9197601365103139,55
175,0.0,82,18,82,82,0,0,0,0,2.157983999999996,413.26132020333637,0.9970019579050416,157721.02738269718,1.2008209300520982,29.887944068525112,0.36448712278689155,0.10922182252571058,0.9176033683159532,55
176,0.0,82,18,82,82,0,0,0,0,2.1539199999999963,415.41524020333634,0.9970169243881651,157692.81831820932,1.2004032706030987,29.799538380959383,0.36340900464584613,0.11045638609721392,0.9154301601344789,55
177,0.0,82,18,82,82,0,0,0,0,2.1579839999999963,417.57322420333634,0.997031742185607,157663.36580992394,1.1999203892177497,29.710674089571818,0.3623252937752661,0.11171028066013507,0.9131935829748613,55
178,0.0,81,19,82,81,0,1,0,0,2.1384875369813936,419.71171174031775,0.9969861362266426,157632.00823172223,1.1994289704815184,29.623621489853267,0.3657237220969539,0.10617285713120482,0.9222716240879607,55
179,0.0,80,20,81,77,0,2,2,0,1.995423999999997,421.70713574031777,0.9967608421810329,157616.49345419236,1.1985770084289162,29.541679654103778,0.3692709956762973,0.09985279780825011,0.9318631255390779,58
180,0.0,80,20,80,80,0,0,0,0,2.1254719999999967,423.83260774031777,0.9967763118619783,157581.07984207058,1.198156068265637,29.453280320382575,0.36816600400478217,0.10122717232447623,0.9297158979474163,61
181,0.0,80,20,80,80,0,0,0,0,2.1132799999999965,425.94588774031774,0.9967916344839879,157550.52914353542,1.1976340119568076,29.36600049407785,0.3670750061759731,0.10257657634620762,0.9275676828146043,61
182,0.0,80,20,80,80,0,0,0,0,2.117343999999997,428.06323174031775,0.9968068121341139,157518.784610085,1.1969573113464669,29.278262063951285,0.36597827579939113,0.10395934379923572,0.9253352600406599,61
183,0.0,79,21,80,76,0,2,2,0,1.9966902589078481,430.0599219992256,0.9965864281089989,157494.33168553188,1.1961235896370839,29.200601610554834,0.36962786848803586,0.09718229358296102,0.9353429688502825,61
184,0.0,79,21,79,79,0,0,0,0,2.1783039999999962,432.23822599922556,0.9966022261277094,157431.70295197796,1.1955456944371619,29.117698524021165,0.3685784623293818,0.09832857353597649,0.9335582602232647,65
185,0.0,79,21,79,79,0,0,0,0,2.174239999999996,434.41246599922556,0.996617878593504,157371.17451901548,1.1949883599675413,29.034890777066604,0.36753026300084307,0.09948382280429768,0.9317330909154875,65
186,0.0,79,21,79,79,0,0,0,0,2.174239999999996,436.58670599922556,0.9966333875087068,157311.24895983853,1.1944692910102217,28.952083030112043,0.36648206367230435,0.10064723072658385,0.9298675060481382,65
187,0.0,79,21,79,79,0,0,0,0,2.174239999999996,438.76094599922556,0.9966487548390824,157251.91731198833,1.1938948966946357,28.86927528315749,0.36543386434376574,0.10181851763377743,0.9279613066952347,65
188,0.0,78,22,79,78,0,1,0,0,2.158043725673524,440.91898972489906,0.9966064649718164,157189.8730042067,1.1933117991482225,28.787685740565237,0.3690728941098108,0.09491487882828134,0.9379657849852051,65
189,0.0,77,23,78,76,0,1,1,0,2.119501902761855,443.0384916276609,0.9965071003206596,157124.04523646543,1.1927526073701602,28.709234876270823,0.37284720618533534,0.08687395986659621,0.9485058984294399,68
190,0.0,77,23,77,77,0,0,0,0,2.153919999999997,445.1924116276609,0.9965224331566045,157055.68687562892,1.1922706894597277,28.62885603946477,0.3718033251878542,0.0880503031254169,0.9468948168359734,72
191,0.0,77,23,77,77,0,0,0,0,2.1579839999999972,447.3503956276609,0.9965376319673062,156986.5606164619,1.1918277198524339,28.548274902885904,0.37075681692059614,0.0892513079835476,0.945224558608951,72
192,0.0,77,23,77,77,0,0,0,0,2.153919999999997,449.50431562766084,0.9965526985024018,156919.51678263146,1.1913321551061764,28.467896066079856,0.369712935923115,0.09047221245627368,0.9435006645788507,72
193,0.0,77,23,77,77,0,0,0,0,2.153919999999997,451.6582356276608,0.9965676344812064,156853.1124015694,1.1908741713531392,28.387517229273804,0.36866905492563384,0.09171408669316235,0.9417198773130754,72
194,0.0,77,23,77,77,0,0,0,0,2.153919999999997,453.8121556276608,0.9965824415933666,156787.33836820818,1.1903653201331557,28.307138392467746,0.3676251739281525,0.09297609042359965,0.939881885086726,72
195,0.0,77,23,77,77,0,0,0,0,2.1539199999999967,455.96607562766076,0.996597121499498,156722.18574952453,1.1898062591783773,28.226759555661697,0.3665812929306714,0.09425741511532439,0.9379863930523722,72
196,0.0,77,23,77,77,0,0,0,0,2.1539199999999967,458.1199956276607,0.9966116758318058,156657.64578049502,1.1892848403697944,28.14638071885564,0.3655374119331902,0.09555728354896081,0.936033123742659,72
197,0.0,77,23,77,77,0,0,0,0,2.1539199999999967,460.2739156276607,0.9966261061946903,156593.70986016508,1.1888005811425713,28.066001882049587,0.36449353093570885,0.09687494926738864,0.9340218175676727,72
198,0.0,76,24,77,68,0,2,7,0,1.839342526402351,462.11325815406303,0.9961447375667787,156559.02254135293,1.1878833605372638,28.000512735533924,0.36842779915176227,0.08881233309708111,0.9450824118733385,72
199,0.0,76,24,76,76,0,0,0,0,2.174239999999997,464.28749815406303,0.9961608073273734,156480.62954280135,1.1876208956300716,27.92176232216538,0.3673916095021761,0.08974759083901639,0.9436862120630811,81
200,0.0,76,24,76,76,0,0,0,0,2.1783039999999967,466.465802154063,0.9961767436779726,156401.60471164464,1.1873996114162226,27.842916569217714,0.3663541653844436,0.09069743513936673,0.9422497617615668,81
201,0.0,75,25,76,73,0,2,1,0,2.105600393946879,468.57140254800987,0.996029371770465,156321.9599012874,1.1869648775331114,27.767240997221972,0.37022987996295964,0.08174318632527436,0.9535175630249804,81
202,0.0,75,25,75,75,0,0,0,0,2.153919999999997,470.72532254800984,0.9960455037919826,156243.98450010887,1.1865208322367404,27.68988620819578,0.3691984827759438,0.08270979535725834,0.9522110703464614,82
203,0.0,75,25,75,75,0,0,0,0,2.1539199999999976,472.8792425480098,0.9960615052603183,156166.71944001107,1.1859494186592758,27.612531419169596,0.36816708558892797,0.08369199227881004,0.9508643765940465,82
204,0.0,75,25,75,75,0,0,0,0,2.1579839999999972,475.0372265480098,0.9960773777538957,156088.81968854752,1.1853383430025453,27.534836155654226,0.36713114874205643,0.0847053683874769,0.9494576972992376,82
205,0.0,75,25,75,75,0,0,0,0,2.153919999999997,477.1911465480098,0.9960931228257961,156012.95317097811,1.184762106661767,27.45748136662804,0.3660997515550406,0.08571707988491241,0.9480294066055781,82
206,0.0,75,25,75,75,0,0,0,0,2.153919999999997,479.34506654800975,0.9961087420042644,155937.76846040296,1.1842242047487257,27.380126577601853,0.3650683543680247,0.08674280212479048,0.9465599747184069,82
207,0.0,75,25,75,75,0,0,0,0,2.153919999999997,481.4989865480097,0.9961242367932042,155863.2564069105,1.183724177544508,27.30277178857567,0.36403695718100887,0.08778204396714895,0.9450491012267681,82
208,0.0,75,25,75,75,0,0,0,0,2.1539199999999967,483.6529065480097,0.9961396086726599,155789.40802358353,1.1831806680490873,27.22541699954948,0.3630055599939931,0.08883433092991808,0.9434964925411373,82
209,0.0,75,25,75,75,0,0,0,0,2.1539199999999967,485.80682654800967,0.9961548590992889,155716.21448288584,1.182674777336678,27.148062210523292,0.36197416280697725,0.08989920492756177,0.9419018621727328,82
210,0.0,75,25,75,75,0,0,0,0,2.1539199999999967,487.96074654800964,0.9961699895068206,155643.66711314474,1.1822060596166777,27.07070742149711,0.3609427656199614,0.09097622396854638,0.9402649310146151,82
211,0.0,75,25,75,75,0,0,0,0,2.1539199999999967,490.1146665480096,0.9961850013065064,155571.75739512595,1.1817740761143884,26.99335263247092,0.3599113684329456,0.09206496181864351,0.9385854276243344,82
212,0.0,75,25,75,75,0,0,0,0,2.1539199999999967,492.2685865480096,0.9961998958875585,155500.47695869883,1.1813783949335366,26.915997843444735,0.3588799712459298,0.09316500763638291,0.9368630885078926,82
213,0.0,75,25,75,75,0,0,0,0,2.157983999999997,494.4265705480096,0.9962146746175784,155428.54000508846,1.181025994628031,26.83854771483943,0.35784730286452576,0.09427543786225233,0.9350979066674014,82
214,0.0,75,25,75,75,0,0,0,0,2.1539199999999967,496.58049054800955,0.9962293388429752,155358.49971645494,1.1807016204564917,26.761192925813244,0.3568159056775099,0.09539692552346105,0.9332891373389354,82
215,0.0,75,25,75,75,0,0,0,0,2.1539199999999967,498.7344105480095,0.9962438898893748,155289.06440383793,1.180412293084133,26.68383813678706,0.35578450849049414,0.09652857711923431,0.9314367920329284,82
216,0.0,75,25,75,75,0,0,0,0,2.1539199999999967,500.8883305480095,0.9962583290620195,155220.22626268383,1.1801576068140969,26.60648334776087,0.3547531113034783,0.09767003935765038,0.9295406419022015,82
217,0.0,75,25,75,75,0,0,0,0,2.1539199999999967,503.04225054800946,0.9962726576461578,155151.97762210877,1.1799371621871777,26.529128558734687,0.35372171411646247,0.0988209722766974,0.9276004674785235,82
218,0.0,75,25,75,75,0,0,0,0,2.1539199999999967,505.19617054800943,0.9962868769074262,155084.31094204917,1.1797505658623992,26.4517737697085,0.35269031692944663,0.09998104881138443,0.9256160589588548,82
219,0.0,74,26,75,70,0,2,3,0,1.9983556731649903,507.19452622117444,0.9960476311122372,155025.33236273998,1.1793397875898044,26.382087687283516,0.3565146984768043,0.0927962067734743,0.9365493281468544,82
220,0.0,74,26,74,74,0,0,0,0,2.194559999999996,509.38908622117447,0.9960623958806603,154938.53742624464,1.1794185469177765,26.30638597784504,0.35549170240331135,0.09370531955893946,0.9350324850399429,88
221,0.0,74,26,74,74,0,0,0,0,2.194559999999996,511.5836462211745,0.9960770507468691,154852.48714488925,1.1795316018084583,26.230684268406556,0.35446870632981836,0.09462463165106234,0.9334792307237206,88
222,0.0,74,26,74,74,0,0,0,0,2.194559999999996,513.7782062211745,0.9960915969334069,154767.17197648014,1.1796785692639662,26.15498255896808,0.3534457102563254,0.09555384867138637,0.9318893117675254,88
223,0.0,73,27,74,72,0,2,0,0,2.1457919999999957,515.9239982211745,0.9960061904048725,154681.6978375725,1.1797569985502776,26.08292278065902,0.3573003120638222,0.08762960438451942,0.9432628346455135,88
224,0.0,73,27,73,73,0,0,0,0,2.1945599999999965,518.1185582211746,0.9960206923995225,154590.1005263907,1.179548984331503,26.009229927663842,0.356290820926902,0.08857659342638884,0.941791873846464,89
225,0.0,73,27,73,73,0,0,0,0,2.1945599999999965,520.3131182211746,0.9960350894582941,154499.2758876179,1.1792302496109597,25.935537074668662,0.3552813297899817,0.08953322283830809,0.9402850342255112,89
226,0.0,73,27,73,73,0,0,0,0,2.1945599999999965,522.5076782211746,0.9960493827160494,154409.21418545855,1.1789490823306341,25.86184422167349,0.35427183865306144,0.09049918690771984,0.9387420625726733,89
227,0.0,73,27,73,73,0,0,0,0,2.1945599999999965,524.7022382211746,0.9960635732913448,154319.9058469965,1.1787050760651254,25.788151368678314,0.3532623475161412,0.09147418991418632,0.9371627105798748,89
228,0.0,73,27,73,73,0,0,0,0,2.198623999999996,526.9008622211746,0.9960776622867229,154230.15186847086,1.1785086323569491,25.714363176104023,0.35225155035758926,0.09245741771310922,0.935546976859052,89
229,0.0,73,27,73,73,0,0,0,0,2.1945599999999965,529.0954222211747,0.996091650788998,154142.32778205295,1.1783377134308313,25.64067032310884,0.35124205922066903,0.09344964841401734,0.933894139279091,89
230,0.0,73,27,73,73,0,0,0,0,2.1945599999999965,531.2899822211747,0.9961055398695355,154055.22923247382,1.17813027774991,25.566977470113663,0.3502325680837488,0.09445008860548773,0.9322042076280048,89
231,0.0,73,27,73,73,0,0,0,0,2.194559999999996,533.4845422211747,0.9961193305845258,153968.84726595506,1.1778867147551058,25.493284617118483,0.3492230769468285,0.09545848017237363,0.9304769552615536,89
232,0.0,73,27,73,73,0,0,0,0,2.194559999999996,535.6791022211747,0.9961330239752514,153883.17307544497,1.1776793881829162,25.419591764123307,0.3482135858099083,0.0964745737819471,0.9287121614753797,89
233,0.0,73,27,73,73,0,0,0,0,2.198623999999996,537.8777262211747,0.9961466210683493,153797.0359568003,1.1775136130675972,25.345703199042653,0.34720141368551577,0.09750019933770457,0.9269056876603671,89
234,0.0,73,27,73,73,0,0,0,0,2.194559999999996,540.0722862211747,0.9961601228760679,153712.7568253014,1.1773775935255089,25.272010346047473,0.34619192254859554,0.09853096038981458,0.9250651422639806,89
235,0.0,73,27,73,73,0,0,0,0,2.1945599999999965,542.2668462211748,0.9961735303965179,153629.15985098065,1.1771342296156841,25.1983174930523,0.3451824314116753,0.09956872596423152,0.9231864307479623,89
236,0.0,73,27,73,73,0,0,0,0,2.194559999999996,544.4614062211748,0.996186844613918,153546.23678512752,1.1769265944681,25.12462464005712,0.3441729402747551,0.10061327931886123,0.9212693582981544,89
237,0.0,72,28,73,72,0,1,0,0,2.18046243872631,546.6418686599011,0.9961525673300717,153460.61984906573,1.1767130763560718,25.051590567295214,0.3479387578791002,0.09388579428853538,0.9321310504645373,89
238,0.0,72,28,72,72,0,0,0,0,2.1742399999999966,548.816108659901,0.9961656804733727,153377.42218525786,1.176432871180475,24.97878101924447,0.34692751415617323,0.0948120208553103,0.9305028454092519,90
239,0.0,72,28,72,72,0,0,0,0,2.1742399999999966,550.990348659901,0.9961787045336604,153294.88112710198,1.1761189716283524,24.905971471193727,0.3459162704332462,0.09574813420937334,0.9288364035538242,90
240,0.0,72,28,72,72,0,0,0,0,2.174239999999996,553.1645886599009,0.9961916404156284,153212.98893213787,1.1758407716012198,24.833161923142985,0.34490502671031925,0.09669384720298549,0.9271314783058207,90
241,0.0,71,29,72,69,0,2,1,0,2.109457847586374,555.2740465074872,0.9960639145307155,153127.9924476958,1.175442671276681,24.762028446595195,0.3487609640365521,0.08925994513773912,0.938524362257433,90
242,0.0,71,29,71,71,0,0,0,0,2.153919999999997,557.4279665074872,0.9960769661871848,153045.78371715784,1.175056917055568,24.689551865344885,0.3477401671175335,0.09026889811710033,0.9368686233579453,92
243,0.0,71,29,71,71,0,0,0,0,2.153919999999997,559.5818865074872,0.9960899315738025,152964.2078556714,1.1747069578295204,24.61707528409457,0.3467193701985151,0.09128681567450316,0.9351735665885078,92
244,0.0,71,29,71,71,0,0,0,0,2.153919999999997,561.7358065074872,0.9961028115431011,152883.25758321647,1.1743924384828437,24.54459870284426,0.34569857327949655,0.09231340125971972,0.93343893774776,92
245,0.0,70,30,71,68,0,1,2,0,2.0360639999999974,563.7718705074872,0.9959768786127168,152813.58383923816,1.1738912970780804,24.47709027400957,0.3496727182001367,0.08412031967778003,0.9452927771004008,92
246,0.0,70,30,70,70,0,0,0,0,2.1579839999999977,565.9298545074871,0.9959898594146117,152725.6413698467,1.1735831312363316,24.40548181854263,0.34864974026489465,0.08513922122865558,0.9437237024066406,94
247,0.0,70,30,70,70,0,0,0,0,2.1539199999999976,568.0837745074871,0.9960027567195038,152639.4589867963,1.1733069509660303,24.334113166142615,0.34763018808775153,0.08616087859305988,0.94212464906444,94
248,0.0,70,30,70,70,0,0,0,0,2.1539199999999976,570.237694507487,0.9960155713304328,152553.9276654357,1.1730007810524452,24.2627445137426,0.3466106359106086,0.08719094825285612,0.9404870019110378,94
249,0.0,70,30,70,70,0,0,0,0,2.1539199999999976,572.391614507487,0.9960283040401735,152469.0400558942,1.172599716271682,24.19137586134259,0.34559108373346553,0.08822913556946282,0.9388104968266102,94
250,0.0,70,30,70,70,0,0,0,0,2.153919999999997,574.545534507487,0.9960409556313993,152384.78891851712,1.1722346378336312,24.12000720894257,0.3445715315563224,0.08927515734085965,0.9370948756680908,94
251,0.0,70,30,70,70,0,0,0,0,2.153919999999997,576.699454507487,0.9960535268768428,152301.16712180752,1.1719052015752565,24.048638556542556,0.3435519793791794,0.09032874139460832,0.9353398865084188,94
252,0.0,70,30,70,70,0,0,0,0,2.153919999999997,578.8533745074869,0.9960660185394529,152218.167640414,1.1716110677082094,23.977269904142545,0.34253242720203636,0.09138962618607757,0.9335452838775488,94
253,0.0,70,30,70,70,0,0,0,0,2.153919999999997,581.0072945074869,0.996078431372549,152135.78355316326,1.1713519007495425,23.905901251742527,0.34151287502489325,0.09245756040327986,0.9317108290050676,94
254,0.0,69,31,70,68,0,1,1,0,2.088895999999997,583.0961905074869,0.9960008986744552,152057.2444879685,1.1710395682183057,23.836945629307987,0.34546298013489835,0.08456045277865275,0.9434723727101171,94
255,0.0,69,31,69,69,0,0,0,0,2.137663999999998,585.2338545074869,0.9960132592725318,151973.43645618198,1.170681060137376,23.76576521509988,0.34443137992898376,0.08567017314082696,0.9417381804001773,97
256,0.0,69,31,69,69,0,0,0,0,2.1335999999999973,587.3674545074869,0.9960255436966909,151891.2893715033,1.1703530126964738,23.694780512977246,0.3434026161301051,0.0867854876993476,0.9399657554848115,97
257,0.0,69,31,69,69,0,0,0,0,2.1335999999999973,589.5010545074869,0.9960377526489181,151809.73692196072,1.1700596852549834,23.623795810854613,0.3423738523312263,0.08790922648943741,0.9381499575859126,97
258,0.0,69,31,69,69,0,0,0,0,2.1335999999999973,591.6346545074869,0.9960498868226,151728.7726742924,1.169675806133026,23.55281110873198,0.3413450885323476,0.08904107055877104,0.936290520685407,97
259,0.0,69,31,69,69,0,0,0,0,2.1335999999999973,593.7682545074869,0.9960619469026548,151648.39028770378,1.1692644922155828,23.48182640660935,0.3403163247334688,0.09018071472358227,0.9343871872756282,97
260,0.0,68,32,69,67,0,1,1,0,2.073778193111158,595.842032700598,0.9959857073536548,151570.3744340918,1.168807119197098,23.413382837646715,0.3443144534948046,0.08199388765072722,0.9463342728201068,97
261,0.0,68,32,68,68,0,0,0,0,2.113279999999997,597.955312700598,0.9959977129788451,151489.5813717041,1.1684363207594033,23.343370388962708,0.3432848586612162,0.08314184589929251,0.9445917810235516,98
262,0.0,68,32,68,68,0,0,0,0,2.117343999999997,600.072656700598,0.9960096470072353,151408.3319502624,1.168105494699428,23.273262600699585,0.34225386177499384,0.08430695031289742,0.9427933451477715,98
263,0.0,68,32,68,68,0,0,0,0,2.113279999999997,602.1859367005981,0.9960215100773838,151328.67515853015,1.1678032231273887,23.203250152015578,0.3412242669414055,0.08548951045369663,0.9409381663357717,98
264,0.0,68,32,68,68,0,0,0,0,2.113279999999997,604.2992167005981,0.9960333028202781,151249.57549843128,1.1675347646377905,23.133237703331563,0.3401946721078171,0.08668831812245249,0.9390261226561063,98
265,0.0,68,32,68,68,0,0,0,0,2.113279999999997,606.4124967005981,0.9960450258594463,151171.02714534078,1.1672998182502334,23.063225254647552,0.33916507727422873,0.08790270857557134,0.9370568873485784,98
266,0.0,67,33,68,67,0,1,0,0,2.109187779474257,608.5216844800724,0.9960133466221779,151087.4671270828,1.16707710565661,22.993336273913243,0.34318412349124244,0.07955240354200294,0.9490057644791624,98
267,0.0,67,33,67,67,0,0,0,0,2.0929599999999966,610.6146444800723,0.9960248876598686,151008.49747636417,1.1669941860104847,22.92408355995442,0.34215050089484206,0.08075881968399436,0.9472283983346925,99
268,0.0,67,33,67,67,0,0,0,0,2.0929599999999966,612.7076044800723,0.9960363620697084,150930.06733362275,1.1669433884817766,22.854830845995593,0.3411168782984417,0.08198249057002875,0.9453930163277414,99
269,0.0,67,33,67,67,0,0,0,0,2.0929599999999966,614.8005644800722,0.9960477704270126,150852.1711889322,1.166924434603066,22.78557813203677,0.34008325570204134,0.08322265508410857,0.9434992522553379,99
270,0.0,67,33,67,67,0,0,0,0,2.0929599999999966,616.8935244800722,0.9960591133004926,150774.80360714113,1.1668199511075208,22.71632541807794,0.3390496331056409,0.08447858683893132,0.9415467564762574,99
271,0.0,67,33,67,67,0,0,0,0,2.092959999999997,618.9864844800721,0.9960703912523492,150697.95922660906,1.1666306751929534,22.64707270411912,0.33801601050924057,0.08574959303243325,0.9395351964774313,99
272,0.0,67,33,67,67,0,0,0,0,2.0929599999999966,621.0794444800721,0.9960816048383662,150621.6327579677,1.166415549146799,22.577819990160297,0.33698238791284024,0.08703501325342405,0.9374642574375388,99
273,0.0,67,33,67,67,0,0,0,0,2.0929599999999966,623.172404480072,0.9960927546080014,150545.81898290728,1.166116747262415,22.50856727620147,0.33594876531643986,0.08833421825482007,0.9353336427869425,99
274,0.0,67,33,67,67,0,0,0,0,2.092959999999997,625.265364480072,0.9961038411044764,150470.51275298742,1.165734984596283,22.439314562242643,0.3349151427200395,0.08964660871013126,0.9331430747630844,99
275,0.0,67,33,67,67,0,0,0,0,2.092959999999997,627.3583244800719,0.9961148648648649,150395.70898847154,1.1653864030475527,22.370061848283825,0.3338815201236392,0.09097161396630978,0.9308922949604505,99
276,0.0,65,35,67,56,0,3,8,0,1.7122011927772245,629.0705256728492,0.9956626100138964,150342.44355804496,1.1647219885667988,22.31552908786638,0.34331583212102124,0.07165822448746248,0.9582530608793309,99
277,0.0,65,35,65,65,0,0,0,0,2.0523199999999973,631.1228456728492,0.9956744498572149,150265.51589792946,1.1644187928429635,22.247145702431972,0.342263780037415,0.07278497321276786,0.9567334252472187,102
278,0.0,65,35,65,65,0,0,0,0,2.052319999999997,633.1751656728492,0.9956862252376765,150189.08693133187,1.1640924682995821,22.178762316997574,0.34121172795380883,0.0739398496394794,0.9551481890869441,102
279,0.0,65,35,65,65,0,0,0,0,2.0523199999999973,635.2274856728492,0.9956979366803107,150113.15182465143,1.163687799118868,22.11037893156317,0.34015967587020257,0.07512155652056225,0.9534968103193368,102
280,0.0,65,35,65,65,0,0,0,0,2.0523199999999973,637.2798056728492,0.9957095847044612,150037.70580655267,1.1633159331088994,22.04199554612877,0.3391076237865964,0.07632884771613518,0.9517787663530382,102
281,0.0,65,35,65,65,0,0,0,0,2.052319999999997,639.3321256728492,0.9957211698238617,149962.74416696595,1.1629214988892134,21.973612160694366,0.3380555717029902,0.07756052851490639,0.9499935549095817,102
282,0.0,65,35,65,65,0,0,0,0,2.052319999999997,641.3844456728492,0.9957326925467125,149888.26225610726,1.1625596350468503,21.905228775259964,0.3370035196193841,0.07881545548677606,0.9481406948479678,102
283,0.0,65,35,65,65,0,0,0,0,2.0523199999999973,643.4367656728492,0.9957441533757541,149814.25548351684,1.162175270781213,21.83684538982556,0.33595146753577787,0.08009253594375741,0.9462197269874263,102
284,0.0,65,35,65,65,0,0,0,0,2.0523199999999973,645.4890856728492,0.9957555528083405,149740.71931711608,1.1618232474920087,21.768462004391154,0.3348994154521716,0.08139072707903455,0.9442302149270055,102
285,0.0,65,35,65,65,0,0,0,0,2.0523199999999973,647.5414056728492,0.9957668913365116,149667.64928228216,1.1615033048923742,21.700078618956756,0.3338473633685654,0.0827090348465234,0.9421717458606071,102
286,0.0,65,35,65,65,0,0,0,0,2.0523199999999973,649.5937256728492,0.9957781694470632,149595.04096094077,1.1611608181475985,21.63169523352235,0.33279531128495926,0.08404651263598434,0.9400439313860215,102
287,0.0,65,35,65,65,0,0,0,0,2.0523199999999973,651.6460456728493,0.9957893876216172,149522.8899906753,1.1608501899880204,21.56331184808795,0.33174325920135306,0.08540225979173882,0.9378464083065077,102
288,0.0,65,35,65,65,0,0,0,0,2.0523199999999977,653.6983656728493,0.9958005463366901,149451.1920638533,1.1604630101440645,21.494928462653547,0.33069120711774685,0.08677542001649052,0.9355788394234125,102
289,0.0,65,35,65,65,0,0,0,0,2.0563839999999978,655.7547496728492,0.9958116460637606,149379.01715369878,1.160108254873579,21.42644973764003,0.329637688271385,0.088164668341095,0.9332410825800703,102
290,0.0,65,35,65,65,0,0,0,0,2.0523199999999977,657.8070696728493,0.9958226872693353,149308.21593152883,1.159784673594507,21.358066352205626,0.32858563618777886,0.08957025342074919,0.9308325124598733,102
291,0.0,64,36,65,63,0,1,1,0,2.009171972575517,659.8162416454247,0.995752770811423,149235.4898000756,1.1593785366224187,21.291490988721954,0.33267954669878047,0.08178698446786363,0.9430058134470058,102
292,0.0,64,36,64,64,0,0,0,0,2.031999999999998,661.8482416454248,0.995763737593803,149164.10407703387,1.1590667808217294,21.225332589278324,0.3316458217074738,0.08293412281696734,0.9411461955634283,106
293,0.0,64,36,64,64,0,0,0,0,2.0319999999999974,663.8802416454248,0.995774647887324,149093.15534783565,1.1587336447317886,21.159174189834694,0.33061209671616715,0.08409495273944637,0.9392319579936849,106
294,0.0,64,36,64,64,0,0,0,0,2.031999999999998,665.9122416454248,0.995785502127318,149022.63961208228,1.158326874130965,21.093015790391068,0.3295783717248605,0.08526891505605226,0.9372627573566119,106
295,0.0,64,36,64,64,0,0,0,0,2.036063999999998,667.9483056454249,0.9957963007446553,148951.64664556325,1.1579553650039043,21.026617587880516,0.328540899810633,0.08646353420968395,0.9352255902693715,106
296,0.0,64,36,64,64,0,0,0,0,2.044191999999998,669.9924976454248,0.9958070441658015,148879.2790225972,1.1576216163599917,20.95977728253022,0.32749652003953467,0.08768400821891605,0.9331101355476518,106
297,0.0,64,36,64,64,0,0,0,0,2.031999999999998,672.0244976454248,0.9958177328128734,148810.05134542633,1.1573085952000368,20.893618883086592,0.32646279504822795,0.08889413379161577,0.9309734583095152,106
298,0.0,64,36,64,64,0,0,0,0,2.031999999999998,674.0564976454249,0.9958283671036948,148741.24105356514,1.1570263574714998,20.827460483642962,0.3254290700569213,0.09011538823944039,0.9287805922709206,106
299,0.0,64,36,64,64,0,0,0,0,2.0401279999999975,676.0966256454249,0.9958389474518506,148671.05704609014,1.1567840480500677,20.76089748465371,0.3243890231977142,0.09136041771275709,0.9265091036884708,106
300,0.0,64,36,64,64,0,0,0,0,2.0319999999999974,678.1286256454249,0.9958494742667404,148603.07645041216,1.1564594087594633,20.69473908521008,0.3233552982064075,0.09260295201517393,0.9242021842475152,106
301,0.0,64,36,64,64,0,0,0,0,2.036063999999998,680.1646896454249,0.9958599479536314,148534.61453970312,1.1560717305421928,20.628384973680973,0.3223185152137652,0.09386183882504053,0.9218269578435782,106
302,0.0,64,36,64,64,0,0,0,0,2.031999999999998,682.196689645425,0.9958703689137104,148467.4457342249,1.1557055929754416,20.562226574237343,0.3212847902224586,0.09512369190716,0.9194057124716614,106
303,0.0,64,36,64,64,0,0,0,0,2.0319999999999974,684.228689645425,0.995880737544135,148400.67588019316,1.155370118619585,20.496068174793717,0.3202510652311518,0.09639462218524095,0.9169271206932668,106
304,0.0,64,36,64,64,0,0,0,0,2.036063999999998,686.264753645425,0.9958910542380841,148333.42301096133,1.1549663865214812,20.42981443577097,0.3192158505589215,0.0976737581017916,0.9143911047647116,106
305,0.0,64,36,64,64,0,0,0,0,2.0319999999999974,688.296753645425,0.9959013193848075,148267.44345299053,1.1545388747702028,20.363656036327345,0.3181821255676148,0.0989617940714615,0.9117973028412519,106
306,0.0,63,37,64,59,0,2,3,0,1.8821975413105407,690.1789511867356,0.995716844482517,148205.0413506813,1.153995710460225,20.303584958329356,0.3222791263226882,0.09236750551729915,0.9240917194895102,106
307,0.0,63,37,63,63,0,0,0,0,2.0116799999999975,692.1906311867356,0.9957273256943096,148138.3817983767,1.153640621368301,20.238617285024283,0.32124789341308385,0.09372021403700831,0.9215646607825034,107
308,0.0,63,37,63,63,0,0,0,0,2.0116799999999975,694.2023111867355,0.995737755734656,148072.1085821186,1.1533157393440703,20.173649611719213,0.3202166605034796,0.09509586870666924,0.9189544048192871,107
309,0.0,63,37,63,63,0,0,0,0,2.011679999999997,696.2139911867355,0.9957481349773878,148006.21835300347,1.1530208427681934,20.108681938414147,0.31918542759387536,0.09649348813929651,0.9162607646158482,107
310,0.0,63,37,63,63,0,0,0,0,2.011679999999997,698.2256711867354,0.9957584637927046,147940.70780072224,1.1527557121839742,20.043714265109077,0.3181541946842711,0.09791213174974842,0.9134835963389801,107
311,0.0,62,38,63,58,0,2,3,0,1.8603193656436021,700.085990552379,0.9955764126629996,147878.97686442026,1.1523946811066617,19.984564801500543,0.32233169034678294,0.09125674177853847,0.9257941192951167,107
312,0.0,61,39,62,50,0,2,10,0,1.540255999999998,701.626246552379,0.9951264438389807,147839.3952758954,1.1517780610591435,19.93788004205499,0.32685049249270476,0.08274866375891851,0.9397657764133557,108
313,0.0,61,39,61,61,0,0,0,0,2.2148799999999973,703.841126552379,0.9951378254211333,147720.8365320814,1.1517083006979536,19.87107165218042,0.32575527298656426,0.08377867942756408,0.9379604500652352,114
314,0.0,61,39,61,61,0,0,0,0,2.214879999999997,706.056006552379,0.995149153966617,147603.02161988436,1.1516763030896642,19.804263262305852,0.3246600534804238,0.0848304029999197,0.9360908076522662,114
315,0.0,61,39,61,61,0,0,0,0,2.214879999999997,708.270886552379,0.9951604298452862,147485.9435610514,1.151681803613031,19.737454872431286,0.3235648339742834,0.08590303716047104,0.9341563386306154,114
316,0.0,61,39,61,61,0,0,0,0,2.2189439999999974,710.489830552379,0.9951716534235638,147368.75251063987,1.1515908640743615,19.670450770471234,0.322466406073299,0.0870061447229824,0.9321402642935279,114
317,0.0,61,39,61,61,0,0,0,0,2.2148799999999973,712.704710552379,0.9951828250644819,147253.13084946564,1.1514819148022508,19.60364238059667,0.3213711865671586,0.08811839356328487,0.9300742863459858,114
318,0.0,61,39,61,61,0,0,0,0,2.2148799999999973,714.919590552379,0.99519394512772,147138.2255992229,1.1514105597126334,19.5368339907221,0.32027596706101813,0.08924930096394937,0.9279420658817333,114
319,0.0,61,39,61,61,0,0,0,0,2.2148799999999973,717.134470552379,0.9952050139696443,147024.0301219756,1.1513765378041287,19.470025600847535,0.3191807475548776,0.09039816665561042,0.9257431729221915,114
320,0.0,61,39,61,61,0,0,0,0,2.2148799999999973,719.349350552379,0.9952160319433457,146910.53786154074,1.1512388425675713,19.40321721097297,0.31808552804873713,0.0915643146678861,0.9234771996225287,114
321,0.0,61,39,61,61,0,0,0,0,2.2148799999999973,721.564230552379,0.9952269993986771,146797.74234223337,1.151138614149444,19.3364088210984,0.3169903085425967,0.09274709310952045,0.9211437610794885,114
322,0.0,60,40,61,60,0,1,0,0,2.1990284701099037,723.7632590224888,0.9952004199632533,146683.32313992368,1.1510553328924849,19.270363801295883,0.321172730021598,0.08528693438899053,0.9341289603333067,114
323,0.0,60,40,60,60,0,0,0,0,2.2961599999999973,726.0594190224888,0.995211193834412,146549.98917754454,1.1510291902763543,19.203929069961323,0.3200654844993554,0.08644292158614285,0.9320163148548981,117
324,0.0,60,40,60,60,0,0,0,0,2.2961599999999973,728.3555790224888,0.9952219194445482,146417.49589276811,1.151043559910849,19.137494338626766,0.3189582389771127,0.08761816249365145,0.9298340998054808,117
325,0.0,60,40,60,60,0,0,0,0,2.2961599999999978,730.6517390224888,0.995232597117211,146285.83535980637,1.150961287789567,19.071059607292202,0.31785099345487,0.0888118927662258,0.927581862138731,117
326,0.0,60,40,60,60,0,0,0,0,2.2961599999999978,732.9478990224887,0.9952432271730648,146154.99975218996,1.1509195978965268,19.004624875957642,0.31674374793262744,0.09002337688742337,0.9252591734007086,117
327,0.0,60,40,60,60,0,0,0,0,2.296159999999998,735.2440590224887,0.9952538099299195,146024.9813412176,1.1508273719872113,18.938190144623086,0.31563650241038477,0.09125190774581297,0.922865630630382,117
328,0.0,60,40,60,60,0,0,0,0,2.296159999999998,737.5402190224887,0.9952643457027637,145895.77249443394,1.1507755916787703,18.871755413288522,0.31452925688814215,0.09249680610607836,0.9204008572545669,117
329,0.0,60,40,60,60,0,0,0,0,2.296159999999998,739.8363790224887,0.9952748348037949,145767.3656741363,1.150718766069228,18.805320681953965,0.3134220113658995,0.09375741999404825,0.917864503975601,117
330,0.0,60,40,60,60,0,0,0,0,2.296159999999998,742.1325390224887,0.9952852775424509,145639.7534359085,1.1507020492296482,18.7388859506194,0.31231476584365675,0.09503312401260451,0.9152562496500495,117
331,0.0,60,40,60,60,0,0,0,0,2.296159999999998,744.4286990224887,0.9952956742254401,145512.92842718252,1.1507251745680065,18.672451219284845,0.3112075203214141,0.09632331860349073,0.9125758021566778,117
332,0.0,59,41,60,53,0,2,5,0,2.044191999999998,746.4728910224886,0.9950493234075324,145398.44822942163,1.1505244595434083,18.615895705272038,0.31552365602155996,0.08909236093014833,0.9261582021911038,117
333,0.0,59,41,59,59,0,0,0,0,2.2799039999999975,748.7527950224886,0.9950600117096019,145270.91013627945,1.1505230511206603,18.54887297836358,0.31438767759938263,0.09046172331057971,0.9235367319330883,118
334,0.0,59,41,59,59,0,0,0,0,2.2758399999999974,751.0286350224886,0.995070653959908,145144.931786437,1.1505528162702696,18.482090054522047,0.3132557636359669,0.09184016464042363,0.9208491374303356,118
335,0.0,58,42,59,55,0,2,2,0,2.154629150181229,753.1832641726699,0.9949355097281936,145021.8096919359,1.1504749435904895,18.418670218097525,0.3175632796223711,0.08428970193791646,0.9341854978595557,118
336,0.0,58,42,58,58,0,0,0,0,2.255519999999998,755.4387841726699,0.9949461896451425,144895.92312880355,1.150400411629063,18.352647131545375,0.31642495054388564,0.08563971358301971,0.9317491629916652,120
337,0.0,58,42,58,58,0,0,0,0,2.255519999999998,757.69430417267,0.9949568246135985,144770.78604909565,1.150236535894436,18.28662404499322,0.3152866214654004,0.08701037202304022,0.9292292440345579,120
338,0.0,58,42,58,58,0,0,0,0,2.255519999999998,759.94982417267,0.994967414916727,144646.39177944453,1.1501125411534125,18.220600958441068,0.31414829238691494,0.08840071687379818,0.9266253027931346,120
339,0.0,58,42,58,58,0,0,0,0,2.2555199999999975,762.20534417267,0.9949779608353204,144522.73372547393,1.1500281754254238,18.154577871888918,0.3130099633084296,0.08980983384475415,0.9239369399083055,120
340,0.0,57,43,58,54,0,1,3,0,2.119340724176234,764.3246848968463,0.9948442457456014,144404.59948627182,1.1498487097842385,18.092069408211998,0.31740472645985973,0.08187300535685872,0.9376151275138848,120
341,0.0,56,44,57,53,0,1,3,0,2.0949598037203323,766.4196447005667,0.9947108984276617,144286.48947692904,1.1498849229973331,18.032444362214818,0.3220079350395503,0.07163033939430195,0.9528496160713474,123
342,0.0,56,44,56,56,0,0,0,0,2.4790399999999977,768.8986847005667,0.9947215339868577,144112.61484099444,1.1500873973294385,17.964915551465573,0.32080206341902817,0.07233208649681423,0.951621550176827,130
343,0.0,56,44,56,56,0,0,0,0,2.4790399999999977,771.3777247005667,0.9947321268589858,143939.85779547936,1.150337369423444,17.897386740716335,0.319596191798506,0.07308958743518014,0.9502986764951528,130
344,0.0,56,44,56,56,0,0,0,0,2.4790399999999977,773.8567647005666,0.9947426773005257,143768.20759982502,1.1506345523869925,17.829857929967094,0.31839032017798374,0.07390112776629025,0.9488796796300276,130
345,0.0,56,44,56,56,0,0,0,0,2.4790399999999972,776.3358047005665,0.9947531855659064,143597.65365066208,1.1509786616335724,17.762329119217853,0.3171844485574617,0.07476494778996887,0.9473632770684882,130
346,0.0,56,44,56,56,0,0,0,0,2.4790399999999972,778.8148447005665,0.9947636519075268,143428.1854796273,1.1513694148593974,17.69480030846862,0.31597857693693954,0.07567925733096538,0.9457482216559809,130
347,0.0,56,44,56,56,0,0,0,0,2.4790399999999977,781.2938847005664,0.9947740765757759,143259.79275122163,1.1516845335930026,17.627271497719377,0.31477270531641743,0.07664224945497541,0.9440333041017206,130
348,0.0,56,44,56,56,0,0,0,0,2.4790399999999972,783.7729247005664,0.9947844598190527,143092.46526070888,1.1520056408672243,17.559742686970132,0.3135668336958952,0.07765211299181356,0.9422173555095532,130
349,0.0,56,44,56,56,0,0,0,0,2.479039999999997,786.2519647005663,0.994794801883786,142926.19293205443,1.1523732048932545,17.492213876220898,0.31236096207537317,0.07870704378828222,0.9402992499292424,130
350,0.0,56,44,56,56,0,0,0,0,2.479039999999997,788.7310047005662,0.9948051030144538,142760.96581590254,1.1527869484158773,17.424685065471657,0.31115509045485107,0.07980525465726089,0.9382779069227618,130
351,0.0,56,44,56,56,0,0,0,0,2.479039999999997,791.2100447005662,0.9948153634536028,142596.77408759174,1.1530852236241511,17.357156254722423,0.30994921883432897,0.08094498402713068,0.9361522941399074,130
352,0.0,56,44,56,56,0,0,0,0,2.479039999999997,793.6890847005661,0.994825583441867,142433.6080452076,1.1534297699093716,17.28962744397318,0.3087433472138068,0.08212450332645624,0.9339214298972095,130
353,0.0,55,45,56,44,0,2,10,0,1.5507094796201712,795.2397941801863,0.9944141928684349,142377.18085615014,1.1530790525409194,17.247352458022473,0.3135882265094994,0.07190246079819516,0.950052296817135,130
354,0.0,55,45,55,55,0,0,0,0,2.763519999999997,798.0033141801863,0.9944249649368864,142159.81059745917,1.153325279148518,17.17285593305849,0.312233744237427,0.07254646673191488,0.9487801337925633,136
355,0.0,55,45,55,55,0,0,0,0,2.763519999999997,800.7668341801863,0.9944356955380578,141943.94066828155,1.1535891449408426,17.098359408094506,0.31087926196535465,0.07328771038056996,0.9473510465750938,136
356,0.0,55,45,55,55,0,0,0,0,2.763519999999997,803.5303541801862,0.9944463849109326,141729.5555887143,1.153909801670009,17.02386288313052,0.3095247796932822,0.07412327462720726,0.9457624084235723,136
357,0.0,55,45,55,55,0,0,0,0,2.763519999999997,806.2938741801862,0.9944570332926617,141516.64009108007,1.1542869208460595,16.949366358166536,0.30817029742120977,0.07505000920177889,0.9440116950623663,136
358,0.0,55,45,55,55,0,0,0,0,2.763519999999997,809.0573941801862,0.9944676409185804,141305.1791163023,1.1547201765075588,16.874869833202556,0.30681581514913747,0.0760645818499413,0.9420964930930998,136
359,0.0,55,45,55,55,0,0,0,0,2.763519999999998,811.8209141801862,0.9944782080222261,141095.15781035495,1.1550921618057834,16.80037330823858,0.3054613328770651,0.07716352787372004,0.9400145084522553,136
360,0.0,55,45,55,55,0,0,0,0,2.763519999999998,814.5844341801861,0.9944887348353553,140886.56152078422,1.1555200880477587,16.7258767832746,0.3041068506049927,0.0783432967580695,0.9377635748831433,136
361,0.0,55,45,55,55,0,0,0,0,2.763519999999998,817.3479541801861,0.9944992215879606,140679.3757933008,1.1559647556837844,16.651380258310617,0.3027523683329203,0.07960029491792191,0.935341662388912,136
362,0.0,55,45,55,55,0,0,0,0,2.763519999999998,820.1114741801861,0.9945096685082873,140473.5863684412,1.1562708519702072,16.576883733346637,0.30139788606084794,0.08093092391793118,0.932746885631547,136
363,0.0,55,45,55,55,0,0,0,0,2.763519999999998,822.874994180186,0.9945200758228503,140269.17917829624,1.1566328204983978,16.502387208382657,0.3000434037887756,0.08233161380959571,0.9299775122401867,136
364,0.0,55,45,55,55,0,0,0,0,2.763519999999998,825.638514180186,0.9945304437564499,140066.1403433053,1.1570503423959613,16.427890683418674,0.2986889215167032,0.08379885148298552,0.9270319709906818,136
365,0.0,55,45,55,55,0,0,0,0,2.7635199999999975,828.402034180186,0.9945407725321889,139864.4561691146,1.1575231012123683,16.353394158454694,0.2973344392446308,0.08532920413513267,0.9239088598170466,136
366,0.0,55,45,55,55,0,0,0,0,2.7635199999999975,831.165554180186,0.9945510623714873,139664.11314349834,1.1580507828960176,16.27889763349072,0.29597995697255847,0.08691933811238693,0.9206069536144247,136
367,0.0,54,46,55,54,0,1,0,0,2.753003268598169,833.9185574487841,0.9945271079185908,139462.06012706785,1.1585791918816217,16.204679752934165,0.3000866620913734,0.0796796665063665,0.9341411513505076,136
368,0.0,54,46,54,54,0,0,0,0,2.7431999999999976,836.6617574487841,0.9945371982655604,139262.96853257628,1.1588029381276064,16.129998648557674,0.29870367867699393,0.08066820098095304,0.9320247160598618,138
369,0.0,54,46,54,54,0,0,0,0,2.7431999999999976,839.4049574487841,0.9945472514739461,139065.17821241525,1.1590822562957863,16.055317544181182,0.2973206952626144,0.08174364061929773,0.929723295846655,138
370,0.0,54,46,54,54,0,0,0,0,2.743199999999997,842.1481574487841,0.9945572677484097,138868.67645033385,1.1594168384663546,15.980636439804691,0.295937711848235,0.0829026034039112,0.9272345343101425,138
371,0.0,54,46,54,54,0,0,0,0,2.743199999999997,844.8913574487841,0.9945672472921123,138673.4506952301,1.1598063789901913,15.9059553354282,0.29455472843385555,0.08414163807444741,0.9245562501255602,138
372,0.0,54,46,54,54,0,0,0,0,2.7472639999999973,847.6386214487841,0.9945771903067276,138478.82461912138,1.1602541752176727,15.831178891472597,0.2931699794717147,0.08545669477163426,0.9216865361955481,138
373,0.0,54,46,54,54,0,0,0,0,2.743199999999997,850.3818214487841,0.9945870969924557,138286.11693468856,1.1607527178653512,15.756497787096107,0.29178699605733527,0.08684541762423782,0.9186234149241548,138
374,0.0,54,46,54,54,0,0,0,0,2.743199999999997,853.1250214487841,0.9945969675480363,138094.64854275482,1.1613053153595345,15.681816682719614,0.2904040126429559,0.08830380048797512,0.9153653800889378,138
375,0.0,54,46,54,54,0,0,0,0,2.743199999999997,855.8682214487841,0.9946068021707621,137904.40752690443,1.1619116709270765,15.607135578343126,0.2890210292285764,0.08982845059427313,0.9119110544291543,138
376,0.0,54,46,54,54,0,0,0,0,2.743199999999997,858.6114214487841,0.9946166010564921,137715.3821230099,1.1625714899633348,15.532454473966641,0.287638045814197,0.09141605235937089,0.9082592863660315,138
377,0.0,54,46,54,54,0,0,0,0,2.7431999999999968,861.3546214487841,0.9946263643996641,137527.56071680706,1.1632844800123932,15.457773369590154,0.28625506239981763,0.09306338409401697,0.9044091591399674,138
378,0.0,54,46,54,54,0,0,0,0,2.7431999999999968,864.0978214487841,0.9946360923933085,137340.93184151608,1.1640503507475108,15.383092265213666,0.2848720789854382,0.09476733100781959,0.9003599994830884,138
379,0.0,54,46,54,54,0,0,0,0,2.7431999999999968,866.8410214487841,0.99464578522906,137155.4841755081,1.1648688139517807,15.308411160837176,0.28348909557105884,0.0965248948764855,0.8961113857680835,138
380,0.0,54,46,54,54,0,0,0,0,2.743199999999997,869.5842214487841,0.9946554430971707,136971.20654001553,1.165518483992667,15.233730056460688,0.28210611215667947,0.09833320076527217,0.8916631555748985,138
381,0.0,54,46,54,54,0,0,0,0,2.743199999999997,872.3274214487841,0.9946650661865226,136788.0878968858,1.1660738439412197,15.159048952084202,0.2807231287423,0.10018950120559486,0.8870154126180022,138
382,0.0,54,46,54,54,0,0,0,0,2.743199999999997,875.0706214487841,0.9946746546846397,136606.1173463774,1.166535405031669,15.08436784770771,0.2793401453279206,0.10209117820930602,0.88216853297861,138
383,0.0,54,46,54,54,0,0,0,0,2.7431999999999976,877.8138214487841,0.9946842087777003,136425.28412499727,1.1669036748098576,15.009686743331228,0.27795716191354125,0.10403574348154812,0.8771231705884199,138
384,0.0,54,46,54,54,0,0,0,0,2.743199999999997,880.5570214487841,0.9946937286505488,136245.57760337833,1.1673254953120122,14.935005638954738,0.2765741784991618,0.106020837162364,0.8718802619141807,138
385,0.0,53,47,54,42,0,1,11,0,1.7719039999999973,882.328925448784,0.9943059555732116,136162.3727102594,1.16708073334325,14.886782203855248,0.28088268309160846,0.1008904764585774,0.8857254453643739,138
386,0.0,53,47,53,43,10,0,0,16,1.2760959999999995,883.6050214487841,0.9939854593522802,136160.38510366657,1.1663146660901296,14.8041577153849,0.27932373047896036,0.10049033628467643,0.885402842857003,138
387,0.0,52,48,53,44,8,1,0,16,1.3045439999999995,884.9095654487841,0.9936990730049814,136158.54625652533,1.1655783364974939,14.71669516171121,0.28301336849444636,0.09326322589579417,0.9020432583590117,138
388,0.0,52,48,52,42,10,0,0,16,1.2273279999999998,886.136893448784,0.9933805368022394,136159.54926604524,1.1648213860357544,14.639051505719461,0.2815202212638358,0.09294656769807175,0.9017089644174732,140
389,0.0,52,48,52,44,8,0,0,16,1.251712,887.388605448784,0.9931288424236446,136165.82324593965,1.1640446956341663,14.558428153451345,0.2799697721817567,0.0926192649620262,0.9013547610033625,140
390,0.0,52,48,52,42,10,0,0,16,1.2232639999999995,888.611869448784,0.9928123666677606,136167.4361552898,1.16332359808809,14.482116792063172,0.27850224600121487,0.09230082415553732,0.9010321693670132,140
391,0.0,52,48,52,41,11,0,0,16,1.1541759999999999,889.766045448784,0.9924642049736248,136175.12223551617,1.1625612758282646,14.415694532016406,0.27722489484646934,0.09214100182192048,0.9005202081209288,140
392,0.0,51,49,52,41,8,2,1,16,1.1292753463589937,890.895320795143,0.9921172276191411,136186.5947300208,1.161769989103803,14.343107118072306,0.28123739447200596,0.08408048939353505,0.9179526410630406,140
393,0.0,51,49,51,44,7,0,0,16,1.1907519999999998,892.086072795143,0.991901776384535,136202.10392848714,1.1609415413118438,14.269753113264173,0.27979908065223874,0.08386587478431881,0.9175644438201291,142
394,0.0,51,49,51,43,8,0,0,16,1.223264,893.3093367951429,0.9916544417277914,136208.13640717964,1.1601729671531436,14.191650509925386,0.2782676570573605,0.08356623914772494,0.9172751688926674,142
395,0.0,51,49,51,41,10,0,0,16,1.1379200000000003,894.447256795143,0.9913428366855432,136218.20523723206,1.159353071959162,14.124095868879902,0.2769430562525471,0.08340041787001373,0.9168514872008041,142
396,0.0,51,49,51,44,7,0,0,16,1.2273279999999995,895.6745847951429,0.9911297397407155,136228.04763172698,1.1585588985466837,14.045343349893123,0.2753988892135906,0.0831961293158801,0.9163716516299724,142
397,0.0,51,49,51,42,9,0,0,16,1.2191999999999996,896.8937847951429,0.9908524717789023,136230.1780560423,1.1578090917861803,13.968573949591788,0.2738936068547409,0.08305734742807336,0.9157856399001468,142
398,0.0,51,49,51,43,8,0,0,16,1.174496,898.0682807951429,0.9906085041614042,136243.5380655766,1.1570103978107127,13.896482176846172,0.2724800426832583,0.08292612317623693,0.9152297513805576,142
399,0.0,51,49,51,42,9,0,0,16,1.19888,899.2671607951429,0.9903330100226317,136248.72044884058,1.156247281744226,13.821684922868801,0.27101342986017257,0.08281612124134788,0.9145961379585564,142
400,0.0,51,49,51,41,10,0,0,16,1.1785599999999998,900.4457207951428,0.9900261450566477,136252.52157527028,1.155471823262722,13.750396227114914,0.2696156122963708,0.0826887508295047,0.9140270484861512,142
401,0.0,51,49,51,41,10,0,0,16,1.2679679999999998,901.7136887951428,0.9897202887342098,136242.80248440403,1.154798338133401,13.66583437697582,0.2679575368034474,0.08257168759800979,0.9132772561688225,142
402,0.0,51,49,51,42,9,0,0,16,1.1501119999999998,902.8638007951429,0.9894476080172442,136255.32432650146,1.1540333912381349,13.59723768034442,0.26661250353616506,0.082519307900687,0.912578113047473,142
403,0.0,50,50,51,40,10,1,0,16,1.1861355501525475,904.0499363452955,0.9891115821931008,136253.53539425755,1.1533183131435047,13.523626219884008,0.27047252439768016,0.07400556523602267,0.9303488522559008,142
404,0.0,50,50,50,41,9,0,0,15,1.1582399999999997,905.2081763452954,0.9888404309902514,136260.36885569393,1.152576704933746,13.453420572565236,0.2690684114513047,0.07399829083073159,0.9296841283394022,142
405,0.0,50,50,50,40,10,0,0,15,1.2070079999999994,906.4151843452954,0.9885381315233399,136255.4402585467,1.1518465665533144,13.376001895623677,0.2675200379124736,0.07389583451896067,0.92910856839187,142
406,0.0,50,50,50,41,9,0,0,15,1.146048,907.5612323452954,0.9882687635852193,136264.0840006139,1.151084140666231,13.306634231985583,0.2661326846397117,0.0739430054254684,0.9283357067395467,142
407,0.0,50,50,50,39,11,0,0,15,1.133856,908.6950883452954,0.9879364268845344,136265.73048334566,1.1503702888002754,13.240363923865857,0.26480727847731717,0.07404256691942795,0.9274877657437024,142
408,0.0,50,50,50,41,9,0,0,15,1.1826239999999997,909.8777123452954,0.9876688758603109,136268.8615378975,1.1496909734527996,13.16631129255761,0.26332622585115223,0.07409402549580804,0.9266353240681827,142
409,0.0,50,50,50,41,9,0,0,15,1.1704319999999997,911.0481443452954,0.9874021759877839,136273.8081083729,1.1489834683979407,13.09460398913992,0.26189207978279844,0.07419526389700512,0.9257017280319936,142
410,0.0,50,50,50,40,10,0,0,15,1.1338559999999998,912.1820003452955,0.9871045610468809,136279.82129985376,1.1482713312211084,13.027952168911808,0.2605590433782362,0.07428023021431533,0.9248377570282125,142
411,0.0,50,50,50,41,9,0,0,15,1.1866879999999997,913.3686883452955,0.9868396016997526,136282.31577054274,1.147541680251374,12.953902827274009,0.25907805654548016,0.07432430952005163,0.92395812866849,142
412,0.0,50,50,50,40,10,0,0,15,1.1501119999999998,914.5188003452955,0.9865438196555217,136285.8805668523,1.146808333494802,12.884100840125598,0.25768201680251196,0.07442060195164514,0.923011599973397,142
413,0.0,50,50,50,42,8,0,0,15,1.146048,915.6648483452955,0.986312195738762,136298.77812338676,1.1460508790063837,12.816387112515239,0.25632774225030475,0.07451390357196053,0.9220794929717255,142
414,0.0,50,50,50,41,9,0,0,15,1.129792,916.7946403452954,0.9860497411942937,136309.69739628155,1.1453056813242135,12.7502976633314,0.255005953266628,0.07464268490641154,0.9210826542222219,142
415,0.0,50,50,50,41,9,0,0,15,1.1623039999999998,917.9569443452954,0.9857881136950905,136315.76161695312,1.144586340567847,12.678211007365476,0.2535642201473095,0.07487015433934027,0.9198067003942751,142
416,0.0,50,50,50,39,11,0,0,15,1.1501119999999998,919.1070563452954,0.9854643845960231,136314.91471536597,1.1438751673299086,12.608553634342409,0.2521710726868482,0.07514399373946287,0.9184449005280231,142
417,0.0,50,50,50,42,8,0,0,15,1.2151359999999998,920.3221923452954,0.9852359112898159,136317.47777405567,1.14317546370412,12.530268608926061,0.25060537217852125,0.07539398439118589,0.9170028248991662,142
418,0.0,50,50,50,39,11,0,0,15,1.2070079999999996,921.5292003452954,0.9849140634801155,136308.21459909616,1.1425412549991876,12.453543699430938,0.24907087398861877,0.07578991763319944,0.9152541057930998,142
419,0.0,50,50,50,41,9,0,0,15,1.1907519999999998,922.7199523452954,0.9846558526961858,136310.04692194276,1.1418558265749357,12.378768815560239,0.24757537631120483,0.07614265644985838,0.9135848220294744,142
420,0.0,50,50,50,41,9,0,0,15,1.15824,923.8781923452954,0.9843984492246123,136316.67144377241,1.1411572103184104,12.31022834838449,0.24620456696768983,0.07646140055229522,0.9120361293728406,142
421,0.0,50,50,50,41,9,0,0,15,1.1948159999999997,925.0730083452953,0.9841418492851346,136317.88935833925,1.1404553837115479,12.23454590481254,0.2446909180962508,0.07683076433640686,0.9102573666884178,142
422,0.0,50,50,50,41,9,0,0,15,1.1623039999999998,926.2353123452953,0.9838860491210573,136323.88909928323,1.1397620747924433,12.163724883480851,0.24327449766961703,0.07732656487790113,0.9082377957612794,142
423,0.0,50,50,50,41,9,0,0,15,1.2191999999999998,927.4545123452953,0.9836310449990664,136321.5104536888,1.1390901079165385,12.083365199674208,0.24166730399348413,0.0777397328298175,0.9062251449587108,142
424,0.0,50,50,50,39,11,0,0,15,1.1948159999999999,928.6493283452952,0.9833146905294556,136314.10279008074,1.1384523398139017,12.007300506010347,0.24014601012020695,0.07827997982819675,0.9039504600052245,142
425,0.0,50,50,50,41,9,0,0,15,1.2070079999999996,929.8563363452952,0.983061363777378,136313.53043007237,1.137804540587713,11.929172641583644,0.23858345283167293,0.0788076460915884,0.9016255570814116,142
426,0.0,50,50,50,42,8,0,0,15,1.1663679999999998,931.0227043452952,0.9828397968033701,136323.20609114625,1.1370854650695592,11.857719464615357,0.23715438929230714,0.07924201506814844,0.8995658002411343,142
427,0.0,50,50,50,41,9,0,0,15,1.162304,932.1850083452952,0.9825879878765387,136329.16090936124,1.1363899559577866,11.787095010650335,0.23574190021300676,0.07977149223221779,0.8972598687140303,142
428,0.0,50,50,50,41,9,0,0,15,1.1460479999999997,933.3310563452951,0.9823369565217391,136337.47547014372,1.1356686455044547,11.718178961263366,0.23436357922526732,0.0802060038846418,0.8951584507428187,142
429,0.0,50,50,50,40,10,0,0,15,1.211072,934.542128345295,0.9820558672997471,136332.0027376286,1.1349522570128068,11.639565773351602,0.23279131546703205,0.08094399102768679,0.8921381665397935,142
430,0.0,50,50,50,43,7,0,0,15,1.1866879999999997,935.7288163452951,0.9818679965521487,136342.92090981355,1.1342254916238057,11.564980488681138,0.2312996097736228,0.0815807826670543,0.8893619574611135,142
431,0.0,50,50,50,40,10,0,0,15,1.1297920000000001,936.858608345295,0.9815884920390976,136349.2835120743,1.1335219352715082,11.498445180829794,0.22996890361659583,0.08200888720208609,0.8871778668074778,142
432,0.0,50,50,50,42,8,0,0,15,1.1623039999999998,938.020912345295,0.9813712251411736,136359.43326700138,1.1327972630143313,11.427649713794711,0.22855299427589423,0.08263856048975952,0.884380564190894,142
433,0.0,50,50,50,42,8,0,0,15,1.1541759999999999,939.175088345295,0.9811546240117669,136370.73809703934,1.1320771573102815,11.357786688991347,0.22715573377982692,0.08329809451054995,0.8814695241163345,142
434,0.0,50,50,50,42,8,0,0,15,1.1866879999999997,940.361776345295,0.9809386855953983,136377.29991367663,1.1313754168749117,11.28402073955273,0.2256804147910546,0.08401001594812932,0.8782934293683801,142
435,0.0,50,50,50,40,10,0,0,15,1.1541759999999996,941.515952345295,0.9806623083032933,136380.0577994972,1.1306932293701355,11.215264899354349,0.22430529798708698,0.08454299731821939,0.8756096329143679,142
436,0.0,50,50,50,38,12,0,0,15,1.1541759999999999,942.670128345295,0.9803257686676428,136374.32240020088,1.1300121855268581,11.144373434056085,0.22288746868112175,0.08521403654479227,0.8724727886708205,142
437,0.0,50,50,50,40,10,0,0,15,1.1541759999999996,943.824304345295,0.9800511664737772,136377.0771820575,1.1293113710877245,11.07533396961916,0.22150667939238317,0.08589568473574434,0.8692834831608904,142
438,0.0,50,50,50,42,8,0,0,15,1.1704320000000001,944.994736345295,0.9798382191947451,136385.94485557708,1.1285940172776356,11.00356606232583,0.22007132124651657,0.08659543298921785,0.865926190365703,142
439,0.0,50,50,50,41,9,0,0,15,1.223264,946.218000345295,0.9795955547458554,136382.94764304595,1.127917995000705,10.923373955453338,0.21846747910906672,0.08758180709632685,0.8615385366683564,142
440,0.0,50,50,50,41,9,0,0,15,1.1948159999999999,947.4128163452949,0.979353626000485,136384.05325615447,1.1272316111434115,10.847927536308557,0.21695855072617115,0.088451413853231,0.8574788175982752,142
441,0.0,50,50,50,41,9,0,0,15,1.1663679999999998,948.579184345295,0.9791124296179694,136389.24629080357,1.1265380463387553,10.776190940276779,0.21552381880553562,0.08925444294697168,0.8536050440892662,142
442,0.0,50,50,50,41,9,0,0,15,1.1094719999999998,949.6886563452949,0.9788719622778382,136402.59798249172,1.1258227709999558,10.712688809864524,0.21425377619729052,0.08987011782231971,0.8503808674358077,142
443,0.0,50,50,50,41,9,0,0,15,1.1460479999999997,950.8347043452949,0.9786322206796644,136410.67096862936,1.125138882714071,10.642847450994422,0.21285694901988844,0.09063719922054499,0.8465132027078859,142
444,0.0,50,50,50,41,9,0,0,15,1.1866879999999995,952.0213923452949,0.9783932015429122,136412.90105894735,1.1244897674235181,10.568170474535139,0.2113634094907028,0.09157229557794568,0.8419621356867268,142
445,0.0,50,50,50,41,9,0,0,15,1.1663679999999996,953.1877603452949,0.9781549016067882,136418.03368613918,1.1238342885133579,10.497649481207322,0.20995298962414644,0.09235321677366656,0.8378783870856905,142
446,0.0,50,50,50,43,7,0,0,15,1.1948159999999992,954.3825763452949,0.9779774065617113,136427.46968265303,1.1231803043827104,10.42245358469787,0.2084490716939574,0.09334003952573001,0.8329793193152483,142
447,0.0,50,50,50,42,8,0,0,15,1.1419839999999994,955.5245603452948,0.9777704445911082,136440.23964479563,1.122525921899494,10.354332106270677,0.20708664212541353,0.09413938723664797,0.828739698275397,142
448,0.0,50,50,50,42,8,0,0,15,1.1582399999999993,956.6828003452948,0.9775641025641025,136450.66050407125,1.121873223747016,10.284101229586643,0.20568202459173282,0.09494728989548744,0.8243380112778005,142
449,0.0,50,50,50,42,8,0,0,15,1.215135999999999,957.8979363452949,0.977358377699348,136452.95082135295,1.12128289541566,10.205166049112446,0.20410332098224887,0.09608439261087862,0.8185863182045416,142
450,0.0,48,52,50,40,8,2,0,15,1.1599101534133125,959.0578464987082,0.9770935372118027,136454.75137685167,1.1206902202785263,10.133596714406371,0.21111659821679943,0.08945789512240711,0.8477787991534976,142
451,0.0,48,52,48,39,9,0,0,14,1.09728,960.1551264987081,0.976857926756531,136461.2825406565,1.1200249846168322,10.070686930378779,0.20980597771622453,0.09018335072630307,0.844050056331551,143
452,0.0,48,52,48,39,9,0,0,14,1.1907519999999996,961.3458784987081,0.9766229898749256,136454.5299812988,1.119446960797847,9.99511731074344,0.20823161064048834,0.09130579718670823,0.8387387267216034,143
453,0.0,48,52,48,39,9,0,0,14,1.0850880000000003,962.4309664987081,0.9763887236826454,136462.77454869932,1.1187641119151435,9.934055370370157,0.2069594868827116,0.09201252262118648,0.8349601102303504,143
454,0.0,47,53,48,40,7,1,0,14,1.1144290986106975,963.5453955973188,0.9761848200498872,136470.99617811292,1.1180919125719104,9.868239048932589,0.2099625329560126,0.08879805836297934,0.8482741541137119,143
455,0.0,47,53,47,39,8,0,0,13,1.1013439999999999,964.6467395973189,0.9759807846277022,136476.90350869446,1.1174165065823654,9.804666509830673,0.20860992574107812,0.08965408750883141,0.8440945343883941,143
456,0.0,47,53,47,39,8,0,0,13,1.0525760000000002,965.6993155973189,0.9757773171453953,136489.6897731279,1.116724693020205,9.747421051605297,0.2073919372681978,0.09034745998482056,0.8404922246150862,143
457,0.0,47,53,47,40,7,0,0,13,1.101344,966.8006595973189,0.9756039861608067,136499.70000534118,1.116035331962869,9.683292227300399,0.20602749419788086,0.09128106156410523,0.8359136607831622,143
458,0.0,47,53,47,39,8,0,0,13,1.121664,967.922323597319,0.9754016064257028,136502.68908868253,1.115376209361063,9.616476946608012,0.20460589248102157,0.09223434068966242,0.8311088384853211,143
459,0.0,47,53,47,38,9,0,0,13,1.068832,968.991155597319,0.9751702987231282,136508.98590344778,1.1146981235046498,9.55710112597373,0.20334257714837728,0.09298282738568948,0.8270631579438807,143
460,0.0,47,53,47,40,7,0,0,13,1.081024,970.072179597319,0.9749985275929088,136521.7999087189,1.1139871337066185,9.496161857742058,0.20204599697323528,0.09378748450419813,0.8227261838448917,143
461,0.0,47,53,47,40,7,0,0,13,1.060704,971.1328835973189,0.9748272312895162,136537.44223842083,1.1132852156508377,9.437564023335366,0.20079923453905033,0.09457575055119428,0.8184392609921277,143
462,0.0,47,53,47,39,8,0,0,13,1.085088,972.217971597319,0.9746270409961236,136545.51127242923,1.1126183606383642,9.376524606027486,0.19950052353249972,0.095427264434605,0.8138017870858119,143
463,0.0,47,53,47,39,8,0,0,13,1.05664,973.274611597319,0.974427402563125,136557.55366090772,1.1119506248569673,9.318669337146115,0.198269560364811,0.09619187374326835,0.8094692640812962,143
464,0.0,46,54,47,38,8,1,0,13,1.0588021163195043,974.3334137136385,0.9741990277045628,136565.16150138623,1.1112878012211098,9.260749584435048,0.2013206431398924,0.09348982978957396,0.8226042977162983,143
465,0.0,46,54,46,39,7,0,0,12,1.052576,975.3859897136385,0.9740290126345343,136577.72554136295,1.1106112087091924,9.204530361857435,0.2000984861273355,0.0942288687168575,0.8184923366213697,143
466,0.0,46,54,46,38,8,0,0,12,1.0363200000000001,976.4223097136386,0.9738302470938723,136588.43993344813,1.1099430086263844,9.150219300126299,0.19891781087231084,0.09491146030179513,0.8145566506221453,143
467,0.0,46,54,46,39,7,0,0,12,1.0485119999999999,977.4708217136385,0.973661183059153,136601.51999822806,1.1092769744720532,9.094324870450398,0.19770271457500865,0.09569658444813703,0.8101774649356138,143
468,0.0,46,54,46,39,7,0,0,12,1.052576,978.5233977136386,0.9734925720943781,136614.004644497,1.1086208854602737,9.037903926073273,0.1964761723059407,0.09652824104284256,0.8055595353701999,143
469,0.0,46,54,46,38,8,0,0,12,1.1094719999999998,979.6328697136386,0.9732953223178962,136614.44418368803,1.1080025692764746,8.973426325954492,0.19507448534683677,0.0975147314370331,0.800073853115973,143
470,0.0,46,54,46,39,7,0,0,12,1.0525760000000002,980.6854457136386,0.9731276509209227,136626.8874343269,1.1073431633305373,8.916902374380069,0.19384570379087104,0.09833155000086506,0.7953425243382031,143
471,0.0,46,54,46,39,7,0,0,12,1.060704,981.7461497136386,0.9729604270627829,136638.17274875782,1.106663599275815,8.859732327214854,0.19260287667858372,0.09920227723548086,0.7903338472106746,143
472,0.0,46,54,46,37,9,0,0,12,1.0241280000000001,982.7702777136386,0.9727357014544823,136646.37916444015,1.1060026567674268,8.806545464810732,0.1914466405393637,0.0999601908385125,0.7857801514466536,143
473,0.0,45,55,46,37,8,1,0,12,1.025188503899072,983.7954662175376,0.9725115740740741,136654.42118460883,1.1053641879654623,8.75386019561908,0.19453022656931288,0.09762024144304869,0.7988312136226037,143
474,0.0,44,56,45,38,6,1,0,11,0.9967844885457272,984.7922507060833,0.9723450368443867,136670.44993855228,1.1046874130771636,8.703995146342312,0.19781807150777977,0.09492012649826066,0.8128481547570355,143
475,0.0,44,56,44,38,6,0,0,10,0.9956800000000001,985.7879307060833,0.9722069901007244,136686.59942254302,1.1039960434005323,8.654187993247525,0.19668609075562557,0.09567144268603152,0.8086680016058212,143
476,0.0,44,56,44,37,7,0,0,10,1.0363200000000001,986.8242507060834,0.9720404692589283,136693.0331348093,1.1033347009557102,8.599358048972213,0.1954399556584594,0.0965751983357819,0.803744251526809,143
477,0.0,44,56,44,38,6,0,0,10,0.991616,987.8158667060834,0.9719031580159484,136709.68907425055,1.1026583068955118,8.550418003754357,0.19432768190350808,0.09730398638725915,0.7995383778056185,143
478,0.0,43,57,44,37,6,1,0,10,0.9810562409794561,988.7969229470629,0.9717374428567321,136723.72644229778,1.101986074343685,8.503077968739444,0.19774599927301031,0.09448964878801974,0.8141169273456941,143
479,0.0,43,57,43,38,5,0,0,9,0.9672320000000002,989.7641549470628,0.9716287617734896,136743.68719408597,1.1013238642699434,8.457370304625002,0.19668303034011633,0.09518720778112903,0.8102285289874541,143
480,0.0,42,58,43,37,5,1,0,9,0.9523669386933732,990.7165218857562,0.9714916683396908,136761.6235389927,1.1006798275190621,8.414022623374569,0.20033387198510882,0.09196032155723227,0.8259592938615941,143
481,0.0,42,58,42,37,5,0,0,8,0.9509760000000003,991.6674978857561,0.9713827379758802,136779.71728345004,1.1000148444657452,8.371226391241464,0.19931491407717766,0.09261043757295687,0.8224402128582353,143
482,0.0,42,58,42,37,5,0,0,8,0.9387840000000002,992.6062818857562,0.9712740694114618,136799.45662043322,1.0993442477424706,8.329612020792593,0.19832409573315699,0.09321430557213531,0.8190616029805111,143
483,0.0,42,58,42,36,6,0,0,8,0.9591040000000002,993.5653858857562,0.9711370845597691,136812.33457908523,1.0987248719643061,8.285976686013173,0.19728515919078987,0.0939043686987776,0.8152884504779104,143
484,0.0,42,58,42,37,5,0,0,8,0.9591040000000003,994.5244898857562,0.971028971028971,136829.20972175547,1.0980651209360153,8.242341351233755,0.19624622264842273,0.0945997302354234,0.8114456275210753,143
485,0.0,42,58,42,37,5,0,0,8,0.9550400000000001,995.4795298857563,0.9709211164010605,136846.61101533033,1.09740083696519,8.199296194951069,0.19522133797502544,0.09525762355214891,0.80769437993019,143
486,0.0,42,58,42,36,6,0,0,8,0.9591040000000002,996.4386338857563,0.9707850451322646,136859.40645255565,1.0967602405881798,8.155660860171647,0.1941824014326583,0.09596240312723373,0.803715923898513,143
487,0.0,42,58,42,36,6,0,0,8,0.9672320000000001,997.4058658857563,0.9706492989391655,136871.06189090395,1.0961300455396343,8.111204583807634,0.19312391866208656,0.09670339091538396,0.7995312365983539,143
488,0.0,42,58,42,36,6,0,0,8,0.9834880000000001,998.3893538857562,0.9705138766582394,136880.46599066374,1.0955218762497154,8.064204275365537,0.19200486369917943,0.09751446431085586,0.794952380079777,143
489,0.0,42,58,42,36,6,0,0,8,0.9509760000000002,999.3403298857562,0.970378777131508,136894.30508187268,1.0948919348533928,8.021254458661964,0.1909822490157611,0.09819088889324985,0.7909289696847176,143
490,0.0,41,59,42,35,6,1,0,8,0.9294824900036633,1000.2698123757599,0.9702156601581319,136907.06078067247,1.0942489010149885,7.981514807690202,0.1946710928704927,0.09530499948822319,0.8066609909545128,143
491,0.0,41,59,41,35,6,0,0,7,0.9428480000000001,1001.2126603757599,0.9700803894927537,136917.96500910376,1.0936454198738688,7.940827023027951,0.1936787078787305,0.09595608727258188,0.8029159826351089,143
492,0.0,41,59,41,35,6,0,0,7,0.9469120000000001,1002.1595723757599,0.969945432440838,136928.29344002696,1.0930438808909684,7.899980595629609,0.1926824535519417,0.09663854911280985,0.7990121332663497,143
493,0.0,41,59,41,36,5,0,0,7,0.942848,1003.10242037576,0.9698390285230161,136943.14479726035,1.0924405428811559,7.859075104837134,0.19168475865456422,0.09731448901035601,0.7950776251969621,143
494,0.0,41,59,41,36,5,0,0,7,0.9469120000000001,1004.04933237576,0.9697328707229698,136957.41390975486,1.0918220365758258,7.8174250325746755,0.19066890323352867,0.09803112741286008,0.7909244458131667,143
495,0.0,41,59,41,36,5,0,0,7,0.9265920000000001,1004.97592437576,0.9696269581877606,136974.42561671804,1.0911823869118045,7.778522777221654,0.1897200677371135,0.09862115149667375,0.7872666996800326,143
496,0.0,41,59,41,36,5,0,0,7,0.9265920000000003,1005.90251637576,0.9695212900683872,136991.40598284785,1.0905482029887343,7.739697314153863,0.18877310522326493,0.09921877532047281,0.7835435136516491,143
497,0.0,40,60,41,35,5,1,0,7,0.9123785707549018,1006.8148949465149,0.9693877551020408,137006.31634708564,1.0899289517103063,7.702339189434099,0.19255847973585247,0.09640950826479909,0.7995669730155582,143
498,0.0,40,60,40,35,5,0,0,6,0.8981440000000002,1007.7130389465149,0.9692817431347223,137023.13522146328,1.089288171641892,7.6664505856284055,0.19166126464071015,0.09694960661309072,0.7962592524227813,143
499,0.0,40,60,40,35,5,0,0,6,0.9144000000000002,1008.6274389465149,0.9691759690357323,137037.71547635784,1.0886677423940483,7.62808013166597,0.19070200329164927,0.09760655471591609,0.7924134183198642,143
500,0.0,40,60,40,35,5,0,0,6,0.9144000000000001,1009.5418389465149,0.969070432005379,137052.26931890464,1.0880426941825543,7.590206153426724,0.1897551538356681,0.09822109123063857,0.7886866870365892,143
501,0.0,40,60,40,35,5,0,0,6,0.9062720000000002,1010.4481109465148,0.9689651312475513,137067.8993800713,1.0874013038302603,7.553324862404253,0.18883312156010632,0.09880533629660124,0.785063861316974,143
502,0.0,40,60,40,35,5,0,0,6,0.8940800000000002,1011.3421909465148,0.9688600659696986,137085.15400731663,1.086764726441747,7.5179326022069475,0.18794831505517373,0.09933986025219806,0.7816384647081104,143
503,0.0,40,60,40,35,5,0,0,6,0.8940800000000002,1012.2362709465149,0.9687552353828112,137102.3781535022,1.0861142058457747,7.482540342009643,0.1870635085502411,0.09987668206333168,0.7781683042344307,143
504,0.0,38,62,40,32,4,2,2,6,0.8124371245713804,1013.0487080710863,0.9685669660288949,137118.77710647328,1.0854896396958003,7.4500939000288975,0.1960551026323394,0.09307984924111821,0.8160596711883987,143
505,0.0,38,62,38,34,4,0,0,5,0.8656320000000002,1013.9143400710863,0.9684887997325309,137135.8452137599,1.0848666401652136,7.41688736155496,0.19518124635670947,0.09355621060736218,0.8131686685581969,145
506,0.0,38,62,38,34,4,0,0,5,0.8696960000000002,1014.7840360710862,0.9684107987753966,137152.3349331151,1.0842535012458665,7.383184479472635,0.19429432840717462,0.09405839721895866,0.8101394686682964,145
507,0.0,38,62,38,34,4,0,0,5,0.8575040000000002,1015.6415400710862,0.9683329626334519,137170.44301895043,1.083615655485855,7.3509706282154745,0.19344659547935458,0.0944973829608036,0.807346340932029,145
508,0.0,38,62,38,34,4,0,0,5,0.8575040000000003,1016.4990440710861,0.9682552907848692,137188.5205533433,1.082983833232475,7.318756776958314,0.19259886255153455,0.09493915795447405,0.8045135433950436,145
509,0.0,38,62,38,34,4,0,0,5,0.8615680000000002,1017.3606120710862,0.9681777827100211,137206.0195212733,1.082361976417764,7.286046582092766,0.19173806794980963,0.09540630385625065,0.8015437866857889,145
510,0.0,38,62,38,34,4,0,0,5,0.8859520000000002,1018.2465640710861,0.9681004378914694,137220.20277816086,1.0817506376604638,7.250266730382778,0.19079649290480996,0.09601762120879573,0.7979210665807118,145
511,0.0,38,62,38,34,4,0,0,5,0.8615680000000002,1019.1081320710862,0.9680232558139535,137237.64495507363,1.0811185202683995,7.217541269651544,0.1899352965697775,0.0964919168864868,0.7948559447187439,145
512,0.0,38,62,38,34,4,0,0,5,0.8656320000000002,1019.9737640710862,0.9679462359643786,137254.51078390982,1.0804915790237302,7.184334731177607,0.18906144029414756,0.09699121393734017,0.7916505404028243,145
513,0.0,38,62,38,34,4,0,0,5,0.8615680000000001,1020.8353320710862,0.9678693778318046,137271.8944941865,1.0798703788804402,7.151624536312059,0.18820064569242256,0.09747045836649157,0.7885018721592119,145
514,0.0,37,63,38,34,3,1,0,5,0.8476167642672444,1021.6829488353535,0.967792680907435,137291.12359161483,1.0792512879218816,7.120540883810095,0.1924470509137864,0.09414452173306112,0.8068981960501104,145
515,0.0,37,63,37,34,3,0,0,4,0.8412480000000001,1022.5241968353535,0.9677428248462959,137311.1760431111,1.0786360817818168,7.090185237562008,0.19162662804221647,0.09458101892588561,0.8041101964367616,145
516,0.0,37,63,37,34,3,0,0,4,0.8534400000000002,1023.3776368353534,0.9676930703977085,137329.55943282045,1.0780359464832927,7.058711032786661,0.19077597385909895,0.09507161327804659,0.8010609902358975,145
517,0.0,37,63,37,34,3,0,0,4,0.8453120000000001,1024.2229488353535,0.9676434172513413,137349.0021483731,1.0774340826511248,7.027859042930186,0.18994213629541043,0.09553954921784123,0.7980834029214415,145
518,0.0,37,63,37,34,3,0,0,4,0.849376,1025.0723248353534,0.9675938650981254,137367.86818687856,1.0768403080937516,6.996510709465322,0.1890948840396033,0.09603665130991647,0.7949520649580442,145
519,0.0,36,64,37,33,3,1,0,4,0.8289222714168423,1025.9012471067701,0.9675169554353497,137385.54309928755,1.076261964366293,6.967645160688405,0.19354569890801124,0.09240977163909662,0.8143552592522598,145
520,0.0,35,65,36,33,2,1,0,3,0.813960877445916,1026.715207984216,0.9674667398162118,137405.1917249567,1.0756438471301335,6.940648310707087,0.19830423744877393,0.0880617729241624,0.8352810740815145,145
521,0.0,35,65,35,33,2,0,0,2,0.804672,1027.519879984216,0.9674431351055084,137426.05155451506,1.0750272638674252,6.914820820397234,0.19756630915420667,0.0883995240376438,0.8331912651689797,145
522,0.0,35,65,35,33,2,0,0,2,0.804672,1028.324551984216,0.967419575633128,137446.87873811406,1.074415627725005,6.8889933300873825,0.19682838085963947,0.08873980039300569,0.8310724960788645,145
523,0.0,35,65,35,33,2,0,0,2,0.804672,1029.129223984216,0.9673960612691466,137467.67335233092,1.0738089248551863,6.863165839777529,0.19609045256507227,0.0890825730526029,0.828924576521296,145
524,0.0,35,65,35,33,2,0,0,2,0.804672,1029.933895984216,0.9673725918841372,137488.43547350354,1.0732071414619195,6.837338349467677,0.195352524270505,0.08942781331178505,0.8267473191050458,145
525,0.0,35,65,35,33,2,0,0,2,0.804672,1030.738567984216,0.9673491673491673,137509.1651777315,1.0726102638005475,6.811510859157823,0.1946145959759378,0.08977549270238475,0.8245405394818015,145
526,0.0,35,65,35,33,2,0,0,2,0.804672,1031.543239984216,0.9673257875357971,137529.8625408769,1.0720182781775678,6.7856833688479705,0.19387666768137057,0.090125582995938,0.8223040564929933,145
527,0.0,35,65,35,33,2,0,0,2,0.804672,1032.347911984216,0.9673024523160763,137550.52763856523,1.0714122819363103,6.759855878538119,0.1931387393868034,0.09047805620664483,0.820037692319153,145
528,0.0,35,65,35,33,2,0,0,2,0.804672,1033.1525839842159,0.9672791615625426,137571.1605461865,1.070811185583941,6.734028388228266,0.19240081109223614,0.0908328845940784,0.8177412726317588,145
529,0.0,35,65,35,33,2,0,0,2,0.8046720000000002,1033.9572559842159,0.9672559151482186,137591.76133889597,1.0702149754813413,6.708200897918413,0.1916628827976689,0.09119004066564976,0.81541462674754,145
530,0.0,35,65,35,33,2,0,0,2,0.804672,1034.7619279842158,0.9672327129466105,137612.33009161515,1.0696236380399606,6.68237340760856,0.19092495450310173,0.09154949717883688,0.8130575877851896,145
531,0.0,35,65,35,33,2,0,0,2,0.804672,1035.5665999842158,0.9672095548317047,137632.86687903263,1.069037159721592,6.656545917298708,0.19018702620853448,0.09191122714318516,0.8106699928244421,145
532,0.0,35,65,35,33,2,0,0,2,0.8046720000000002,1036.3712719842158,0.9671864406779661,137653.3717756051,1.0684367254118876,6.630718426988855,0.18944909791396727,0.09227520382208755,0.8082516830674672,145
533,0.0,35,65,35,33,2,0,0,2,0.8046720000000002,1037.1759439842158,0.967163370360336,137673.84485555816,1.06784115806012,6.604890936679002,0.18871116961940007,0.09264140073435165,0.8058025040025153,145
534,0.0,35,65,35,33,2,0,0,2,0.8046720000000002,1037.9806159842158,0.9671403437542293,137694.28619288726,1.0672504441813926,6.579063446369149,0.18797324132483287,0.09300979165556157,0.8033223055697675,145
535,0.0,34,66,35,33,1,1,0,2,0.7989242199037886,1038.7795402041195,0.9671173607355327,137715.45786499567,1.0666603917732365,6.554164244245161,0.1927695365954459,0.08890663734956758,0.8245982336347206,145
536,0.0,34,66,34,33,1,0,0,1,0.7884160000000001,1039.5679562041196,0.9671205489814665,137737.98927280997,1.0660415432576256,6.530962159308656,0.19208712233260755,0.08918841061912333,0.8226485696509966,145
537,0.0,34,66,34,33,1,0,0,1,0.7884160000000001,1040.3563722041197,0.9671237313755129,137760.4865305524,1.0654271239913036,6.50776007437215,0.19140470806976914,0.08947198166042608,0.8206752558968867,145
538,0.0,34,66,34,33,1,0,0,1,0.7884160000000001,1041.1447882041198,0.9671269079337684,137782.94971580434,1.064817121747305,6.484557989435645,0.19072229380693073,0.0897573334343347,0.8186781434960224,145
539,0.0,34,66,34,33,1,0,0,1,0.7884160000000001,1041.9332042041199,0.9671300786722707,137805.37890591228,1.0642115243436259,6.46135590449914,0.19003987954409235,0.09004444901137157,0.8166570852985007,145
540,0.0,33,67,34,32,1,1,0,1,0.7609930040406131,1042.6941972081604,0.9671063257065949,137827.56285092258,1.0636158639832238,6.438884661651414,0.19511771701973982,0.08535243660033894,0.8393807974995338,145
541,0.0,33,67,33,32,1,0,0,1,0.747776,1043.4419732081603,0.9671086249092327,137851.46054432757,1.0630070474266684,6.416768693447294,0.1944475361650695,0.08568339688767045,0.8373997249346428,145
542,0.0,33,67,33,32,1,0,0,1,0.747776,1044.1897492081603,0.9671109200343938,137875.3240100041,1.0624020233867715,6.394652725243173,0.1937773553103992,0.08601531960551899,0.8353967684864536,145
543,0.0,33,67,33,32,1,0,0,1,0.7477760000000001,1044.9375252081602,0.9671132110929153,137899.1533214341,1.0618007817568957,6.372536757039054,0.1931071744557289,0.08634819365512782,0.8333718023153786,145
544,0.0,33,67,33,32,1,0,0,1,0.7477760000000001,1045.6853012081601,0.9671154980955957,137922.94855188936,1.0612033124662776,6.350420788834933,0.1924369936010586,0.0866820080766573,0.8313247020963553,145
545,0.0,32,68,33,31,1,1,0,1,0.7347048763421106,1046.4200060845023,0.9670909821787484,137944.61034830727,1.0606184475075187,6.328624257074681,0.19776950803358379,0.08136012482477598,0.8552559699284041,145
546,0.0,32,68,32,31,1,0,0,1,0.7274560000000001,1047.1474620845024,0.9670924036736552,137967.1968190679,1.0600314603043581,6.306970046267024,0.1970928139458445,0.08161491801430566,0.8536256516905861,147
547,0.0,32,68,32,31,1,0,0,1,0.7274560000000001,1047.8749180845025,0.9670938227346906,137989.75192985727,1.0594481780226777,6.285315835459366,0.19641611985810523,0.08187092524181123,0.851975893365292,147
548,0.0,32,68,32,31,1,0,0,1,0.7274560000000001,1048.6023740845026,0.9670952393681003,138012.2757459422,1.0588685911390479,6.263661624651711,0.19573942577036596,0.08212813515421101,0.8503065411594636,147
549,0.0,32,68,32,31,1,0,0,1,0.7274560000000001,1049.3298300845026,0.9670966535801084,138034.7683324086,1.0582926901626506,6.242007413844054,0.19506273168262667,0.08238653648719647,0.8486174414723181,147
550,0.0,32,68,32,31,1,0,0,1,0.7274560000000001,1050.0572860845027,0.9670980653769179,138057.229754162,1.0577204656351389,6.220353203036398,0.1943860375948874,0.08264611806548243,0.8469084409430009,147
551,0.0,32,68,32,31,1,0,0,1,0.7274560000000001,1050.7847420845028,0.9670994747647106,138079.66007592817,1.0571345420455345,6.19869899222874,0.19370934350714814,0.08290686880301815,0.8451793864995686,147
552,0.0,32,68,32,31,1,0,0,1,0.7274560000000001,1051.5121980845029,0.967100881749647,138102.0593622538,1.0565523057428012,6.177044781421084,0.1930326494194089,0.08316877770316074,0.8434301254093244,147
553,0.0,32,68,32,31,1,0,0,1,0.7274560000000001,1052.239654084503,0.967102286337867,138124.42767750708,1.0559737472892703,6.155390570613427,0.1923559553316696,0.08343183385881175,0.8416605053305207,147
554,0.0,32,68,32,31,1,0,0,1,0.7274560000000001,1052.967110084503,0.9671036885354892,138146.76508587832,1.0553988572794535,6.13373635980577,0.19167926124393034,0.08369602645251845,0.8398703743654476,147
555,0.0,32,68,32,31,1,0,0,1,0.7274560000000001,1053.694566084503,0.9671050883486116,138169.0716513805,1.0548276263399063,6.112082148998114,0.19100256715619107,0.08396134475654059,0.8380595811149214,147
556,0.0,32,68,32,31,1,0,0,1,0.7274560000000001,1054.4220220845032,0.9671064857833116,138191.34743785008,1.0542600451290918,6.090427938190458,0.1903258730684518,0.08422777813288419,0.8362279747341917,147
557,0.0,32,68,32,31,1,0,0,1,0.727456,1055.1494780845032,0.9671078808456458,138213.59250894736,1.0536788268474593,6.068773727382801,0.18964917898071254,0.08449531603330307,0.8343754049902836,147
558,0.0,32,68,32,31,1,0,0,1,0.7274560000000001,1055.8769340845033,0.9671092735416501,138235.80692815722,1.0531012690627708,6.047119516575145,0.18897248489297325,0.08476394799926946,0.8325017223207859,147
559,0.0,32,68,32,31,1,0,0,1,0.7274560000000001,1056.6043900845034,0.9671106638773402,138257.9907587898,1.0525273624536424,6.025465305767488,0.188295790805234,0.08503366366191481,0.8306067778941083,147
560,0.0,32,68,32,31,1,0,0,1,0.7274560000000001,1057.3318460845035,0.9671120518587115,138280.14406398087,1.051957097730315,6.003811094959832,0.18761909671749474,0.08530445274194158,0.828690423671208,147
561,0.0,32,68,32,31,1,0,0,1,0.7274560000000001,1058.0593020845035,0.9671134374917387,138302.2669066927,1.0513732467076908,5.982156884152175,0.18694240262975548,0.08557630504950736,0.8267525124688169,147
562,0.0,32,68,32,31,1,0,0,1,0.7274560000000001,1058.7867580845036,0.9671148207823768,138324.3593497144,1.0507930482431969,5.960502673344518,0.18626570854201618,0.08584921048408208,0.8247928980241654,147
563,0.0,32,68,32,31,1,0,0,1,0.7274560000000001,1059.5142140845037,0.9671162017365601,138346.42145566273,1.0502164930671414,5.938848462536862,0.18558901445427695,0.08612315903427963,0.8228114350612263,147
564,0.0,32,68,32,31,1,0,0,1,0.7274560000000001,1060.2416700845038,0.9671175803602036,138368.45328698252,1.0496435719411707,5.917194251729206,0.18491232036653765,0.08639814077766436,0.8208079793584825,147
565,0.0,32,68,32,31,1,0,0,1,0.7274560000000001,1060.9691260845038,0.9671189566592017,138390.45490594744,1.0490742756581402,5.895540040921548,0.18423562627879841,0.08667414588053404,0.8187823878182353,147
566,0.0,31,69,32,31,0,1,0,1,0.7275623662812186,1061.6966884507851,0.9671203306394293,138412.4125077856,1.0484905110778475,5.874315942716604,0.1894940626682775,0.0817053716963718,0.8432321011494741,147
567,0.0,31,69,31,31,0,0,0,0,0.7112,1062.407888450785,0.9671471408280289,138436.47209215272,1.0479246942817844,5.85482002933481,0.1888651622366068,0.08189943957583053,0.841720075847292,147
568,0.0,31,69,31,31,0,0,0,0,0.7112,1063.119088450785,0.9671739073300218,138460.4994860031,1.0473620394596712,5.835324115953015,0.18823626180493597,0.08209422438895621,0.8401924159174068,147
569,0.0,31,69,31,31,0,0,0,0,0.7112,1063.830288450785,0.9672006302521008,138484.4947538975,1.0468025386273758,5.815828202571221,0.1876073613732652,0.08228972104467126,0.838648999470792,147
570,0.0,31,69,31,31,0,0,0,0,0.7112,1064.541488450785,0.9672273097006113,138508.45796022416,1.0462290952268962,5.796332289189427,0.18697846094159443,0.08248592448164518,0.8370897044560501,147
571,0.0,31,69,31,31,0,0,0,0,0.7112,1065.252688450785,0.9672539457815531,138532.38916919933,1.045658818646433,5.776836375807632,0.1863495605099236,0.08268282966837716,0.8355144086843194,147
572,0.0,31,69,31,31,0,0,0,0,0.7112,1065.963888450785,0.9672805386005816,138556.28844486794,1.045091700909756,5.757340462425838,0.1857206600782528,0.08288043160327056,0.8339229898549712,147
573,0.0,31,69,31,31,0,0,0,0,0.7112,1066.6750884507849,0.9673070882630092,138580.1558511041,1.0445277340674008,5.737844549044045,0.18509175964658206,0.0830787253146995,0.8323153255820992,147
574,0.0,31,69,31,31,0,0,0,0,0.7112,1067.3862884507848,0.9673335948738068,138603.9914516116,1.0439498788874106,5.718348635662251,0.18446285921491132,0.08327770586106771,0.8306912934218292,147
575,0.0,31,69,31,31,0,0,0,0,0.7112,1068.0974884507848,0.9673600585376052,138627.79530992464,1.0433751873085,5.698852722280456,0.18383395878324052,0.08347736833086002,0.829050770900452,147
576,0.0,31,69,31,31,0,0,0,0,0.7112,1068.8086884507848,0.9673864793586965,138651.56748940833,1.0428036513892174,5.679356808898662,0.18320505835156975,0.08367770784268634,0.8273936355434024,147
577,0.0,31,69,31,31,0,0,0,0,0.7112,1069.5198884507847,0.9674128574410352,138675.3080532592,1.0422352632146688,5.659860895516868,0.18257615791989892,0.08387871954531859,0.8257197649050918,147
578,0.0,31,69,31,31,0,0,0,0,0.7112,1070.2310884507847,0.9674391928882401,138699.0170645058,1.0416700148964075,5.6403649821350745,0.18194725748822818,0.0840803986177206,0.8240290365996155,147
579,0.0,31,69,31,31,0,0,0,0,0.7112,1070.9422884507846,0.9674654858035947,138722.69458600922,1.0410909383396962,5.62086906875328,0.1813183570565574,0.08428274026907116,0.8223213283323373,147
580,0.0,31,69,31,31,0,0,0,0,0.7112,1071.6534884507846,0.9674917362900497,138746.34068046376,1.0405150142296258,5.601373155371486,0.18068945662488667,0.0844857397387806,0.820596517932384,147
581,0.0,31,69,31,31,0,0,0,0,0.7112,1072.3646884507846,0.9675179444502237,138769.95541039732,1.0399422346857143,5.581877241989691,0.1800605561932159,0.08468939229650059,0.8188544833860433,147
582,0.0,31,69,31,31,0,0,0,0,0.7112,1073.0758884507845,0.9675441103864044,138793.5388381721,1.0393725918537249,5.5623813286078985,0.17943165576154504,0.08489369324212792,0.817095102871096,147
583,0.0,30,70,31,30,0,1,0,0,0.7086231398726388,1073.784511590657,0.9675442696162434,138813.69901601115,1.0388153186980598,5.5429941987365545,0.1847664732912185,0.0798788262908721,0.8425286077607871,147
584,0.0,30,70,30,30,0,0,0,0,0.694944,1074.4794555906572,0.9675695309256953,138835.60008878508,1.0382697994237011,5.524260765301394,0.18414202551004644,0.08008611378064442,0.8409361068793897,147
585,0.0,30,70,30,30,0,0,0,0,0.69088,1075.1703355906573,0.9675947529423964,138857.99771250432,1.037726899245808,5.505622671445346,0.18352075571484486,0.08029543647360854,0.839327111827562,147
586,0.0,30,70,30,30,0,0,0,0,0.69088,1075.8612155906574,0.9676199357579526,138880.3665703009,1.0371707275042448,5.486984577589299,0.18289948591964328,0.08050543135330167,0.8377014435987555,147
587,0.0,30,70,30,30,0,0,0,0,0.69088,1076.5520955906575,0.9676450794636848,138902.70671755655,1.0366176225908563,5.468346483733252,0.18227821612444173,0.08071609317334377,0.836058976938164,147
588,0.0,30,70,30,30,0,0,0,0,0.69088,1077.2429755906576,0.9676701841506311,138925.01820951106,1.0360675771283372,5.4497083898772045,0.18165694632924018,0.08092741672540613,0.8343995866074699,147
589,0.0,30,70,30,30,0,0,0,0,0.69088,1077.9338555906577,0.9676952499095467,138947.30110126256,1.035520583763023,5.431070296021158,0.18103567653403857,0.08113939683914378,0.8327231474160441,147
590,0.0,30,70,30,30,0,0,0,0,0.6949440000000001,1078.6287995906578,0.9677202768309059,138969.03184569697,1.034977719650042,5.412336862585995,0.18041122875286655,0.08135065930383292,0.8310293135485204,147
591,0.0,30,70,30,30,0,0,0,0,0.69088,1079.3196795906579,0.9677452650049028,138991.25795324604,1.0344205533785387,5.393698768729949,0.179789958957665,0.08156393512841104,0.829318377076162,147
592,0.0,30,70,30,30,0,0,0,0,0.69088,1080.010559590658,0.9677702145214522,139013.4556248265,1.033866443268816,5.375060674873902,0.1791686891624634,0.08177785225223189,0.8275900162072779,147
593,0.0,30,70,30,30,0,0,0,0,0.69088,1080.701439590658,0.9677951254701912,139035.62491497476,1.0333153819985825,5.3564225810178545,0.17854741936726176,0.08199240565587144,0.8258441062654245,147
594,0.0,30,70,30,30,0,0,0,0,0.69088,1081.3923195906582,0.9678199979404799,139057.76587808775,1.0327673622689204,5.337784487161807,0.17792614957206024,0.08220759035745405,0.8240805227916673,147
595,0.0,30,70,30,30,0,0,0,0,0.69088,1082.0831995906583,0.9678448320214025,139079.87856842356,1.0322223768041894,5.3191463933057594,0.1773048797768587,0.08242340141254695,0.8222991415814096,147
596,0.0,30,70,30,30,0,0,0,0,0.69088,1082.7740795906584,0.9678696278017684,139101.96304010178,1.031680418351937,5.300508299449713,0.17668360998165705,0.08263983391404901,0.8204998387222091,147
597,0.0,30,70,30,30,0,0,0,0,0.69088,1083.4649595906585,0.9678943853701135,139124.01934710398,1.031141479682806,5.281870205593666,0.17606234018645553,0.08285688299207405,0.8186824906325986,147
598,0.0,30,70,30,30,0,0,0,0,0.69088,1084.1558395906586,0.9679191048147008,139146.04754327406,1.0306055535904406,5.263232111737619,0.17544107039125395,0.0830745438138289,0.8168469741019073,147
599,0.0,30,70,30,30,0,0,0,0,0.69088,1084.8467195906587,0.9679437862235216,139168.04768231887,1.0300726328913974,5.244594017881571,0.17481980059605237,0.08329281158348652,0.8149931663311313,147
600,0.0,30,70,30,30,0,0,0,0,0.69088,1085.5375995906588,0.9679684296842969,139190.01981780844,1.0295427104250523,5.2259559240255244,0.17419853080085082,0.08351168154205423,0.813120944974821,147
601,0.0,29,71,30,29,0,1,0,0,0.6755178164747678,1086.2131174071335,0.9679674297127054,139210.25034291024,1.0290256153155428,5.207782406750457,0.17957870368105028,0.07856297624973611,0.8393535531696587,147
602,0.0,29,71,29,29,0,0,0,0,0.67056,1086.8836774071335,0.9679911982191746,139231.09082013968,1.0284912080578896,5.189822822605309,0.17895940767604512,0.07873534895728705,0.8378250455018564,148
603,0.0,29,71,29,29,0,0,0,0,0.67056,1087.5542374071335,0.96801493147883,139251.90559788686,1.0279597662692141,5.17186323846016,0.17834011167104,0.07890848962238808,0.8362801994118476,148
604,0.0,29,71,29,29,0,0,0,0,0.67056,1088.2247974071336,0.9680386295700161,139272.69472365957,1.027431283140442,5.153903654315011,0.17772081566603484,0.07908239320100836,0.8347188796962575,148
605,0.0,29,71,29,29,0,0,0,0,0.67056,1088.8953574071336,0.9680622925708451,139293.45824484856,1.026905751883329,5.135944070169863,0.17710151966102974,0.07925705467125854,0.833140950860037,148
606,0.0,29,71,29,29,0,0,0,0,0.67056,1089.5659174071336,0.968085920559198,139314.19620872787,1.026383165730383,5.117984486024715,0.17648222365602464,0.07943246903362905,0.8315462771432283,148
607,0.0,29,71,29,29,0,0,0,0,0.67056,1090.2364774071336,0.9681095136127256,139334.90866245533,1.0258635179347817,5.100024901879566,0.17586292765101955,0.0796086313112191,0.8299347225486611,148
608,0.0,29,71,29,29,0,0,0,0,0.67056,1090.9070374071337,0.9681330718088493,139355.59565307273,1.0253468017702947,5.0820653177344175,0.1752436316460144,0.07978553654995617,0.8283061508705999,148
609,0.0,29,71,29,29,0,0,0,0,0.67056,1091.5775974071337,0.968156595224762,139376.2572275063,1.024833010531207,5.064105733589269,0.17462433564100924,0.07996317981880643,0.8266604257243624,148
610,0.0,29,71,29,29,0,0,0,0,0.67056,1092.2481574071337,0.9681800839374285,139396.8934325671,1.0243221375322373,5.0461461494441195,0.17400503963600417,0.08014155620997608,0.8249974105769183,148
611,0.0,28,72,29,28,0,1,0,0,0.6685980276209131,1092.9167554347546,0.9681781211874746,139414.0946621219,1.0238277610109148,5.02826559068294,0.17958091395296213,0.07462433974174444,0.8527479550210934,148
612,0.0,28,72,28,28,0,0,0,0,0.65024,1093.5669954347545,0.968200751803312,139433.6155320604,1.0233169831998916,5.011124466481137,0.17896873094575497,0.07480767194777821,0.8512680431242438,148
613,0.0,28,72,28,28,0,0,0,0,0.65024,1094.2172354347545,0.9682233502538071,139453.11320139474,1.0228090858428225,4.993983342279334,0.17835654793854766,0.07499178368130088,0.8497717700649364,148
614,0.0,28,72,28,28,0,0,0,0,0.65024,1094.8674754347544,0.968245916607487,139472.58771146132,1.022304062601742,4.976842218077531,0.17774436493134035,0.07517666921499758,0.8482589964368125,148
615,0.0,28,72,28,28,0,0,0,0,0.65024,1095.5177154347543,0.9682684509326845,139492.03910349842,1.021801907157267,4.9597010938757276,0.1771321819241331,0.07536232285380291,0.8467295824583074,148
616,0.0,28,72,28,28,0,0,0,0,0.654304,1096.1720194347542,0.9682909532975382,139510.95018723246,1.0213045265795235,4.942464630094809,0.17651659393195748,0.07554754676691898,0.8451824695827009,148
617,0.0,28,72,28,28,0,0,0,0,0.65024,1096.8222594347542,0.968313423769994,139530.35570126827,1.0208080864438183,4.925323505893006,0.17590441092475023,0.07573471651569688,0.8436193295842632,148
618,0.0,28,72,28,28,0,0,0,0,0.65024,1097.4724994347541,0.9683358624178048,139549.73822021045,1.0203144952594176,4.908182381691203,0.175292227917543,0.07592263750705482,0.8420391273083071,148
619,0.0,28,72,28,28,0,0,0,0,0.65024,1098.122739434754,0.9683582693085322,139569.0977849078,1.0198237467805802,4.8910412574894,0.17468004491033567,0.0761113041764746,0.8404417217311115,148
620,0.0,28,72,28,28,0,0,0,0,0.65024,1098.772979434754,0.9683806445095464,139588.43443611235,1.0193358347798047,4.873900133287597,0.17406786190312845,0.07630071099250356,0.838826971591839,148
621,0.0,28,72,28,28,0,0,0,0,0.65024,1099.423219434754,0.9684029880880275,139607.74821447989,1.0188507530477675,4.856759009085793,0.17345567889592117,0.0764908524568839,0.837194735423107,148
622,0.0,28,72,28,28,0,0,0,0,0.65024,1100.0734594347539,0.9684253001109654,139627.03916056993,1.0183536787265894,4.83961788488399,0.17284349588871392,0.07668172310467164,0.8355448715826023,148
623,0.0,28,72,28,28,0,0,0,0,0.65024,1100.7236994347538,0.9684475806451613,139646.30731484617,1.0178594439016646,4.822476760682187,0.17223131288150667,0.07687331750434477,0.8338772382857382,148
624,0.0,28,72,28,28,0,0,0,0,0.65024,1101.3739394347538,0.9684698297572277,139665.55271767682,1.0173680423706384,4.8053356364803825,0.17161912987429942,0.0770656302579015,0.8321916936393843,148
625,0.0,28,72,28,28,0,0,0,0,0.65024,1102.0241794347537,0.9684920475135896,139684.77540933475,1.0168794679492106,4.788194512278579,0.17100694686709209,0.07725865600094844,0.8304880956766889,148
626,0.0,28,72,28,28,0,0,0,0,0.65024,1102.6744194347536,0.9685142339804849,139703.97542999787,1.0163937144710615,4.771053388076776,0.17039476385988486,0.07745238940277896,0.8287663023930133,148
627,0.0,28,72,28,28,0,0,0,0,0.654304,1103.3287234347536,0.9685363892239646,139722.63816361743,1.0159108812366806,4.753816924295859,0.16977917586770924,0.07764560388826125,0.8270249339571796,148
628,0.0,28,72,28,28,0,0,0,0,0.65024,1103.9789634347535,0.9685585133098945,139741.7931950636,1.0154159990150846,4.736675800094055,0.16916699286050202,0.07784073388562757,0.8252662924395722,148
629,0.0,28,72,28,28,0,0,0,0,0.65024,1104.6292034347534,0.968580606303955,139760.92567529058,1.0149239407494535,4.719534675892252,0.1685548098532947,0.07803655577762852,0.8234890290553294,148
630,0.0,28,72,28,28,0,0,0,0,0.65024,1105.2794434347534,0.9686026682716421,139780.03564409923,1.0144347002982086,4.702393551690449,0.1679426268460875,0.07823306436870718,0.8216930020228106,148
631,0.0,28,72,28,28,0,0,0,0,0.65024,1105.9296834347533,0.9686246992782679,139799.1231411969,1.0139482715375694,4.685252427488646,0.1673304438388802,0.07843025449724841,0.8198780697196217,148
632,0.0,28,72,28,28,0,0,0,0,0.6543040000000001,1106.5839874347532,0.9686466993889612,139817.6747150181,1.0134505693542466,4.668015963707727,0.16671485584670456,0.07862688964443657,0.8180426728784448,148
633,0.0,28,72,28,28,0,0,0,0,0.65024,1107.2342274347532,0.9686686686686686,139836.71761910367,1.012955057088312,4.650874839505924,0.16610267283949734,0.07882542474796302,0.8161894708751052,148
634,0.0,28,72,28,28,0,0,0,0,0.65024,1107.884467434753,0.9686906071821546,139855.7381698513,1.0124623594828204,4.633733715304121,0.16549048983229006,0.07902462613221697,0.81431693940446,148
635,0.0,28,72,28,28,0,0,0,0,0.65024,1108.534707434753,0.9687125149940023,139874.7364065968,1.011972470438516,4.616592591102318,0.16487830682508278,0.07922448877132675,0.8124249379159614,148
636,0.0,28,72,28,28,0,0,0,0,0.65024,1109.184947434753,0.9687343921686146,139893.71236858374,1.0114853838737567,4.599451466900515,0.16426612381787553,0.07942500767340853,0.8105133262461699,148
637,0.0,28,72,28,28,0,0,0,0,0.65024,1109.835187434753,0.9687562387702137,139912.66609496367,1.0109864373617434,4.582310342698711,0.16365394081066828,0.07962617788055287,0.8085819646682326,148
638,0.0,28,72,28,28,0,0,0,0,0.65024,1110.4854274347529,0.9687780548628429,139931.5976247965,1.0104903023459384,4.565169218496909,0.163041757803461,0.07982799446880406,0.8066307139427121,148
639,0.0,28,72,28,28,0,0,0,0,0.65024,1111.1356674347528,0.9687998405103668,139950.50699705072,1.0099969727514955,4.548028094295105,0.16242957479625378,0.08003045254813251,0.804659435369778,148
640,0.0,28,72,28,28,0,0,0,0,0.65024,1111.7859074347527,0.9688215957764718,139969.39425060363,1.009506442521058,4.530886970093301,0.16181739178904647,0.08023354726240071,0.8026679908427811,148
641,0.0,28,72,28,28,0,0,0,0,0.65024,1112.4361474347527,0.9688433207246665,139988.25942424158,1.0090187056146964,4.513745845891497,0.1612052087818392,0.08043727378932235,0.8006562429032349,148
642,0.0,28,72,28,28,0,0,0,0,0.65024,1113.0863874347526,0.9688650154182831,140007.10255666036,1.0085337560098426,4.496604721689694,0.16059302577463194,0.08064162734041544,0.798624054797211,148
643,0.0,28,72,28,28,0,0,0,0,0.65024,1113.7366274347526,0.9688866799204772,140025.9236864654,1.0080515877012313,4.479463597487891,0.1599808427674247,0.08084660316094913,0.7965712905331683,148
644,0.0,28,72,28,28,0,0,0,0,0.65024,1114.3868674347525,0.9689083142942286,140044.72285217195,1.0075721947008334,4.462322473286088,0.15936865976021738,0.08105219652988474,0.7944978149412408,148
645,0.0,28,72,28,28,0,0,0,0,0.65024,1115.0371074347524,0.9689299186023427,140063.5000922055,1.0070955710377998,4.445181349084285,0.15875647675301013,0.08125840275981093,0.792403493733989,148
646,0.0,28,72,28,28,0,0,0,0,0.65024,1115.6873474347524,0.9689514929074496,140082.2554449019,1.0066217107583937,4.428040224882481,0.15814429374580288,0.08146521719687339,0.7902881935686347,148
647,0.0,28,72,28,28,0,0,0,0,0.65024,1116.3375874347523,0.9689730372720063,140100.98894850773,1.0061506079259357,4.410899100680678,0.1575321107385956,0.08167263522069909,0.7881517821107942,148
648,0.0,28,72,28,28,0,0,0,0,0.65024,1116.9878274347523,0.9689945517582962,140119.70064118045,1.005682256620737,4.393757976478874,0.15691992773138835,0.08188065224431544,0.7859941280997266,148
649,0.0,28,72,28,28,0,0,0,0,0.65024,1117.6380674347522,0.96901603642843,140138.39056098877,1.0052166509400426,4.3766168522770705,0.1563077447241811,0.08208926371406422,0.7838151014151026,148
650,0.0,28,72,28,28,0,0,0,0,0.65024,1118.2883074347521,0.9690374913443466,140157.05874591286,1.0047392647856372,4.359475728075267,0.15569556171697382,0.08229846510951075,0.7816145731453145,148
651,0.0,28,72,28,28,0,0,0,0,0.65024,1118.938547434752,0.9690589165678134,140175.70523384455,1.0042646332375942,4.342334603873464,0.15508337870976657,0.08250825194334839,0.7793924156573373,148
652,0.0,27,73,28,27,0,1,0,0,0.6336391265867974,1119.5721865613389,0.9690556159241331,140192.83605291738,1.0038017351449218,4.32582077805154,0.16021558437227928,0.07856110446705648,0.8061659408696247,148
653,0.0,27,73,27,27,0,0,0,0,0.62992,1120.202106561339,0.9690762358399763,140210.4129960406,1.0033493060711722,4.309447487129461,0.15960916618998,0.07877961960215268,0.8041044513815533,148
654,0.0,26,74,27,26,0,1,0,0,0.6245765923650776,1120.826683153704,0.9690721649484536,140225.06990801793,1.0029001623202694,4.293216173259643,0.1651236989715247,0.07395435428538005,0.8329240037460905,148
655,0.0,26,74,26,26,0,0,0,0,0.6096,1121.436283153704,0.969091984619935,140241.583371745,1.0024584115285893,4.277382709542669,0.16451471959779498,0.07414246024271678,0.8311814050045576,149
656,0.0,26,74,26,26,0,0,0,0,0.6096,1122.045883153704,0.9691117789053648,140258.07889216396,1.0020058822456823,4.261549245825695,0.16390574022406518,0.07433140500729814,0.8294191040701944,149
657,0.0,26,74,26,26,0,0,0,0,0.6096,1122.655483153704,0.9691315478534857,140274.5564985044,1.0015560151807765,4.24571578210872,0.1632967608503354,0.0745211821988618,0.8276369392854395,149
658,0.0,26,74,26,26,0,0,0,0,0.6096,1123.265083153704,0.9691512915129151,140291.0162199324,1.001108805062956,4.229882318391747,0.16268778147660562,0.07471178547400498,0.8258347490180692,149
659,0.0,26,74,26,26,0,0,0,0,0.6096,1123.874683153704,0.9691710099321467,140307.4580855508,1.0006642466352105,4.214048854674772,0.16207880210287584,0.07490320852641992,0.824012371709394,149
660,0.0,26,74,26,26,0,0,0,0,0.6096,1124.484283153704,0.9691907031595499,140323.8821243993,1.0002223346543884,4.198215390957798,0.16146982272914606,0.07509544508711413,0.8221696459239732,149
661,0.0,26,74,26,26,0,0,0,0,0.6096,1125.093883153704,0.9692103712433706,140340.2883654547,0.9997696798915577,4.182381927240824,0.1608608433554163,0.07528848892461595,0.8203064104008841,149
662,0.0,26,74,26,26,0,0,0,0,0.6096,1125.703483153704,0.9692300142317318,140356.67683763098,0.9993196787501871,4.166548463523849,0.1602518639816865,0.07548233384516594,0.8184225041065601,149
663,0.0,26,74,26,26,0,0,0,0,0.6096,1126.313083153704,0.9692496321726336,140373.0475697796,0.9988723259936605,4.150714999806874,0.15964288460795678,0.07567697369289397,0.8165177662892384,149
664,0.0,26,74,26,26,0,0,0,0,0.6096,1126.922683153704,0.9692692251139539,140389.4005906895,0.9984276163991316,4.1348815360899005,0.15903390523422697,0.07587240234998276,0.814592036535023,149
665,0.0,26,74,26,26,0,0,0,0,0.6096,1127.532283153704,0.9692887931034483,140405.73592908744,0.9979721959273203,4.119048072372927,0.15842492586049714,0.07606861373681785,0.8126451548256134,149
666,0.0,26,74,26,26,0,0,0,0,0.6096,1128.141883153704,0.9693083361887512,140422.05361363804,0.997519425739939,4.103214608655953,0.15781594648676742,0.07626560181212455,0.8106769615977049,149
667,0.0,26,74,26,26,0,0,0,0,0.6096,1128.751483153704,0.969327854417376,140438.35367294404,0.997069300620681,4.087381144938978,0.1572069671130376,0.0764633605730921,0.8086872978040875,149
668,0.0,26,74,26,26,0,0,0,0,0.6096,1129.361083153704,0.9693473478367147,140454.63613554635,0.9966218153669214,4.071547681222004,0.15659798773930783,0.07666188405548534,0.8066760049764845,149
669,0.0,26,74,26,26,0,0,0,0,0.6096,1129.970683153704,0.9693668164940394,140470.9010299244,0.9961769647896697,4.055714217505029,0.15598900836557805,0.0768611663337441,0.8046429252901313,149
670,0.0,26,74,26,26,0,0,0,0,0.6096,1130.580283153704,0.9693862604365021,140487.14838449607,0.9957214385860965,4.039880753788056,0.15538002899184827,0.07706120152107088,0.8025879016301363,149
671,0.0,26,74,26,26,0,0,0,0,0.6096,1131.189883153704,0.969405679711135,140503.37822761812,0.9952685541342361,4.024047290071081,0.15477104961811847,0.07726198376950683,0.8005107776596371,149
672,0.0,26,74,26,26,0,0,0,0,0.6096,1131.799483153704,0.969425074364851,140519.59058758608,0.9948183062515791,4.0082138263541065,0.15416207024438874,0.07746350726999646,0.7984113978897814,149
673,0.0,26,74,26,26,0,0,0,0,0.6096,1132.409083153704,0.9694444444444444,140535.78549263463,0.9943706897691604,3.9923803626371326,0.15355309087065894,0.07766576625244144,0.7962896077515444,149
674,0.0,26,74,26,26,0,0,0,0,0.6096,1133.018683153704,0.9694637899965909,140551.96297093772,0.99392569953152,3.9765468989201582,0.15294411149692916,0.07786875498574361,0.7941452536694188,149
675,0.0,26,74,26,26,0,0,0,0,0.6096,1133.628283153704,0.9694831110678478,140568.12305060858,0.9934833303966542,3.9607134352031843,0.1523351321231994,0.07807246777783758,0.7919781831369818,149
676,0.0,26,74,26,26,0,0,0,0,0.6096,1134.237883153704,0.9695024077046549,140584.26575970012,0.9930435772359762,3.94487997148621,0.1517261527494696,0.07827689897571327,0.7897882447943688,149
677,0.0,26,74,26,26,0,0,0,0,0.613664,1134.851547153704,0.9695216799533346,140599.887624235,0.9926082687773377,3.928951168190121,0.15111350646885086,0.07848099217905252,0.7875716491478014,149
678,0.0,26,74,26,26,0,0,0,0,0.6096,1135.461147153704,0.9695409278600923,140615.9958887495,0.9921737310382062,3.9131177044731476,0.15050452709512105,0.07868683997019421,0.7853354679433809,149
679,0.0,26,74,26,26,0,0,0,0,0.6096,1136.070747153704,0.9695601514710166,140632.0868663158,0.991741793969107,3.897284240756173,0.1498955477213913,0.0788933894697282,0.7830759715576393,149
680,0.0,26,74,26,26,0,0,0,0,0.613664,1136.6844111537039,0.9695793508320799,140647.65772386573,0.9913145878029198,3.8813554374600847,0.1492829014407725,0.07909957846473366,0.7807891787680565,149
681,0.0,26,74,26,26,0,0,0,0,0.6096,1137.2940111537039,0.9695985259891389,140663.7144230767,0.9908878354728246,3.8655219737431104,0.1486739220670427,0.07930751158358039,0.7784825545424149,149
682,0.0,26,74,26,26,0,0,0,0,0.6096,1137.9036111537039,0.9696176769879343,140679.7539184336,0.9904504672287155,3.8496885100261364,0.1480649426933129,0.07951613006366529,0.7761521810158587,149
683,0.0,26,74,26,26,0,0,0,0,0.613664,1138.5172751537038,0.969636803874092,140695.2740162635,0.9900181321751548,3.833759706730048,0.14745229641269414,0.07972436605392313,0.7737938768550796,149
684,0.0,26,74,26,26,0,0,0,0,0.6096,1139.1268751537038,0.969655906693123,140711.27939841832,0.9895859524775228,3.8179262430130736,0.14684331703896436,0.07993433587749285,0.7714155193315457,149
685,0.0,26,74,26,26,0,0,0,0,0.6096,1139.7364751537039,0.9696749854904236,140727.26765928033,0.989156360274137,3.802092779296099,0.1462343376652346,0.08014497506452023,0.7690129940548063,149
686,0.0,26,74,26,26,0,0,0,0,0.6096,1140.3460751537039,0.9696940403112765,140743.23882630738,0.9887293505349765,3.7862593155791253,0.14562535829150483,0.0803562783511663,0.766586165803897,149
687,0.0,26,74,26,26,0,0,0,0,0.6096,1140.9556751537039,0.9697130712008502,140759.19292689857,0.9882917595880057,3.770425851862151,0.14501637891777505,0.08056824051230413,0.7641349014876012,149
688,0.0,26,74,26,26,0,0,0,0,0.6096,1141.5652751537039,0.9697320782041998,140775.1299883945,0.9878567581155783,3.754592388145177,0.14440739954404525,0.08078085636144045,0.761659070245947,149
689,0.0,26,74,26,26,0,0,0,0,0.6096,1142.1748751537039,0.9697510613662679,140791.05003807746,0.98742434109359,3.7387589244282022,0.1437984201703155,0.0809941207506303,0.7591585435537539,149
690,0.0,26,74,26,26,0,0,0,0,0.6096,1142.7844751537039,0.9697700207318837,140806.95310317146,0.986994503510926,3.7229254607112283,0.14318944079658572,0.08120802857038525,0.7566331953262343,149
691,0.0,26,74,26,26,0,0,0,0,0.6096,1143.3940751537039,0.9697889563457647,140822.8392108425,0.9865541157109993,3.7070919969942544,0.1425804614228559,0.08142257474957516,0.7540829020266502,149
692,0.0,26,74,26,26,0,0,0,0,0.6096,1144.0036751537039,0.969807868252516,140838.70838819863,0.9861163143104177,3.6912585332772796,0.14197148204912613,0.08163775425532367,0.7515075427760168,149
693,0.0,26,74,26,26,0,0,0,0,0.6096,1144.6132751537039,0.9698267564966314,140854.56066229017,0.9856810943039912,3.6754250695603052,0.14136250267539635,0.08185356209289797,0.7489069994648478,149
694,0.0,26,74,26,26,0,0,0,0,0.6096,1145.2228751537039,0.9698456211224932,140870.39606010987,0.9852484506994376,3.6595916058433313,0.1407535233016666,0.08206999330559257,0.7462811568669416,149
695,0.0,26,74,26,26,0,0,0,0,0.6096,1145.8324751537039,0.9698644621743728,140886.21460859297,0.9848183785173387,3.643758142126357,0.1401445439279368,0.08228704297460769,0.743629902755187,149
696,0.0,26,74,26,26,0,0,0,0,0.6096,1146.4420751537039,0.9698832796964312,140902.01633461754,0.9843777903822256,3.6279246784093826,0.13953556455420707,0.0825047062189223,0.7409531280193887,149
697,0.0,26,74,26,26,0,0,0,0,0.6096,1147.0516751537039,0.9699020737327189,140917.80126500438,0.9839397805837372,3.6120912146924082,0.13892658518047724,0.08272297819516194,0.7382507267860808,149
698,0.0,26,74,26,26,0,0,0,0,0.6096,1147.6612751537039,0.9699208443271767,140933.56942651738,0.9835043441483299,3.596257750975434,0.13831760580674748,0.08294185409746167,0.7355225965403317,149
699,0.0,26,74,26,26,0,0,0,0,0.6096,1148.2708751537039,0.9699395915236361,140949.3208458636,0.9830714761152414,3.58042428725846,0.1377086264330177,0.0831613291573242,0.7327686382494973,149
700,0.0,26,74,26,26,0,0,0,0,0.6136640000000001,1148.8845391537038,0.9699583153658186,140964.55690777925,0.9826426771677523,3.5644954839623715,0.13709598015239893,0.08338028789297963,0.7299834640892041,149
701,0.0,25,75,26,25,0,1,0,0,0.602603905013668,1149.4871430587175,0.9699530741237311,140977.6533635593,0.9822290525588501,3.54890771582109,0.14195630863284361,0.08056634566976159,0.7563693782715764,149
702,0.0,25,75,25,25,0,0,0,0,0.58928,1150.0764230587174,0.9699710477831216,140992.3695059709,0.9818180090928332,3.5337878693588602,0.1413515147743544,0.08079769671519149,0.7537294364942911,149
703,0.0,25,75,25,25,0,0,0,0,0.58928,1150.6657030587173,0.9699889999521737,141007.07057549316,0.9814094760962909,3.5186680228966303,0.14074672091586518,0.08102963598903248,0.7510638089568211,149
704,0.0,25,75,25,25,0,0,0,0,0.593344,1151.2590470587172,0.970006930669407,141021.25878166466,0.9810054514926193,3.503452836855286,0.14013811347421143,0.08126120987800707,0.7483665369079452,149
705,0.0,25,75,25,25,0,0,0,0,0.58928,1151.8483270587171,0.9700248399732493,141035.9299777138,0.980601924296925,3.488332990393056,0.13953331961572224,0.08149430726211683,0.745649138884772,149
706,0.0,25,75,25,25,0,0,0,0,0.58928,1152.437607058717,0.9700427279020362,141050.58617001373,0.9801883930744529,3.473213143930826,0.13892852575723305,0.0817279779240964,0.7429057457829622,149
707,0.0,25,75,25,25,0,0,0,0,0.58928,1153.026887058717,0.9700605944940122,141065.2273815685,0.9797773692066053,3.4580932974685963,0.13832373189874383,0.08196221696077623,0.7401362619437204,149
708,0.0,25,75,25,25,0,0,0,0,0.58928,1153.6161670587169,0.9700784397873304,141079.85363533505,0.9793688480715886,3.4429734510063663,0.13771893804025465,0.08219701951301889,0.7373405954610598,149
709,0.0,25,75,25,25,0,0,0,0,0.58928,1154.2054470587168,0.9700962638200534,141094.4649542235,0.9789628250589586,3.4278536045441363,0.13711414418176543,0.08243238076542701,0.7345186583101527,149
710,0.0,25,75,25,25,0,0,0,0,0.58928,1154.7947270587167,0.9701140666301526,141109.06136109724,0.9785592955695902,3.412733758081906,0.13650935032327624,0.08266829594604914,0.7316703664774469,149
711,0.0,25,75,25,25,0,0,0,0,0.58928,1155.3840070587166,0.9701318482555096,141123.64287877295,0.9781457927336691,3.397613911619676,0.13590455646478708,0.08290476032608303,0.7287956400925032,149
712,0.0,25,75,25,25,0,0,0,0,0.58928,1155.9732870587166,0.9701496087339153,141138.20953002077,0.9777347895334689,3.382494065157446,0.13529976260629786,0.08314176921957736,0.7258944035615139,149
713,0.0,25,75,25,25,0,0,0,0,0.58928,1156.5625670587165,0.9701673481030713,141152.76133756456,0.9773262813755347,3.3673742186952165,0.13469496874780865,0.08337931798313139,0.7229665857024641,149
714,0.0,24,76,25,23,0,2,0,0,0.5616669335460938,1157.1242339922626,0.9701375525621837,141163.7533823289,0.976936279734601,3.3529588797474754,0.13970661998947817,0.08058899704107529,0.7503284988208825,149
715,0.0,24,76,24,24,0,0,0,0,0.56896,1157.6931939922626,0.9701545694137759,141177.30055610256,0.9765272522102616,3.338258091189977,0.1390940871329157,0.08084124776672666,0.7475006546713583,150
716,0.0,24,76,24,24,0,0,0,0,0.56896,1158.2621539922627,0.9701715668826084,141190.83442062672,0.9761206929698764,3.3235573026324783,0.13848155427635325,0.0810942102702292,0.744644671284303,150
717,0.0,24,76,24,24,0,0,0,0,0.56896,1158.8311139922628,0.9701885450017788,141204.354995505,0.975716597669149,3.30885651407498,0.13786902141979082,0.08134787791146748,0.7417604555406472,150
718,0.0,24,76,24,24,0,0,0,0,0.56896,1159.4000739922628,0.9702055038043091,141217.86230030257,0.9753149619739739,3.2941557255174816,0.1372564885632284,0.08160224411449665,0.7388479190407578,150
719,0.0,24,76,24,24,0,0,0,0,0.56896,1159.969033992263,0.9702224433231469,141231.3563545462,0.974915781560402,3.279454936959983,0.13664395570666596,0.081857302367112,0.7359069782581487,150
720,0.0,24,76,24,24,0,0,0,0,0.573024,1160.542057992263,0.9702393635911641,141244.34256487136,0.9745205396695207,3.2646588088233703,0.13602745036764044,0.08211224309910933,0.7329299511480881,150
721,0.0,24,76,24,24,0,0,0,0,0.56896,1161.111017992263,0.9702562646411586,141257.81037166328,0.9741262560171225,3.249958020265872,0.135414917511078,0.08236866211620868,0.7299318728929828,150
722,0.0,24,76,24,24,0,0,0,0,0.56896,1161.679977992263,0.9702731465058532,141271.26498610704,0.9737344147361612,3.235257231708373,0.13480238465451555,0.08262575405608764,0.7269051694376202,150
723,0.0,24,76,24,24,0,0,0,0,0.56896,1162.248937992263,0.9702900092178969,141284.70642757698,0.9733450115430271,3.220556443150875,0.1341898517979531,0.08288351265683684,0.7238497783249387,150
724,0.0,24,76,24,24,0,0,0,0,0.56896,1162.8178979922632,0.9703068528098646,141298.13471540943,0.9729580421641217,3.2058556545933765,0.1335773189413907,0.08314193171806264,0.7207656427656367,150
725,0.0,23,77,24,22,0,2,0,0,0.5467402608821484,1163.3646382531454,0.9702764596170644,141307.37224989358,0.9726054034548463,3.1917044263402374,0.13876975766696684,0.08030819330228042,0.7491133345330879,150
726,0.0,23,77,23,23,0,0,0,0,0.54864,1163.9132782531453,0.9702925908447381,141319.80713104774,0.9722246335700683,3.1774005630763353,0.13814785056853635,0.08059601080967814,0.7460680836789345,151
727,0.0,23,77,23,23,0,0,0,0,0.54864,1164.4619182531453,0.9703087045727896,141332.23029473293,0.9718349057671177,3.163096699812434,0.13752594347010583,0.08088544906301386,0.7429880289252228,151
728,0.0,23,77,23,23,0,0,0,0,0.54864,1165.0105582531453,0.9703248008296799,141344.6417575035,0.9714475878429277,3.148792836548533,0.13690403637167536,0.08117649072577234,0.739873094500481,151
729,0.0,23,77,23,23,0,0,0,0,0.54864,1165.5591982531453,0.9703408796438079,141357.04153588272,0.9710626757605564,3.1344889732846317,0.13628212927324482,0.08146911861381419,0.7367232131144933,151
730,0.0,23,77,23,23,0,0,0,0,0.54864,1166.1078382531452,0.970356941043511,141369.4296463626,0.9706801654920735,3.12018511002073,0.13566022217481438,0.08176331569601607,0.7335383261992772,151
731,0.0,23,77,23,23,0,0,0,0,0.5527040000000001,1166.6605422531452,0.9703729850570655,141381.31360939608,0.970289606224472,3.105785907177714,0.13503416987729197,0.08205844603411273,0.7303092639975265,151
732,0.0,23,77,23,23,0,0,0,0,0.54864,1167.2091822531452,0.9703890117126864,141393.67862187265,0.9699005658915594,3.091482043913813,0.13441226277886145,0.08235572595184025,0.7270541147545716,151
733,0.0,23,77,23,23,0,0,0,0,0.54864,1167.7578222531452,0.9704050210385275,141406.0320156038,0.9695139279581261,3.077178180649912,0.13379035568043093,0.082654524941531,0.7237638377317961,151
734,0.0,23,77,23,23,0,0,0,0,0.54864,1168.3064622531451,0.970421013062682,141418.37380695806,0.9691296884109644,3.06287431738601,0.13316844858200047,0.08295482658833099,0.7204384116867663,151
735,0.0,23,77,23,23,0,0,0,0,0.54864,1168.855102253145,0.9704369878131824,141430.7040122733,0.9687478432457993,3.0485704541221086,0.13254654148356995,0.08325661463225786,0.7170778253131215,151
736,0.0,23,77,23,23,0,0,0,0,0.54864,1169.403742253145,0.9704529453180004,141443.0226478567,0.9683683884672658,3.0342665908582074,0.13192463438513946,0.08355987296832651,0.7136820774830578,151
737,0.0,23,77,23,23,0,0,0,0,0.54864,1169.952382253145,0.9704688856050477,141455.32972998492,0.9679913200888822,3.019962727594306,0.13130272728670894,0.08386458564659917,0.7102511774891824,151
738,0.0,22,78,23,21,0,2,0,0,0.495808,1170.448190253145,0.9704379219804952,141467.17588942428,0.967635528217713,3.007267020634212,0.13669395548337324,0.08111285591654015,0.7395837306301214,151
739,0.0,22,78,22,22,0,0,0,0,0.52832,1170.9765102531449,0.9704531608791415,141478.49982420693,0.9672713131350048,2.9937691070830197,0.13608041395831907,0.08132690886526266,0.7368263355185802,153
740,0.0,22,78,22,22,0,0,0,0,0.52832,1171.5048302531447,0.9704683840749414,141489.81354535482,0.9668986583086646,2.9802711935318276,0.13546687243326486,0.08154253399685249,0.7340374824240112,153
741,0.0,22,78,22,22,0,0,0,0,0.52832,1172.0331502531446,0.9704835915921539,141501.11706668002,0.9665283593544054,2.966773279980636,0.13485333090821072,0.08175971887234397,0.7312170427510598,153
742,0.0,22,78,22,22,0,0,0,0,0.52832,1172.5614702531445,0.9704987834549879,141512.4104019697,0.9661604125240039,2.9532753664294433,0.1342397893831565,0.08197845109508574,0.7283648936152196,153
743,0.0,22,78,22,22,0,0,0,0,0.52832,1173.0897902531444,0.9705139596876023,141523.69356498626,0.9657948140771838,2.9397774528782517,0.13362624785810237,0.08219871831252465,0.7254809180490669,153
744,0.0,22,78,22,22,0,0,0,0,0.52832,1173.6181102531443,0.9705291203141068,141534.96656946716,0.9654207952371657,2.9262795393270595,0.13301270633304815,0.08242050821793057,0.7225650052110614,153
745,0.0,22,78,22,22,0,0,0,0,0.52832,1174.1464302531442,0.9705442653585611,141546.2294291253,0.965049128724013,2.9127816257758674,0.13239916480799394,0.08264380855206223,0.719617050596819,153
746,0.0,21,79,22,20,0,1,1,0,0.4874498490367511,1174.633880102181,0.9705127007844602,141555.5968686479,0.9647026551857157,2.9003557113020357,0.13811217672866838,0.07947830094456969,0.7512265035044954,153
747,0.0,21,79,21,21,0,0,0,0,0.508,1175.141880102181,0.970527150957926,141565.884781108,0.9643519749635863,2.8872858966177426,0.1374898046008449,0.07972594878038121,0.7483646427667715,154
748,0.0,21,79,21,21,0,0,0,0,0.508,1175.649880102181,0.9705415869757895,141576.16380272468,0.9639933470490035,2.87421608193345,0.13686743247302147,0.07997532128239936,0.7454687156956274,154
749,0.0,21,79,21,21,0,0,0,0,0.5120640000000001,1176.161944102181,0.9705560088588413,141585.94472049386,0.9636375213628126,2.8610509276700435,0.1362405203652402,0.08022626810705992,0.7425264935093906,154
750,0.0,21,79,21,21,0,0,0,0,0.508,1176.669944102181,0.9705704166278312,141596.2061707353,0.9632835179866313,2.8479811129857513,0.13561814823741675,0.08047903398867307,0.7395619441171177,154
751,0.0,21,79,21,21,0,0,0,0,0.508,1177.177944102181,0.9705848103034679,141606.45876451326,0.9629318217597945,2.8349112983014586,0.13499577610959326,0.08073347661601586,0.7365629657653288,154
752,0.0,21,79,21,21,0,0,0,0,0.508,1177.685944102181,0.9705991899064202,141616.7025132886,0.9625721948756016,2.821841483617166,0.1343734039817698,0.08098958018573878,0.7335294526763044,154
753,0.0,21,79,21,21,0,0,0,0,0.508,1178.1939441021811,0.9706135554573163,141626.93742850234,0.9622148784796893,2.808771668932873,0.13375103185394632,0.08124732899123695,0.7304613068076551,154
754,0.0,21,79,21,21,0,0,0,0,0.508,1178.7019441021812,0.9706279069767442,141637.16352157586,0.961859869084488,2.7957018542485805,0.1331286597261229,0.08150670742431582,0.7273584380998884,154
755,0.0,21,79,21,21,0,0,0,0,0.508,1179.2099441021812,0.9706422444852514,141647.38080391078,0.9615071632094401,2.7826320395642883,0.1325062875982994,0.08176769997676586,0.7242207647258816,154
756,0.0,21,79,21,21,0,0,0,0,0.508,1179.7179441021813,0.9706565680033455,141657.58928688912,0.9611567573809886,2.7695622248799956,0.13188391547047598,0.08203029124184809,0.7210482133420701,154
757,0.0,21,79,21,21,0,0,0,0,0.508,1180.2259441021813,0.9706708775514943,141667.78898187328,0.9608086481325561,2.756492410195703,0.1312615433426525,0.0822944659156926,0.7178407193411608,154
758,0.0,21,79,21,21,0,0,0,0,0.508,1180.7339441021813,0.9706851731501254,141677.97990020618,0.9604628320045279,2.7434225955114107,0.13063917121482907,0.08256020879861199,0.7145982271061602,154
759,0.0,21,79,21,21,0,0,0,0,0.508,1181.2419441021814,0.9706994548196265,141688.1620532111,0.960119305544235,2.7303527808271175,0.13001679908700559,0.08282750479633187,0.711320690265498,154
760,0.0,21,79,21,21,0,0,0,0,0.508,1181.7499441021814,0.9707137225803459,141698.33545219197,0.959778065305936,2.717282966142825,0.12939442695918216,0.08309633892114016,0.7080080719490338,154
761,0.0,21,79,21,21,0,0,0,0,0.508,1182.2579441021815,0.9707279764525923,141708.50010843322,0.9594391078508007,2.704213151458532,0.12877205483135867,0.08336669629295776,0.7046603450446882,154
762,0.0,21,79,21,21,0,0,0,0,0.508,1182.7659441021815,0.9707422164566345,141718.6560331999,0.9590922467138403,2.69114333677424,0.12814968270353524,0.08363856214033194,0.7012774924554721,154
763,0.0,21,79,21,21,0,0,0,0,0.508,1183.2739441021815,0.9707564426127023,141728.80323773777,0.9587476717040501,2.678073522089947,0.12752731057571182,0.08391192180135505,0.69785950735664,154
764,0.0,21,79,21,21,0,0,0,0,0.508,1183.7819441021816,0.9707706549409859,141738.9417332732,0.958405379387907,2.6650037074056545,0.12690493844788833,0.0841867607245102,0.6944063934527076,154
765,0.0,21,79,21,21,0,0,0,0,0.508,1184.2899441021816,0.9707848534616363,141749.0715310134,0.9580653663387596,2.6519338927213623,0.12628256632006485,0.08446306446944599,0.6909181652340546,154
766,0.0,19,81,21,18,0,3,0,0,0.46222938515441725,1184.752173487336,0.9707296772403589,141754.54053454427,0.957769468232452,2.640142754264307,0.1389548818033846,0.07798100214859435,0.7604900575224147,154
767,0.0,19,81,19,19,0,0,0,0,0.46736,1185.219533487336,0.9707425296387882,141762.76651940218,0.9574495050110893,2.6283453348616677,0.13833396499271935,0.07819761977010699,0.7578380840510931,156
768,0.0,19,81,19,19,0,0,0,0,0.46736,1185.6868934873362,0.9707553707553708,141770.98601941776,0.9571317652478085,2.6165479154590283,0.13771304818205413,0.07841691401276392,0.7551489652350419,156
769,0.0,19,81,19,19,0,0,0,0,0.46736,1186.1542534873363,0.9707682006049551,141779.1990422563,0.9568162459281446,2.604750496056389,0.1370921313713889,0.07863886248429607,0.7524225045428903,156
770,0.0,19,81,19,19,0,0,0,0,0.46736,1186.6216134873364,0.9707810192023634,141787.40559557112,0.9565029440430807,2.5929530766537496,0.13647121456072364,0.07886344277500616,0.7496585127126376,156
771,0.0,19,81,19,19,0,0,0,0,0.475488,1187.0971014873364,0.9707938265623919,141794.63481892398,0.9561830682047278,2.580964978092882,0.13584026200488855,0.07909162984843297,0.7468241039516158,156
772,0.0,19,81,19,19,0,0,0,0,0.46736000000000005,1187.5644614873365,0.9708066226998109,141802.82878210372,0.9558650256034733,2.5691675586902427,0.13521934519422332,0.07932138538139183,0.7439842577290436,156
773,0.0,19,81,19,19,0,0,0,0,0.46736000000000005,1188.0318214873366,0.970819407629365,141811.0162984349,0.9555400333030057,2.557370139287604,0.13459842838355807,0.0795537055675527,0.7411063564474607,156
774,0.0,19,81,19,19,0,0,0,0,0.46736000000000005,1188.4991814873367,0.9708321813657728,141819.1973755229,0.9552172629805021,2.5455727198849645,0.13397751157289284,0.07978856800443455,0.7381902429664688,156
775,0.0,19,81,19,19,0,0,0,0,0.46736000000000005,1188.9665414873368,0.9708449439237271,141827.3720209611,0.9548967116316502,2.5337753004823247,0.13335659476222764,0.08002595030883121,0.7352357689452462,156
776,0.0,19,81,19,19,0,0,0,0,0.46736000000000005,1189.433901487337,0.9708576953178951,141835.54024233104,0.9545692222363086,2.521977881079686,0.13273567795156244,0.08026583012358746,0.7322427951582572,156
777,0.0,19,81,19,19,0,0,0,0,0.46736000000000005,1189.901261487337,0.9708704355629185,141843.7020472023,0.9542439540661606,2.510180461677046,0.13211476114089715,0.08050818512418169,0.7292111918138072,156
778,0.0,19,81,19,19,0,0,0,0,0.46736000000000005,1190.3686214873371,0.9708831646734131,141851.85744313258,0.9539209041219672,2.498383042274407,0.13149384433023195,0.08075299302511486,0.726140838875197,156
779,0.0,19,81,19,19,0,0,0,0,0.46736000000000005,1190.8359814873372,0.9708958826639693,141860.0064376677,0.9536000694098885,2.4865856228717673,0.13087292751956672,0.08100023158610611,0.7230316263841879,156
780,0.0,19,81,19,19,0,0,0,0,0.46736,1191.3033414873373,0.970908589549152,141868.14903834165,0.9532814469414677,2.4747882034691284,0.1302520107089015,0.08124987861809532,0.7198834547865208,156
781,0.0,19,81,19,19,0,0,0,0,0.46736,1191.7707014873374,0.970921285343501,141876.2852526766,0.9529650337336228,2.4629907840664886,0.12963109389823624,0.08150191198905374,0.7166962352591673,156
782,0.0,19,81,19,19,0,0,0,0,0.46736000000000005,1192.2380614873375,0.97093397006153,141884.41508818296,0.952650826808632,2.4511933646638497,0.12901017708757107,0.08175630962960309,0.7134698900390144,156
783,0.0,19,81,19,19,0,0,0,0,0.46736,1192.7054214873376,0.9709466437177281,141892.5385523593,0.9523388231941226,2.43939594526121,0.12838926027690578,0.08201304953844497,0.7102043527526389,156
784,0.0,19,81,19,19,0,0,0,0,0.46736,1193.1727814873377,0.9709593063265587,141900.65565269248,0.9520290199230583,2.4275985258585706,0.12776834346624055,0.08227210978760154,0.7068995687468448,156
785,0.0,19,81,19,19,0,0,0,0,0.46736,1193.6401414873378,0.9709719579024603,141908.76639665765,0.9517122969770304,2.4158011064559313,0.1271474266555753,0.08253346852746905,0.7035554954195813,156
786,0.0,19,81,19,19,0,0,0,0,0.46736,1194.107501487338,0.970984598459846,141916.87079171822,0.9513977766338428,2.404003687053292,0.1265265098449101,0.08279710399168633,0.7001721025508829,156
787,0.0,19,81,19,19,0,0,0,0,0.46736,1194.574861487338,0.970997228013104,141924.96884532593,0.9510854559314023,2.3922062676506526,0.12590559303424487,0.08306299450181981,0.6967493726334286,156
788,0.0,19,81,19,19,0,0,0,0,0.471424,1195.046285487338,0.9710098465765972,141932.57789243775,0.9507771528732092,2.380313508668899,0.12527965835099472,0.0833314523138309,0.6932685635675834,156
789,0.0,19,81,19,19,0,0,0,0,0.46736,1195.5136454873382,0.9710224541646639,141940.66344665343,0.9504692217716484,2.36851608926626,0.12465874154032944,0.08360177851885021,0.6897670113454076,156
790,0.0,19,81,19,19,0,0,0,0,0.46736000000000005,1195.9810054873383,0.9710350507916171,141948.74268159716,0.9501543848075427,2.3567186698636204,0.12403782472966418,0.08387429536074403,0.686226148159568,156
791,0.0,19,81,19,19,0,0,0,0,0.46736000000000005,1196.4483654873384,0.9710476364717452,141956.81560467425,0.9498417438304516,2.3449212504609807,0.12341690791899898,0.08414898155635397,0.6826460106757785,156
792,0.0,18,82,19,16,0,2,1,0,0.36982400000000004,1196.8181894873385,0.970991633520779,141966.42522017544,0.9495526987467293,2.3357031260346304,0.1297612847797017,0.08134954441709252,0.7178622995962545,156
793,0.0,18,82,18,18,0,0,0,0,0.44704,1197.2652294873385,0.9710035645736221,141973.554241431,0.9492509440926917,2.3243208706409257,0.1291289372578292,0.08164744568003814,0.7143899958085753,158
794,0.0,18,82,18,18,0,0,0,0,0.44704000000000005,1197.7122694873385,0.9710154858160888,141980.67794094488,0.9489513568502118,2.312938615247221,0.12849658973595676,0.08194804293206771,0.710874259577446,158
795,0.0,18,82,18,18,0,0,0,0,0.44704,1198.1593094873385,0.971027397260274,141987.79632467378,0.9486539342674087,2.301556359853517,0.12786424221408427,0.08225130661474148,0.7073150973146329,158
796,0.0,18,82,18,18,0,0,0,0,0.44704,1198.6063494873385,0.9710392989182528,141994.90939856553,0.9483586735970594,2.2901741044598127,0.1272318946922118,0.08255720734365586,0.7037125316313643,158
797,0.0,18,82,18,18,0,0,0,0,0.44704,1199.0533894873386,0.9710511908020805,142002.01716855908,0.9480569795248762,2.278791849066108,0.12659954717033933,0.08286571591466234,0.7000666017216663,158
798,0.0,18,82,18,18,0,0,0,0,0.451104,1199.5044934873386,0.9710630729237926,142008.63850436092,0.9477589760711403,2.2673142540932893,0.12596190300518273,0.0831775094329418,0.6963559921896426,158
799,0.0,18,82,18,18,0,0,0,0,0.44704,1199.9515334873386,0.9710749452954048,142015.73583954934,0.9474616060029492,2.255931998699585,0.1253295554833103,0.08349113429893078,0.6926233600041387,158
800,0.0,18,82,18,18,0,0,0,0,0.44704,1200.3985734873386,0.9710868079289132,142022.82788850565,0.947166394150718,2.2445497433058805,0.12469720796143784,0.0838072806067112,0.6888475836561184,158
801,0.0,18,82,18,18,0,0,0,0,0.44704,1200.8456134873386,0.971098660836294,142029.91465713366,0.9468733377811833,2.2331674879121763,0.12406486043956536,0.0841259199294542,0.6850287724642814,158
802,0.0,18,82,18,18,0,0,0,0,0.44704000000000005,1201.2926534873386,0.9711105040295042,142036.99615132823,0.9465738597230465,2.2217852325184717,0.12343251291769287,0.0844470240468947,0.6811670541725128,158
803,0.0,18,82,18,18,0,0,0,0,0.44704000000000005,1201.7396934873386,0.9711223375204806,142044.0723769756,0.9462765389281805,2.2104029771247675,0.1228001653958204,0.08477056494970203,0.6772625752979159,158
804,0.0,17,83,18,15,0,2,1,0,0.367993627308046,1202.1076871146468,0.9710659205677631,142050.5016566909,0.9460103344933342,2.2012729016536827,0.129486641273746,0.0819265155647154,0.7141263651319203,158
805,0.0,17,83,17,17,0,0,0,0,0.430784,1202.5384711146467,0.9710771049819232,142056.16211318178,0.9457260857411165,2.190497218815209,0.12885277757736524,0.08221459683590483,0.7106771921566838,160
806,0.0,17,83,17,17,0,0,0,0,0.42672,1202.9651911146466,0.9710882807527957,142062.29844576863,0.9454425388065565,2.17981687555585,0.1282245220915206,0.08250411729739406,0.707209418535448,160
807,0.0,17,83,17,17,0,0,0,0,0.42672,1203.3919111146465,0.971099447890396,142068.43042649666,0.9451611191173991,2.1691365322964904,0.12759626660567594,0.08279625153131158,0.7036993685192707,160
808,0.0,17,83,17,17,0,0,0,0,0.42672,1203.8186311146465,0.971110606404724,142074.55805999372,0.9448818241363536,2.158456189037131,0.12696801111983125,0.08309097196887605,0.7001470584382884,160
809,0.0,17,83,17,17,0,0,0,0,0.42672000000000004,1204.2453511146464,0.9711217563057642,142080.6813508811,0.9445965755849831,2.1477758457777716,0.12633975563398656,0.08338825118870856,0.6965525203201699,160
810,0.0,17,83,17,17,0,0,0,0,0.42672000000000004,1204.6720711146463,0.9711328976034859,142086.80030377352,0.9443134530957439,2.137095502518412,0.1257115001481419,0.08368806192266633,0.6929158022527341,160
811,0.0,17,83,17,17,0,0,0,0,0.42672000000000004,1205.0987911146462,0.9711440303078424,142092.91492327917,0.944024384804562,2.126415159259053,0.12508324466229723,0.08399037706139428,0.6892369687423922,160
812,0.0,17,83,17,17,0,0,0,0,0.42672000000000004,1205.5255111146462,0.9711551544287723,142099.0252139997,0.9437374439201408,2.1157348159996934,0.12445498917645255,0.08429516965959921,0.6855161010678094,160
813,0.0,17,83,17,17,0,0,0,0,0.42672000000000004,1205.952231114646,0.9711662699761986,142105.13118053033,0.9434526279100292,2.105054472740334,0.12382673369060791,0.08460241294105218,0.6817532976281742,160
814,0.0,17,83,17,17,0,0,0,0,0.42672000000000004,1206.378951114646,0.971177376960029,142111.23282745964,0.9431618745164446,2.094374129480975,0.12319847820476323,0.08491208030332487,0.6779486742854272,160
815,0.0,17,83,17,17,0,0,0,0,0.42672000000000004,1206.805671114646,0.9711884753901561,142117.3301593698,0.9428732473354074,2.083693786221615,0.12257022271891857,0.08522414532226498,0.6741023646998152,160
816,0.0,17,83,17,17,0,0,0,0,0.42672,1207.232391114646,0.971199565276457,142123.42318083654,0.9425867438388981,2.0730134429622558,0.12194196723307386,0.08553858175621726,0.6702145206581007,160
817,0.0,17,83,17,17,0,0,0,0,0.42672,1207.6591111146458,0.9712106466287939,142129.51189642906,0.9423023615029045,2.0623330997028964,0.12131371174722923,0.0858553635499953,0.6662853123937573,160
818,0.0,17,83,17,17,0,0,0,0,0.42672000000000004,1208.0858311146458,0.9712217194570135,142135.5963107101,0.9420200978074116,2.051652756443537,0.12068545626138452,0.08617446483861058,0.6623149288984654,160
819,0.0,16,84,17,15,0,1,1,0,0.35356800000000005,1208.4393991146458,0.9711875522988895,142143.6607626725,0.9417593953439077,2.0429102287588017,0.1276818892974251,0.08348867490192184,0.7004962084302381,160
820,0.0,16,84,16,16,0,0,0,0,0.4064,1208.8457991146458,0.9711979743630321,142148.81676873265,0.9414947191096109,2.032729659001743,0.12704560368760895,0.08378305345882825,0.6969108879534541,162
821,0.0,16,84,16,16,0,0,0,0,0.4064,1209.252199114646,0.9712083888901444,142153.9693091785,0.941224565961748,2.0225490892446847,0.12640931807779276,0.08407940185754825,0.6932860586048794,162
822,0.0,16,84,16,16,0,0,0,0,0.4064,1209.658599114646,0.9712187958883994,142159.118387503,0.9409565045284473,2.012368519487626,0.12577303246797664,0.08437769934285623,0.6896217671858634,162
823,0.0,15,85,16,14,0,2,0,0,0.3754556785826358,1210.0340547932287,0.9711840292676317,142161.28820390502,0.940719208045553,2.003108258614109,0.13354055057427391,0.08073655781556206,0.7323204037923889,162
824,0.0,15,85,15,14,1,0,0,1,0.361696,1210.3957507932287,0.9711712118475709,142165.07277659443,0.9404725960471219,1.9940212126705927,0.13293474751137285,0.0809957864873247,0.7292700960321694,162
825,0.0,15,85,15,14,1,0,0,1,0.36169599999999996,1210.7574467932286,0.9711584031053238,142168.85508811282,0.9402279388539789,1.9849341667270766,0.13232894444847176,0.08125682220005502,0.7261849956860289,162
826,0.0,15,85,15,14,1,0,0,1,0.36169599999999996,1211.1191427932285,0.9711456030320805,142172.63514048612,0.9399852345588633,1.97584712078356,0.13172314138557067,0.08151964759466757,0.7230650361917771,162
827,0.0,15,85,15,14,1,0,0,1,0.361696,1211.4808387932285,0.9711328116190433,142176.41293573775,0.9397444812569966,1.9667600748400438,0.13111733832266956,0.08178424541696644,0.7199101598520669,162
828,0.0,15,85,15,14,1,0,0,1,0.361696,1211.8425347932284,0.9711200288574263,142180.18847588875,0.9395056770460742,1.9576730288965274,0.13051153525976847,0.08205059851971083,0.7167203180811581,162
829,0.0,15,85,15,14,1,0,0,1,0.36169599999999996,1212.2042307932284,0.9711072547384553,142183.96176295777,0.9392688200262663,1.948585982953011,0.1299057321968674,0.08231868986457039,0.7134954716522637,162
830,0.0,15,85,15,14,1,0,0,1,0.361696,1212.5659267932283,0.9710944892533682,142187.73279896096,0.9390273082955695,1.9394989370094944,0.1292999291339663,0.08258850252397269,0.7102355909452456,162
831,0.0,14,86,15,13,1,1,0,1,0.337312,1212.9032387932284,0.9710592103781447,142191.0623073215,0.9388009882299476,1.9311057730689545,0.13793612664778246,0.07795504233570053,0.7579213404295003,162
832,0.0,14,86,14,13,1,0,0,1,0.341376,1213.2446147932285,0.9710458178543285,142193.9136563995,0.938575393161059,1.922602857780185,0.1373287755557275,0.07816101470097006,0.7553243428099113,164
833,0.0,14,86,14,13,1,0,0,1,0.341376,1213.5859907932286,0.9710324337707353,142196.76340133545,0.9383517238599094,1.9140999424914158,0.13672142446367255,0.07836907334968755,0.7526939677669294,164
834,0.0,14,86,14,13,1,0,0,1,0.341376,1213.9273667932287,0.9710190581193889,142199.61154348272,0.9381238573950897,1.9055970272026463,0.1361140733716176,0.07857920170993853,0.7500300398542009,164
835,0.0,14,86,14,13,1,0,0,1,0.341376,1214.2687427932287,0.9710056908923229,142202.45808419315,0.9378979169061801,1.8970941119138773,0.13550672227956265,0.07879138322261357,0.7473323892372081,164
836,0.0,14,86,14,13,1,0,0,1,0.341376,1214.6101187932288,0.9709923320815812,142205.30302481694,0.9376672184554984,1.8885911966251079,0.1348993711875077,0.07900560134555872,0.744600851925543,164
837,0.0,14,86,14,13,1,0,0,1,0.341376,1214.951494793229,0.9709789816792177,142208.14636670292,0.9374384465260864,1.8800882813363389,0.13429202009545277,0.07922183955761818,0.7418352700086072,164
838,0.0,14,86,14,13,1,0,0,1,0.341376,1215.292870793229,0.9709656396772961,142210.98811119836,0.9372115993790049,1.8715853660475694,0.13368466900339784,0.07944008136256968,0.7390354918946388,164
839,0.0,14,86,14,13,1,0,0,1,0.341376,1215.634246793229,0.9709523060678903,142213.82825964896,0.9369805632922157,1.8630824507588002,0.13307731791134286,0.07966031029295226,0.736201372552953,164
840,0.0,14,86,14,13,1,0,0,1,0.34137599999999996,1215.9756227932291,0.9709389808430839,142216.666813399,0.9367514521918547,1.8545795354700312,0.13246996681928794,0.07988250991378672,0.7333327737592715,164
841,0.0,14,86,14,13,1,0,0,1,0.34137599999999996,1216.3169987932292,0.9709256639949709,142219.50377379116,0.9365242643419355,1.846076620181262,0.13186261572723298,0.08010666382618913,0.730429564344006,164
842,0.0,14,86,14,13,1,0,0,1,0.341376,1216.6583747932293,0.9709123555156548,142222.3391421667,0.9362989980085586,1.8375737048924927,0.13125526463517806,0.08033275567087794,0.7274916204433606,164
843,0.0,14,86,14,13,1,0,0,1,0.341376,1216.9997507932294,0.9708990553972492,142225.1729198653,0.9360756514599073,1.8290707896037235,0.13064791354312308,0.08056076913157494,0.7245188257530922,164
844,0.0,14,86,14,13,1,0,0,1,0.34137599999999996,1217.3411267932295,0.9708857636318776,142228.00510822516,0.9358542229662472,1.8205678743149543,0.13004056245106815,0.08079068793830087,0.7215110717847782,164
845,0.0,14,86,14,13,1,0,0,1,0.341376,1217.6825027932296,0.9708724802116734,142230.835708583,0.9356286098252788,1.8120649590261848,0.12943321135901323,0.08102249587056644,0.7184682581244027,164
846,0.0,14,86,14,13,1,0,0,1,0.341376,1218.0238787932296,0.9708592051287799,142233.66472227406,0.9354049149485306,1.8035620437374158,0.12882586026695828,0.08125617676045958,0.715390292693097,164
847,0.0,14,86,14,13,1,0,0,1,0.341376,1218.3652547932297,0.9708459383753502,142236.49215063202,0.9351831366091938,1.7950591284486466,0.12821850917490332,0.08149171449562953,0.7122770920098228,164
848,0.0,14,86,14,13,1,0,0,1,0.341376,1218.7066307932298,0.9708326799435472,142239.3179949891,0.9349571775983017,1.7865562131598773,0.12761115808284837,0.08172909302216921,0.7091285814558074,164
849,0.0,14,86,14,13,1,0,0,1,0.34544,1219.0520707932299,0.9708194298255436,142241.668058666,0.9347334165789731,1.7779579582919944,0.1269969970208567,0.08197133927367757,0.705907019555282,164
850,0.0,14,86,14,13,1,0,0,1,0.341376,1219.39344679323,0.9708061880135223,142244.49086235897,0.9345046350994946,1.769455043003225,0.1263896459288018,0.08221233172571477,0.7026875015770556,164
851,0.0,14,86,14,13,1,0,0,1,0.341376,1219.73482279323,0.9707929544996755,142247.312085975,0.9342777709088039,1.7609521277144555,0.1257822948367468,0.08245511723547928,0.6994325055564803,164
852,0.0,14,86,14,13,1,0,0,1,0.341376,1220.07619879323,0.9707797292762054,142250.1317308404,0.934052822283555,1.7524492124256863,0.1251749437446919,0.08269968001106984,0.6961419950524703,164
853,0.0,13,87,14,12,1,1,0,1,0.33873724806092187,1220.414936041291,0.9707441454740656,142249.9798004163,0.9338427743172977,1.7440224282109265,0.1341555714008405,0.0782448895584463,0.7461746352305044,164
854,0.0,13,87,13,12,1,0,0,1,0.321056,1220.735992041291,0.9707302893430526,142251.88831339567,0.9336294577890573,1.736105768644401,0.13354659758803086,0.07853077798524602,0.7430572270689547,164
855,0.0,13,87,13,12,1,0,0,1,0.321056,1221.057048041291,0.9707164412652286,142253.79582275357,0.9334180373021915,1.7281891090778756,0.1329376237752212,0.07881844258586977,0.7399033011822436,164
856,0.0,13,87,13,12,1,0,0,1,0.32105599999999995,1221.378104041291,0.9707026012335747,142255.70232928143,0.933208511285286,1.7202724495113502,0.13232864996241156,0.07910786398390247,0.7367127899997782,164
857,0.0,13,87,13,12,1,0,0,1,0.32105599999999995,1221.699160041291,0.9706887692410804,142257.60783376984,0.9329952660717228,1.7123557899448252,0.1317196761496019,0.07939902296797291,0.7334856356188394,164
858,0.0,13,87,13,12,1,0,0,1,0.32105599999999995,1222.020216041291,0.9706749452807433,142259.51233700864,0.9327839152896064,1.7044391303782995,0.13111070233679228,0.07969190049296902,0.7302217900715905,164
859,0.0,13,87,13,12,1,0,0,1,0.321056,1222.341272041291,0.970661129345569,142261.41583978676,0.9325744573701586,1.6965224708117743,0.13050172852398262,0.07998647768112666,0.7269212155924196,164
860,0.0,13,87,13,12,1,0,0,1,0.321056,1222.662328041291,0.9706473214285715,142263.3183428923,0.932366890746331,1.6886058112452487,0.12989275471117298,0.08028273582299612,0.72358388488536,164
861,0.0,13,87,13,12,1,0,0,1,0.32105599999999995,1222.983384041291,0.9706335215227724,142265.2198471126,0.9321612138528066,1.6806891516787232,0.12928378089836334,0.08058065637829036,0.7202097813912846,164
862,0.0,13,87,13,12,1,0,0,1,0.321056,1223.304440041291,0.970619729621202,142267.12035323412,0.9319518207682747,1.6727724921121978,0.12867480708555368,0.08088022097661914,0.7167988995545949,164
863,0.0,13,87,13,12,1,0,0,1,0.321056,1223.625496041291,0.9706059457168983,142269.01986204248,0.9317443173791541,1.6648558325456722,0.12806583327274404,0.08118141141811275,0.7133512450890914,164
864,0.0,13,87,13,12,1,0,0,1,0.321056,1223.946552041291,0.9705921698029073,142270.91837432253,0.9315387021227457,1.656939172979147,0.12745685945993437,0.08148420967393956,0.7098668352427064,164
865,0.0,13,87,13,12,1,0,0,1,0.321056,1224.267608041291,0.9705784018722835,142272.81589085824,0.9313293737136478,1.6490225134126217,0.12684788564712474,0.08178859788672083,0.7063456990607795,164
866,0.0,12,88,13,9,1,1,2,1,0.2303379541362146,1224.4979459954272,0.9704977940193413,142275.4530293435,0.9311644390862359,1.6434591348820455,0.13695492790683714,0.07637158312110515,0.7627982256305201,164
867,0.0,12,88,12,10,2,0,0,3,0.260096,1224.7580419954272,0.9704611271998218,142277.89818476702,0.9309867679334326,1.6366709278420712,0.1363892439868393,0.07639428865740419,0.761189119299808,164
868,0.0,12,88,12,10,2,0,0,3,0.25603200000000004,1225.0140739954272,0.9704244799786201,142280.81431875093,0.9308049813315787,1.6300486787582016,0.1358373898965168,0.0764376604439729,0.759504704963617,164
869,0.0,12,88,12,10,2,0,0,3,0.260096,1225.2741699954272,0.9703878523400276,142283.25730611838,0.9306250498080113,1.623260471718227,0.1352717059765189,0.07646181007649841,0.7578609875654297,164
870,0.0,12,88,12,10,2,0,0,3,0.256032,1225.5302019954272,0.9703512442683524,142286.1710923797,0.9304458534000668,1.6166382226343572,0.13471985188619648,0.07650647846297809,0.7561421761885722,164
871,0.0,12,88,12,10,2,0,0,3,0.260096,1225.7902979954272,0.9703146557479193,142288.611914475,0.9302634770987218,1.6099206339713739,0.1341600528309478,0.07655740566573163,0.754356783876695,164
872,0.0,12,88,12,10,2,0,0,3,0.288544,1226.0788419954272,0.97027808676307,142287.7502037921,0.9300865889325176,1.6021680096519035,0.13351400080432532,0.076459837482858,0.7530380513969495,164
873,0.0,12,88,12,10,2,0,0,3,0.256032,1226.3348739954272,0.9702415372981629,142290.661140124,0.9299016769666462,1.5955457605680339,0.13296214671400283,0.07650654531457261,0.7512661174076969,164
874,0.0,12,88,12,10,2,0,0,3,0.256032,1226.5909059954272,0.9702050073375729,142293.5708612295,0.9297180605556017,1.5889235114841644,0.13241029262368037,0.07655386656603534,0.7494763614364534,164
875,0.0,12,88,12,10,2,0,0,3,0.26415999999999995,1226.8550659954271,0.9701684968656915,142295.53664381307,0.9295359250429217,1.5819693464880848,0.13183077887400707,0.07656300492572352,0.7477805956095446,164
876,0.0,12,88,12,10,2,0,0,3,0.256032,1227.1110979954271,0.9701320058669274,142298.44411418625,0.9293548970280714,1.5753470974042152,0.1312789247836846,0.07661167452194724,0.7459541860574147,164
877,0.0,12,88,12,10,2,0,0,3,0.26822399999999996,1227.379321995427,0.9700955343257054,142299.93684108256,0.9291769303122384,1.5683058898173265,0.13069215748477722,0.07660795592592758,0.7442710827456196,164
878,0.0,12,88,12,10,2,0,0,3,0.260096,1227.639417995427,0.9700590822264671,142302.37107020846,0.9289988589880417,1.5615176827773518,0.13012647356477933,0.07663875097454616,0.7424626923515232,164
879,0.0,12,88,12,10,2,0,0,3,0.26416,1227.903577995427,0.9700226495536706,142304.3332810052,0.9288226367945672,1.5545635177812724,0.12954695981510606,0.07665124480832095,0.7406894739657783,164
880,0.0,12,88,12,10,2,0,0,3,0.260096,1228.163673995427,0.9699862362917906,142306.76553999004,0.9286423097913679,1.5477753107412977,0.12898127589510816,0.07668363708296323,0.7388418622143075,164
881,0.0,12,88,12,10,2,0,0,3,0.272288,1228.4359619954269,0.9699498424253185,142307.7843765134,0.9284640180833375,1.5406782212579428,0.12838985177149523,0.07669064726859756,0.7370289419263569,164
882,0.0,12,88,12,10,2,0,0,3,0.26416,1228.7001219954268,0.9699134679387619,142309.74415143,0.9282871094982006,1.5337240562618633,0.12781033802182193,0.07670562923693472,0.7351955062610488,164
883,0.0,12,88,12,10,2,0,0,3,0.26822399999999996,1228.9683459954267,0.9698771128166452,142311.232482021,0.9281072145936897,1.5266745516866698,0.12722287930722248,0.07672708309539271,0.7332884694593153,164
884,0.0,12,88,12,10,2,0,0,3,0.26416,1229.2325059954267,0.9698407770435091,142313.19066716157,0.9279286099873014,1.5197203866905904,0.12664336555754918,0.07674394798578824,0.7314125141106828,164
885,0.0,12,88,12,10,2,0,0,3,0.26822399999999996,1229.5007299954266,0.9698044606039108,142314.67760141214,0.9277472070106709,1.512600263738406,0.12605002197820048,0.07674329060355632,0.7295667827852835,164
886,0.0,12,88,12,10,2,0,0,3,0.280416,1229.7811459954266,0.9697681634824239,142314.75297040443,0.9275678374951989,1.5051795553311456,0.12543162961092882,0.07669633252381364,0.7278643156025679,164
887,0.0,12,88,12,10,2,0,0,3,0.260096,1230.0412419954266,0.9697318856636383,142317.1793134485,0.9273865998550198,1.498391348291171,0.12486594569093094,0.07673430804920053,0.7258730136548883,164
888,0.0,12,88,12,10,2,0,0,3,0.26822399999999996,1230.3094659954265,0.9696956271321607,142318.66440069387,0.9272071161498887,1.4912712253389866,0.12427260211158221,0.07673662433823719,0.7239613115508969,164
889,0.0,12,88,12,10,2,0,0,3,0.296672,1230.6061379954265,0.9696593878726137,142316.8588166516,0.9270348615164303,1.4833050581552498,0.12360875484627082,0.07662399665748403,0.7224048882501939,164
890,0.0,12,88,12,10,2,0,0,3,0.272288,1230.8784259954264,0.9696231678696364,142317.87339869334,0.9268602727982266,1.4761373502949038,0.12301144585790867,0.07661436430368763,0.7205085636592593,164
891,0.0,12,88,12,10,2,0,0,3,0.26822399999999996,1231.1466499954263,0.9695869671078844,142319.3573248572,0.9266858565705343,1.4690878457197103,0.1224239871433092,0.07664308693742627,0.7184248689184756,164
892,0.0,12,88,12,10,2,0,0,3,0.25603200000000004,1231.4026819954263,0.9695507855720292,142322.24970958033,0.9265060473708365,1.4624655966358409,0.12187213305298673,0.0767030042325522,0.716275883228543,164
893,0.0,12,88,12,10,2,0,0,3,0.26822399999999996,1231.6709059954262,0.969514623246759,142323.73205107677,0.9263282676569,1.455424389048952,0.12128536575407935,0.07671237306645484,0.7142603195781961,164
894,0.0,12,88,12,10,2,0,0,3,0.260096,1231.9310019954262,0.969478480116778,142326.15277641252,0.9261516816189748,1.4486361820089777,0.12071968183408145,0.0767558320991814,0.7121160852456211,164
895,0.0,12,88,12,10,2,0,0,3,0.26416,1232.1951619954261,0.9694423561668067,142328.10305470994,0.9259725807493907,1.441682017012898,0.1201401680844082,0.07678242303864881,0.7099964410835681,164
896,0.0,12,88,12,10,2,0,0,3,0.26416,1232.459321995426,0.9694062513815819,142330.0524969789,0.9257949516273645,1.4347278520168185,0.11956065433473488,0.07680995428968108,0.7078529557339055,164
897,0.0,12,88,12,10,2,0,0,3,0.256032,1232.715353995426,0.9693701657458563,142332.9395803494,0.9256120297956545,1.428105602932949,0.11900880024441245,0.07687322527395551,0.7055938691008792,164
898,0.0,12,88,12,10,2,0,0,3,0.260096,1232.975449995426,0.9693340992443993,142335.35631277252,0.9254313218135282,1.4213173958929746,0.11844311632441455,0.07691973543887208,0.7033581423595597,164
899,0.0,12,88,12,10,2,0,0,3,0.272288,1233.247737995426,0.9692980518619958,142336.3648615515,0.9252527335597684,1.4141496880326287,0.11784580733605239,0.07691707190688625,0.7012585987572852,164
900,0.0,12,88,12,10,2,0,0,3,0.26009599999999994,1233.507833995426,0.9692620235834474,142338.7798286582,0.9250738563317771,1.407361480992654,0.1172801234160545,0.0769650624773742,0.6989762104450751,164
901,0.0,12,88,12,10,2,0,0,3,0.26009599999999994,1233.767929995426,0.9692260143935715,142341.1937775454,0.9248963565077709,1.4005732739526797,0.11671443949605664,0.07701378836781242,0.6966702232658167,164
902,0.0,12,88,12,10,2,0,0,3,0.260096,1234.0280259954259,0.9691900242772015,142343.60670885694,0.9247202331467717,1.3937850669127054,0.11614875557605876,0.07706324818340687,0.6943404520812536,164
903,0.0,12,88,12,10,2,0,0,3,0.260096,1234.2881219954259,0.9691540532191871,142346.0186232361,0.9245454853086575,1.3869968598727307,0.11558307165606091,0.07711344051196006,0.6919867125799223,164
904,0.0,12,88,12,10,2,0,0,3,0.26822399999999996,1234.5563459954258,0.969118101204394,142347.49233604534,0.9243684119585657,1.3799473552975372,0.11499561294146143,0.0771528367782032,0.6895917229831493,164
905,0.0,12,88,12,10,2,0,0,3,0.280416,1234.8367619954258,0.9690821682177039,142347.55994464888,0.9241923440123289,1.3724871892076291,0.1143739324339691,0.07712150653117282,0.6874408394839567,164
906,0.0,12,88,12,10,2,0,0,3,0.280416,1235.117177995426,0.9690462542440142,142347.62752255326,0.9240181129264214,1.365027023117721,0.11375225192647674,0.07709128289125025,0.6852629890515496,164
907,0.0,12,88,12,10,2,0,0,3,0.26416,1235.3813379954258,0.969010359268239,142349.56817896428,0.9238399862127668,1.3580728581216415,0.11317273817680346,0.0771281497380798,0.682848615333678,164
908,0.0,12,88,12,10,2,0,0,3,0.26415999999999995,1235.6454979954258,0.9689744832753074,142351.50800561663,0.9236624026049083,1.3511976084908577,0.11259980070757146,0.07716578457964016,0.680434125950854,164
909,0.0,12,88,12,10,2,0,0,3,0.260096,1235.9055939954258,0.9689386262501652,142353.915100615,0.9234812962540558,1.344409401450883,0.11203411678757359,0.07722062986740058,0.6779296634123857,164
910,0.0,12,88,12,10,2,0,0,3,0.292608,1236.1982019954257,0.9689027881777739,142352.57721289838,0.9233066461955843,1.3364908191753075,0.11137423493127564,0.0771451525408978,0.6757732649867499,164
911,0.0,12,88,12,10,2,0,0,3,0.26415999999999995,1236.4623619954257,0.9688669690431106,142354.51511515657,0.9231274577542653,1.3295366541792282,0.11079472118160234,0.0771855987063421,0.6732524402584138,164
912,0.0,12,88,12,10,2,0,0,3,0.260096,1236.7224579954257,0.9688311688311688,142356.91998782413,0.9229500127529614,1.3227879048219013,0.11023232540182513,0.07724260814848576,0.6706834736041188,164
913,0.0,12,88,12,10,2,0,0,3,0.256032,1236.9784899954257,0.9687953875269575,142359.79156003852,0.9227732022442074,1.3161656557380321,0.10968047131150266,0.07731661265164519,0.6680380938861145,164
914,0.0,12,88,12,10,2,0,0,3,0.272288,1237.2507779954256,0.9687596251155014,142360.7914681394,0.9226005329038728,1.3089979478776859,0.10908316232314047,0.07732611996525438,0.6655569264492581,164
915,0.0,12,88,12,10,2,0,0,3,0.26416,1237.5149379954255,0.9687238815818414,142362.72596868745,0.9224272038002742,1.3020437828816063,0.10850364857346718,0.07736968175996627,0.6629297383306633,164
916,0.0,12,88,12,10,2,0,0,3,0.26822399999999996,1237.7831619954254,0.9686881569110339,142364.19221919522,0.9222507246213609,1.2949236599294216,0.10791030499411851,0.07739847840576307,0.6603078730980426,164
917,0.0,12,88,12,10,2,0,0,3,0.260096,1238.0432579954254,0.9686524510881512,142366.59249320938,0.9220746944616827,1.2881354528894473,0.10734462107412061,0.07745955654855793,0.6575909338907607,164
918,0.0,12,88,12,10,2,0,0,3,0.26822399999999996,1238.3114819954253,0.9686167640982813,142368.05728064087,0.9219013260210042,1.2810153299372629,0.10675127749477192,0.07749040997921579,0.6549105189852781,164
919,0.0,12,88,12,10,2,0,0,3,0.260096,1238.5715779954253,0.9685810959265281,142370.4557191537,0.9217234268519168,1.2742271228972881,0.10618559357477403,0.07755308892077935,0.6521382506400143,164
920,0.0,12,88,12,10,2,0,0,3,0.256032,1238.8276099954253,0.9685454465580108,142373.32020768517,0.9215460692073764,1.267604873813419,0.10563373948445158,0.07763175457362127,0.6493088441142927,164
921,0.0,12,88,12,10,2,0,0,3,0.256032,1239.0836419954253,0.9685098159778647,142376.18351243745,0.9213651061563622,1.2609826247295493,0.1050818853941291,0.07771097295348661,0.6464536425864869,164
922,0.0,12,88,12,10,2,0,0,3,0.272288,1239.3559299954252,0.9684742041712404,142377.1781207771,0.9211891077710105,1.25369654382126,0.10447471198510498,0.07773029518020728,0.6436862927986702,164
923,0.0,12,88,12,10,2,0,0,3,0.260096,1239.6160259954252,0.9684386111233045,142379.57262473417,0.9210107944542768,1.2469083367812854,0.1039090280651071,0.07779588747115433,0.6408037688901164,164
924,0.0,12,88,12,10,2,0,0,3,0.26822399999999996,1239.884249995425,0.968403036819239,142381.03274612236,0.9208346798565881,1.2398276715117487,0.10331897262597906,0.07783096705087682,0.6379697916773165,164
925,0.0,12,88,12,10,2,0,0,3,0.26415999999999995,1240.148409995425,0.9683674812442417,142382.9588272031,0.9206593815485865,1.2328735065156693,0.10273945887630577,0.07788329113314522,0.6350560862374253,164
926,0.0,12,88,12,10,2,0,0,3,0.26822399999999996,1240.416633995425,0.9683319443835255,142384.41758968818,0.9204859114320549,1.2257533835634846,0.10214611529695705,0.07792188869508637,0.6321368209075962,164
927,0.0,12,88,12,10,2,0,0,3,0.260096,1240.676729995425,0.9682964262223197,142386.808528803,0.9203130719966736,1.21896517652351,0.1015804313769592,0.07799063944209668,0.6291388391829705,164
928,0.0,12,88,12,10,2,0,0,3,0.26822399999999996,1240.9449539954248,0.9682609267458682,142388.26583814083,0.9201375508206466,1.2118450535713257,0.10098708779761047,0.0780312596004004,0.6261572560746237,164
929,0.0,12,88,12,10,2,0,0,3,0.26822399999999996,1241.2131779954248,0.9682254459394312,142389.72251763465,0.919963948674665,1.2047955489961322,0.10039962908301102,0.0780922472596834,0.6230549874068025,164
930,0.0,12,88,12,10,2,0,0,3,0.272288,1241.4854659954246,0.9681899837882838,142390.71245047625,0.9197907929250928,1.1976278411357861,0.09980232009464884,0.07811440596791334,0.6201144113290794,164
931,0.0,12,88,12,10,2,0,0,3,0.260096,1241.7455619954246,0.968154540277717,142393.10001306975,0.9196133944625307,1.1908790917784593,0.09923992431487162,0.07818404966832666,0.6170272796107907,164
932,0.0,12,88,12,10,2,0,0,3,0.260096,1242.0056579954246,0.968119115393037,142395.4865756751,0.9194378226605116,1.184090884738485,0.09867424039487373,0.07825644634728539,0.6138833574694292,164
933,0.0,12,88,12,10,2,0,0,3,0.260096,1242.2657539954246,0.9680837091195656,142397.8721389204,0.9192586544275058,1.1773026776985103,0.09810855647487587,0.07832952848364927,0.6107105274052951,164
934,0.0,12,88,12,10,2,0,0,3,0.26415999999999995,1242.5299139954245,0.9680483214426402,142399.7909483341,0.9190817722044619,1.170348512702431,0.09752904272520257,0.07838943274780609,0.6075253972422855,164
935,0.0,11,89,12,8,2,1,1,3,0.21333674272828954,1242.7432507381527,0.967969194416488,142401.09523418153,0.9189354623479832,1.1644556049673376,0.10585960045157615,0.07592050196309942,0.6603498946607742,164
936,0.0,11,89,11,9,2,0,0,3,0.24790399999999999,1242.9911547381528,0.967933153968983,142401.65694283438,0.9187783628684323,1.1578400222431895,0.10525818384028997,0.07594759516121086,0.657628847613949,165
937,0.0,11,89,11,9,2,0,0,3,0.239776,1243.2309307381527,0.9678971308607418,142403.1494252518,0.9186211436372009,1.1514774400659558,0.10467976727872323,0.07600945940700483,0.6547751865629449,165
938,0.0,11,89,11,9,2,0,0,3,0.24384,1243.4747707381528,0.967861125079254,142404.17591656,0.918461050655629,1.1449488999326167,0.10408626363023793,0.07605882955937934,0.6519055409599119,165
939,0.0,11,89,11,9,2,0,0,3,0.24384,1243.7186107381528,0.9678251366120219,142405.20200536615,0.9183023995113956,1.1384203597992784,0.10349275998175254,0.07610928135366246,0.6490037321331763,165
940,0.0,11,89,11,9,2,0,0,3,0.239776,1243.9583867381527,0.9677891654465594,142406.69293167346,0.9181446387350034,1.1320577776220444,0.10291434342018585,0.0761739322073609,0.6460578194676706,165
941,0.0,11,89,11,9,2,0,0,3,0.24790399999999999,1244.2062907381528,0.9677532115703924,142407.25297641897,0.9179846484050169,1.125442194897896,0.10231292680889967,0.07620561554661769,0.6431819677144696,165
942,0.0,11,89,11,9,2,0,0,3,0.256032,1244.4623227381528,0.9677172749710591,142406.88268493995,0.9178269245421545,1.1185736116268337,0.10168851014789394,0.0762045151790488,0.6403738684804468,165
943,0.0,10,90,11,8,2,1,0,3,0.23102099650180336,1244.6933437346547,0.967659518714242,142406.16043479607,0.9176824516207037,1.1123797898338077,0.11123797898338077,0.07256227010398661,0.7015005388079151,165
944,0.0,10,90,10,8,2,0,0,3,0.21945599999999998,1244.9127997346548,0.9676229150292551,142406.7613713884,0.9175392936195893,1.1065477853006254,0.11065477853006252,0.07264845461506725,0.6987949873215205,165
945,0.0,10,90,10,8,2,0,0,3,0.22758399999999998,1245.1403837346547,0.9675863273235256,142406.4324925043,0.9173983875647858,1.1003838648552327,0.11003838648552329,0.07271100902767322,0.6960742564365027,165
946,0.0,10,90,10,8,2,0,0,3,0.21539199999999997,1245.3557757346548,0.9675497555865922,142407.49788579866,0.9172536825722301,1.0947178182781552,0.1094717818278155,0.07281147660165231,0.6932986646602938,165
947,0.0,10,90,10,8,2,0,0,3,0.227584,1245.5833597346548,0.9675131998080028,142407.1689893056,0.917111870787023,1.0885933555154104,0.10885933555154106,0.0728708803756358,0.6905591927090186,165
948,0.0,10,90,10,8,2,0,0,3,0.21945599999999998,1245.8028157346548,0.9674766599773144,142407.7693189186,0.9169661701327104,1.0827613509822278,0.10827613509822279,0.07296107579980292,0.6877276889363294,165
949,0.0,10,90,10,8,2,0,0,3,0.21539199999999997,1246.0182077346549,0.967440136084093,142408.83391471877,0.916821071701307,1.0770953044051503,0.10770953044051504,0.07306405429800798,0.6848612223074886,165
950,0.0,10,90,10,8,2,0,0,3,0.21539199999999997,1246.233599734655,0.9674036281179138,142409.89814252142,0.9166772163354424,1.0714292578280729,0.10714292578280729,0.07316778189285526,0.6819650275367161,165
951,0.0,10,90,10,8,2,0,0,3,0.21945599999999998,1246.453055734655,0.9673671360683611,142410.4976784524,0.9165347865207839,1.06559725329489,0.10655972532948901,0.07326056282984833,0.6790406205373675,165
952,0.0,10,90,10,8,2,0,0,3,0.21945599999999998,1246.672511734655,0.9673306599250283,142411.09700330673,0.9163936899240372,1.0597652487617075,0.10597652487617075,0.07335427105401687,0.6760841410183618,165
953,0.0,10,90,10,8,2,0,0,3,0.22352,1246.896031734655,0.9672941996775177,142411.23195569532,0.9162499893479595,1.0537672862724201,0.10537672862724198,0.07343745878199277,0.6730946667362029,165
954,0.0,10,90,10,8,2,0,0,3,0.21945599999999998,1247.115487734655,0.9672577553154409,142411.83093845777,0.9161073473788776,1.0479352817392376,0.10479352817392376,0.0735331188959527,0.6700723332623877,165
955,0.0,10,90,10,8,2,0,0,3,0.21945599999999998,1247.334943734655,0.9672213268284183,142412.42971045026,0.9159660379836321,1.0421032772060548,0.10421032772060548,0.073629695459577,0.6670173446709411,165
956,0.0,10,90,10,8,2,0,0,3,0.21945599999999998,1247.5543997346551,0.9671849142060797,142413.02827178405,0.915822400582225,1.0362712726728724,0.10362712726728722,0.07372718487144411,0.6639295210614864,165
957,0.0,10,90,10,8,2,0,0,3,0.239776,1247.794175734655,0.9671485174380633,142411.30745411344,0.9156819252336805,1.029806766772404,0.1029806766772404,0.07373792688687497,0.6610659750191573,165
958,0.0,10,90,10,8,2,0,0,3,0.22351999999999997,1248.017695734655,0.9671121365140171,142411.44224752096,0.915537384609453,1.0238088042831162,0.10238088042831164,0.07382638191457101,0.6579040099311745,165
959,0.0,10,90,10,8,2,0,0,3,0.21945599999999998,1248.237151734655,0.9670757714235975,142412.0406550664,0.9153935361534934,1.0179767997499338,0.10179767997499338,0.07392674820143091,0.6547139457843014,165
960,0.0,10,90,10,8,2,0,0,3,0.21945599999999996,1248.456607734655,0.9670394221564703,142412.6388522335,0.9152502880614405,1.0121447952167513,0.1012144795216751,0.07402801354469637,0.6514903089632151,165
961,0.0,10,90,10,8,2,0,0,3,0.22351999999999997,1248.6801277346551,0.96700308870231,142412.77333580542,0.9151088283934709,1.0062174511044546,0.10062174511044546,0.0741408879033053,0.6481238253837343,165
962,0.0,10,90,10,8,2,0,0,3,0.21945599999999998,1248.8995837346552,0.9669667710508003,142413.37119204985,0.9149682422069966,1.000385446571272,0.1000385446571272,0.07424400557835788,0.6448315723806342,165
963,0.0,10,90,10,8,2,0,0,3,0.21945599999999998,1249.1190397346552,0.9669304691916337,142413.96883822122,0.914824782397852,0.9945534420380894,0.09945534420380894,0.07434801090979032,0.6415053170485908,165
964,0.0,9,91,10,8,1,1,0,3,0.2004038287782203,1249.3194435634334,0.9668941831145118,142416.73810223222,0.9146806030567914,0.9894829407042227,0.10994254896713586,0.07027787589654994,0.7099212922339473,165
965,0.0,9,91,9,8,1,0,0,2,0.199136,1249.5185795634334,0.9668789255210484,142419.65098444207,0.9145384340941513,0.9844628157229411,0.10938475730254901,0.07040039402958048,0.7071009393547983,165
966,0.0,9,91,9,8,1,0,0,2,0.207264,1249.7258435634333,0.9668636738950936,142421.63664671444,0.9143939416198906,0.9791107748294495,0.10879008609216106,0.07050574837835617,0.7042152215909802,165
967,0.0,9,91,9,8,1,0,0,2,0.21539199999999997,1249.9412355634333,0.9668484282331472,142422.69551156485,0.9142516013505414,0.9734974364007392,0.10816638182230436,0.07061836586272639,0.7011459472002951,165
968,0.0,9,91,9,8,1,0,0,2,0.20320000000000002,1250.1444355634333,0.9668331885317115,142425.14299537952,0.9141084905522302,0.9683508111460003,0.10759453457177783,0.07072557038613517,0.6982809707345492,165
969,0.0,9,91,9,8,1,0,0,2,0.211328,1250.3557635634334,0.9668179547872918,142426.66382603947,0.9139640619437346,0.9628328122964037,0.10698142358848933,0.07082623391064295,0.6952652033327954,165
970,0.0,9,91,9,8,1,0,0,2,0.211328,1250.5670915634335,0.9668027269963958,142428.18414270203,0.9138207804271952,0.9573148134468074,0.10636831260520081,0.07092853780570256,0.6922095890287746,165
971,0.0,9,91,9,8,1,0,0,2,0.19913599999999998,1250.7662275634334,0.9667875051555344,142431.09229695372,0.9136764553851436,0.9522946884655257,0.10581052094061397,0.07105686899154118,0.6891907827699251,165
972,0.0,9,91,9,8,1,0,0,2,0.20726399999999998,1250.9734915634333,0.9667722892612206,142433.07408322088,0.913533185752244,0.9469426475720342,0.10521584973022602,0.07116984942511823,0.6860871740176477,165
973,0.0,9,91,9,8,1,0,0,2,0.2032,1251.1766915634332,0.9667570793099707,142435.5178622386,0.9133907885255603,0.9417565646346475,0.10463961829273861,0.07129198015185097,0.6829748219570185,165
974,0.0,9,91,9,8,1,0,0,2,0.215392,1251.3920835634333,0.9667418752983035,142436.57311019322,0.9132510872517416,0.9361515231942417,0.1040168359104713,0.07137107115417485,0.6799017444283393,165
975,0.0,9,91,9,8,1,0,0,2,0.23571199999999998,1251.6277955634332,0.9667266772227404,142435.31554022993,0.9131067857225974,0.9299534380691977,0.1033281597854664,0.07135114391157688,0.6771255437211158,165
976,0.0,8,92,9,6,1,1,1,2,0.16193093879683557,1251.78972650223,0.9666681124219292,142436.06272293717,0.9129966002429668,0.9256527862080144,0.11570659827600181,0.06513991329839022,0.7593355958530431,165
977,0.0,8,92,8,7,1,0,0,3,0.16255999999999998,1251.95228650223,0.966652211621856,142439.93315290165,0.9128685362129862,0.9213165915186573,0.11516457393983216,0.06506726746750666,0.7580248490062589,165
978,0.0,8,92,8,7,1,0,0,3,0.170688,1252.12297450223,0.9666363163371487,142442.87792171835,0.9127426086941723,0.9167668539650335,0.1145958567456292,0.06494286662779833,0.7569090563597496,165
979,0.0,8,92,8,7,1,0,0,3,0.158496,1252.28147050223,0.9666204265649384,142447.20871615128,0.9126122553745081,0.9125966172317814,0.11407457715397268,0.06487564273135955,0.7556100522017137,165
980,0.0,8,92,8,7,1,0,0,3,0.18288,1252.46435050223,0.9666045423023578,142448.76505144275,0.912482854119648,0.9076673788577863,0.11345842235722328,0.06469484845931289,0.7546391569052633,165
981,0.0,8,92,8,7,1,0,0,3,0.16256,1252.62691050223,0.9665886635465418,142452.6317484717,0.9123534934749107,0.903370641851077,0.11292133023138462,0.06460899203101396,0.7533715490093028,165
982,0.0,8,92,8,7,1,0,0,3,0.16255999999999998,1252.78947050223,0.9665727902946274,142456.49744202758,0.9122245377666108,0.8990726611198361,0.11238408263997951,0.06451087226929078,0.7521621238958421,165
983,0.0,8,92,8,7,1,0,0,3,0.18288000000000001,1252.97235050223,0.9665569225437532,142458.05179057087,0.9120988100383196,0.8940250496978974,0.11175313121223719,0.06437428585614056,0.7508509730739948,165
984,0.0,8,92,8,7,1,0,0,3,0.17881599999999997,1253.1511665022301,0.9665410602910602,142460.06768544336,0.9119709363618802,0.8890250231841204,0.11112812789801504,0.06428748081302746,0.7492540538121933,165
985,0.0,8,92,8,7,1,0,0,3,0.17068799999999998,1253.32185450223,0.9665252035336913,142463.00689531484,0.9118435580085169,0.8843569125825531,0.11054461407281915,0.0642104849079682,0.7477230844608034,165
986,0.0,8,92,8,7,1,0,0,3,0.166624,1253.48847850223,0.9665093522687911,142466.40720095162,0.9117165837160102,0.879854759937091,0.10998184499213637,0.06413827123069742,0.7462191324087286,165
987,0.0,8,92,8,7,1,0,0,3,0.174752,1253.66323050223,0.9664935064935065,142468.88291399268,0.9115876469053655,0.875020691379419,0.10937758642242734,0.06406012973262212,0.7445907626901995,165
988,0.0,8,92,8,7,1,0,0,3,0.16256,1253.82579050223,0.9664776662049861,142472.74330546823,0.9114586595139946,0.8707227106481779,0.10884033883102223,0.06396468584909602,0.7432828491576635,165
989,0.0,8,92,8,7,1,0,0,3,0.166624,1253.9924145022298,0.9664618314003808,142476.14095091666,0.9113303494571394,0.8662205580027156,0.10827756975033948,0.06389482950411504,0.7417183926508377,165
990,0.0,8,92,8,7,1,0,0,3,0.16256,1254.1549745022298,0.9664460020768432,142479.99938837087,0.9112020796111676,0.8618843633133584,0.10773554541416981,0.06382863217648935,0.740189824285093,165
991,0.0,8,92,8,7,1,0,0,3,0.158496,1254.3134705022298,0.966430178231528,142484.31847617816,0.9110736680413336,0.8577141265801063,0.10721426582251328,0.06376566243678748,0.7387012049729736,165
992,0.0,8,92,8,7,1,0,0,3,0.174752,1254.4882225022297,0.9664143598615917,142486.79006604408,0.9109462970820124,0.8529182719805504,0.1066147839975688,0.06366349398672498,0.7371526922029493,165
993,0.0,8,92,8,7,1,0,0,3,0.19100799999999998,1254.6792305022298,0.966398546964193,142487.41483386044,0.9108226031977668,0.8476953316524614,0.10596191645655767,0.06345178362921404,0.7360617601405364,165
994,0.0,8,92,8,7,1,0,0,3,0.174752,1254.8539825022297,0.9663827395364926,142489.88527211556,0.9106975843255876,0.8429796361427326,0.10537245451784158,0.06332986979291333,0.7346390528694131,165
995,0.0,8,92,8,7,1,0,0,3,0.166624,1255.0206065022296,0.9663669375756527,142493.27785812918,0.9105686958610361,0.8385156974553867,0.10481446218192333,0.0632341951239676,0.7331557655201794,165
996,0.0,8,92,8,7,1,0,0,3,0.158496,1255.1791025022296,0.9663511410788381,142497.592290565,0.9104393933170591,0.8343454607221346,0.10429318259026682,0.0631727255007591,0.7315825592973989,165
997,0.0,8,92,8,7,1,0,0,3,0.166624,1255.3457265022296,0.9663353500432152,142500.98297497354,0.9103114034656188,0.8298433080766723,0.10373041350958404,0.06310760745454025,0.7298591465858348,165
998,0.0,8,92,8,7,1,0,0,3,0.178816,1255.5245425022297,0.9663195644659524,142502.98894470418,0.9101848165486932,0.8249616546108385,0.10312020682635481,0.06298557037070165,0.7282930498349848,165
999,0.0,8,92,8,7,1,0,0,3,0.166624,1255.6911665022296,0.9663037843442198,142506.37798022787,0.9100572699620797,0.8205359298816088,0.1025669912352011,0.0628616517981575,0.7269414505120266,165
1000,0.0,8,92,8,7,1,0,0,3,0.16255999999999998,1255.8537265022296,0.96628800967519,142510.22728456446,0.9099296724547012,0.8161997351922518,0.10202496689903146,0.06279992466713742,0.7252246005183564,165
1001,0.0,8,92,8,7,1,0,0,3,0.17881599999999997,1256.0325425022297,0.9662722404560373,142512.23112691144,0.9098038403633028,0.811276136594707,0.10140951707433839,0.06267265588989764,0.7236187480446749,165
1002,0.0,8,92,8,7,1,0,0,3,0.166624,1256.1991665022297,0.9662564766839378,142515.61756603207,0.9096775028235784,0.8067739839492448,0.10084674799365562,0.06261110501425583,0.7217821090591956,165
1003,0.0,8,92,8,7,1,0,0,3,0.166624,1256.3657905022296,0.9662407183560697,142519.00310690785,0.9095489351150927,0.802310045261899,0.10028875565773737,0.06251952612323894,0.7201386198420082,165
1004,0.0,8,92,8,7,1,0,0,3,0.174752,1256.5405425022295,0.9662249654696132,142521.46583617476,0.9094219507518061,0.7975524046204593,0.0996940505775574,0.06239598354250395,0.7185357844748819,165
1005,0.0,8,92,8,7,1,0,0,3,0.16256,1256.7031025022295,0.9662092180217504,142525.31058717764,0.9092938262255171,0.793216209931102,0.09915202624138776,0.06233724077549188,0.7167080445563873,165
1006,0.0,8,92,8,7,1,0,0,3,0.158496,1256.8615985022295,0.9661934760096652,142529.61520463086,0.9091656510068843,0.7890459731978499,0.09863074664973123,0.06227942507268872,0.7149410027899472,165
1007,0.0,8,92,8,7,1,0,0,3,0.16256,1257.0241585022295,0.9661777394305435,142533.4579197606,0.9090385138855245,0.7847097785084927,0.09808872231356158,0.06222151005636084,0.7130704025163874,165
1008,0.0,8,92,8,7,1,0,0,3,0.166624,1257.1907825022295,0.9661620082815735,142536.83887447865,0.9089113257790913,0.7802076258630304,0.0975259532328788,0.06216394968697916,0.7110905724899749,165
1009,0.0,8,92,8,7,1,0,0,3,0.16255999999999998,1257.3533425022295,0.9661462825599448,142540.67964962858,0.9087845402221716,0.7758714311736733,0.09698392889670916,0.0621071696146465,0.7091723364715644,165
1010,0.0,8,92,8,7,1,0,0,3,0.174752,1257.5280945022294,0.9661305622628492,142543.13743261044,0.9086600614734948,0.7711544919394129,0.09639431149242664,0.06197985582835402,0.7075005309265567,165
1011,0.0,8,92,8,7,1,0,0,3,0.158496,1257.6865905022294,0.9661148473874805,142547.43697983492,0.9085309972429458,0.7669842552061608,0.0958730319007701,0.06192370469639,0.7056278826190251,165
1012,0.0,8,92,8,7,1,0,0,3,0.16255999999999998,1257.8491505022293,0.9660991379310345,142551.27487139977,0.9084026985978525,0.7626480605168036,0.09533100756460045,0.06186820147476558,0.7036411764835465,165
1013,0.0,8,92,8,7,1,0,0,3,0.166624,1258.0157745022293,0.9660834338907085,142554.65124907478,0.9082753464706035,0.7581459078713413,0.09476823848391767,0.06181380471989327,0.7015343885960957,165
1014,0.0,8,92,8,7,1,0,0,3,0.16256,1258.1783345022293,0.9660677352637022,142558.48720440845,0.9081480341045057,0.7538097131819841,0.09422621414774804,0.06175945235260429,0.6994967907856066,165
1015,0.0,8,92,8,7,1,0,0,3,0.158496,1258.3368305022293,0.966052042047217,142562.78259645376,0.9080205802465491,0.749639476448732,0.0937049345560915,0.0617046868746577,0.6975339025640402,165
1016,0.0,8,92,8,7,1,0,0,3,0.16255999999999998,1258.4993905022293,0.9660363542384562,142566.6165228724,0.907893619184357,0.7453032817593748,0.09316291021992185,0.06165118477602839,0.6954480158105096,165
1017,0.0,8,92,8,7,1,0,0,3,0.178816,1258.6782065022294,0.9660206718346254,142568.60814224495,0.9077686001099246,0.7403821706108932,0.09254777132636166,0.06156108778745588,0.6932568807522155,165
1018,0.0,8,92,8,7,1,0,0,3,0.174752,1258.8529585022293,0.9660049948329315,142571.05946157424,0.9076437106186575,0.7355863160113374,0.09194828950141716,0.061480014188033866,0.6910490754057655,165
1019,0.0,8,92,8,7,1,0,0,3,0.170688,1259.0236465022292,0.9659893232305837,142573.97031317963,0.9075160527089234,0.7309564193678864,0.0913695524209858,0.061398496676294094,0.6889154684734291,165
1020,0.0,8,92,8,7,1,0,0,3,0.166624,1259.1902705022292,0.9659736570247934,142577.34053837115,0.9073884346185137,0.7264542667224242,0.09080678334030302,0.06134964642367143,0.6866037896516614,165
1021,0.0,8,92,8,7,1,0,0,3,0.178816,1259.3690865022293,0.9659579962127732,142579.3295424694,0.907261580588101,0.7216108272147068,0.09020135340183834,0.061208035366116104,0.6847163396974424,165
1022,0.0,8,92,8,7,1,0,0,3,0.16256,1259.5316465022293,0.9659423407917384,142583.15819116033,0.9071345850773317,0.7172746325253495,0.0896593290656687,0.06115837546320145,0.682460162816771,165
1023,0.0,8,92,8,7,1,0,0,3,0.16256,1259.6942065022292,0.9659266907589055,142586.98585169856,0.9070080816816778,0.7129384378359924,0.08911730472949904,0.06110922964752636,0.6801761078412342,165
1024,0.0,8,92,8,7,1,0,0,3,0.158496,1259.8527025022292,0.9659110461114935,142591.27249019186,0.9068813462503875,0.7087682011027401,0.08859602513784251,0.06105808426650714,0.6779840671764623,165
1025,0.0,8,92,8,7,1,0,0,3,0.158496,1260.0111985022293,0.9658954068467228,142595.55805025817,0.9067550122237914,0.704597964369488,0.088074745546186,0.06100719218824541,0.6757674814852582,165
1026,0.0,8,92,8,7,1,0,0,3,0.16255999999999998,1260.1737585022292,0.9658797729618163,142599.38265464373,0.9066293507998966,0.7002617696801308,0.08753272121001633,0.0609592831051973,0.6734021403023122,165
1027,0.0,8,92,8,7,1,0,0,3,0.174752,1260.3485105022291,0.9658641444539983,142601.82679819348,0.9065009246484125,0.6955855318530497,0.08694819148163122,0.06082914468775839,0.6713918254846784,165
1028,0.0,8,92,8,7,1,0,0,3,0.166624,1260.515134502229,0.9658485213204951,142605.18979883945,0.9063736237103535,0.6910833792075876,0.08638542240094844,0.06078504278377287,0.6688415833810603,165
1029,0.0,8,92,8,7,1,0,0,3,0.174752,1260.689886502229,0.9658329035585353,142607.6324755875,0.9062474474599893,0.6862875246080317,0.08578594057600396,0.06071322157568855,0.6662754619357959,165
1030,0.0,8,92,8,7,1,0,0,3,0.186944,1260.876830502229,0.9658172911653489,142608.69551261226,0.9061224857774516,0.6811503831462205,0.08514379789327756,0.060547290371688635,0.6641478365265474,165
1031,0.0,8,92,8,7,1,0,0,3,0.17475200000000002,1261.051582502229,0.965801684138168,142611.13700294026,0.9059973822235518,0.6764346876364917,0.08455433595456147,0.06044235364082583,0.661818486821575,165
1032,0.0,8,92,8,7,1,0,0,3,0.16255999999999998,1261.214142502229,0.9657860824742268,142614.95644438677,0.9058710523358905,0.6720984929471345,0.08401231161839182,0.06039781233732602,0.6592650924442404,165
1033,0.0,8,92,8,7,1,0,0,3,0.166624,1261.3807665022289,0.965770486170761,142618.31540276788,0.9057453943168297,0.6675963403016724,0.08344954253770905,0.06035777629616311,0.6565381479759925,165
1034,0.0,8,92,8,7,1,0,0,3,0.195072,1261.5758385022289,0.9657548952250086,142618.45741561585,0.9056245639185924,0.6622061982929468,0.08277577478661835,0.06015477565865261,0.6543982966792447,165
1035,0.0,8,92,8,7,1,0,0,3,0.178816,1261.754654502229,0.9657393096342092,142620.43683206566,0.9054969959820244,0.6574022164678772,0.08217527705848465,0.059995997658059,0.6522974447769714,165
1036,0.0,8,92,8,7,1,0,0,3,0.170688,1261.925342502229,0.9657237293956044,142623.33431161923,0.9053706419125771,0.6527723198244263,0.08159653997805327,0.059925967458966674,0.6496164882664858,165
1037,0.0,8,92,8,7,1,0,0,3,0.16255999999999998,1262.0879025022289,0.9657081545064378,142627.14953777325,0.9052434240805634,0.6484743390931853,0.08105929238664816,0.0598475810420479,0.6472013045410996,165
1038,0.0,8,92,8,7,1,0,0,3,0.17881599999999997,1262.266718502229,0.9656925849639547,142629.1269198841,0.9051188643180389,0.6435125265375244,0.08043906581719056,0.05978866808872492,0.6441374583263808,165
1039,0.0,8,92,8,7,1,0,0,3,0.170688,1262.437406502229,0.9656770207654024,142632.02204923108,0.9049942530146552,0.6388444159359573,0.07985555199199465,0.05975852080743631,0.6410248892900334,165
1040,0.0,8,92,8,7,1,0,0,3,0.16256,1262.5999665022289,0.9656614619080301,142635.83460952205,0.904868507014744,0.6345464352047163,0.07931830440058954,0.05968175147105085,0.6385059119701667,165
1041,0.0,8,92,8,7,1,0,0,3,0.17475200000000002,1262.7747185022288,0.965645908389089,142638.26901257533,0.9047449661323989,0.6298701973776354,0.07873377467220441,0.059557023197309954,0.6360535433608464,165
1042,0.0,8,92,8,7,1,0,0,3,0.16255999999999998,1262.9372785022288,0.9656303602058319,142642.0797505045,0.9046199296258414,0.6255340026882782,0.07819175033603476,0.059518201989174235,0.633152233581131,165
1043,0.0,8,92,8,7,1,0,0,3,0.17881599999999997,1263.1160945022289,0.9656148173555137,142644.05368930407,0.9044924057405231,0.6206918069050923,0.07758647586313654,0.05939989187692093,0.6304624995929757,165
1044,0.0,8,92,8,7,1,0,0,3,0.158496,1263.2745905022289,0.965599279835391,142648.32155640674,0.9043650116932638,0.6165215701718401,0.07706519627148001,0.059356264063286306,0.6276593021004149,165
1045,0.0,8,92,8,7,1,0,0,3,0.174752,1263.4493425022288,0.9655837476427225,142650.75293248813,0.90423873956701,0.6118453323447592,0.0764806665430949,0.059233090086069924,0.6250678876316558,165
1046,0.0,8,92,8,7,1,0,0,3,0.158496,1263.6078385022288,0.9655682207747686,142655.01883374242,0.9041121459453554,0.607675095611507,0.07595938695143839,0.059189933547882136,0.6221995366951713,165
1047,0.0,8,92,8,7,1,0,0,3,0.174752,1263.7825905022287,0.9655526992287917,142657.44864261293,0.9039873949823514,0.6029988577844262,0.07537485722305327,0.059067449558475066,0.6195379478627981,165
1048,0.0,8,92,8,7,1,0,0,3,0.16256,1263.9451505022287,0.9655371830020562,142661.25387510005,0.9038620516928423,0.5987021207777168,0.0748377650972146,0.05900490631930615,0.6166620295521139,165
1049,0.0,8,92,8,7,1,0,0,3,0.16255999999999998,1264.1077105022287,0.965521672091828,142665.058128907,0.9037368374634863,0.5943659260883596,0.07429574076104495,0.058968819999110744,0.6135097680254347,165
1050,0.0,8,92,8,7,1,0,0,3,0.158496,1264.2662065022287,0.9655061664953751,142669.3200153033,0.9036118423590321,0.5901956893551075,0.07377446116938843,0.0589267845824084,0.6105045983486819,165
1051,0.0,8,92,8,7,1,0,0,3,0.17881599999999997,1264.4450225022288,0.9654906662099675,142671.28802721988,0.9034851739492892,0.585274578206626,0.07315932227582825,0.058865232336442835,0.6070139965754079,165
1052,0.0,8,92,8,7,1,0,0,3,0.166624,1264.6116465022287,0.9654751712328767,142674.63098180635,0.9033588151446571,0.5807724255611638,0.07259655319514548,0.058837852429140206,0.6035464437372385,165
1053,0.0,8,92,8,7,1,0,0,3,0.18288000000000001,1264.7945265022288,0.9654596815613765,142676.13926117192,0.9032334864642274,0.5758037295045209,0.07197546618806511,0.05870496841745357,0.6005127200449872,165
1054,0.0,8,92,8,7,1,0,0,3,0.158496,1264.9530225022288,0.9654441971927422,142680.39744510117,0.9031072059121974,0.5716334927712686,0.07145418659640858,0.05866460173040874,0.5973510753519116,165
1055,0.0,8,92,8,7,1,0,0,3,0.166624,1265.1196465022288,0.9654287181242512,142683.73785758135,0.9029822253053837,0.5671695540839228,0.07089619426049033,0.05859964614551191,0.5941085271933045,165
1056,0.0,8,92,8,7,1,0,0,3,0.158496,1265.2781425022288,0.9654132443531828,142687.99399550364,0.902856743219197,0.5629993173506705,0.07037491466883382,0.05855996528867452,0.5908719631823502,165
1057,0.0,8,92,8,7,1,0,0,3,0.17068799999999998,1265.4488305022287,0.9653977758768177,142690.87429504088,0.9027327404814931,0.5584076346653359,0.06980095433316699,0.05846383142275215,0.5877032461392268,165
1058,0.0,8,92,8,7,1,0,0,3,0.158496,1265.6073265022287,0.9653823126924392,142695.12843222465,0.9026080560905593,0.5542373979320837,0.06927967474151046,0.05842485060635019,0.5843898164728607,165
1059,0.0,8,92,8,7,1,0,0,3,0.170688,1265.7780145022286,0.965366854797332,142698.00702063148,0.9024819703704882,0.5496075012886328,0.0687009376610791,0.05836987022153474,0.5807677867776497,165
1060,0.0,8,92,8,7,1,0,0,3,0.18288000000000001,1265.9608945022287,0.9653514021887825,142699.5105334843,0.902356823587159,0.5445981038248104,0.0680747629781013,0.05825591314643831,0.5772566991704048,165
1061,0.0,8,92,8,7,1,0,0,3,0.178816,1266.1397105022288,0.9653359548640793,142701.47164749395,0.902231895534292,0.5397164503589768,0.0674645562948721,0.058175107370161246,0.5735352355936565,165
1062,0.0,8,92,8,7,1,0,0,3,0.17881599999999997,1266.318526502229,0.9653205128205128,142703.43220764838,0.9021082655975623,0.5347546378033159,0.0668443297254145,0.058140133455445484,0.5693060890269362,165
1063,0.0,8,92,8,7,1,0,0,3,0.174752,1266.4932785022288,0.9653050760553752,142705.85013584967,0.9019841343067939,0.5300352111199926,0.06625440138999908,0.05801607507828656,0.5660034380380078,165
1064,0.0,8,92,8,7,1,0,0,3,0.16255999999999998,1266.6558385022288,0.9652896445659603,142709.6410132577,0.9018590522479093,0.5256990164306354,0.06571237705382942,0.05798906172391949,0.562192693182889,165
1065,0.0,8,92,8,7,1,0,0,3,0.166624,1266.8224625022287,0.9652742183495643,142712.97308929896,0.9017346383413509,0.5211968637851733,0.06514960797314666,0.057971852650441996,0.558100700318073,165
1066,0.0,8,92,8,7,1,0,0,3,0.158496,1266.9809585022288,0.9652587974034847,142717.21984974245,0.9016102629658107,0.517026627051921,0.06462832838149013,0.05793675165710315,0.5544338581556022,165
1067,0.0,8,92,8,7,1,0,0,3,0.16255999999999998,1267.1435185022287,0.9652433817250213,142721.00780956796,0.9014836789123812,0.512690432362564,0.0640863040453205,0.05791145649525647,0.5504850998153761,165
1068,0.0,8,92,8,7,1,0,0,3,0.158496,1267.3020145022288,0.9652279713114754,142725.25248927702,0.9013572239236534,0.5085201956293117,0.06356502445366397,0.05787705385224847,0.546734380031444,165
1069,0.0,8,92,8,7,1,0,0,3,0.16256,1267.4645745022287,0.9652125661601503,142729.0384593561,0.9012316168182192,0.5041840009399545,0.06302300011749433,0.05785274120113192,0.5426952244016164,165
1070,0.0,8,92,8,7,1,0,0,3,0.170688,1267.6352625022287,0.965197166268351,142731.9082642527,0.9011075759697098,0.4995158903383875,0.06243948629229843,0.05784908505845562,0.5381060800372649,165
1071,0.0,8,92,8,7,1,0,0,3,0.178816,1267.8140785022288,0.9651817716333846,142733.86221880632,0.9009843819950261,0.49467369455520155,0.0618342118194002,0.057745800208989284,0.534149838381969,165
1072,0.0,8,92,8,7,1,0,0,3,0.158496,1267.9725745022288,0.9651663822525597,142738.10304694556,0.9008595195940521,0.4905034578219494,0.06131293222774367,0.057713088903387645,0.5302165315379055,165
1073,0.0,8,92,8,7,1,0,0,3,0.16255999999999998,1268.1351345022288,0.9651509981231872,142741.88536780255,0.900735234646422,0.48616726313259223,0.06077090789157403,0.057691180019422465,0.5259800230052293,165
1074,0.0,8,92,8,7,1,0,0,3,0.174752,1268.3098865022287,0.9651356192425793,142744.29453458483,0.900612245206829,0.4813331945749202,0.06016664932186502,0.057702176228826486,0.5208994715852908,165
1075,0.0,8,92,8,7,1,0,0,3,0.158496,1268.4683825022287,0.9651202456080504,142748.53240158065,0.900485702746386,0.47716295784166796,0.059645369730208495,0.0576709350091916,0.516825245446996,165
1076,0.0,8,92,8,6,2,0,0,3,0.170688,1268.6390705022286,0.9650835607094134,142748.244327922,0.900378705155683,0.47253306119821714,0.059066632649777136,0.05763025488969524,0.5123067564954561,165
1077,0.0,8,92,8,7,1,0,0,3,0.166624,1268.8056945022286,0.9650682011935209,142751.56612617322,0.9002532223854486,0.468108580193519,0.05851357252418988,0.05754768927667217,0.5083216082721445,165
1078,0.0,8,92,8,7,1,0,0,3,0.174752,1268.9804465022285,0.9650528469144221,142753.97268675084,0.9001300218259273,0.463274511635847,0.05790931395448087,0.05756366276885303,0.5029933244848842,165
1079,0.0,8,92,8,7,1,0,0,3,0.170688,1269.1511345022284,0.9650374978694393,142756.8357105557,0.9000069490687649,0.45860640103427985,0.05732580012928498,0.057569761823172895,0.4978766752184856,165
1080,0.0,8,92,8,6,2,0,0,3,0.170688,1269.3218225022283,0.9650008520790729,142756.54667528722,0.8998990021272092,0.4539765043908289,0.056747063048853616,0.057533262888912834,0.4931207526256946,165
1081,0.0,8,92,8,7,1,0,0,3,0.158496,1269.4803185022283,0.9649855171238712,142760.77963447518,0.8997748343114198,0.4498062676575767,0.05622578345719709,0.057505133153560616,0.4887525057527943,165
1082,0.0,8,92,8,7,1,0,0,3,0.16255999999999998,1269.6428785022283,0.9649701873935264,142764.55456027816,0.8996513326403819,0.4454700729682195,0.055683759121027444,0.05748966624183523,0.4840470728701101,165
1083,0.0,8,92,8,7,1,0,0,3,0.16255999999999998,1269.8054385022283,0.9649548628853688,142768.32851955207,0.8995253583737702,0.4411338782788623,0.055141734784857795,0.057474784671927855,0.47929212322094183,165
1084,0.0,8,92,8,7,1,0,0,3,0.158496,1269.9639345022283,0.9649395435967303,142772.55839636747,0.8993995126703239,0.4369636415456101,0.054620455193201266,0.057447792716136634,0.4747873358046813,165
1085,0.0,8,92,8,7,1,0,0,3,0.166624,1270.1305585022283,0.9649242295249446,142775.87353999706,0.8992746022465637,0.4324997028582642,0.05406246285728303,0.05740209820426073,0.4700654624220744,165
1086,0.0,8,92,8,7,1,0,0,3,0.166624,1270.2971825022282,0.9649089206673477,142779.1878139365,0.8991506266693274,0.42799755021280206,0.05349969377660026,0.05740185939728613,0.4648576559172588,165
1087,0.0,8,92,8,7,1,0,0,3,0.158496,1270.4556785022282,0.9648936170212766,142783.4146987772,0.8990259724516959,0.4238273134795498,0.05297841418494373,0.05737614523608116,0.46021226373875757,165
1088,0.0,8,92,8,7,1,0,0,3,0.178816,1270.6344945022283,0.9648783185840708,142785.35706767076,0.8989032383160592,0.41894566001371614,0.05236820750171452,0.05731635962133555,0.4549790594768774,165
1089,0.0,8,92,8,7,1,0,0,3,0.166624,1270.8011185022283,0.9648630253530713,142788.66878388086,0.8987797357798829,0.41444350736825397,0.051805438421031746,0.05731855625280685,0.4496070335359732,165
1090,0.0,8,92,8,7,1,0,0,3,0.16255999999999998,1270.9636785022283,0.964847737325621,142792.43621963332,0.8986565400704349,0.4101073126788968,0.0512634140848621,0.05730793029582277,0.44449880755210414,165
1091,0.0,8,92,8,7,1,0,0,3,0.158496,1271.1221745022283,0.9648324544990645,142796.65923622184,0.8985306060459434,0.4059370759456446,0.050742134493205575,0.057283981684588106,0.4396632560701565,165
1092,0.0,8,92,8,7,1,0,0,3,0.158496,1271.2806705022283,0.9648171768707483,142800.88119980725,0.8984050690485825,0.4017668392123923,0.050220854901549046,0.05726033861850122,0.43478471995303103,165
1093,0.0,7,93,8,6,1,1,0,3,0.1557371451886337,1271.436407647417,0.9647806495493964,142802.2659316121,0.8982984974532824,0.3975842920960286,0.05679775601371837,0.05779708648125985,0.49128010951953965,165
1094,0.0,7,93,7,6,1,0,0,3,0.16255999999999998,1271.5989676474169,0.9647646371267665,142802.88410107445,0.8981932426219357,0.392914118700066,0.05613058838572371,0.0578426365952628,0.4849818939375306,165
1095,0.0,7,93,7,6,1,0,0,3,0.138176,1271.7371436474168,0.9647486294675109,142806.24019451544,0.8980840771912451,0.3892014790826171,0.05560021129751674,0.05782666566191031,0.4803785759757514,165
1096,0.0,7,93,7,6,1,0,0,3,0.138176,1271.8753196474167,0.9647326265695043,142809.59555874727,0.8979752985998408,0.38548883946516815,0.05506983420930974,0.05781103606963033,0.475730287323828,165
1097,0.0,7,93,7,6,1,0,0,3,0.14224,1272.0175596474166,0.9647166284306228,142812.49391742147,0.8978673541236651,0.38161024189161424,0.054515748841659176,0.05781551314787484,0.4706500282355076,165
1098,0.0,7,93,7,6,1,0,0,3,0.174752,1272.1923116474165,0.9647006350487437,142811.7418542874,0.8977623013348962,0.37668018444775514,0.05381145492110788,0.0576947183416847,0.46521663942251157,165
1099,0.0,7,93,7,6,1,0,0,3,0.158496,1272.3508076474166,0.9646846464217456,142812.81460101326,0.897656023825883,0.3722930983313094,0.053184728333044204,0.057591955297162725,0.4602780841996078,165
1100,0.0,7,93,7,6,1,0,0,3,0.15036799999999997,1272.5011756474166,0.9646686625475084,142814.79929284885,0.8975493271354406,0.36808258484554557,0.05258322640650651,0.057639382614631855,0.45422410046205425,165
1101,0.0,7,93,7,6,1,0,0,3,0.150368,1272.6515436474167,0.9646526834239131,142816.78351568858,0.8974432846926769,0.36387207135978167,0.05198172447996881,0.05768838189494789,0.44810575197109415,165
1102,0.0,7,93,7,6,1,0,0,3,0.14223999999999998,1272.7937836474166,0.9646367090488421,142819.67930349027,0.8973345874476099,0.3599934737862278,0.05142763911231824,0.057696948803827454,0.4427380635493414,165
1103,0.0,6,94,7,5,1,1,0,3,0.13281374125863254,1272.9265973886752,0.9645995161084936,142820.48970690902,0.897244210888105,0.356538021921389,0.05942300365356484,0.058022982348835864,0.5119188610708525,165
1104,0.0,6,94,6,5,1,0,0,2,0.130048,1273.0566453886752,0.9645828028180969,142821.61022339173,0.8971542081167823,0.3532756712640934,0.05887927854401557,0.05789503548057417,0.5084279933892575,165
1105,0.0,6,94,6,5,1,0,0,2,0.12192,1273.1785653886752,0.964566093783153,142823.64229442395,0.8970640463491492,0.35026507742918067,0.058377512904863434,0.057794447089022025,0.5050188628018907,165
1106,0.0,6,94,6,5,1,0,0,2,0.158496,1273.3370613886752,0.9645493890020367,142821.5713769198,0.8969782843971471,0.34611473740862175,0.057685789568103614,0.05749108435347772,0.5016904839624383,165
1107,0.0,5,95,6,4,1,1,0,2,0.10398540342891646,1273.441046792104,0.9645114759662297,142822.47337492352,0.8969039323713344,0.3435403922123947,0.06870807844247893,0.05624434978163171,0.5987651151845527,165
1108,0.0,5,95,5,4,1,0,0,2,0.09753599999999998,1273.538582792104,0.9644940293125756,142824.09850608552,0.8968299509130274,0.3411094922441613,0.06822189844883227,0.05617176251113981,0.5959703958228888,165
1109,0.0,5,95,5,4,1,0,0,2,0.1016,1273.640182792104,0.9644765863590091,142825.26765229486,0.8967564292882996,0.3385508482779393,0.06771016965558786,0.05606074927733518,0.5932943506225314,165
1110,0.0,5,95,5,4,1,0,0,2,0.09753599999999998,1273.737718792104,0.9644591471043535,142826.89231541328,0.8966831886638355,0.336119948309706,0.0672239896619412,0.055988239006892405,0.5904381705848992,165
1111,0.0,5,95,5,4,1,0,0,2,0.10972799999999999,1273.847446792104,0.9644417115474323,142827.1497173187,0.8966113904912782,0.33330954752110115,0.06666190950422023,0.05585470312020488,0.5875290644433607,165
1112,0.0,5,95,5,4,1,0,0,2,0.10566399999999998,1273.9531107921039,0.9644242796870693,142827.86270435454,0.8965371034177867,0.3306256470059534,0.0661251294011907,0.0557416529049898,0.5845894125102714,165
1113,0.0,5,95,5,4,1,0,0,2,0.09753599999999998,1274.0506467921039,0.9644068515220894,142829.48676976238,0.8964631867374672,0.3281947470377201,0.06563894940754403,0.05566914229360643,0.581634436742623,165
1114,0.0,5,95,5,4,1,0,0,2,0.1016,1274.1522467921038,0.9643894270513174,142830.65501645184,0.8963897296771984,0.3256361030714981,0.06512722061429962,0.05555819789839486,0.5787936164976696,165
1115,0.0,5,95,5,4,1,0,0,2,0.1016,1274.2538467921038,0.9643720062735789,142831.82307684585,0.8963167321157645,0.323077459105276,0.06461549182105522,0.055447343087409943,0.5759185705275033,165
1116,0.0,5,95,5,4,1,0,0,2,0.1016,1274.3554467921037,0.9643545891877,142832.99095098893,0.896244193931992,0.320518815139054,0.0641037630278108,0.05533657839903928,0.5730088435159697,165
1117,0.0,5,95,5,4,1,0,0,2,0.10972799999999999,1274.4651747921037,0.9643371757925072,142833.2477030567,0.8961702396833856,0.3177071706259176,0.06354143412518351,0.055185132998264566,0.5700358017249036,165
1118,0.0,5,95,5,4,1,0,0,2,0.09753599999999998,1274.5627107921036,0.9643197660868276,142834.8707038981,0.8960963877271788,0.31527627065768427,0.06305525413153684,0.05511281454862326,0.5669108016177329,165
1119,0.0,5,95,5,4,1,0,0,2,0.113792,1274.6765027921037,0.9643023600694886,142834.67185689136,0.8960236201749453,0.31233936959562225,0.06246787391912445,0.054959309895843904,0.5636819273180557,165
1120,0.0,5,95,5,4,1,0,0,2,0.13004799999999997,1274.8065507921037,0.9642849577393183,142832.6516575097,0.8959525616831545,0.30889522371519995,0.06177904474303999,0.05470764383907204,0.560482766815778,165
1121,0.0,5,95,5,4,1,0,0,2,0.09753599999999998,1274.9040867921037,0.9642675590951453,142834.27426936684,0.8958798195552943,0.30646432374696664,0.06129286474939333,0.05463524290742137,0.5572401017104748,165
1122,0.0,5,95,5,4,1,0,0,2,0.09753599999999998,1275.0016227921037,0.9642501641357986,142835.89663296848,0.8958056620204854,0.3040334237787333,0.06080668475574665,0.05456287182345681,0.5539620544988726,165
1123,0.0,5,95,5,4,1,0,0,2,0.09753599999999998,1275.0991587921037,0.9642327728601076,142837.51874837163,0.8957318745307046,0.3016025238105,0.060320504762100005,0.05449053070610415,0.5506482686610609,165
1124,0.0,5,95,5,4,1,0,0,2,0.09753599999999998,1275.1966947921037,0.9642153852669024,142839.1406156332,0.8956584569884374,0.29917162384226664,0.05983432476845333,0.05441821967487215,0.547298389013034,165
1125,0.0,5,95,5,4,1,0,0,2,0.1016,1275.2982947921037,0.9641980013550135,142840.30704337763,0.8955855877727406,0.2966129798760446,0.059322595975208926,0.05430746528546158,0.5440497910355572,165
1126,0.0,5,95,5,4,1,0,0,2,0.09753599999999998,1275.3958307921037,0.964180621123272,142841.92844417124,0.8955129098174173,0.2941820799078113,0.05883641598156225,0.05423523539165929,0.5406253387789866,165
1127,0.0,5,95,5,4,1,0,0,2,0.09753599999999998,1275.4933667921036,0.9641632445705093,142843.5495969903,0.8954388170653621,0.291751179939578,0.0583502359879156,0.05416303602260154,0.5371636943009609,165
1128,0.0,5,95,5,4,1,0,0,2,0.09753599999999998,1275.5909027921036,0.9641458716955574,142845.1705018917,0.89536509418449,0.2893202799713447,0.05786405599426895,0.05409086730051973,0.533664510444818,165
1129,0.0,5,95,5,4,1,0,0,2,0.10566399999999998,1275.6965667921036,0.9641285024972488,142845.8810218756,0.8952919194912302,0.28663389200713385,0.05732677840142678,0.053942011216920605,0.5303916126211604,165
1130,0.0,5,95,5,4,1,0,0,2,0.09753599999999998,1275.7941027921036,0.9641111369744165,142847.5014903698,0.8952189360448163,0.28420299203890054,0.05684059840778012,0.05386994615737143,0.5268132991754384,165
1131,0.0,5,95,5,4,1,0,0,2,0.113792,1275.9078947921037,0.964093775125894,142847.30170879414,0.8951477492376555,0.2812660909768385,0.0562532181953677,0.053717170319041586,0.5230489308119955,165
1132,0.0,5,95,5,4,1,0,0,2,0.1016,1276.0094947921036,0.9640764169505152,142848.46683660272,0.8950739886082573,0.2787074470106165,0.0557414894021233,0.053606726980742245,0.5195151706645068,165
1133,0.0,5,95,5,4,1,0,0,2,0.09753599999999998,1276.1070307921036,0.9640590624471146,142850.08671008414,0.8950003301025952,0.27627654704238314,0.05525530940847664,0.05353470585990057,0.5158118671073669,165
1134,0.0,5,95,5,4,1,0,0,2,0.09753599999999998,1276.2045667921036,0.9640417116145271,142851.70633596263,0.8949270411971273,0.2738456470741498,0.054769129414829976,0.05346271622695734,0.5120687480399988,165
1135,0.0,5,95,5,4,1,0,0,2,0.09753599999999998,1276.3021027921036,0.9640243644515883,142853.325714295,0.8948541217945497,0.2714147471059165,0.054282949421183294,0.053390758209283046,0.5082854949356986,165
1136,0.0,4,96,5,3,1,1,0,2,0.10997713197311601,1276.4120799240768,0.9639858734958868,142850.4186601287,0.8948010063031613,0.2684453021740503,0.06711132554351258,0.051232681829640594,0.6318008656580811,165
1137,0.0,3,97,4,2,1,1,0,2,0.06806303042333751,1276.4801429545003,0.9639466283225138,142849.06898586953,0.8947638429297504,0.26665301027229465,0.08888433675743156,0.03879552122966291,0.8399777129383423,165
1138,0.0,3,97,3,2,1,0,0,2,0.073152,1276.5532949545002,0.9639277709646044,142847.14999423467,0.8947273959872751,0.2645964834978465,0.0881988278326155,0.03867583343603016,0.8387230460821269,165
1139,0.0,3,97,3,2,1,0,0,2,0.056895999999999995,1276.6101909545002,0.9639089159989006,142847.05017406485,0.8946895259649089,0.26304595781722706,0.08768198593907568,0.03858210198412367,0.8377873208490167,165
1140,0.0,3,97,3,2,1,0,0,2,0.06095999999999999,1276.6711509545003,0.9638900634249471,142846.49564114687,0.8946521940957294,0.2613676881386189,0.08712256271287296,0.03843976903239048,0.8370508506365992,165
1141,0.0,3,97,3,2,1,0,0,2,0.056895999999999995,1276.7280469545003,0.9638712132422891,142846.39585935208,0.8946150437707767,0.2598171624579994,0.08660572081933314,0.038346070537952165,0.8360912145316486,165
1142,0.0,3,97,3,2,1,0,0,2,0.065024,1276.7930709545003,0.9638523654504714,142845.38673416674,0.8945773619211574,0.2580111487814025,0.0860037162604675,0.038155327016459954,0.8355454153090356,165
1143,0.0,3,97,3,2,1,0,0,2,0.056895999999999995,1276.8499669545004,0.9638335200490393,142845.28701131212,0.8945398616305406,0.25646062310078305,0.08548687436692769,0.038061679186958054,0.8345618897085275,165
1144,0.0,3,97,3,2,1,0,0,2,0.056895999999999995,1276.9068629545004,0.9638146770375381,142845.18729734432,0.8945027211206511,0.2549100974201636,0.08497003247338786,0.037968040060624916,0.833565127638119,165
1145,0.0,3,97,3,2,1,0,0,2,0.056895999999999995,1276.9637589545005,0.963795836415513,142845.0875922622,0.8944648709173718,0.25335957173954415,0.08445319057984806,0.0378744097020126,0.8325548805705415,165
1146,0.0,3,97,3,2,1,0,0,2,0.056895999999999995,1277.0206549545005,0.9637769981825098,142844.9878960645,0.8944273804939541,0.2518090460589247,0.08393634868630823,0.037780788176307006,0.8315308941144867,165
1147,0.0,3,97,3,2,1,0,0,2,0.056895999999999995,1277.0775509545006,0.963758162338074,142844.8882087501,0.894390249803065,0.2502585203783052,0.0834195067927684,0.03768717554933559,0.8304929078510773,165
1148,0.0,3,97,3,2,1,0,0,2,0.056895999999999995,1277.1344469545006,0.9637393288817513,142844.78853031778,0.8943524095112892,0.24870799469768579,0.0829026648992286,0.03759357188757517,0.8294406551651887,165
1149,0.0,3,97,3,2,1,0,0,2,0.06095999999999999,1277.1954069545006,0.9637204978130877,142844.23433296868,0.8943151071577106,0.2470297250190776,0.08234324167302587,0.037451622328880094,0.8285936356992264,165
1150,0.0,3,97,3,2,1,0,0,2,0.056895999999999995,1277.2523029545007,0.963701669131629,142844.13469286132,0.8942779862741269,0.24547919933845824,0.08182639977948608,0.03735805458453668,0.8275129755872374,165
1151,0.0,3,97,3,2,1,0,0,2,0.056895999999999995,1277.3091989545007,0.9636828428369214,142844.0350616306,0.8942401558821366,0.24392867365783885,0.08130955788594628,0.03726449611002085,0.8264172116162027,165
1152,0.0,3,97,3,2,1,0,0,2,0.056895999999999995,1277.3660949545008,0.9636640189285111,142843.93543927537,0.8942026851736249,0.24237814797721946,0.08079271599240649,0.03717094697532849,0.8253060503606439,165
1153,0.0,3,97,3,2,1,0,0,2,0.065024,1277.4311189545008,0.9636451974059443,142842.92694336598,0.8941659304518471,0.24057462174968572,0.08019154058322857,0.037063627441410577,0.8239822096518774,165
1154,0.0,3,97,3,2,1,0,0,2,0.056895999999999995,1277.4880149545008,0.9636263782687677,142842.82737987113,0.8941281099479321,0.23902409606906633,0.07967469868968878,0.03697003760847253,0.8228370968333805,165
1155,0.0,3,97,3,2,1,0,0,2,0.056895999999999995,1277.544910954501,0.9636075615165276,142842.7278252445,0.8940906490793249,0.23747357038844696,0.07915785679614899,0.03687645703080012,0.8216756194108936,165
1156,0.0,3,97,3,2,1,0,0,2,0.056895999999999995,1277.601806954501,0.9635887471487709,142842.6282794849,0.89405354779873,0.2359230447078276,0.0786410149026092,0.03678288577903327,0.8204974530728859,165
1157,0.0,3,97,3,2,1,0,0,2,0.056895999999999995,1277.658702954501,0.9635699351650441,142842.52874259112,0.8940157371946161,0.23437251902720824,0.07812417300906942,0.036689323924525424,0.8193022654831016,165
1158,0.0,3,97,3,2,1,0,0,2,0.056895999999999995,1277.715598954501,0.9635511255648942,142842.429214562,0.8939782861776508,0.23282199334658885,0.07760733111552963,0.036595771539352534,0.8180897160478955,165
1159,0.0,3,97,3,2,1,0,0,2,0.06095999999999999,1277.776558954501,0.9635323183478683,142841.8753818281,0.8939412837647633,0.23114372366798078,0.07704790788932692,0.03645397489642388,0.8170898194396284,165
1160,0.0,3,97,3,2,1,0,0,2,0.056895999999999995,1277.8334549545011,0.9635135135135136,142841.7758920697,0.8939034830526483,0.2295931979873614,0.07653106599578713,0.03636046027166239,0.8158424537047322,165
1161,0.0,3,97,3,2,1,0,0,2,0.065024,1277.8984789545011,0.9634947110613771,142840.76787487834,0.8938663981051573,0.2277871843107646,0.07592906143692153,0.036170630421592014,0.8150409719960926,165
1162,0.0,3,97,3,2,1,0,0,2,0.06908799999999998,1277.967566954501,0.9634759109910062,142839.30572277115,0.8938295835656728,0.22585342663617908,0.07528447554539303,0.03593301623926626,0.8144569740176212,165
1163,0.0,3,97,3,2,1,0,0,2,0.06095999999999999,1278.028526954501,0.9634571133019485,142838.7521482132,0.8937917927182466,0.22417640068210254,0.07472546689403418,0.0358322214751535,0.813049307814296,165
1164,0.0,3,97,3,2,1,0,0,2,0.065024,1278.093550954501,0.9634383179937516,142837.74443870812,0.8937546284957852,0.22237163073003727,0.07412387691001242,0.035683411233917495,0.8118542030012595,165
1165,0.0,3,97,3,2,1,0,0,2,0.056895999999999995,1278.1504469545011,0.9634195250659631,142837.64515751012,0.8937175565711392,0.2208211050494179,0.07360703501647263,0.03558999964294095,0.810513748300699,165
1166,0.0,3,97,3,2,1,0,0,2,0.056895999999999995,1278.2073429545012,0.9634007345181308,142837.5458851506,0.8936797756001279,0.21927057936879854,0.07309019312293284,0.03549659860601562,0.8091527967644183,165
1167,0.0,3,97,3,2,1,0,0,2,0.056895999999999995,1278.2642389545013,0.9633819463498027,142837.4466216284,0.893642354071869,0.21772005368817918,0.07257335122939305,0.03540320820667286,0.8077709166845958,165
1168,0.0,3,97,3,2,1,0,0,2,0.06095999999999999,1278.3251989545013,0.9633631605605267,142836.89326419897,0.8936054699973017,0.21604302773410264,0.0720143425780342,0.03530239662848036,0.8062505770174356,165
1169,0.0,3,97,3,2,1,0,0,2,0.056895999999999995,1278.3820949545013,0.9633443771498512,142836.79403887372,0.8935676989027191,0.21449250205348325,0.07149750068449441,0.03520899506707056,0.8048239842299821,165
1170,0.0,3,97,3,2,1,0,0,2,0.056895999999999995,1278.4389909545014,0.9633255961173244,142836.69482238035,0.8935302872027825,0.21294197637286388,0.07098065879095462,0.03511560422757726,0.8033750666002019,165
1171,0.0,3,97,3,2,1,0,0,2,0.06095999999999999,1278.4999509545014,0.9633068174624945,142836.14157643315,0.8934933238676507,0.21126370669425582,0.07042123556475194,0.0349742808759307,0.8021464045017559,165
1172,0.0,3,97,3,2,1,0,0,2,0.056895999999999995,1278.5568469545015,0.9632880411849101,142836.04239812016,0.8934555626495099,0.20971318101363645,0.06990439367121215,0.03488093218822629,0.8006523199332397,165
1173,0.0,3,97,3,2,1,0,0,2,0.06095999999999999,1278.6178069545015,0.9632692672841199,142835.48923427344,0.8934183387971072,0.20803491133502836,0.06934497044500945,0.034739730645807126,0.799379257376298,165
1174,0.0,3,97,3,2,1,0,0,2,0.056895999999999995,1278.6747029545015,0.9632504957596726,142835.3900941284,0.8933812962170525,0.206484385654409,0.06882812855146966,0.034646425122524326,0.7978379518686256,165
1175,0.0,3,97,3,2,1,0,0,2,0.056895999999999995,1278.7315989545016,0.963231726611117,142835.2909628057,0.8933435448675686,0.20493385997378963,0.06831128665792986,0.034553131014634905,0.796271773772664,165
1176,0.0,3,97,3,2,1,0,0,2,0.09753599999999998,1278.8291349545016,0.963212959838002,142830.65267081093,0.8933070427955329,0.2021183315585985,0.0673727771861995,0.034387200088609855,0.7933295583990909,165
1177,0.0,3,97,3,2,1,0,0,2,0.056895999999999995,1278.8860309545016,0.9631941954398768,142830.55376222072,0.8932700099568062,0.20056780587797912,0.06685593529265971,0.034293598208458384,0.791693336616364,165
1178,0.0,3,97,3,2,1,0,0,2,0.073152,1278.9591829545016,0.9631754334162905,142828.63943946402,0.8932322684409173,0.19851127910353106,0.06617042636784369,0.03417355123253148,0.7894416788033283,165
1179,0.0,3,97,3,2,1,0,0,2,0.073152,1279.0323349545015,0.9631566737667925,142826.72533567998,0.8931952421202564,0.196454752329083,0.06548491744302766,0.03405491169634499,0.7871265457127294,165
1180,0.0,3,97,3,2,1,0,0,2,0.056895999999999995,1279.0892309545015,0.9631379164909321,142826.626617497,0.8931582190423981,0.19490422664846363,0.06496807554948787,0.03396109019160143,0.7853905223660561,165
1181,0.0,3,97,3,2,1,0,0,2,0.056895999999999995,1279.1461269545016,0.9631191615882588,142826.52790809597,0.8931204873796187,0.19335370096784427,0.06445123365594808,0.033867277482471245,0.783625271367753,165
1182,0.0,3,97,3,2,1,0,0,2,0.06908799999999998,1279.2152149545016,0.9631004090583224,142825.0679511331,0.8930833818427403,0.19142367446685338,0.06380789148895112,0.033755591489601805,0.7813347396134968,165
1183,0.0,3,97,3,2,1,0,0,2,0.056895999999999995,1279.2721109545016,0.9630816589006725,142824.96932077518,0.8930463685257958,0.18987314878623401,0.06329104959541133,0.03366170602613614,0.7795019093002965,165
1184,0.0,3,97,3,2,1,0,0,2,0.056895999999999995,1279.3290069545017,0.9630629111148592,142824.87069919013,0.8930086467161471,0.18832262310561465,0.06277420770187155,0.03356782907909786,0.7776376283693863,165
1185,0.0,3,97,3,2,1,0,0,2,0.056895999999999995,1279.3859029545017,0.9630441657004322,142824.77208637673,0.8929712840608094,0.1867720974249953,0.062257365808331765,0.033473960720139334,0.7757411656512151,165
1186,0.0,3,97,3,2,1,0,0,2,0.06095999999999999,1279.4468629545017,0.9630254226569417,142824.21981794975,0.8929343694715479,0.1850938277463872,0.061697942582129066,0.033331217574492034,0.7740831568328694,165
1187,0.0,3,97,3,2,1,0,0,2,0.056895999999999995,1279.5037589545018,0.9630066819839379,142824.12124316255,0.8928966575189444,0.18354330206576783,0.06118110068858928,0.03323738472118911,0.7721209288237638,165
1188,0.0,3,97,3,2,1,0,0,2,0.056895999999999995,1279.5606549545018,0.9629879436809713,142824.02267714165,0.8928593046726228,0.18199277638514844,0.060664258795049476,0.03314356079130498,0.7701241771755715,165
1189,0.0,3,97,3,2,1,0,0,2,0.056895999999999995,1279.617550954502,0.9629692077475921,142823.9241198859,0.8928223108854254,0.18044225070452907,0.06014741690150969,0.03304974586083695,0.7680920827622749,165
1190,0.0,3,97,3,2,1,0,0,2,0.06095999999999999,1279.678510954502,0.9629504741833509,142823.37199182538,0.8927846977332441,0.178763981025921,0.059587993675307004,0.03290716750243607,0.7662985192919899,165
1191,0.0,3,97,3,2,1,0,0,2,0.06095999999999999,1279.739470954502,0.9629317429877985,142822.81991636576,0.892747532571009,0.1770857113473129,0.059028570449104305,0.032764673917557614,0.7644694262052377,165
1192,0.0,3,97,3,2,1,0,0,2,0.056895999999999995,1279.796366954502,0.9629130141604855,142822.72142635184,0.8927105485331753,0.17553518566669354,0.05851172855556452,0.032670924344730214,0.7623276503110297,165
1193,0.0,3,97,3,2,1,0,0,2,0.065024,1279.861390954502,0.962894287700963,142821.71592321913,0.892673034142507,0.17372917199009674,0.057909723996698914,0.03247994553064909,0.7607007075089107,165
1194,0.0,3,97,3,2,1,0,0,2,0.056895999999999995,1279.918286954502,0.9628755636087818,142821.61749166265,0.8926357008909536,0.17217864630947738,0.057392882103159126,0.03238625422380577,0.7584815158536963,165
1195,0.0,3,97,3,2,1,0,0,2,0.06095999999999999,1279.979246954502,0.9628568418834931,142821.06560318166,0.8925989044503277,0.17050162035540078,0.056833873451800264,0.03228609803951729,0.7560218397987944,165
1196,0.0,3,97,3,2,1,0,0,2,0.06095999999999999,1280.040206954502,0.9628381225246482,142820.5137672664,0.8925612220300451,0.16882459440132422,0.05627486480044141,0.03218599501271336,0.7535122776441698,165
1197,0.0,3,97,3,2,1,0,0,2,0.056895999999999995,1280.0971029545021,0.9628194055317983,142820.41540289152,0.8925238985720358,0.16727406872070483,0.05575802290690161,0.03209226775404174,0.7511607133184386,165
1198,0.0,3,97,3,2,1,0,0,2,0.056895999999999995,1280.1539989545022,0.962800690904495,142820.3170472602,0.8924869340291802,0.16572354304008544,0.055241181013361805,0.03199855035704259,0.7487649602318072,165
1199,0.0,3,97,3,2,1,0,0,2,0.056895999999999995,1280.2108949545022,0.96278197864229,142820.21870037125,0.8924492614543441,0.16417301735946602,0.05472433911982202,0.03190484290861905,0.7463239141736799,165
1200,0.0,3,97,3,2,1,0,0,2,0.056895999999999995,1280.2677909545023,0.9627632687447346,142820.1203622235,0.892411947793804,0.16262249167884663,0.05420749722628221,0.031811145496688946,0.7438364383883445,165
1201,0.0,3,97,3,2,1,0,0,2,0.056895999999999995,1280.3246869545023,0.962744561211381,142820.0220328158,0.892374993000452,0.16107196599822723,0.053690655332742414,0.03171745821019952,0.7413013625610344,165
1202,0.0,3,97,3,2,1,0,0,2,0.06095999999999999,1280.3856469545024,0.9627258560417807,142819.47039546745,0.8923373302671923,0.15939494004415067,0.05313164668138356,0.03161729305930141,0.7384903843864962,165
1203,0.0,3,97,3,2,1,0,0,2,0.056895999999999995,1280.4425429545024,0.9627071532354861,142819.37210399134,0.8923000264002637,0.15784441436353128,0.05261480478784376,0.03152359251563831,0.7358526126769577,165
1204,0.0,3,97,3,2,1,0,0,2,0.056895999999999995,1280.4994389545025,0.9626884527920492,142819.27382124992,0.8922630813525713,0.15629388868291189,0.05209796289430396,0.03142990217138214,0.7331634213652575,165
1205,0.0,3,97,3,2,1,0,0,2,0.056895999999999995,1280.5563349545025,0.9626697547110222,142819.17554724205,0.8922254284570197,0.15474336300229247,0.05158112100076415,0.03133622211801674,0.7304214923242353,165
1206,0.0,3,97,3,2,1,0,0,2,0.056895999999999995,1280.6132309545026,0.9626510589919576,142819.07728196657,0.8921881343798476,0.1531928373216731,0.051064279107224365,0.031242552448113085,0.7276254683105177,165
1207,0.0,3,97,3,2,1,0,0,2,0.056895999999999995,1280.6701269545026,0.9626323656344077,142818.97902542228,0.8921511990739721,0.15164231164105368,0.050547437213684564,0.03114889325534532,0.7247739517923499,165
1208,0.0,3,97,3,2,1,0,0,2,0.09753599999999998,1280.7676629545026,0.9626136746379252,142814.34899601902,0.8921136448856007,0.14882553950133093,0.04960851316711031,0.030951034204186045,0.7198085356262699,165
1209,0.0,3,97,3,2,1,0,0,2,0.065024,1280.8326869545026,0.9625949860020628,142813.34468043415,0.8920766271987983,0.14702076954926563,0.049006923183088545,0.03080238362869109,0.7168193859388767,165
1210,0.0,3,97,3,2,1,0,0,2,0.056895999999999995,1280.8895829545027,0.9625762997263734,142813.24669536142,0.8920397016153535,0.14547024386864627,0.04849008128954876,0.030708460127749224,0.7137448814362369,165
1211,0.0,3,97,3,2,1,0,0,2,0.056895999999999995,1280.9464789545027,0.9625576158104098,142813.14871899312,0.8920020683680773,0.14391971818802685,0.04797323939600895,0.030614545731440405,0.7106074696600406,165
1212,0.0,3,97,3,2,1,0,0,2,0.06095999999999999,1281.0074389545027,0.962538934253725,142812.59767648982,0.891964971558902,0.14224144850941872,0.04741381616980624,0.03047166503714073,0.7076986051307637,165
1213,0.0,3,97,3,2,1,0,0,2,0.06095999999999999,1281.0683989545028,0.9625202550558724,142812.04668642956,0.8919282334096428,0.14056442255534216,0.04685480751844739,0.030371979333063032,0.7041348969543401,165
1214,0.0,3,97,3,2,1,0,0,2,0.06908799999999998,1281.1374869545027,0.962501578216405,142810.5897009768,0.8918906099729458,0.13863439605435124,0.04621146535145041,0.03026125055213449,0.699878593566844,165
1215,0.0,3,97,3,2,1,0,0,2,0.06095999999999999,1281.1984469545027,0.9624829037348763,142810.03886238512,0.891853522903127,0.13695612637574311,0.045652042125247705,0.030118110769937496,0.6967445502456512,165
1216,0.0,3,97,3,2,1,0,0,2,0.06095999999999999,1281.2594069545028,0.9624642316108399,142809.48807620927,0.8918167056030766,0.135277856697135,0.045092618899045,0.029975058299266246,0.6935366370635732,165
1217,0.0,3,97,3,2,1,0,0,2,0.056895999999999995,1281.3163029545028,0.9624455618438493,142809.39029501867,0.8917790919769911,0.1337273310165156,0.0445757770055052,0.02988112602776561,0.6899588870928401,165
1218,0.0,3,97,3,2,1,0,0,2,0.073152,1281.3894549545028,0.9624268944334582,142807.4808111304,0.891742192315549,0.13167080424206748,0.04389026808068916,0.02976533693155222,0.6849676266855314,165
1219,0.0,3,97,3,2,1,0,0,2,0.065024,1281.4544789545027,0.9624082293792204,142806.477331371,0.8917054735415088,0.12986479056547062,0.04328826352182355,0.029572791020937322,0.6817994401603354,165
1220,0.0,3,97,3,2,1,0,0,2,0.06095999999999999,1281.5154389545028,0.96238956668069,142805.92682465317,0.8916679585372513,0.12818652088686253,0.042728840295620844,0.02942962263615102,0.6782507929178947,165
1221,0.0,3,97,3,2,1,0,0,2,0.056895999999999995,1281.5723349545028,0.9623709063374208,142805.8292211007,0.891630713281213,0.12663599520624313,0.04221199840208104,0.02933565314483711,0.6743227056385774,165
1222,0.0,3,97,3,2,1,0,0,2,0.056895999999999995,1281.6292309545029,0.9623522483489673,142805.73162621417,0.8915938265569744,0.12508546952562374,0.04169515650854125,0.029241692890093,0.6703081017140762,165
1223,0.0,3,97,3,2,1,0,0,2,0.06095999999999999,1281.690190954503,0.9623335927148836,142805.18123002254,0.8915563213517466,0.12340719984701563,0.04113573328233854,0.02909867171366413,0.6664937770885706,165
1224,0.0,3,97,3,2,1,0,0,2,0.06095999999999999,1281.751150954503,0.9623149394347241,142804.63088618455,0.8915192634808897,0.12172893016840751,0.040576310056135836,0.02895574209450863,0.6625842211758628,165
1225,0.0,3,97,3,2,1,0,0,2,0.056895999999999995,1281.808046954503,0.9622962885080433,142804.53335810365,0.8914823864638306,0.12017840448778812,0.04005946816259604,0.02886185058107412,0.6582912643420464,165
1226,0.0,3,97,3,2,1,0,0,2,0.06095999999999999,1281.869006954503,0.9622776399343959,142803.98309567457,0.8914448910460212,0.11850013480918001,0.039500044936393336,0.02871904448639074,0.6541841936530539,165
1227,0.0,3,97,3,2,1,0,0,2,0.065024,1281.934030954503,0.9622589937133366,142802.9801687175,0.8914080205021722,0.11669412113258316,0.038898040377527726,0.028527516337987162,0.6502525567196787,165
1228,0.0,3,97,3,2,1,0,0,2,0.056895999999999995,1281.990926954503,0.9622403498444202,142802.88272780975,0.8913711531807095,0.11514359545196377,0.038381198483987924,0.02843371849889554,0.6456526478979674,165
1229,0.0,3,97,3,2,1,0,0,2,0.056895999999999995,1282.047822954503,0.9622217083272017,142802.78529555062,0.8913335787469305,0.11359306977134438,0.03786435659044813,0.028339931327565522,0.6409470087366724,165
1230,0.0,3,97,3,2,1,0,0,2,0.056895999999999995,1282.1047189545031,0.9622030691612361,142802.687871939,0.89129636274839,0.11204254409072499,0.03734751469690833,0.028246154930259282,0.6361327252131701,165
1231,0.0,3,97,3,2,1,0,0,2,0.056895999999999995,1282.1616149545032,0.9621844323460786,142802.59045697376,0.8912595051381047,0.11049201841010559,0.036830672803368526,0.02815238941464253,0.6312068097606732,165
1232,0.0,3,97,3,2,1,0,0,2,0.06095999999999999,1282.2225749545032,0.9621657978812846,142802.04043864773,0.8912219405073379,0.10881499245602902,0.03627166415200967,0.028052409855810714,0.6257260376476786,165
1233,0.0,2,98,3,1,1,1,0,2,0.03901640958010932,1282.2615913640834,0.9621261480905442,142800.8147738464,0.891202937478515,0.10762153468791624,0.05381076734395812,0.013945463856978941,0.9370643157300321,165
1234,0.0,2,98,2,1,1,0,0,2,0.036576,1282.2981673640834,0.9621067232718943,142799.86095309528,0.8911839352799173,0.1064768136041439,0.05323840680207195,0.013879104408921508,0.9363619940749213,165
1235,0.0,2,98,2,1,1,0,0,2,0.036576,1282.3347433640834,0.9620873000861653,142798.90718675576,0.8911652890088062,0.1053320925203716,0.0526660462601858,0.013812744960864074,0.9356412065231154,165
1236,0.0,2,98,2,1,1,0,0,2,0.040639999999999996,1282.3753833640833,0.9620678785331512,142797.50093113713,0.8911463772351292,0.10405962743861055,0.052029813719305276,0.013682513513812281,0.9353175706995501,165
1237,0.0,2,98,2,1,1,0,0,2,0.036576,1282.4119593640833,0.9620484586126463,142796.54728953613,0.8911277325989886,0.10291490635483821,0.05145745317741911,0.013616154065754848,0.9345633462818058,165
1238,0.0,2,98,2,1,1,0,0,2,0.05283199999999999,1282.4647913640833,0.9620290403244447,142793.7836836966,0.8911087337032977,0.10126418417723718,0.05063209208861859,0.013802795164611779,0.9308248202795085,165
1239,0.0,2,98,2,1,1,0,0,2,0.044703999999999994,1282.5094953640833,0.9620096236683406,142791.9252543326,0.8910902682369976,0.0998639750974874,0.0499319875487437,0.013608691718565626,0.9308555483794988,165
1240,0.0,2,98,2,1,1,0,0,2,0.044703999999999994,1282.5541993640832,0.9619902086441283,142790.06695452138,0.8910714485187956,0.09846376601773765,0.049231883008868826,0.013414588272519474,0.9308871448866596,165
1241,0.0,2,98,2,1,1,0,0,2,0.040639999999999996,1282.594839364083,0.961970795251602,142788.661219627,0.8910528959107703,0.09719130093597661,0.048595650467988305,0.013284356825467681,0.9304675551850609,165
1242,0.0,2,98,2,1,1,0,0,2,0.040639999999999996,1282.635479364083,0.9619513834905561,142787.2555738134,0.891033989070124,0.09591883585421557,0.047959417927107784,0.013154125378415888,0.9300358088950079,165
1243,0.0,2,98,2,1,1,0,0,2,0.04876799999999999,1282.6842473640831,0.9619319733607848,142784.94522433658,0.8910156156082464,0.09439461395007169,0.047197306975035845,0.013277516340544228,0.9266633233429803,165
1244,0.0,2,98,2,1,1,0,0,2,0.036576,1282.7208233640831,0.9619125648620828,142783.9921703795,0.8909966216507569,0.09324989286629937,0.04662494643314968,0.013211156892486794,0.925679970186551,165
1245,0.0,2,98,2,1,1,0,0,2,0.036576,1282.757399364083,0.961893157994244,142783.0391707724,0.8909779835426617,0.09210517178252704,0.04605258589126352,0.013144797444429361,0.9246670240927307,165
1246,0.0,2,98,2,1,1,0,0,2,0.04876799999999999,1282.8061673640832,0.9618737527570633,142780.7292011685,0.890958991236624,0.09058094987838317,0.04529047493919158,0.013268188406557701,0.9209594391555029,165
1247,0.0,2,98,2,1,1,0,0,2,0.044703999999999994,1282.850871364083,0.9618543491503351,142778.87172126074,0.8909405322664955,0.08918074079863342,0.04459037039931671,0.013074084960511548,0.9208368383494993,165
1248,0.0,2,98,2,1,1,0,0,2,0.04876799999999999,1282.8996393640832,0.9618349471738536,142776.56207838206,0.8909215416078173,0.08765651889448954,0.04382825944724477,0.013197475922639888,0.9168659122394276,165
1249,0.0,2,98,2,1,1,0,0,2,0.036576,1282.9362153640832,0.9618155468274139,142775.60942343326,0.8909029067673062,0.08651179781071722,0.04325589890535861,0.013131116474582455,0.9156220683117592,165
1250,0.0,2,98,2,1,1,0,0,2,0.040639999999999996,1282.9768553640831,0.96179614811081,142774.20456506856,0.8908840065048987,0.08523933272895617,0.04261966636447809,0.013000885027530662,0.9148695521596851,165
1251,0.0,2,98,2,1,1,0,0,2,0.036576,1283.013431364083,0.961776751023837,142773.25203466142,0.8908653732978581,0.08409461164518385,0.042047305822591925,0.012934525579473229,0.9135514574988366,165
1252,0.0,2,98,2,1,1,0,0,2,0.036576,1283.050007364083,0.9617573555662894,142772.29955856196,0.8908463859390665,0.08294989056141153,0.04147494528070576,0.012868166131415795,0.9121894458469247,165
1253,0.0,2,98,2,1,1,0,0,2,0.036576,1283.086583364083,0.9617379617379618,142771.34713676557,0.8908277543672198,0.0818051694776392,0.0409025847388196,0.012801806683358362,0.9107814426322789,165
1254,0.0,2,98,2,1,1,0,0,2,0.036576,1283.123159364083,0.9617185695386489,142770.39476926762,0.8908087686590167,0.08066044839386688,0.04033022419693344,0.012735447235300928,0.9093252475387295,165
1255,0.0,2,98,2,1,1,0,0,2,0.036576,1283.159735364083,0.9616991789681456,142769.4424560634,0.8907901387221495,0.07951572731009456,0.03975786365504728,0.012669087787243495,0.907818525256243,165
1256,0.0,2,98,2,1,1,0,0,2,0.040639999999999996,1283.200375364083,0.9616797900262467,142768.03803772313,0.8907712433979433,0.07824326222833351,0.039121631114166756,0.012538856340191702,0.906843280765735,165
1257,0.0,2,98,2,1,1,0,0,2,0.036576,1283.2369513640829,0.961660402712747,142767.08584899607,0.8907526150939038,0.07709854114456119,0.038549270572280595,0.012472496892134269,0.9052374000186274,165
1258,0.0,2,98,2,1,1,0,0,2,0.04876799999999999,1283.285719364083,0.9616410170274413,142764.77734887172,0.8907337214140423,0.07557307551588578,0.03778653775794289,0.012468765718539658,0.9018058171726228,165
1259,0.0,2,98,2,1,1,0,0,2,0.040639999999999996,1283.326359364083,0.9616216329701245,142763.37321613627,0.8907151834704287,0.07430061043412474,0.03715030521706237,0.012338534271487865,0.9006519463824992,165
1260,0.0,2,98,2,1,1,0,0,2,0.05283199999999999,1283.379191364083,0.9616022505405916,142760.61294500393,0.8906962027068842,0.07264988825652369,0.036324944128261843,0.012525175370344796,0.8937401957866076,165
1261,0.0,2,98,2,1,1,0,0,2,0.044703999999999994,1283.423895364083,0.9615828697386376,142758.7569951111,0.8906777551157342,0.071252166625837,0.0356260833129185,0.012585316195744545,0.8890520477648995,165
1262,0.0,2,98,2,1,1,0,0,2,0.036576,1283.4604713640829,0.9615634905640573,142757.8052367024,0.8906587759980413,0.07010744554206468,0.03505372277103234,0.012518956747687111,0.8868815136564406,165
1263,0.0,2,98,2,1,1,0,0,2,0.040639999999999996,1283.5011113640828,0.961544113016646,142756.40151590397,0.8906402413093275,0.06883498046030363,0.034417490230151816,0.012388725300635318,0.8852948800175034,165
1264,0.0,2,98,2,1,1,0,0,2,0.040639999999999996,1283.5417513640828,0.9615247370961987,142754.99788399588,0.8906213525573359,0.06756251537854259,0.033781257689271295,0.012258493853583526,0.8836413606797578,165
1265,0.0,2,98,2,1,1,0,0,2,0.036576,1283.5783273640827,0.9615053628025103,142754.04632009318,0.890602730778592,0.06641779429477027,0.03320889714738513,0.012192134405526092,0.8812220241661387,165
1266,0.0,2,98,2,1,1,0,0,2,0.036576,1283.6149033640827,0.9614859901353762,142753.09481041922,0.8905837549558306,0.06527307321099794,0.03263653660549897,0.012125774957468659,0.8787022816726671,165
1267,0.0,2,98,2,1,1,0,0,2,0.036576,1283.6514793640827,0.9614666190945915,142752.14335496933,0.8905651348107808,0.06412835212722562,0.03206417606361281,0.012059415509411225,0.8760763227055085,165
1268,0.0,2,98,2,1,1,0,0,2,0.036576,1283.6880553640826,0.9614472496799513,142751.19195373892,0.8905461606370986,0.0629836310434533,0.03149181552172665,0.011993056061353792,0.8733379118282901,165
1269,0.0,2,98,2,1,1,0,0,2,0.036576,1283.7246313640826,0.961427881891251,142750.24060672332,0.8905275421255285,0.06183890995968097,0.030919454979840486,0.011926696613296359,0.8704803516131698,165
1270,0.0,2,98,2,1,1,0,0,2,0.05689599999999999,1283.7815273640826,0.9614085157282858,142747.02984414285,0.8905086583072187,0.0600604437840912,0.0300302218920456,0.01204946571315893,0.861328471854616,165
1271,0.0,2,98,2,1,1,0,0,2,0.036576,1283.8181033640826,0.9613891511908509,142746.07868497135,0.890490041426978,0.058915722700318876,0.029457861350159438,0.011983106265101497,0.8580181393822852,165
1272,0.0,2,98,2,1,1,0,0,2,0.036576,1283.8546793640826,0.9613697882787419,142745.12757999534,0.890471070548871,0.05777100161654655,0.028885500808273276,0.011916746817044063,0.8545559028620525,165
1273,0.0,2,98,2,1,1,0,0,2,0.044703999999999994,1283.8993833640825,0.9613504269917539,142743.27285663137,0.8904526327030831,0.056373279985859864,0.028186639992929932,0.011976887642443812,0.8470616640197906,165
1274,0.0,2,98,2,1,1,0,0,2,0.036576,1283.9359593640825,0.9613310673296825,142742.3218917962,0.8904336634695368,0.05522855890208754,0.02761427945104377,0.011910528194386379,0.8431454525720581,165
1275,0.0,2,98,2,1,1,0,0,2,0.036576,1283.9725353640824,0.9613117092923232,142741.37098114047,0.890415049851313,0.05408383781831522,0.02704191890915761,0.011844168746328945,0.8390403537199927,165
1276,0.0,2,98,2,1,1,0,0,2,0.040639999999999996,1284.0131753640824,0.9612923528794713,142739.96834030218,0.8903960822659841,0.05281261646108571,0.026406308230542856,0.011841059435000103,0.832585012681629,165
1277,0.0,2,98,2,1,1,0,0,2,0.05689599999999999,1284.0700713640824,0.9612729980909225,142736.75875436867,0.890377913745171,0.0510329065609644,0.0255164532804822,0.011836706399139724,0.8229169002826308,165
1278,0.0,2,98,2,1,1,0,0,2,0.036576,1284.1066473640824,0.9612536449264721,142735.80810148426,0.8903589477981658,0.04988818547719208,0.02494409273859604,0.01177034695108229,0.8178885567698256,165
1279,0.0,2,98,2,1,1,0,0,2,0.040639999999999996,1284.1472873640823,0.9612342933859159,142734.40578318408,0.8903404261243837,0.04861696411996257,0.024308482059981287,0.011767237639753448,0.8101541780309234,165
1280,0.0,2,98,2,1,1,0,0,2,0.044703999999999994,1284.1919913640822,0.9612149434690496,142732.55185566223,0.8903216391975322,0.04721675504021281,0.023608377520106406,0.011573134193707296,0.8062508230920261,165
1281,0.0,2,98,2,1,1,0,0,2,0.04876799999999999,1284.2407593640824,0.9611955951756685,142730.24638368018,0.8903032965167004,0.04569253313606894,0.02284626656803447,0.011696525155835635,0.7923240986456119,165
1282,0.0,2,98,2,1,1,0,0,2,0.040639999999999996,1284.2813993640823,0.9611762485055687,142728.8443878139,0.8902844225367231,0.0444200680543079,0.02221003402715395,0.011566293708783842,0.7866581598256852,165
1283,0.0,2,98,2,1,1,0,0,2,0.036576,1284.3179753640823,0.9611569034585457,142727.8941167473,0.8902658154244868,0.043275346970535575,0.021637673485267787,0.011499934260726409,0.7797464188736102,165
1284,0.0,2,98,2,1,1,0,0,2,0.036576,1284.3545513640822,0.9611375600343952,142726.94389980455,0.8902468544066516,0.04213062588676325,0.021065312943381626,0.011433574812668976,0.7724411838507602,165
1285,0.0,2,98,2,1,1,0,0,2,0.040639999999999996,1284.3951913640822,0.9611182182329132,142725.54213264427,0.8902283376036595,0.04085816080500221,0.020429080402501104,0.011303343365617183,0.7656163120223949,165
1286,0.0,2,98,2,1,1,0,0,2,0.036576,1284.4317673640821,0.9610988780538954,142724.59203980162,0.8902093782310319,0.039713439721229885,0.019856719860614942,0.01123698391755975,0.7574342663518212,165
1287,0.0,2,98,2,1,1,0,0,2,0.044703999999999994,1284.476471364082,0.9610795394971375,142722.7388644297,0.8901909517273957,0.03831323064148012,0.01915661532074006,0.011042880471513597,0.750583060935887,165
1288,0.0,2,98,2,1,1,0,0,2,0.040639999999999996,1284.517111364082,0.9610602025624357,142721.3373633586,0.8901720826694962,0.03704076555971908,0.01852038277985954,0.010912649024461804,0.7422887679575847,165
1289,0.0,2,98,2,1,1,0,0,2,0.036576,1284.553687364082,0.9610408672495859,142720.38748041683,0.8901534804441872,0.03589604447594676,0.01794802223797338,0.010846289576404369,0.7324941188573375,165
1290,0.0,2,98,2,1,1,0,0,2,0.040639999999999996,1284.594327364082,0.9610215335583838,142718.98613797833,0.8901346130271962,0.03462357939418572,0.01731178969709286,0.010716058129352574,0.7229793798597136,165
1291,0.0,2,98,2,1,1,0,0,2,0.044703999999999994,1284.6390313640818,0.9610022014886257,142717.1333921889,0.8901161897628143,0.033223370314435965,0.016611685157217983,0.01052195468330642,0.7136718542237807,165
1292,0.0,2,98,2,1,1,0,0,2,0.036576,1284.6756073640818,0.9609828710401074,142716.18371908547,0.8900972353187161,0.03207864923066364,0.01603932461533182,0.010455595235248985,0.7017850157919964,165
1293,0.0,2,98,2,1,1,0,0,2,0.036576,1284.7121833640817,0.960963542212625,142715.23410005678,0.8900786363496466,0.030933928146891325,0.015466964073445662,0.010389235787191548,0.6890908342314751,165
1294,0.0,2,98,2,1,1,0,0,2,0.040639999999999996,1284.7528233640817,0.9609442150059747,142713.8330935121,0.8900597722118947,0.029661463065130282,0.014830731532565141,0.010259004340139755,0.6763594942566384,165
1295,0.0,2,98,2,1,1,0,0,2,0.040639999999999996,1284.7934633640816,0.9609248894199526,142712.43217559945,0.8900412635297216,0.028388997983369246,0.014194498991684623,0.010128772893087959,0.6626103551547028,165
1296,0.0,2,98,2,1,1,0,0,2,0.05283199999999999,1284.8462953640817,0.9609055654543549,142709.67715094826,0.8900223123741052,0.0267382758057682,0.0133691379028841,0.010315413991944888,0.6268248457377037,165
1297,0.0,2,98,2,1,1,0,0,2,0.036576,1284.8828713640817,0.9608862431089777,142708.72784328865,0.8900037166623561,0.025593554721995877,0.012796777360997939,0.010249054543887453,0.6092155026043832,165
1298,0.0,2,98,2,1,1,0,0,2,0.040639999999999996,1284.9235113640816,0.9608669223836174,142707.32722863444,0.88998485580492,0.02432108964023484,0.01216054482011742,0.010118823096835657,0.5908785968011729,165
1299,0.0,2,98,2,1,1,0,0,2,0.036576,1284.9600873640816,0.9608476032780701,142706.3780449106,0.8899662617215109,0.023176368556462518,0.011588184278231259,0.010052463648778223,0.5706090469208176,165
1300,0.0,2,98,2,1,1,0,0,2,0.036576,1284.9966633640815,0.9608282857921321,142705.42891522168,0.8899473138554511,0.022031647472690197,0.011015823736345099,0.009986104200720788,0.5489121814952045,165
1301,0.0,2,98,2,1,1,0,0,2,0.040639999999999996,1285.0373033640815,0.9608089699255999,142704.02852892442,0.8899288100486287,0.020759182390929158,0.010379591195464579,0.009855872753668993,0.5258638928037459,165
1302,0.0,2,98,2,1,1,0,0,2,0.036576,1285.0738793640814,0.9607896556782698,142703.07952313803,0.8899098638260582,0.019614461307156838,0.009807230653578419,0.00978951330561156,0.5009040957784505,165
1303,0.0,1,99,2,1,0,1,0,2,0.024953194833888536,1285.0988325589153,0.9607703430499381,142703.42121067375,0.8898910194877392,0.018830279971257663,0.018830279971257663,0.0,1.0,165
1304,0.0,1,99,1,1,0,0,0,1,0.024383999999999996,1285.1232165589154,0.9607711651299246,142703.8260899651,0.8898721635566319,0.01806381598332535,0.01806381598332535,0.0,1.0,165
1305,0.0,1,99,1,1,0,0,0,1,0.020319999999999998,1285.1435365589155,0.9607719871754573,142704.68222643744,0.889853219809255,0.017425095993381753,0.017425095993381753,0.0,1.0,165
1306,0.0,1,99,1,1,0,0,0,1,0.020319999999999998,1285.1638565589155,0.9607728091865387,142705.53833583667,0.889834276888214,0.016786376003438158,0.016786376003438158,0.0,1.0,165
1307,0.0,1,99,1,1,0,0,0,1,0.020319999999999998,1285.1841765589156,0.9607736311631708,142706.39441816404,0.8898153347934546,0.016147656013494563,0.016147656013494563,0.0,1.0,165
1308,0.0,1,99,1,1,0,0,0,1,0.020319999999999998,1285.2044965589157,0.9607744531053558,142707.2504734209,0.889796393524923,0.015508936023550968,0.015508936023550968,0.0,1.0,165
1309,0.0,1,99,1,1,0,0,0,1,0.024383999999999996,1285.2288805589158,0.9607752750130959,142707.65524677475,0.889777541713625,0.014742472035618653,0.014742472035618653,0.0,1.0,165
1310,0.0,1,99,1,1,0,0,0,1,0.024383999999999996,1285.2532645589158,0.9607760968863932,142708.06000476977,0.8897586907245807,0.013976008047686339,0.013976008047686339,0.0,1.0,165
1311,0.0,1,99,1,1,0,0,0,1,0.020319999999999998,1285.273584558916,0.9607769187252498,142708.91598767793,0.889739751930542,0.013337288057742744,0.013337288057742744,0.0,1.0,165
1312,0.0,1,99,1,1,0,0,0,1,0.020319999999999998,1285.293904558916,0.9607777405296681,142709.77194352058,0.8897208139625148,0.012698568067799149,0.012698568067799149,0.0,1.0,165
1313,0.0,1,99,1,1,0,0,0,1,0.020319999999999998,1285.314224558916,0.9607785622996501,142710.627872299,0.8897018768204452,0.012059848077855553,0.012059848077855553,0.0,1.0,165
1314,0.0,1,99,1,1,0,0,0,1,0.020319999999999998,1285.3345445589161,0.960779384035198,142711.48377401443,0.8896829405042792,0.011421128087911958,0.011421128087911958,0.0,1.0,165
1315,0.0,1,99,1,1,0,0,0,1,0.024383999999999996,1285.3589285589162,0.960780205736314,142711.88842610663,0.8896640936334267,0.010654664099979644,0.010654664099979644,0.0,1.0,165
1316,0.0,1,99,1,1,0,0,0,1,0.020319999999999998,1285.3792485589163,0.9607810274030001,142712.74427812727,0.8896451589669732,0.010015944110036049,0.010015944110036049,0.0,1.0,165
1317,0.0,1,99,1,1,0,0,0,1,0.024383999999999996,1285.4036325589163,0.9607818490352587,142713.14889223472,0.8896263137418606,0.009249480122103734,0.009249480122103734,0.0,1.0,165
1318,0.0,1,99,1,1,0,0,0,1,0.020319999999999998,1285.4239525589164,0.9607826706330918,142714.0046945654,0.889607380724904,0.008610760132160139,0.008610760132160139,0.0,1.0,165
1319,0.0,1,99,1,1,0,0,0,1,0.024383999999999996,1285.4483365589165,0.9607834921965015,142714.40927069244,0.8895885371453159,0.007844296144227825,0.007844296144227825,0.0,1.0,165
1320,0.0,1,99,1,1,0,0,0,1,0.024383999999999996,1285.4727205589165,0.9607843137254902,142714.81383147076,0.8895696943874434,0.0070778321562955104,0.0070778321562955104,0.0,1.0,165
1321,0.0,1,99,1,1,0,0,0,1,0.028447999999999994,1285.5011685589166,0.9607851352200599,142714.7671951663,0.8895509410591035,0.006183624170374477,0.006183624170374477,0.0,1.0,165
1322,0.0,1,99,1,1,0,0,0,1,0.020319999999999998,1285.5214885589166,0.9607859566802128,142715.6229069847,0.8895320113366297,0.005544904180430882,0.005544904180430882,0.0,1.0,165
1323,0.0,1,99,1,1,0,0,0,1,0.020319999999999998,1285.5418085589167,0.9607867781059511,142716.4785917514,0.8895130824395739,0.004906184190487287,0.004906184190487287,0.0,1.0,165
1324,0.0,1,99,1,1,0,0,0,1,0.028447999999999994,1285.5702565589168,0.9607875994972769,142716.43192111424,0.8894943315720332,0.004011976204566253,0.004011976204566253,0.0,1.0,165
1325,0.0,1,99,1,1,0,0,0,1,0.024383999999999996,1285.5946405589168,0.9607884208541924,142716.83640516203,0.889475492921932,0.0032455122166339364,0.0032455122166339364,0.0,1.0,165
1326,0.0,1,99,1,1,0,0,0,1,0.03251199999999999,1285.6271525589168,0.9607892421766998,142716.3385860362,0.8894568322896484,0.0022235602327241805,0.0022235602327241805,0.0,1.0,165
1327,0.0,1,99,1,1,0,0,0,1,0.020319999999999998,1285.647472558917,0.9607900634648011,142717.1941891649,0.8894379066821358,0.0015848402427805837,0.0015848402427805837,0.0,1.0,165
1328,0.0,1,99,1,1,0,0,0,1,0.020319999999999998,1285.667792558917,0.9607908847184986,142718.04976524797,0.8894189818997718,0.0009461202528369873,0.0009461202528369873,0.0,1.0,165
1329,0.0,1,99,1,1,0,0,0,1,0.020319999999999998,1285.688112558917,0.9607917059377945,142718.90531428665,0.8894000579425023,0.0003074002628933904,0.0003074002628933904,0.0,1.0,165
1330,0.0,0,100,1,0,0,1,0,1,0.009779517535603183,1285.6978920764527,0.9607715829598291,142717.81973886042,0.8894000579425023,0.0,0.0,0.0,0.0,165
