round,lambda_energy,alive_nodes,dead_nodes,generated_round,delivered_round,channel_drops_round,energy_drops_round,route_drops_round,fallback_direct_round,round_airtime_s,elapsed_channel_time_s,pdr,goodput_bps,average_delay_s,residual_energy_j,mean_alive_energy_j,std_alive_energy_j,jain_energy_fairness,route_changes_total
1,1.0,100,0,100,100,0,0,0,0,2.600959999999994,2.600959999999994,1.0,153789.37007874053,1.3623139537196491,49.861351492454155,0.49861351492454153,0.0025735748319141716,0.9999733600172057,0
2,1.0,100,0,100,100,0,0,0,0,2.600959999999994,5.201919999999988,1.0,153789.37007874053,1.3549987508222168,49.73402471296973,0.49734024712969727,0.0034382216664256204,0.9999522096976304,28
3,1.0,100,0,100,100,0,0,0,0,2.6050239999999945,7.806943999999982,1.0,153709.31314481093,1.355689631440989,49.59166325607377,0.4959166325607377,0.005148803637289688,0.9998922174391791,55
4,1.0,100,0,100,100,0,0,0,0,2.6090879999999945,10.416031999999976,1.0,153609.35911103227,1.3576301911430064,49.46228793875764,0.49462287938757643,0.0062020485963749095,0.9998427995986781,81
5,1.0,100,0,100,100,0,0,0,0,2.6009599999999944,13.01699199999997,1.0,153645.3275841304,1.3590546229339788,49.33075581106154,0.49330755811061544,0.007417103794074067,0.9997739861743695,106
6,1.0,100,0,100,100,0,0,0,0,2.600959999999994,15.617951999999963,1.0,153669.31592567358,1.3609525104918276,49.20214022878838,0.4920214022878838,0.008598135108178456,0.9996947132630637,129
7,1.0,100,0,100,100,0,0,0,0,2.600959999999994,18.218911999999957,1.0,153686.45504188212,1.3631209444621706,49.07452309111135,0.49074523091111355,0.00968110939544138,0.9996109825357357,149
8,1.0,100,0,100,100,0,0,0,0,2.609087999999994,20.82799999999995,1.0,153639.3316689076,1.3631572299689751,48.94389203817028,0.48943892038170284,0.010919268104419164,0.9995025219195262,170
9,1.0,100,0,100,100,0,0,0,0,2.605023999999994,23.433023999999943,1.0,153629.33951674393,1.3614243852838273,48.81682367606934,0.48816823676069343,0.012137519494734276,0.9993821935304683,192
10,1.0,100,0,100,100,0,0,0,0,2.600959999999994,26.033983999999936,1.0,153645.3275841304,1.3585059817044853,48.689142585135365,0.48689142585135364,0.013303148297759792,0.999254031445645,212
11,1.0,100,0,100,100,0,0,0,0,2.6009599999999935,28.63494399999993,1.0,153658.41120555397,1.356635433259177,48.55752703731936,0.4855752703731936,0.014493867983330962,0.9991098386844574,235
12,1.0,100,0,100,100,0,0,0,0,2.6090879999999936,31.244031999999923,1.0,153629.33951674393,1.3543891495500904,48.4242657287735,0.48424265728773497,0.015840298973088057,0.9989311021693349,259
13,1.0,100,0,100,100,0,0,0,0,2.6009599999999935,33.84499199999992,1.0,153641.63773476478,1.3524353033381225,48.296467929594584,0.48296467929594583,0.017096062347886562,0.9987485381889745,282
14,1.0,100,0,100,100,0,0,0,0,2.6009599999999935,36.44595199999991,1.0,153652.1806317479,1.3511669780479296,48.16801938745843,0.4816801938745843,0.01826592734945901,0.9985640418032585,306
15,1.0,100,0,100,100,0,0,0,0,2.6050239999999936,39.050975999999906,1.0,153645.3275841304,1.3505608614608087,48.03820747587579,0.4803820747587579,0.019532284200347475,0.998349501674835,331
16,1.0,100,0,100,100,0,0,0,0,2.6050239999999936,41.6559999999999,1.0,153639.3316689076,1.3492253295536742,47.90104728732423,0.47901047287324233,0.021099980481745887,0.9980634343046294,355
17,1.0,100,0,100,100,0,0,0,0,2.6009599999999935,44.25695999999989,1.0,153648.14935323203,1.348178401328196,47.77129525050282,0.47771295250502815,0.022358947023187924,0.9978141602306942,381
18,1.0,100,0,100,100,0,0,0,0,2.6009599999999935,46.857919999999886,1.0,153655.98814458723,1.3475638872577653,47.64349025521735,0.4764349025521735,0.02352899903373248,0.997567001508558,406
19,1.0,100,0,100,100,0,0,0,0,2.6009599999999935,49.45887999999988,1.0,153663.0024780185,1.3473135115538128,47.512331835666814,0.47512331835666816,0.02475999216000758,0.9972916144871485,427
20,1.0,100,0,100,100,0,0,0,0,2.600959999999994,52.05983999999987,1.0,153669.3159256736,1.3473726534948418,47.381350246222,0.47381350246222,0.02593987952705516,0.9970117198683676,449
21,1.0,100,0,100,100,0,0,0,0,2.600959999999994,54.66079999999987,1.0,153675.02853964854,1.3476970961562191,47.253380028969545,0.47253380028969544,0.02717458664576349,0.9967037039679392,474
22,1.0,100,0,100,100,0,0,0,0,2.6009599999999935,57.26175999999986,1.0,153680.2221936598,1.3473270258079626,47.12604332774729,0.4712604332774729,0.028384436069137608,0.996385352771549,496
23,1.0,100,0,100,100,0,0,0,0,2.6050239999999936,59.86678399999985,1.0,153674.53177374657,1.3472559459384625,46.99429315784717,0.46994293157847167,0.02966583515581429,0.99603086644952,522
24,1.0,100,0,100,100,0,0,0,0,2.6009599999999935,62.46774399999985,1.0,153679.31327886635,1.3465625627272342,46.86614898219336,0.46866148982193356,0.030870996020741923,0.9956798139671192,548
25,1.0,100,0,100,100,0,0,0,0,2.6009599999999935,65.06870399999984,1.0,153683.71252637866,1.3461522341865197,46.73807409766457,0.4673807409766457,0.0320353808713512,0.99532391285593,568
26,1.0,100,0,100,100,0,0,0,0,2.6050239999999936,67.67372799999984,1.0,153678.54420551538,1.3452639062757463,46.6070011255975,0.46607001125597497,0.033302160120096666,0.9949203847417629,590
27,1.0,100,0,100,100,0,0,0,0,2.6009599999999935,70.27468799999983,1.0,153682.64601900513,1.3446009300921362,46.47687290516459,0.4647687290516459,0.034586640182512104,0.9944926266397884,614
28,1.0,100,0,100,100,0,0,0,0,2.600959999999993,72.87564799999981,1.0,153686.45504188215,1.3434627950949525,46.346203253235124,0.46346203253235124,0.03580146359022061,0.9940681603523187,639
29,1.0,100,0,100,100,0,0,0,0,2.6050239999999936,75.48067199999981,1.0,153681.72662797742,1.3419070638314574,46.21823917921055,0.4621823917921055,0.03700773286938033,0.9936293669775421,663
30,1.0,100,0,100,100,0,0,0,0,2.6050239999999936,78.08569599999981,1.0,153677.31370416458,1.3400107173664688,46.086474291659066,0.46086474291659063,0.03826977050804463,0.9931517382255631,686
31,1.0,100,0,100,100,0,0,0,0,2.6009599999999935,80.6866559999998,1.0,153680.9258770128,1.3383704344939047,45.95496736770161,0.45954967367701616,0.039562613633095794,0.9926430444984726,711
32,1.0,100,0,100,100,0,0,0,0,2.600959999999994,83.2876159999998,1.0,153684.31244328126,1.3370104693057636,45.82786437704802,0.4582786437704802,0.04076659271926316,0.9921489728746563,736
33,1.0,100,0,100,100,0,0,0,0,2.605023999999994,85.8926399999998,1.0,153680.22219365978,1.3359385893007987,45.697806822890186,0.45697806822890186,0.04202913805023407,0.9916121224980661,759
34,1.0,100,0,100,100,0,0,0,0,2.600959999999994,88.4935999999998,1.0,153683.4302141627,1.3350648293206413,45.56587335266017,0.4556587335266017,0.04333298510696415,0.9910371167803066,784
35,1.0,100,0,100,100,0,0,0,0,2.600959999999994,91.0945599999998,1.0,153686.4550418821,1.333822987035671,45.434954833663184,0.4543495483366318,0.04453833809017545,0.9904822452669505,808
36,1.0,100,0,100,100,0,0,0,0,2.600959999999994,93.6955199999998,1.0,153689.3119329508,1.3322437359852957,45.306062136500124,0.45306062136500125,0.04575294439538032,0.9899047087357357,833
37,1.0,100,0,100,100,0,0,0,0,2.605023999999994,96.3005439999998,1.0,153685.528505426,1.3309574433893454,45.17475753008709,0.4517475753008709,0.046972204972470365,0.9893040339882259,857
38,1.0,100,0,100,100,0,0,0,0,2.605023999999994,98.9055679999998,1.0,153681.94437748974,1.3298457977631795,45.04284196702745,0.45042841967027447,0.048274285117116615,0.9886441374089519,881
39,1.0,100,0,100,100,0,0,0,0,2.600959999999994,101.5065279999998,1.0,153684.69700786172,1.328927668273872,44.915220097488145,0.44915220097488145,0.04948846935908657,0.988005549327038,906
40,1.0,100,0,100,100,0,0,0,0,2.605023999999994,104.1115519999998,1.0,153681.3129056037,1.3282444213321314,44.78293006745722,0.4478293006745722,0.050798990613789244,0.9872962296686937,929
41,1.0,100,0,100,100,0,0,0,0,2.609087999999994,106.7206399999998,1.0,153672.24184562638,1.3277887824906909,44.65180632053325,0.4465180632053325,0.05204375017727337,0.9865970951396457,952
42,1.0,100,0,100,100,0,0,0,0,2.600959999999994,109.3215999999998,1.0,153675.02853964843,1.3269078008218291,44.514420516236584,0.44514420516236586,0.05354629871287373,0.9857367526465359,977
43,1.0,100,0,100,100,0,0,0,0,2.600959999999994,111.9225599999998,1.0,153677.6857141226,1.3262001112544852,44.38517128821911,0.4438517128821911,0.054742121243865946,0.9850165789371665,1000
44,1.0,100,0,100,100,0,0,0,0,2.600959999999994,114.5235199999998,1.0,153680.2221936597,1.3256538984720259,44.2570828172392,0.442570828172392,0.055972434136833955,0.984256863128528,1024
45,1.0,100,0,100,100,0,0,0,0,2.600959999999994,117.1244799999998,1.0,153682.64601900498,1.3252583973612864,44.129159105064346,0.4412915910506435,0.057194067699117355,0.9834797697022344,1046
46,1.0,100,0,100,100,0,0,0,0,2.6050239999999945,119.7295039999998,1.0,153679.74797590432,1.3245752919537106,43.99550518398581,0.4399550518398581,0.05850272428761239,0.9826250566580703,1071
47,1.0,100,0,100,100,0,0,0,0,2.6009599999999944,122.33046399999981,1.0,153682.07873387964,1.3240293399807903,43.867788659736526,0.4386778865973653,0.05971267702120641,0.9818085051225245,1097
48,1.0,100,0,100,100,0,0,0,0,2.6009599999999944,124.93142399999981,1.0,153684.31244328112,1.3232013360114045,43.73620485039853,0.4373620485039853,0.06098786716798766,0.9809260357999758,1120
49,1.0,100,0,100,100,0,0,0,0,2.6009599999999944,127.53238399999981,1.0,153686.45504188197,1.3225232424058975,43.60610199875569,0.4360610199875569,0.0622090001530103,0.9800537253966298,1143
50,1.0,100,0,100,100,0,0,0,0,2.6050239999999945,130.1374079999998,1.0,153683.7125263785,1.3216154277524583,43.47742223802844,0.4347742223802844,0.06344356796517336,0.979150432797934,1166
51,1.0,100,0,100,100,0,0,0,0,2.6172159999999947,132.75462399999978,1.0,153666.96379630463,1.320984663043458,43.3482135953849,0.433482135953849,0.06465484140568398,0.9782377345465484,1190
52,1.0,100,0,100,100,0,0,0,0,2.6090879999999945,135.36371199999977,1.0,153660.08875406752,1.3204039493436135,43.21352499863837,0.4321352499863837,0.06600133901546029,0.9772043748017339,1215
53,1.0,100,0,100,100,0,0,0,0,2.6009599999999944,137.96467199999975,1.0,153662.52601245657,1.3198758210267407,43.08429529772847,0.43084295297728464,0.0672502038053986,0.9762154521605488,1240
54,1.0,100,0,100,100,0,0,0,0,2.605023999999995,140.56969599999974,1.0,153660.43048140363,1.3191196501059663,42.94678856551227,0.4294678856551227,0.06871005403358277,0.9750424070871989,1265
55,1.0,100,0,100,100,0,0,0,0,2.6009599999999944,143.17065599999972,1.0,153662.77290787885,1.318471517355114,42.81835294770888,0.4281835294770888,0.06992188810123046,0.974026111130668,1286
56,1.0,100,0,100,100,0,0,0,0,2.6090879999999945,145.7797439999997,1.0,153656.46409696018,1.3180388464996742,42.68726691004183,0.42687266910041827,0.07115970835321409,0.9729624279634396,1310
57,1.0,100,0,100,100,0,0,0,0,2.6009599999999944,148.3807039999997,1.0,153658.79380111344,1.3176320518057962,42.559160018085144,0.42559160018085146,0.07236637977832883,0.9718998201055565,1335
58,1.0,100,0,100,100,0,0,0,0,2.609087999999995,150.98979199999968,1.0,153652.77144033718,1.3170437921209583,42.425984880150125,0.42425984880150125,0.07364639998295913,0.9707486460859153,1359
59,1.0,100,0,100,100,0,0,0,0,2.605023999999995,153.59481599999967,1.0,153651.0190552268,1.316575351405641,42.29636593294866,0.4229636593294866,0.07487399027950994,0.9696152759212527,1384
60,1.0,100,0,100,100,0,0,0,0,2.600959999999995,156.19577599999965,1.0,153653.3228657864,1.31615910135999,42.164895641615885,0.42164895641615885,0.07618090448135965,0.9683888729427297,1407
61,1.0,100,0,100,100,0,0,0,0,2.605023999999995,158.80079999999964,1.0,153651.6188835324,1.3158957408334662,42.03615728132677,0.42036157281326775,0.07739523908987045,0.9672127867668602,1432
62,1.0,100,0,100,100,0,0,0,0,2.609087999999995,161.40988799999963,1.0,153646.10128469983,1.3154127674128793,41.905869990818886,0.41905869990818884,0.07863610661381686,0.9659854395417626,1455
63,1.0,100,0,100,100,0,0,0,0,2.6212799999999947,164.0311679999996,1.0,153629.3395167439,1.3152639544435278,41.776772267914154,0.41776772267914153,0.07980376866019387,0.9647943952890006,1479
64,1.0,100,0,100,100,0,0,0,0,2.6212799999999947,166.6524479999996,1.0,153613.10504121764,1.3148943668589124,41.64836485013016,0.4164836485013016,0.08096651622812398,0.9635830033206321,1503
65,1.0,100,0,100,100,0,0,0,0,2.6212799999999947,169.27372799999958,1.0,153597.373362038,1.3143141942794323,41.518574905471105,0.41518574905471106,0.08217394402373274,0.96230396579465,1528
66,1.0,100,0,100,100,0,0,0,0,2.6212799999999947,171.89500799999956,1.0,153582.1214773152,1.3138408875175465,41.389338122354516,0.4138933812235452,0.08338257336107023,0.9609972032909189,1552
67,1.0,100,0,100,100,0,0,0,0,2.6212799999999947,174.51628799999955,1.0,153567.32776713694,1.313469661566088,41.26222040562367,0.41262220405623673,0.08451866292124825,0.9597328932060386,1573
68,1.0,100,0,100,100,0,0,0,0,2.6212799999999943,177.13756799999953,1.0,153552.97189131597,1.3131960128718632,41.13188670768114,0.4113188670768114,0.08572073615679775,0.9583753902026848,1596
69,1.0,100,0,100,100,0,0,0,0,2.6212799999999943,179.75884799999952,1.0,153539.03469608392,1.313015698914566,41.003658073666244,0.41003658073666244,0.08689098774092083,0.957023895856165,1618
70,1.0,100,0,100,100,0,0,0,0,2.6253439999999943,182.3841919999995,1.0,153522.07717651362,1.3129583927753343,40.87500161131986,0.4087500161131986,0.08805368139901557,0.9556514921149091,1641
71,1.0,100,0,100,100,0,0,0,0,2.6212799999999943,185.0054719999995,1.0,153508.97296702705,1.3129524992126216,40.74596471046338,0.40745964710463384,0.08922664989668225,0.9542408479091964,1665
72,1.0,100,0,100,100,0,0,0,0,2.6212799999999943,187.62675199999947,1.0,153496.2349079095,1.3130286137879597,40.615632612157064,0.40615632612157065,0.09044521522221291,0.9527539498127192,1688
73,1.0,100,0,100,100,0,0,0,0,2.6253439999999943,190.25209599999945,1.0,153480.56927583116,1.3131989542943148,40.485193079493854,0.40485193079493853,0.09163049269073462,0.9512705333462985,1712
74,1.0,100,0,100,100,0,0,0,0,2.6212799999999943,192.87337599999944,1.0,153468.5637482702,1.313428946127005,40.355329704791366,0.40355329704791365,0.09280342085034335,0.9497720387643526,1736
75,1.0,100,0,100,100,0,0,0,0,2.702559999999994,195.57593599999944,1.0,153393.1045586308,1.314433626184128,40.22813737873062,0.4022813737873062,0.09382275233634674,0.9484114549447099,1760
76,1.0,100,0,100,100,0,0,0,0,2.7066239999999944,198.28255999999945,1.0,153316.55996372088,1.3149851473385166,40.09769651353325,0.4009769651353325,0.09488016784957165,0.9469784828072269,1782
77,1.0,100,0,100,100,0,0,0,0,2.7025599999999947,200.98511999999945,1.0,153245.1755632461,1.3150621084677945,39.96317665817935,0.3996317665817935,0.09602777768377012,0.9454122758559814,1801
78,1.0,100,0,100,100,0,0,0,0,2.7025599999999947,203.68767999999946,1.0,153175.68544155484,1.3152230654541328,39.8322132029371,0.398322132029371,0.09710161323543383,0.943906444816317,1821
79,1.0,100,0,100,100,0,0,0,0,2.706623999999995,206.39430399999947,1.0,153105.00041706616,1.3154936366817298,39.701513256355526,0.39701513256355525,0.09816685229849972,0.9423839487313822,1842
80,1.0,100,0,100,100,0,0,0,0,2.714751999999995,209.10905599999947,1.0,153030.19683662138,1.3158869836389095,39.569986329516084,0.3956998632951608,0.0992448852885577,0.9408179425706279,1862
81,1.0,100,0,100,100,0,0,0,0,2.645663999999995,211.75471999999945,1.0,153007.21514023433,1.3159762350902882,39.440515811496894,0.39440515811496896,0.1003814193682893,0.9391637003300304,1885
82,1.0,100,0,100,100,0,0,0,0,2.7066239999999953,214.46134399999946,1.0,152941.31514908385,1.3164497555402825,39.312461359242995,0.39312461359242995,0.10142885616616588,0.9375871209006857,1909
83,1.0,100,0,100,100,0,0,0,0,2.7025599999999947,217.16390399999946,1.0,152879.91875482255,1.3169882495140217,39.17625358658998,0.3917625358658998,0.10260972077779063,0.9358028745504595,1931
84,1.0,100,0,100,100,0,0,0,0,2.706623999999995,219.87052799999947,1.0,152817.20704286516,1.317634390728385,39.04759191247922,0.3904759191247922,0.1036646925458528,0.9341593398678252,1953
85,1.0,100,0,100,100,0,0,0,0,2.722879999999995,222.59340799999947,1.0,152744.86475358732,1.318488131472235,38.91550132769747,0.3891550132769747,0.10474373032898368,0.9324484025592822,1973
86,1.0,100,0,100,100,0,0,0,0,2.710687999999995,225.30409599999948,1.0,152682.53267796818,1.3192501889443446,38.780163682641465,0.38780163682641466,0.10590917613943679,0.93059234382578,1993
87,1.0,100,0,100,100,0,0,0,0,2.706623999999995,228.01071999999948,1.0,152624.4029228103,1.3200568556405896,38.652097281051155,0.38652097281051156,0.10695159355193079,0.9288805695214412,2013
88,1.0,100,0,100,100,0,0,0,0,2.7879039999999944,230.79862399999948,1.0,152513.90753525498,1.3214880326637168,38.52247059238874,0.3852247059238874,0.10791106146593393,0.9272395134102529,2034
89,1.0,100,0,100,100,0,0,0,0,2.787903999999995,233.58652799999948,1.0,152406.0497187581,1.322737730639007,38.39294119817289,0.3839294119817289,0.10885966212331702,0.9255870588140268,2054
90,1.0,100,0,100,100,0,0,0,0,2.7838399999999943,236.37036799999947,1.0,152303.35470815055,1.3240319064730892,38.25970023682644,0.3825970023682644,0.10984611632688979,0.9238471095676105,2074
91,1.0,100,0,100,100,0,0,0,0,2.8244799999999946,239.19484799999947,1.0,152177.19070604767,1.3256886278483004,38.13175864355149,0.38131758643551494,0.11073560086239329,0.9222253743469306,2092
92,1.0,100,0,100,100,0,0,0,0,2.8366719999999943,242.03151999999946,1.0,152046.31198448897,1.3274930970089287,38.003354786722184,0.3800335478672218,0.11163908420725452,0.9205597435716535,2112
93,1.0,100,0,100,100,0,0,0,0,2.865119999999995,244.89663999999945,1.0,151900.81823907458,1.329477033107408,37.875667273826224,0.37875667273826225,0.11245829535573136,0.9189840754232532,2132
94,1.0,100,0,100,100,0,0,0,0,2.865119999999995,247.76175999999944,1.0,151758.68947653618,1.331075047149629,37.746987321443534,0.3774698732144353,0.1132969366990031,0.9173562929968943,2149
95,1.0,100,0,100,100,0,0,0,0,2.865119999999995,250.62687999999943,1.0,151619.8102932937,1.3327271156022351,37.621168238718404,0.37621168238718405,0.11411844411412524,0.9157403804061794,2168
96,1.0,100,0,100,100,0,0,0,0,2.8732479999999954,253.50012799999942,1.0,151479.2134542831,1.3340598626623466,37.49294702781365,0.3749294702781365,0.11495202926749211,0.9140756477119991,2186
97,1.0,100,0,100,100,0,0,0,0,2.9260799999999954,256.4262079999994,1.0,151310.58678682364,1.3357751914067213,37.36688178732954,0.3736688178732954,0.11568228477853887,0.9125395523048621,2204
98,1.0,100,0,100,100,0,0,0,0,2.930143999999995,259.3563519999994,1.0,151143.39671156422,1.3375662367497563,37.23942925214566,0.3723942925214566,0.11640907649186949,0.910982071208043,2220
99,1.0,100,0,100,100,0,0,0,0,2.926079999999995,262.2824319999994,1.0,150982.28157347607,1.3393921167283611,37.11117567599426,0.3711117567599426,0.11714830912637349,0.9093830428318865,2234
100,1.0,100,0,100,100,0,0,0,0,2.930143999999995,265.2125759999994,1.0,150822.41047272243,1.341298928689594,36.984378486243465,0.36984378486243463,0.11789428733488086,0.9077598803068728,2250
101,1.0,100,0,100,100,0,0,0,0,2.926079999999995,268.1386559999994,1.0,150668.31691734924,1.3432287407934043,36.858707009575284,0.3685870700957528,0.11863555094032663,0.9061274143537854,2267
102,1.0,100,0,100,100,0,0,0,0,2.938271999999995,271.0769279999994,1.0,150510.78046745496,1.3450673236561776,36.73149846096837,0.3673149846096837,0.11938688210421296,0.9044520294923651,2283
103,1.0,100,0,100,100,0,0,0,0,2.926079999999995,274.0030079999994,1.0,150363.31279983645,1.3468994035334274,36.6054243921761,0.36605424392176095,0.12013323665599272,0.9027675147133929,2301
104,1.0,100,0,100,100,0,0,0,0,2.9342079999999946,276.9372159999994,1.0,150214.55260097687,1.3488338018965411,36.47841372112637,0.36478413721126374,0.12088661732444118,0.9010463757006956,2318
105,1.0,100,0,100,100,0,0,0,0,2.9463999999999944,279.8836159999994,1.0,150062.37449783445,1.3508506604797288,36.35259177853731,0.3635259177853731,0.12161206006980264,0.8993505228788664,2331
106,1.0,100,0,100,100,0,0,0,0,2.9626559999999946,282.8462719999994,1.0,149904.75108683805,1.3530035270386653,36.222738945034095,0.36222738945034094,0.12235580188761613,0.8975853005109037,2346
107,1.0,100,0,100,100,0,0,0,0,2.9463999999999944,285.79267199999936,1.0,149758.91334260697,1.3551146338322952,36.09606763775149,0.3609606763775149,0.12308981667280602,0.8958284090066825,2365
108,1.0,100,0,100,100,0,0,0,0,2.9463999999999944,288.73907199999934,1.0,149616.05196265262,1.357083164557761,35.969937187395956,0.35969937187395956,0.12382214895594593,0.8940547631079492,2385
109,1.0,100,0,100,100,0,0,0,0,2.950463999999994,291.68953599999935,1.0,149473.99415795325,1.358934668291457,35.84414696425477,0.3584414696425477,0.12455763464352537,0.8922558697356154,2401
110,1.0,100,0,100,100,0,0,0,0,2.958591999999994,294.64812799999936,1.0,149330.66196164698,1.3603390886981797,35.71635517159989,0.35716355171599895,0.12532205650427916,0.8903785710411363,2416
111,1.0,100,0,100,100,0,0,0,0,2.9463999999999944,297.59452799999934,1.0,149196.29167375047,1.3617222316304816,35.59004455749794,0.3559004455749794,0.12605839567866742,0.8885298671673191,2427
112,1.0,100,0,100,100,0,0,0,0,2.9504639999999944,300.54499199999935,1.0,149062.54036001404,1.362983066994523,35.46383527993008,0.3546383527993008,0.1268051709984765,0.8866423122519245,2442
113,1.0,100,0,100,100,0,0,0,0,2.954527999999994,303.49951999999934,1.0,148929.3953413834,1.3643348751720124,35.337181727421765,0.3533718172742176,0.12757135950866288,0.8846978232286633,2458
114,1.0,100,0,100,100,0,0,0,0,2.946399999999994,306.4459199999993,1.0,148802.7642854573,1.3657089548088266,35.21063062232572,0.3521063062232572,0.12831711210782945,0.8827627683080433,2474
115,1.0,100,0,100,100,0,0,0,0,2.946399999999994,309.3923199999993,1.0,148678.5450912295,1.3671386504539886,35.08220134751716,0.3508220134751716,0.12907959674793268,0.8807655274932049,2491
116,1.0,100,0,100,100,0,0,0,0,2.9504639999999944,312.3427839999993,1.0,148554.73658069238,1.3682756823723954,34.95591279189992,0.3495591279189992,0.12983360906110927,0.8787704705054649,2506
117,1.0,100,0,100,100,0,0,0,0,2.946399999999994,315.2891839999993,1.0,148435.15849880883,1.3694679582101306,34.828971692468855,0.3482897169246886,0.13058771954444684,0.8767469600189142,2520
118,1.0,99,1,100,99,0,1,0,0,2.9443687753412573,318.23355277534057,0.9999152542372881,148306.17195578487,1.3707342396517717,34.704059228269664,0.3505460528108047,0.12725743416725582,0.8835576281404298,2537
119,1.0,98,2,99,98,0,1,0,0,2.919362911992417,321.152915687333,0.999831918648626,148178.63290498836,1.3720461634591532,34.58231027368023,0.35288071707836977,0.12361094417726995,0.8907068854315068,2554
120,1.0,98,2,98,98,0,0,0,0,2.9057599999999937,324.058675687333,0.9998332916562473,148059.60648402252,1.3732301059529834,34.46408857707827,0.3516743732354925,0.12429598310805329,0.8889519287782436,2571
121,1.0,98,2,98,98,0,0,0,0,2.9057599999999937,326.964435687333,0.9998346424142207,147942.6956583645,1.3744704734378215,34.34406532246,0.35044964614755086,0.12499561191860017,0.8871422136611599,2588
122,1.0,98,2,98,98,0,0,0,0,2.9057599999999937,329.87019568733297,0.9998359714590339,147827.84452045767,1.3754392117003786,34.22347478350752,0.3492191304439542,0.12569289778673712,0.8853111125281788,2600
123,1.0,98,2,98,98,0,0,0,0,2.9057599999999937,332.77595568733295,0.9998372793100643,147714.99911545776,1.3764669073212217,34.10525869535834,0.34801284383018705,0.12638405703133912,0.8834823023823383,2619
124,1.0,98,2,98,98,0,0,0,0,2.905759999999994,335.68171568733294,0.9998385664702558,147604.10735671688,1.377230636824444,33.98623134827545,0.34679827906403515,0.12707997079083486,0.8816191724905248,2638
125,1.0,98,2,98,98,0,0,0,0,2.9057599999999937,338.5874756873329,0.9998398334267639,147495.11894561886,1.3780556165349962,33.868061853715645,0.34559246789505754,0.1277731632700563,0.8797439230753094,2655
126,1.0,98,2,98,98,0,0,0,0,2.9098239999999937,341.49729968733294,0.9998410806515693,147386.23129987504,1.378793784549421,33.74657723992114,0.34435282897878705,0.12849187957995933,0.8777830987756308,2672
127,1.0,98,2,98,98,0,0,0,0,2.9057599999999937,344.4030596873329,0.9998423086020658,147280.92150531383,1.379110009089779,33.62792158743225,0.34314205701461475,0.12918833393750187,0.875854580665518,2689
128,1.0,98,2,98,98,0,0,0,0,2.9057599999999946,347.3088196873329,0.9998435177216181,147177.373860006,1.3790254464127596,33.50908253774373,0.34192941365044627,0.12988648266591793,0.8738995833093904,2702
129,1.0,98,2,98,98,0,0,0,0,2.9179519999999948,350.2267716873329,0.9998447084400963,147070.42454762448,1.3790330640764854,33.38779198519252,0.3406917549509441,0.13061833645233417,0.8718478875439085,2724
130,1.0,98,2,98,98,0,0,0,0,2.9138879999999947,353.1406596873329,0.9998458811743854,146966.93392924996,1.3791367244914197,33.26838614116097,0.3394733279710302,0.1313344044945045,0.8698119629100151,2739
131,1.0,98,2,98,98,0,0,0,0,2.9057599999999946,356.0464196873329,0.9998470363288718,146868.48991746904,1.3792637003266415,33.14995007926582,0.33826479672720233,0.13204538775666175,0.8677680183147404,2757
132,1.0,98,2,98,98,0,0,0,0,2.9098239999999946,358.9562436873329,0.9998481742959083,146769.97803077675,1.3794622231412401,33.02985804307251,0.3370393677864541,0.1327528604455788,0.8656952033691563,2773
133,1.0,98,2,98,98,0,0,0,0,2.9057599999999946,361.8620036873329,0.999849295456258,146674.69770012205,1.379572668261953,32.91123759752655,0.33582895507680144,0.13346202402961094,0.8636061295338523,2791
134,1.0,98,2,98,98,0,0,0,0,2.9057599999999946,364.7677636873329,0.9998504001795198,146580.93538614074,1.379600925378742,32.79175208409989,0.33460971514387644,0.1341810078512362,0.8614696343627346,2809
135,1.0,98,2,98,98,0,0,0,0,2.9057599999999946,367.6735236873329,0.999851488824534,146488.65509772793,1.3796966805651159,32.67377865602071,0.3334059046532725,0.13488802547244685,0.8593414931167885,2827
136,1.0,98,2,98,98,0,0,0,0,2.9098239999999946,370.5833476873329,0.9998525617397714,146396.21650180916,1.3798860374651496,32.553483691011586,0.3321784050103223,0.13561036923203582,0.8571444765516941,2845
137,1.0,98,2,98,98,0,0,0,0,2.9098239999999946,373.4931716873329,0.9998536192637049,146305.2182537485,1.3801262256435711,32.432306284547884,0.3309419008627335,0.13634935977879672,0.8548855476599625,2864
138,1.0,98,2,98,98,0,0,0,0,2.9138879999999947,376.4070596873329,0.9998546617251654,146214.0482851632,1.380428269120613,32.31279850264805,0.3297224337004903,0.13707212880401687,0.8526436418108891,2878
139,1.0,98,2,98,98,0,0,0,0,2.9057599999999946,379.3128196873329,0.9998556894436829,146127.4102090439,1.3806357096876523,32.19429433121694,0.32851320746139734,0.13778997441327687,0.8503937814952248,2895
140,1.0,98,2,98,98,0,0,0,0,2.9748479999999944,382.2876676873329,0.999856702729813,146015.69634114986,1.3811712796549434,32.07384921926679,0.32728417570680407,0.1384752283171594,0.8481642236895999,2906
141,1.0,98,2,98,98,0,0,0,0,3.011423999999994,385.29909168733286,0.99985770188545,145891.85703457508,1.381893280157322,31.954101144344907,0.3260622565749481,0.1390961563305969,0.8460363429910429,2924
142,1.0,98,2,98,98,0,0,0,0,3.011423999999994,388.31051568733284,0.9998586872041263,145769.9385240895,1.3826943088368082,31.835917244220994,0.3248562984104183,0.13971537193543723,0.8439018553029809,2941
143,1.0,98,2,98,98,0,0,0,0,3.007359999999994,391.31787568733284,0.9998596589713002,145651.4091003101,1.383389913592142,31.717203825848458,0.3236449369984537,0.14033186221134294,0.8417455990619556,2959
144,1.0,97,3,98,97,0,1,0,0,3.005900799627514,394.32377648696036,0.9997909261969475,145525.08223378105,1.3840855924778948,31.597790941874305,0.3257504220811784,0.13778249115866859,0.8482460698618853,2975
145,1.0,97,3,97,97,0,0,0,0,2.995167999999994,397.31894448696033,0.9997923300567632,145404.59447409015,1.384749561711623,31.47951682434939,0.32453110128195245,0.13841377950246286,0.8460912797316688,2987
146,1.0,97,3,97,97,0,0,0,0,2.9911039999999938,400.31004848696034,0.9997937151894383,145287.38466552508,1.3853121558231347,31.362722104637253,0.32332703200656965,0.13904925221627648,0.8439177838433171,3004
147,1.0,97,3,97,97,0,0,0,0,2.9870399999999937,403.2970884869603,0.9997950819672131,145173.3763307171,1.3859317086618128,31.24440686935672,0.3221072873129559,0.13967901786240142,0.8417191258418337,3022
148,1.0,97,3,97,97,0,0,0,0,2.9911039999999938,406.2881924869603,0.9997964307525277,145059.59338675963,1.3866244722262873,31.125111791223002,0.32087744114662886,0.14032933451927757,0.8394490430972638,3040
149,1.0,97,3,97,97,0,0,0,0,2.9870399999999937,409.2752324869603,0.9997977618983417,144948.9128367671,1.387231448151107,31.008662875278315,0.3196769368585393,0.14096218674900238,0.837213348319742,3058
150,1.0,97,3,97,97,0,0,0,0,2.9911039999999938,412.2663364869603,0.9997990757484428,144838.40836684138,1.3879097578941266,30.88999813776779,0.3184535890491525,0.1416012241611089,0.8349224994233461,3075
151,1.0,97,3,97,97,0,0,0,0,2.999231999999994,415.2655684869603,0.9998003726377429,144726.6630339163,1.3886783060070447,30.77282967052141,0.31724566670640625,0.14224153260558844,0.8326184841554229,3088
152,1.0,97,3,97,97,0,0,0,0,2.9870399999999937,418.2526084869603,0.999801652892562,144620.73582473738,1.3894619879502246,30.655922729250573,0.3160404405077379,0.14287224531655848,0.8303118032011192,3102
153,1.0,97,3,97,97,0,0,0,0,3.0073599999999936,421.2599684869603,0.9998029168309026,144509.33996564726,1.390298498947651,30.539351705595827,0.31483867737727667,0.1434927546585163,0.8280046967727526,3119
154,1.0,97,3,97,97,0,0,0,0,3.0114239999999937,424.2713924869603,0.9998041647627129,144398.1401642179,1.3912072014549148,30.421292323101657,0.3136215703412541,0.144124747489766,0.8256369724217284,3137
155,1.0,97,3,97,97,0,0,0,0,3.0073599999999936,427.2787524869603,0.9998053969901401,144289.88018046017,1.3921566736874151,30.30285532888314,0.3124005704008571,0.14475715924543692,0.8232403557129748,3155
156,1.0,97,3,97,97,0,0,0,0,3.007359999999993,430.2861124869603,0.9998066138077741,144183.13350022447,1.3931610861198926,30.18517331604089,0.3111873537736174,0.1453813672928272,0.8208430215440885,3169
157,1.0,97,3,97,97,0,0,0,0,3.0073599999999936,433.2934724869603,0.9998078155028828,144077.86861335358,1.3938405382155874,30.063947361927102,0.3099376016693516,0.1460321568132471,0.818332149934998,3186
158,1.0,96,4,97,96,0,1,0,0,2.9883171360248912,436.2817896229852,0.9997453364741835,143971.17068369794,1.3945416630894523,29.949350183302606,0.3119723977427355,0.14393742582137212,0.8244904505809155,3203
159,1.0,95,5,96,95,0,1,0,0,2.971497372211348,439.2532869951965,0.9996836043789153,143862.32697830908,1.3946649327771552,29.837133520876627,0.31407508969343817,0.14168407399873137,0.8309063931973091,3219
160,1.0,95,5,95,95,0,0,0,0,2.9707839999999948,442.2240709951965,0.9996854950308215,143755.1779054798,1.3949889858981952,29.72474250892129,0.3128920264096978,0.1423052775737777,0.8286042076951687,3234
161,1.0,95,5,95,95,0,0,0,0,3.007359999999995,445.2314309951965,0.9996873632214094,143637.65796375225,1.3954280201400333,29.610966847461135,0.31169438786801196,0.14288803164229438,0.8263424052015252,3251
162,1.0,94,6,95,94,0,1,0,0,3.0521475926593453,448.28357858785586,0.9996270512182993,143498.45292714157,1.3960200620106,29.49680261619348,0.3137957725126966,0.1405630544153737,0.8328792945399943,3262
163,1.0,94,6,94,94,0,0,0,0,3.173983999999995,451.4575625878559,0.9996292176492398,143322.44127023185,1.3973562777970236,29.385104747740996,0.3126074973163936,0.14096778262459175,0.8310144616977364,3277
164,1.0,93,7,94,93,0,1,0,0,2.9745619857116754,454.43212457356753,0.9995699188989924,143202.90419843528,1.3979817323502768,29.277045174658333,0.31480693736191756,0.13850082084827542,0.8378295318554133,3292
165,1.0,93,7,93,93,0,0,0,0,3.113023999999995,457.54514857356753,0.9995723623923269,143041.62158431625,1.3986507299805033,29.166817449129447,0.31362169300139187,0.1389405268982069,0.835934286451215,3309
166,1.0,93,7,93,93,0,0,0,0,3.153663999999995,460.6988125735675,0.9995747782772446,142869.91458110046,1.3994221916802136,29.056120443561184,0.3124314026189374,0.13934855649547356,0.8340785469379596,3322
167,1.0,93,7,93,93,0,0,0,0,2.9707839999999957,463.6695965735675,0.9995771670190274,142756.82617352234,1.3996662463300407,28.94614499573355,0.31124887092186615,0.13993526337076892,0.8318542130325126,3338
168,1.0,93,7,93,93,0,0,0,0,3.129279999999995,466.7988765735675,0.9995795290725613,142596.74420940795,1.4005034527128704,28.834511293241594,0.3100485085294795,0.14037953040121667,0.8298773337991474,3358
169,1.0,93,7,93,93,0,0,0,0,3.047999999999995,469.8468765735675,0.9995818648826235,142463.43508366245,1.4011246844006624,28.7263145713968,0.3088851029182452,0.14087447859265176,0.827812146881337,3376
170,1.0,93,7,93,93,0,0,0,0,3.137407999999995,472.9842845735675,0.999584174884163,142304.93949853632,1.4022619288844518,28.614888544040546,0.30768697359183383,0.14131598121134614,0.8258029598033138,3395
171,1.0,92,8,93,92,0,1,0,0,3.119220871191618,476.1035054447591,0.9995273822886512,142145.5612614729,1.403317819554957,28.506718687383994,0.3098556379063478,0.13881848566045224,0.832838393142659,3410
172,1.0,92,8,92,92,0,0,0,0,3.0479999999999956,479.1515054447591,0.999529937129091,142009.36285661889,1.4041405808532221,28.398874823459668,0.30868342199412685,0.139312152670362,0.8307846172912432,3426
173,1.0,92,8,92,92,0,0,0,0,3.1130239999999954,482.2645294447591,0.9995324644965227,141855.7572101853,1.4053571928043618,28.290923709290368,0.3075100403183736,0.1397625475094063,0.8287970602498079,3441
174,1.0,92,8,92,92,0,0,0,0,3.1536639999999956,485.4181934447591,0.9995349648317154,141692.2581988621,1.40647038119823,28.181169680938126,0.30631706174932744,0.14016113860909543,0.8268773291601204,3454
175,1.0,92,8,92,92,0,0,0,0,3.2105599999999956,488.62875344475907,0.9995374385660596,141514.39004053082,1.4077714859081798,28.072617923161715,0.30513715133871433,0.14051387606137433,0.8250451558941272,3471
176,1.0,92,8,92,92,0,0,0,0,3.173983999999996,491.8027374447591,0.9995398861218151,141349.3555590635,1.4089899495384273,27.965518167178033,0.303973023556283,0.14089034766419384,0.8231612913901157,3486
177,1.0,92,8,92,92,0,0,0,0,3.255263999999995,495.0580014447591,0.999542307912352,141163.25722653326,1.410564270227921,27.85679942224889,0.3027912980679227,0.14120366969469048,0.8213735047582347,3503
178,1.0,92,8,92,92,0,0,0,0,3.141471999999996,498.1994734447591,0.9995447043423823,141011.79094840938,1.411807057854042,27.75036144603537,0.30163436354386275,0.1416142340432145,0.8193896426736558,3522
179,1.0,92,8,92,92,0,0,0,0,3.210559999999995,501.4100334447591,0.9995470758081866,140842.81384405182,1.4131096294934289,27.643632744098884,0.30047426895759655,0.14195904533326809,0.817521827568147,3545
180,1.0,92,8,92,92,0,0,0,0,3.251199999999995,504.6612334447591,0.9995494226978316,140664.65837972958,1.4145350617449264,27.535920852224322,0.29930348752417735,0.14227211118470356,0.8156926874881668,3563
181,1.0,92,8,92,92,0,0,0,0,3.068319999999996,507.72955344475906,0.9995517453913823,140539.38660035777,1.4153279069863482,27.43063280641084,0.29815905224359607,0.14273271579367452,0.8135594574774346,3578
182,1.0,91,9,92,91,0,1,0,0,3.1723122021764563,510.9018656469355,0.9994982997937455,140379.20943816422,1.4163871997796817,27.324173907028506,0.30026564732998356,0.14046034178116712,0.8204625992736062,3595
183,1.0,91,9,91,91,0,0,0,0,3.234943999999995,514.1368096469355,0.9995008319467554,140203.92752952475,1.4177501583493732,27.21581631957715,0.29907490461073793,0.14080776541794413,0.8185563242863826,3614
184,1.0,91,9,91,91,0,0,0,0,3.0195519999999956,517.1563616469355,0.9995033386678439,140089.15943580813,1.418618637094659,27.112594560475824,0.29794059956566843,0.14128678631978808,0.8164089602279815,3636
185,1.0,91,9,91,91,0,0,0,0,3.2308799999999946,520.3872416469354,0.9995058203382385,139918.8799663163,1.420001464952467,27.00639117759376,0.29677352942410723,0.14161336802913085,0.8145329244161681,3654
186,1.0,91,9,91,91,0,0,0,0,3.2349439999999947,523.6221856469355,0.999508277331585,139749.61719697,1.4214482878516477,26.901473666813995,0.2956205897452087,0.14194196025410702,0.8126492703035795,3669
187,1.0,90,10,91,90,0,1,0,0,3.071608032305073,526.6937936792406,0.9994563444601501,139618.1251468929,1.4226057995793338,26.799204068997987,0.2977689340999776,0.13969720002042751,0.8196061120379183,3690
188,1.0,90,10,90,90,0,0,0,0,3.2146239999999944,529.9084176792405,0.9994589915602683,139450.51170092955,1.4240711907713837,26.696085362123462,0.2966231706902607,0.1400152949341513,0.8177864313599715,3707
189,1.0,90,10,90,90,0,0,0,0,3.0683199999999937,532.9767376792405,0.9994616130074297,139323.15380842987,1.425049789336271,26.59435776167183,0.29549286401857594,0.14043583660778675,0.8157460259833533,3722
190,1.0,90,10,90,90,0,0,0,0,3.068319999999995,536.0450576792405,0.9994642091727389,139197.25390817583,1.4257128487398372,26.491789135422653,0.2943532126158072,0.140852625241561,0.8136847135322319,3741
191,1.0,90,10,90,90,0,0,0,0,3.0276799999999953,539.0727376792405,0.999466780420177,139083.27162449138,1.4263867792919924,26.392031589296863,0.29324479543663184,0.1413061166029275,0.8115568890459894,3763
192,1.0,89,11,90,89,0,1,0,0,3.20154647333776,542.2742841525783,0.9994162598174485,138918.62882217005,1.4273381146516526,26.289313587595952,0.2953855459280444,0.13897214666002228,0.8187669650256536,3781
193,1.0,89,11,89,89,0,0,0,0,3.1699199999999945,545.4442041525783,0.9994190038557017,138763.96416676862,1.428291775910687,26.18892492779007,0.29425758345831543,0.13930635444607384,0.8169113383352906,3797
194,1.0,88,12,89,88,0,1,0,0,3.0524352068147977,548.4966393593932,0.9993691515087794,138633.48386019203,1.4290563016570834,26.089903553452096,0.2964761767437738,0.13691160825564339,0.8242284634800245,3815
195,1.0,87,13,88,87,0,1,0,0,3.1041738240094037,551.6008131834026,0.9993197278911564,138484.20483492225,1.4300242311686804,25.992525380290363,0.29876465954356735,0.1343192307014399,0.8318609204434302,3838
196,1.0,87,13,87,87,0,0,0,0,3.194303999999995,554.7951171834026,0.9993228108558629,138314.1228595796,1.4310322708897854,25.894505455493615,0.2976379937413059,0.13458475335749762,0.8302454274484263,3855
197,1.0,86,14,87,86,0,1,0,0,3.0051842537799915,557.8003014371826,0.9992740095415888,138185.65497616617,1.4316706013340261,25.800517662415995,0.30000601933041854,0.13188411833080954,0.8380456117360542,3878
198,1.0,86,14,86,86,0,0,0,0,3.1292799999999947,560.9295814371826,0.9992772328342798,138028.02091775677,1.4323711818968616,25.704616394489857,0.29889088830802163,0.13220466773871015,0.8363688205939795,3894
199,1.0,86,14,86,86,0,0,0,0,2.946399999999995,563.8759814371826,0.999280427631579,137916.85150658182,1.4324421862902852,25.611863903663302,0.2978123709728291,0.1326582429467767,0.8344327758024156,3910
200,1.0,85,15,86,85,0,1,0,0,3.0848578146245047,566.9608392518071,0.9992324224746699,137766.12879132119,1.4325463709369644,25.51840183187112,0.30021649213966034,0.12975614458507395,0.8425989310504968,3930
201,1.0,85,15,85,85,0,0,0,0,3.0276799999999957,569.9885192518071,0.9992357466754981,137630.8422895507,1.4326902760600129,25.425911136214733,0.29912836630840867,0.13012350824871327,0.8408782801567118,3951
202,1.0,85,15,85,85,0,0,0,0,2.885439999999995,572.8739592518072,0.9992390422077922,137531.12482700348,1.4325602336926204,25.333780554446506,0.29804447711113535,0.13061039228759735,0.8388975215265592,3966
203,1.0,84,16,85,84,0,1,0,0,3.007801204067657,575.8817604558748,0.9991917967368793,137396.2598457095,1.4325747494171288,25.242065613475248,0.30050078111280054,0.12764001815319304,0.8471567452595336,3987
204,1.0,84,16,84,84,0,0,0,0,2.9057599999999963,578.7875204558748,0.9991952115084755,137286.995990194,1.43245197816671,25.15260560130814,0.29943578096795403,0.1280869948347062,0.8453231119136438,4002
205,1.0,84,16,84,84,0,0,0,0,2.9057599999999955,581.6932804558747,0.999198597545705,137178.82375650556,1.4324901606527236,25.062655711575278,0.2983649489473247,0.1285456207951048,0.8434423264391746,4015
206,1.0,84,16,84,84,0,0,0,0,2.869183999999995,584.5624644558748,0.9992019552097361,137080.30342760522,1.4325052021680307,24.972985576116283,0.29729744733471763,0.1290412317913315,0.8414694418523913,4032
207,1.0,83,17,84,83,0,1,0,0,3.0059106417342254,587.568375097609,0.9991556151591914,136944.06201939142,1.4328232879562728,24.883033172148842,0.29979558038733545,0.12598584834708487,0.8499058118223705,4053
208,1.0,83,17,83,83,0,0,0,0,2.950463999999996,590.518839097609,0.9991590819153146,136822.05316847638,1.4329188185898905,24.79242601437711,0.2987039278840616,0.12641039956559444,0.8481079998969119,4068
209,1.0,83,17,83,83,0,0,0,0,2.987039999999996,593.505879097609,0.9991625203211981,136692.83297302865,1.4331996136918783,24.70254346558005,0.29762100560939825,0.1267956596728677,0.8463802253891564,4088
210,1.0,83,17,83,83,0,0,0,0,2.9463999999999952,596.452279097609,0.9991659307231872,136574.21197760085,1.433443099082463,24.61316431161897,0.2965441483327587,0.1272119057528491,0.8445767693145223,4102
211,1.0,83,17,83,83,0,0,0,0,2.9870399999999955,599.439319097609,0.9991693134620083,136447.50585118274,1.4337642048383046,24.52385196263999,0.29546809593542156,0.12759987994830854,0.8428148470083362,4118
212,1.0,83,17,83,83,0,0,0,0,2.987039999999996,602.426359097609,0.999172668872883,136322.0562310982,1.434146056627768,24.43223389737467,0.29436426382379116,0.1280289638394121,0.8409244999763328,4136
213,1.0,83,17,83,83,0,0,0,0,2.804159999999996,605.230519097609,0.9991759972856381,136238.9988577259,1.433900424785615,24.344863533341165,0.2933116088354357,0.12855446127054196,0.8388593998727132,4150
214,1.0,83,17,83,83,0,0,0,0,2.991103999999996,608.2216230976089,0.9991792990248142,136114.85822942204,1.4341683150631341,24.253972117387004,0.29221653153478316,0.12896368145110138,0.8369801656134459,4168
215,1.0,83,17,83,83,0,0,0,0,2.987039999999996,611.2086630976089,0.9991825744097707,135992.8368468264,1.4344882389214326,24.16452205609255,0.29113881995292235,0.12937541627207383,0.8350933050959539,4180
216,1.0,82,18,83,82,0,1,0,0,2.856417565675834,614.0650806632848,0.9991379310344828,135894.39072136022,1.434475416538981,24.074988200598394,0.2935974170804682,0.1266279224945571,0.843157666356365,4203
217,1.0,82,18,82,82,0,0,0,0,2.966719999999996,617.0318006632848,0.9991413033107528,135772.5807809972,1.4346582585733163,23.987103331874046,0.29252565038870787,0.1270342368414677,0.8413345454841319,4226
218,1.0,82,18,82,82,0,0,0,0,2.7431999999999954,619.7750006632848,0.9991446493062155,135700.85903754053,1.4344477501549693,23.90211074724167,0.2914891554541667,0.12759136564986695,0.8392070846892612,4246
219,1.0,82,18,82,82,0,0,0,0,2.926079999999996,622.7010806632848,0.9991479693268958,135589.9365230991,1.4345175148006526,23.8136270341846,0.290410085782739,0.1280432369369778,0.8372424515357135,4259
220,1.0,82,18,82,82,0,0,0,0,2.8244799999999968,625.5255606632848,0.9991512636740852,135502.05671871116,1.4341367593203798,23.727728254136046,0.28936253968458603,0.12854886626921905,0.8351730069393724,4277
221,1.0,82,18,82,82,0,0,0,0,2.7838399999999965,628.3094006632847,0.999154532644434,135423.72581116168,1.4337712635133726,23.642595182761454,0.2883243314970909,0.1290803947262697,0.8330363486232828,4289
222,1.0,82,18,82,82,0,0,0,0,2.966719999999996,631.2761206632847,0.9991577765300393,135306.876347949,1.4338676568714501,23.554596635634372,0.28725117848334597,0.12951651113499588,0.8310514245696965,4304
223,1.0,82,18,82,82,0,0,0,0,2.966719999999996,634.2428406632847,0.9991609956185327,135191.12002956122,1.4340239808060427,23.465706620880084,0.28616715391317177,0.129951548815385,0.8290385877248376,4322
224,1.0,82,18,82,82,0,0,0,0,2.966719999999996,637.2095606632847,0.9991641901931649,135076.44158760874,1.4342395501324268,23.37813170153833,0.28509916709193084,0.1303839144736519,0.827027821983878,4331
225,1.0,82,18,82,82,0,0,0,0,2.8082239999999965,640.0177846632847,0.9991673605328892,134996.24865183287,1.4341251701571007,23.290474756256078,0.28403017995434243,0.1309380866164794,0.8247276006666162,4349
226,1.0,82,18,82,82,0,0,0,0,2.8651199999999957,642.8829046632848,0.9991705069124424,134904.81605732618,1.4342091644233594,23.201129906353202,0.2829406086140635,0.13145876266758333,0.8224576183237098,4365
227,1.0,82,18,82,82,0,0,0,0,2.966719999999996,645.8496246632848,0.9991736296024241,134792.9869052519,1.4346008606193308,23.11277143538159,0.28186306628514135,0.13190896674413716,0.8203349822652195,4385
228,1.0,82,18,82,82,0,0,0,0,2.783839999999997,648.6334646632847,0.9991767288693744,134720.15361612948,1.43437251663566,23.026224317493973,0.2808076136279753,0.13245819752962085,0.8179925131368715,4403
229,1.0,82,18,82,82,0,0,0,0,2.970783999999996,651.6042486632847,0.9991798049758498,134609.31260030044,1.4343584980787984,22.938478558346585,0.27973754339447054,0.13289714573263617,0.8158609353468205,4417
230,1.0,82,18,82,82,0,0,0,0,2.9667199999999965,654.5709686632847,0.9991828581804976,134500.31274651337,1.434392591243879,22.850860797453628,0.2786690341152882,0.13332332260593438,0.8137396865770467,4432
231,1.0,82,18,82,82,0,0,0,0,2.726943999999997,657.2979126632847,0.9991858887381275,134441.321503585,1.4340679058830479,22.76535944019354,0.27762633463650654,0.133908853498826,0.8112623349633922,4455
232,1.0,82,18,82,82,0,0,0,0,2.9870399999999964,660.2849526632847,0.9991888968997837,134329.88233677184,1.434258652674106,22.675545269895103,0.2765310398767695,0.13437626340891282,0.8089742030070558,4475
233,1.0,82,18,82,82,0,0,0,0,2.7838399999999974,663.0687926632846,0.9991918829128131,134260.5789701335,1.4340622534026048,22.590329710578832,0.2754918257387662,0.13490997713217007,0.8065739746740893,4494
234,1.0,82,18,82,82,0,0,0,0,2.9870399999999964,666.0558326632846,0.999194847020934,134150.9159115354,1.434369876420081,22.50152924503321,0.2744088932321123,0.1353580671914377,0.8043003017629689,4512
235,1.0,82,18,82,82,0,0,0,0,2.950463999999996,669.0062966632846,0.9991977894643016,134049.56044103805,1.4346356438432917,22.41343441371144,0.2733345660208712,0.13582490585744994,0.8019711526495427,4523
236,1.0,82,18,82,82,0,0,0,0,2.6822399999999966,671.6885366632846,0.9992007104795737,134002.584660933,1.4343982562604511,22.32833210373786,0.2722967329724129,0.13642345396184213,0.7993533106983249,4544
237,1.0,82,18,82,82,0,0,0,0,2.8854399999999965,674.5739766632846,0.9992036102999734,133915.63138388222,1.4345814200451024,22.23991165220497,0.27121843478298746,0.13689665416233882,0.7969591889691532,4565
238,1.0,81,19,82,81,0,1,0,0,3.0782992640201243,677.6522759273047,0.999162405219538,133785.42833924692,1.4352830980906388,22.148553673383493,0.2734389342393023,0.13478343951747537,0.8045247513642525,4582
239,1.0,81,19,81,81,0,0,0,0,2.9870399999999955,680.6393159273047,0.9991653854601362,133674.32334707727,1.4357716506346512,22.06126217088691,0.2723612613689742,0.13523738281282424,0.8022149021265793,4599
240,1.0,81,19,81,81,0,0,0,0,2.865119999999996,683.5044359273047,0.9991683445679769,133588.01377217576,1.4359164267089144,21.976105487463354,0.27130994428967103,0.1357156794508661,0.7998567895740046,4621
241,1.0,81,19,81,81,0,0,0,0,3.0683199999999955,686.5727559273047,0.9991712827670433,133462.9130109295,1.4364500200744108,21.88667100238624,0.27020581484427464,0.13611828917663119,0.7975932274702995,4640
242,1.0,81,19,81,81,0,0,0,0,2.9463999999999957,689.5191559273047,0.9991742002781642,133362.50227353338,1.4366127733879275,21.797566253601342,0.2691057562173005,0.13662196532352458,0.7950719101500886,4658
243,1.0,81,19,81,81,0,0,0,0,2.9463999999999957,692.4655559273048,0.9991770973190697,133262.9460196394,1.4368307548681092,21.708142801724854,0.2680017629842575,0.13712751357585595,0.7925170117755377,4673
244,1.0,81,19,81,81,0,0,0,0,2.828543999999996,695.2940999273047,0.9991799741044454,133186.80542475774,1.4369663775221106,21.622817051592875,0.2669483586616404,0.13764053362647186,0.7899824343586416,4692
245,1.0,80,20,81,80,0,1,0,0,2.958077641914483,698.2521775692192,0.9991398219431422,133080.85958785034,1.4372409930673287,21.53577358292938,0.26919716978661723,0.13571520265956913,0.7973431501777306,4709
246,1.0,80,20,80,80,0,0,0,0,2.783839999999996,701.0360175692191,0.9991427714199992,133008.85783774048,1.4374278090573518,21.450571106411026,0.2681321388301378,0.13624741717162225,0.7947852360462835,4729
247,1.0,80,20,80,80,0,0,0,0,3.027679999999995,704.0636975692191,0.9991457007389689,132891.38514459677,1.438054296272801,21.362866914556957,0.267035836431962,0.13666941838757668,0.7924300302886523,4741
248,1.0,80,20,80,80,0,0,0,0,2.6456639999999965,706.7093615692191,0.9991486101059981,132846.69074077983,1.437866400870385,21.280421729187886,0.26600527161484855,0.13728287882250154,0.7896712673834609,4760
249,1.0,80,20,80,80,0,0,0,0,3.0276799999999953,709.7370415692192,0.9991514997242374,132730.84886723146,1.438123036878861,21.193228759859117,0.26491535949823897,0.13771152128665756,0.7872618105979861,4778
250,1.0,80,20,80,80,0,0,0,0,2.783839999999996,712.5208815692191,0.999154369794089,132661.37518920883,1.438055829560438,21.109423548266037,0.26386779435332547,0.13822078734195214,0.7846869389860681,4800
251,1.0,80,20,80,80,0,0,0,0,2.8447999999999958,715.3656815692191,0.9991572205132527,132581.14338383012,1.4381023244658642,21.023755457914124,0.26279694322392655,0.13872706525764417,0.7820659235750385,4819
252,1.0,80,20,80,80,0,0,0,0,2.987039999999995,718.352721569219,0.9991600520767713,132475.31072495587,1.4384152815068527,20.937483249382115,0.2617185406172764,0.13920456086477642,0.7794820018970469,4837
253,1.0,80,20,80,80,0,0,0,0,2.808223999999996,721.160945569219,0.999162864677075,132403.17655392943,1.4383559843241358,20.84880555851451,0.26061006948143134,0.13978127387843425,0.7765880866582817,4857
254,1.0,80,20,80,80,0,0,0,0,3.0886399999999954,724.249585569219,0.9991656585040257,132280.36564867827,1.4387510520890114,20.759720630090822,0.2594965078761352,0.1402272724341217,0.7739861202979618,4875
255,1.0,79,21,80,79,0,1,0,0,2.7777161722259582,727.027301741445,0.9991268554322066,132209.61547078664,1.4387528487663213,20.67518754088154,0.26171123469470303,0.1385810670953549,0.7810118192125604,4898
256,1.0,79,21,79,79,0,0,0,0,3.027679999999995,730.054981741445,0.9991297140489018,132094.16059317242,1.4393451599950178,20.589002851772555,0.26062028926294367,0.139022834307247,0.7784838323297131,4916
257,1.0,79,21,79,79,0,0,0,0,2.930143999999995,732.985125741445,0.9991325540088397,131997.22150177512,1.4398183036575622,20.502882800760855,0.25953016203494755,0.13958056982453396,0.7756443978716887,4934
258,1.0,79,21,79,79,0,0,0,0,2.9260799999999954,735.911205741445,0.9991353754940712,131901.7827731025,1.4401418302747067,20.418877890143527,0.25846680873599404,0.1400595375749098,0.7730123424201834,4950
259,1.0,79,21,79,79,0,0,0,0,2.8082239999999956,738.719429741445,0.9991381786842861,131828.12862264205,1.4400805815387254,20.333889337287413,0.2573910042694609,0.14060192501756946,0.7701799098723205,4969
260,1.0,79,21,79,79,0,0,0,0,3.0073599999999954,741.7267897414449,0.9991409637568518,131719.65924819405,1.4404537426659876,20.247354256059744,0.25629562349442725,0.14108225507748695,0.767451581365145,4984
261,1.0,79,21,79,79,0,0,0,0,2.7431999999999954,744.4699897414449,0.9991437308868502,131658.7657670943,1.4403380252573472,20.165309882420505,0.2552570871192469,0.14161160555015467,0.7646539092885901,5007
262,1.0,78,22,79,78,0,1,0,0,2.6976949594142887,747.1676847008592,0.9991058364493578,131600.98062775188,1.4398922494791284,20.084162765404766,0.257489266223138,0.140127038308835,0.7715100046278769,5027
263,1.0,78,22,78,78,0,0,0,0,3.1902399999999957,750.3579247008593,0.9991086621829673,131457.2642640167,1.4401094429560288,19.994797328670717,0.25634355549577853,0.14059790070621167,0.7687433472158901,5047
264,1.0,77,23,78,77,0,1,0,0,2.7965924426988678,753.1545171435581,0.9990710823909531,131378.08742789444,1.439778300897501,19.911847836249162,0.2585954264447944,0.13899046458415368,0.7758630718580971,5063
265,1.0,77,23,77,77,0,0,0,0,2.893567999999996,756.0480851435581,0.9990739622337641,131282.6550987869,1.4396786716882446,19.82881559081252,0.25751708559496783,0.13952148835179556,0.7730712075102161,5082
266,1.0,77,23,77,77,0,0,0,0,2.885439999999996,758.9335251435581,0.9990768242755077,131189.35545925016,1.4396260280875464,19.746808341016045,0.25645205637683177,0.14003983367146486,0.7703041948998267,5095
267,1.0,77,23,77,77,0,0,0,0,2.6212799999999956,761.554805143558,0.9990796686807251,131142.23602223018,1.4392142843256936,19.665726921882783,0.2553990509335427,0.1406815344501082,0.767215934258148,5114
268,1.0,77,23,77,77,0,0,0,0,2.946399999999997,764.5012051435581,0.9990824956119355,131039.68878791785,1.4391870408134593,19.580600993290744,0.2542935193933863,0.141254144554067,0.7642020553279643,5133
269,1.0,77,23,77,77,0,0,0,0,2.824479999999996,767.3256851435581,0.9990853052296679,130958.73361934941,1.4391799467708346,19.499006153699867,0.2532338461519463,0.1418068927621487,0.7612771569298686,5149
270,1.0,77,23,77,77,0,0,0,0,2.7879039999999957,770.1135891435581,0.9990880976924906,130884.58822301142,1.4390275068206924,19.418773309667106,0.25219186116450787,0.14234131355108257,0.7583994939651908,5161
271,1.0,77,23,77,77,0,0,0,0,2.885439999999996,772.9990291435581,0.9990908731570418,130794.47216384976,1.4390532176839022,19.337215138285778,0.2511326641335815,0.1428593939626279,0.7555141189362237,5178
272,1.0,77,23,77,77,0,0,0,0,2.6822399999999953,775.6812691435581,0.999093631778058,130739.26628648721,1.438830719666434,19.258171548278437,0.2501061240036161,0.143453860063831,0.7524540566372007,5202
273,1.0,77,23,77,77,0,0,0,0,3.0276799999999957,778.7089491435581,0.9990963737084038,130626.46847949285,1.4391400118644009,19.17295998957496,0.2489994803840904,0.14397357728841817,0.7494426641642252,5222
274,1.0,77,23,77,77,0,0,0,0,2.7431999999999945,781.4521491435581,0.9990990990990991,130562.05694976822,1.4390979577406127,19.088170685655452,0.24789832059292796,0.14459360580664796,0.7461500076203065,5244
275,1.0,77,23,77,77,0,0,0,0,2.6212799999999956,784.0734291435581,0.9991018080993478,130518.38794203423,1.4386611817521058,19.007265764498147,0.2468476073311448,0.14523213191331838,0.7428578379541562,5269
276,1.0,77,23,77,77,0,0,0,0,3.1699199999999963,787.2433491435581,0.9991045008565644,130384.08023601137,1.4391387217921232,18.91990070439414,0.24571299616096293,0.1458079938476228,0.7395723553442427,5291
277,1.0,77,23,77,77,0,0,0,0,2.7472639999999955,789.9906131435581,0.9991071775164008,130320.53582298887,1.4390585216288183,18.838108211153642,0.24465075598900834,0.14638349245816806,0.7363734231263448,5311
278,1.0,77,23,77,77,0,0,0,0,2.783839999999996,792.774453143558,0.9991098382227727,130251.42219271458,1.4389188973722822,18.757077986174473,0.24359841540486327,0.1469310521730393,0.7332383338651296,5333
279,1.0,77,23,77,77,0,0,0,0,2.865119999999996,795.6395731435581,0.9991124831178854,130169.49319250755,1.438970964056798,18.675637055566597,0.24254074098138434,0.14746303353695625,0.7301107119232245,5349
280,1.0,77,23,77,77,0,0,0,0,2.869183999999996,798.5087571435581,0.9991151123422591,130087.49005031248,1.4390796859001493,18.593603141402625,0.24147536547276136,0.14801040571828297,0.7269037469253551,5366
281,1.0,77,23,77,77,0,0,0,0,2.783839999999996,801.292597143558,0.9991177260347539,130019.92077724711,1.4390816658770575,18.509254747825807,0.24037993178994554,0.14862949553206387,0.7234276793667505,5381
282,1.0,77,23,77,77,0,0,0,0,2.8122879999999966,804.104885143558,0.9991203243325939,129948.22184340404,1.4389506586283165,18.426107555409935,0.23930009812220698,0.1492205162428187,0.7200251645877911,5401
283,1.0,77,23,77,77,0,0,0,0,3.047999999999996,807.152885143558,0.9991229073713915,129839.09483438266,1.4393156947061165,18.34042451147779,0.23818733131789335,0.14968742174497693,0.7168756940612013,5412
284,1.0,77,23,77,77,0,0,0,0,2.5237439999999967,809.676629143558,0.9991254752851711,129814.78804838278,1.438806557024299,18.2619235129499,0.23716783783051817,0.1503344739169675,0.7133705774005754,5429
285,1.0,77,23,77,77,0,0,0,0,2.8895039999999965,812.566133143558,0.9991280282063919,129732.20972449255,1.438705719550291,18.179055089137282,0.23609162453425042,0.15089179241189232,0.7099855753886202,5450
286,1.0,77,23,77,77,0,0,0,0,2.621279999999997,815.1874131435579,0.9991305662659711,129692.87589010106,1.4383255979221679,18.098854777394322,0.23505006204408208,0.1515128491271067,0.7064607273655863,5471
287,1.0,77,23,77,77,0,0,0,0,3.113023999999997,818.3004371435579,0.9991330895933059,129575.88091988071,1.4386455473317705,18.010925474683315,0.2339081230478352,0.15208688375638163,0.7028597000432453,5496
288,1.0,77,23,77,77,0,0,0,0,2.8691839999999966,821.169621143558,0.9991355983162958,129498.21481694767,1.4386695322297076,17.928662819625913,0.23283977687825852,0.15260706564940124,0.6995105622348023,5516
289,1.0,77,23,77,77,0,0,0,0,2.9260799999999967,824.0957011435579,0.9991380925613641,129412.15425830969,1.4388215295251674,17.84422481164143,0.23174317937196656,0.1531414901293546,0.6960450771187137,5525
290,1.0,76,24,77,71,0,2,4,0,2.438896251623254,826.5345973951812,0.998916373963082,129373.89473712964,1.438291413222712,17.76897488510408,0.23380230111979056,0.1523701705631619,0.7018924786667481,5551
291,1.0,76,24,76,76,0,0,0,0,3.149599999999996,829.6841973951812,0.9989194425814144,129249.1773817926,1.4385447161547946,17.682480556284734,0.23266421784585176,0.15299126737440957,0.6981346405246476,5574
292,1.0,76,24,76,76,0,0,0,0,2.7228799999999973,832.4070773951812,0.9989224938693617,129191.5973810803,1.43826371436914,17.603645400475415,0.23162691316415024,0.15352522110194136,0.6947723121590782,5595
293,1.0,75,25,76,75,0,1,0,0,2.874962466772982,835.2820398619542,0.9988884772137829,129106.09213843812,1.4382841986737462,17.518561689682787,0.23358082252910378,0.15281506456279045,0.7002732480797811,5620
294,1.0,74,26,75,71,0,2,2,0,3.0481373855908895,838.3301772475451,0.9987437650101607,128975.43585392462,1.4386250239196539,17.432738374115626,0.23557754559615712,0.15181196819943538,0.7065724268040892,5634
295,1.0,73,27,74,64,0,1,9,0,2.5891765492125365,840.9193537967576,0.9983787169755702,128882.75137284382,1.438354511046581,17.358860035984108,0.23779260323265897,0.15075525600681253,0.7133034028649562,5647
296,1.0,72,28,73,58,0,2,13,0,2.1457919999999957,843.0651457967576,0.9978318388946054,128829.90186642551,1.437774382747403,17.295957929937305,0.2402216379157959,0.14952534958887898,0.720751448450668,5668
297,1.0,70,30,72,67,0,2,3,0,2.4346863991531302,845.4998321959108,0.9976543028881396,128775.89782273477,1.4372952389994778,17.223043917627646,0.24604348453753785,0.1466654666152057,0.7378276330819019,5693
298,1.0,69,31,70,58,0,1,11,0,2.162047999999996,847.6618801959108,0.9972216129268114,128721.13580804429,1.436765163700411,17.160051553309486,0.24869639932332585,0.14513541757268125,0.7459507254114829,5714
299,1.0,68,32,69,60,0,1,8,0,2.6334719999999963,850.2953521959108,0.996900412062867,128604.72507299433,1.4363525593329378,17.088304221088837,0.25129859148660055,0.14357002929392013,0.753921531248094,5738
300,1.0,67,33,68,57,0,1,10,0,3.069703698309374,853.3650558942202,0.9965079480557273,128409.28890060283,1.4364486498726334,17.005196962373457,0.253808909886171,0.14148996475299885,0.7629109912126264,5755
301,1.0,65,35,67,53,0,2,12,0,2.011425807254684,855.3764817014749,0.9960084186080267,128355.17733852922,1.4356075813049343,16.947495301295668,0.2607306969430102,0.13688382881515668,0.783928919401843,5779
302,1.0,63,37,65,43,0,3,19,0,1.8453790955643972,857.2218607970393,0.9952213734931036,128279.5096916406,1.4347915974086611,16.89603581809477,0.26819104473166294,0.1311842044504418,0.8069315737174072,5799
303,1.0,59,41,63,36,0,5,22,0,1.3082595067385785,858.5301203037778,0.9942570252112981,128251.76123237232,1.433743517411011,16.8592058557629,0.2857492517925915,0.1150527688647552,0.8604998305673872,5817
304,1.0,58,42,59,34,0,1,24,0,1.6364637083919669,860.1665840121698,0.9933681744458461,128165.8716452071,1.4331419009120108,16.814987954090675,0.28991358541535645,0.11005430443890778,0.8740461880542595,5839
305,1.0,55,45,58,29,0,4,25,0,1.3220064752207892,861.4885904873905,0.9923389562277453,128103.8439958484,1.4323472932527208,16.78035747466544,0.30509740863028073,0.089199536190516,0.9212541606051442,5861
306,1.0,55,45,55,43,12,0,0,26,1.2192,862.7077904873905,0.9919233254361405,128122.17673095831,1.4309710925879278,16.699637415431663,0.30362977118966655,0.08891943586893618,0.9210105151558424,5862
307,1.0,55,45,55,44,11,0,0,26,1.2191999999999998,863.9269904873905,0.9915451581700283,128145.08774351788,1.4295963012814985,16.618649127642303,0.3021572568662237,0.08862330459009715,0.9207882529601574,5863
308,1.0,55,45,55,43,12,0,0,26,1.211072,865.1380624873905,0.9911327231121282,128164.51478415457,1.4282684182991778,16.538559964810972,0.30070109026929026,0.08845431951077058,0.9203609164181584,5864
309,1.0,55,45,55,44,11,0,0,26,1.2191999999999996,866.3572624873905,0.990757591978018,128187.30194648352,1.4268826036739288,16.456578899561254,0.2992105254465683,0.08816442964126806,0.9201133172880966,5865
310,1.0,55,45,55,43,12,0,0,26,1.1988799999999997,867.5561424873905,0.9903483154070802,128208.41736085874,1.42553588769199,16.37927722401082,0.2978050404365603,0.08799748700826734,0.9196987938214488,5866
311,1.0,55,45,55,45,10,0,0,26,1.2029439999999998,868.7590864873905,0.9900117299968009,128238.08318420047,1.4241818920925498,16.29977798229332,0.2963595996780603,0.08777628609706138,0.9193512099863882,5867
312,1.0,55,45,55,44,11,0,0,26,1.174496,869.9335824873905,0.9896409819781468,128267.26343975506,1.4228342838971737,16.223149779935646,0.2949663596351936,0.08762411726610521,0.918908625252162,5868
313,1.0,55,45,55,44,11,0,0,26,1.227328,871.1609104873905,0.9892716779378962,128288.58441028232,1.421528011052108,16.140190707856917,0.2934580128701258,0.08746004654933043,0.9184225713688016,5869
314,1.0,55,45,55,41,14,0,0,26,1.2517119999999995,872.4126224873905,0.9887977948971659,128292.5041603438,1.4203071312894942,16.056030376274816,0.2919278250231785,0.08735562802349733,0.9178161482146451,5870
315,1.0,55,45,55,44,11,0,0,26,1.2232639999999992,873.6358864873905,0.9884315592706239,128314.32606405183,1.419027639812135,15.975060258566616,0.29045564106484756,0.08730024642438819,0.9171466466122323,5871
316,1.0,55,45,55,45,10,0,0,26,1.2517119999999993,874.8875984873905,0.9881019431146156,128336.4859601656,1.4177529400517266,15.892004162472551,0.28894553022677366,0.08729623345487024,0.9163580322968669,5872
317,1.0,55,45,55,44,11,0,0,26,1.2273279999999993,876.1149264873904,0.9877384674841022,128357.5893985394,1.4164926271719545,15.812974450801338,0.28750862637820607,0.08735232785573437,0.9154912987457287,5873
318,1.0,55,45,55,41,14,0,0,26,1.1907519999999996,877.3056784873904,0.9872711971386493,128370.30782038726,1.4152753663735815,15.733776160572246,0.2860686574649499,0.08724522965968742,0.9149023498528167,5874
319,1.0,55,45,55,44,11,0,0,26,1.2070079999999994,878.5126864873904,0.9869107199104049,128394.27561484509,1.4139977857858375,15.656270320589343,0.2846594603743517,0.0872940662258196,0.9140423520911376,5875
320,1.0,55,45,55,44,11,0,0,26,1.2029439999999996,879.7156304873904,0.9865516277770016,128418.77089009993,1.4127348340650279,15.57616138878214,0.2832029343414934,0.08724648414691237,0.9133191911487294,5876
321,1.0,55,45,55,42,13,0,0,26,1.1907519999999996,880.9063824873904,0.986124185057351,128435.89540188118,1.4115192217343286,15.498116463269728,0.2817839356958133,0.08722902410729727,0.9125524949905174,5877
322,1.0,55,45,55,43,12,0,0,26,1.2557759999999991,882.1621584873903,0.9857331755863317,128448.03975075483,1.4103484196351521,15.410883163713649,0.28019787570388455,0.08717350485808341,0.9117499266517246,5878
323,1.0,55,45,55,43,12,0,0,26,1.2354559999999992,883.3976144873903,0.9853436599173411,128463.10442648345,1.4091740043026915,15.329112582105827,0.2787111378564696,0.08722813020227366,0.9107882802817401,5879
324,1.0,55,45,55,44,11,0,0,26,1.251711999999999,884.6493264873903,0.9849902939545202,128480.28772180396,1.4080065458773894,15.2440392678967,0.27716435032539455,0.08731281655544677,0.90972048229721,5880
325,1.0,55,45,55,44,11,0,0,26,1.2232639999999995,885.8725904873903,0.9846382728436495,128501.54889358253,1.4068341293188313,15.162543143886099,0.2756826026161109,0.08742164605974118,0.9086294866044059,5881
326,1.0,55,45,55,45,10,0,0,26,1.259839999999999,887.1324304873904,0.9843221216934871,128521.96141376506,1.4056702319605174,15.078268190400408,0.2741503307345528,0.08759608646898609,0.9073652368541739,5882
327,1.0,55,45,55,43,12,0,0,26,1.2029439999999991,888.3353744873904,0.9839382345844966,128541.5432948301,1.4045307463669734,14.998431728980442,0.27269875870873533,0.08770247268601811,0.9062628917762476,5883
328,1.0,55,45,55,42,13,0,0,26,1.1988799999999993,889.5342544873904,0.9835213981010046,128557.16283337468,1.4034363500932838,14.919816954959602,0.27126939918108367,0.08783917357468893,0.9050989668608203,5884
329,1.0,55,45,55,44,11,0,0,26,1.259839999999999,890.7940944873905,0.9831748102874017,128572.92241694497,1.402350325636019,14.83530443377736,0.2697328078868611,0.08802652333676114,0.9037485730434875,5885
330,1.0,55,45,55,44,11,0,0,26,1.2070079999999992,892.0011024873904,0.9828295290972651,128596.25361463221,1.401237023088703,14.757845627695795,0.2683244659581054,0.08821191160515693,0.9024642299474399,5886
331,1.0,55,45,55,45,10,0,0,26,1.2435839999999991,893.2446864873905,0.9825197550713235,128618.73318473059,1.4001153489530427,14.674388467412392,0.26680706304386165,0.08844545153809093,0.9009905601958041,5887
332,1.0,55,45,55,45,10,0,0,26,1.2395199999999993,894.4842064873905,0.9822111444960393,128641.73471756218,1.3989913918777124,14.59307038691107,0.26532855248929216,0.08875768058433586,0.8993585715733464,5888
333,1.0,55,45,55,46,9,0,0,26,1.2964159999999987,895.7806224873905,0.9819377705074465,128660.96576187364,1.3979178132103742,14.503825940198059,0.2637059261854192,0.08894538933380979,0.8978558036569904,5889
334,1.0,55,45,55,44,11,0,0,26,1.2191999999999994,896.9998224873905,0.9815973875773862,128682.29971318932,1.3968251143632486,14.421676789787957,0.26221230526887196,0.08913486553239368,0.8964147146398848,5890
335,1.0,55,45,55,45,10,0,0,26,1.280159999999999,898.2799824873905,0.9812922282959291,128699.29448931346,1.395779305611037,14.333026139010425,0.260600475254735,0.08947906902199369,0.8945390213969945,5891
336,1.0,55,45,55,43,12,0,0,26,1.1785599999999998,899.4585424873904,0.9809204283584113,128721.88603581263,1.394673972826558,14.255702897196464,0.2591945981308448,0.08966748965906918,0.8931130761761786,5892
337,1.0,55,45,55,44,11,0,0,26,1.2029439999999998,900.6614864873904,0.98058383790549,128745.37408303338,1.393565798492521,14.176378961428435,0.25775234475324427,0.08992702238929116,0.8914851240474851,5893
338,1.0,55,45,55,42,13,0,0,26,1.1988799999999995,901.8603664873905,0.9801809710311297,128760.50918202048,1.3925484441012153,14.09764534909753,0.25632082452904603,0.09018031731276979,0.8898526995643554,5894
339,1.0,55,45,55,44,11,0,0,26,1.2476479999999996,903.1080144873905,0.9798469989552792,128777.50848663719,1.3914752786208415,14.01429542294463,0.25480537132626596,0.09055239294522292,0.8878676467663279,5895
340,1.0,55,45,55,45,10,0,0,26,1.2476479999999994,904.3556624873905,0.9795479009687836,128798.88392540926,1.3903794146772877,13.929988642486837,0.25327252077248796,0.09092639287698119,0.8858294963523525,5896
341,1.0,55,45,55,43,12,0,0,26,1.1988799999999995,905.5545424873906,0.9791827552630695,128818.30362153401,1.3893049387272098,13.850993268260344,0.2518362412410972,0.09125480081856632,0.8839364078644553,5897
342,1.0,55,45,55,43,12,0,0,26,1.2435839999999998,906.7981264873906,0.9788189556940814,128831.32043130053,1.3882606216802562,13.768096960972958,0.2503290356540538,0.09155486169165862,0.882017505585953,5898
343,1.0,55,45,55,40,15,0,0,26,1.2110719999999997,908.0091984873906,0.9783561368882348,128835.69923617304,1.3872897290611015,13.690112935918636,0.2489111442894297,0.09194230111555633,0.8799407841562255,5899
344,1.0,55,45,55,44,11,0,0,26,1.2679679999999995,909.2771664873906,0.9780285828769868,128849.60088968067,1.3862464933134322,13.604324380381122,0.24735135237056585,0.09246402043029267,0.8773940237475552,5900
345,1.0,55,45,55,43,12,0,0,26,1.2313919999999998,910.5085584873906,0.977668899776689,128864.24724543092,1.3851692014386052,13.521417611532842,0.2458439565733244,0.09287645105836743,0.8751031720463842,5901
346,1.0,55,45,55,44,11,0,0,26,1.227328,911.7358864873906,0.9773438019828332,128883.81574264725,1.3840402355186872,13.442442152695612,0.24440803913992024,0.09333736373476455,0.8727213174131557,5902
347,1.0,55,45,55,43,12,0,0,26,1.2313920000000003,912.9672784873907,0.9769866834921794,128898.37650586216,1.3829451799957715,13.361715929517093,0.24294028962758354,0.09384672900591905,0.8701522476086729,5903
348,1.0,55,45,55,44,11,0,0,26,1.2435840000000002,914.2108624873907,0.9766640148501724,128915.55420741408,1.3816981792207925,13.27905965780587,0.24143744832374306,0.09438823724529864,0.8674258513552563,5904
349,1.0,55,45,55,44,11,0,0,26,1.1948159999999999,915.4056784873907,0.9763425205968964,128939.55409478689,1.3804981430669119,13.201377883444895,0.24002505242627076,0.0948691101950847,0.8648873389430556,5905
350,1.0,55,45,55,44,11,0,0,26,1.174496,916.5801744873907,0.9760221943325187,128966.35045167692,1.3792613869364203,13.124854941245404,0.2386337262044619,0.09527899339705469,0.8625035278562122,5906
351,1.0,55,45,55,45,10,0,0,26,1.2679679999999998,917.8481424873906,0.9757359970988693,128984.2998201921,1.3780920431211143,13.037383615500522,0.2370433384636459,0.09575564580410878,0.8597104075667996,5907
352,1.0,55,45,55,42,13,0,0,26,1.231392,919.0795344873907,0.9753521126760564,128994.27693831053,1.37694595244222,12.956312027804968,0.235569309596454,0.09634360917683034,0.8567025493072373,5908
353,1.0,55,45,55,44,11,0,0,26,1.2191999999999998,920.2987344873907,0.97503531189436,129014.62921834191,1.3757863230000023,12.876056867970723,0.23411012487219499,0.09691431261023287,0.8537010348435121,5909
354,1.0,55,45,55,46,9,0,0,26,1.2639039999999997,921.5626384873907,0.9747852318184799,129037.34920849558,1.3746223345390938,12.79225199990349,0.23258639999824524,0.09748382714386093,0.8505791386852805,5910
355,1.0,55,45,55,43,12,0,0,26,1.2639039999999997,922.8265424873907,0.9744378620757372,129047.0034368644,1.3735145152553716,12.7062993873089,0.23102362522379816,0.09808479201817248,0.8472735637470542,5911
356,1.0,55,45,55,46,9,0,0,26,1.2354559999999999,924.0619984873907,0.974189754312598,129073.59051150021,1.3723337906661637,12.623836164050603,0.22952429389182913,0.09871227711155413,0.8439081578928536,5912
357,1.0,55,45,55,43,12,0,0,26,1.2435839999999996,925.3055824873908,0.9738446988226853,129086.0038679467,1.371198000024358,12.542405301765505,0.22804373275937287,0.09929466083567075,0.8406257357562068,5913
358,1.0,55,45,55,44,11,0,0,26,1.2070079999999999,926.5125904873908,0.9735334331662218,129107.7975929869,1.3700460593163026,12.462860064458921,0.22659745571743492,0.09987068706056915,0.8373440497012142,5914
359,1.0,55,45,55,43,12,0,0,26,1.2354559999999997,927.7480464873908,0.9731907841289442,129121.26353006352,1.368967741171069,12.37853238104867,0.22506422510997587,0.10052429798575403,0.8336850861943089,5915
360,1.0,55,45,55,44,11,0,0,26,1.2882879999999994,929.0363344873907,0.9728817957700792,129131.65561624033,1.367825801470889,12.289585826696722,0.2234470150308495,0.10123771285110952,0.8296863421803344,5916
361,1.0,55,45,55,43,12,0,0,26,1.2476479999999996,930.2839824873907,0.9725415277013244,129143.36080340757,1.3666859957523596,12.203914428521674,0.22188935324584866,0.10199187186270356,0.8255730112279036,5917
362,1.0,55,45,55,45,10,0,0,26,1.2151359999999995,931.4991184873908,0.9722671148749111,129168.1308248374,1.3655037114340292,12.123232307278133,0.22042240558687518,0.10273946833586955,0.8215227900482128,5918
363,1.0,55,45,55,44,11,0,0,26,1.170432,932.6695504873908,0.9719614106411125,129194.73991300742,1.3643401316247306,12.046615873672021,0.2190293795213095,0.10330932549725015,0.8180150065774523,5919
364,1.0,55,45,55,44,11,0,0,26,1.211072,933.8806224873907,0.9716567894872455,129215.65893356923,1.363166070612636,11.965834688646938,0.21756063070267162,0.10402752687619701,0.8139137393338287,5920
365,1.0,55,45,55,42,13,0,0,26,1.2395200000000002,935.1201424873907,0.9712889431887599,129224.03711524096,1.3620430217310457,11.881530387391583,0.21602782522530156,0.10480887349930118,0.8094649893060781,5921
366,1.0,55,45,55,44,11,0,0,26,1.2070079999999996,936.3271504873907,0.970986584504782,129245.42446195967,1.3609043853910732,11.80065655696395,0.21455739194479911,0.10554777576982476,0.8051544808497408,5922
367,1.0,55,45,55,44,11,0,0,26,1.2232639999999997,937.5504144873906,0.9706852913849998,129264.51540876573,1.3597775066588322,11.717910985369175,0.21305292700671224,0.1062495377941873,0.8008316529390161,5923
368,1.0,55,45,55,42,13,0,0,26,1.2313919999999998,938.7818064873907,0.9703210950492517,129273.91558011629,1.3586865979244624,11.63432089390783,0.21153310716196055,0.10688786545012596,0.7966039305293835,5924
369,1.0,54,46,55,42,12,1,0,26,1.195634285152768,939.9774407725434,0.9699581776969001,129288.20919374324,1.35759793239077,11.552850752354527,0.21394168059915783,0.10461935918069946,0.8070180991526924,5925
370,1.0,54,46,54,43,11,0,0,25,1.1419839999999997,941.1194247725434,0.9696593045861618,129314.08787935,1.356505492014575,11.480279682015555,0.21259777188917695,0.10516848279855234,0.8033992311704331,5926
371,1.0,54,46,54,45,9,0,0,25,1.243583999999999,942.3630087725435,0.9694250898794184,129334.4484719879,1.3554439385631596,11.399685873427984,0.21110529395237004,0.10592341477344909,0.7988755656682923,5927
372,1.0,54,46,54,42,12,0,0,25,1.1501119999999996,943.5131207725435,0.969096395108782,129354.85189656689,1.3544140266215376,11.327565343307425,0.20976972857976708,0.1065065515838071,0.7950449221268301,5928
373,1.0,54,46,54,43,11,0,0,25,1.1785599999999992,944.6916807725435,0.9688005326738324,129375.54388120765,1.3533797941062362,11.251773351976308,0.20836617318474648,0.10718127623380061,0.7907663249616318,5929
374,1.0,53,47,54,42,11,1,0,25,1.1951051324794362,945.8867859050229,0.9684740290570696,129389.69211087919,1.3524016365420162,11.175043737577427,0.21084988184108353,0.10494599898230417,0.8014530815243608,5930
375,1.0,53,47,53,42,11,0,0,24,1.1785599999999994,947.0653459050228,0.9681792327624344,129406.06530469612,1.3514350775642612,11.099487244285523,0.20942428762802873,0.10558473313279,0.7973311918009953,5931
376,1.0,53,47,53,42,11,0,0,24,1.1826239999999997,948.2479699050228,0.967885422253068,129421.84312009877,1.3505090483910367,11.024265701375947,0.20800501323350848,0.10629844485271722,0.7929209704588845,5932
377,1.0,53,47,53,43,10,0,0,24,1.1623039999999998,949.4102739050228,0.9676240866717057,129444.56509251372,1.3495101762226769,10.952992308285156,0.20666023223179536,0.10698929494151552,0.7886312392181195,5933
378,1.0,53,47,53,42,11,0,0,24,1.1785599999999998,950.5888339050227,0.9673321804747681,129460.80956416519,1.348549969266721,10.878580656013385,0.20525623879270535,0.10770710065862232,0.7840942506510108,5934
379,1.0,52,48,53,42,10,1,0,24,1.149182842825719,951.7380167478484,0.9670412455270262,129481.01035313465,1.3475771496960178,10.806525057575067,0.20781778956875124,0.1056362680088048,0.7946718529944905,5935
380,1.0,52,48,52,42,10,0,0,23,1.1054080000000002,952.8434247478484,0.9667815731745534,129507.11186641753,1.3464559403582288,10.739281947987923,0.20652465284592159,0.1062913471191174,0.7905877429027878,5936
381,1.0,52,48,52,42,10,0,0,23,1.133856,953.9772807478485,0.9665227457605907,129529.29015576946,1.3453367273176429,10.667886536033894,0.20515166415449793,0.10703110634432328,0.7860469710270771,5937
382,1.0,52,48,52,42,10,0,0,23,1.174496,955.1517767478484,0.966264759167864,129545.90360633879,1.3443018754926255,10.591564810278498,0.2036839386592019,0.10782203858746271,0.7811148087659237,5938
383,1.0,52,48,52,43,9,0,0,23,1.141984,956.2937607478484,0.9660387949853427,129571.06391983619,1.3432135105746033,10.519996069961104,0.20230761673002123,0.10852791942195891,0.7765310003878031,5939
384,1.0,52,48,52,42,10,0,0,23,1.15824,957.4520007478484,0.9657824272993337,129589.78612305001,1.342171529748346,10.447059958585204,0.20090499920356164,0.1093368222309326,0.7714995398748128,5940
385,1.0,51,49,52,41,10,1,0,23,1.1432312167331147,958.5952319645816,0.9654958035436743,129606.31959891749,1.341117545605878,10.374469171196228,0.20342096414110256,0.10754559508163061,0.7815505678227832,5941
386,1.0,51,49,51,41,10,0,0,22,1.1216640000000002,959.7168959645816,0.9652400608298936,129625.72663156608,1.3400390341900168,10.3043366333548,0.20204581634029017,0.10828236565032527,0.7768675526421457,5942
387,1.0,51,49,51,41,10,0,0,22,1.0932160000000002,960.8101119645816,0.9649851264253843,129648.92693031103,1.3389657115855662,10.236585994516666,0.20071737244150328,0.10894571291851722,0.7724322312124958,5943
388,1.0,50,50,51,40,10,1,0,22,1.0928437736815952,961.9029557382631,0.9647000587816725,129667.96624953805,1.3379098969401213,10.166695466027587,0.20333390932055181,0.10709486167348828,0.782835763505246,5944
389,1.0,49,51,50,40,9,1,0,21,1.0383094697342956,962.9412652079974,0.9644456800420104,129694.30692434177,1.3368484028465017,10.1041411380665,0.20620696200135713,0.10484548418931826,0.7945846167034055,5945
390,1.0,49,51,49,40,9,0,0,20,1.0119360000000002,963.9532012079974,0.964221824686941,129724.13997203762,1.3358249454620315,10.044521140869575,0.2049902273646852,0.105476384691912,0.7906669724378659,5946
391,1.0,49,51,49,40,9,0,0,20,1.0566399999999998,965.0098412079974,0.9639986449447199,129747.89961029297,1.3348518819369906,9.980193211238628,0.20367741247425772,0.10617131371838927,0.7863338921224481,5947
392,1.0,48,52,49,39,9,1,0,20,1.0277899796825967,966.03763118768,0.9637453874538745,129771.34218454118,1.3338879530657908,9.919536556836153,0.2066570116007532,0.10377131288023822,0.7986280807550653,5948
393,1.0,48,52,48,40,8,0,0,19,1.016,967.0536311876799,0.9635531810366004,129800.45361686777,1.332860235825338,9.858339413963238,0.2053820711242341,0.1045088270756836,0.7943258973852797,5949
394,1.0,48,52,48,39,9,0,0,19,1.0160000000000002,968.0696311876799,0.9633308805494236,129825.37200945868,1.33187490462746,9.796417570309288,0.20409203271477683,0.10529504792604916,0.7897815709294687,5950
395,1.0,48,52,48,39,9,0,0,19,0.9997440000000002,969.0693751876798,0.9631092334068088,129852.41637176834,1.3308832319632746,9.737739766457192,0.20286957846785816,0.10597829254708295,0.7856090454341224,5951
396,1.0,48,52,48,39,9,0,0,19,1.003808,970.0731831876799,0.9628882367326975,129878.86087726676,1.3298862735813857,9.67807671307638,0.20162659818909123,0.10670129949754104,0.7812162586163103,5952
397,1.0,48,52,48,39,9,0,0,19,1.0160000000000002,971.0891831876799,0.9626678876678877,129903.61975396414,1.3288853377367293,9.618772057916464,0.20039108453992638,0.10741163545868089,0.7768156118933697,5953
398,1.0,48,52,48,38,10,0,0,19,0.9834880000000003,972.0726711876798,0.9624177029992684,129928.5575487751,1.3278796020498198,9.561688746218943,0.19920184887956127,0.1080770501869387,0.7725820060244388,5954
399,1.0,48,52,48,38,10,0,0,19,0.9916160000000003,973.0642871876798,0.9621682493304115,129952.35943296988,1.3268482593015545,9.504385383640644,0.1980080288258467,0.1087471463454186,0.7682692821268956,5955
400,1.0,48,52,48,39,9,0,0,19,1.020064,974.0843511876799,0.9619499149039631,129976.42334119177,1.32582517225641,9.443272182824035,0.19673483714216744,0.10953908035043919,0.7633529775046443,5956
401,1.0,48,52,48,39,9,0,0,19,1.0200640000000003,975.1044151876799,0.9617322165574168,130000.436902546,1.3248208895646623,9.382707656741482,0.19547307618211426,0.11031523464566205,0.7584428265447212,5957
402,1.0,47,53,48,38,9,1,0,19,1.0274860579521088,976.1319012456321,0.9614848484848485,130019.31382228546,1.3238597373165122,9.323582473577792,0.19837409518250626,0.10848988876590132,0.7697668667730071,5958
403,1.0,47,53,47,38,9,0,0,18,0.9916160000000004,977.1235172456321,0.9612672859866251,130042.92472479431,1.3228595674696646,9.267521817639462,0.19718131526892468,0.10917475925985105,0.7653696434866702,5959
404,1.0,47,53,47,38,9,0,0,18,0.9916160000000004,978.1151332456321,0.9610503414516226,130066.48775369831,1.321867793185072,9.210644361723162,0.1959711566324077,0.10991084099922035,0.7607136356710756,5960
405,1.0,47,53,47,39,8,0,0,18,0.9875520000000003,979.1026852456322,0.9608641863552699,130094.62839747455,1.3208331090678211,9.154349171014905,0.1947733866173384,0.11064133193148255,0.7560392745663648,5961
406,1.0,47,53,47,38,9,0,0,18,0.9997440000000004,980.1024292456322,0.9606484271423406,130117.01246180575,1.3198247304307777,9.098603361445837,0.1935873055626774,0.11133901096593855,0.7514382637990531,5962
407,1.0,47,53,47,38,9,0,0,18,1.0078720000000003,981.1103012456322,0.9604332781706033,130138.27276902055,1.3188350494379215,9.041978491165798,0.192382521088634,0.11205385041799704,0.7466854941960247,5963
408,1.0,47,53,47,38,9,0,0,18,0.9956800000000003,982.1059812456322,0.9602187368547563,130161.1052585864,1.3178444156862044,8.98599460639793,0.19119137460421134,0.11276593305933212,0.7419103124098121,5964
409,1.0,46,54,47,37,9,1,0,18,0.9703287651316057,983.0763100107638,0.9599747967235741,130183.17977634791,1.3168847476479324,8.932752721538659,0.19419027655518822,0.1110664634026704,0.7535097256809005,5965
410,1.0,46,54,46,37,9,0,0,17,0.9916160000000002,984.0679260107638,0.9597602996254682,130202.39417761343,1.3159594617554307,8.877509642342016,0.1929893400509134,0.11182515317602594,0.7486446702051299,5966
411,1.0,45,55,46,35,10,1,0,17,0.9843991712822401,985.052325182046,0.9594865503725203,130214.40254586982,1.3150946678374458,8.824421048795537,0.19609824552878968,0.11000371762999968,0.7606421410234124,5967
412,1.0,45,55,45,36,9,0,0,16,0.9387840000000001,985.9911091820461,0.9592720970537262,130236.46846727394,1.3141969553952864,8.777381906048229,0.19505293124551615,0.11051723237045011,0.7569810897472253,5968
413,1.0,45,55,45,35,10,0,0,16,0.9347200000000001,986.9258291820461,0.9590283787413089,130254.97580354399,1.3133104737141736,8.729625318938938,0.19399167375419862,0.111088451254156,0.7530558122668621,5969
414,1.0,45,55,45,36,9,0,0,16,0.9387840000000002,987.8646131820461,0.958815115031589,130276.96131907459,1.3123966548676451,8.681368743051442,0.19291930540114316,0.11169102615630813,0.7489596188517395,5970
415,1.0,45,55,45,36,9,0,0,16,0.9184640000000002,988.7830771820461,0.958602422546948,130301.58279729448,1.3114770560447415,8.634391808637176,0.19187537352527062,0.11226349944384675,0.7449760421748662,5971
416,1.0,45,55,45,36,9,0,0,16,0.9144000000000002,989.6974771820461,0.9583902989954229,130326.69373600367,1.31055245279233,8.58847644800634,0.1908550321779186,0.11279811395254805,0.7411259731948957,5972
417,1.0,45,55,45,36,9,0,0,16,0.9184640000000003,990.6159411820461,0.958178742097296,130351.22354877395,1.3096151825236941,8.542614397808455,0.18983587550685452,0.11332421812977785,0.7372674218641546,5973
418,1.0,44,56,45,36,8,1,0,16,0.926861156438295,991.5428023384844,0.9579677495850131,130374.60379433043,1.3086768899171097,8.495389857634878,0.19307704221897454,0.11146700645460393,0.7500204393901468,5974
419,1.0,43,57,44,36,7,1,0,15,0.8900241095767348,992.4328264480612,0.9577856719952634,130402.78047148309,1.3077214336976155,8.451240104904015,0.19654046755590732,0.10936369063193914,0.7635747303238026,5975
420,1.0,43,57,43,36,7,0,0,14,0.9062720000000002,993.3390984480611,0.9576323803329095,130428.7732179449,1.306765717423346,8.407726002920464,0.19552851169582475,0.10991124559103772,0.759888087726422,5976
421,1.0,43,57,43,36,7,0,0,14,0.8818880000000002,994.2209864480611,0.9574794779424792,130457.91807652195,1.3058041020425144,8.365736714845285,0.19455201662430896,0.1104317614576108,0.7563190560810171,5977
422,1.0,43,57,43,36,7,0,0,14,0.8859520000000002,995.1069384480611,0.9573269633430652,130486.47837036192,1.3048545097150803,8.323517327849057,0.19357017041509436,0.11094681785325755,0.7527211573856338,5978
423,1.0,43,57,43,36,7,0,0,14,0.8940800000000001,996.0010184480611,0.957174835061263,130513.9227694261,1.3039165253202176,8.280627698673657,0.1925727371784571,0.11149005943816913,0.7489606992953031,5979
424,1.0,42,58,43,36,6,1,0,14,0.8632511500069346,996.8642695980681,0.9570230916311222,130545.35503862561,1.302970007779397,8.241201282590968,0.1962190781569278,0.10922627702142136,0.7634377547835859,5980
425,1.0,41,59,42,35,6,1,0,13,0.8970941626084923,997.7613637606765,0.9568704644945206,130568.29491670721,1.3020825750124114,8.200123181786626,0.2000030044338201,0.10670852693521345,0.7784165694306192,5981
426,1.0,40,60,41,33,7,1,0,12,0.8073921164149723,998.5687558770915,0.9566875990375022,130594.91320200212,1.3011569357475743,8.166808914442072,0.2041702228610518,0.10354964871570596,0.7954028435674414,5982
427,1.0,40,60,40,34,6,0,0,11,0.8331200000000002,999.4018758770915,0.956562518318776,130622.12824588951,1.3002208747350974,8.13198172040982,0.2032995430102455,0.10395671734677286,0.7927219957193796,5983
428,1.0,40,60,40,34,6,0,0,11,0.8412480000000002,1000.2431238770914,0.9564377305462849,130648.23629425699,1.299293976994553,8.097312108369461,0.20243280270923653,0.10433889058109275,0.7900998944392315,5984
429,1.0,40,60,40,34,6,0,0,11,0.8128000000000002,1001.0559238770915,0.9563132346920873,130678.01396484363,1.2983627932048782,8.064087045957663,0.20160217614894163,0.10469354820649106,0.7875997683307696,5985
430,1.0,40,60,40,34,6,0,0,11,0.837184,1001.8931078770914,0.9561890297330452,130704.56216379593,1.2974469503797956,8.029605429901164,0.20074013574752908,0.10509010800332864,0.7848886605512344,5986
431,1.0,40,60,40,34,6,0,0,11,0.8249920000000001,1002.7180998770914,0.9560651146507965,130732.65558492279,1.29653213981805,7.995745983966992,0.1998936495991748,0.10545980442931036,0.7822643793527547,5987
432,1.0,40,60,40,34,6,0,0,11,0.8249920000000002,1003.5430918770913,0.9559414884317268,130760.70281600984,1.2956240567785602,7.961906398724465,0.1990476599681116,0.10584235288458113,0.7795742590439442,5988
433,1.0,40,60,40,34,6,0,0,11,0.8331200000000001,1004.3762118770914,0.9558181500669422,130787.64555215783,1.294724907893874,7.927660165035351,0.19819150412588374,0.10622284929120836,0.776847563159848,5989
434,1.0,40,60,40,33,7,0,0,11,0.8168640000000001,1005.1930758770914,0.9556660270945985,130812.6798279677,1.2938517406847532,7.894075086237934,0.19735187715594832,0.10660470440917577,0.7741197076141679,5990
435,1.0,40,60,40,34,6,0,0,11,0.8575040000000002,1006.0505798770913,0.955543295197166,130836.36412801524,1.2929784836080869,7.858515779721724,0.19646289449304316,0.10704061793489403,0.7710995736149833,5991
436,1.0,40,60,40,34,6,0,0,11,0.8290560000000001,1006.8796358770913,0.9554208480770346,130863.70535761266,1.2920956789609177,7.824409261289857,0.19561023153224638,0.10744072104574448,0.7682346179086529,5992
437,1.0,40,60,40,34,6,0,0,11,0.8209280000000001,1007.7005638770913,0.9552986847441914,130892.05735136193,1.2912140785810153,7.790781704081412,0.1947695426020353,0.10781933748431183,0.7654365150390928,5993
438,1.0,40,60,40,34,6,0,0,11,0.837184,1008.5377478770913,0.9551768042132068,130918.25296368678,1.290348329783429,7.756231864980028,0.1939057966245007,0.1082346709007715,0.7624468505649626,5994
439,1.0,40,60,40,34,6,0,0,11,0.8249920000000002,1009.3627398770913,0.9550552055032083,130945.9867877572,1.2894816568230678,7.722332835471672,0.1930583208867918,0.10862575430642796,0.7595415270992637,5995
440,1.0,40,60,40,34,6,0,0,11,0.8290560000000001,1010.1917958770913,0.9549338876378544,130973.14840606539,1.2886224173584335,7.68829795209972,0.192207448802493,0.1090243274659312,0.7565778785759651,5996
441,1.0,40,60,40,34,6,0,0,11,0.8168640000000001,1011.0086598770913,0.9548128496453082,131001.84524245447,1.2877611376136728,7.654883846582623,0.1913720961645656,0.10940503110408577,0.7536780015772334,5997
442,1.0,40,60,40,34,6,0,0,11,0.8453120000000001,1011.8539718770913,0.9546920905582119,131026.81185710098,1.286903954505467,7.619176793263475,0.19047941983158687,0.10986019212420549,0.7503858395006563,5998
443,1.0,39,61,40,34,5,1,0,11,0.8277775689349112,1012.6817494460263,0.9545716094136601,131054.00593286142,1.2860416717337404,7.584623469502167,0.1944775248590299,0.10736645136901732,0.7664078245304392,5999
444,1.0,39,61,39,34,5,0,0,10,0.8331200000000003,1013.5148694460263,0.9544788343822743,131080.46463355306,1.2851352659219588,7.551002373974561,0.1936154454865272,0.10777870883427265,0.7634318689556417,6000
445,1.0,39,61,39,34,5,0,0,10,0.8290560000000002,1014.3439254460263,0.9543862670800322,131107.4051550342,1.2842391483035889,7.517367209785743,0.1927530053791216,0.10822646002280102,0.7603077435212259,6001
446,1.0,39,61,39,34,5,0,0,10,0.8249920000000003,1015.1689174460263,0.9542939068100359,131134.82664039292,1.2833330168025836,7.484314139912831,0.19190549076699567,0.10863336314787338,0.7573212322747749,6002
447,1.0,39,61,39,34,5,0,0,10,0.8249920000000003,1015.9939094460262,0.9542017528785015,131162.20359299242,1.2824337362980092,7.450818941391326,0.1910466395228545,0.10909144004416313,0.7541115471837297,6003
448,1.0,39,61,39,34,5,0,0,10,0.8006080000000003,1016.7945174460262,0.9541098045947415,131192.68220983594,1.2815264185831194,7.4187422119553155,0.19022415928090552,0.10950118049897183,0.7511089875589145,6004
449,1.0,39,61,39,34,5,0,0,10,0.8046720000000003,1017.5991894460262,0.9540180612711477,131222.58880010888,1.280626427281572,7.386293986098846,0.189392153489714,0.10992405770972795,0.7480162342494955,6005
450,1.0,38,62,39,34,4,1,0,10,0.8196385201929652,1018.4188279662192,0.9539265222231738,131250.51926517775,1.2797353771631097,7.354985693716374,0.19355225509779933,0.10732444481009701,0.7648366988495563,6006
451,1.0,38,62,38,34,4,0,0,9,0.7965440000000001,1019.2153719662192,0.9538623855827084,131281.37946141063,1.2788598108044915,7.325199029958411,0.19276839552522135,0.10767205047335943,0.7622035906838054,6007
452,1.0,38,62,38,34,4,0,0,9,0.816864,1020.0322359662192,0.9537983877859116,131309.57559701646,1.2780043490452837,7.294285730088514,0.19195488763390828,0.10806965850185143,0.7593225059228825,6008
453,1.0,38,62,38,34,4,0,0,9,0.796544,1020.8287799662193,0.9537345283824157,131340.34093791593,1.2771392257634397,7.264314428202088,0.19116616916321286,0.10843266812613235,0.7565813516630618,6009
454,1.0,37,63,38,34,3,1,0,9,0.7894720255884536,1021.6182519918077,0.9536708069237985,131371.96769765252,1.276275247325445,7.2356933884173005,0.19555928076803514,0.10551689353713856,0.7745152783524423,6010
455,1.0,37,63,37,34,3,0,0,8,0.7721600000000001,1022.3904119918077,0.9536342986939239,131405.77065689123,1.2753690982261854,7.208949416625969,0.1948364707196208,0.10578437227172438,0.7723301557025422,6011
456,1.0,37,63,37,34,3,0,0,8,0.7843520000000002,1023.1747639918077,0.9535978670902232,131437.9563812979,1.2744655071141013,7.181712108739529,0.1941003272632305,0.10606289383385364,0.7700663409893436,6012
457,1.0,36,64,37,33,3,1,0,8,0.7600530766190116,1023.9348170684267,0.9535331784439282,131469.30620585,1.2735842212720794,7.155320444641142,0.19875890124003173,0.10269431967336777,0.7892933993207231,6013
458,1.0,36,64,36,33,3,0,0,8,0.7721600000000001,1024.7069770684268,0.9534956127936598,131499.05584277282,1.2727189626572357,7.128197598511781,0.19800548884754943,0.10301022437612282,0.7869994841378963,6014
459,1.0,36,64,36,33,3,0,0,8,0.7559040000000001,1025.462881068427,0.9534581236215575,131530.84571863676,1.2718499741207596,7.101948737159048,0.19727635380997358,0.1033090971336406,0.7847829685862091,6015
460,1.0,36,64,36,33,3,0,0,8,0.776224,1026.2391050684269,0.953420710694311,131559.9837632359,1.270997133282157,7.0745748705856,0.19651596862737775,0.10365265214849738,0.7823470357155975,6016
461,1.0,36,64,36,33,3,0,0,8,0.7518400000000001,1026.9909450684268,0.9533833737795586,131592.20210164128,1.2701356138058733,7.048379561687696,0.19578832115799155,0.10394562908723232,0.7801142401567885,6017
462,1.0,36,64,36,33,3,0,0,8,0.7477760000000001,1027.7387210684267,0.9533461126458815,131624.8937856194,1.2692766168238858,7.022338427950422,0.19506495633195617,0.10425388753806517,0.7778199400600889,6018
463,1.0,36,64,36,33,3,0,0,8,0.7477760000000001,1028.4864970684266,0.9533089270627992,131657.53793167314,1.2684215755845336,6.996327244324694,0.19434242345346373,0.10456332338015127,0.775504415677584,6019
464,1.0,36,64,36,33,3,0,0,8,0.7721600000000001,1029.2586570684266,0.9532718168007652,131687.01479378386,1.2675853504797205,6.9690988606855635,0.19358607946348788,0.10491293365024931,0.772974362755391,6020
465,1.0,36,64,36,33,3,0,0,8,0.7518400000000001,1030.0104970684265,0.9532347816311618,131719.04595743836,1.2667408076345623,6.942874229760404,0.19285761749334454,0.1052225697202403,0.7706082204384411,6021
466,1.0,36,64,36,33,3,0,0,8,0.7559040000000001,1030.7664010684266,0.9531978213262957,131750.51093946624,1.2659018567265072,6.916487776383015,0.19212466045508372,0.1055295784195137,0.7682233490696918,6022
467,1.0,35,65,36,32,3,1,0,8,0.7507203025980358,1031.5171213710246,0.9531328883154765,131778.71426828878,1.265096298085854,6.890383926060841,0.19686811217316688,0.10220048413958913,0.7877130901158965,6023
468,1.0,35,65,35,32,3,0,0,7,0.7355840000000002,1032.2527053710246,0.9530947911121074,131808.8093080809,1.2642528802531956,6.865226865087128,0.19614933900248938,0.10250563219832892,0.7854842281910209,6024
469,1.0,35,65,35,32,3,0,0,7,0.7518400000000002,1033.0045453710245,0.9530567685589519,131836.78678885708,1.263411405932073,6.839379073440806,0.1954108306697373,0.1028196088020184,0.7831733994954965,6025
470,1.0,35,65,35,32,3,0,0,7,0.7477760000000001,1033.7523213710244,0.9530188204368131,131865.24197518564,1.2625737776857344,6.8136496305419945,0.19467570372977128,0.10313556419989016,0.7808423043805535,6026
471,1.0,35,65,35,32,3,0,0,7,0.7355840000000001,1034.4879053710245,0.952980946527351,131895.21046267202,1.2617340276659115,6.78845841670836,0.193955954763096,0.10346533764082448,0.77847283658517,6027
472,1.0,35,65,35,32,3,0,0,7,0.73152,1035.2194253710245,0.9529431466130788,131925.65426508719,1.260898113280134,6.763392225683514,0.19323977787667188,0.10377669987043905,0.7761519139870551,6028
473,1.0,35,65,35,32,3,0,0,7,0.743712,1035.9631373710245,0.9529054204773589,131954.5021137578,1.2600678075108849,6.737738439777,0.19250681256505714,0.10411134681037258,0.77370323903751,6029
474,1.0,35,65,35,32,3,0,0,7,0.747776,1036.7109133710244,0.9528677679043984,131982.79118629397,1.2592500146064576,6.712511232984057,0.19178603522811588,0.10438237243546127,0.7714715477600415,6031
475,1.0,35,65,35,32,3,0,0,7,0.7559040000000001,1037.4668173710245,0.9528301886792453,132010.00524243375,1.25843802335362,6.686876700027604,0.1910536200007887,0.10467519923650544,0.7691261979254945,6032
476,1.0,34,66,35,30,4,1,0,7,0.7234167783305565,1038.190234149355,0.9527370791514915,132033.60568336854,1.257661617643577,6.661836445251871,0.19593636603681974,0.1012263561188159,0.7893250134501213,6033
477,1.0,33,67,34,31,2,1,0,7,0.7052832611284653,1038.8955174104835,0.9526983862455907,132063.3285067782,1.2568722242872084,6.63818102428768,0.20115700073599033,0.09710752010972697,0.8110019504556887,6034
478,1.0,33,67,33,31,2,0,0,6,0.703072,1039.5985894104836,0.9526862026862026,132093.29196749986,1.2560606925748055,6.615696223210776,0.20047564312759927,0.09739216532812522,0.8090569321914665,6035
479,1.0,33,67,33,31,2,0,0,6,0.694944,1040.2935334104836,0.9526740414206105,132124.24722990676,1.2552503885853818,6.593461385076495,0.19980186015383317,0.0976794418360633,0.8070991382454235,6036
480,1.0,32,68,33,31,1,1,0,6,0.698633854221856,1040.9921672647056,0.9526619023876793,132154.6927307647,1.2544381575924355,6.572128604091631,0.20537901887786345,0.09275635379350723,0.8305825988942005,6037
481,1.0,32,68,32,31,1,0,0,5,0.6786880000000001,1041.6708552647056,0.9526761498865335,132187.62846639229,1.2536409270801476,6.552257167329151,0.20475803647903598,0.09294648614507765,0.8291492950616998,6038
482,1.0,32,68,32,31,1,0,0,5,0.715264,1042.3861192647055,0.952690372172759,132215.88186268022,1.2528527979550228,6.530736547503964,0.20408551710949885,0.09321644373438172,0.8273883546766474,6039
483,1.0,31,69,32,30,1,1,0,5,0.6716694714938956,1043.0577887361994,0.9526769434775402,132245.78876605898,1.2520679532930017,6.511111190115725,0.21003584484244267,0.08732878923420458,0.8526069776236589,6040
484,1.0,31,69,31,30,1,0,0,4,0.65024,1043.7080287361994,0.9526898341107952,132278.37306873407,1.251271755722323,6.492570496140597,0.20943775794001926,0.08747963739018269,0.8514527719927878,6041
485,1.0,31,69,31,30,1,0,0,4,0.6583680000000001,1044.3663967361995,0.9527027027027027,132309.88705863486,1.2504809409226798,6.473716787764742,0.20882957379886263,0.08763204221186763,0.850272962815203,6042
486,1.0,30,70,31,29,1,1,0,4,0.6403064356394333,1045.0067031718388,0.9526879942685514,132339.8209602287,1.2497098527290953,6.4558543843253835,0.2151951461441795,0.08036295745901227,0.87760937979611,6043
487,1.0,29,71,30,28,1,1,0,3,0.6203915694257364,1045.6270947412645,0.9526720079292971,132368.41384092902,1.2489518725350977,6.439126605733885,0.2220388484735822,0.0710403843961212,0.9071403276346728,6044
488,1.0,29,71,29,28,1,0,0,2,0.613664,1046.2407587412645,0.9526822558459422,132397.8241553635,1.248206217618738,6.4227467828900515,0.22147402699620866,0.07112531795366758,0.9065079945973867,6045
489,1.0,29,71,29,28,1,0,0,2,0.6096,1046.8503587412645,0.9526924874240633,132427.7140877054,1.2474610639640251,6.406496477259062,0.22091367162962286,0.07120738720462957,0.9058812433843989,6046
490,1.0,29,71,29,28,1,0,0,2,0.617728,1047.4680867412644,0.9527027027027027,132456.54140322388,1.2467225029562796,6.389987511533023,0.22034439694941454,0.07129388513823728,0.9052322520847708,6047
491,1.0,28,72,29,27,1,1,0,2,0.5911568641267825,1048.0592436053912,0.9526854570903203,132484.8770212075,1.245999655199196,6.374243940977325,0.22765156932061878,0.059025489706937655,0.9370085705049359,6048
492,1.0,28,72,28,27,1,0,0,2,0.597408,1048.6566516053913,0.9526943644590703,132512.39076895738,1.2452688420661726,6.3582053303282065,0.22707876179743594,0.059146496244303216,0.9364672568022036,6049
493,1.0,28,72,28,26,2,0,0,2,0.601472,1049.2581236053913,0.9526758556435481,132535.54761354384,1.2445647629153436,6.341991286633226,0.22649968880832952,0.05927099349123838,0.9359109653482031,6050
494,1.0,28,72,28,27,1,0,0,2,0.597408,1049.8555316053914,0.9526847567153145,132563.00110852823,1.2438389798513176,6.325966286043543,0.22592736735869795,0.05939218353103217,0.9353602301252989,6051
495,1.0,28,72,28,27,1,0,0,2,0.597408,1050.4529396053915,0.9526936441489507,132590.4233771018,1.2431157229298118,6.309927675394424,0.22535455983551517,0.05951411477768988,0.9348030362837452,6052
496,1.0,28,72,28,27,1,0,0,2,0.601472,1051.0544116053916,0.9527025179757771,132617.30169335124,1.2423963857697953,6.293684055918534,0.22477443056851906,0.05963778894718316,0.934233505433776,6053
497,1.0,28,72,28,27,1,0,0,2,0.601472,1051.6558836053916,0.9527113782270181,132644.14926464908,1.241679677392763,6.277445608029419,0.22419448600105069,0.05976347080873402,0.9336550003056299,6054
498,1.0,28,72,28,27,1,0,0,2,0.597408,1052.2532916053917,0.9527202249338028,132671.47854392577,1.2409639614866996,6.261420607439736,0.22362216455141914,0.05988580359645934,0.933082729148851,6055
499,1.0,28,72,28,27,1,0,0,2,0.5852160000000001,1052.8385076053917,0.9527290581271651,132700.31347710226,1.2402455124341643,6.245842935719766,0.22306581913284879,0.05999915746628911,0.9325334260585606,6056
500,1.0,28,72,28,27,1,0,0,2,0.593344,1053.4318516053916,0.9527378778380441,132728.09226996455,1.239532940087245,6.229963418064401,0.22249869350230003,0.06011894714848357,0.9319598875815083,6057
501,1.0,28,72,28,27,1,0,0,2,0.58928,1054.0211316053915,0.9527466840972847,132756.35165575295,1.2388207706607297,6.214197077569769,0.22193560991320602,0.06023395248081831,0.9313939884039988,6058
502,1.0,28,72,28,27,1,0,0,2,0.601472,1054.6226036053915,0.9527554769356374,132783.0444002102,1.2381171291298159,6.198012983986333,0.22135760657094042,0.06036033942633682,0.930790399693067,6059
503,1.0,28,72,28,27,1,0,0,2,0.5852160000000001,1055.2078196053915,0.9527642563837598,132811.75271465356,1.2374072644189082,6.18241090807223,0.22080038957400824,0.06047371991641758,0.9302217329519005,6060
504,1.0,28,72,28,27,1,0,0,2,0.58928,1055.7970996053914,0.9527730224722154,132839.91787098086,1.2367018542233708,6.166674143358508,0.22023836226280386,0.06059078635303084,0.9296375583876234,6061
505,1.0,28,72,28,27,1,0,0,2,0.5852160000000001,1056.3823156053913,0.9527817752314752,132868.56276040792,1.2359962556022566,6.1511128116906475,0.21968260041752316,0.060704179261463966,0.9290602367364695,6062
506,1.0,28,72,28,27,1,0,0,2,0.5933440000000001,1056.9756596053912,0.9527905146919174,132896.15396861834,1.2352822523431743,6.135246904094717,0.2191159608605256,0.060824174957906624,0.9284571416804219,6063
507,1.0,28,72,28,27,1,0,0,2,0.597408,1057.5730676053913,0.9527992408838282,132923.2034230023,1.2345726996938102,6.119215406540245,0.21854340737643732,0.06094252235710073,0.9278489414351396,6064
508,1.0,28,72,28,27,1,0,0,2,0.58928,1058.1623476053912,0.9528079538374015,132951.24355763197,1.233860654416662,6.103494981878631,0.21798196363852257,0.061059723916500816,0.9272449678951495,6065
509,1.0,28,72,28,27,1,0,0,2,0.597408,1058.7597556053913,0.95281665358274,132978.23160977263,1.2331560519046985,6.087493060105069,0.21741046643232392,0.061180130092061975,0.926622527080677,6066
510,1.0,28,72,28,27,1,0,0,2,0.5892800000000001,1059.3490356053912,0.9528253401498553,133006.20972338849,1.2324348775413385,6.07178624550289,0.21684950876796036,0.06129694460715942,0.9260094606654333,6067
511,1.0,28,72,28,27,1,0,0,2,0.597408,1059.9464436053913,0.9528340135686677,133033.1365803384,1.231721379095337,6.055759919535194,0.2162771399833998,0.061417309992071366,0.9253759915167153,6068
512,1.0,28,72,28,26,2,0,0,2,0.5852160000000001,1060.5316596053913,0.9528156650911547,133057.79108235746,1.231035890188096,6.040152672034315,0.21571973828693983,0.06152948030972804,0.9247652909869393,6069
513,1.0,28,72,28,27,1,0,0,2,0.601472,1061.1331316053913,0.9528243327126009,133084.14919280473,1.230318662073496,6.023954968391443,0.215141248871123,0.06165837550239125,0.9240977421333094,6070
514,1.0,28,72,28,27,1,0,0,2,0.5852160000000001,1061.7183476053913,0.9528329872441412,133112.51549787418,1.2296031052574672,6.008407246783019,0.21458597309939353,0.06177170364321827,0.9234752761087411,6071
515,1.0,28,72,28,27,1,0,0,2,0.58928,1062.3076276053912,0.952841628715406,133140.34120118202,1.2288925490373033,5.992723510996961,0.2140258396784629,0.061885065648487385,0.9228443473560615,6072
516,1.0,28,72,28,27,1,0,0,2,0.597408,1062.9050356053913,0.9528502571559361,133167.11771845337,1.2281826177551907,5.9766441561016,0.21345157700362857,0.06201056793099875,0.922170555034505,6073
517,1.0,28,72,28,27,1,0,0,2,0.58928,1063.4943156053912,0.9528588725951836,133194.88211779017,1.227473998541136,5.960937341499423,0.21289061933926506,0.06212797525241204,0.9215188142538462,6074
518,1.0,28,72,28,27,1,0,0,2,0.5852160000000001,1064.0795316053911,0.9528674750625118,133223.12457803296,1.2267669177422804,5.945376009831563,0.21233485749398437,0.062241933691697095,0.9208732344904503,6075
519,1.0,28,72,28,27,1,0,0,2,0.593344,1064.672875605391,0.9528760645871954,133250.31871346536,1.2260635489691944,5.929450576343178,0.21176609201225638,0.06236222243008726,0.9201983664291778,6076
520,1.0,28,72,28,27,1,0,0,2,0.5852160000000001,1065.258091605391,0.9528846411984214,133278.499472401,1.2253606777974753,5.913872904623208,0.211209746593686,0.06247645660019929,0.9195407722338771,6077
521,1.0,28,72,28,27,1,0,0,2,0.58928,1065.847371605391,0.9528932049252891,133306.14099652143,1.22466093455127,5.89816609002103,0.21064878892932254,0.06259407373159433,0.9188663784600938,6078
522,1.0,28,72,28,27,1,0,0,2,0.5852160000000001,1066.4325876053908,0.95290175579681,133334.26008603454,1.2239622542659163,5.882604758353171,0.21009302708404182,0.06270817763795833,0.9181984318141287,6079
523,1.0,28,72,28,27,1,0,0,2,0.593344,1067.0259316053907,0.9529102938419093,133361.3324522516,1.2232681758853114,5.866684496451562,0.20952444630184155,0.06283039698642152,0.9174961082336944,6080
524,1.0,28,72,28,27,1,0,0,2,0.601472,1067.6274036053908,0.9529188190894248,133387.35922203425,1.2225791455430586,5.8504408769756715,0.20894431703484545,0.0629594370776763,0.9167627885096413,6081
525,1.0,28,72,28,27,1,0,0,2,0.597408,1068.2248116053909,0.9529273315681083,133413.86424625225,1.2218911595070627,5.834385926274445,0.20837092593837306,0.06308642466473251,0.9160329877019802,6082
526,1.0,28,72,28,27,1,0,0,2,0.593344,1068.8181556053908,0.9529358313066253,133440.8470252979,1.221203987450337,5.818520018678513,0.20780428638137552,0.06320865538370413,0.9153135385264369,6083
527,1.0,28,72,28,27,1,0,0,2,0.5852160000000001,1069.4033716053907,0.9529443183335559,133468.81428448315,1.2205156913650304,5.802958687010653,0.2072485245360948,0.0633229841338834,0.9146156134817819,6084
528,1.0,28,72,28,27,1,0,0,2,0.5852160000000001,1069.9885876053906,0.9529527926773944,133496.7509510289,1.2198294603599427,5.787356611096551,0.20669130753916254,0.06343739099545227,0.9139105574392792,6085
529,1.0,28,72,28,27,1,0,0,2,0.593344,1070.5819316053905,0.9529612543665502,133523.64333820058,1.2191491562219996,5.77149070350062,0.20612466798216497,0.06355989232914135,0.9131721540129079,6086
530,1.0,28,72,28,27,1,0,0,2,0.5852160000000001,1071.1671476053905,0.952969703429348,133551.51931218553,1.2184670384299745,5.755883455999741,0.20556726628570507,0.06367270024808139,0.9124589134292044,6087
531,1.0,28,72,28,27,1,0,0,2,0.5933440000000001,1071.7604916053904,0.9529781398940278,133578.35180652593,1.217791286548651,5.739987598292267,0.20499955708186665,0.06379601071083807,0.9117051066163289,6088
532,1.0,28,72,28,27,1,0,0,2,0.5852160000000001,1072.3457076053903,0.9529865637887455,133606.16728716582,1.2171132630328867,5.724426266624407,0.20444379523658593,0.06391045960658155,0.9109767760661098,6089
533,1.0,28,72,28,27,1,0,0,2,0.5852160000000001,1072.9309236053903,0.9529949751415734,133633.95242463276,1.216437281343674,5.708878545015981,0.20388851946485648,0.06402448135656527,0.9102438253059576,6090
534,1.0,27,73,28,27,0,1,0,2,0.5764395393174078,1073.5073631447076,0.9530033739805,133662.80001999202,1.2157421706403777,5.693730605006827,0.21087891129654912,0.05168010138484603,0.9433434345805101,6091
535,1.0,27,73,27,27,0,0,0,1,0.56896,1074.0763231447077,0.9530370606350218,133692.54763905046,1.2150544257963956,5.6790036751582695,0.21033346945030626,0.05178321342079201,0.9428515392323729,6092
536,1.0,27,73,27,27,0,0,0,1,0.581152,1074.6574751447076,0.9530706990317018,133720.74667851688,1.2143737101295424,5.663815806380562,0.20977095579187266,0.05190569742086112,0.9423059181722729,6093
537,1.0,27,73,27,27,0,0,0,1,0.573024,1075.2304991447077,0.9531042892741636,133749.9262850108,1.2136910779236536,5.648905379344117,0.20921871775348586,0.05201527709860802,0.941787824219244,6094
538,1.0,27,73,27,27,0,0,0,1,0.56896,1075.7994591447077,0.9531378314657342,133779.58017790847,1.2130081148149296,5.634208399607103,0.20867438517063344,0.05211734521762314,0.9412852089426571,6095
539,1.0,27,73,27,27,0,0,0,1,0.577088,1076.3765471447077,0.9531713257094452,133808.19229298658,1.2123310292301586,5.619179623823148,0.20811776384530176,0.05223366478395905,0.9407411993388503,6096
540,1.0,27,73,27,27,0,0,0,1,0.56896,1076.9455071447078,0.9532047721080338,133837.7838467853,1.2116512364987047,5.60442311819368,0.20757122659976598,0.052334818243744446,0.94023026069487,6097
541,1.0,27,73,27,27,0,0,0,1,0.56896,1077.5144671447079,0.953238170763944,133867.34415012578,1.2109730252196662,5.589726138456666,0.20702689401691357,0.052437024796186275,0.9397137678463742,6098
542,1.0,27,73,27,26,1,0,0,1,0.5730240000000001,1078.0874911447079,0.9532451065853079,133892.65823567993,1.2103136856092878,5.574840115614354,0.20647555983756866,0.0525469756742127,0.9391720335289141,6099
543,1.0,27,73,27,27,0,0,0,1,0.5730240000000001,1078.660515144708,0.953278428888185,133921.65372867152,1.2096259913345944,5.55992968857791,0.20592332179918188,0.05265688599737533,0.9386250150779076,6100
544,1.0,27,73,27,27,0,0,0,1,0.56896,1079.229475144708,0.9533117037271505,133951.12284217053,1.2089373005037682,5.545219098781461,0.2053784851400541,0.05275993651750429,0.938092361768446,6101
545,1.0,27,73,27,27,0,0,0,1,0.5811520000000001,1079.810627144708,0.9533449312035426,133979.04814342243,1.2082586270725157,5.530044840063189,0.2048164755578959,0.052882776800419584,0.9375013512659902,6102
546,1.0,27,73,27,27,0,0,0,1,0.577088,1080.387715144708,0.9533781114184117,134007.447484358,1.2075789451142953,5.514999724227125,0.2042592490454491,0.05299999323939575,0.9369201372168927,6103
547,1.0,27,73,27,27,0,0,0,1,0.5852160000000001,1080.972931144708,0.9534112444725206,134034.80866682692,1.2069071204493382,5.499606846622645,0.20368914246750536,0.05312914789831893,0.9362992401841174,6104
548,1.0,27,73,27,27,0,0,0,1,0.573024,1081.545955144708,0.9534443304663458,134063.65148913153,1.2062248610276447,5.4846964195862,0.20313690442911853,0.05323959418729524,0.9357252824641029,6105
549,1.0,27,73,27,27,0,0,0,1,0.577088,1082.123043144708,0.9534773695000789,134091.96016963094,1.2055445134480962,5.469681253861681,0.20258078718006226,0.053356208996849064,0.9351297886308197,6106
550,1.0,27,73,27,27,0,0,0,1,0.573024,1082.696067144708,0.953510361673627,134120.74210535732,1.2048656256588242,5.454811571071479,0.20203005818783257,0.053466507508599714,0.9345465428479516,6107
551,1.0,27,73,27,27,0,0,0,1,0.56896,1083.265027144708,0.9535433070866142,134149.99686922177,1.2041879706783778,5.440084641222922,0.20148461634158965,0.05357014694813834,0.9339765999889211,6108
552,1.0,27,73,27,27,0,0,0,1,0.585216,1083.850243144708,0.9535762058383822,134177.20844722225,1.2035137813694607,5.424740209410794,0.20091630405225164,0.053693645056438484,0.9333414349394205,6109
553,1.0,27,73,27,27,0,0,0,1,0.5730240000000001,1084.423267144708,0.9536090580279918,134205.89949457376,1.2028399224852007,5.409884136680028,0.20036607913629736,0.05380346734510802,0.9327434858897132,6110
554,1.0,27,73,27,27,0,0,0,1,0.577088,1085.000355144708,0.9536418637542233,134234.0574446865,1.2021685139696983,5.394855360896074,0.19980945781096568,0.05392129981793401,0.93211728785301,6111
555,1.0,27,73,27,27,0,0,0,1,0.56896,1085.569315144708,0.9536746231155779,134263.19072087167,1.2014970966745115,5.380104026853382,0.19926311210568085,0.05402491752253144,0.9315254580586299,6112
556,1.0,27,73,27,27,0,0,0,1,0.56896,1086.1382751447081,0.9537073362102786,134292.29347484952,1.200827230908485,5.365407047116367,0.1987187795228284,0.05412768179518691,0.9309316874616234,6113
557,1.0,27,73,27,27,0,0,0,1,0.56896,1086.7072351447082,0.9537400031362709,134321.36575456092,1.2001589132284085,5.350680117267809,0.19817333767658554,0.054231430884154865,0.9303295680791979,6114
558,1.0,27,73,27,27,0,0,0,1,0.5730240000000001,1087.2802591447082,0.9537726239912246,134349.90543736017,1.1994933643318568,5.335764518644587,0.19762090809794766,0.054340401601190906,0.9297049040522468,6115
559,1.0,27,73,27,27,0,0,0,1,0.581152,1087.8614111447082,0.9538051988725337,134377.4110400488,1.1988321349117341,5.32057664986688,0.1970583944395141,0.054465915444722755,0.9290277730955796,6116
560,1.0,27,73,27,27,0,0,0,1,0.581152,1088.4425631447082,0.9538377278773179,134404.88727061157,1.1981727707581082,5.305402391148607,0.19649638485735588,0.054591034249175496,0.9283455487097073,6117
561,1.0,27,73,27,27,0,0,0,1,0.5730240000000001,1089.0155871447082,0.9538702111024238,134433.33752811234,1.1975121586724446,5.290491964112163,0.195944146818969,0.054702303921621044,0.9276975434768304,6118
562,1.0,27,73,27,27,0,0,0,1,0.5730240000000001,1089.5886111447082,0.9539026486444253,134461.75786114405,1.1968531862796479,5.275605941269853,0.19539281263962416,0.05481373409235331,0.927043853453098,6119
563,1.0,27,73,27,27,0,0,0,1,0.56896,1090.1575711447083,0.9539350405996252,134490.64968291458,1.196194075962072,5.260895351473402,0.1948479759804964,0.05491735152327409,0.9264081472046269,6120
564,1.0,27,73,27,27,0,0,0,1,0.56896,1090.7265311447084,0.9539673870640556,134519.5113627743,1.1955364899216983,5.246138845843934,0.19430143873496053,0.055019182909826166,0.9257700185812681,6121
565,1.0,27,73,27,27,0,0,0,1,0.577088,1091.3036191447084,0.9539996881334789,134547.34083542874,1.19488407827367,5.231172125911768,0.19374711577450993,0.05513014275271372,0.9250976697704778,6122
566,1.0,27,73,27,27,0,0,0,1,0.5730240000000001,1091.8766431447084,0.9540319439033892,134575.64178385466,1.1942316299911,5.216286103069457,0.19319578159516507,0.05524179753953369,0.9244195543329139,6123
567,1.0,27,73,27,27,0,0,0,1,0.58928,1092.4659231447083,0.9540641544690127,134601.91012339888,1.1935896473035255,5.200780048304244,0.19262148327052755,0.05538367714562853,0.9236414711385996,6124
568,1.0,27,73,27,27,0,0,0,1,0.5730240000000001,1093.0389471447083,0.9540963199253093,134630.1523696007,1.192940432320103,5.185923975573477,0.19207125835457328,0.05549445040008385,0.9229532949602605,6125
569,1.0,27,73,27,27,0,0,0,1,0.5730240000000001,1093.6119711447084,0.9541284403669725,134658.36501940942,1.1922779296800152,5.171013548537032,0.1915190203161864,0.05560610435612907,0.9222550547567738,6126
570,1.0,27,73,27,27,0,0,0,1,0.5730240000000001,1094.1849951447084,0.9541605158884313,134686.54811932394,1.191617059892068,5.1560979499138115,0.19096659073754857,0.055715841678576336,0.9215552340401255,6127
571,1.0,27,73,27,27,0,0,0,1,0.5730240000000001,1094.7580191447084,0.9541925465838509,134714.70171574567,1.190957819366764,5.141228267123609,0.1904158617453189,0.05582751211930677,0.9208452542591399,6128
572,1.0,27,73,27,27,0,0,0,1,0.5811520000000001,1095.3391711447084,0.9542245325471332,134741.82599145058,1.190305711751759,5.126054008405338,0.18985385216316064,0.05595412691234833,0.9200807559216287,6129
573,1.0,27,73,27,27,0,0,0,1,0.577088,1095.9162591447084,0.9542564738719181,134769.42126514955,1.1896525766698576,5.111008892569273,0.18929662565071384,0.056074057325822574,0.9193304109892411,6130
574,1.0,27,73,27,27,0,0,0,1,0.56896,1096.4852191447085,0.9542883706515844,134797.9867118424,1.1889952268526696,5.096257558526581,0.18875027994542892,0.0561782242614623,0.9186236118188031,6131
575,1.0,27,73,27,27,0,0,0,1,0.56896,1097.0541791447085,0.9543202229792506,134826.52252901127,1.1883393864983771,5.081501052897114,0.1882037426998931,0.05628040076153563,0.9179156045383752,6132
576,1.0,27,73,27,27,0,0,0,1,0.573024,1097.6272031447086,0.9543520309477757,134854.52945765358,1.1876852719467381,5.0666449801663465,0.18765351778393877,0.05639159814438373,0.9171739244517083,6133
577,1.0,27,73,27,27,0,0,0,1,0.577088,1098.2042911447086,0.9543837946497603,134882.00801473777,1.187033098910083,5.051616204382392,0.1870968964586071,0.056511450097217274,0.9163967295823918,6134
578,1.0,27,73,27,27,0,0,0,1,0.56896,1098.7732511447086,0.9544155141775477,134910.45567915568,1.1863817665153233,5.036889274533834,0.1865514546123642,0.056615784658496766,0.91566383587442,6135
579,1.0,27,73,27,27,0,0,0,1,0.5730240000000001,1099.3462751447087,0.9544471896232242,134938.37506337414,1.1857324783407064,5.022033201803066,0.18600122969640984,0.05672717990895031,0.9149009278384211,6136
580,1.0,27,73,27,27,0,0,0,1,0.5730240000000001,1099.9192991447087,0.9544788210786205,134966.265357318,1.1850847919124685,5.007117603179846,0.18544880011777204,0.05683750532316796,0.9141320858908645,6137
581,1.0,27,73,27,27,0,0,0,1,0.577088,1100.4963871447087,0.9545104086353122,134993.62808945347,1.184439469701039,4.99208882739589,0.1848921787924404,0.05695768095780943,0.9133251801064199,6138
582,1.0,27,73,27,27,0,0,0,1,0.577088,1101.0734751447087,0.9545419523846214,135020.9621392081,1.183795850490267,4.977019307365693,0.1843340484209516,0.05707812794794743,0.9125086149224412,6139
583,1.0,27,73,27,27,0,0,0,1,0.5730240000000001,1101.6464991447087,0.9545734524176163,135048.765747911,1.1831529471856999,4.962133284523383,0.18378271424160675,0.057190732591952544,0.9117123726752372,6140
584,1.0,27,73,27,27,0,0,0,1,0.5852160000000001,1102.2317151447087,0.9546049088251135,135075.04633946545,1.182514907285591,4.946799932811357,0.1832148123263465,0.05732690508767324,0.9108273092195466,6141
585,1.0,27,73,27,27,0,0,0,1,0.577088,1102.8088031447087,0.954636321697678,135102.29477235096,1.1818763739939357,4.931771157027402,0.18265819100101488,0.05744760208882943,0.9099878565479946,6142
586,1.0,27,73,27,27,0,0,0,1,0.577088,1103.3858911447087,0.9546676911256243,135129.5147025272,1.18123952893441,4.916696465410428,0.1820998690892751,0.057566627935708235,0.9091437378589281,6143
587,1.0,27,73,27,27,0,0,0,1,0.581152,1103.9670431447087,0.9546990171990172,135156.2086264578,1.180605784770396,4.901467852386478,0.1815358463846844,0.05769608398141169,0.908256289743897,6144
588,1.0,27,73,27,27,0,0,0,1,0.577088,1104.5441311447087,0.9547303000076728,135183.3718452285,1.1799723041591623,4.886452686661958,0.1809797291356281,0.057816423592414345,0.9073941244458908,6145
589,1.0,27,73,27,27,0,0,0,1,0.581152,1105.1252831447086,0.9547615396411593,135210.00947042304,1.1793421326804407,4.871248477832141,0.18041661029007935,0.05794629530912215,0.9064893610997697,6146
590,1.0,27,73,27,27,0,0,0,1,0.5730240000000001,1105.6983071447087,0.9547927361887978,135237.6132203212,1.1787102623882426,4.856378795041939,0.1798658812978496,0.05805912120168834,0.9056378355508875,6147
591,1.0,27,73,27,27,0,0,0,1,0.577088,1106.2753951447087,0.9548238897396631,135264.69146538872,1.1780818027616073,4.841363629317419,0.1793097640487933,0.058179835925253845,0.9047498584035464,6148
592,1.0,27,73,27,27,0,0,0,1,0.577088,1106.8524831447087,0.9548550003825848,135291.74147447984,1.1774550095310985,4.826288937700445,0.17875144213705355,0.0582995299017928,0.9038543880759191,6149
593,1.0,27,73,27,27,0,0,0,1,0.577088,1107.4295711447087,0.9548860682061477,135318.7632917364,1.1768298790910985,4.811243821864381,0.17819421562460672,0.058421465579541365,0.902944783228516,6150
594,1.0,27,73,27,27,0,0,0,1,0.577088,1108.0066591447087,0.9549170932986933,135345.75696120822,1.1762064078510601,4.796174301834184,0.17763608525311791,0.058543341926169,0.9020258270571478,6151
595,1.0,27,73,27,27,0,0,0,1,0.56896,1108.5756191447088,0.9549480757483201,135373.71507032056,1.1755800427313088,4.781463712037734,0.17709124859399014,0.05864782119874649,0.9011643612984537,6152
596,1.0,27,73,27,27,0,0,0,1,0.5730240000000001,1109.1486431447088,0.9549790156428843,135401.14837466943,1.1749428882046957,4.766607639306968,0.1765410236780358,0.05876025884187227,0.9002652287468091,6153
597,1.0,27,73,27,27,0,0,0,1,0.5730240000000001,1109.7216671447088,0.9550099130700015,135428.5533476948,1.1743072984176863,4.751692040683746,0.17598859409939802,0.05887172554106582,0.8993584522196728,6154
598,1.0,27,73,27,27,0,0,0,1,0.577088,1110.2987551447088,0.9550407681170464,135455.43422715843,1.173675864108154,4.736646924847683,0.1754313675869512,0.05899404713720186,0.8984046407363139,6155
599,1.0,27,73,27,27,0,0,0,1,0.5811520000000001,1110.8799071447088,0.9550715808711544,135481.79153482034,1.173048792352406,4.721459056069976,0.1748688539285176,0.059124844876320616,0.8974097931036479,6156
600,1.0,27,73,27,27,0,0,0,1,0.56896,1111.4488671447089,0.9551023514192223,135509.6077311405,1.172415064603184,4.706762076332961,0.17432452134566528,0.05922872948445384,0.8965090126201585,6157
601,1.0,27,73,27,27,0,0,0,1,0.5730240000000001,1112.021891144709,0.9551330798479087,135536.90012779308,1.171785696443175,4.691851649296516,0.17377228330727842,0.05934230009680771,0.8955609561746782,6158
602,1.0,27,73,27,27,0,0,0,1,0.56896,1112.590851144709,0.9551637662436355,135564.6595914553,1.1711548584726437,4.677141059500067,0.17322744664815062,0.059447029133127445,0.8946401186757327,6159
603,1.0,27,73,27,27,0,0,0,1,0.56896,1113.159811144709,0.9551944106925881,135592.39067819578,1.1705254617819478,4.662444079763054,0.17268311406529827,0.05955100431253512,0.8937137955458373,6160
604,1.0,27,73,27,27,0,0,0,1,0.593344,1113.753155144709,0.9552250132807164,135617.12422747302,1.169899440517572,4.646733016171068,0.17210122282115067,0.05970703324135598,0.8925700480696026,6161
605,1.0,27,73,27,27,0,0,0,1,0.5730240000000001,1114.326179144709,0.9552555740937357,135644.30489824386,1.1692733459256168,4.631846993328757,0.17154988864180584,0.05982094306960856,0.8915852205887032,6162
606,1.0,27,73,27,27,0,0,0,1,0.56896,1114.895139144709,0.9552860932171277,135671.9521766316,1.1686482528708817,4.617095659286065,0.17100354293652092,0.05992591253486863,0.8906259171650512,6163
607,1.0,27,73,27,27,0,0,0,1,0.577088,1115.472227144709,0.9553165707361405,135698.58246265704,1.16802587751082,4.602080493561545,0.17044742568746465,0.060047903032221586,0.8895908410307914,6164
608,1.0,27,73,27,27,0,0,0,1,0.5852160000000001,1116.057443144709,0.9553470067357905,135724.19675208375,1.1674066433022683,4.586733531790085,0.16987901969592906,0.060188698950073664,0.8884696612324071,6165
609,1.0,27,73,27,27,0,0,0,1,0.5730240000000001,1116.630467144709,0.9553774013008622,135751.26638592387,1.1667866828601112,4.571847508947774,0.1693276855165842,0.060302900023076464,0.887445665443526,6166
610,1.0,27,73,27,27,0,0,0,1,0.5852160000000001,1117.215683144709,0.9554077545159096,135776.82652379296,1.1661711416335943,4.5564546313432945,0.16875757893864055,0.06044229083466308,0.8863056743991564,6167
611,1.0,27,73,27,27,0,0,0,1,0.581152,1117.796835144709,0.9554380664652568,135802.85363784208,1.165556369186373,4.541280372625021,0.16819556935648222,0.0605739300615716,0.8851901911836834,6168
612,1.0,27,73,27,27,0,0,0,1,0.56896,1118.365795144709,0.9554683372329987,135830.33445720156,1.164939795588698,4.526569782828572,0.16765073269735453,0.06067884582465231,0.8841750864169003,6169
613,1.0,27,73,27,27,0,0,0,1,0.5730240000000001,1118.938819144709,0.955498566903002,135857.29389225904,1.164325915996926,4.511659355792127,0.16709849465896767,0.06079314472564008,0.8831096226596113,6170
614,1.0,27,73,27,27,0,0,0,1,0.577088,1119.515907144709,0.9555287555589056,135883.7324500262,1.163714938392373,4.496614239956064,0.1665412681465209,0.06091686910515115,0.8819956883783472,6171
615,1.0,27,73,27,27,0,0,0,1,0.5730240000000001,1120.088931144709,0.9555589032841217,135910.63688525328,1.1631040802052766,4.481758167225298,0.16599104323056657,0.06103037683548036,0.8809150632033371,6172
616,1.0,27,73,27,27,0,0,0,1,0.5730240000000001,1120.661955144709,0.9555890101618366,135937.51380658642,1.1624947283958629,4.466842568602075,0.16543861365192872,0.061142776956702706,0.8798253111319629,6173
617,1.0,27,73,27,27,0,0,0,1,0.5730240000000001,1121.234979144709,0.9556190762750113,135964.36325620976,1.1618868797598016,4.451972885811874,0.16488788465969909,0.06125703668888495,0.8787210311507492,6174
618,1.0,27,73,27,27,0,0,0,1,0.5730240000000001,1121.8080031447091,0.9556491017063821,135991.1852762213,1.1612799983181947,4.437169842008772,0.1643396237781027,0.0613610137394147,0.8776455843612103,6175
619,1.0,27,73,27,27,0,0,0,1,0.577088,1122.3850911447091,0.9556790865384616,136017.4874064832,1.1606770635201697,4.422124726172709,0.16378239726565588,0.06148502548502222,0.8764777576060525,6176
620,1.0,27,73,27,27,0,0,0,1,0.5852160000000001,1122.970307144709,0.9557090308535395,136042.7778259264,1.1600797695071339,4.406737020155006,0.1632124822279632,0.06162772609046034,0.8752155239344266,6177
621,1.0,27,73,27,27,0,0,0,1,0.58928,1123.559587144709,0.9557389347336834,136067.5497313965,1.1594864030164826,4.391185049556774,0.16263648331691755,0.06177822151375899,0.8739046926507704,6178
622,1.0,27,73,27,27,0,0,0,1,0.5730240000000001,1124.132611144709,0.9557687982607392,136094.2636867475,1.1588860112881825,4.37631536676657,0.1620857543246878,0.061892780316608983,0.8727442825027619,6179
623,1.0,27,73,27,27,0,0,0,1,0.56896,1124.701571144709,0.955798621516332,136121.4422810671,1.1582704331972407,4.361618387029557,0.16154142174183547,0.061997190760550346,0.8716184447877714,6180
624,1.0,27,73,27,27,0,0,0,1,0.577088,1125.278659144709,0.9558284045818671,136147.6099763998,1.157661134451956,4.346573271193494,0.16098419522938864,0.06212173881481104,0.8703910112279803,6181
625,1.0,27,73,27,27,0,0,0,1,0.5730240000000001,1125.851683144709,0.9558581475385306,136174.24239378638,1.157050891596053,4.3317035884032915,0.16043346623715896,0.06223647957708278,0.8691968382473693,6182
626,1.0,27,73,27,27,0,0,0,1,0.58928,1126.440963144709,0.9558878504672897,136198.8821604056,1.156452739396915,4.316156789391836,0.1598576588663643,0.06238983313875917,0.8678134868647579,6183
627,1.0,27,73,27,27,0,0,0,1,0.5811520000000001,1127.022115144709,0.9559175134488942,136224.47859444807,1.1558509816586093,4.300982530673563,0.159295649284206,0.06252330509255342,0.8665097676897473,6184
628,1.0,27,73,27,27,0,0,0,1,0.5811520000000001,1127.603267144709,0.9559471365638766,136250.0486443548,1.1552509164134643,4.285748746062836,0.1587314350393643,0.06265579164932786,0.8651937758362119,6185
629,1.0,27,73,27,27,0,0,0,1,0.56896,1128.172227144709,0.9559767198925534,136277.0650622296,1.1546436584186157,4.271021816214279,0.15818599319312143,0.06276143052670782,0.8639933844048615,6186
630,1.0,27,73,27,27,0,0,0,1,0.56896,1128.741187144709,0.9560062635150249,136304.05424399168,1.1540377812814147,4.2563112264178296,0.15764115653399366,0.06286670640896953,0.8627841310320341,6187
631,1.0,27,73,27,27,0,0,0,1,0.577088,1129.318275144709,0.9560357675111774,136330.03502070467,1.153433915611305,4.24129606069331,0.15708503928493742,0.06299077118874429,0.8614753515130005,6188
632,1.0,27,73,27,27,0,0,0,1,0.56896,1129.8872351447092,0.9560652319606822,136356.97015398878,1.1528307910372857,4.226539555063841,0.1565385020394015,0.0630942733069598,0.8602471202811885,6189
633,1.0,27,73,27,27,0,0,0,1,0.56896,1130.4561951447092,0.9560946569429974,136383.87817430112,1.152229038627499,4.211788221021149,0.15599215633411664,0.06319972290894754,0.8590003133301539,6190
634,1.0,27,73,27,27,0,0,0,1,0.577088,1131.0332831447092,0.9561240425373689,136409.77882722506,1.1516299198701196,4.19677305529663,0.15543603908506037,0.06332397453926894,0.8576540732651163,6191
635,1.0,27,73,27,27,0,0,0,1,0.5730240000000001,1131.6063071447093,0.95615338882283,136436.1430518754,1.1510316393015059,4.1819033725064285,0.15488531009283069,0.0634391032150756,0.8563388727295909,6192
636,1.0,27,73,27,27,0,0,0,1,0.5730240000000001,1132.1793311447093,0.9561826958782027,136462.48058935162,1.1504348264650537,4.167017349664118,0.15433397591348583,0.06355456624791883,0.8550089799836197,6193
637,1.0,27,73,27,27,0,0,0,1,0.5730240000000001,1132.7523551447093,0.9562119637820988,136488.79148015438,1.1498394782861612,4.152101751040896,0.153781546334848,0.0636680357284894,0.8536725592282773,6194
638,1.0,27,73,27,27,0,0,0,1,0.581152,1133.3335071447093,0.95624119261292,136514.0967108503,1.1492471677439637,4.136980521250288,0.15322150078704772,0.06379212783728011,0.8522690557197403,6195
639,1.0,27,73,27,27,0,0,0,1,0.56896,1133.9024671447094,0.9562703824488585,136540.84410792738,1.1486535836205731,4.12226993145384,0.15267666412792,0.06389750001008943,0.850951614730968,6196
640,1.0,27,73,27,27,0,0,0,1,0.5730240000000001,1134.4754911447094,0.9562995333678986,136567.07545411173,1.1480626107477625,4.107359504417396,0.15212442608953314,0.06401293107612192,0.8495693425789439,6197
641,1.0,27,73,27,27,0,0,0,1,0.5730240000000001,1135.0485151447094,0.9563286454478165,136593.28031474818,1.1474730903133707,4.092473481575085,0.15157309191018828,0.06412856630730926,0.8481746977060002,6198
642,1.0,27,73,27,27,0,0,0,1,0.577088,1135.6256031447094,0.9563577187661809,136618.96981749358,1.1468864861680026,4.077458315850565,0.151016974661132,0.06425323605040666,0.8467221499551825,6199
643,1.0,27,73,27,27,0,0,0,1,0.5730240000000001,1136.1986271447095,0.9563867534003548,136645.12198026635,1.1462998605014258,4.062542717227344,0.15046454508249418,0.06436689111392939,0.8453068441743433,6200
644,1.0,27,73,27,27,0,0,0,1,0.577088,1136.7757151447095,0.956415749427495,136670.7591745329,1.1457163523068787,4.047513941443389,0.14990792375716253,0.06449234988075105,0.8438225426957834,6201
645,1.0,27,73,27,27,0,0,0,1,0.573024,1137.3487391447095,0.9564447069245534,136696.85879892524,1.145132609201056,4.0326035144069445,0.14935568571877572,0.06460804012916878,0.8423719476333765,6202
646,1.0,27,73,27,27,0,0,0,1,0.58928,1137.9380191447094,0.9564736259682773,136720.97898349172,1.1445578264784348,4.017111069701166,0.14878189147041357,0.06476328954252016,0.8407052668339412,6203
647,1.0,27,73,27,27,0,0,0,1,0.5730240000000001,1138.5110431447094,0.9565025066352109,136747.02668668926,1.1439769498826344,4.002225046858856,0.14823055729106874,0.0648791742588743,0.8392265411743939,6204
648,1.0,27,73,27,27,0,0,0,1,0.597408,1139.1084511447095,0.9565313490016946,136770.12038971175,1.1434100256689785,3.9864008061061362,0.14764447430022726,0.06505604338141593,0.8374146369831099,6205
649,1.0,27,73,27,27,0,0,0,1,0.5730240000000001,1139.6814751447096,0.9565601531438669,136796.11663443447,1.142832000212568,3.9714852074829152,0.14709204472158943,0.06517006934351859,0.8359114522950593,6206
650,1.0,27,73,27,27,0,0,0,1,0.577088,1140.2585631447096,0.9565889191376646,136821.59910269457,1.1422436259451099,3.9564700417583953,0.1465359274725332,0.06529548386091391,0.8343388981599925,6207
651,1.0,27,73,27,27,0,0,0,1,0.5852160000000001,1140.8437791447095,0.9566176470588236,136846.08081664183,1.1416615843502507,3.941106739934826,0.14596691629388242,0.06544263933298895,0.8326341121338229,6208
652,1.0,27,73,27,27,0,0,0,1,0.5730240000000001,1141.4168031447095,0.9566463369828789,136871.9994042293,1.141073792141369,3.926196312898382,0.14541467825549562,0.06555876014428495,0.8310778251526255,6209
653,1.0,27,73,27,27,0,0,0,1,0.5730240000000001,1141.9898271447096,0.9566749889851667,136897.89198112494,1.1404874359357948,3.9113266301081797,0.1448639492632659,0.06567472629180982,0.8295104504469452,6210
654,1.0,27,73,27,27,0,0,0,1,0.56896,1142.5587871447096,0.9567036031408234,136924.24561449347,1.1398998111162246,3.8966296503711653,0.14431961668041357,0.06577964951010298,0.8279887627884557,6211
655,1.0,27,73,27,27,0,0,0,1,0.577088,1143.1358751447096,0.9567321795247873,136949.59925930246,1.1393191234879316,3.881554958754192,0.14376129476867375,0.06590428766646127,0.8263392173499394,6212
656,1.0,27,73,27,27,0,0,0,1,0.581152,1143.7170271447096,0.9567607182117992,136974.44060188715,1.1387344632586196,3.8663507499243748,0.14319817592312503,0.06604156828870461,0.8246088167606039,6213
657,1.0,27,73,27,27,0,0,0,1,0.56896,1144.2859871447097,0.9567892192764025,137000.7163953627,1.138150815982164,3.8516401601279258,0.14265333926399726,0.06614723679618092,0.823038201670931,6214
658,1.0,27,73,27,27,0,0,0,1,0.581152,1144.8671391447097,0.9568176827929444,137025.5068349648,1.1375694230455915,3.8364659014096536,0.14209132968183902,0.06628364447205674,0.8212814557040522,6215
659,1.0,27,73,27,27,0,0,0,1,0.577088,1145.4442271447097,0.9568461088355764,137050.75836937054,1.1369892442771292,3.8213963813794556,0.14153319931035022,0.06641050176982503,0.8195583618629788,6216
660,1.0,27,73,27,27,0,0,0,1,0.577088,1146.0213151447097,0.9568744974782545,137075.98447256087,1.1364105876150086,3.8063216897624823,0.14097487739861045,0.06653554973500861,0.8178264916129547,6217
661,1.0,27,73,27,26,1,0,0,1,0.5648960000000001,1146.5862111447098,0.9568785001217434,137099.15440467512,1.1358486763922517,3.7917838030192206,0.14043643714886006,0.06663005649230552,0.8162580799346618,6218
662,1.0,27,73,27,27,0,0,0,1,0.581152,1147.1673631447097,0.9569068301822518,137123.84526769078,1.1352737528349754,3.7765959342415134,0.13987392349042643,0.0667674737353958,0.814429175472768,6219
663,1.0,26,74,27,26,0,1,0,1,0.5643781963261335,1147.7317413410358,0.9569108063417956,137147.0303819261,1.1347168436538904,3.7620148490693945,0.14469287881036133,0.06218024591051504,0.8441126227335352,6220
664,1.0,26,74,26,26,0,0,0,1,0.5527040000000001,1148.2844453410357,0.9569380315917375,137171.58726574894,1.1341568684451215,3.7478592819902143,0.14414843392270055,0.06229231655759982,0.842640967465198,6221
665,1.0,26,74,26,26,0,0,0,1,0.54864,1148.8330853410357,0.9569652224596853,137196.6058526344,1.133597425940843,3.733917162210465,0.14361219854655632,0.06239083543182303,0.8412283861284388,6222
666,1.0,26,74,26,26,0,0,0,1,0.5527040000000001,1149.3857893410357,0.9569923790107276,137221.11536668974,1.133040164187448,3.7198023393775266,0.1430693207452895,0.06250258376486192,0.8397329925327787,6223
667,1.0,26,74,26,26,0,0,0,1,0.5527040000000001,1149.9384933410356,0.9570195013097894,137245.60132034327,1.1324842548688159,3.7056416007115707,0.14252467695044502,0.06261248334828184,0.8382278323656207,6224
668,1.0,26,74,26,26,0,0,0,1,0.54864,1150.4871333410356,0.9570465894216318,137270.54864262082,1.1319285630476195,3.6916695308202767,0.14198728964693372,0.06271213570166792,0.8367667402062051,6225
669,1.0,26,74,26,26,0,0,0,1,0.556768,1151.0439013410355,0.9570736434108527,137294.50268220282,1.1313765857139593,3.6774092250530215,0.14143881634819316,0.06283566219299558,0.8351656278551536,6226
670,1.0,26,74,26,26,0,0,0,1,0.56896,1151.6128613410356,0.9571006633418874,137316.97978420721,1.130830063098224,3.662658030245073,0.1408714627017336,0.06299775228019294,0.8333416272467998,6227
671,1.0,26,74,26,26,0,0,0,1,0.5527040000000001,1152.1655653410355,0.957127649279009,137341.37242086531,1.1302795332833493,3.648502463165892,0.1403270178140728,0.06311002863813077,0.8317654987662079,6228
672,1.0,26,74,26,26,0,0,0,1,0.5527040000000001,1152.7182693410355,0.9571546012863291,137365.74166601797,1.1297303426181533,3.634341724499936,0.1397823740192283,0.06322017644206068,0.8301832420009958,6229
673,1.0,26,74,26,26,0,0,0,1,0.552704,1153.2709733410354,0.9571815194277982,137390.0875532962,1.129182488463706,3.6202105616148894,0.13923886775441885,0.06333253509754234,0.8285781246210859,6230
674,1.0,26,74,26,26,0,0,0,1,0.552704,1153.8236773410354,0.957208403767206,137414.4101162667,1.1286359681912637,3.606109348841387,0.13869651341697642,0.06344371162951622,0.8269652474120945,6231
675,1.0,26,74,26,26,0,0,0,1,0.556768,1154.3804453410353,0.9572352543681822,137438.22553502172,1.1280926234697306,3.591835433014697,0.13814751665441138,0.06356843952225329,0.825261527299761,6232
676,1.0,26,74,26,26,0,0,0,1,0.5527040000000001,1154.9331493410352,0.957262071294197,137462.5016959492,1.1275487618907627,3.5777342202411937,0.13760516231696898,0.06367979799497803,0.8236161713090296,6233
677,1.0,26,74,26,26,0,0,0,1,0.54864,1155.4817893410352,0.9572888546085615,137487.2381940344,1.1270041798163584,3.5637621503499006,0.13706777501345774,0.063779620577754,0.8220185452653178,6234
678,1.0,26,74,26,26,0,0,0,1,0.5527040000000001,1156.0344933410352,0.9573156043744279,137511.4677941567,1.126449675300172,3.549601411683944,0.13652313121861323,0.06388989776125999,0.8203419009376454,6235
679,1.0,26,74,26,26,0,0,0,1,0.5527040000000001,1156.587197341035,0.9573423206547905,137535.67423684313,1.125896509000793,3.535445844604764,0.13597868633095248,0.06400230961591306,0.818639636119018,6236
680,1.0,26,74,26,25,1,0,0,1,0.5445760000000001,1157.1317733410351,0.9573449453880576,137557.36698890914,1.125366294769543,3.521649207759332,0.135448046452282,0.06408899324453564,0.8170714667410894,6237
681,1.0,26,74,26,26,0,0,0,1,0.5527040000000001,1157.684477341035,0.9573716099249856,137581.5285748881,1.124815769102826,3.50754799498583,0.13490569211483963,0.06420035887730116,0.8153468362049539,6238
682,1.0,26,74,26,26,0,0,0,1,0.5527040000000001,1158.237181341035,0.9573982411456581,137605.66710133236,1.124266573874953,3.4934168321007837,0.13436218585003015,0.0643129789478878,0.813597149236439,6239
683,1.0,25,75,26,25,0,1,0,1,0.5347421179626284,1158.7719234589977,0.9574008260493708,137628.46404143402,1.12373499159449,3.4799592454000736,0.13919836981600295,0.059695913006740445,0.8446541005380679,6240
684,1.0,25,75,25,25,0,0,0,0,0.52832,1159.3002434589976,0.9574263841224891,137652.0024906249,1.123201069825622,3.4667989805296537,0.13867195922118614,0.059783292809243924,0.8432709502659175,6241
685,1.0,25,75,25,25,0,0,0,0,0.52832,1159.8285634589975,0.9574519115460258,137675.51949555436,1.1226683258145542,3.4536523257186675,0.1381460930287467,0.059869702752721576,0.841879884548218,6242
686,1.0,25,75,25,25,0,0,0,0,0.52832,1160.3568834589973,0.9574774083750809,137699.0150855136,1.1221367573504548,3.440451316602006,0.13761805266408023,0.05995747909087162,0.8404651330924877,6243
687,1.0,25,75,25,25,0,0,0,0,0.52832,1160.8852034589972,0.9575028746646225,137722.48928974054,1.1216063622263903,3.427274711679476,0.13709098846717904,0.060045412628674716,0.8390379619439354,6244
688,1.0,25,75,25,25,0,0,0,0,0.52832,1161.4135234589971,0.9575283104694869,137745.94213741992,1.121077138242596,3.414128056868491,0.13656512227473963,0.060131894081084186,0.8376060087006149,6245
689,1.0,25,75,25,25,0,0,0,0,0.52832,1161.941843458997,0.9575537158443795,137769.37365768338,1.1205490832042357,3.4009677919980708,0.13603871167992282,0.060219235754564344,0.8361552975738982,6246
690,1.0,25,75,25,25,0,0,0,0,0.52832,1162.470163458997,0.9575790908438748,137792.7838796096,1.1200221949234428,3.3877616112946307,0.13551046445178522,0.06030466922838684,0.8346956246567349,6247
691,1.0,25,75,25,25,0,0,0,0,0.52832,1162.9984834589968,0.9576044355224166,137816.17283222443,1.1194964712142794,3.374560602177969,0.13498242408711877,0.06039253365993139,0.8332111140016765,6248
692,1.0,25,75,25,25,0,0,0,0,0.52832,1163.5268034589967,0.9576297499343189,137839.54054450098,1.1189719098984905,3.361413947366983,0.13445655789467936,0.060479014000497676,0.8317232008763088,6249
693,1.0,25,75,25,25,0,0,0,0,0.52832,1164.0551234589966,0.9576550341337662,137862.8870453598,1.1184485088036107,3.348253682496563,0.13393014729986252,0.06056639629913996,0.8302156388626827,6250
694,1.0,25,75,25,25,0,0,0,0,0.52832,1164.5834434589965,0.9576802881748133,137886.21236366892,1.1179262657622566,3.335077077574034,0.13340308310296137,0.060654224922465506,0.8286900770224847,6251
695,1.0,25,75,25,25,0,0,0,0,0.52832,1165.1117634589964,0.9577055121113867,137909.516528244,1.1174051786134311,3.321870896870595,0.1328748358748238,0.06073970958872177,0.8271582859067277,6252
696,1.0,25,75,25,25,0,0,0,0,0.52832,1165.6400834589963,0.9577307059972837,137932.79956784856,1.1168852451977944,3.30872424205961,0.13234896968238438,0.060826180594861,0.8256122107244644,6253
697,1.0,25,75,25,25,0,0,0,0,0.52832,1166.1684034589962,0.9577558698861742,137956.06151119384,1.1163664633657941,3.2955232329429465,0.13182092931771788,0.060914071588488536,0.824039712595397,6254
698,1.0,25,75,25,25,0,0,0,0,0.52832,1166.696723458996,0.9577810038316,137979.3023869392,1.1158488309701362,3.282362968072526,0.13129451872290104,0.06100143203715879,0.8224581711017788,6255
699,1.0,25,75,25,25,0,0,0,0,0.52832,1167.225043458996,0.9578061078869755,138002.52222369204,1.1153323458708229,3.269186363149997,0.1307674545259999,0.061089287229083584,0.8208575284948961,6256
700,1.0,25,75,25,25,0,0,0,0,0.52832,1167.7533634589959,0.9578311821055885,138025.72105000803,1.1148170059322953,3.256039708339012,0.13024158833356048,0.06117575383591896,0.8192508744011279,6257
701,1.0,25,75,25,25,0,0,0,0,0.52832,1168.2816834589958,0.9578562265405997,138048.89889439117,1.1143028090257336,3.242833527635572,0.12971334110542287,0.06126122424517182,0.8176281215257868,6258
702,1.0,25,75,25,25,0,0,0,0,0.52832,1168.8100034589957,0.9578812412450438,138072.0557852939,1.1137771616244514,3.2296732627651523,0.1291869305106061,0.0613486165792856,0.8159845374448331,6259
703,1.0,25,75,25,25,0,0,0,0,0.52832,1169.3383234589955,0.9579062262718299,138095.1917511173,1.1132526686044935,3.216496657842623,0.1286598663137049,0.06143654495628286,0.8143209224886135,6260
704,1.0,25,75,25,25,0,0,0,0,0.5323840000000001,1169.8707074589956,0.9579311816737414,138117.82701266021,1.11273133995322,3.2031850015245613,0.12812740006098244,0.06152573153812105,0.8126221677054596,6261
705,1.0,25,75,25,25,0,0,0,0,0.52832,1170.3990274589955,0.9579561075034365,138140.92134971838,1.1122091480265741,3.1900383467135764,0.12760153386854306,0.061612129647969166,0.8109365684211662,6262
706,1.0,25,75,25,25,0,0,0,0,0.52832,1170.9273474589954,0.957981003813449,138163.99484654222,1.1116881040699687,3.176832166010137,0.1270732866404055,0.0616976500660551,0.8092333358418341,6263
707,1.0,25,75,25,25,0,0,0,0,0.52832,1171.4556674589953,0.9580058706561878,138187.04753132822,1.1111682059533172,3.1636719011397165,0.12654687604558867,0.061785020742939116,0.8075088284860649,6264
708,1.0,25,75,25,25,0,0,0,0,0.52832,1171.9839874589952,0.9580307080839385,138210.079432222,1.1106494515558603,3.1505252463287317,0.12602100985314926,0.061871477196829824,0.8057736602348139,6265
709,1.0,25,75,25,25,0,0,0,0,0.52832,1172.512307458995,0.9580555161488628,138233.0905773185,1.110131838760599,3.137348641406202,0.12549394565624808,0.06195936389138899,0.8040114912731923,6266
710,1.0,25,75,25,25,0,0,0,0,0.52832,1173.040627458995,0.9580802949029986,138256.08099466204,1.1096153654563172,3.1241476322895396,0.12496590529158158,0.06204726598163332,0.8022297423588155,6267
711,1.0,25,75,25,25,0,0,0,0,0.52832,1173.568947458995,0.9581050443982618,138279.05071224642,1.1091000295353037,3.1109873674191193,0.12443949469676475,0.06213467277658718,0.8004374837495972,6268
712,1.0,25,75,25,25,0,0,0,0,0.52832,1174.0972674589948,0.9581297646864453,138301.99975801504,1.108585828896935,3.097840712608134,0.12391362850432536,0.062221124883475656,0.7986342888013365,6269
713,1.0,25,75,25,25,0,0,0,0,0.52832,1174.6255874589947,0.9581544558192197,138324.92815986104,1.1080727614462538,3.0846345319046944,0.1233853812761878,0.062306573413291516,0.7968126968407764,6270
714,1.0,25,75,25,25,0,0,0,0,0.52832,1175.1539074589946,0.9581791178481341,138347.83594562742,1.107560825089722,3.0714579269821654,0.12285831707928661,0.06239448563059413,0.7949637617112038,6271
715,1.0,25,75,25,25,0,0,0,0,0.52832,1175.6822274589945,0.958203750824616,138370.7231431071,1.107050017742627,3.0582976621117455,0.1223319064844698,0.062481923381429307,0.7931012275801951,6272
716,1.0,25,75,25,25,0,0,0,0,0.52832,1176.2105474589944,0.9582283547999717,138393.5897800431,1.1065403373243994,3.0451510073007597,0.12180604029203039,0.06256836646728321,0.791227475621082,6273
717,1.0,25,75,25,25,0,0,0,0,0.52832,1176.7388674589943,0.9582529298253871,138416.43588412862,1.1060317817599055,3.031949998184097,0.12127799992736389,0.0626562415469397,0.789322134548282,6274
718,1.0,25,75,25,25,0,0,0,0,0.52832,1177.2671874589942,0.9582774759519274,138439.26148300708,1.105524348978748,3.018743817480658,0.12074975269922632,0.06274173935766476,0.7874105000690937,6275
719,1.0,25,75,25,25,0,0,0,0,0.52832,1177.795507458994,0.9583019932305378,138462.06660427238,1.1050180369135154,3.0055672125581285,0.12022268850232515,0.06282967664661726,0.7854706412101344,6276
720,1.0,25,75,25,25,0,0,0,0,0.52832,1178.323827458994,0.9583264817120439,138484.85127546886,1.1045128435050326,2.9924205577471437,0.11969682230988575,0.06291612491610227,0.783523515960631,6277
721,1.0,25,75,25,25,0,0,0,0,0.52832,1178.8521474589938,0.9583509414471522,138507.61552409155,1.1040087666979106,2.979260292876724,0.11917041171506894,0.06300346873507126,0.7815512735776514,6278
722,1.0,25,75,25,25,0,0,0,0,0.52832,1179.3804674589937,0.9583753724864497,138530.3593775862,1.1035058044432475,2.9660541121732837,0.11864216448693135,0.06308905790858019,0.7795643104159297,6279
723,1.0,25,75,25,25,0,0,0,0,0.52832,1179.9087874589936,0.9583997748804052,138553.08286334935,1.103003954693696,2.952853103056621,0.11811412412226485,0.06317697358908227,0.7775460636584101,6280
724,1.0,25,75,25,25,0,0,0,0,0.52832,1180.4371074589935,0.9584241486793691,138575.78600872855,1.1025032154091001,2.9397064482456363,0.11758825792982545,0.06326342073735207,0.775522894874182,6281
725,1.0,25,75,25,25,0,0,0,0,0.52832,1180.9654274589934,0.9584484939335738,138598.4688410224,1.1020035845546443,2.9265461833752155,0.11706184733500863,0.06335080314163942,0.7734735292433486,6282
726,1.0,25,75,25,25,0,0,0,0,0.52832,1181.4937474589933,0.9584728106931342,138621.13138748065,1.1015050601001575,2.913369578452687,0.11653478313810746,0.06343863988177201,0.7714000039822702,6283
727,1.0,25,75,25,25,0,0,0,0,0.52832,1182.0220674589932,0.9584970990080479,138643.77367530437,1.1009952407035577,2.900222923641701,0.11600891694566806,0.06352514052911294,0.7693177097708581,6284
728,1.0,25,75,25,25,0,0,0,0,0.52832,1182.550387458993,0.9585213589281957,138666.39573164596,1.10048653878523,2.887016742938262,0.11548066971753046,0.06361071492312977,0.7672133309473188,6285
729,1.0,25,75,25,25,0,0,0,0,0.52832,1183.078707458993,0.9585455905033415,138688.9975836094,1.0999789522994003,2.8738564780678417,0.11495425912271368,0.06369812772295257,0.7650841144157949,6286
730,1.0,25,75,25,25,0,0,0,0,0.52832,1183.607027458993,0.9585697937831337,138711.5792582502,1.0994724792098507,2.8606554689511787,0.11442621875804715,0.06378601664884864,0.7629266836635961,6287
731,1.0,25,75,25,25,0,0,0,0,0.52832,1184.1353474589928,0.9585939688171039,138734.14078257562,1.0989671174821827,2.84747886402865,0.11389915456114601,0.06387387849957453,0.7607518484571311,6288
732,1.0,25,75,25,25,0,0,0,0,0.52832,1184.6636674589927,0.9586181156546689,138756.68218354476,1.0984628650886241,2.8343322092176644,0.11337328836870658,0.0639603126690534,0.7585682718031207,6289
733,1.0,25,75,25,25,0,0,0,0,0.52832,1185.1919874589926,0.9586422343451299,138779.20348806863,1.0979597200057858,2.821171944347244,0.11284687777388976,0.06404776030297196,0.7563562820961405,6290
734,1.0,25,75,25,25,0,0,0,0,0.52832,1185.7203074589925,0.9586663249376733,138801.70472301025,1.09745768021664,2.807965763643805,0.1123186305457522,0.06413332600052406,0.754128034399627,6291
735,1.0,25,75,25,25,0,0,0,0,0.52832,1186.2486274589924,0.9586903874813711,138824.18591518485,1.0969567437050636,2.7948191088328196,0.11179276435331278,0.06421981602192083,0.751881080868668,6292
736,1.0,25,75,25,25,0,0,0,0,0.52832,1186.7769474589923,0.958714422025181,138846.64709135983,1.0964569084637061,2.7816425039102906,0.11126570015641163,0.06430768297268302,0.7496007056681275,6293
737,1.0,25,75,25,25,0,0,0,0,0.52832,1187.3052674589921,0.9587384286179467,138869.08827825505,1.0959581724893082,2.768441494793628,0.11073765979174512,0.06439555172008234,0.7472953062435287,6294
738,1.0,25,75,25,25,0,0,0,0,0.52832,1187.833587458992,0.9587624073083986,138891.50950254273,1.095460533781796,2.7552812299232077,0.11021124919692829,0.06448297799684963,0.7449761964576505,6295
739,1.0,25,75,25,25,0,0,0,0,0.52832,1188.361907458992,0.9587863581451538,138913.91079084767,1.0949639903478066,2.7421345751122224,0.10968538300448889,0.06456946364761867,0.7426425809821218,6296
740,1.0,24,76,25,24,0,1,0,0,0.5184173533633629,1188.8803248123554,0.9587870626204462,138934.08491394643,1.0944842443468445,2.729257891789506,0.11371907882456272,0.061920641192374205,0.7713156816102386,6297
741,1.0,24,76,24,24,0,0,0,0,0.508,1189.3883248123554,0.9588100155477688,138955.45849256107,1.0940064812330093,2.716757407809383,0.11319822532539094,0.0620047986521006,0.769210285688341,6298
742,1.0,24,76,24,24,0,0,0,0,0.508,1189.8963248123555,0.9588329429227451,138976.81382121946,1.0935297643349216,2.7042325196351267,0.11267635498479693,0.0620890944380023,0.7670804315857852,6299
743,1.0,24,76,24,24,0,0,0,0,0.508,1190.4043248123555,0.9588558447880207,138998.15092328587,1.0930540918304203,2.6917483757071126,0.11215618232112971,0.062172672671500145,0.7649394708246747,6300
744,1.0,24,76,24,24,0,0,0,0,0.508,1190.9123248123556,0.9588787211861461,139019.4698220847,1.0925794619034286,2.6792778418385335,0.11163657674327225,0.062255137943826845,0.7627860938179496,6301
745,1.0,24,76,24,24,0,0,0,0,0.508,1191.4203248123556,0.9589015721595777,139040.77054090062,1.0921058727413382,2.666777357858411,0.11111572324410046,0.06233937516743462,0.7605974716992758,6302
746,1.0,24,76,24,24,0,0,0,0,0.508,1191.9283248123556,0.9589243977506768,139062.0531029785,1.0916215536292169,2.6542472980973777,0.1105936374207241,0.06242107530908899,0.7583984804609206,6303
747,1.0,24,76,24,24,0,0,0,0,0.508,1192.4363248123557,0.9589471980017115,139083.3175315237,1.0911382852928766,2.6417767642287995,0.11007403184286664,0.06250360694057805,0.7561815828561147,6304
748,1.0,24,76,24,24,0,0,0,0,0.508,1192.9443248123557,0.9589699729548554,139104.563849702,1.0906560659098512,2.6292926203007854,0.1095538591791994,0.06258714146651437,0.7539354561845165,6305
749,1.0,24,76,24,24,0,0,0,0,0.508,1193.4523248123558,0.9589927226521889,139125.7920806398,1.090174893661406,2.616767732126529,0.10903198883860538,0.06267140845508617,0.7516575050311527,6306
750,1.0,24,76,24,24,0,0,0,0,0.508,1193.9603248123558,0.9590154471356993,139147.00224742404,1.0896947667311285,2.604297198257951,0.10851238326074793,0.06275400442486716,0.7493753915998802,6307
751,1.0,24,76,24,24,0,0,0,0,0.508,1194.4683248123558,0.9590381464472804,139168.19437310245,1.0892156833085704,2.5917967142778275,0.10799152976157615,0.0628381981111302,0.747057376754822,6308
752,1.0,24,76,24,24,0,0,0,0,0.508,1194.9763248123559,0.9590608206287335,139189.36848068357,1.088737641586754,2.579312570349814,0.1074713570979089,0.06292176961687576,0.7447232320368589,6309
753,1.0,24,76,24,24,0,0,0,0,0.508,1195.484324812356,0.9590834697217676,139210.5245931368,1.0882606397644115,2.566782510588781,0.10694927127453253,0.06300339512083489,0.7423716616386477,6310
754,1.0,24,76,24,24,0,0,0,0,0.508,1195.992324812356,0.959106093767999,139231.66273339253,1.0877846760404482,2.554311976720202,0.10642966569667507,0.0630859811051004,0.7400005764381351,6311
755,1.0,24,76,24,24,0,0,0,0,0.508,1196.500324812356,0.9591286928089525,139252.78292434226,1.0873097486222865,2.5417870885459455,0.10590779535608108,0.0631702738577464,0.7375880822932396,6312
756,1.0,24,76,24,24,0,0,0,0,0.508,1197.008324812356,0.9591512668860608,139273.88518883853,1.086835855718498,2.529302944617932,0.10538762269241382,0.06325388520397592,0.7351629202174674,6313
757,1.0,24,76,24,24,0,0,0,0,0.508,1197.516324812356,0.9591738160406652,139294.96954969518,1.086362995543677,2.516802460637809,0.10486676919324205,0.06333804232363589,0.7327086907554773,6314
758,1.0,24,76,24,24,0,0,0,0,0.508,1198.024324812356,0.9591963403140158,139316.0360296873,1.085891166316928,2.5042724008767765,0.10434468336986567,0.06341971813100489,0.7302418010395398,6315
759,1.0,24,76,24,24,0,0,0,0,0.508,1198.5323248123561,0.9592188397472717,139337.08465155144,1.0854203662578654,2.4918018670081974,0.10382507779200822,0.06350223399505514,0.7277555642720291,6316
760,1.0,24,76,24,24,0,0,0,0,0.508,1199.0403248123562,0.9592413143815013,139358.11543798554,1.0849505935938317,2.4793177230801837,0.10330490512834099,0.06358587670860223,0.7252364750883529,6317
761,1.0,24,76,24,24,0,0,0,0,0.508,1199.5483248123562,0.9592637642576826,139379.12841164914,1.084481846555232,2.466817239100061,0.10278405162916919,0.06367010694593676,0.7226871356931881,6318
762,1.0,24,76,24,24,0,0,0,0,0.5120640000000001,1200.0603888123562,0.959286189416703,139399.65151716833,1.084015095114161,2.454181703724405,0.1022575709885169,0.06375615867677786,0.7200799256498407,6319
763,1.0,24,76,24,24,0,0,0,0,0.508,1200.5683888123563,0.9593085898993604,139420.62906185797,1.083548393475845,2.441711169855827,0.10173796541065945,0.06383866994919021,0.7174976584541435,6320
764,1.0,24,76,24,24,0,0,0,0,0.508,1201.0763888123563,0.9593309657463627,139441.58886147692,1.083082712179792,2.4291811100947935,0.10121587958728308,0.06392033072665378,0.7148864840325068,6321
765,1.0,24,76,24,24,0,0,0,0,0.508,1201.5843888123563,0.9593533169983284,139462.53093853174,1.08261804946987,2.41669696616678,0.10069570692361583,0.06400395083030057,0.7122458560635417,6322
766,1.0,24,76,24,24,0,0,0,0,0.508,1202.0923888123564,0.9593756436957865,139483.4553154909,1.0821544035978934,2.404226432298201,0.10017610134575838,0.06408652029817677,0.7095895013929282,6323
767,1.0,24,76,24,24,0,0,0,0,0.508,1202.6003888123564,0.9593979458791775,139504.36201478486,1.0816917728182578,2.3917259483180784,0.0996552478465866,0.06417070795040668,0.7068926161085031,6324
768,1.0,24,76,24,24,0,0,0,0,0.508,1203.1083888123565,0.9594202235888526,139525.25105880632,1.0812301553898922,2.379201060143822,0.0991333775059926,0.06425500997088215,0.7041654480457221,6325
769,1.0,24,76,24,24,0,0,0,0,0.508,1203.6163888123565,0.9594424768650748,139546.12246991007,1.0807695495753733,2.366671000382789,0.09861129168261622,0.06433672002110374,0.7014286952323914,6326
770,1.0,24,76,24,24,0,0,0,0,0.508,1204.1243888123565,0.9594647057480189,139566.97627041323,1.0802983460797062,2.354186856454775,0.09809111901894896,0.06442031765783732,0.6986622097521713,6327
771,1.0,24,76,24,24,0,0,0,0,0.5120640000000001,1204.6364528123565,0.9594869102777714,139587.34156469416,1.0798298074532218,2.341610258520108,0.09756709410500453,0.06450341603771521,0.6958565787629345,6328
772,1.0,24,76,24,24,0,0,0,0,0.508,1205.1444528123566,0.9595090904943313,139608.16033909633,1.0793606440788692,2.329109774539986,0.09704624060583274,0.06458762871108976,0.6930312990218389,6329
773,1.0,24,76,24,24,0,0,0,0,0.508,1205.6524528123566,0.9595312464376097,139628.9615695747,1.0788924986163628,2.3166256306119712,0.09652606794216549,0.06467131487528532,0.690186365270158,6330
774,1.0,24,76,24,24,0,0,0,0,0.508,1206.1604528123567,0.9595533781474308,139649.74527829618,1.0784253693254329,2.304155096743393,0.09600646236430803,0.06475386963801018,0.687325246857476,6331
775,1.0,24,76,24,24,0,0,0,0,0.5120640000000001,1206.6725168123567,0.9595754856635313,139670.0410855617,1.077961280008347,2.2915189729162715,0.09547995720484466,0.06483615449520731,0.6844084191550643,6332
776,1.0,24,76,24,24,0,0,0,0,0.508,1207.1805168123567,0.9595975690255617,139690.78994522244,1.0774961767024178,2.278994084742015,0.09495808686425063,0.06492038460980258,0.6814726710616578,6333
777,1.0,24,76,24,24,0,0,0,0,0.508,1207.6885168123567,0.9596196282730851,139711.52134935462,1.0770320843712342,2.2664936007618928,0.09443723336507885,0.06500462188899302,0.6785146479825322,6334
778,1.0,24,76,24,24,0,0,0,0,0.508,1208.1965168123568,0.9596416634455788,139732.23531997635,1.0765690012906495,2.2540230668933137,0.0939176277872214,0.06508718129756198,0.6755467602968717,6335
779,1.0,24,76,24,24,0,0,0,0,0.508,1208.7045168123568,0.9596636745824338,139752.93187906875,1.0761069257399003,2.2415389229653,0.09339745512355417,0.06517077185048133,0.6725422790879798,6336
780,1.0,24,76,24,24,0,0,0,0,0.508,1209.2125168123569,0.9596856617229553,139773.611048576,1.075645856003543,2.2290088632042666,0.09287536930017777,0.06525250063471932,0.6695140978517108,6337
781,1.0,24,76,24,24,0,0,0,0,0.508,1209.720516812357,0.9597076249063627,139794.27285040537,1.0751857903666815,2.2164839750300103,0.09235349895958378,0.06533681424771669,0.6664418977937702,6338
782,1.0,24,76,24,24,0,0,0,0,0.508,1210.228516812357,0.9597295641717902,139814.91730642744,1.0747267271204275,2.204013441161432,0.09183389338172632,0.06541937195071391,0.6633649830298207,6339
783,1.0,23,77,24,23,0,1,0,0,0.49860264553346345,1210.7271194578905,0.9597288043355026,139833.3260064456,1.074286887202814,2.1918084498655865,0.09529601955937332,0.0640041499198406,0.6891353820725702,6340
784,1.0,23,77,23,23,0,0,0,0,0.48768000000000006,1211.2147994578904,0.9597497960293717,139852.98072300275,1.0738369024769003,2.179963252926952,0.09478101099682401,0.06408568219851504,0.6862609203507877,6341
785,1.0,23,77,23,23,0,0,0,0,0.48768000000000006,1211.7024794578904,0.9597707658504542,139872.61961849438,1.0733878858506838,2.1680721401552994,0.09426400609370865,0.06416542489881082,0.6833629192891034,6342
786,1.0,23,77,23,23,0,0,0,0,0.48768000000000006,1212.1901594578903,0.9597917138329183,139892.24271201552,1.0729398357459758,2.1562405532760995,0.09374958927287391,0.06424583051722811,0.6804457220268153,6343
787,1.0,23,77,23,23,0,0,0,0,0.48768000000000006,1212.6778394578903,0.9598126400108614,139911.85002263056,1.0724927505916868,2.144395356337466,0.09323458071032457,0.06432745905707384,0.6774907778364726,6344
788,1.0,23,77,23,23,0,0,0,0,0.48768000000000006,1213.1655194578902,0.9598335444183101,139931.44156937316,1.0720466288191393,2.1325338193467225,0.09271886171072706,0.06440971596815473,0.6745012402456788,6345
789,1.0,23,77,23,23,0,0,0,0,0.48768000000000006,1213.6531994578902,0.9598544270892199,139951.01737124642,1.0716014688633155,2.120647878161846,0.09220208165921069,0.06449207537336465,0.6714787195971123,6346
790,1.0,23,77,23,23,0,0,0,0,0.48768000000000006,1214.1408794578902,0.9598752880574759,139970.57744722295,1.0711572691611013,2.108816291282647,0.09168766483837597,0.0645724759429539,0.6684535978092323,6347
791,1.0,23,77,23,23,0,0,0,0,0.48768000000000006,1214.62855945789,0.9598961273568929,139990.12181624482,1.070714028155593,2.0969251785109937,0.09117065993526058,0.06465220216706101,0.6653931777530819,6348
792,1.0,23,77,23,23,0,0,0,0,0.48768000000000006,1215.11623945789,0.9599169450212152,140009.65049722372,1.070271744288977,2.0850799815723593,0.09065565137271127,0.06473380707944977,0.6623019428740534,6349
793,1.0,23,77,23,23,0,0,0,0,0.48768000000000006,1215.60391945789,0.9599377410841172,140029.163509041,1.0698304160107033,2.073218444581616,0.09013993237311377,0.06481608989964494,0.6591747490685522,6350
794,1.0,23,77,23,23,0,0,0,0,0.48768000000000006,1216.09159945789,0.9599585155792036,140048.66087054773,1.069390041772067,2.061386857702417,0.08962551555227899,0.06489648035018007,0.6560393073879772,6351
795,1.0,23,77,23,23,0,0,0,0,0.48768000000000006,1216.57927945789,0.9599792685400095,140068.14260056472,1.0689506200283976,2.0495009165175406,0.08910873550076259,0.06497886597147205,0.6528500352431498,6352
796,1.0,23,77,23,23,0,0,0,0,0.48768000000000006,1217.0669594578899,0.96,140087.60871788263,1.0685121492366376,2.037655719578906,0.0885937269382133,0.06506050754816022,0.6496467134010947,6353
797,1.0,23,77,23,23,0,0,0,0,0.48768000000000006,1217.5546394578898,0.9600207099925714,140107.05924126203,1.0680746278601068,2.0257646068072526,0.08807672203509796,0.0651402237356235,0.646418263755956,6354
798,1.0,23,77,23,23,0,0,0,0,0.48768000000000006,1218.0423194578898,0.9600413985510508,140126.49418943343,1.0676380543610395,2.013933019928054,0.0875623052142632,0.06522061247600827,0.6431701100565442,6355
799,1.0,23,77,23,23,0,0,0,0,0.48768000000000006,1218.5299994578897,0.9600620657086959,140145.91358109732,1.0672024272087286,2.0020714829373105,0.08704658621466567,0.0653028514771161,0.6398735808505459,6356
800,1.0,23,77,23,23,0,0,0,0,0.48768000000000006,1219.0176794578897,0.9600827114986964,140165.31743492436,1.0667677448750106,1.990185541752434,0.08652980616314929,0.06538532385437465,0.636540972668699,6357
801,1.0,23,77,23,23,0,0,0,0,0.48768000000000006,1219.5053594578897,0.9601033359541727,140184.70576955526,1.0663340058333983,1.9783403448137995,0.08601479760059998,0.06546694187973745,0.6331950025669545,6358
802,1.0,22,78,23,22,0,1,0,0,0.4871928685508657,1219.9925523264405,0.9601014863711886,140200.85587721912,1.0659179539848176,1.966523704144699,0.0893874410974863,0.06437571510816538,0.6584709019911167,6359
803,1.0,22,78,22,22,0,0,0,0,0.46736000000000005,1220.4599123264406,0.9601211849192101,140219.27166275226,1.0654952854018664,1.9552560514057262,0.08887527506389666,0.06445383437596289,0.6553340736620268,6360
804,1.0,22,78,22,22,0,0,0,0,0.47142400000000007,1220.9313363264407,0.96014086402584,140237.20655345754,1.0650737158813335,1.943911910381576,0.08835963229007164,0.06453588961675155,0.6521237291757582,6361
805,1.0,22,78,22,22,0,0,0,0,0.46736000000000005,1221.3986963264408,0.9601605237198457,140255.5942750203,1.064652864156999,1.9327037835350576,0.08785017197886626,0.06461464285176519,0.6489400733109767,6362
806,1.0,22,78,22,22,0,0,0,0,0.46736000000000005,1221.866056326441,0.9601801640299377,140273.96793008942,1.0642329188125792,1.9214820466291043,0.08734009302859568,0.06469463065071,0.6457164300340729,6363
807,1.0,22,78,22,22,0,0,0,0,0.47142400000000007,1222.337480326441,0.9601997849847698,140291.86109404336,1.063814352433454,1.9101135014108206,0.08682334097321912,0.06477694965862231,0.6424126833892476,6364
808,1.0,22,78,22,22,0,0,0,0,0.46736000000000005,1222.804840326441,0.9602193866129394,140310.2067818091,1.0633962154239125,1.898845848671848,0.08631117493962946,0.06485512110375989,0.6391337622931683,6365
809,1.0,22,78,22,22,0,0,0,0,0.46736000000000005,1223.2722003264412,0.9602389689429875,140328.53845136918,1.0629789806158756,1.8876077717137856,0.08580035325971754,0.06493591551796953,0.6358147337859305,6366
810,1.0,22,78,22,22,0,0,0,0,0.46736000000000005,1223.7395603264413,0.9602585320033994,140346.85611878478,1.0625626466236955,1.8763996448672677,0.08529089294851215,0.06501459365491315,0.6324895262059945,6367
811,1.0,22,78,22,22,0,0,0,0,0.47142400000000007,1224.2109843264413,0.9602780758226037,140364.6938313855,1.06214806347983,1.865071843895226,0.08477599290432845,0.06509585854225838,0.6290872126929414,6368
812,1.0,22,78,22,22,0,0,0,0,0.46736000000000005,1224.6783443264414,0.9602976004289736,140382.9836597267,1.0617335265345464,1.8538637170487076,0.08426653259312308,0.0651746680286831,0.6257033781929047,6369
813,1.0,22,78,22,22,0,0,0,0,0.46736000000000005,1225.1457043264415,0.9603171058508263,140401.25953391677,1.0613198862627207,1.8426012358965118,0.08375460163165961,0.06525571849178292,0.6222607005440453,6370
814,1.0,22,78,22,22,0,0,0,0,0.46736000000000005,1225.6130643264416,0.9603365921164234,140419.521469919,1.0609071412878142,1.8313631589384496,0.08324377995174771,0.06533652249079179,0.6187968175596079,6371
815,1.0,22,78,22,22,0,0,0,0,0.46736000000000005,1226.0804243264417,0.960356059253971,140437.76948367234,1.0604952902388431,1.820095506199477,0.08273161391815806,0.0654146207215763,0.6153155928189106,6372
816,1.0,22,78,22,22,0,0,0,0,0.46736000000000005,1226.5477843264418,0.9603755072916202,140456.00359109146,1.060073952120084,1.808873769293524,0.08222153496788745,0.06549455993818562,0.6118036978919368,6373
817,1.0,22,78,22,22,0,0,0,0,0.46736000000000005,1227.015144326442,0.9603949362574663,140474.2238080668,1.0596535157877798,1.7976656424470057,0.08171207465668208,0.06557329468142242,0.6082748828119934,6374
818,1.0,22,78,22,22,0,0,0,0,0.46736000000000005,1227.482504326442,0.96041434617955,140492.43015046458,1.0592339798612858,1.7864439055410524,0.08120199570641146,0.06565339461433907,0.6047032360294936,6375
819,1.0,22,78,22,22,0,0,0,0,0.46736000000000005,1227.9498643264421,0.9604337370858568,140510.62263412686,1.0588153429630704,1.7752058285829901,0.08069117402649956,0.06573420963378915,0.6010925387665735,6376
820,1.0,22,78,22,22,0,0,0,0,0.46736000000000005,1228.4172243264422,0.9604531090043175,140528.80127487163,1.0583976037193341,1.7639381758440176,0.08017900799290989,0.06581234448838379,0.5974637880702508,6377
821,1.0,22,78,22,22,0,0,0,0,0.46736000000000005,1228.8845843264423,0.9604724619628081,140546.96608849274,1.0579807607561484,1.7526756946918218,0.07966707703144646,0.06589333056434245,0.5937858783867936,6378
822,1.0,22,78,22,22,0,0,0,0,0.46736000000000005,1229.3519443264424,0.9604917959891502,140565.11709076012,1.05756481270436,1.7414675678453035,0.07915761672024108,0.06597199138518196,0.5901103239093434,6379
823,1.0,22,78,22,22,0,0,0,0,0.46736000000000005,1229.8193043264425,0.9605111111111111,140583.25429741965,1.0571497581979377,1.7302458309393502,0.07864753776997045,0.06605206664256573,0.5863910696456539,6380
824,1.0,22,78,22,22,0,0,0,0,0.46736000000000005,1230.2866643264426,0.9605304073564035,140601.37772419333,1.056735595873324,1.719007753981288,0.07813671609005855,0.06613290774287102,0.582631937094166,6381
825,1.0,22,78,22,22,0,0,0,0,0.46736000000000005,1230.7540243264427,0.9605496847526863,140619.48738677925,1.056322324369455,1.7077996271347693,0.07762725577885315,0.0662116263393385,0.578867245994905,6382
826,1.0,22,78,22,22,0,0,0,0,0.46736000000000005,1231.2213843264428,0.960568943327564,140637.58330085166,1.0559099423293787,1.6965319743957974,0.07711508974526352,0.06628974446491505,0.5750602815944944,6383
827,1.0,22,78,22,22,0,0,0,0,0.46736000000000005,1231.688744326443,0.9605881831085876,140655.66548206107,1.0554984483958094,1.6852694932436014,0.07660315878380006,0.06637075687754834,0.571203606179837,6384
828,1.0,22,78,22,22,0,0,0,0,0.46736000000000005,1232.156104326443,0.9606074041232543,140673.7339460342,1.0550878412161473,1.6740477563376484,0.07609307983352946,0.06645080767262357,0.5673361218032029,6385
829,1.0,22,78,22,22,0,0,0,0,0.46736000000000005,1232.6234643264431,0.9606266063990073,140691.78870837408,1.0546781194411399,1.6628396294911296,0.07558361952232408,0.06652952430008863,0.5634529133548005,6386
830,1.0,22,78,22,22,0,0,0,0,0.46736000000000005,1233.0908243264432,0.9606457899632369,140709.82978466008,1.0542692817235644,1.6516015525330674,0.07507279784241216,0.06661031994109715,0.5595158817413981,6387
831,1.0,21,79,22,21,0,1,0,0,0.460611447518984,1233.551435773962,0.9606428191960333,140725.3844190809,1.0538788835169408,1.6405338074880835,0.07812065749943256,0.0661839115888893,0.5821569576725427,6388
832,1.0,20,80,21,20,0,1,0,0,0.440348710783195,1233.9917844847453,0.9606389804633051,140739.9969623922,1.0534976539679133,1.6301255783447315,0.08150627891723657,0.06551550653947842,0.6074930300427676,6389
833,1.0,19,81,20,19,0,1,0,0,0.4197363020996538,1234.411520786845,0.9606342747196851,140753.70901370773,1.0531360934762977,1.6203133454243022,0.0852796497591738,0.06452592816485705,0.635928867668359,6390
834,1.0,19,81,19,19,0,0,0,0,0.40640000000000004,1234.817920786845,0.9606508090901053,140768.9320618514,1.0527724230595923,1.610854476888412,0.08478181457307432,0.06460426492754984,0.6326497687890076,6391
835,1.0,19,81,19,19,0,0,0,0,0.40640000000000004,1235.224320786845,0.9606673295768423,140784.1450929534,1.0524095379092204,1.6014200125466556,0.08428526381824503,0.06468217504627086,0.6293531358414814,6392
836,1.0,19,81,19,19,0,0,0,0,0.40640000000000004,1235.6307207868451,0.960683836197376,140799.3481168975,1.0520474369965502,1.5920154983164432,0.08379028938507596,0.06475734732848899,0.6260574377728628,6393
837,1.0,19,81,19,19,0,0,0,0,0.40640000000000004,1236.0371207868452,0.9607003289691564,140814.5411435546,1.0516861192942255,1.5825973740267956,0.08329459863298924,0.06483416615492833,0.6227182632011943,6394
838,1.0,19,81,19,19,0,0,0,0,0.40640000000000004,1236.4435207868453,0.9607168079096046,140829.72418278255,1.051316714899986,1.5731333339041291,0.08279649125811206,0.06490908479061398,0.6193514039143238,6395
839,1.0,19,81,19,19,0,0,0,0,0.40640000000000004,1236.8499207868454,0.9607332730361121,140844.89724442628,1.0509480994046951,1.563674465368239,0.08229865607201259,0.06498752693176206,0.6159324475753553,6396
840,1.0,19,81,19,19,0,0,0,0,0.40640000000000004,1237.2563207868454,0.9607497243660419,140860.0603383177,1.0505802717764166,1.5542699511380267,0.0818036816388435,0.06506269632250575,0.6125257940977243,6397
841,1.0,19,81,19,19,0,0,0,0,0.40640000000000004,1237.6627207868455,0.9607661619167273,140875.21347427592,1.0502132309854362,1.5448354867962701,0.08130713088401423,0.06514055258818581,0.6090624266825964,6398
842,1.0,19,81,19,19,0,0,0,0,0.40640000000000004,1238.0691207868456,0.9607825857054728,140890.35666210708,1.0498469760031615,1.5354173625066225,0.0808114401319275,0.06521734274313304,0.6055837940241838,6399
843,1.0,19,81,19,19,0,0,0,0,0.40640000000000004,1238.4755207868457,0.9607989957495541,140905.4899116045,1.0494815058050737,1.5258689243347554,0.08030889075446081,0.0652971991409145,0.6020136429284484,6400
844,1.0,19,81,19,19,0,0,0,0,0.40640000000000004,1238.8819207868457,0.9608153920662176,140920.6132325486,1.0491168193633897,1.516404884212089,0.07981078337958362,0.06537216578146951,0.5984772010057542,6401
845,1.0,19,81,19,19,0,0,0,0,0.40640000000000004,1239.2883207868458,0.9608317746726812,140935.726634707,1.0487529156546227,1.5070003699818768,0.07931580894641455,0.06544729059296162,0.5949302121271234,6402
846,1.0,19,81,19,19,0,0,0,0,0.40640000000000004,1239.694720786846,0.9608481435861341,140950.83012783455,1.048389793658658,1.49756590564012,0.07881925819158525,0.06552521932023576,0.5913247499849923,6403
847,1.0,19,81,19,19,0,0,0,0,0.40640000000000004,1240.101120786846,0.9608644988237364,140965.92372167323,1.0480274523558222,1.4881477813504724,0.07832356743949855,0.06560202295351251,0.5877045198183704,6404
848,1.0,19,81,19,19,0,0,0,0,0.40640000000000004,1240.507520786846,0.9608808404026197,140981.0074259523,1.0476658907290193,1.4786889128145826,0.07782573225339907,0.0656803639093095,0.5840312219530998,6405
849,1.0,19,81,19,19,0,0,0,0,0.40640000000000004,1240.9139207868461,0.960897168339887,140996.08125038823,1.0473051077611115,1.46928439858437,0.07733075782023001,0.06575548223544829,0.5803712179606375,6406
850,1.0,19,81,19,19,0,0,0,0,0.40640000000000004,1241.3203207868462,0.9609134826526131,141011.1452046849,1.046945102439564,1.4598203584617033,0.07683265044535281,0.06583042925419966,0.5766643473529405,6407
851,1.0,19,81,19,19,0,0,0,0,0.41046400000000005,1241.7307847868462,0.9609297833578436,141025.7377407778,1.0465864307288197,1.4502961701059676,0.0763313773739983,0.06590985922752594,0.5728753108560694,6408
852,1.0,19,81,19,19,0,0,0,0,0.40640000000000004,1242.1371847868463,0.9609460704725964,141040.7820856465,1.046227977419122,1.4408617057642112,0.075834826619169,0.06598774215252516,0.5690993040022463,6409
853,1.0,19,81,19,19,0,0,0,0,0.40640000000000004,1242.5435847868464,0.9609623440138606,141055.81658937666,1.0458702987225805,1.4314571915339986,0.07533985218599994,0.0660628480799666,0.5653257995840332,6410
854,1.0,19,81,19,19,0,0,0,0,0.40640000000000004,1242.9499847868465,0.960978603998597,141070.84126162145,1.0455133936325172,1.4219983229981086,0.07484201699990045,0.06614121932504423,0.5614809563387515,6411
855,1.0,19,81,19,19,0,0,0,0,0.40640000000000004,1243.3563847868465,0.9609948504437383,141085.85611202128,1.045157261143577,1.4125342828754421,0.07434390962502328,0.06621622566125611,0.5576308431829847,6412
856,1.0,19,81,19,19,0,0,0,0,0.40640000000000004,1243.7627847868466,0.9610110833661891,141100.8611502041,1.0448019002501083,1.4031161585857947,0.07384821887293655,0.06629304831638956,0.5537548713551798,6413
857,1.0,19,81,19,19,0,0,0,0,0.40640000000000004,1244.1691847868467,0.9610273027828258,141115.85638578513,1.0444385140158534,1.393711644355582,0.07335324443976748,0.06636815176626307,0.5498683704808957,6414
858,1.0,19,81,19,19,0,0,0,0,0.40640000000000004,1244.5755847868468,0.9610435087104964,141130.84182836712,1.0440759049877835,1.3842771800138256,0.07285669368493819,0.06644598224661749,0.5459227593085401,6415
859,1.0,19,81,19,19,0,0,0,0,0.40640000000000004,1244.9819847868469,0.9610597011660214,141145.81748754033,1.043714072157958,1.3748183114779355,0.07235885849883872,0.06652445626341712,0.5419353750331436,6416
860,1.0,19,81,19,19,0,0,0,0,0.40640000000000004,1245.388384786847,0.9610758801661928,141160.7833728824,1.043353014518677,1.3654137972477234,0.07186388406566965,0.06659964347442432,0.5379640943199596,6417
861,1.0,19,81,19,19,0,0,0,0,0.41046400000000005,1245.798848786847,0.9610920457277755,141175.2789555611,1.0429942099255733,1.3558896088919874,0.07136261099431512,0.06667900490704438,0.5338899296033933,6418
862,1.0,19,81,19,19,0,0,0,0,0.40640000000000004,1246.205248786847,0.9611081978675057,141190.22542336854,1.0426346990177793,1.3464255687693207,0.07086450361943793,0.06675392037984695,0.5298428001032834,6419
863,1.0,19,81,19,19,0,0,0,0,0.40640000000000004,1246.6116487868471,0.9611243366020923,141205.16214596858,1.042275960290858,1.3369911044275644,0.07036795286460866,0.06683178086001992,0.5257567883755889,6420
864,1.0,19,81,19,19,0,0,0,0,0.40640000000000004,1247.0180487868472,0.9611404619482163,141220.0891328891,1.0419179927462043,1.3275865901973518,0.06987297843143957,0.06690695557257427,0.5216744425467341,6421
865,1.0,19,81,19,19,0,0,0,0,0.40640000000000004,1247.4244487868473,0.9611565739225314,141235.00639364542,1.0415607953857662,1.3181684659077044,0.06937728767935288,0.0669837680673904,0.5175474029585259,6422
866,1.0,19,81,19,19,0,0,0,0,0.40640000000000004,1247.8308487868474,0.961172672541663,141249.9139377406,1.0412043672145657,1.3087044257850378,0.06887918030447567,0.06705879557798511,0.5133888880554597,6423
867,1.0,19,81,19,19,0,0,0,0,0.40640000000000004,1248.2372487868474,0.9611887578222096,141264.81177466526,1.0408487072361297,1.2992455572491477,0.06838134511837618,0.06713718044045662,0.5091799981976625,6424
868,1.0,19,81,19,19,0,0,0,0,0.40640000000000004,1248.6436487868475,0.961204829780742,141279.69991389764,1.0404938144577573,1.2898110929073914,0.0678847943635469,0.06721507067843349,0.5049571272873327,6425
869,1.0,19,81,19,19,0,0,0,0,0.40640000000000004,1249.0500487868476,0.9612208884338032,141294.5783649037,1.040139687888774,1.2804065786771786,0.06738981993037783,0.06729016097469304,0.5007399681856687,6426
870,1.0,19,81,19,19,0,0,0,0,0.414528,1249.4645767868476,0.9612369337979094,141308.52789284018,1.0397874313879083,1.2707763262553549,0.06688296453975554,0.06737213999945177,0.4963564218495751,6427
871,1.0,19,81,19,19,0,0,0,0,0.40640000000000004,1249.8709767868477,0.9612529658895492,141323.3871980079,1.0394348337977395,1.2612278880834877,0.06638041516228883,0.06745198565960997,0.49199370408183213,6428
872,1.0,19,81,19,19,0,0,0,0,0.40640000000000004,1250.2773767868478,0.9612689847251839,141338.23684320456,1.0390829994521928,1.2518233738532751,0.06588544072911975,0.06752719185311623,0.48769604860912147,6429
873,1.0,19,81,19,19,0,0,0,0,0.40640000000000004,1250.6837767868478,0.9612849903212476,141353.076837847,1.0387319273700821,1.2423593337306087,0.06538733335424256,0.06760218715065541,0.48335026977842266,6430
874,1.0,19,81,19,19,0,0,0,0,0.41046400000000005,1251.0942407868479,0.9613009826941473,141367.44797799192,1.038382535690728,1.2328188053227642,0.06488520028014548,0.06768267404565552,0.47890719292882766,6431
875,1.0,19,81,19,19,0,0,0,0,0.40640000000000004,1251.500640786848,0.9613169618602629,141382.26880072043,1.0380329847914307,1.2233599367868742,0.064387365094046,0.06776102444535723,0.47448730155170266,6432
876,1.0,19,81,19,19,0,0,0,0,0.40640000000000004,1251.907040786848,0.9613329278359474,141397.08000103745,1.0376754690281245,1.2139418124972265,0.06389167434195929,0.06783775812558898,0.47007088070822006,6433
877,1.0,19,81,19,19,0,0,0,0,0.40640000000000004,1252.313440786848,0.9613488806375263,141411.88158831093,1.0373187190950512,1.204537298267014,0.06339669990879021,0.06791288065527784,0.4656472526452661,6434
878,1.0,19,81,19,19,0,0,0,0,0.40640000000000004,1252.7198407868482,0.9613648202812989,141426.6735718967,1.036962734006613,1.1951028339252576,0.06290014915396093,0.06799085065710789,0.4611660638235071,6435
879,1.0,19,81,19,19,0,0,0,0,0.40640000000000004,1253.1262407868483,0.9613807467835369,141441.45596113848,1.0366075127800647,1.185638793802591,0.06240204177908373,0.06806584136798274,0.45667021035903393,6436
880,1.0,19,81,19,19,0,0,0,0,0.40640000000000004,1253.5326407868483,0.9613966601604857,141456.22876536776,1.03625305443084,1.1762206695129434,0.06190635102699703,0.06814261161103062,0.4521568412896904,6437
881,1.0,19,81,19,19,0,0,0,0,0.40640000000000004,1253.9390407868484,0.961412560428364,141470.99199390408,1.0358993579797453,1.166816155282731,0.061411376593827956,0.06821772200265314,0.447638049064068,6438
882,1.0,19,81,19,19,0,0,0,0,0.40640000000000004,1254.3454407868485,0.9614284476033631,141485.74565605482,1.0355464224484185,1.1573572867468411,0.06091354140772848,0.06829603855818407,0.44305007892361686,6439
883,1.0,19,81,19,19,0,0,0,0,0.40640000000000004,1254.7518407868486,0.9614443217016484,141500.48976111526,1.0351942468586097,1.1479391624571935,0.060417850655641765,0.06837292393358681,0.4384673447909205,6440
884,1.0,19,81,19,19,0,0,0,0,0.40640000000000004,1255.1582407868486,0.9614601827393583,141515.22431836877,1.0348428302355273,1.1385046981154368,0.05992129990081247,0.06845084962491334,0.4338481200778863,6441
885,1.0,19,81,19,19,0,0,0,0,0.40640000000000004,1255.5646407868487,0.9614760307326047,141529.94933708658,1.0344921716052544,1.1291001838852246,0.0594263254676434,0.0685259538145176,0.42924051843973315,6442
886,1.0,19,81,19,19,0,0,0,0,0.40640000000000004,1255.9710407868488,0.9614918656974731,141544.66482652797,1.0341422699968488,1.119636143762558,0.05892821809276621,0.0686008565417674,0.42458729125048233,6443
887,1.0,15,85,19,15,0,4,0,0,0.3503323744759743,1256.3213731613248,0.9614211880717082,141552.95277075891,1.0338562909922884,1.1115038649470566,0.0741002576631371,0.06936873470264873,0.532943580856869,6444
888,1.0,13,87,15,12,0,2,1,0,0.2464016979889052,1256.5677748593137,0.9613688443080116,141563.39479572923,1.0336133240785428,1.105647166838399,0.08504978206449222,0.06779334553447507,0.6114818601550416,6445
889,1.0,12,88,13,12,0,1,0,1,0.26140826722472943,1256.8291831265383,0.9613580860582223,141572.14233152135,1.0333743403187887,1.0994480636965827,0.09162067197471523,0.06585650502029135,0.6593406751506238,6445
890,1.0,12,88,12,12,0,0,0,1,0.24384000000000003,1257.0730231265384,0.9613681049197329,141582.864897805,1.0331315370947798,1.093735300149871,0.09114460834582257,0.06588477934501397,0.656803067320042,6445
891,1.0,12,88,12,12,0,0,0,1,0.24384000000000003,1257.3168631265385,0.9613781185873205,141593.58330508842,1.0328888648002286,1.0880225366031588,0.09066854471692992,0.06591307146670605,0.6542440873206192,6445
892,1.0,12,88,12,12,0,0,0,1,0.24384000000000003,1257.5607031265386,0.9613881270650225,141604.29755579092,1.0326463233292602,1.0823097730564473,0.09019248108803728,0.06594138136246026,0.6516635909184934,6445
893,1.0,12,88,12,12,0,0,0,1,0.251968,1257.8126711265386,0.9613981303568729,141614.0925345157,1.032404642674247,1.0764090843146554,0.08970075702622128,0.06592835813758059,0.6492675223215107,6445
894,1.0,12,88,12,12,0,0,0,1,0.24384000000000003,1258.0565111265387,0.9614081284669012,141624.79858750876,1.0321623623365839,1.0706963207679434,0.08922469339732864,0.06595671979955282,0.6466436046216423,6445
895,1.0,12,88,12,12,0,0,0,1,0.24384000000000003,1258.3003511265388,0.9614181213991325,141635.5004911523,1.0319202125056675,1.0649835572212318,0.08874862976843599,0.06598509916410493,0.6439977280297833,6445
896,1.0,12,88,12,12,0,0,0,1,0.247904,1258.5482551265388,0.9614281091575881,141645.74085566256,1.0316788313959109,1.05917683107698,0.08826473592308165,0.06599285083451081,0.6414328362221503,6445
897,1.0,12,88,12,12,0,0,0,1,0.24384000000000003,1258.792095126539,0.961438091746285,141656.43452191757,1.0314369420905165,1.0534640675302682,0.087788672294189,0.06602127367992147,0.638742618577679,6445
898,1.0,12,88,12,12,0,0,0,1,0.24384000000000003,1259.035935126539,0.9614480691692361,141667.12404604527,1.031195182976042,1.0477513039835562,0.08731260866529635,0.06604971415799307,0.6360300164750142,6445
899,1.0,12,88,12,12,0,0,0,1,0.24384000000000003,1259.279775126539,0.9614580414304499,141677.8094304518,1.030953553947408,1.0420385404368442,0.08683654503640369,0.06607817224595797,0.6332948934496924,6445
900,1.0,12,88,12,12,0,0,0,1,0.251968,1259.5317431265391,0.961468008533931,141687.57633452592,1.0307140588893375,1.0361378516950526,0.08634482097458772,0.06606543364035032,0.6307431632586228,6445
901,1.0,12,88,12,12,0,0,0,1,0.24384000000000003,1259.7755831265392,0.9614779704836799,141698.25355479177,1.0304726891787335,1.0304250881483408,0.08586875734569505,0.06609394316642597,0.6279625206123571,6445
902,1.0,12,88,12,12,0,0,0,1,0.247904,1260.0234871265393,0.9614879272836927,141708.46958352634,1.0302315402811641,1.0246183620040892,0.08538486350034076,0.06610188505904958,0.6252618849874075,6445
903,1.0,11,89,12,11,0,1,0,1,0.23794235267622815,1260.2614294792156,0.9614763453132066,141716.62785379682,1.030010921616141,1.019071963774874,0.09264290579771582,0.06362965220497242,0.679471822975668,6446
904,1.0,11,89,11,11,0,0,0,1,0.22352000000000002,1260.4849494792156,0.9614854682454251,141726.40464593322,1.029787505262677,1.0139124362351566,0.09217385783955968,0.06365177283860823,0.6771049096276769,6446
905,1.0,11,89,11,11,0,0,0,1,0.22352000000000002,1260.7084694792156,0.9614945868577948,141736.17797127514,1.029564198936966,1.0087529086954394,0.09170480988140359,0.0636739103056624,0.6747174553583944,6446
906,1.0,11,89,11,11,0,0,0,1,0.227584,1260.9360534792156,0.9615037011533827,141745.49098412791,1.0293412754131968,1.0034994185581823,0.09122721986892567,0.06367380049275287,0.67242207525194,6446
907,1.0,11,89,11,11,0,0,0,1,0.22352000000000002,1261.1595734792156,0.9615128111352538,141755.25743090772,1.0291181888321383,0.9983398910184651,0.09075817191076957,0.06369597942620826,0.669993165972668,6446
908,1.0,11,89,11,11,0,0,0,1,0.22352000000000002,1261.3830934792156,0.9615219168064697,141765.02041641364,1.0288952120353279,0.9931803634787478,0.09028912395261346,0.06371817514085538,0.6675432326431124,6446
909,1.0,11,89,11,11,0,0,0,1,0.22352000000000002,1261.6066134792156,0.9615310181700892,141774.7799424854,1.0286723449417445,0.9880208359390309,0.08982007599445734,0.06374038761916355,0.6650721169217785,6446
910,1.0,11,89,11,11,0,0,0,1,0.227584,1261.8341974792156,0.9615401152291685,141784.07936431514,1.0284502235068476,0.9827673458017736,0.08934248598197941,0.06374038785163258,0.6626928109353308,6446
911,1.0,11,89,11,11,0,0,0,1,0.227584,1262.0617814792156,0.9615492079867604,141793.37543226848,1.0282283021406073,0.9775138556645165,0.0888648959695015,0.06374042422928433,0.6602921618571537,6446
912,1.0,11,89,11,11,0,0,0,1,0.22758400000000004,1262.2893654792156,0.9615582964459152,141802.6681481595,1.0280065806954837,0.9722603655272593,0.08838730595702357,0.063740496752057,0.6578699902676721,6446
913,1.0,11,89,11,11,0,0,0,1,0.22758400000000004,1262.5169494792156,0.9615673806096802,141811.95751380088,1.0277850590240822,0.9670068753900022,0.08790971594454565,0.06374060541982714,0.655426116627855,6446
914,1.0,11,89,11,11,0,0,0,1,0.23164800000000002,1262.7485974792155,0.9615764604810997,141820.78709689295,1.0275643723904682,0.9616473211866569,0.08742248374424154,0.06375216738411986,0.6528291961135918,6446
915,1.0,11,89,11,11,0,0,0,1,0.227584,1262.9761814792155,0.9615855360632153,141830.0698198463,1.0273422514105972,0.9563938310493998,0.08694489373176363,0.06375235628402864,0.6503406109132359,6446
916,1.0,11,89,11,11,0,0,0,1,0.227584,1263.2037654792155,0.9615946073590658,141839.34919797233,1.0271203302535015,0.9511403409121426,0.0864673037192857,0.06375258132166788,0.6478297832196116,6446
917,1.0,11,89,11,11,0,0,0,1,0.227584,1263.4313494792154,0.9616036743716867,141848.6252330786,1.026898608772003,0.9458868507748852,0.08598971370680776,0.06375284249665487,0.6452965338196449,6446
918,1.0,11,89,11,11,0,0,0,1,0.22352000000000002,1263.6548694792154,0.9616127371041112,141858.35415161867,1.026676724083377,0.9407273232351682,0.08552066574865164,0.06377527329785049,0.6426271368141017,6446
919,1.0,11,89,11,11,0,0,0,1,0.227584,1263.8824534792154,0.9616217955593693,141867.62345375709,1.0264554016011305,0.9354738330979109,0.08504307573617371,0.06377559508678664,0.6400484904070847,6446
920,1.0,11,89,11,11,0,0,0,1,0.22352000000000002,1264.1059734792154,0.9616308497404882,141877.34554119554,1.0262337345172066,0.9303143055581937,0.0845740277780176,0.06379806693186947,0.6373333310691723,6446
921,1.0,11,89,11,11,0,0,0,1,0.227584,1264.3335574792154,0.9616398996504921,141886.60811761222,1.0260128104915205,0.9250608154209367,0.08409643776553968,0.06379844929096926,0.6347086103560523,6446
922,1.0,11,89,11,11,0,0,0,1,0.22352000000000002,1264.5570774792154,0.9616489452924026,141896.32338121903,1.0257913606477949,0.9199012878812196,0.0836273898073836,0.06382096211480368,0.6319470508722709,6446
923,1.0,11,89,11,11,0,0,0,1,0.23164800000000002,1264.7887254792154,0.9616579866692385,141905.1232702892,1.025571649691891,0.9145538351464226,0.08314125774058388,0.06379932233779846,0.6293891104761821,6446
924,1.0,11,89,11,11,0,0,0,1,0.22352000000000002,1265.0122454792154,0.9616670237840155,141914.8317667014,1.0253504165248295,0.9093943076067056,0.08267220978242777,0.06382188398125117,0.6265804840199195,6446
925,1.0,11,89,11,11,0,0,0,1,0.22352000000000002,1265.2357654792154,0.9616760566397463,141924.53683285468,1.0251292917764097,0.9042347800669883,0.08220316182427166,0.06384446210450821,0.6237481248653801,6446
926,1.0,11,89,11,11,0,0,0,1,0.227584,1265.4633494792154,0.9616850852394414,141933.78265274686,1.0249083658731557,0.8989812899297313,0.08172557181179375,0.06384500155362191,0.6210052794310603,6446
927,1.0,11,89,11,11,0,0,0,1,0.22352000000000002,1265.6868694792154,0.9616941095861079,141943.48091319142,1.0246874577008958,0.8938217623900141,0.08125652385363764,0.06386762049455874,0.6181249593586085,6446
928,1.0,10,90,11,10,0,1,0,1,0.21305588820974342,1265.899925367425,0.9616817228239928,141951.18934685423,1.0244851225395928,0.8889398491042231,0.0888939849104223,0.06137826081893156,0.6771658571478468,6446
929,1.0,10,90,10,10,0,0,0,1,0.21539200000000003,1266.1153173674252,0.9616899238078932,141958.6332576062,1.0242843900630854,0.8840375260286253,0.08840375260286253,0.061322080941878174,0.6751450670915401,6446
930,1.0,10,90,10,10,0,0,0,1,0.20320000000000002,1266.318517367425,0.96169812128215,141967.44147257667,1.0240815767448535,0.8794170907456473,0.08794170907456474,0.06133787686258427,0.6727288470234303,6446
931,1.0,10,90,10,10,0,0,0,1,0.207264,1266.525781367425,0.961706315249016,141975.79129092718,1.023879396079252,0.8746905913965812,0.08746905913965812,0.06136831982280399,0.6701321397347716,6446
932,1.0,10,90,10,10,0,0,0,1,0.20320000000000002,1266.728981367425,0.9617145057107414,141984.59389935702,1.0236767630431611,0.8700701561136032,0.08700701561136032,0.06138415401071221,0.6676718800878674,6446
933,1.0,10,90,10,10,0,0,0,1,0.227584,1266.956565367425,0.9617226926695749,141990.6608620234,1.02347803761342,0.8649333592074214,0.08649333592074214,0.06130962086899906,0.6655800067665405,6447
934,1.0,10,90,10,10,0,0,0,1,0.22352000000000002,1267.180085367425,0.9617308761277633,141997.1810461547,1.0232796715672066,0.8598905248987798,0.08598905248987798,0.06125962153003241,0.6633364215542165,6447
935,1.0,10,90,10,10,0,0,0,1,0.22352000000000002,1267.403605367425,0.9617390560875513,142003.69893047944,1.0230818453112078,0.8548476905901379,0.0854847690590138,0.06121021126277926,0.6610660230347575,6447
936,1.0,10,90,10,10,0,0,0,1,0.231648,1267.6352533674249,0.9617472325511818,142009.30395537228,1.022880946362229,0.8496169310864163,0.08496169310864164,0.061113311806660214,0.6590225818156006,6447
937,1.0,10,90,10,10,0,0,0,1,0.22352,1267.8587733674249,0.9617554055208957,142015.8173625067,1.0226796852587867,0.8445740967777746,0.08445740967777746,0.06106503537290461,0.656698482103842,6447
938,1.0,10,90,10,10,0,0,0,1,0.22352,1268.0822933674249,0.961763574998932,142022.32847345457,1.0224789648718968,0.8395312624691329,0.08395312624691328,0.06101735264774245,0.6543466036470688,6447
939,1.0,10,90,10,10,0,0,0,1,0.227584,1268.3098773674249,0.9617717409875277,142028.38219150386,1.0222795067847745,0.8343944655629513,0.08343944655629512,0.06094615814608035,0.6520949797438489,6447
940,1.0,9,91,10,9,0,1,0,1,0.2014113127180154,1268.5112886801428,0.9617585514796942,142034.21097455497,1.0220977530732096,0.8298226249548739,0.09220251388387488,0.05717331368439677,0.7222801678831695,6447
941,1.0,9,91,9,9,0,0,0,1,0.186944,1268.6982326801428,0.9617658988536174,142041.65762831407,1.0219144266526847,0.8256385474047964,0.09173761637831071,0.05715256270551663,0.7203939467802593,6447
942,1.0,9,91,9,9,0,0,0,1,0.18288000000000001,1268.881112680143,0.9617732434047639,142049.55704580306,1.0217308127080387,0.8215484324522591,0.0912831591613621,0.0571586703280557,0.7183456900709276,6447
943,1.0,9,91,9,9,0,0,0,1,0.18288000000000001,1269.063992680143,0.9617805851347603,142057.4541865818,1.021547272094899,0.8174583174997214,0.0908287019444135,0.057164790119407706,0.7162781819843848,6447
944,1.0,9,91,9,9,0,0,0,1,0.18288000000000001,1269.246872680143,0.9617879240452315,142065.3490516345,1.021363804769344,0.813368202547184,0.09037424472746489,0.05717092207566487,0.7141912329161926,6447
945,1.0,9,91,9,9,0,0,0,1,0.18288000000000001,1269.429752680143,0.9617952601378016,142073.24164194465,1.0211804106874875,0.8092780875946464,0.08991978751051627,0.0571770661929133,0.7120846520529664,6447
946,1.0,9,91,9,9,0,0,0,1,0.18694400000000003,1269.6166966801431,0.9618025934140931,142080.67716160908,1.02099790085721,0.8050940100445689,0.0894548900049521,0.05715641277850369,0.7101032927921473,6447
947,1.0,9,91,9,9,0,0,0,1,0.18288000000000001,1269.7995766801432,0.9618099238757276,142088.56524563796,1.0208146529694004,0.8010038950920315,0.0890004327880035,0.057162586903617016,0.70795719451005,6447
948,1.0,9,91,9,9,0,0,0,1,0.18288000000000001,1269.9824566801433,0.9618172515243253,142096.45105786726,1.0206314781939032,0.7969137801394941,0.08854597557105488,0.057168773182408504,0.7057908791059119,6447
949,1.0,9,91,9,9,0,0,0,1,0.191008,1270.1734646801433,0.9618245763615049,142103.42525574073,1.020448916864598,0.7926357399918766,0.08807063777687518,0.05712139454229456,0.7038962190572616,6447
950,1.0,9,91,9,9,0,0,0,1,0.18288000000000001,1270.3563446801434,0.9618318983888842,142111.30660779693,1.0202658880747633,0.7885456250393391,0.08761618055992657,0.05712761655383288,0.7016894934029149,6447
951,1.0,9,91,9,9,0,0,0,1,0.191008,1270.5473526801434,0.9618392176080796,142118.2765200389,1.020083832536406,0.7842675848917218,0.08714084276574686,0.057080307391597564,0.6997553282979129,6447
952,1.0,9,91,9,9,0,0,0,1,0.186944,1270.7342966801434,0.9618465340207064,142125.6988749237,1.0199014895404006,0.7800835073416443,0.08667594526018269,0.05705980334128059,0.697654374445628,6447
953,1.0,9,91,9,9,0,0,0,1,0.18694400000000003,1270.9212406801435,0.9618538476283786,142133.11904625111,1.0197193092143222,0.7758994297915668,0.08621104775461853,0.057039325678885214,0.6955327898910929,6447
954,1.0,9,91,9,9,0,0,0,1,0.18288000000000001,1271.1041206801435,0.9618611584327087,142140.99148960647,1.019536571675241,0.7718093148390294,0.08575659053766994,0.057045619275818,0.6932427077398476,6447
955,1.0,9,91,9,9,0,0,0,1,0.18694400000000003,1271.2910646801436,0.9618684664353084,142148.4072535876,1.0193547165407748,0.7676252372889519,0.08529169303210578,0.05702518595100288,0.6910788948112319,6447
956,1.0,9,91,9,9,0,0,0,1,0.191008,1271.4820726801436,0.9618757716377879,142155.36646852063,1.0191723042857304,0.7633471971413345,0.08481635523792606,0.0569780513035564,0.6890420332646895,6447
957,1.0,9,91,9,9,0,0,0,1,0.186944,1271.6690166801436,0.9618830740417562,142162.77791524716,1.0189899646791634,0.7591631195912572,0.0843514577323619,0.05695767947719519,0.6868356985246742,6447
958,1.0,9,91,9,9,0,0,0,1,0.186944,1271.8559606801437,0.9618903736488211,142170.18718322777,1.0188077875792423,0.7549790420411797,0.08388656022679775,0.05693733418094905,0.6846076108599006,6447
959,1.0,9,91,9,9,0,0,0,1,0.186944,1272.0429046801437,0.9618976704605893,142177.59427342302,1.0186257728889243,0.7507949644911023,0.08342166272123358,0.05691701544326796,0.6823575408048194,6447
960,1.0,9,91,9,9,0,0,0,1,0.18288000000000001,1272.2257846801438,0.9619049644786659,142185.4533827727,1.018443471182363,0.7467048495385646,0.08296720550428496,0.05692341671597367,0.6799358986355066,6447
961,1.0,9,91,9,9,0,0,0,1,0.191008,1272.4167926801438,0.9619122557046552,142192.4019242971,1.0182623201972092,0.7424268093909474,0.08249186771010525,0.05687645775741825,0.6777905276956498,6447
962,1.0,9,91,9,9,0,0,0,1,0.18694400000000003,1272.6037366801438,0.9619195441401599,142199.80248689422,1.0180807921363437,0.7382427318408699,0.08202697020454111,0.0568562188661665,0.6754731178569475,6447
963,1.0,9,91,9,9,0,0,0,1,0.18288000000000001,1272.7866166801439,0.9619268297867818,142207.65494227852,1.017898707600453,0.7341526168883323,0.08157251298759251,0.05686267410968626,0.6729826759393802,6447
964,1.0,9,91,9,9,0,0,0,1,0.18694400000000003,1272.973560680144,0.9619341126461212,142215.05111486628,1.017717503630232,0.729968539338255,0.08110761548202833,0.056842479900678054,0.6706189610333759,6447
965,1.0,9,91,9,9,0,0,0,1,0.186944,1273.160504680144,0.9619413927197773,142222.44511542612,1.0175356535009463,0.7257844617881776,0.08064271797646416,0.05682231240229108,0.6682318632841635,6447
966,1.0,9,91,9,9,0,0,0,1,0.18288000000000001,1273.343384680144,0.9619486700093481,142230.2908853555,1.0173537859080992,0.72169434683564,0.08018826075951556,0.05682881583095792,0.6656703783372502,6447
967,1.0,9,91,9,9,0,0,0,1,0.18288000000000001,1273.526264680144,0.9619559445164305,142238.13440195966,1.0171719906028616,0.7176042318831025,0.07973380354256694,0.05683533141115251,0.663084646751606,6447
968,1.0,9,91,9,9,0,0,0,1,0.18288000000000001,1273.7091446801442,0.9619632162426199,142245.97566620927,1.0169902675421427,0.713514116930565,0.07927934632561834,0.05684185913869618,0.6604744565601971,6447
969,1.0,9,91,9,9,0,0,0,1,0.186944,1273.8960886801442,0.9619704851895106,142253.3608590901,1.0168090652084036,0.7093300393804876,0.07881444882005417,0.05682177246842704,0.6579908514172368,6447
970,1.0,9,91,9,9,0,0,0,1,0.18288000000000001,1274.0789686801443,0.9619777513586957,142261.1976616836,1.0166274864185043,0.70523992442795,0.07835999160310557,0.05682833036911568,0.6553312497168599,6447
971,1.0,9,91,9,9,0,0,0,1,0.18694400000000003,1274.2659126801443,0.961985014751767,142268.5784780193,1.016446607430428,0.7010558468778726,0.0778950940975414,0.05680828853503887,0.6527981067915606,6447
972,1.0,9,91,9,9,0,0,0,1,0.18288000000000001,1274.4487926801444,0.9619922753703154,142276.41082281436,1.0162651727039338,0.6969657319253351,0.07744063688059279,0.05681487661456035,0.6500882008282357,6447
973,1.0,9,91,9,9,0,0,0,1,0.18694400000000003,1274.6357366801444,0.96199953321593,142283.78726644022,1.0160846167120023,0.6927816543752576,0.0769757393750286,0.05679487966441297,0.647504582475059,6447
974,1.0,9,91,9,9,0,0,0,1,0.186944,1274.8226806801445,0.9620067882901994,142291.1615466564,1.0159034154579454,0.6885975768251801,0.07651084186946444,0.05677490958682852,0.6448954409903367,6447
975,1.0,9,91,9,9,0,0,0,1,0.186944,1275.0096246801445,0.9620140405947104,142298.53366441446,1.015722375710625,0.6844134992751025,0.07604594436390029,0.056754966410173545,0.6422605294105943,6447
976,1.0,9,91,9,9,0,0,0,1,0.18288000000000001,1275.1925046801446,0.9620212901310489,142306.35714528253,1.0155412286323255,0.6803233843225651,0.07559148714695166,0.05676162080159813,0.6394474046426536,6447
977,1.0,9,91,9,9,0,0,0,1,0.18288000000000001,1275.3753846801446,0.9620285369007993,142314.1783824846,1.0153601534124401,0.6762332693700275,0.07513702993000304,0.05676828732391124,0.6366078584719764,6447
978,1.0,9,91,9,9,0,0,0,1,0.18288000000000001,1275.5582646801447,0.9620357809055452,142321.9973769857,1.0151791500082197,0.6721431544174901,0.07468257271305445,0.05677496597283963,0.6337416820148466,6447
979,1.0,9,91,9,9,0,0,0,1,0.186944,1275.7452086801447,0.9620430221468687,142329.36072544937,1.014998755540451,0.6679590768674125,0.07421767520749029,0.0567551039596459,0.6310009932751004,6447
980,1.0,9,91,9,9,0,0,0,1,0.18288000000000001,1275.9280886801448,0.9620502606263508,142337.17527753813,1.0148178955329692,0.663868961914875,0.07376321799054167,0.05676181280893867,0.6280809490856706,6447
981,1.0,9,91,9,9,0,0,0,1,0.19507200000000002,1276.1231606801448,0.9620574963455713,142343.62763480112,1.0146392550154928,0.6594969591697176,0.07327743990774639,0.05668892893227084,0.6255909246611804,6447
982,1.0,9,91,9,9,0,0,0,1,0.18694400000000003,1276.3101046801448,0.9620647293061086,142350.9845560078,1.01445934318143,0.6553128816196401,0.07281254240218224,0.05666915691769603,0.6227686087409754,6447
983,1.0,9,91,9,9,0,0,0,1,0.186944,1276.4970486801449,0.9620719595095403,142358.33932236067,1.0142787869804952,0.6511288040695626,0.07234764489661807,0.056649411993125114,0.6199185641125834,6447
984,1.0,9,91,9,9,0,0,0,1,0.18288000000000001,1276.679928680145,0.9620791869574423,142366.14512135604,1.0140982128656895,0.6470386891170251,0.07189318767966946,0.056656199252026494,0.6168880218369622,6447
985,1.0,9,91,9,9,0,0,0,1,0.18288000000000001,1276.862808680145,0.9620864116513898,142373.94868436412,1.0139177102685322,0.6429485741644875,0.07143873046272084,0.05666299863283852,0.6138293289504967,6447
986,1.0,9,91,9,9,0,0,0,1,0.191008,1277.053816680145,0.9620936335929563,142380.8438024043,1.0137379943719211,0.6386705340168701,0.07096339266854113,0.05661682706476193,0.6110471074606976,6447
987,1.0,9,91,9,9,0,0,0,1,0.18288000000000001,1277.236696680145,0.9621008527837146,142388.64297644253,1.0135576345410768,0.6345804190643325,0.0705089354515925,0.05662366272379485,0.6079313368498583,6447
988,1.0,9,91,9,9,0,0,0,1,0.18288000000000001,1277.4195766801452,0.962108069225236,142396.4399173649,1.0133773461005997,0.630490304111795,0.07005447823464389,0.05663051050004954,0.6047867945320733,6447
989,1.0,9,91,9,9,0,0,0,1,0.18288000000000001,1277.6024566801452,0.9621152829190904,142404.2346261304,1.0131971290081112,0.6264001891592574,0.06960002101769527,0.0566373703891309,0.6016132897007399,6447
990,1.0,9,91,9,9,0,0,0,1,0.18694400000000003,1277.7894006801453,0.9621224938668471,142411.57416326934,1.0130176978806653,0.62221611160918,0.0691351235121311,0.05661777951654625,0.5985626411083579,6447
991,1.0,9,91,9,9,0,0,0,1,0.18288000000000001,1277.9722806801453,0.9621297020700738,142419.36445063906,1.0128376232157985,0.6181259966566424,0.06868066629518249,0.05662466966652828,0.5953304869289502,6447
992,1.0,9,91,9,9,0,0,0,1,0.18288000000000001,1278.1551606801454,0.962136907530337,142427.1525087211,1.0126576197720427,0.6140358817041048,0.06822620907823387,0.056631571920298,0.5920687976247428,6447
993,1.0,9,91,9,9,0,0,0,1,0.18288000000000001,1278.3380406801455,0.9621441102492021,142434.93833847228,1.0124776875071528,0.6099457667515673,0.06777175186128526,0.056638486273430336,0.5887773953422819,6447
994,1.0,9,91,9,9,0,0,0,1,0.18288000000000001,1278.5209206801455,0.9621513102282333,142442.72194084883,1.0122978263789184,0.6058556517990298,0.06731729464433664,0.056645412721494585,0.5854561061480904,6447
995,1.0,9,91,9,9,0,0,0,1,0.18288000000000001,1278.7038006801456,0.9621585074689937,142450.50331680637,1.0121180363451612,0.6017655368464923,0.06686283742738802,0.056652351260054495,0.5821047602782781,6447
996,1.0,8,92,9,8,0,1,0,1,0.18003145606507026,1278.8838321362107,0.9621445772951962,142455.47204681218,1.0119572652624889,0.5977458054190999,0.07471822567738749,0.054681617259863445,0.6512169887717643,6447
997,1.0,8,92,8,8,0,0,0,1,0.16256,1279.0463921362107,0.9621509736830989,142462.3853523173,1.0117957835819589,0.5941577691648807,0.07426972114561009,0.05468158963818651,0.6484772585598084,6447
998,1.0,8,92,8,8,0,0,0,1,0.16256,1279.2089521362107,0.9621573679097859,142469.29690075698,1.0116343586089236,0.5905697329106616,0.0738212166138327,0.054681571263428874,0.6457109522880774,6447
999,1.0,8,92,8,8,0,0,0,1,0.170688,1279.3796401362106,0.9621637599763524,142475.3015301958,1.0114740604912664,0.5867937714613625,0.07334922143267031,0.05462355733201385,0.6432580547089914,6447
1000,1.0,8,92,8,8,0,0,0,1,0.16256,1279.5422001362106,0.9621701498838927,142482.20963762855,1.011312748655804,0.5832057352071434,0.07290071690089292,0.05462356661486276,0.6404380984528378,6447
1001,1.0,8,92,8,8,0,0,0,1,0.16256,1279.7047601362106,0.9621765376335008,142489.11598999717,1.0111514934383685,0.5796176989529243,0.07245221236911553,0.054623585154459524,0.6375908386934167,6447
1002,1.0,8,92,8,8,0,0,0,1,0.16256,1279.8673201362105,0.9621829232262694,142496.02058797044,1.0109902948091567,0.5760296626987051,0.07200370783733814,0.05462361295079469,0.6347160434851222,6447
1003,1.0,8,92,8,8,0,0,0,1,0.16256,1280.0298801362105,0.9621893066632907,142502.92343221675,1.0108291527383872,0.572441626444486,0.07155520330556074,0.054623650003854135,0.6318134816646558,6447
1004,1.0,8,92,8,8,0,0,0,1,0.166624,1280.1965041362105,0.9621956879456564,142509.37212416317,1.010668334506099,0.5687596275927268,0.07109495344909085,0.054594720328276,0.6290534741460516,6447
1005,1.0,8,92,8,8,0,0,0,1,0.16256,1280.3590641362105,0.9622020670744569,142516.2714984988,1.0105073054160727,0.5651715913385077,0.07064644891731346,0.054594780508439224,0.6260947099893968,6447
1006,1.0,8,92,8,8,0,0,0,1,0.16256,1280.5216241362104,0.9622084440507824,142523.1691211072,1.010346332795284,0.5615835550842885,0.07019794438553607,0.05459484995015769,0.6231074745029588,6447
1007,1.0,8,92,8,8,0,0,0,1,0.16256,1280.6841841362104,0.9622148188757221,142530.06499265545,1.0101854166140347,0.5579955188300694,0.06974943985375867,0.054594928653396047,0.6200915407531514,6447
1008,1.0,8,92,8,8,0,0,0,1,0.16256,1280.8467441362104,0.9622211915503647,142536.95911381024,1.010024556842647,0.5544074825758503,0.06930093532198128,0.054595016618114244,0.6170466833863397,6447
1009,1.0,8,92,8,8,0,0,0,1,0.16256,1281.0093041362104,0.9622275620757978,142543.85148523794,1.0098637534514638,0.5508194463216312,0.0688524307902039,0.054595113844267504,0.613972678810761,6447
1010,1.0,8,92,8,8,0,0,0,1,0.16256,1281.1718641362104,0.9622339304531086,142550.74210760463,1.0097030064108492,0.547231410067412,0.0684039262584265,0.05459522033180636,0.6108693053859733,6447
1011,1.0,8,92,8,8,0,0,0,1,0.16256,1281.3344241362104,0.9622402966833832,142557.63098157596,1.009542315691188,0.5436433738131929,0.0679554217266491,0.05459533608067662,0.6077363436200438,6447
1012,1.0,8,92,8,8,0,0,0,1,0.16256,1281.4969841362104,0.9622466607677074,142564.51810781728,1.0093816812628853,0.5400553375589737,0.0675069171948717,0.05459546109081937,0.6045735763747087,6447
1013,1.0,8,92,8,8,0,0,0,1,0.166624,1281.6636081362103,0.9622530227071661,142570.95141034882,1.0092214589476876,0.5363733387072146,0.06704666733840181,0.054566663431003706,0.6015509343678976,6447
1014,1.0,8,92,8,8,0,0,0,1,0.16256,1281.8261681362103,0.9622593825028432,142577.83507863246,1.009060936951094,0.5327853024529954,0.06659816280662442,0.054566811626172856,0.5983277633800937,6447
1015,1.0,8,92,8,8,0,0,0,1,0.16256,1281.9887281362103,0.9622657401558222,142584.7170011767,1.0089004711572216,0.5291972661987763,0.06614965827484703,0.05456696908729331,0.5950741301763327,6447
1016,1.0,8,92,8,8,0,0,0,1,0.16256,1282.1512881362103,0.962272095667186,142591.59717864555,1.0087400615365585,0.5256092299445572,0.06570115374306965,0.05456713581428485,0.5917898287572236,6447
1017,1.0,8,92,8,8,0,0,0,1,0.16256,1282.3138481362103,0.9622784490380163,142598.47561170268,1.0085797080596135,0.522021193690338,0.06525264921129224,0.05456731180706254,0.5884746566250684,6447
1018,1.0,8,92,8,8,0,0,0,1,0.166624,1282.4804721362102,0.9622848002693943,142604.9004047336,1.008419499581917,0.5183391948385789,0.06479239935482235,0.05453859087952634,0.5852976588893588,6447
1019,1.0,8,92,8,8,0,0,0,1,0.16256,1282.6430321362102,0.9622911493624006,142611.7753864466,1.0082592582884682,0.5147511585843598,0.06434389482304496,0.054538790095633644,0.5819198890068158,6447
1020,1.0,8,92,8,8,0,0,0,1,0.16256,1282.8055921362102,0.9622974963181149,142618.6486257334,1.0080990730503931,0.5111631223301406,0.06389539029126756,0.05453899858211933,0.5785106404010206,6447
1021,1.0,8,92,8,8,0,0,0,1,0.16256,1282.9681521362102,0.9623038411376162,142625.5201232563,1.0079389438382835,0.5075750860759214,0.06344688575949017,0.054539216338877074,0.5750697267386669,6447
1022,1.0,8,92,8,8,0,0,0,1,0.16256,1283.1307121362101,0.962310183821983,142632.3898796774,1.0077788706227508,0.5039870498217023,0.06299838122771279,0.05453944336579584,0.5715969665726187,6447
1023,1.0,8,92,8,8,0,0,0,1,0.170688,1283.30140013621,0.9623165243722925,142638.3544665121,1.0076199190621165,0.5002110883724032,0.0625263860465504,0.054481921547211515,0.5684277854142867,6447
1024,1.0,8,92,8,8,0,0,0,1,0.16256,1283.46396013621,0.962322862789622,142645.22081365672,1.007459957565388,0.49662305211818414,0.06207788151477302,0.0544821765618321,0.5648900309542172,6447
1025,1.0,8,92,8,8,0,0,0,1,0.16256,1283.62652013621,0.9623291990750473,142652.08542167651,1.0073000519772606,0.49303501586396503,0.06162937698299563,0.05448244085598936,0.5613198644749612,6447
1026,1.0,8,92,8,8,0,0,0,1,0.166624,1283.79314413621,0.9623355332296439,142658.49668735143,1.007140291029185,0.489353017012206,0.061169127126525745,0.054453853207517146,0.5578838068612677,6447
1027,1.0,8,92,8,8,0,0,0,1,0.16256,1283.95570413621,0.9623418652544866,142665.35785456313,1.0069804971548566,0.48576498075798685,0.06072062259474836,0.05445414080631713,0.5542478735014792,6447
1028,1.0,8,92,8,8,0,0,0,1,0.16256,1284.11826413621,0.9623481951506493,142672.21728462746,1.006820759101278,0.4821769445037677,0.06027211806297096,0.05445443768910109,0.5505790402822289,6447
1029,1.0,8,92,8,8,0,0,0,1,0.16256,1284.28082413621,0.9623545229192051,142679.07497820407,1.006661076839205,0.4785889082495486,0.05982361353119357,0.05445474385571718,0.5468771675932629,6447
1030,1.0,8,92,8,8,0,0,0,1,0.16256,1284.44338413621,0.9623608485612266,142685.93093595223,1.0065014503394125,0.4750008719953295,0.059375108999416185,0.0544550593060088,0.543142123493706,6447
1031,1.0,8,92,8,8,0,0,0,1,0.16256,1284.60594413621,0.9623671720777857,142692.78515853093,1.0063418795726975,0.47141283574111037,0.058926604467638796,0.05445538403981463,0.539373784115367,6447
1032,1.0,8,92,8,8,0,0,0,1,0.16256,1284.76850413621,0.9623734934699534,142699.63764659886,1.0061823645098762,0.46782479948689126,0.05847809993586141,0.05445571805696858,0.5355720340787175,6447
1033,1.0,8,92,8,8,0,0,0,1,0.16256,1284.93106413621,0.9623798127388,142706.4884008143,1.0060229051217855,0.46423676323267216,0.05802959540408402,0.05445606135729984,0.5317367669217407,6447
1034,1.0,8,92,8,8,0,0,0,1,0.170688,1285.1017521362098,0.9623861298853953,142712.43478980268,1.0058636786530015,0.4604608017833731,0.05755760022292164,0.054398775143790254,0.5281923419744244,6447
1035,1.0,8,92,8,8,0,0,0,1,0.166624,1285.2683761362098,0.962392444910808,142718.8308728451,1.0057045077388322,0.45677880293161405,0.05709735036645176,0.054370335723916946,0.5244499867899288,6447
1036,1.0,8,92,8,8,0,0,0,1,0.166624,1285.4350001362097,0.9623987578161064,142725.22529770812,1.0055454809561462,0.453096804079855,0.05663710050998188,0.05434191770657235,0.5206723899674972,6447
1037,1.0,8,92,8,8,0,0,0,1,0.166624,1285.6016241362097,0.9624050686023581,142731.61806503643,1.005386598229538,0.44941480522809596,0.056176850653511995,0.054313521125351316,0.5168593852736666,6447
1038,1.0,8,92,8,8,0,0,0,1,0.16256,1285.7641841362097,0.9624113772706296,142738.46033695215,1.0052274166084532,0.44582676897387685,0.05572834612173461,0.05431393491176311,0.5128512201185669,6447
1039,1.0,8,92,8,8,0,0,0,1,0.16662400000000002,1285.9308081362096,0.9624176838219873,142744.8497528778,1.0050688218452013,0.44214477012211784,0.05526809626526473,0.05428557394131575,0.5089676895518923,6447
1040,1.0,8,92,8,8,0,0,0,1,0.16662400000000002,1286.0974321362096,0.9624239882574963,142751.2375132057,1.004910370912099,0.4384627712703588,0.05480784640879485,0.054257234488928184,0.5050483425328481,6447
1041,1.0,8,92,8,8,0,0,0,1,0.16256,1286.2599921362096,0.9624302905782213,142758.07466812275,1.0047513555040897,0.4348747350161397,0.054359341877017464,0.054257685887545086,0.5009359112702764,6447
1042,1.0,8,92,8,8,0,0,0,1,0.16256,1286.4225521362096,0.9624365907852261,142764.91009507276,1.0045923955093865,0.4312866987619206,0.05391083734524007,0.054258146601501925,0.4967892304880054,6447
1043,1.0,8,92,8,8,0,0,0,1,0.16256,1286.5851121362095,0.9624428888795741,142771.74379471067,1.0044334908990291,0.4276986625077015,0.05346233281346269,0.054258616630561404,0.49260830588516835,6447
1044,1.0,8,92,8,8,0,0,0,1,0.166624,1286.7517361362095,0.9624491848623277,142778.12482434628,1.0042749070914967,0.4240166636559425,0.05300208295699281,0.054230341268422355,0.48854733354747293,6447
1045,1.0,8,92,8,8,0,0,0,1,0.170688,1286.9224241362094,0.9624554787345485,142784.05329935526,1.0041168208533169,0.42024070220664345,0.05253008777583043,0.05417334284103043,0.48460344317710463,6447
1046,1.0,8,92,8,8,0,0,0,1,0.166624,1287.0890481362094,0.9624617704972978,142790.43106312765,1.003958524311298,0.41655870335488443,0.052069837919360554,0.05414511824075236,0.48046896167243514,6447
1047,1.0,8,92,8,8,0,0,0,1,0.16256,1287.2516081362094,0.9624680601516358,142797.25800159937,1.003799840702749,0.4129706671006653,0.051621333387583165,0.05414564509385272,0.47614685924785505,6447
1048,1.0,8,92,8,8,0,0,0,1,0.16256,1287.4141681362094,0.9624743476986221,142804.08321601502,1.0036412123341318,0.4093826308464462,0.05117282885580578,0.05414618128019237,0.4717906156551943,6447
1049,1.0,8,92,8,8,0,0,0,1,0.16256,1287.5767281362093,0.9624806331393158,142810.90670702758,1.0034826391766063,0.4057945945922271,0.05072432432402839,0.05414672679949405,0.4674003316754108,6447
1050,1.0,7,93,8,7,0,1,0,1,0.14701461137649374,1287.723742747586,0.9624659828344149,142816.34631322385,1.0033424899185808,0.4025711234682283,0.05751016049546119,0.054148771914562174,0.5300768150906338,6447
1051,1.0,7,93,7,7,0,0,0,1,0.14224,1287.8659827475858,0.9624714820938945,142822.31417246026,1.0032022794975033,0.3994596248950856,0.05706566069929796,0.05414513507570733,0.5262430715795908,6447
1052,1.0,7,93,7,7,0,0,0,1,0.14224,1288.0082227475857,0.9624769797421732,142828.28071358663,1.0030621117575136,0.3963481263219429,0.05662116090313469,0.054141506296118545,0.522375882900403,6447
1053,1.0,7,93,7,7,0,0,0,1,0.14224,1288.1504627475856,0.9624824757799586,142834.24593703958,1.0029219866791255,0.3932366277488001,0.05617666110697144,0.05413788557741636,0.5184751644673822,6447
1054,1.0,7,93,7,7,0,0,0,1,0.146304,1288.2967667475857,0.9624879702079585,142839.7592462908,1.0027821692575378,0.3900311665781174,0.055718738082588204,0.05410326646102839,0.5147067260871462,6447
1055,1.0,7,93,7,7,0,0,0,1,0.150368,1288.4471347475858,0.96249346302688,142844.82074311576,1.0026428360019046,0.38673174280989486,0.05524739182998498,0.0540376682527103,0.5110680761329046,6447
1056,1.0,7,93,7,7,0,0,0,1,0.14630400000000002,1288.5934387475859,0.9624989542374299,142850.3315824018,1.0025032802004878,0.38352628163921215,0.054789468805601746,0.05400309305823633,0.5072278347914931,6447
1057,1.0,7,93,7,7,0,0,0,1,0.14224,1288.7356787475858,0.9625044438403145,142856.2916632488,1.0023633253589896,0.38041478306606946,0.05434496900943849,0.05399952152986379,0.5031883851783281,6447
1058,1.0,7,93,7,7,0,0,0,1,0.14224,1288.8779187475857,0.9625099318362397,142862.25042859197,1.0022234130819077,0.3773032844929267,0.053900469213275244,0.05399595809120018,0.49911499569058576,6447
1059,1.0,6,94,7,6,0,1,0,1,0.12604925291746272,1289.0039680005032,0.9624945121568791,142866.89922736384,1.0021026464925835,0.3745682678307696,0.0624280446384616,0.05326871386301607,0.5786736253079119,6447
1060,1.0,6,94,6,6,0,0,0,1,0.12598399999999998,1289.1299520005032,0.9624992161207383,142871.55434887306,1.001981727768054,0.3718353056987186,0.06197255094978643,0.05322502468489919,0.5754996455834451,6447
1061,1.0,6,94,6,6,0,0,0,1,0.125984,1289.2559360005032,0.9625039189047967,142876.2085606004,1.0018609288025893,0.3691023435666676,0.061517057261111265,0.05318134732580986,0.5722932013820045,6447
1062,1.0,6,94,6,6,0,0,0,1,0.12192,1289.3778560005032,0.9625086205094983,142881.31221010213,1.0017398083569498,0.3664633440321565,0.06107722400535942,0.053171664267264496,0.5688662077271838,6447
1063,1.0,6,94,6,6,0,0,0,1,0.130048,1289.5079040005032,0.9625133209352864,142885.51425577622,1.0016197781886553,0.3636364193025656,0.06060606988376094,0.05309402818137987,0.5657817673132937,6447
1064,1.0,6,94,6,6,0,0,0,1,0.12598399999999998,1289.6338880005032,0.9625180201826046,142890.16573975768,1.0014988089151498,0.36090345717051464,0.06015057619508577,0.0530503864545924,0.5624762064200125,6447
1065,1.0,6,94,6,6,0,0,0,1,0.12192,1289.7558080005033,0.9625227182518958,142895.2665743127,1.0013777829434627,0.35826445763600356,0.05971074293933393,0.0530407270865676,0.5589504984162068,6447
1066,1.0,6,94,6,6,0,0,0,1,0.12192,1289.8777280005033,0.9625274151436032,142900.3664446,1.0012567884882715,0.3556254581014925,0.05927090968358208,0.05303107297500233,0.555392005765851,6447
1067,1.0,6,94,6,6,0,0,0,1,0.125984,1290.0037120005034,0.9625321108581693,142905.01514458284,1.0011361782614627,0.3528924959694415,0.05881541599490692,0.052987459045958175,0.5519858183318349,6447
1068,1.0,6,94,6,6,0,0,0,1,0.12192,1290.1256320005034,0.9625368053960365,142910.11311364136,1.001015246756428,0.3502534964349304,0.05837558273915507,0.05297781813535541,0.5483605432684946,6447
1069,1.0,6,94,6,6,0,0,0,1,0.12192,1290.2475520005034,0.9625414987576473,142915.21011925008,1.0008943467309928,0.34761449690041935,0.05793574948340322,0.052968182494178714,0.5447019368859399,6447
1070,1.0,6,94,6,6,0,0,0,1,0.12598399999999998,1290.3735360005035,0.9625461909434435,142919.85603766138,1.0007735663194888,0.34488153476836836,0.05748025579472806,0.052924596482300426,0.5411930788913366,6447
1071,1.0,6,94,6,6,0,0,0,1,0.12192,1290.4954560005035,0.9625508819538671,142924.95114366992,1.0006527292049194,0.34224253523385734,0.05704042253897621,0.052914974084804924,0.5374665488205002,6447
1072,1.0,6,94,6,6,0,0,0,1,0.130048,1290.6255040005035,0.9625555717893595,142929.1451534248,1.000532452275214,0.3394156105042664,0.05656926841737773,0.05283746065762325,0.5340698514416811,6447
1073,1.0,6,94,6,6,0,0,0,1,0.125984,1290.7514880005035,0.9625602604503621,142933.78835130812,1.0004120304139807,0.3366826483722154,0.05611377472870257,0.052793910904570585,0.5304549835016882,6447
1074,1.0,6,94,6,6,0,0,0,1,0.125984,1290.8774720005035,0.9625649479373161,142938.4306428798,1.0002917279800567,0.33394968624016436,0.055658281040027395,0.052750373297689904,0.5268042898652703,6447
1075,1.0,6,94,6,6,0,0,0,1,0.12192,1290.9993920005036,0.9625696342506624,142943.5220058787,1.0001710163910271,0.3313106867056533,0.05521844778427554,0.05274078293942986,0.5229379231625901,6447
1076,1.0,6,94,6,6,0,0,0,1,0.12192,1291.1213120005036,0.9625743193908418,142948.61240732737,1.0000503361957487,0.3286716871711422,0.05477861452852369,0.052731197892714375,0.5190370935865118,6447
1077,1.0,6,94,6,6,0,0,0,1,0.12192,1291.2432320005037,0.9625790033582946,142953.70184749825,0.999929687381976,0.32603268763663107,0.05433878127277186,0.05272161816044045,0.5151017016961145,6447
1078,1.0,6,94,6,6,0,0,0,1,0.12192,1291.3651520005037,0.9625836861534611,142958.79032666353,0.9998090699374698,0.32339368810212,0.05389894801702,0.05271204374550558,0.5111316587512745,6447
1079,1.0,6,94,6,6,0,0,0,1,0.12192,1291.4870720005038,0.9625883677767815,142963.87784509544,0.9996884838499975,0.3207546885676089,0.053459114761268155,0.05270247465080775,0.5071268872389627,6447
1080,1.0,6,94,6,6,0,0,0,1,0.130048,1291.6171200005037,0.9625930482286953,142968.0647155931,0.9995688094279223,0.31792776383801796,0.05298796063966966,0.05262506962817606,0.5034360033623521,6447
1081,1.0,6,94,6,6,0,0,0,1,0.12192,1291.7390400005038,0.9625977275096425,142973.15036629068,0.9994482859034465,0.3152887643035069,0.05254812738391782,0.05261551670448464,0.49935919591338934,6447
1082,1.0,6,94,6,6,0,0,0,1,0.12192,1291.8609600005038,0.9626024056200622,142978.2350570668,0.9993277936993747,0.3126497647689958,0.05210829412816597,0.052605969118604365,0.495247412017018,6447
1083,1.0,6,94,6,6,0,0,0,1,0.138176,1291.9991360005038,0.9626070825603935,142981.51976467573,0.9992080367854845,0.309634914844325,0.05160581914072082,0.052460794985693476,0.4917848952068794,6447
1084,1.0,6,94,6,6,0,0,0,1,0.130048,1292.1291840005038,0.9626117583310756,142985.703200345,0.9990881350120597,0.30680799011473403,0.05113466501912234,0.052383467638466075,0.48793814306188366,6447
1085,1.0,6,94,6,6,0,0,0,1,0.12192,1292.2511040005038,0.9626164329325471,142990.78517167817,0.9989677365359892,0.3041689905802229,0.050694831763370495,0.052373952848331407,0.4837130556864232,6447
1086,1.0,6,94,6,6,0,0,0,1,0.12192,1292.3730240005038,0.9626211063652463,142995.86618416445,0.9988473693315735,0.3015299910457118,0.05025499850761864,0.05236444343451374,0.4794526853819565,6447
1087,1.0,6,94,6,6,0,0,0,1,0.12192,1292.494944000504,0.9626257786296119,143000.94623807515,0.9987270333866302,0.29889099151120074,0.04981516525186678,0.05235493939994265,0.47515706075103076,6447
1088,1.0,6,94,6,6,0,0,0,1,0.12192,1292.616864000504,0.9626304497260816,143006.0253336815,0.9986067286889841,0.29625199197668967,0.04937533199611494,0.052345440747548155,0.47082622723096107,6447
1089,1.0,6,94,6,6,0,0,0,1,0.130048,1292.746912000504,0.9626351196550934,143010.2043051161,0.9984868069432922,0.2934250672470987,0.048904177874516445,0.05226817996453778,0.4667865105879587,6447
1090,1.0,6,94,6,6,0,0,0,1,0.12192,1292.868832000504,0.9626397884170849,143015.281537801,0.9983665646580858,0.29078606771258764,0.048464344618764595,0.05225869774982249,0.46238223105456416,6447
1091,1.0,6,94,6,6,0,0,0,1,0.12192,1292.990752000504,0.9626444560124935,143020.3578129907,0.9982463535836995,0.2881470681780765,0.04802451136301275,0.052249220935124234,0.45794288751862255,6447
1092,1.0,6,94,6,6,0,0,0,1,0.12192,1293.112672000504,0.9626491224417564,143025.43313095605,0.9981261737079831,0.2855080686435654,0.04758467810726089,0.05223974952338188,0.4534685990032164,6447
1093,1.0,6,94,6,6,0,0,0,1,0.12192,1293.234592000504,0.9626537877053105,143030.5074919678,0.9980060250187922,0.2828690691090543,0.047144844851509056,0.052230283517534726,0.4489595051071172,6447
1094,1.0,6,94,6,6,0,0,0,1,0.130048,1293.364640000504,0.9626584518035927,143034.68200578602,0.99788608324833,0.28004214437946334,0.04667369072991056,0.052153089884715995,0.44472544206766934,6447
1095,1.0,6,94,6,6,0,0,0,1,0.12598399999999998,1293.490624000504,0.9626631147370392,143039.3050919617,0.9977661725945307,0.2773091822474123,0.046218197041235386,0.05210977905863864,0.4402966846755002,6447
1096,1.0,6,94,6,6,0,0,0,1,0.12192,1293.6125440005042,0.9626677765060868,143044.3766630079,0.9976461173465341,0.2746701827129012,0.045778363785483535,0.05210033789645124,0.4356784547898954,6447
1097,1.0,6,94,6,6,0,0,0,1,0.12192,1293.7344640005042,0.9626724371111712,143049.44727817646,0.9975260932365618,0.27203118317839015,0.045338530529731684,0.05209090216560645,0.43102604240292447,6447
1098,1.0,6,94,6,6,0,0,0,1,0.12192,1293.8563840005042,0.9626770965527285,143054.51693773756,0.9974061002525016,0.26939218364387907,0.04489869727397985,0.052081471869056296,0.4263397013012308,6447
1099,1.0,6,94,6,6,0,0,0,1,0.12192,1293.9783040005043,0.9626817548311942,143059.5856419613,0.9972861383822469,0.26675318410936794,0.04445886401822799,0.05207204700975325,0.42161971095344736,6447
1100,1.0,6,94,6,6,0,0,0,1,0.12192,1294.1002240005043,0.9626864119470039,143064.65339111775,0.9971662076136979,0.26411418457485686,0.04401903076247613,0.0520626275906502,0.41686637740071486,6447
1101,1.0,6,94,6,6,0,0,0,1,0.12192,1294.2221440005044,0.9626910679005927,143069.7201854768,0.9970463079347609,0.2614751850403457,0.04357919750672429,0.05205321361470049,0.4120800341605983,6447
1102,1.0,6,94,6,6,0,0,0,1,0.12192,1294.3440640005044,0.9626957226923957,143074.78602530822,0.996926439333348,0.25883618550583465,0.043139364250972444,0.05204380508485789,0.4072610431436235,6447
1103,1.0,6,94,6,6,0,0,0,1,0.12192,1294.4659840005045,0.9627003763228476,143079.85091088174,0.9968066017973783,0.25619718597132357,0.04269953099522059,0.05203440200407659,0.4024097955815632,6447
1104,1.0,6,94,6,6,0,0,0,1,0.12192,1294.5879040005045,0.9627050287923831,143084.91484246697,0.9966867953147771,0.25355818643681244,0.04225969773946874,0.052025004375311185,0.3975267129665136,6447
1105,1.0,6,94,6,6,0,0,0,1,0.12192,1294.7098240005046,0.9627096801014363,143089.97782033344,0.9965670198734753,0.25091918690230136,0.04181986448371689,0.052015612201516744,0.3926122479997089,6447
1106,1.0,6,94,6,6,0,0,0,1,0.130048,1294.8398720005046,0.9627143302504416,143094.14160512335,0.9964474509325794,0.2480922621727104,0.0413487103621184,0.051938571197408676,0.3879254447366329,6447
1107,1.0,6,94,6,6,0,0,0,1,0.12192,1294.9617920005046,0.962718979239833,143099.20272916267,0.9963277375149701,0.2454532626381993,0.04090887710636655,0.05192919580249923,0.3829446714092997,6447
1108,1.0,5,95,6,5,0,1,0,1,0.11278682715538257,1295.07457882766,0.9627028487127808,143102.18348024748,0.9962277816663381,0.24301355325145962,0.04860271065029191,0.05321766679057114,0.45476843489940155,6447
1109,1.0,5,95,5,5,0,0,0,1,0.1016,1295.17617882766,0.9627067231779274,143106.3997546414,0.9961269694016643,0.24082608192339738,0.04816521638467948,0.0532045641136797,0.45041002861829277,6447
1110,1.0,5,95,5,5,0,0,0,1,0.1016,1295.2777788276599,0.962710596838191,143110.61536759653,0.9960261788909642,0.23863861059533517,0.047727722119067034,0.053191465985741614,0.44601843415289416,6447
1111,1.0,5,95,5,5,0,0,0,1,0.10972799999999999,1295.3875068276598,0.9627144696938225,143113.9323352022,0.9959262869908561,0.23626321407219308,0.047252642814438625,0.053105012212884654,0.44188251047433336,6447
1112,1.0,5,95,5,5,0,0,0,1,0.11379199999999998,1295.5012988276599,0.9627183417450724,143116.79978073473,0.9958258029031187,0.23379385495151106,0.046758770990302206,0.05298190441877709,0.4378488135318865,6447
1113,1.0,5,95,5,5,0,0,0,1,0.1016,1295.6028988276598,0.9627222129921914,143121.0135202588,0.9957250774891709,0.23160638362344885,0.04632127672468976,0.05296883199016201,0.43334793138053485,6447
1114,1.0,5,95,5,5,0,0,0,1,0.10566400000000001,1295.7085628276598,0.96272608343543,143124.77768557137,0.9956246367750665,0.2293249496978467,0.04586498993956934,0.052919097016514406,0.42895294355540886,6447
1115,1.0,5,95,5,5,0,0,0,1,0.1016,1295.8101628276597,0.9627299530750384,143128.99012559056,0.9955239547774448,0.22713747836978448,0.045427495673956896,0.05290603618574905,0.42438456104157246,6447
1116,1.0,5,95,5,5,0,0,0,1,0.10566400000000001,1295.9158268276597,0.962733821911267,143132.75303849464,0.9954237326870939,0.22485604444418233,0.04497120888883646,0.05285631897401827,0.4199181083591907,6447
1117,1.0,5,95,5,5,0,0,0,1,0.1016,1296.0174268276596,0.962737689944366,143136.96417962463,0.9953230940588239,0.2226685731161201,0.04453371462322402,0.05284326977591974,0.4152830256634012,6447
1118,1.0,5,95,5,5,0,0,0,1,0.1016,1296.1190268276596,0.9627415571745854,143141.1746605499,0.9952224771283303,0.22048110178805788,0.04409622035761158,0.05283022518435219,0.41061615742777835,6447
1119,1.0,5,95,5,5,0,0,0,1,0.10566400000000001,1296.2246908276595,0.9627454236021751,143144.93568358486,0.9951221447208561,0.21819966786245576,0.043639933572491144,0.05278053286554188,0.40604499797613763,6447
1120,1.0,5,95,5,5,0,0,0,1,0.10566400000000001,1296.3303548276594,0.962749289227385,143148.6960934972,0.9950219215417854,0.2159182339368536,0.04318364678737072,0.05273085138772336,0.4014378477128046,6447
1121,1.0,5,95,5,5,0,0,0,1,0.10566400000000001,1296.4360188276594,0.9627531540504648,143152.4558904368,0.9949218075558041,0.21363680001125143,0.04272736000225029,0.05268118078156773,0.39679492306686676,6447
1122,1.0,5,95,5,5,0,0,0,1,0.1016,1296.5376188276593,0.9627570180716643,143156.6637980226,0.9948212772330244,0.21144932868318922,0.042289865736637844,0.05266816205474869,0.39199659672997017,6447
1123,1.0,4,96,5,4,0,1,0,1,0.10395909629505357,1296.6415779239544,0.962740135264097,143157.5256881717,0.9947409702442562,0.20920036783781035,0.05230009195945258,0.053910652557545534,0.4848396661190994,6447
1124,1.0,4,96,4,4,0,0,0,1,0.08127999999999999,1296.7228579239545,0.9627432269841928,143160.8912155744,0.9946596997619159,0.20745824507223937,0.05186456126805984,0.05389288696323114,0.48082801813455,6447
1125,1.0,4,96,4,4,0,0,0,1,0.085344,1296.8082019239546,0.9627463181912467,143163.8076660522,0.9945787935266531,0.2056221597091285,0.051405539927282126,0.05383503058868321,0.47692718113545796,6447
1126,1.0,4,96,4,4,0,0,0,1,0.08127999999999999,1296.8894819239547,0.962749408885386,143167.17236734225,0.9944975510263616,0.20388003694355755,0.05097000923588939,0.0538172734935369,0.47284819710478454,6447
1127,1.0,4,96,4,4,0,0,0,1,0.08127999999999999,1296.9707619239548,0.9627524990667385,143170.53664690664,0.9944163225267592,0.20213791417798663,0.05053447854449665,0.05379951978995423,0.4687364914774869,6447
1128,1.0,4,96,4,4,0,0,0,1,0.085344,1297.0561059239549,0.962755588735432,143173.45190531615,0.9943353706356951,0.20030182881487574,0.050075457203718934,0.05374168143003065,0.46472973696639763,6447
1129,1.0,4,96,4,4,0,0,0,1,0.08127999999999999,1297.137385923955,0.9627586778915938,143176.81535923897,0.9942541701039919,0.19855970604930476,0.049639926512326196,0.053723936267002094,0.46055058357557965,6447
1130,1.0,4,96,4,4,0,0,0,1,0.08127999999999999,1297.218665923955,0.9627617665353514,143180.17839167305,0.9941729835621294,0.19681758328373383,0.04920439582093346,0.05370619450931838,0.4563387940064941,6447
1131,1.0,4,96,4,4,0,0,0,1,0.08127999999999999,1297.2999459239552,0.9627648546668325,143183.54100269757,0.994091811006492,0.19507546051816288,0.04876886512954072,0.05368845616035546,0.45209444515903424,6447
1132,1.0,4,96,4,4,0,0,0,1,0.08940799999999999,1297.3893539239552,0.9627679422861645,143186.0061423693,0.9940111774754541,0.19314541255751205,0.04828635313937801,0.05359056188388995,0.44807587936427795,6447
1133,1.0,4,96,4,4,0,0,0,1,0.085344,1297.4746979239553,0.9627710293934746,143188.91944271946,0.9939303828340568,0.19130932719440116,0.0478273317986003,0.053532757370817655,0.44388910314303764,6447
1134,1.0,4,96,4,4,0,0,0,1,0.08534399999999999,1297.5600419239554,0.9627741159888903,143191.83235983847,0.9938493396319951,0.18947324183129027,0.04736831045782257,0.05347496075818778,0.4396653947543279,6447
1135,1.0,4,96,4,4,0,0,0,1,0.08127999999999999,1297.6413219239555,0.9627772020725388,143195.1933562803,0.9937682229022633,0.18773111906571935,0.04693277976642984,0.053457243185914036,0.4352822044869555,6447
1136,1.0,4,96,4,4,0,0,0,1,0.085344,1297.7266659239556,0.9627802876445476,143198.10548679085,0.9936873825712967,0.18589503370260846,0.046473758425652115,0.05339945972820868,0.4309869346508298,6447
1137,1.0,4,96,4,4,0,0,0,1,0.085344,1297.8120099239557,0.9627833727050438,143201.01723429855,0.9936066436290487,0.18405894833949757,0.04601473708487439,0.05334168423631095,0.42665479240335763,6447
1138,1.0,4,96,4,4,0,0,0,1,0.08127999999999999,1297.8932899239558,0.9627864572541545,143204.37700305073,0.9935255687403356,0.18231682557392664,0.04557920639348166,0.053323980590740304,0.42217062485231727,6447
1139,1.0,4,96,4,4,0,0,0,1,0.085344,1297.9786339239558,0.9627895412920068,143207.2879644104,0.993444682717538,0.18048074021081578,0.04512018505270394,0.05326621835462987,0.4177673918448236,6447
1140,1.0,4,96,4,4,0,0,0,1,0.08127999999999999,1298.059913923956,0.962792624818728,143210.64690923836,0.9933636357249119,0.17873861744524483,0.04468465436131121,0.05324852343887977,0.41321756382215064,6447
1141,1.0,4,96,4,4,0,0,0,1,0.08940799999999999,1298.149321923956,0.962795707834445,143213.1087388809,0.993283302196203,0.176808569484594,0.0442021423711485,0.0531507180040996,0.40885114561143937,6447
1142,1.0,4,96,4,4,0,0,0,1,0.08127999999999999,1298.230601923956,0.962798790339285,143216.46687765472,0.9932022830401165,0.17506644671902305,0.04376661167975577,0.05313303367339773,0.4042337233037317,6447
1143,1.0,4,96,4,4,0,0,0,1,0.08127999999999999,1298.3118819239562,0.9628018723333748,143219.8245959602,0.9931212778270072,0.17332432395345215,0.04333108098836304,0.053115352826497826,0.39958569742614075,6447
1144,1.0,4,96,4,4,0,0,0,1,0.08127999999999999,1298.3931619239563,0.9628049538168413,143223.18189387632,0.9930402865532765,0.1715822011878812,0.0428955502969703,0.05309767546688009,0.3949074218249915,6447
1145,1.0,4,96,4,4,0,0,0,1,0.085344,1298.4785059239564,0.9628080347898116,143226.09049863735,0.9929596588518386,0.16974611582477034,0.042436528956192585,0.053039953368444706,0.39029511503796566,6447
1146,1.0,3,97,4,3,0,1,0,1,0.06808749551568163,1298.5465934194722,0.9627904087464281,143227.82173740602,0.9928987393109165,0.16828741602735195,0.05609580534245065,0.054349142029455524,0.5158108325478858,6447
1147,1.0,3,97,3,3,0,0,0,1,0.065024,1298.6116174194722,0.9627927200447233,143229.89068094795,0.992837629985708,0.1668878781537421,0.05562929271791403,0.054281843957157884,0.5122575957152615,6447
1148,1.0,3,97,3,3,0,0,0,1,0.06095999999999999,1298.6725774194722,0.9627950310559006,143232.40764012682,0.9927762663684315,0.16558230287767217,0.05519410095922406,0.054258516098064216,0.5085472283081144,6447
1149,1.0,3,97,3,3,0,0,0,1,0.06095999999999999,1298.7335374194722,0.9627973417800136,143234.92436302346,0.9927149106680195,0.16427672760160225,0.05475890920053409,0.05423519043416362,0.5048049084920665,6447
1150,1.0,3,97,3,3,0,0,0,1,0.06908799999999998,1298.8026254194722,0.9627996522171158,143236.5444594911,0.9926540871685621,0.16278322713045246,0.05426107571015082,0.05412394120491674,0.5012652513198196,6447
1151,1.0,3,97,3,3,0,0,0,1,0.06095999999999999,1298.8635854194722,0.9628019623672608,143239.0607362475,0.9925927472634676,0.16147765185438254,0.053825883951460846,0.05410062212460913,0.49745441224016773,6447
1152,1.0,3,97,3,3,0,0,0,1,0.073152,1298.9367374194721,0.9628042722305017,143240.23229155518,0.9925319394886414,0.15989018878569283,0.05329672959523094,0.05394542726522637,0.49395131583989077,6447
1153,1.0,3,97,3,3,0,0,0,1,0.06095999999999999,1298.9976974194722,0.9628065818068923,143242.74813546005,0.9924706153727568,0.1585846135096229,0.05286153783654097,0.05392211591479319,0.4900689531549732,6447
1154,1.0,3,97,3,3,0,0,0,1,0.06095999999999999,1299.0586574194722,0.9628088910964858,143245.2637432465,0.9924092991660896,0.157279038233553,0.052426346077850995,0.05389880678753845,0.48615399717009794,6447
1155,1.0,3,97,3,3,0,0,0,1,0.065024,1299.1236814194722,0.9628112000993357,143247.33099828064,0.9923481655726377,0.15587950035994314,0.051959833453314376,0.05383154498335424,0.48231305942995945,6447
1156,1.0,3,97,3,3,0,0,0,1,0.065024,1299.1887054194722,0.9628135088154954,143249.39804638378,0.9922871272099455,0.15447996248633328,0.05149332082877776,0.053764288197788425,0.4784347111959611,6447
1157,1.0,3,97,3,3,0,0,0,1,0.06908799999999998,1299.2577934194721,0.9628158172450183,143251.0168056465,0.9922260093765931,0.1529864620151835,0.050995487338394506,0.05365308546764526,0.47462091263897654,6447
1158,1.0,3,97,3,3,0,0,0,1,0.06095999999999999,1299.3187534194722,0.9628181253879577,143253.53152192142,0.9921647247520817,0.1516808867391136,0.05056029557970453,0.05362978975803635,0.47056502644954473,6447
1159,1.0,3,97,3,3,0,0,0,1,0.06095999999999999,1299.3797134194722,0.9628204332443672,143256.04600224204,0.9921034480291467,0.15037531146304367,0.05012510382101456,0.053606496297327236,0.46647621820650054,6447
1160,1.0,3,97,3,3,0,0,0,1,0.06095999999999999,1299.4406734194722,0.9628227408142999,143258.5602466416,0.9920421792062597,0.14906973618697375,0.049689912062324586,0.05358320508845079,0.46235450442652254,6447
1161,1.0,3,97,3,3,0,0,0,1,0.06095999999999999,1299.5016334194722,0.9628250480978092,143261.07425515327,0.9919809182818929,0.14776416091090383,0.04925472030363461,0.053559916134344736,0.4581999163757267,6447
1162,1.0,3,97,3,3,0,0,0,1,0.06095999999999999,1299.5625934194723,0.9628273550949485,143263.5880278103,0.9919196652545196,0.14645858563483394,0.04881952854494464,0.05353662943795163,0.4540125006923443,6447
1163,1.0,3,97,3,3,0,0,0,1,0.06095999999999999,1299.6235534194723,0.962829661805771,143266.1015646458,0.9918584201226125,0.14515301035876402,0.04838433678625467,0.05351334500221882,0.44979232002539354,6447
1164,1.0,3,97,3,3,0,0,0,1,0.065024,1299.6885774194723,0.9628319682303301,143268.1668786437,0.9917973574888426,0.14375347248515416,0.04791782416171805,0.0534461203775239,0.4456226666226204,6447
1165,1.0,3,97,3,3,0,0,0,1,0.065024,1299.7536014194723,0.9628342743686791,143270.2319859948,0.9917363900214556,0.1423539346115443,0.04745131153718144,0.05337890090135357,0.4414146417545323,6447
1166,1.0,3,97,3,3,0,0,0,1,0.06908799999999998,1299.8226894194722,0.962836580220871,143271.84893439064,0.9916753431203598,0.1408604341403945,0.046953478046798176,0.0532677482035589,0.43724577609854864,6447
1167,1.0,3,97,3,3,0,0,0,1,0.06095999999999999,1299.8836494194722,0.9628388857869595,143274.36158088053,0.9916141295156858,0.13955485886432462,0.0465182862881082,0.05324447747258328,0.4328832322511279,6447
1168,1.0,3,97,3,3,0,0,0,1,0.06095999999999999,1299.9446094194723,0.9628411910669975,143276.87399171278,0.991552923798855,0.1382492835882547,0.04608309452941823,0.05322120902864334,0.42848827455228394,6447
1169,1.0,3,97,3,3,0,0,0,1,0.06095999999999999,1300.0055694194723,0.9628434960610384,143279.38616692054,0.9914917259683425,0.13694370831218478,0.045647902770728256,0.0531979428747401,0.4240610764005223,6447
1170,1.0,2,98,3,2,0,1,0,1,0.05111070914606288,1300.0566801286184,0.9628251250878717,143279.90682804043,0.9914506699845962,0.13582857480044708,0.06791428740022354,0.0516980246147164,0.6331266335210909,6447
1171,1.0,2,98,2,2,0,0,0,1,0.044703999999999994,1300.1013841286183,0.9628266622560371,143281.13351317795,0.991409617527239,0.13485671074475122,0.06742835537237561,0.0516201810573247,0.6304868245342283,6447
1172,1.0,2,98,2,2,0,0,0,1,0.044703999999999994,1300.1460881286182,0.962828199297085,143282.3601139592,0.9913684813330835,0.13388484668905537,0.06694242334452769,0.051542337499933,0.6278159777639933,6447
1173,1.0,2,98,2,2,0,0,0,1,0.040639999999999996,1300.1867281286181,0.9628297362110312,143284.03449259873,0.9913272614129173,0.13300694523089945,0.06650347261544973,0.05151147524131128,0.6250172269329733,6447
1174,1.0,2,98,2,2,0,0,0,1,0.040639999999999996,1300.227368128618,0.9628312729978914,143285.70876656927,0.9912860450327647,0.13212904377274354,0.06606452188637177,0.05148061298268955,0.6221897812310648,6447
1175,1.0,2,98,2,2,0,0,0,1,0.044703999999999994,1300.272072128618,0.9628328096576815,143286.93509120506,0.9912450066951543,0.13115717971704768,0.06557858985852384,0.05140276942529786,0.619426431860847,6447
1176,1.0,2,98,2,2,0,0,0,1,0.040639999999999996,1300.312712128618,0.9628343461904171,143288.60916463187,0.9912037973861687,0.13027927825889174,0.06513963912944587,0.05137190716667613,0.6165389810531826,6447
1177,1.0,2,98,2,2,0,0,0,1,0.044703999999999994,1300.3574161286178,0.9628358825961141,143289.83530907196,0.9911627661038294,0.1293074142031959,0.06465370710159794,0.05129406360928444,0.6137115920323353,6447
1178,1.0,2,98,2,2,0,0,0,1,0.040639999999999996,1300.3980561286178,0.9628374188747881,143291.50918199326,0.9911215638641899,0.12842951274503997,0.06421475637251998,0.051263201350662715,0.6107627959480665,6447
1179,1.0,2,98,2,2,0,0,0,1,0.040639999999999996,1300.4386961286177,0.962838955026455,143293.18295029414,0.9910803651622863,0.12755161128688405,0.06377580564344203,0.05123233909204099,0.6077837698982262,6447
1180,1.0,2,98,2,2,0,0,0,1,0.040639999999999996,1300.4793361286177,0.9628404910511305,143294.85661398448,0.9910391699976627,0.12667370982872814,0.06333685491436407,0.05120147683341926,0.6047742242772898,6447
1181,1.0,2,98,2,2,0,0,0,1,0.040639999999999996,1300.5199761286176,0.9628420269488303,143296.53017307405,0.9909979783698637,0.1257958083705722,0.0628979041852861,0.05117061457479754,0.6017338698435761,6447
1182,1.0,2,98,2,2,0,0,0,1,0.040639999999999996,1300.5606161286175,0.9628435627195702,143298.20362757266,0.990956790278434,0.12491790691241629,0.062458953456208145,0.05113975231617582,0.5986624179076006,6447
1183,1.0,2,98,2,2,0,0,0,1,0.040639999999999996,1300.6012561286175,0.9628450983633658,143299.87697749012,0.9909156057229179,0.12404000545426036,0.06202000272713018,0.05110889005755409,0.5955595805302109,6447
1184,1.0,2,98,2,2,0,0,0,1,0.040639999999999996,1300.6418961286174,0.9628466338802331,143301.55022283623,0.9908744247028604,0.12316210399610444,0.06158105199805222,0.05107802779893236,0.5924250707308873,6447
1185,1.0,2,98,2,2,0,0,0,1,0.040639999999999996,1300.6825361286174,0.9628481692701876,143303.22336362078,0.990833247217806,0.12228420253794853,0.061142101268974264,0.051047165540310635,0.5892586027065859,6447
1186,1.0,2,98,2,2,0,0,0,1,0.04876799999999999,1300.7313041286175,0.9628497045332451,143304.00091729368,0.9907922476879005,0.12121837588471272,0.06060918794235636,0.05092234068414898,0.5862027292948128,6447
1187,1.0,2,98,2,2,0,0,0,1,0.040639999999999996,1300.7719441286174,0.9628512396694214,143305.67386650862,0.9907510772640017,0.1203404744265568,0.0601702372132784,0.05089147842552725,0.5829668673684354,6447
1188,1.0,2,98,2,2,0,0,0,1,0.044703999999999994,1300.8166481286173,0.9628527746787323,143306.89899163117,0.9907099975765568,0.11936861037086094,0.05968430518543047,0.05081363486813555,0.5797649924117897,6447
1189,1.0,2,98,2,2,0,0,0,1,0.04876799999999999,1300.8654161286174,0.9628543095611933,143307.6763273474,0.9906691830120306,0.11830278371762515,0.059151391858812574,0.050688810011973895,0.5765898594309529,6447
1190,1.0,2,98,2,2,0,0,0,1,0.04876799999999999,1300.9141841286175,0.9628558443168203,143308.4536047829,0.9906281975596366,0.11723695706438936,0.05861847853219468,0.05056398515581224,0.5733716440023126,6447
1191,1.0,2,98,2,2,0,0,0,1,0.040639999999999996,1300.9548241286175,0.9628573789456288,143310.12617972953,0.9905870412413728,0.11635905560623343,0.058179527803116714,0.0505331228971905,0.5699896766507987,6447
1192,1.0,2,98,2,2,0,0,0,1,0.044703999999999994,1300.9995281286174,0.9628589134476347,143311.3509796505,0.9905459756427792,0.11538719155053757,0.05769359577526879,0.05045527933979881,0.5666307150071416,6447
1193,1.0,2,98,2,2,0,0,0,1,0.040639999999999996,1301.0401681286173,0.9628604478228538,143313.02335437768,0.9905048263839634,0.11450929009238164,0.05725464504619082,0.05042441708117709,0.5631771515674984,6447
1194,1.0,2,98,2,2,0,0,0,1,0.044703999999999994,1301.0848721286172,0.9628619820713017,143314.24797441447,0.9904637678364278,0.11353742603668579,0.056768713018342895,0.050346573523785396,0.559740649971748,6447
1195,1.0,2,98,2,2,0,0,0,1,0.044703999999999994,1301.1295761286171,0.962863516192994,143315.47251030066,0.9904227999884971,0.11256556198098994,0.05628278099049497,0.0502687299663937,0.5562634204372681,6447
1196,1.0,2,98,2,2,0,0,0,1,0.044703999999999994,1301.174280128617,0.9628650501879467,143316.69696204495,0.9903817484827242,0.11159369792529407,0.055796848962647035,0.050190886409002,0.5527449984576328,6447
1197,1.0,2,98,2,2,0,0,0,1,0.04876799999999999,1301.2230481286172,0.9628665840561751,143317.47371690185,0.9903409620064657,0.11052787127205828,0.05526393563602914,0.050066061552840345,0.5492285838693,6447
1198,1.0,2,98,2,2,0,0,0,1,0.044703999999999994,1301.267752128617,0.9628681177976952,143318.6980119421,0.9902999175331652,0.10955600721636242,0.05477800360818121,0.049988217995448656,0.5456234344644603,6447
1199,1.0,2,98,2,2,0,0,0,1,0.044703999999999994,1301.312456128617,0.9628696514125227,143319.92222286592,0.9902589637427001,0.10858414316066656,0.05429207158033328,0.04991037443805696,0.5419756283303043,6447
1200,1.0,2,98,2,2,0,0,0,1,0.044703999999999994,1301.357160128617,0.9628711849006731,143321.14634968195,0.99021792630754,0.1076122791049707,0.05380613955248535,0.04983253088066526,0.5382847049390505,6447
1201,1.0,2,98,2,2,0,0,0,1,0.040639999999999996,1301.3978001286168,0.9628727182621624,143322.81795894098,0.9901768052384478,0.10673437764681479,0.053367188823407394,0.04980166862204354,0.534518814347246,6447
1202,1.0,2,98,2,2,0,0,0,1,0.040639999999999996,1301.4384401286168,0.962874251497006,143324.48946380135,0.9901356876966388,0.10585647618865886,0.05292823809432943,0.049770806363421814,0.5307154763022296,6447
1203,1.0,2,98,2,2,0,0,0,1,0.040639999999999996,1301.4790801286167,0.9628757846052197,143326.16086427288,0.9900945736816594,0.10497857473050294,0.05248928736525147,0.04973994410480009,0.5268744673839263,6447
1204,1.0,2,98,2,2,0,0,0,1,0.040639999999999996,1301.5197201286167,0.9628773175868192,143327.8321603653,0.9900534631930558,0.10410067327234701,0.052050336636173505,0.049709081846178366,0.5229955725231693,6447
1205,1.0,2,98,2,2,0,0,0,1,0.040639999999999996,1301.5603601286166,0.9628788504418201,143329.50335208845,0.9900123562303742,0.1032227718141911,0.05161138590709555,0.04967821958755664,0.5190785855654988,6447
1206,1.0,2,98,2,2,0,0,0,1,0.040639999999999996,1301.6010001286165,0.9628803831702383,143331.17443945206,0.9899712527931611,0.10234487035603518,0.05117243517801759,0.04964735732893491,0.5151233098574806,6447
1207,1.0,2,98,2,2,0,0,0,1,0.040639999999999996,1301.6416401286165,0.9628819157720891,143332.8454224659,0.989930152880963,0.10146696889787925,0.050733484448939624,0.04961649507031318,0.5111295588561311,6447
1208,1.0,2,98,2,2,0,0,0,1,0.040639999999999996,1301.6822801286164,0.9628834482473886,143334.5163011398,0.9898890564933265,0.10058906743972333,0.050294533719861666,0.04958563281169146,0.5070971567620302,6447
1209,1.0,2,98,2,2,0,0,0,1,0.040639999999999996,1301.7229201286164,0.9628849805961522,143336.1870754835,0.9898479636297981,0.09971116598156742,0.04985558299078371,0.049554770553069734,0.503025939176695,6447
1210,1.0,1,99,2,1,0,1,0,1,0.03936239115012055,1301.7622825197664,0.9628658712793626,143334.9256661742,0.9898276089369944,0.09884657795861382,0.09884657795861382,0.0,1.0,6447
1211,1.0,1,99,1,1,0,0,0,1,0.024383999999999996,1301.7866665197664,0.9628666377691085,143335.3135340066,0.9898069340229214,0.0982828023733742,0.0982828023733742,0.0,1.0,6447
1212,1.0,1,99,1,1,0,0,0,1,0.020319999999999998,1301.8069865197665,0.9628674042272127,143336.1488547878,0.9897861728765568,0.09781298938567451,0.09781298938567451,0.0,1.0,6447
1213,1.0,1,99,1,1,0,0,0,1,0.020319999999999998,1301.8273065197666,0.962868170653677,143336.98414949226,0.9897654126202735,0.09734317639797482,0.09734317639797482,0.0,1.0,6447
1214,1.0,1,99,1,1,0,0,0,1,0.020319999999999998,1301.8476265197667,0.9628689370485036,143337.8194181212,0.9897446532540142,0.09687336341027514,0.09687336341027514,0.0,1.0,6447
1215,1.0,1,99,1,1,0,0,0,1,0.024383999999999996,1301.8720105197667,0.9628697034116943,143338.20720632712,0.9897239818908145,0.09630958782503551,0.09630958782503551,0.0,1.0,6447
1216,1.0,1,99,1,1,0,0,0,1,0.028447999999999994,1301.9004585197667,0.9628704697432511,143338.1475356218,0.9897033985250153,0.09565184964225595,0.09565184964225595,0.0,1.0,6447
1217,1.0,1,99,1,1,0,0,0,1,0.024383999999999996,1301.9248425197668,0.9628712360431758,143338.53530194593,0.9896827289322416,0.09508807405701633,0.09508807405701633,0.0,1.0,6447
1218,1.0,1,99,1,1,0,0,0,1,0.024383999999999996,1301.9492265197669,0.9628720023114706,143338.92305374524,0.989662060225529,0.09452429847177671,0.09452429847177671,0.0,1.0,6447
1219,1.0,1,99,1,1,0,0,0,1,0.024383999999999996,1301.973610519767,0.9628727685481374,143339.31079102054,0.9896413924048209,0.09396052288653708,0.09396052288653708,0.0,1.0,6447
1220,1.0,1,99,1,1,0,0,0,1,0.020319999999999998,1301.993930519767,0.9628735347531782,143340.1459294795,0.9896206383663027,0.0934907098988374,0.0934907098988374,0.0,1.0,6447
1221,1.0,1,99,1,1,0,0,0,1,0.024383999999999996,1302.018314519767,0.9628743009265948,143340.53363054025,0.9895999723192987,0.09292693431359778,0.09292693431359778,0.0,1.0,6447
1222,1.0,1,99,1,1,0,0,0,1,0.020319999999999998,1302.0386345197671,0.9628750670683891,143341.36872124168,0.9895792200581046,0.09245712132589809,0.09245712132589809,0.0,1.0,6447
1223,1.0,1,99,1,1,0,0,0,1,0.020319999999999998,1302.0589545197672,0.9628758331785633,143342.2037858782,0.9895584686864201,0.0919873083381984,0.0919873083381984,0.0,1.0,6447
1224,1.0,1,99,1,1,0,0,0,1,0.028447999999999994,1302.0874025197672,0.9628765992571193,143342.14403642272,0.9895378923967687,0.09132957015541884,0.09132957015541884,0.0,1.0,6447
1225,1.0,1,99,1,1,0,0,0,1,0.024383999999999996,1302.1117865197673,0.962877365304059,143342.53167223482,0.9895172298946227,0.09076579457017922,0.09076579457017922,0.0,1.0,6447
1226,1.0,1,99,1,1,0,0,0,1,0.024383999999999996,1302.1361705197673,0.9628781313193843,143342.91929352906,0.9894965682780821,0.0902020189849396,0.0902020189849396,0.0,1.0,6447
1227,1.0,1,99,1,1,0,0,0,1,0.024383999999999996,1302.1605545197674,0.9628788973030972,143343.30690030626,0.9894759075470899,0.08963824339969997,0.08963824339969997,0.0,1.0,6447
1228,1.0,1,99,1,1,0,0,0,1,0.020319999999999998,1302.1808745197675,0.9628796632551997,143344.14185651322,0.9894551606127647,0.08916843041200029,0.08916843041200029,0.0,1.0,6447
1229,1.0,1,99,1,1,0,0,0,1,0.024383999999999996,1302.2052585197675,0.9628804291756938,143344.52942709142,0.9894345016545649,0.08860465482676066,0.08860465482676066,0.0,1.0,6447
1230,1.0,1,99,1,1,0,0,0,1,0.024383999999999996,1302.2296425197676,0.9628811950645814,143344.91698315524,0.9894138435817427,0.08804087924152104,0.08804087924152104,0.0,1.0,6447
1231,1.0,1,99,1,1,0,0,0,1,0.028447999999999994,1302.2580905197676,0.9628819609218644,143344.85718226098,0.9893932734774673,0.08738314105874148,0.08738314105874148,0.0,1.0,6447
1232,1.0,1,99,1,1,0,0,0,1,0.020319999999999998,1302.2784105197677,0.9628827267475448,143345.692051743,0.9893725300920034,0.0869133280710418,0.0869133280710418,0.0,1.0,6447
1233,1.0,1,99,1,1,0,0,0,1,0.024383999999999996,1302.3027945197678,0.9628834925416245,143346.0795642686,0.9893518746749725,0.08634955248580217,0.08634955248580217,0.0,1.0,6447
1234,1.0,1,99,1,1,0,0,0,1,0.020319999999999998,1302.3231145197678,0.9628842583041056,143346.91438601993,0.989331133065463,0.08587973949810249,0.08587973949810249,0.0,1.0,6447
1235,1.0,1,99,1,1,0,0,0,1,0.024383999999999996,1302.347498519768,0.96288502403499,143347.301862358,0.989310479420541,0.08531596391286286,0.08531596391286286,0.0,1.0,6447
1236,1.0,1,99,1,1,0,0,0,1,0.020319999999999998,1302.367818519768,0.9628857897342796,143348.1366363832,0.9892897395867578,0.08484615092516318,0.08484615092516318,0.0,1.0,6447
1237,1.0,1,99,1,1,0,0,0,1,0.020319999999999998,1302.388138519768,0.9628865554019763,143348.9713843599,0.989269000641685,0.08437633793746349,0.08437633793746349,0.0,1.0,6447
1238,1.0,1,99,1,1,0,0,0,1,0.020319999999999998,1302.4084585197681,0.9628873210380823,143349.80610628938,0.9892482625852655,0.0839065249497638,0.0839065249497638,0.0,1.0,6447
1239,1.0,1,99,1,1,0,0,0,1,0.020319999999999998,1302.4287785197682,0.9628880866425993,143350.64080217283,0.9892275254174421,0.08343671196206412,0.08343671196206412,0.0,1.0,6447
1240,1.0,1,99,1,1,0,0,0,1,0.020319999999999998,1302.4490985197683,0.9628888522155293,143351.47547201146,0.9892067891381577,0.08296689897436443,0.08296689897436443,0.0,1.0,6447
1241,1.0,1,99,1,1,0,0,0,1,0.024383999999999996,1302.4734825197684,0.9628896177568744,143351.86282548073,0.9891861408119252,0.08240312338912481,0.08240312338912481,0.0,1.0,6447
1242,1.0,1,99,1,1,0,0,0,1,0.024383999999999996,1302.4978665197684,0.9628903832666365,143352.25016444674,0.9891654933703873,0.08183934780388519,0.08183934780388519,0.0,1.0,6447
1243,1.0,1,99,1,1,0,0,0,1,0.020319999999999998,1302.5181865197685,0.9628911487448173,143353.08476490597,0.9891447597526472,0.0813695348161855,0.0813695348161855,0.0,1.0,6447
1244,1.0,1,99,1,1,0,0,0,1,0.020319999999999998,1302.5385065197686,0.9628919141914192,143353.9193393252,0.9891240270232178,0.08089972182848582,0.08089972182848582,0.0,1.0,6447
1245,1.0,1,99,1,1,0,0,0,1,0.020319999999999998,1302.5588265197687,0.9628926796064438,143354.75388770556,0.9891032951820421,0.08042990884078613,0.08042990884078613,0.0,1.0,6447
1246,1.0,1,99,1,1,0,0,0,1,0.024383999999999996,1302.5832105197687,0.9628934449898932,143355.14114717362,0.989082651284308,0.0798661332555465,0.0798661332555465,0.0,1.0,6447
1247,1.0,1,99,1,1,0,0,0,1,0.020319999999999998,1302.6035305197688,0.9628942103417693,143355.9756478535,0.9890619212176036,0.07939632026784682,0.07939632026784682,0.0,1.0,6447
1248,1.0,1,99,1,1,0,0,0,1,0.028447999999999994,1302.6319785197688,0.962894975662074,143355.915622615,0.9890413661420129,0.07873858208506726,0.07873858208506726,0.0,1.0,6447
1249,1.0,1,99,1,1,0,0,0,1,0.020319999999999998,1302.652298519769,0.9628957409508095,143356.75007997232,0.9890206378476873,0.07826876909736757,0.07826876909736757,0.0,1.0,6447
1250,1.0,1,99,1,1,0,0,0,1,0.020319999999999998,1302.672618519769,0.9628965062079775,143357.58451129674,0.9889999104413304,0.07779895610966789,0.07779895610966789,0.0,1.0,6447
1251,1.0,1,99,1,1,0,0,0,1,0.024383999999999996,1302.697002519769,0.9628972714335802,143357.9716839534,0.9889792709688068,0.07723518052442827,0.07723518052442827,0.0,1.0,6447
1252,1.0,1,99,1,1,0,0,0,1,0.024383999999999996,1302.721386519769,0.9628980366276192,143358.35884211602,0.9889586323804089,0.07667140493918864,0.07667140493918864,0.0,1.0,6447
1253,1.0,1,99,1,1,0,0,0,1,0.020319999999999998,1302.7417065197692,0.9628988017900967,143359.19320409498,0.9889379076338867,0.07620159195148896,0.07620159195148896,0.0,1.0,6447
1254,1.0,1,99,1,1,0,0,0,1,0.020319999999999998,1302.7620265197693,0.9628995669210146,143360.0275400458,0.9889171837751051,0.07573177896378927,0.07573177896378927,0.0,1.0,6447
1255,1.0,1,99,1,1,0,0,0,1,0.028447999999999994,1302.7904745197693,0.962900332020375,143359.96743363191,0.9888966348809366,0.07507404078100971,0.07507404078100971,0.0,1.0,6447
1256,1.0,1,99,1,1,0,0,0,1,0.020319999999999998,1302.8107945197694,0.9629010970881795,143360.80172627541,0.9888759127937368,0.07460422779331002,0.07460422779331002,0.0,1.0,6447
1257,1.0,1,99,1,1,0,0,0,1,0.020319999999999998,1302.8311145197695,0.9629018621244303,143361.63599289433,0.9888551915941066,0.07413441480561034,0.07413441480561034,0.0,1.0,6447
1258,1.0,1,99,1,1,0,0,0,1,0.024383999999999996,1302.8554985197695,0.9629026271291293,143362.02304262356,0.9888345583148618,0.07357063922037071,0.07357063922037071,0.0,1.0,6447
1259,1.0,1,99,1,1,0,0,0,1,0.024383999999999996,1302.8798825197696,0.9629033921022786,143362.41007786518,0.988813925919345,0.07300686363513109,0.07300686363513109,0.0,1.0,6447
1260,1.0,1,99,1,1,0,0,0,1,0.020319999999999998,1302.9002025197697,0.9629041570438799,143363.24427516217,0.988793207378354,0.0725370506474314,0.0725370506474314,0.0,1.0,6447
1261,1.0,1,99,1,1,0,0,0,1,0.020319999999999998,1302.9205225197697,0.9629049219539353,143364.07844643932,0.9887724897247046,0.07206723765973172,0.07206723765973172,0.0,1.0,6447
1262,1.0,1,99,1,1,0,0,0,1,0.020319999999999998,1302.9408425197698,0.9629056868324467,143364.91259169788,0.9887517729583398,0.07159742467203203,0.07159742467203203,0.0,1.0,6447
1263,1.0,1,99,1,1,0,0,0,1,0.020319999999999998,1302.96116251977,0.962906451679416,143365.74671093904,0.9887310570792028,0.07112761168433235,0.07112761168433235,0.0,1.0,6447
1264,1.0,1,99,1,1,0,0,0,1,0.020319999999999998,1302.98148251977,0.9629072164948453,143366.580804164,0.9887103420872365,0.07065779869663266,0.07065779869663266,0.0,1.0,6447
1265,1.0,1,99,1,1,0,0,0,1,0.020319999999999998,1303.00180251977,0.9629079812787366,143367.414871374,0.9886896279823839,0.07018798570893298,0.07018798570893298,0.0,1.0,6447
1266,1.0,1,99,1,1,0,0,0,1,0.020319999999999998,1303.0221225197702,0.9629087460310916,143368.24891257024,0.988668914764588,0.06971817272123329,0.06971817272123329,0.0,1.0,6447
1267,1.0,1,99,1,1,0,0,0,1,0.024383999999999996,1303.0465065197702,0.9629095107519122,143368.63578181548,0.9886482894498932,0.06915439713599367,0.06915439713599367,0.0,1.0,6447
1268,1.0,1,99,1,1,0,0,0,1,0.020319999999999998,1303.0668265197703,0.9629102754412008,143369.46977535964,0.9886275780041767,0.06868458414829398,0.06868458414829398,0.0,1.0,6447
1269,1.0,1,99,1,1,0,0,0,1,0.024383999999999996,1303.0912105197704,0.9629110400989589,143369.8566084876,0.9886069544577214,0.06812080856305436,0.06812080856305436,0.0,1.0,6447
1270,1.0,1,99,1,1,0,0,0,1,0.020319999999999998,1303.1115305197704,0.9629118047251887,143370.6905543842,0.9885862447838567,0.06765099557535467,0.06765099557535467,0.0,1.0,6447
1271,1.0,1,99,1,1,0,0,0,1,0.020319999999999998,1303.1318505197705,0.962912569319892,143371.52447427303,0.988565535996764,0.06718118258765499,0.06718118258765499,0.0,1.0,6447
1272,1.0,1,99,1,1,0,0,0,1,0.020319999999999998,1303.1521705197706,0.9629133338830709,143372.3583681553,0.9885448280963864,0.0667113695999553,0.0667113695999553,0.0,1.0,6447
1273,1.0,1,99,1,1,0,0,0,1,0.024383999999999996,1303.1765545197707,0.9629140984147272,143372.74512190084,0.988524208087591,0.06614759401471568,0.06614759401471568,0.0,1.0,6447
1274,1.0,1,99,1,1,0,0,0,1,0.020319999999999998,1303.1968745197707,0.962914862914863,143373.57896814492,0.98850350195861,0.06567778102701599,0.06567778102701599,0.0,1.0,6447
1275,1.0,1,99,1,1,0,0,0,1,0.020319999999999998,1303.2171945197708,0.96291562738348,143374.41278838602,0.9884827967161735,0.0652079680393163,0.0652079680393163,0.0,1.0,6447
1276,1.0,1,99,1,1,0,0,0,1,0.020319999999999998,1303.237514519771,0.9629163918205804,143375.2465826254,0.9884620923602242,0.06473815505161662,0.06473815505161662,0.0,1.0,6447
1277,1.0,1,99,1,1,0,0,0,1,0.020319999999999998,1303.257834519771,0.9629171562261661,143376.0803508642,0.9884413888907054,0.06426834206391693,0.06426834206391693,0.0,1.0,6447
1278,1.0,1,99,1,1,0,0,0,1,0.028447999999999994,1303.286282519771,0.9629179206002391,143376.01991691746,0.9884208602987836,0.06361060388113737,0.06361060388113737,0.0,1.0,6447
1279,1.0,1,99,1,1,0,0,0,1,0.024383999999999996,1303.310666519771,0.9629186849428012,143376.4065623607,0.9884002455919799,0.06304682829589775,0.06304682829589775,0.0,1.0,6447
1280,1.0,1,99,1,1,0,0,0,1,0.024383999999999996,1303.3350505197711,0.9629194492538544,143376.7931933365,0.9883796317677119,0.06248305271065813,0.06248305271065813,0.0,1.0,6447
1281,1.0,1,99,1,1,0,0,0,1,0.024383999999999996,1303.3594345197712,0.9629202135334006,143377.17980984566,0.9883590188259227,0.061919277125418504,0.061919277125418504,0.0,1.0,6447
1282,1.0,1,99,1,1,0,0,0,1,0.024383999999999996,1303.3838185197712,0.9629209777814419,143377.566411889,0.9883384067665557,0.06135550154017888,0.06135550154017888,0.0,1.0,6447
1283,1.0,1,99,1,1,0,0,0,1,0.020319999999999998,1303.4041385197713,0.9629217419979802,143378.40005037334,0.988317708603253,0.060885688552479195,0.060885688552479195,0.0,1.0,6447
1284,1.0,1,99,1,1,0,0,0,1,0.020319999999999998,1303.4244585197714,0.9629225061830173,143379.2336628653,0.9882970113259827,0.06041587556477951,0.06041587556477951,0.0,1.0,6447
1285,1.0,1,99,1,1,0,0,0,1,0.024383999999999996,1303.4488425197715,0.9629232703365553,143379.62020720055,0.988276401917266,0.059852099979539886,0.059852099979539886,0.0,1.0,6447
1286,1.0,1,99,1,1,0,0,0,1,0.020319999999999998,1303.4691625197715,0.9629240344585961,143380.4537720816,0.9882557064100285,0.0593822869918402,0.0593822869918402,0.0,1.0,6447
1287,1.0,1,99,1,1,0,0,0,1,0.020319999999999998,1303.4894825197716,0.9629247985491416,143381.28731097386,0.9882350117886529,0.058912474004140514,0.058912474004140514,0.0,1.0,6447
1288,1.0,1,99,1,1,0,0,0,1,0.020319999999999998,1303.5098025197717,0.9629255626081938,143382.12082387856,0.9882143180530825,0.05844266101644083,0.05844266101644083,0.0,1.0,6447
1289,1.0,1,99,1,1,0,0,0,1,0.020319999999999998,1303.5301225197718,0.9629263266357547,143382.95431079695,0.9881936252032603,0.05797284802874114,0.05797284802874114,0.0,1.0,6447
1290,1.0,1,99,1,1,0,0,0,1,0.024383999999999996,1303.5545065197718,0.9629270906318262,143383.34075420193,0.9881730202123996,0.05740907244350152,0.05740907244350152,0.0,1.0,6447
1291,1.0,1,99,1,1,0,0,0,1,0.020319999999999998,1303.574826519772,0.9629278545964103,143384.1741935211,0.988152329132042,0.05693925945580183,0.05693925945580183,0.0,1.0,6447
1292,1.0,1,99,1,1,0,0,0,1,0.020319999999999998,1303.595146519772,0.9629286185295087,143385.00760685749,0.9881316389372621,0.05646944646810215,0.05646944646810215,0.0,1.0,6447
1293,1.0,1,99,1,1,0,0,0,1,0.020319999999999998,1303.615466519772,0.9629293824311237,143385.84099421234,0.9881109496280029,0.05599963348040246,0.05599963348040246,0.0,1.0,6447
1294,1.0,1,99,1,1,0,0,0,1,0.020319999999999998,1303.6357865197722,0.962930146301257,143386.67435558693,0.9880902612042078,0.055529820492702775,0.055529820492702775,0.0,1.0,6447
1295,1.0,1,99,1,1,0,0,0,1,0.028447999999999994,1303.6642345197722,0.9629309101399106,143386.61370798305,0.9880697475937494,0.054872082309923215,0.054872082309923215,0.0,1.0,6447
1296,1.0,1,99,1,1,0,0,0,1,0.024383999999999996,1303.6886185197723,0.9629316739470865,143387.0000431893,0.988049147899094,0.05430830672468359,0.05430830672468359,0.0,1.0,6447
1297,1.0,1,99,1,1,0,0,0,1,0.024383999999999996,1303.7130025197723,0.9629324377227866,143387.38636394392,0.9880285490860106,0.05374453113944397,0.05374453113944397,0.0,1.0,6447
1298,1.0,1,99,1,1,0,0,0,1,0.020319999999999998,1303.7333225197724,0.9629332014670128,143388.21963888622,0.9880078641960603,0.05327471815174428,0.05327471815174428,0.0,1.0,6447
1299,1.0,1,99,1,1,0,0,0,1,0.024383999999999996,1303.7577065197725,0.9629339651797671,143388.60592358452,0.9879872671478119,0.05271094256650466,0.05271094256650466,0.0,1.0,6447
1300,1.0,1,99,1,1,0,0,0,1,0.020319999999999998,1303.7780265197725,0.9629347288610516,143389.43915094802,0.9879665840263047,0.05224112957880497,0.05224112957880497,0.0,1.0,6447
1301,1.0,1,99,1,1,0,0,0,1,0.020319999999999998,1303.7983465197726,0.962935492510868,143390.2723523394,0.987945901789864,0.05177131659110529,0.05177131659110529,0.0,1.0,6447
1302,1.0,1,99,1,1,0,0,0,1,0.020319999999999998,1303.8186665197727,0.9629362561292183,143391.10552775997,0.987925220438433,0.0513015036034056,0.0513015036034056,0.0,1.0,6447
1303,1.0,1,99,1,1,0,0,0,1,0.024383999999999996,1303.8430505197728,0.9629370197161046,143391.49173320286,0.9879046269210351,0.05073772801816598,0.05073772801816598,0.0,1.0,6447
1304,1.0,1,99,1,1,0,0,0,1,0.020319999999999998,1303.8633705197728,0.9629377832715287,143392.32486105393,0.9878839473375931,0.05026791503046629,0.05026791503046629,0.0,1.0,6447
1305,1.0,1,99,1,1,0,0,0,1,0.024383999999999996,1303.887754519773,0.9629385467954925,143392.71103045298,0.9878633555843503,0.04970413944522667,0.04970413944522667,0.0,1.0,6447
1306,1.0,1,99,1,1,0,0,0,1,0.020319999999999998,1303.908074519773,0.9629393102879981,143393.54411073914,0.9878426777686704,0.04923432645752698,0.04923432645752698,0.0,1.0,6447
1307,1.0,1,99,1,1,0,0,0,1,0.020319999999999998,1303.928394519773,0.9629400737490472,143394.37716506037,0.9878220008377165,0.0487645134698273,0.0487645134698273,0.0,1.0,6447
1308,1.0,1,99,1,1,0,0,0,1,0.024383999999999996,1303.9527785197731,0.9629408371786421,143394.76327682417,0.9878014117312115,0.048200737884587674,0.048200737884587674,0.0,1.0,6447
1309,1.0,1,99,1,1,0,0,0,1,0.020319999999999998,1303.9730985197732,0.9629416005767845,143395.59628358745,0.9877807365676794,0.04773092489688799,0.04773092489688799,0.0,1.0,6447
1310,1.0,1,99,1,1,0,0,0,1,0.020319999999999998,1303.9934185197733,0.9629423639434763,143396.42926438942,0.9877600622887031,0.0472611119091883,0.0472611119091883,0.0,1.0,6447
1311,1.0,1,99,1,1,0,0,0,1,0.024383999999999996,1304.0178025197733,0.9629431272787196,143396.8153185275,0.987739475828426,0.04669733632394868,0.04669733632394868,0.0,1.0,6447
1312,1.0,1,99,1,1,0,0,0,1,0.020319999999999998,1304.0381225197734,0.9629438905825163,143397.64825177842,0.9877188033165313,0.04622752333624899,0.04622752333624899,0.0,1.0,6447
1313,1.0,1,99,1,1,0,0,0,1,0.024383999999999996,1304.0625065197735,0.9629446538548683,143398.03426988915,0.9876982186195034,0.04566374775100937,0.04566374775100937,0.0,1.0,6447
1314,1.0,1,99,1,1,0,0,0,1,0.024383999999999996,1304.0868905197735,0.9629454170957775,143398.4202735642,0.9876776348030853,0.04509997216576975,0.04509997216576975,0.0,1.0,6447
1315,1.0,1,99,1,1,0,0,0,1,0.020319999999999998,1304.1072105197736,0.962946180305246,143399.25313768096,0.9876569649404582,0.04463015917807006,0.04463015917807006,0.0,1.0,6447
1316,1.0,1,99,1,1,0,0,0,1,0.020319999999999998,1304.1275305197737,0.9629469434832757,143400.08597584348,0.9876362959620466,0.044160346190370375,0.044160346190370375,0.0,1.0,6447
1317,1.0,1,99,1,1,0,0,0,1,0.028447999999999994,1304.1559785197737,0.9629477066298684,143400.0250585551,0.9876158017138816,0.043502608007590815,0.043502608007590815,0.0,1.0,6447
1318,1.0,1,99,1,1,0,0,0,1,0.020319999999999998,1304.1762985197738,0.9629484697450261,143400.85785354764,0.9875951345000125,0.04303279501989113,0.04303279501989113,0.0,1.0,6447
1319,1.0,1,99,1,1,0,0,0,1,0.020319999999999998,1304.196618519774,0.9629492328287509,143401.6906225895,0.9875744681701887,0.04256298203219144,0.04256298203219144,0.0,1.0,6447
1320,1.0,1,99,1,1,0,0,0,1,0.024383999999999996,1304.221002519774,0.9629499958810446,143402.07651821215,0.9875538896418206,0.04199920644695182,0.04199920644695182,0.0,1.0,6447
1321,1.0,1,99,1,1,0,0,0,1,0.024383999999999996,1304.245386519774,0.9629507589019091,143402.46239940551,0.9875333119936667,0.0414354308617122,0.0414354308617122,0.0,1.0,6447
1322,1.0,1,99,1,1,0,0,0,1,0.020319999999999998,1304.265706519774,0.9629515218913465,143403.29509933668,0.9875126483119212,0.04096561787401251,0.04096561787401251,0.0,1.0,6447
1323,1.0,1,99,1,1,0,0,0,1,0.020319999999999998,1304.2860265197742,0.9629522848493585,143404.1277733219,0.9874919855139945,0.040495804886312825,0.040495804886312825,0.0,1.0,6447
1324,1.0,1,99,1,1,0,0,0,1,0.020319999999999998,1304.3063465197743,0.9629530477759473,143404.9604213624,0.9874713235998299,0.04002599189861314,0.04002599189861314,0.0,1.0,6447
1325,1.0,1,99,1,1,0,0,0,1,0.020319999999999998,1304.3266665197743,0.9629538106711146,143405.79304345936,0.9874506625693705,0.03955617891091345,0.03955617891091345,0.0,1.0,6447
1326,1.0,1,99,1,1,0,0,0,1,0.024383999999999996,1304.3510505197744,0.9629545735348627,143406.17882391487,0.9874300893288747,0.03899240332567383,0.03899240332567383,0.0,1.0,6447
1327,1.0,1,99,1,1,0,0,0,1,0.020319999999999998,1304.3713705197745,0.9629553363671931,143407.01139849512,0.9874094300637974,0.038522590337974144,0.038522590337974144,0.0,1.0,6447
1328,1.0,1,99,1,1,0,0,0,1,0.020319999999999998,1304.3916905197746,0.9629560991681081,143407.84394713544,0.9873887716822557,0.03805277735027446,0.03805277735027446,0.0,1.0,6447
1329,1.0,1,99,1,1,0,0,0,1,0.020319999999999998,1304.4120105197746,0.9629568619376094,143408.67646983702,0.9873681141841925,0.03758296436257477,0.03758296436257477,0.0,1.0,6447
1330,1.0,1,99,1,1,0,0,0,1,0.020319999999999998,1304.4323305197747,0.962957624675699,143409.5089666011,0.9873474575695513,0.037113151374875086,0.037113151374875086,0.0,1.0000000000000002,6447
1331,1.0,1,99,1,1,0,0,0,1,0.03251199999999999,1304.4648425197747,0.9629583873823789,143409.00107253302,0.9873270625293463,0.03636145059455559,0.03636145059455559,0.0,1.0,6447
1332,1.0,1,99,1,1,0,0,0,1,0.024383999999999996,1304.4892265197748,0.9629591500576511,143409.38675215965,0.9873064945709706,0.035797675009315966,0.035797675009315966,0.0,1.0,6447
1333,1.0,1,99,1,1,0,0,0,1,0.024383999999999996,1304.5136105197748,0.9629599127015175,143409.77241736805,0.9872859274921315,0.03523389942407634,0.03523389942407634,0.0,1.0,6447
1334,1.0,1,99,1,1,0,0,0,1,0.020319999999999998,1304.533930519775,0.9629606753139798,143410.60483222446,0.9872652744013224,0.03476408643637666,0.03476408643637666,0.0,1.0,6447
1335,1.0,1,99,1,1,0,0,0,1,0.020319999999999998,1304.554250519775,0.9629614378950403,143411.43722114916,0.9872446221936524,0.03429427344867697,0.03429427344867697,0.0,1.0,6447
1336,1.0,1,99,1,1,0,0,0,1,0.024383999999999996,1304.578634519775,0.9629622004447006,143411.82282880935,0.9872240577567992,0.03373049786343735,0.03373049786343735,0.0,1.0,6447
1337,1.0,1,99,1,1,0,0,0,1,0.020319999999999998,1304.5989545197751,0.9629629629629629,143412.65517023992,0.9872034073133799,0.03326068487573766,0.03326068487573766,0.0,1.0,6447
1338,1.0,1,99,1,1,0,0,0,1,0.020319999999999998,1304.6192745197752,0.9629637254498291,143413.4874857423,0.9871827577529297,0.032790871888037976,0.032790871888037976,0.0,1.0,6447
1339,1.0,1,99,1,1,0,0,0,1,0.020319999999999998,1304.6395945197753,0.9629644879053011,143414.3197753178,0.9871621090753923,0.03232105890033829,0.03232105890033829,0.0,1.0,6447
1340,1.0,1,99,1,1,0,0,0,1,0.020319999999999998,1304.6599145197754,0.9629652503293807,143415.15203896756,0.9871414612807108,0.031851245912638604,0.031851245912638604,0.0,1.0,6447
1341,1.0,1,99,1,1,0,0,0,1,0.020319999999999998,1304.6802345197755,0.9629660127220702,143415.98427669282,0.9871208143688287,0.03138143292493892,0.03138143292493892,0.0,1.0,6447
1342,1.0,1,99,1,1,0,0,0,1,0.020319999999999998,1304.7005545197756,0.962966775083371,143416.81648849475,0.9871001683396894,0.030911619937239218,0.030911619937239218,0.0,1.0,6447
1343,1.0,1,99,1,1,0,0,0,1,0.020319999999999998,1304.7208745197756,0.9629675374132856,143417.64867437462,0.9870795231932362,0.030441806949539515,0.030441806949539515,0.0,1.0,6447
1344,1.0,1,99,1,1,0,0,0,1,0.020319999999999998,1304.7411945197757,0.9629682997118155,143418.4808343336,0.9870588789294126,0.02997199396183981,0.02997199396183981,0.0,1.0,6447
1345,1.0,1,99,1,1,0,0,0,1,0.028447999999999994,1304.7696425197757,0.9629690619789629,143418.41954463144,0.9870384092901995,0.029314255779060227,0.029314255779060227,0.0,1.0,6447
1346,1.0,1,99,1,1,0,0,0,1,0.020319999999999998,1304.7899625197758,0.9629698242147298,143419.25166148247,0.9870177667877513,0.028844442791360524,0.028844442791360524,0.0,1.0,6447
1347,1.0,1,99,1,1,0,0,0,1,0.020319999999999998,1304.810282519776,0.9629705864191178,143420.08375241613,0.9869971251677632,0.02837462980366082,0.02837462980366082,0.0,1.0,6447
1348,1.0,1,99,1,1,0,0,0,1,0.020319999999999998,1304.830602519776,0.9629713485921291,143420.91581743365,0.9869764844301783,0.027904816815961117,0.027904816815961117,0.0,1.0,6447
1349,1.0,1,99,1,1,0,0,0,1,0.020319999999999998,1304.850922519776,0.9629721107337655,143421.7478565362,0.9869558445749401,0.027435003828261414,0.027435003828261414,0.0,1.0,6447
1350,1.0,1,99,1,1,0,0,0,1,0.028447999999999994,1304.879370519776,0.9629728728440291,143421.68650076276,0.9869353793254624,0.02677726564548183,0.02677726564548183,0.0,1.0,6447
1351,1.0,1,99,1,1,0,0,0,1,0.020319999999999998,1304.8996905197762,0.9629736349229218,143422.51849676843,0.9869147412310351,0.026307452657782126,0.026307452657782126,0.0,1.0,6447
1352,1.0,1,99,1,1,0,0,0,1,0.020319999999999998,1304.9200105197763,0.9629743969704454,143423.35046686267,0.986894104018785,0.025837639670082423,0.025837639670082423,0.0,1.0,6447
1353,1.0,1,99,1,1,0,0,0,1,0.020319999999999998,1304.9403305197764,0.9629751589866019,143424.18241104673,0.9868734676886555,0.02536782668238272,0.02536782668238272,0.0,1.0,6447
1354,1.0,1,99,1,1,0,0,0,1,0.024383999999999996,1304.9647145197764,0.9629759209713933,143424.56766647202,0.9868529190948997,0.024804051097143075,0.024804051097143075,0.0,1.0,6447
1355,1.0,1,99,1,1,0,0,0,1,0.024383999999999996,1304.9890985197765,0.9629766829248214,143424.95290750015,0.986832371379439,0.02424027551190343,0.02424027551190343,0.0,1.0,6447
1356,1.0,1,99,1,1,0,0,0,1,0.020319999999999998,1305.0094185197765,0.9629774448468884,143425.78478268933,0.9868117376916199,0.023770462524203728,0.023770462524203728,0.0,1.0,6447
1357,1.0,1,99,1,1,0,0,0,1,0.020319999999999998,1305.0297385197766,0.9629782067375959,143426.616631973,0.9867911048856954,0.023300649536504025,0.023300649536504025,0.0,1.0,6447
1358,1.0,1,99,1,1,0,0,0,1,0.020319999999999998,1305.0500585197767,0.9629789685969461,143427.44845535248,0.9867704729616089,0.02283083654880432,0.02283083654880432,0.0,1.0,6447
1359,1.0,1,99,1,1,0,0,0,1,0.020319999999999998,1305.0703785197768,0.9629797304249408,143428.28025282887,0.986749841919304,0.02236102356110462,0.02236102356110462,0.0,1.0,6447
1360,1.0,1,99,1,1,0,0,0,1,0.020319999999999998,1305.0906985197769,0.962980492221582,143429.11202440344,0.9867292117587241,0.021891210573404915,0.021891210573404915,0.0,1.0,6447
1361,1.0,1,99,1,1,0,0,0,1,0.020319999999999998,1305.111018519777,0.9629812539868716,143429.94377007737,0.9867085824798126,0.021421397585705212,0.021421397585705212,0.0,1.0,6447
1362,1.0,1,99,1,1,0,0,0,1,0.028447999999999994,1305.139466519777,0.9629820157208115,143429.88224788572,0.9866881277614379,0.020763659402925627,0.020763659402925627,0.0,1.0,6447
1363,1.0,1,99,1,1,0,0,0,1,0.020319999999999998,1305.159786519777,0.9629827774234038,143430.71395048944,0.9866675002419827,0.020293846415225924,0.020293846415225924,0.0,1.0,6447
1364,1.0,1,99,1,1,0,0,0,1,0.020319999999999998,1305.1801065197772,0.9629835390946502,143431.54562719603,0.9866468736040267,0.01982403342752622,0.01982403342752622,0.0,1.0,6447
1365,1.0,1,99,1,1,0,0,0,1,0.024383999999999996,1305.2044905197772,0.9629843007345528,143431.9306742864,0.9866263346814091,0.019260257842286577,0.019260257842286577,0.0,1.0,6447
1366,1.0,1,99,1,1,0,0,0,1,0.020319999999999998,1305.2248105197773,0.9629850623431134,143432.76230356586,0.9866057098044265,0.018790444854586873,0.018790444854586873,0.0,1.0,6447
1367,1.0,1,99,1,1,0,0,0,1,0.020319999999999998,1305.2451305197774,0.9629858239203342,143433.59390695178,0.9865850858087735,0.01832063186688717,0.01832063186688717,0.0,1.0,6447
1368,1.0,1,99,1,1,0,0,0,1,0.020319999999999998,1305.2654505197775,0.9629865854662167,143434.42548444535,0.9865644626943936,0.017850818879187467,0.017850818879187467,0.0,1.0,6447
1369,1.0,1,99,1,1,0,0,0,1,0.024383999999999996,1305.2898345197775,0.9629873469807633,143434.81045256177,0.9865439272877057,0.017287043293947823,0.017287043293947823,0.0,1.0,6447
1370,1.0,1,99,1,1,0,0,0,1,0.020319999999999998,1305.3101545197776,0.9629881084639756,143435.64198263746,0.9865233059338477,0.01681723030624812,0.01681723030624812,0.0,1.0,6447
1371,1.0,1,99,1,1,0,0,0,1,0.020319999999999998,1305.3304745197777,0.9629888699158557,143436.4734868244,0.9865026854610937,0.016347417318548416,0.016347417318548416,0.0,1.0,6447
1372,1.0,1,99,1,1,0,0,0,1,0.024383999999999996,1305.3548585197777,0.9629896313364056,143436.85839750766,0.9864821526902975,0.015783641733308772,0.015783641733308772,0.0,1.0,6447
1373,1.0,1,99,1,1,0,0,0,1,0.024383999999999996,1305.3792425197778,0.9629903927256269,143437.24329381093,0.9864616207967826,0.015219866148069137,0.015219866148069137,0.0,1.0,6447
1374,1.0,1,99,1,1,0,0,0,1,0.020319999999999998,1305.3995625197779,0.9629911540835219,143438.0747290645,0.9864410029632918,0.014750053160369443,0.014750053160369443,0.0,1.0,6447
1375,1.0,1,99,1,1,0,0,0,1,0.020319999999999998,1305.419882519778,0.9629919154100923,143438.90613843402,0.9864203860106792,0.014280240172669748,0.014280240172669748,0.0,1.0,6447
1376,1.0,1,99,1,1,0,0,0,1,0.024383999999999996,1305.444266519778,0.9629926767053403,143439.29097731653,0.9863998567523802,0.013716464587430114,0.013716464587430114,0.0,1.0,6447
1377,1.0,1,99,1,1,0,0,0,1,0.024383999999999996,1305.468650519778,0.9629934379692675,143439.67580182274,0.9863793283711376,0.01315268900219048,0.01315268900219048,0.0,1.0,6447
1378,1.0,1,99,1,1,0,0,0,1,0.020319999999999998,1305.4889705197781,0.962994199201876,143440.50714227234,0.986358714057112,0.012682876014490786,0.012682876014490786,0.0,1.0,6447
1379,1.0,1,99,1,1,0,0,0,1,0.020319999999999998,1305.5092905197782,0.9629949604031678,143441.33845684264,0.9863381006237388,0.012213063026791092,0.012213063026791092,0.0,1.0,6447
1380,1.0,1,99,1,1,0,0,0,1,0.020319999999999998,1305.5296105197783,0.9629957215731446,143442.1697455348,0.9863174880709618,0.011743250039091397,0.011743250039091397,0.0,1.0,6447
1381,1.0,1,99,1,1,0,0,0,1,0.020319999999999998,1305.5499305197784,0.9629964827118086,143443.0010083501,0.9862968763987243,0.011273437051391702,0.011273437051391702,0.0,1.0,6447
1382,1.0,1,99,1,1,0,0,0,1,0.020319999999999998,1305.5702505197785,0.9629972438191616,143443.83224528973,0.9862762656069701,0.010803624063692008,0.010803624063692008,0.0,1.0,6447
1383,1.0,1,99,1,1,0,0,0,1,0.020319999999999998,1305.5905705197786,0.9629980048952056,143444.66345635487,0.9862556556956428,0.010333811075992313,0.010333811075992313,0.0,1.0,6447
1384,1.0,1,99,1,1,0,0,0,1,0.020319999999999998,1305.6108905197786,0.9629987659399424,143445.49464154677,0.9862350466646859,0.009863998088292619,0.009863998088292619,0.0,1.0,6447
1385,1.0,1,99,1,1,0,0,0,1,0.020319999999999998,1305.6312105197787,0.9629995269533741,143446.3258008666,0.9862144385140429,0.009394185100592924,0.009394185100592924,0.0,1.0,6447
1386,1.0,1,99,1,1,0,0,0,1,0.020319999999999998,1305.6515305197788,0.9630002879355024,143447.15693431554,0.9861938312436574,0.00892437211289323,0.00892437211289323,0.0,1.0,6447
1387,1.0,1,99,1,1,0,0,0,1,0.028447999999999994,1305.6799785197788,0.9630010488863295,143447.09506255385,0.9861733984396684,0.008266633930113657,0.008266633930113657,0.0,1.0,6447
1388,1.0,1,99,1,1,0,0,0,1,0.020319999999999998,1305.700298519779,0.9630018098058571,143447.92615298828,0.986152792925922,0.007796820942413961,0.007796820942413961,0.0,1.0,6447
1389,1.0,1,99,1,1,0,0,0,1,0.024383999999999996,1305.724682519779,0.9630025706940875,143448.31074077726,0.9861322750816546,0.007233045357174323,0.007233045357174323,0.0,1.0,6447
1390,1.0,1,99,1,1,0,0,0,1,0.020319999999999998,1305.745002519779,0.9630033315510221,143449.14178383976,0.9861116713261754,0.006763232369474624,0.006763232369474624,0.0,1.0,6447
1391,1.0,1,99,1,1,0,0,0,1,0.024383999999999996,1305.7693865197791,0.9630040923766632,143449.52633576136,0.9860911552363559,0.006199456784234985,0.006199456784234985,0.0,1.0,6447
1392,1.0,1,99,1,1,0,0,0,1,0.024383999999999996,1305.7937705197792,0.9630048531710126,143449.9108733209,0.9860706400227495,0.005635681198995346,0.005635681198995346,0.0,1.0,6447
1393,1.0,1,99,1,1,0,0,0,1,0.020319999999999998,1305.8140905197793,0.9630056139340722,143450.74184751467,0.9860500389033225,0.005165868211295647,0.005165868211295647,0.0,1.0,6447
1394,1.0,1,99,1,1,0,0,0,1,0.024383999999999996,1305.8384745197793,0.9630063746658442,143451.1263492127,0.9860295254438269,0.004602092626056009,0.004602092626056009,0.0,1.0,6447
1395,1.0,1,99,1,1,0,0,0,1,0.020319999999999998,1305.8587945197794,0.9630071353663301,143451.95727604575,0.9860089260821044,0.00413227963835631,0.00413227963835631,0.0,1.0,6447
1396,1.0,1,99,1,1,0,0,0,1,0.020319999999999998,1305.8791145197795,0.9630078960355322,143452.7881770197,0.9859883276000764,0.0036624666506566107,0.0036624666506566107,0.0,1.0,6447
1397,1.0,1,99,1,1,0,0,0,1,0.024383999999999996,1305.9034985197795,0.9630086566734521,143453.17262136316,0.9859678167722518,0.003098691065416972,0.003098691065416972,0.0,1.0,6447
1398,1.0,1,99,1,1,0,0,0,1,0.024383999999999996,1305.9278825197796,0.9630094172800922,143453.55705135007,0.9859473068203032,0.0025349154801773332,0.0025349154801773332,0.0,1.0,6447
1399,1.0,1,99,1,1,0,0,0,1,0.020319999999999998,1305.9482025197797,0.9630101778554538,143454.38788347543,0.9859267109733145,0.0020651024924776343,0.0020651024924776343,0.0,1.0,6447
1400,1.0,1,99,1,1,0,0,0,1,0.020319999999999998,1305.9685225197798,0.9630109383995394,143455.2186897464,0.9859061160057949,0.0015952895047779353,0.0015952895047779353,0.0,1.0,6447
1401,1.0,1,99,1,1,0,0,0,1,0.020319999999999998,1305.9888425197798,0.9630116989123507,143456.04947016417,0.9858855219176882,0.0011254765170782364,0.0011254765170782364,0.0,1.0,6447
1402,1.0,1,99,1,1,0,0,0,1,0.020319999999999998,1306.00916251978,0.9630124593938896,143456.88022473,0.9858649287089378,0.0006556635293785379,0.0006556635293785379,0.0,1.0,6447
1403,1.0,1,99,1,1,0,0,0,1,0.024383999999999996,1306.03354651978,0.963013219844158,143457.26455439284,0.9858444231429376,9.188794413889973e-05,9.188794413889973e-05,0.0,1.0,6447
1404,1.0,0,100,1,0,0,1,0,1,0.003974268642602791,1306.0375207884226,0.9629934210526315,143456.82801432488,0.9858444231429376,0.0,0.0,0.0,0.0,6447
