round,lambda_energy,alive_nodes,dead_nodes,generated_round,delivered_round,channel_drops_round,energy_drops_round,route_drops_round,fallback_direct_round,round_airtime_s,elapsed_channel_time_s,pdr,goodput_bps,average_delay_s,residual_energy_j,mean_alive_energy_j,std_alive_energy_j,jain_energy_fairness,route_changes_total
1,0.25,100,0,100,100,0,0,0,0,2.5643839999999947,2.5643839999999947,1.0,155982.87931916624,1.270853954591171,49.85790592033677,0.4985790592033677,0.002244947022959029,0.9999797261923747,0
2,0.25,100,0,100,100,0,0,0,0,2.5603199999999946,5.124703999999989,1.0,156106.57708230597,1.2623195512826284,49.72544964985222,0.4972544964985222,0.003022921504012926,0.9999630444004738,26
3,0.25,100,0,100,100,0,0,0,0,2.5603199999999946,7.685023999999983,1.0,156147.85327931345,1.2612358173368916,49.58977630117099,0.4958977630117099,0.0039308171236208484,0.9999371718758284,52
4,0.25,100,0,100,100,0,0,0,0,2.560319999999995,10.245343999999978,1.0,156168.49956429022,1.256934750654938,49.45184229107775,0.4945184229107775,0.0049784855661790615,0.9998986589173869,78
5,0.25,100,0,100,100,0,0,0,0,2.560319999999995,12.805663999999974,1.0,156180.8899561947,1.255410750826055,49.31386670856176,0.4931386670856176,0.006153273960023635,0.999844329336381,102
6,0.25,100,0,100,100,0,0,0,0,2.564383999999995,15.370047999999969,1.0,156147.85327931342,1.2559119775096426,49.175654023323396,0.49175654023323395,0.007237290974364362,0.9997834502325688,127
7,0.25,100,0,100,100,0,0,0,0,2.560319999999995,17.930367999999962,1.0,156159.65048793232,1.256479001923057,49.042835651292144,0.49042835651292144,0.00828044845857357,0.999715007925789,151
8,0.25,100,0,100,100,0,0,0,0,2.5603199999999946,20.490687999999956,1.0,156168.49956429022,1.2575646703420593,48.9086420764975,0.489086420764975,0.00933719470072932,0.999635662930086,174
9,0.25,100,0,100,100,0,0,0,0,2.560319999999995,23.05100799999995,1.0,156175.38287262787,1.2589961013652708,48.77316696438249,0.4877316696438249,0.010401695908307857,0.9995453796107204,198
10,0.25,100,0,100,100,0,0,0,0,2.5643839999999947,25.615391999999943,1.0,156156.11113817853,1.2607223982702043,48.63872475440484,0.4863872475440484,0.01146770342503169,0.9994444192453165,218
11,0.25,100,0,100,100,0,0,0,0,2.5603199999999946,28.175711999999937,1.0,156162.868217847,1.2625670847647776,48.50357588211914,0.4850357588211914,0.012575851401605711,0.9993282070768468,241
12,0.25,100,0,100,100,0,0,0,0,2.5603199999999946,30.73603199999993,1.0,156168.49956429025,1.2645445901413699,48.36904791987752,0.48369047919877517,0.013674369805861656,0.9992013939524383,265
13,0.25,100,0,100,100,0,0,0,0,2.5603199999999946,33.29635199999993,1.0,156173.26486697435,1.2666242638657874,48.23594406562049,0.48235944065620484,0.014760771272100086,0.9990644434617595,288
14,0.25,100,0,100,100,0,0,0,0,2.5603199999999946,35.856671999999925,1.0,156177.3496436036,1.2673327842346682,48.09861143111316,0.48098611431113164,0.015887055697587173,0.9989101964836596,310
15,0.25,100,0,100,100,0,0,0,0,2.5603199999999946,38.41699199999992,1.0,156180.8899561947,1.2682990485750048,47.96385811275699,0.47963858112756985,0.016987348898214905,0.9987472091491842,332
16,0.25,100,0,100,100,0,0,0,0,2.5643839999999942,40.98137599999992,1.0,156168.4995642902,1.2696398299031006,47.8280176582694,0.478280176582694,0.018100398055248816,0.9985698225472507,356
17,0.25,100,0,100,100,0,0,0,0,2.5643839999999947,43.545759999999916,1.0,156157.56849805845,1.2709902133484308,47.69368393676796,0.4769368393676796,0.019202262422021523,0.9983816232114249,380
18,0.25,100,0,100,100,0,0,0,0,2.5603199999999946,46.10607999999991,1.0,156161.6168626787,1.272472776477138,47.55918388232022,0.4755918388232022,0.020303544726709033,0.9981807844847107,402
19,0.25,100,0,100,100,0,0,0,0,2.5603199999999946,48.66639999999991,1.0,156165.2392615853,1.274077343477384,47.42529164103178,0.47425291641031775,0.021399872275767878,0.9979680221594511,425
20,0.25,100,0,100,100,0,0,0,0,2.5603199999999946,51.22671999999991,1.0,156168.49956429016,1.2757856137671357,47.29023700430393,0.4729023700430393,0.022508867007608385,0.997739619732488,448
21,0.25,100,0,100,100,0,0,0,0,2.5603199999999946,53.787039999999905,1.0,156171.44947928004,1.2775827725651565,47.15404040472295,0.47154040404722947,0.023643686173239763,0.9974921472370362,472
22,0.25,100,0,100,100,0,0,0,0,2.5643839999999947,56.3514239999999,1.0,156162.8682178469,1.278706706085429,47.01805285867261,0.4701805285867261,0.024752209318432937,0.9972362629488288,496
23,0.25,100,0,100,100,0,0,0,0,2.5603199999999946,58.9117439999999,1.0,156165.8062609726,1.2789130384084575,46.88335649443994,0.4688335649443994,0.02586858284127029,0.996964797258296,519
24,0.25,100,0,100,100,0,0,0,0,2.5643839999999947,61.476127999999896,1.0,156158.1757393702,1.2794459229709263,46.74942723585776,0.4674942723585776,0.02696835762078164,0.9966832436791377,540
25,0.25,100,0,100,100,0,0,0,0,2.5643839999999947,64.0405119999999,1.0,156151.15631805093,1.2800499688412934,46.614907972667744,0.46614907972667746,0.028062326157039283,0.9963890073777008,562
26,0.25,100,0,100,100,0,0,0,0,2.5643839999999947,66.60489599999988,1.0,156144.67741230343,1.2809436111993946,46.478045058315466,0.46478045058315465,0.029176367309844527,0.996074827970709,585
27,0.25,100,0,100,100,0,0,0,0,2.5603199999999946,69.16521599999987,1.0,156147.8532793134,1.281819223708936,46.344295402659434,0.46344295402659436,0.03027329466828404,0.9957510893439228,608
28,0.25,100,0,100,100,0,0,0,0,2.5603199999999946,71.72553599999986,1.0,156150.80241435938,1.2828209782186284,46.20909449797365,0.4620909449797365,0.03138716807843462,0.995407488492588,631
29,0.25,100,0,100,100,0,0,0,0,2.560319999999995,74.28585599999985,1.0,156153.54826092362,1.283935825525062,46.07367970174677,0.46073679701746767,0.032489835471496656,0.9950519397726606,655
30,0.25,100,0,100,100,0,0,0,0,2.560319999999995,76.84617599999984,1.0,156156.1111381785,1.2851524563287364,45.93961970106288,0.45939619701062884,0.03358700965517549,0.9946831714345069,675
31,0.25,100,0,100,100,0,0,0,0,2.5603199999999946,79.40649599999983,1.0,156158.50874467532,1.2864610206194673,45.80419757132113,0.4580419757132113,0.03472189808402024,0.994286425851603,696
32,0.25,100,0,100,100,0,0,0,0,2.5603199999999946,81.96681599999982,1.0,156160.75656763377,1.2878528996670964,45.66957384675599,0.4566957384675599,0.03583145701431461,0.9938819948079762,718
33,0.25,100,0,100,100,0,0,0,0,2.5643839999999947,84.53119999999981,1.0,156155.3603876442,1.2887109193303943,45.53321788748317,0.4553321788748317,0.036948708308449624,0.9934582872388074,742
34,0.25,100,0,100,100,0,0,0,0,2.5603199999999946,87.0915199999998,1.0,156157.56849805848,1.2896678790446638,45.39766106527645,0.4539766106527645,0.03806650284613376,0.9930180593796833,765
35,0.25,100,0,100,100,0,0,0,0,2.5603199999999946,89.6518399999998,1.0,156159.65048793235,1.290721103915609,45.26294429405093,0.45262944294050933,0.03914690804253144,0.9925754037986796,788
36,0.25,100,0,100,100,0,0,0,0,2.560319999999994,92.21215999999978,1.0,156161.61686267878,1.2918625718506316,45.12842093942997,0.4512842093942997,0.040247815319211976,0.9921087892021251,811
37,0.25,100,0,100,100,0,0,0,0,2.560319999999994,94.77247999999977,1.0,156163.47699247752,1.2930851280098863,44.99345556054439,0.44993455560544393,0.04135291186381905,0.9916235437723795,835
38,0.25,100,0,100,100,0,0,0,0,2.5643839999999942,97.33686399999976,1.0,156158.7190645472,1.294383440169854,44.858467942015984,0.44858467942015984,0.042450273444641806,0.9911243482122108,858
39,0.25,100,0,100,100,0,0,0,0,2.560319999999994,99.89718399999975,1.0,156160.55803935413,1.2952285712003457,44.72200903981814,0.4472200903981814,0.04356450298208759,0.9906001417833353,880
40,0.25,100,0,100,100,0,0,0,0,2.5603199999999937,102.45750399999974,1.0,156162.30510553956,1.2956555256552627,44.58839000966714,0.4458839000966714,0.04465307162527034,0.9900705489950734,903
41,0.25,100,0,100,100,0,0,0,0,2.5603199999999937,105.01782399999973,1.0,156163.96698526188,1.2961905115893344,44.45339626852339,0.44453396268523393,0.04577680382146883,0.9895069943293349,925
42,0.25,100,0,100,100,0,0,0,0,2.5603199999999937,107.57814399999972,1.0,156165.5497607399,1.2963420029514743,44.31850157556456,0.4431850157556456,0.046863599883749434,0.9889421160267,946
43,0.25,100,0,100,100,0,0,0,0,2.564383999999994,110.14252799999971,1.0,156161.29675178733,1.2966234900977818,44.18290351331331,0.44182903513313315,0.047988376376168165,0.9883407580864539,969
44,0.25,100,0,100,100,0,0,0,0,2.5603199999999937,112.7028479999997,1.0,156162.86821784705,1.296998400538367,44.048611325169375,0.44048611325169373,0.04908542741177865,0.9877346205780456,993
45,0.25,100,0,100,100,0,0,0,0,2.564383999999994,115.2672319999997,1.0,156158.8639518996,1.2975038554099352,43.91184606329566,0.4391184606329566,0.05021973949461486,0.9870895296177419,1017
46,0.25,100,0,100,100,0,0,0,0,2.5603199999999937,117.82755199999968,1.0,156160.41993302252,1.2980730313879265,43.77779356143059,0.4377779356143059,0.051307063297665004,0.9864505429423672,1040
47,0.25,100,0,100,100,0,0,0,0,2.560319999999994,120.38787199999967,1.0,156161.9097312398,1.2987303956122798,43.64207346483187,0.43642073464831865,0.05242628654487602,0.985774581325286,1061
48,0.25,100,0,100,100,0,0,0,0,2.560319999999994,122.94819199999966,1.0,156163.33748120553,1.2994704362946328,43.507560062171116,0.43507560062171113,0.05353318201787479,0.9850861126928621,1086
49,0.25,100,0,100,100,0,0,0,0,2.560319999999994,125.50851199999966,1.0,156164.70698019312,1.3002880916519204,43.37266989764661,0.4337266989764661,0.05465122077876947,0.9843711756788458,1110
50,0.25,100,0,100,100,0,0,0,0,2.5603199999999937,128.06883199999965,1.0,156166.02172181953,1.300772304805581,43.23681739344039,0.4323681739344039,0.055751129319273264,0.9836454540951297,1134
51,0.25,100,0,100,100,0,0,0,0,2.5603199999999937,130.62915199999964,1.0,156167.28492580322,1.3009426900223786,43.10076806525184,0.43100768065251843,0.0568727174275148,0.9828864042808245,1157
52,0.25,100,0,100,100,0,0,0,0,2.5603199999999937,133.18947199999963,1.0,156168.49956429034,1.3012081219448874,42.967121846365515,0.42967121846365514,0.057957362875994026,0.9821304392513428,1179
53,0.25,100,0,100,100,0,0,0,0,2.568447999999994,135.75791999999961,1.0,156160.31830776474,1.3015662877285252,42.83234438473096,0.4283234438473096,0.0590793973838566,0.9813300345926868,1199
54,0.25,100,0,100,100,0,0,0,0,2.568447999999994,138.3263679999996,1.0,156152.4408708545,1.3020511703554194,42.69594491567103,0.4269594491567103,0.06021785135464443,0.9804960268769081,1222
55,0.25,100,0,100,100,0,0,0,0,2.5603199999999937,140.8866879999996,1.0,156153.85890823172,1.302570144540229,42.55880501202074,0.4255880501202074,0.061330499190378175,0.9796554766336034,1245
56,0.25,100,0,100,100,0,0,0,0,2.5603199999999937,143.44700799999958,1.0,156155.22632580853,1.3028020696304747,42.42424014104376,0.4242424014104376,0.06241040177149873,0.978817007197391,1268
57,0.25,100,0,100,100,0,0,0,0,2.568447999999994,146.01545599999957,1.0,156147.85327931357,1.3028126752536857,42.288780107148376,0.42288780107148377,0.06350542136398604,0.9779460599095259,1287
58,0.25,100,0,100,100,0,0,0,0,2.564383999999994,148.57983999999956,1.0,156145.0059442793,1.3028943854962427,42.15319623855716,0.42153196238557156,0.0646246407139834,0.9770360883161681,1310
59,0.25,100,0,100,100,0,0,0,0,2.564383999999994,151.14422399999955,1.0,156142.2552276961,1.3030504730086054,42.0184780238735,0.420184780238735,0.06573726028785655,0.9761086480631551,1333
60,0.25,100,0,100,100,0,0,0,0,2.5603199999999937,153.70454399999954,1.0,156143.7246773919,1.3032724776092348,41.88414822456445,0.4188414822456445,0.06683216620816208,0.975171376353873,1356
61,0.25,100,0,100,100,0,0,0,0,2.5603199999999937,156.26486399999953,1.0,156145.14597472196,1.3035738132238763,41.74793105963391,0.41747931059633914,0.06794535028278219,0.9741954861449308,1380
62,0.25,100,0,100,100,0,0,0,0,2.5603199999999937,158.82518399999952,1.0,156146.5214483874,1.3036228993032066,41.612465124403485,0.41612465124403486,0.06903509650746675,0.9732143921086553,1402
63,0.25,100,0,100,100,0,0,0,0,2.5603199999999937,161.38550399999951,1.0,156147.8532793136,1.30375428739821,41.47643841599147,0.4147643841599147,0.07016702687995119,0.9721767120322254,1426
64,0.25,100,0,100,100,0,0,0,0,2.5603199999999937,163.9458239999995,1.0,156149.14351218898,1.3036466196158367,41.34179062706139,0.4134179062706139,0.07126755498691767,0.9711406022099294,1450
65,0.25,100,0,100,100,0,0,0,0,2.5603199999999937,166.5061439999995,1.0,156150.39406593956,1.3036235446875697,41.20763341164305,0.4120763341164305,0.07237273503596553,0.9700772874556726,1475
66,0.25,100,0,100,100,0,0,0,0,2.568447999999994,169.07459199999948,1.0,156144.0999958177,1.3037150841408767,41.07135741893697,0.4107135741893697,0.07347551127617631,0.9689882945032859,1499
67,0.25,100,0,100,100,0,0,0,0,2.5603199999999937,171.63491199999947,1.0,156145.38841608216,1.3038493836295013,40.93573553652768,0.4093573553652768,0.07459046043178613,0.9678651532297324,1521
68,0.25,100,0,100,100,0,0,0,0,2.5603199999999937,174.19523199999946,1.0,156146.63896196702,1.3040574272237995,40.801641550571574,0.40801641550571577,0.07569440495881867,0.9667281720896959,1544
69,0.25,100,0,100,100,0,0,0,0,2.5603199999999937,176.75555199999945,1.0,156147.8532793136,1.3043360087319673,40.66509389591947,0.4066509389591947,0.07682513825330738,0.9655386102739622,1568
70,0.25,100,0,100,100,0,0,0,0,2.5603199999999937,179.31587199999944,1.0,156149.0329199642,1.3043918193255735,40.53012543845758,0.4053012543845758,0.07792480195515646,0.9643523217673509,1591
71,0.25,100,0,100,100,0,0,0,0,2.5684479999999934,181.88431999999943,1.0,156143.20134907775,1.3045708397500588,40.39476467363191,0.4039476467363191,0.07902843088185475,0.963135860033721,1613
72,0.25,100,0,100,100,0,0,0,0,2.5603199999999937,184.44463999999942,1.0,156144.4127625508,1.3044863718261797,40.26014590158756,0.40260145901587563,0.08012523200708556,0.9619006024853592,1634
73,0.25,100,0,100,100,0,0,0,0,2.560319999999994,187.00495999999941,1.0,156145.5910046455,1.3044765907032578,40.12468860114714,0.4012468860114714,0.08123097111242335,0.960629070712201,1657
74,0.25,100,0,100,100,0,0,0,0,2.560319999999994,189.5652799999994,1.0,156146.73741942667,1.3042638739184993,39.989252641251824,0.3998925264125182,0.08235559914470442,0.959312609260653,1681
75,0.25,100,0,100,100,0,0,0,0,2.5603199999999937,192.1255999999994,1.0,156147.8532793136,1.3038563389145839,39.85526324545625,0.3985526324545625,0.08345952048379521,0.9579910470929774,1705
76,0.25,100,0,100,100,0,0,0,0,2.5643839999999942,194.68998399999938,1.0,156145.68030371863,1.3032750443163517,39.71765785903873,0.3971765785903873,0.08458121720098537,0.9566170846246491,1729
77,0.25,100,0,100,100,0,0,0,0,2.560319999999994,197.25030399999937,1.0,156146.78089418862,1.3025003703629676,39.58276057675572,0.39582760576755716,0.08568377260890216,0.9552392691790149,1751
78,0.25,100,0,100,100,0,0,0,0,2.5643839999999942,199.81468799999936,1.0,156144.67741230363,1.3018482018830082,39.44885710440935,0.3944885710440935,0.08677680604291264,0.9538452510416136,1774
79,0.25,100,0,100,100,0,0,0,0,2.560319999999994,202.37500799999935,1.0,156145.76282067448,1.3012449531515304,39.31180723286746,0.3931180723286746,0.08789521951000616,0.9523898813637661,1796
80,0.25,100,0,100,100,0,0,0,0,2.5643839999999942,204.93939199999934,1.0,156143.72467739196,1.300737557603315,39.1760351538131,0.39176035153813105,0.089001685329709,0.9509205451431408,1818
81,0.25,100,0,100,100,0,0,0,0,2.5684479999999943,207.50783999999933,1.0,156138.67890485536,1.3003500602208482,39.04092674770168,0.3904092674770168,0.09011731874518872,0.9494138254312838,1842
82,0.25,100,0,100,100,0,0,0,0,2.560319999999994,210.06815999999932,1.0,156139.79767328902,1.2997326344867146,38.90512814420262,0.3890512814420262,0.0912398721406646,0.9478681011581478,1866
83,0.25,100,0,100,100,0,0,0,0,2.560319999999994,212.6284799999993,1.0,156140.88949890487,1.2991937394844644,38.7706202222719,0.387706202222719,0.09233896762900991,0.9463211645255407,1888
84,0.25,100,0,100,100,0,0,0,0,2.560319999999994,215.1887999999993,1.0,156141.95534340126,1.2987305705805618,38.63335000871206,0.3863335000871206,0.09347785049671835,0.9446926038595286,1911
85,0.25,100,0,100,100,0,0,0,0,2.5643839999999942,217.7531839999993,1.0,156140.0819746457,1.2983667515071875,38.49818609522179,0.3849818609522179,0.09458075372897949,0.9430789308587988,1934
86,0.25,100,0,100,100,0,0,0,0,2.5684479999999943,220.32163199999928,1.0,156135.37212723674,1.297828985907553,38.36348268624487,0.3836348268624487,0.09567738549463094,0.9414432845958842,1957
87,0.25,100,0,100,100,0,0,0,0,2.5643839999999942,222.88601599999927,1.0,156133.61764248196,1.2973694475660769,38.22710151258648,0.3822710151258648,0.09680676783366778,0.9397338339097348,1981
88,0.25,100,0,100,100,0,0,0,0,2.560319999999994,225.44633599999926,1.0,156134.71757642634,1.2969572987144322,38.09280168598901,0.3809280168598901,0.09791206059114291,0.9380270844987633,2005
89,0.25,100,0,100,100,0,0,0,0,2.560319999999994,228.00665599999925,1.0,156135.7928077333,1.2966137734448036,37.95712693089103,0.3795712693089103,0.09902872305269339,0.9362709778011556,2029
90,0.25,100,0,100,100,0,0,0,0,2.560319999999994,230.56697599999924,1.0,156136.8441593306,1.2963365842898065,37.821948495177026,0.37821948495177027,0.10013410425907288,0.9344979926365502,2053
91,0.25,100,0,100,100,0,0,0,0,2.5603199999999946,233.12729599999923,1.0,156137.87241799483,1.2961235443392778,37.687644598891474,0.37687644598891473,0.10124175931049623,0.9326930203862137,2074
92,0.25,100,0,100,100,0,0,0,0,2.5684479999999943,235.69574399999922,1.0,156133.49386571918,1.2960198278751673,37.55274854881179,0.37552748548811793,0.10233822754135356,0.9308678069186772,2096
93,0.25,100,0,100,100,0,0,0,0,2.5643839999999942,238.2601279999992,1.0,156131.8728075229,1.2959655367057392,37.41685106263762,0.3741685106263762,0.10345009862910536,0.9289871330448757,2120
94,0.25,100,0,100,100,0,0,0,0,2.5603199999999946,240.8204479999992,1.0,156132.92107155337,1.2957156857788876,37.283135628131305,0.37283135628131303,0.10454123472260415,0.9271078675785762,2143
95,0.25,100,0,100,100,0,0,0,0,2.5603199999999946,243.3807679999992,1.0,156133.94728050215,1.2955267075228114,37.14532877095988,0.3714532877095988,0.10568506094112423,0.9251118606934993,2166
96,0.25,100,0,100,100,0,0,0,0,2.5603199999999946,245.94108799999918,1.0,156134.95212316915,1.2953966996171322,37.01091987640769,0.3701091987640769,0.1067938594562259,0.9231400008741366,2190
97,0.25,100,0,100,100,0,0,0,0,2.5643839999999947,248.50547199999917,1.0,156133.3828496144,1.2953431108535403,36.876127373607844,0.3687612737360784,0.1079065067828857,0.9211277014625665,2213
98,0.25,100,0,100,100,0,0,0,0,2.5603199999999946,251.06579199999916,1.0,156134.3729375929,1.2953254500310438,36.740202202151764,0.3674020220215176,0.10900898515507432,0.9190904540297294,2237
99,0.25,100,0,100,100,0,0,0,0,2.5603199999999946,253.62611199999915,1.0,156135.34303597308,1.2951562591120551,36.60544090029621,0.3660544090029621,0.110117055828391,0.9170159217496628,2260
100,0.25,100,0,100,100,0,0,0,0,2.564383999999995,256.19049599999914,1.0,156133.81692348234,1.2948599976165818,36.46939298758396,0.3646939298758396,0.11124057869907211,0.9148796542578936,2283
101,0.25,100,0,100,100,0,0,0,0,2.5643839999999947,258.75487999999916,1.0,156132.32105999364,1.294638006650009,36.33275784654936,0.36332757846549363,0.11235649748227151,0.9127158754005972,2307
102,0.25,100,0,100,100,0,0,0,0,2.5603199999999946,261.31519999999915,1.0,156133.28271757683,1.2942374884291394,36.19869725504833,0.3619869725504833,0.11345355568173174,0.9105549145449812,2331
103,0.25,100,0,100,100,0,0,0,0,2.5603199999999946,263.87551999999914,1.0,156134.22571370067,1.293896040478293,36.063770870601736,0.36063770870601736,0.11456440555982984,0.9083350675187316,2353
104,0.25,100,0,100,100,0,0,0,0,2.564383999999995,266.43990399999916,1.0,156132.76906149962,1.2934427557751793,35.92617063564496,0.3592617063564496,0.11570955633356529,0.9060162857544011,2377
105,0.25,100,0,100,100,0,0,0,0,2.564383999999995,269.0042879999992,1.0,156131.34018146255,1.2930522917152603,35.79171713536165,0.3579171713536165,0.11680461867283713,0.9037494922620607,2400
106,0.25,100,0,100,100,0,0,0,0,2.560319999999995,271.56460799999917,1.0,156132.27479186142,1.2926895149097075,35.65608770432955,0.35656087704329553,0.11792249400921269,0.9014068408769877,2422
107,0.25,100,0,100,100,0,0,0,0,2.572511999999995,274.1371199999992,1.0,156126.24806155448,1.292427712613873,35.52072926240192,0.35520729262401923,0.11902698071903464,0.8990490366861396,2445
108,0.25,100,0,100,100,0,0,0,0,2.5603199999999946,276.6974399999992,1.0,156127.21245270694,1.292175274068941,35.386090532603795,0.353860905326038,0.12012447337102158,0.8966691391133256,2468
109,0.25,100,0,100,100,0,0,0,0,2.560319999999995,279.25775999999917,1.0,156128.15916019713,1.2919759371489312,35.25242506757681,0.3525242506757681,0.12121866670677013,0.8942631551498427,2490
110,0.25,100,0,100,100,0,0,0,0,2.5603199999999946,281.81807999999916,1.0,156129.0886659938,1.2918282536172119,35.11581539374876,0.3511581539374876,0.12235288514409474,0.8917415249077196,2514
111,0.25,100,0,100,100,0,0,0,0,2.5603199999999946,284.37839999999915,1.0,156130.0014347086,1.2917308274545065,34.98187237203244,0.3498187237203244,0.12344034110228884,0.8892708013100805,2538
112,0.25,100,0,100,100,0,0,0,0,2.5603199999999946,286.93871999999914,1.0,156130.8979143705,1.2916823124699,34.84662605277245,0.3484662605277245,0.12454803599330072,0.8867233395357705,2558
113,0.25,100,0,100,100,0,0,0,0,2.5603199999999946,289.4990399999991,1.0,156131.778537159,1.2916814101433427,34.70981705958829,0.3470981705958829,0.12567829379619908,0.8840920114606103,2580
114,0.25,100,0,100,100,0,0,0,0,2.5603199999999946,292.0593599999991,1.0,156132.643720099,1.2915486218828554,34.575778459294646,0.3457577845929465,0.12678735397448496,0.881473080635814,2604
115,0.25,100,0,100,100,0,0,0,0,2.5603199999999946,294.6196799999991,1.0,156133.49386571915,1.2914640838634988,34.44198596495686,0.34441985964956856,0.12787558594640547,0.87885239247142,2628
116,0.25,100,0,100,100,0,0,0,0,2.5643839999999942,297.1840639999991,1.0,156132.19422155872,1.2914566778810799,34.304899107161184,0.34304899107161185,0.12900682096892296,0.8761011427686148,2653
117,0.25,100,0,100,100,0,0,0,0,2.5603199999999946,299.7443839999991,1.0,156133.03367178395,1.2914646819269264,34.169985240608526,0.34169985240608525,0.13009915008239414,0.873390116443571,2676
118,0.25,100,0,100,100,0,0,0,0,2.5603199999999946,302.3047039999991,1.0,156133.8589028378,1.2915173231784596,34.034257167879225,0.3403425716787922,0.13122508119139092,0.8705778107929063,2697
119,0.25,100,0,100,100,0,0,0,0,2.5603199999999946,304.8650239999991,1.0,156134.6702729669,1.2916134763390172,33.8991935732839,0.33899193573283903,0.13232883210382398,0.8677687161279858,2720
120,0.25,100,0,100,100,0,0,0,0,2.5603199999999946,307.4253439999991,1.0,156135.4681284837,1.2917520536145253,33.76524811046219,0.33765248110462187,0.133414104160154,0.8649607549736553,2743
121,0.25,100,0,100,100,0,0,0,0,2.5603199999999946,309.9856639999991,1.0,156136.2528042592,1.2919320031662964,33.630237828269486,0.3363023782826949,0.13452899681749808,0.8620547421255762,2765
122,0.25,100,0,100,100,0,0,0,0,2.5603199999999946,312.54598399999907,1.0,156137.02462419146,1.29198575026249,33.49459409205093,0.33494594092050933,0.13564353724092598,0.8591051560411752,2787
123,0.25,100,0,100,100,0,0,0,0,2.5603199999999946,315.10630399999906,1.0,156137.78390165165,1.2919163730222547,33.35907257851366,0.3335907257851366,0.13674524440352384,0.8561396428166151,2810
124,0.25,99,1,100,99,0,1,0,0,2.5488884566201317,317.6551924566192,0.9999193548387096,156131.5576693213,1.2919012026286065,33.225692597645,0.3356130565418687,0.13437976564863613,0.8618305723353245,2833
125,0.25,99,1,99,99,0,0,0,0,2.5399999999999947,320.1951924566192,0.9999199935994879,156129.76452409738,1.2919011206472035,33.095228282472725,0.3342952351764922,0.13545156994962096,0.8589771954572846,2857
126,0.25,99,1,99,99,0,0,0,0,2.5440639999999948,322.7392564566192,0.9999206223210033,156126.03360748236,1.291961691858802,32.96270195492169,0.3329565854032494,0.13655197715209022,0.8560192877426017,2881
127,0.25,99,1,99,99,0,0,0,0,2.539999999999995,325.27925645661924,0.9999212412380878,156124.31162444197,1.2920443656884366,32.8311887846248,0.33162816954166474,0.1376421288843998,0.8530486053835391,2905
128,0.25,99,1,99,99,0,0,0,0,2.539999999999995,327.81925645661926,0.9999218505783057,156122.61632584332,1.2921670512778458,32.69958873940997,0.33029887615565623,0.13871683311697985,0.8500669809611185,2929
129,0.25,98,2,99,98,0,1,0,0,2.536244909026868,330.35550136564615,0.9998449011244669,156110.61352636217,1.2923784287682722,32.569755197173485,0.33234444078748454,0.13646698829050302,0.8557188839176555,2951
130,0.25,98,2,98,98,0,0,0,0,2.523743999999995,332.87924536564617,0.9998460709612869,156104.65573761117,1.292429070893691,32.4429127363349,0.3310501299626009,0.1375250347725206,0.8528244566992482,2974
131,0.25,98,2,98,98,0,0,0,0,2.519679999999995,335.39892536564616,0.9998472232831717,156100.67904338805,1.2924941686928826,32.31491260849467,0.3297440062091293,0.1385802687358544,0.8498893911797607,2998
132,0.25,98,2,98,98,0,0,0,0,2.5196799999999944,337.91860536564616,0.999848358480552,156096.76165336862,1.2925983626299558,32.18822276733662,0.3284512527279247,0.13962796632047506,0.8469418161609038,3020
133,0.25,98,2,98,98,0,0,0,0,2.5278079999999945,340.44641336564615,0.9998494769323398,156089.17560522686,1.292776884761362,32.05934981753598,0.3271362226279182,0.14070821507906534,0.843878850232456,3042
134,0.25,98,2,98,98,0,0,0,0,2.5196799999999944,342.96609336564615,0.9998505790063504,156085.40038075417,1.2929564363780524,31.931470975627217,0.325831336485992,0.14177918185928093,0.8408034298126,3066
135,0.25,98,2,98,98,0,0,0,0,2.5196799999999944,345.48577336564614,0.9998516650597048,156081.68022284767,1.2931725674598094,31.804217397459283,0.32453283058631915,0.1428359572757325,0.8377225952560483,3085
136,0.25,98,2,98,98,0,0,0,0,2.5806399999999945,348.06641336564616,0.9998527354392166,156050.67858972267,1.2935593855201732,31.676408617277392,0.3232286593599734,0.1437889872469087,0.8347987535430657,3109
137,0.25,98,2,98,98,0,0,0,0,2.5847039999999946,350.65111736564614,0.9998537904817604,156018.32502633237,1.2936961130354845,31.551049013921485,0.3219494797338927,0.14471458792473704,0.8319152685701086,3133
138,0.25,98,2,98,98,0,0,0,0,2.5806399999999945,353.23175736564616,0.9998548305146259,155988.23959354113,1.2938701337201475,31.425130163472186,0.32066459350481824,0.14565911374026028,0.8289569982677296,3156
139,0.25,98,2,98,98,0,0,0,0,2.6050239999999945,355.8367813656462,0.9998558558558559,155947.90338151762,1.2941018212248014,31.29996458461203,0.31938739372053093,0.14656058051580406,0.8260563807036495,3178
140,0.25,98,2,98,98,0,0,0,0,2.6212799999999943,358.4580613656462,0.999856866814571,155901.0830642064,1.294480137415744,31.173512518945305,0.31809706651985004,0.1474511716148614,0.8231328890202715,3201
141,0.25,98,2,98,98,0,0,0,0,2.6212799999999943,361.0793413656462,0.9998578636912799,155854.94253744147,1.2948979567724328,31.047973931895317,0.31681606052954414,0.14831654148480689,0.8202356930260847,3224
142,0.25,97,3,98,97,0,1,0,0,2.6050961882133374,363.68443755385954,0.9997882701672666,155805.4020158847,1.2952787752815145,30.927625641322958,0.31884150145693774,0.1463633410169133,0.8259517650419174,3247
143,0.25,97,3,97,97,0,0,0,0,2.600959999999995,366.2853975538595,0.9997897097995233,155758.32501379182,1.29578186665587,30.80637574253277,0.3175915025003378,0.14720668978376197,0.8231529281393506,3271
144,0.25,96,4,97,96,0,1,0,0,2.583075633801858,368.8684731876614,0.9997215066490287,155708.61750166301,1.2959969472977675,30.687670564703673,0.3196632350489966,0.1451985367072384,0.8289681663135935,3294
145,0.25,96,4,96,96,0,0,0,0,2.564383999999995,371.4328571876614,0.9997233556954146,155667.4345877463,1.2960295354589104,30.569024270242878,0.3184273361483633,0.14604671726073243,0.8262005520284957,3314
146,0.25,96,4,96,96,0,0,0,0,2.600959999999995,374.0338171876614,0.999725180350395,155611.5980037113,1.29634838624275,30.450800517318743,0.3171958387220703,0.14682963635653812,0.8235363502538912,3336
147,0.25,96,4,96,96,0,0,0,0,2.600959999999995,376.63477718766137,0.9997269810934407,155556.53261092256,1.2967074514328332,30.334038949675836,0.3159795723924566,0.14761065046844166,0.8208620662932693,3356
148,0.25,96,4,96,96,0,0,0,0,2.6009599999999953,379.23573718766136,0.9997287583915373,155502.22254190734,1.2968413154720835,30.21478694526712,0.31473736401319913,0.14841354497937317,0.8180917197835431,3377
149,0.25,95,5,96,95,0,1,0,0,2.5851637990401515,381.82090098670153,0.9996631408744863,155444.60726645024,1.2968476485108271,30.09942905580031,0.31683609532421386,0.14639797069307822,0.8240616508471099,3397
150,0.25,95,5,95,95,0,0,0,0,2.580639999999995,384.40154098670155,0.9996652831704378,155389.5955949522,1.296920085790879,29.98490026111628,0.3156305290643819,0.14717253014759812,0.8214105558857563,3420
151,0.25,95,5,95,95,0,0,0,0,2.584703999999995,386.98624498670154,0.9996673983902082,155333.68634863416,1.297042988668005,29.869482711719538,0.3144156074917846,0.14793391284224544,0.8187497968949765,3443
152,0.25,95,5,95,95,0,0,0,0,2.605023999999995,389.59126898670155,0.9996694870438921,155270.42009266603,1.2972831921094232,29.754758966301676,0.31320798911896497,0.14868597336274858,0.8160875636236173,3466
153,0.25,95,5,95,95,0,0,0,0,2.641599999999995,392.23286898670153,0.9996715496288511,155193.52102555137,1.2974158435252083,29.642187681693354,0.3120230282283511,0.1493865067784855,0.8135250919580828,3488
154,0.25,95,5,95,95,0,0,0,0,2.625343999999995,394.8582129867015,0.9996735866301084,155124.0368959045,1.2974838850323305,29.52679306925521,0.3108083480974233,0.15011173808902534,0.8108577225554368,3508
155,0.25,95,5,95,95,0,0,0,0,2.722879999999995,397.5810929867015,0.9996755985207293,155017.43188291276,1.2977629467965435,29.412378964326795,0.3096039890981768,0.15070826643471472,0.8084385671759691,3530
156,0.25,95,5,95,95,0,0,0,0,2.7269439999999947,400.3080369867015,0.9996775857621872,154910.70443349626,1.2980907548858958,29.29668028286393,0.30838610824067303,0.1513111718762512,0.8059691465927082,3550
157,0.25,95,5,95,95,0,0,0,0,2.7228799999999946,403.03091698670147,0.999679548804717,154806.98221982486,1.2984643342519326,29.181989335032394,0.3071788351056041,0.15189644231365904,0.8035232835288334,3570
158,0.25,95,5,95,95,0,0,0,0,2.7228799999999946,405.75379698670145,0.9996814880876544,154704.65209733415,1.298883889530022,29.063025998949414,0.3059265894626254,0.15250078149728258,0.8009672853753745,3589
159,0.25,95,5,95,95,0,0,0,0,2.7228799999999946,408.4766769867014,0.9996834040397644,154603.68622724575,1.2993485907628655,28.94740982867625,0.30470957714396046,0.15310579408481165,0.798421849228461,3609
160,0.25,95,5,95,95,0,0,0,0,2.7228799999999946,411.1995569867014,0.9996852970795569,154504.05750815215,1.2998576278800444,28.83289471312186,0.30350415487496696,0.15370712309438112,0.7958722424696697,3628
161,0.25,95,5,95,95,0,0,0,0,2.722879999999995,413.92243698670137,0.9996871676155916,154405.73955176387,1.300047761695279,28.718039724381523,0.3022951549934897,0.15431120100094547,0.7932888588521293,3647
162,0.25,95,5,95,95,0,0,0,0,2.7228799999999946,416.64531698670135,0.999689016046772,154308.7066596073,1.3002849529685034,28.601345035234367,0.30106678984457225,0.1549103144803704,0.7906704745235007,3666
163,0.25,94,6,95,94,0,1,0,0,2.7202073112496783,419.365524297951,0.9996290113151549,154204.37840773637,1.300431152751145,28.484513406928826,0.3030267383715833,0.15321449567156484,0.7964032530437901,3685
164,0.25,94,6,94,94,0,0,0,0,2.722879999999995,422.088404297951,0.9996311550992808,154100.4191010318,1.300375947273153,28.37283910494982,0.3018387138824448,0.15376726649010589,0.7939505880759699,3706
165,0.25,92,8,94,92,0,2,0,0,2.6729067758489364,424.76131107379996,0.999511032332987,153997.07622767703,1.3001571266132552,28.266798791952834,0.30724781295600906,0.1493529705628454,0.8088700007175471,3726
166,0.25,92,8,92,92,0,0,0,0,2.661919999999995,427.42323107379997,0.999513766486355,153898.98165980188,1.2999716705925761,28.159400233530523,0.30608043732098394,0.14991915466849257,0.8065120355132813,3743
167,0.25,92,8,92,92,0,0,0,0,2.661919999999995,430.0851510738,0.9995164702326987,153802.101362596,1.2998361996959764,28.051547933784818,0.3049081297150524,0.15046980253501485,0.8041593616174719,3762
168,0.25,92,8,92,92,0,0,0,0,2.661919999999995,432.7470710738,0.9995191440764561,153706.41292834186,1.2996374638130535,27.94388782504445,0.3037379111417875,0.15103086758522952,0.8017649307676958,3781
169,0.25,92,8,92,92,0,0,0,0,2.661919999999995,435.4089910738,0.999521788510969,153611.89449728988,1.299488309140075,27.836796172487805,0.30257387144008485,0.15160163615814162,0.7993342122818886,3799
170,0.25,92,8,92,92,0,0,0,0,2.661919999999995,438.0709110738,0.9995244040187861,153518.5247410101,1.299387921745026,27.73047109217232,0.3014181640453513,0.1521653081243735,0.7969050822840469,3819
171,0.25,91,9,92,91,0,1,0,0,2.6653919534693937,440.7363030272694,0.9994678649559511,153415.9984906359,1.2992896121308348,27.62311312593381,0.30355069369158033,0.15028741252590652,0.8031339818434275,3839
172,0.25,90,10,91,90,0,1,0,0,2.6400986077491493,443.37640163501857,0.9994119030816279,153314.42934113782,1.2992104792020847,27.517224061978894,0.3057469340219877,0.14824541728498664,0.8096561137775483,3857
173,0.25,88,12,90,88,0,2,0,0,2.5853976164497183,445.9617992514683,0.9992979992979993,153214.91687110023,1.2991291839479975,27.4177175026418,0.31156497162092955,0.14305675199297355,0.8258840524767727,3876
174,0.25,86,14,88,86,0,2,0,0,2.574857770836155,448.53665702230444,0.999185193807473,153102.31376827054,1.2991524831774608,27.31926249563859,0.3176658429725417,0.1371088365002829,0.8429641052560144,3894
175,0.25,84,16,86,84,0,2,0,0,2.5376345784396563,451.0742916007441,0.9990734306231179,152985.8856622237,1.2991031229594632,27.22634143159567,0.32412311228090085,0.1301359430306056,0.8611754795869151,3913
176,0.25,83,17,84,83,0,1,0,0,2.497033247237521,453.57132484798166,0.999020285846012,152875.62551102607,1.2987912156441006,27.139292166356153,0.326979423691038,0.12645623804965617,0.8698917385021269,3933
177,0.25,83,17,83,83,0,0,0,0,2.479039999999996,456.05036484798165,0.9990249498135934,152772.60006846883,1.2986032788184823,27.05292608691131,0.3259388685170037,0.1269355292598994,0.8683057624291853,3953
178,0.25,82,18,83,82,0,1,0,0,2.465626434779948,458.5159912827616,0.9989724854435438,152666.43111871707,1.29831256080973,26.965572928196156,0.3288484503438555,0.12295884653752319,0.8773417514861086,3972
179,0.25,82,18,82,82,0,0,0,0,2.4587199999999956,460.9747112827616,0.9989772727272728,152563.68360055407,1.298153882447797,26.879244231243955,0.3277956613566336,0.12344277129007317,0.8757979288867035,3991
180,0.25,82,18,82,82,0,0,0,0,2.4587199999999956,463.43343128276155,0.9989820156090939,152462.02632474652,1.2980415414409112,26.79655590474369,0.32678726713102063,0.123896702998949,0.8743216478513242,4011
181,0.25,81,19,82,81,0,1,0,0,2.4518155894446956,465.88524687220627,0.9989304210763341,152355.11421865228,1.2979458263737893,26.712545926836285,0.32978451761526273,0.11970142079563863,0.8835903345335048,4031
182,0.25,80,20,81,80,0,1,0,0,2.43190753430468,468.31715440651095,0.9988792378817596,152247.2523782672,1.2977826970168949,26.628700593178994,0.33285875741473747,0.11512174585561308,0.8931621653970291,4050
183,0.25,79,21,80,79,0,1,0,0,2.4151786763573044,470.73233308286825,0.9988284518828452,152137.4143368916,1.2976711604223778,26.545130313410084,0.3360143077646846,0.11012824665747406,0.9030004184818112,4069
184,0.25,77,23,79,77,0,2,0,0,2.3658102042169737,473.09814328708524,0.9987225061097534,152027.65223357704,1.297479757558523,26.4693094817807,0.34375726599715195,0.09766052733448759,0.9253164999191206,4088
185,0.25,77,23,77,77,0,0,0,0,2.3571199999999966,475.45526328708524,0.9987279464631381,151921.7591590431,1.2971951548139575,26.39167706766786,0.34274905282685525,0.09818230297007037,0.9241660120367345,4108
186,0.25,77,23,77,77,0,0,0,0,2.3571199999999966,477.81238328708525,0.9987333406762859,151816.91085728016,1.296956667802945,26.31427260535647,0.3417438000695645,0.09871518249977135,0.9229873012215825,4126
187,0.25,77,23,77,77,0,0,0,0,2.3571199999999966,480.16950328708526,0.9987386893336989,151713.09194212905,1.296763711583257,26.238564341862897,0.3407605758683493,0.09919615968975239,0.9218794710708161,4145
188,0.25,76,24,77,76,0,1,0,0,2.3512392266810687,482.5207425137663,0.9986893840104849,151603.84529565167,1.2966472336088306,26.163051288738583,0.3442506748518235,0.0923497618722047,0.9328661875021248,4165
189,0.25,76,24,76,76,0,0,0,0,2.336799999999996,484.8575425137663,0.9986948009571459,151500.16975948022,1.29635621611459,26.086499066523587,0.34324340877004716,0.09292934790298531,0.9317063357023373,4184
190,0.25,76,24,76,76,0,0,0,0,2.336799999999996,487.1943425137663,0.9987001733102253,151397.4887709535,1.2961105736089538,26.009294437235244,0.3422275583846742,0.09349476784142725,0.9305481962968125,4203
191,0.25,76,24,76,76,0,0,0,0,2.336799999999996,489.53114251376627,0.998705501618123,151295.78808751114,1.2959097473488532,25.934527163729978,0.34124377847013126,0.09404359012609836,0.9294110461375926,4223
192,0.25,76,24,76,76,0,0,0,0,2.336799999999996,491.86794251376625,0.9987107864202837,151195.05373725106,1.2957531877360768,25.859996449454187,0.34026311117702884,0.09456214032033686,0.9283039777924234,4243
193,0.25,76,24,76,76,0,0,0,0,2.3367999999999967,494.20474251376623,0.9987160282473786,151095.27201253027,1.2954749030811539,25.78416467445094,0.33926532466382814,0.09515292805696438,0.9270744087350334,4263
194,0.25,76,24,76,76,0,0,0,0,2.3408639999999967,496.54560651376624,0.9987212276214834,150995.19362663288,1.2951654854573171,25.70788310780966,0.33826161983960074,0.09569997912992063,0.9258898707694093,4283
195,0.25,76,24,76,76,0,0,0,0,2.3408639999999967,498.88647051376626,0.9987263850562513,150896.05441188795,1.2949045621642687,25.631826739131547,0.33726087814646766,0.09627266385557433,0.9246551074808593,4301
196,0.25,76,24,76,76,0,0,0,0,2.3367999999999967,501.22327051376624,0.9987315010570824,150799.0639032472,1.2944319562017608,25.55707710503885,0.33627733032945856,0.09682938499269178,0.9234357799145545,4321
197,0.25,76,24,76,76,0,0,0,0,2.336799999999996,503.5600705137662,0.9987365761212887,150702.97357487836,1.2940049076913909,25.483678015987632,0.3353115528419426,0.09734482370536245,0.9222703125839479,4341
198,0.25,76,24,76,76,0,0,0,0,2.3367999999999967,505.8968705137662,0.9987416107382551,150607.77095265052,1.2933796458089464,25.40605470507605,0.3342901934878427,0.09794467143456138,0.92094186414356,4361
199,0.25,76,24,76,76,0,0,0,0,2.3408639999999967,508.2377345137662,0.9987466053895968,150512.24024753718,1.292812055527471,25.33001047622378,0.3332896115292603,0.09851125076377962,0.9196559879115838,4380
200,0.25,76,24,76,76,0,0,0,0,2.336799999999996,510.5745345137662,0.9987515605493134,150418.78277994946,1.2922790153355166,25.252733230555503,0.332272805665204,0.09910101230589227,0.9183122451613747,4400
201,0.25,76,24,76,76,0,0,0,0,2.336799999999996,512.9113345137662,0.9987564766839379,150326.1768880457,1.2917912906709008,25.178904956055973,0.3313013810007365,0.0996388621644468,0.91705216292622,4419
202,0.25,76,24,76,76,0,0,0,0,2.336799999999996,515.2481345137662,0.9987613542526838,150234.41098539648,1.2913483476391736,25.103314105447126,0.33030676454535696,0.10021911930707718,0.9157014454745461,4439
203,0.25,76,24,76,76,0,0,0,0,2.3408639999999963,517.5889985137662,0.9987661937075879,150142.29479982486,1.2909584463627397,25.02789846045473,0.3293144534270359,0.10079063611665928,0.9143492985157085,4459
204,0.25,76,24,76,76,0,0,0,0,2.344927999999997,519.9339265137662,0.9987709954936501,150049.83522254223,1.2903794688459682,24.953086198033116,0.3283300815530673,0.1013239861859111,0.9130448522745719,4478
205,0.25,76,24,76,76,0,0,0,0,2.3367999999999967,522.2707265137662,0.9987757600489696,149960.53966646284,1.2898319685865334,24.87882096527714,0.32735290743785705,0.10187461391938842,0.9117017057321082,4498
206,0.25,76,24,76,76,0,0,0,0,2.3367999999999967,524.6075265137663,0.998780487804878,149872.0396226279,1.2892504522609678,24.80184963010767,0.32634012671194307,0.1024693131243817,0.9102550929771542,4516
207,0.25,76,24,76,76,0,0,0,0,2.3367999999999967,526.9443265137663,0.99878517918607,149784.3245076442,1.288713577646979,24.727420358415962,0.3253607941896837,0.10302587653862345,0.908869504997408,4536
208,0.25,76,24,76,76,0,0,0,0,2.3367999999999967,529.2811265137664,0.9987898346107301,149697.38392502308,1.288142866440226,24.652759490242424,0.3243784143452951,0.10358156046380608,0.9074679272849443,4556
209,0.25,76,24,76,76,0,0,0,0,2.3408639999999967,531.6219905137664,0.9987944544906571,149610.06395377923,1.2874690112188252,24.57720997023622,0.3233843417136345,0.10416628083825907,0.9059967279189223,4575
210,0.25,76,24,76,76,0,0,0,0,2.3367999999999967,533.9587905137664,0.9987990392313851,149524.64762904128,1.286754679546987,24.501318923983625,0.32238577531557405,0.10473880022676609,0.904526122488093,4595
211,0.25,76,24,76,76,0,0,0,0,2.3367999999999967,536.2955905137665,0.9988035892323031,149439.97567315956,1.286008242582264,24.423356439067792,0.3213599531456288,0.10535251849242118,0.9029551460593039,4615
212,0.25,76,24,76,76,0,0,0,0,2.3408639999999967,538.6364545137665,0.99880810488677,149354.91151006732,1.2853201867903858,24.344668864214228,0.32032459031860827,0.10600166116239748,0.901300614085573,4634
213,0.25,76,24,76,76,0,0,0,0,2.3367999999999967,540.9732545137665,0.9988125865822284,149271.70488785236,1.2846632802253157,24.269814117885073,0.3193396594458562,0.10655836678926177,0.899810864762273,4654
214,0.25,76,24,76,76,0,0,0,0,2.3367999999999967,543.3100545137665,0.9988170347003155,149189.21401618602,1.2840504088852667,24.1951802065505,0.3183576342967171,0.10712594585049033,0.8982875360432451,4674
215,0.25,76,24,76,76,0,0,0,0,2.3367999999999967,545.6468545137666,0.9988214496169712,149107.42969919805,1.2834051538941968,24.120047005986418,0.3173690395524528,0.10770841902690588,0.896717693833844,4693
216,0.25,76,24,76,76,0,0,0,0,2.3367999999999967,547.9836545137666,0.998825831702544,149026.34289787637,1.2828035195368666,24.04293473806078,0.31635440444816815,0.10831089658391099,0.8950799778497117,4712
217,0.25,76,24,76,76,0,0,0,0,2.3367999999999967,550.3204545137667,0.9988301813218952,148945.94472673652,1.282245020467431,23.967549740330632,0.3153624965832977,0.10888668798872263,0.8934836895251221,4731
218,0.25,76,24,76,76,0,0,0,0,2.3367999999999967,552.6572545137667,0.9988344988344988,148866.22645057598,1.2816540948949269,23.893905215483706,0.3143934896774172,0.10943386279611667,0.8919339972131867,4751
219,0.25,76,24,76,76,0,0,0,0,2.3367999999999967,554.9940545137667,0.9988387845945423,148787.17948131042,1.281105908174039,23.819217107086686,0.31341075140903535,0.11000921382505935,0.8903089755779764,4770
220,0.25,76,24,76,76,0,0,0,0,2.3408639999999963,557.3349185137668,0.998843038951022,148707.71101336041,1.2806092085436034,23.743199977594035,0.3124105260209741,0.11059214828900486,0.8886413880054654,4790
221,0.25,76,24,76,76,0,0,0,0,2.336799999999996,559.6717185137668,0.9988472622478386,148629.98655872556,1.2801450618133383,23.666691771572136,0.3114038390996334,0.11118106702204872,0.8869402283507585,4809
222,0.25,76,24,76,76,0,0,0,0,2.336799999999996,562.0085185137668,0.9988514548238897,148552.90845196485,1.2797222638012968,23.58821248988744,0.3103712169722031,0.11184144936129155,0.885073066300027,4829
223,0.25,76,24,76,76,0,0,0,0,2.3408639999999963,564.3493825137668,0.9988556170131604,148475.3994533802,1.2793419164837854,23.513798639523408,0.3093920873621502,0.11241246878735962,0.8833835363010935,4849
224,0.25,76,24,76,76,0,0,0,0,2.336799999999996,566.6861825137669,0.9988597491448119,148399.5950403414,1.2789270115625242,23.437689036869987,0.3083906452219735,0.11301440425469556,0.8816035840199656,4869
225,0.25,75,25,76,75,0,1,0,0,2.3318424932096233,569.0180250069765,0.9988165120242378,148318.67584329206,1.2785822873037611,23.36318577967021,0.3115091437289361,0.10860760099838601,0.8916178865009408,4888
226,0.25,75,25,75,75,0,0,0,0,2.3164799999999968,571.3345050069764,0.9988206990895797,148242.40310668055,1.278197877781246,23.287251337595208,0.3104966845012694,0.10925349124643789,0.8898299079436418,4908
227,0.25,75,25,75,75,0,0,0,0,2.3164799999999968,573.6509850069764,0.9988248566325092,148166.74636925157,1.2777817557571876,23.215671426158078,0.30954228568210773,0.10981223091167483,0.8882159073904338,4928
228,0.25,75,25,75,75,0,0,0,0,2.320543999999997,575.9715290069764,0.9988289849641669,148090.65327770196,1.2774101080637938,23.140986701018914,0.3085464893469189,0.11043171879433902,0.8864468593620682,4948
229,0.25,75,25,75,75,0,0,0,0,2.3164799999999968,578.2880090069764,0.9988330843913368,148016.21106926218,1.2768600760988027,23.063417909733385,0.3075122387964452,0.11112271319519042,0.8845007724579071,4967
230,0.25,75,25,75,75,0,0,0,0,2.320543999999997,580.6085530069764,0.9988371552165217,147941.32734549625,1.2763621455026415,22.98999136096744,0.3065332181462325,0.11172618325483082,0.8827310016548593,4987
231,0.25,75,25,75,75,0,0,0,0,2.3164799999999968,582.9250330069764,0.9988411977380179,147868.07071119282,1.275893141052937,22.91536360143371,0.30553818135244953,0.11235462654321618,0.8808841055402948,5007
232,0.25,75,25,75,75,0,0,0,0,2.3164799999999968,585.2415130069763,0.9988452122499885,147795.39399996208,1.275464038138822,22.842786002314522,0.3045704800308603,0.11294005543884864,0.8791165530859334,5026
233,0.25,75,25,75,75,0,0,0,0,2.3164799999999968,587.5579930069763,0.9988491990425336,147723.29035266727,1.2750744230197557,22.7665146773759,0.30355352903167865,0.11358512526670751,0.8771819899493448,5044
234,0.25,75,25,75,75,0,0,0,0,2.3164799999999968,589.8744730069762,0.9988531584017616,147651.75301791698,1.2747238876312805,22.692452837776795,0.3025660378370239,0.11418866361689906,0.8753261106858247,5062
235,0.25,75,25,75,75,0,0,0,0,2.3164799999999968,592.1909530069762,0.9988570906098565,147580.77534995784,1.2743422780693963,22.617860478783555,0.30157147305044746,0.11480946335969436,0.8734116243954174,5081
236,0.25,75,25,75,75,0,0,0,0,2.3164799999999968,594.5074330069762,0.9988609959451455,147510.3508066163,1.2739994260953453,22.54313438372643,0.3005751251163523,0.11544696848119544,0.8714424196038297,5101
237,0.25,75,25,75,75,0,0,0,0,2.3164799999999968,596.8239130069761,0.9988648746821649,147440.47294728862,1.2736949353006763,22.46967591255922,0.29959567883412297,0.11606535976106784,0.8695017692691362,5120
238,0.25,75,25,75,75,0,0,0,0,2.357119999999996,599.1810330069761,0.9988687270917236,147361.13984931828,1.2735012279545137,22.3952399189204,0.2986031989189387,0.11660118061337471,0.8676929325117978,5139
239,0.25,75,25,75,75,0,0,0,0,2.499359999999996,601.6803930069761,0.9988725534409669,147247.61024242447,1.273599054140791,22.319053517677077,0.29758738023569437,0.11689280517172618,0.8663310806734666,5158
240,0.25,75,25,75,75,0,0,0,0,2.4993599999999954,604.1797530069762,0.9988763539934379,147135.0199300266,1.2736715332269057,22.244391458762458,0.2965918861168328,0.11715516287132842,0.8650304693425089,5175
241,0.25,75,25,75,75,0,0,0,0,2.4993599999999954,606.6791130069762,0.9988801290091381,147023.35730317837,1.2737189209666753,22.168665942214588,0.2955822125628611,0.11743915028545969,0.8636630568613902,5193
242,0.25,75,25,75,75,0,0,0,0,2.4993599999999954,609.1784730069762,0.9988838787445868,146912.61094345187,1.2738095844737978,22.093079812017937,0.2945743974935725,0.11771459024831284,0.8623013560456494,5208
243,0.25,75,25,75,75,0,0,0,0,2.4993599999999954,611.6778330069762,0.9988876034528789,146802.7696190453,1.2739430899947475,22.015343812934336,0.29353791750579117,0.11804026811381983,0.8608013850413885,5222
244,0.25,75,25,75,75,0,0,0,0,2.4993599999999954,614.1771930069763,0.9988913033837421,146693.82228098565,1.2741190095721806,21.938763789968874,0.2925168505329183,0.11833737195768299,0.8593576790093826,5239
245,0.25,75,25,75,75,0,0,0,0,2.4993599999999954,616.6765530069763,0.9988949787835927,146585.7580594237,1.2743369209183484,21.863906059474054,0.29151874745965406,0.11860596582789111,0.8579778266320388,5256
246,0.25,75,25,75,75,0,0,0,0,2.4993599999999954,619.1759130069763,0.9988986298955901,146478.56626001876,1.2745964073422396,21.78480387708405,0.29046405169445405,0.11895548120835342,0.8563698814383409,5273
247,0.25,75,25,75,75,0,0,0,0,2.4993599999999954,621.6752730069763,0.9989022569596909,146372.23636041072,1.274897057640843,21.709800489281914,0.28946400652375887,0.1192394659652906,0.8549288997724734,5290
248,0.25,75,25,75,75,0,0,0,0,2.4993599999999954,624.1746330069764,0.9989058602127008,146266.7580067766,1.2752384660245888,21.633281850321428,0.2884437580042857,0.11953753777447167,0.8534273676955948,5307
249,0.25,75,25,75,75,0,0,0,0,2.4993599999999954,626.6739930069764,0.9989094398883266,146162.12101046983,1.2754205726318728,21.557546362409607,0.28743395149879475,0.11983835173797845,0.851914791193014,5322
250,0.25,75,25,75,75,0,0,0,0,2.5399999999999956,629.2139930069764,0.9989129962172268,146048.8816544503,1.2757377869396938,21.481966410956257,0.2864262188127501,0.12002455279287352,0.8506323499390881,5341
251,0.25,75,25,75,75,0,0,0,0,2.539999999999995,631.7539930069763,0.9989165294270608,145936.55286794822,1.2760308968525989,21.4058270746733,0.2854110276623107,0.12022968702655726,0.8492912156594716,5357
252,0.25,75,25,75,75,0,0,0,0,2.5399999999999956,634.2939930069763,0.9989200397425375,145825.12371196723,1.2761683258100962,21.330213925133286,0.2844028523351105,0.12042009621320338,0.8479755696830886,5374
253,0.25,75,25,75,75,0,0,0,0,2.5399999999999956,636.8339930069762,0.9989235273854633,145714.58342203076,1.2763486611597439,21.25472853742206,0.2833963804989608,0.12061950407799203,0.846630085327658,5389
254,0.25,75,25,75,75,0,0,0,0,2.5440639999999957,639.3780570069763,0.9989269925747886,145603.99591408597,1.2765114204141876,21.178206313706692,0.2823760841827559,0.12083097760229679,0.8452333506168564,5403
255,0.25,75,25,75,75,0,0,0,0,2.5440639999999957,641.9221210069763,0.9989304355266535,145494.28496636119,1.2767236098727215,21.10190333039823,0.2813587110719764,0.12104899301591784,0.8438121019917203,5420
256,0.25,75,25,75,75,0,0,0,0,2.539999999999995,644.4621210069763,0.998933856454433,145386.3570035728,1.2769654965533115,21.026500287620326,0.280353337168271,0.12124417217084636,0.8424389937345352,5437
257,0.25,75,25,75,75,0,0,0,0,2.539999999999995,647.0021210069763,0.9989372555687808,145279.27644766791,1.277249075096834,20.950328002883428,0.27933770670511243,0.12145223952235523,0.8410151482070711,5453
258,0.25,75,25,75,75,0,0,0,0,2.539999999999995,649.5421210069762,0.9989406330776728,145173.03335742754,1.2775739475642538,20.873893460847107,0.2783185794779614,0.12167008861086633,0.8395530722387392,5469
259,0.25,75,25,75,75,0,0,0,0,2.544063999999995,652.0861850069763,0.9989439891864492,145066.71384088282,1.277942126961949,20.79543205547746,0.2772724274063661,0.12191100600336571,0.8379995419947437,5485
260,0.25,75,25,75,75,0,0,0,0,2.5440639999999957,654.6302490069763,0.9989473240978568,144961.22069511746,1.2782224980887607,20.719670875686223,0.276262278342483,0.12211263888050133,0.8365547120407367,5501
261,0.25,75,25,75,75,0,0,0,0,2.5399999999999956,657.1702490069763,0.9989506380120886,144857.44012886594,1.2784771952204523,20.642760289513543,0.2752368038601805,0.12233425527370122,0.8350362621978423,5517
262,0.25,75,25,75,75,0,0,0,0,2.5399999999999956,659.7102490069763,0.9989539311268254,144754.45870932672,1.2787728488548864,20.565741964960203,0.27420989286613606,0.12255769009016261,0.8334979989453725,5532
263,0.25,75,25,75,75,0,0,0,0,2.5399999999999956,662.2502490069762,0.9989572036372737,144652.26724133836,1.2791090741911066,20.49052869082178,0.27320704921095706,0.1227656857614502,0.8320050750048994,5549
264,0.25,75,25,75,75,0,0,0,0,2.5399999999999956,664.7902490069762,0.9989604557362053,144550.85667026922,1.2794854912578064,20.41560827640409,0.27220811035205456,0.12296816573572876,0.8305151681047871,5564
265,0.25,75,25,75,75,0,0,0,0,2.539999999999996,667.3302490069761,0.9989636876139943,144450.21807934303,1.279712007396721,20.339522595205747,0.2711936346027433,0.12319175032017214,0.8289468899879726,5580
266,0.25,75,25,75,75,0,0,0,0,2.539999999999996,669.8702490069761,0.9989668994586554,144350.34268702535,1.2799161036906535,20.263318829521975,0.2701775843936263,0.12341475473849424,0.8273637383985234,5598
267,0.25,75,25,75,75,0,0,0,0,2.539999999999996,672.4102490069761,0.9989700914558787,144251.22184446908,1.2801608361094374,20.18811721297659,0.2691748961730212,0.12362265831237587,0.825815310625118,5613
268,0.25,75,25,75,75,0,0,0,0,2.5481279999999966,674.9583770069761,0.9989732637890674,144151.1111121366,1.2802069075571796,20.111402938338255,0.2681520391778434,0.12383798430158559,0.8242135849155582,5628
269,0.25,75,25,75,75,0,0,0,0,2.5399999999999965,677.498377006976,0.9989764166393711,144053.48162036273,1.2802826773069038,20.035393435592788,0.2671385791412371,0.12406820017096386,0.822572166081032,5642
270,0.25,75,25,75,75,0,0,0,0,2.5399999999999965,680.038377006976,0.9989795501857218,143956.5814371617,1.280150415459953,19.95976470254853,0.2661301960339804,0.12428026952221309,0.8209640635915608,5655
271,0.25,75,25,75,75,0,0,0,0,2.539999999999996,682.578377006976,0.998982664604867,143860.40242085845,1.2800603483749255,19.883065754140652,0.265107543388542,0.1245150579197805,0.8192712332524553,5670
272,0.25,75,25,75,75,0,0,0,0,2.539999999999996,685.118377006976,0.9989857600714025,143764.9365505154,1.2800120905087518,19.807386594149136,0.2640984879219885,0.12472641917408805,0.8176339487965807,5684
273,0.25,75,25,75,75,0,0,0,0,2.539999999999996,687.6583770069759,0.9989888367578061,143670.17592370254,1.2800052609825041,19.729983078939938,0.2630664410525325,0.1249849847009748,0.8158419123081172,5700
274,0.25,75,25,75,75,0,0,0,0,2.539999999999996,690.1983770069759,0.9989918948344692,143576.11275431677,1.280039483543164,19.653002457767702,0.262040032770236,0.125225037964415,0.814084172092004,5715
275,0.25,75,25,75,75,0,0,0,0,2.544063999999996,692.7424410069759,0.9989949344697274,143481.8976234763,1.2801235451604898,19.57492963208713,0.2609990617611617,0.12549751393125091,0.8122141359438373,5732
276,0.25,75,25,75,75,0,0,0,0,2.6253439999999966,695.367785006976,0.998997955829893,143371.61161269477,1.2801192112849709,19.4973233664728,0.2599643115529707,0.12560302128756606,0.8107415988058301,5748
277,0.25,75,25,75,75,0,0,0,0,2.6294079999999966,697.997193006976,0.9990009590792839,143261.3211082077,1.2801683877971497,19.419608618460657,0.2589281149128088,0.12571642389938564,0.8092344385585791,5760
278,0.25,75,25,75,75,0,0,0,0,2.621279999999996,700.6184730069759,0.9990039443802542,143153.51916077922,1.2801856644681198,19.34289862865671,0.25790531504875613,0.12582455010205962,0.8077425603830671,5772
279,0.25,75,25,75,75,0,0,0,0,2.6212799999999965,703.2397530069759,0.9990069118932232,143046.52086271084,1.2802464692572042,19.26588322815727,0.2568784430420969,0.12592693971387192,0.8062464051098918,5785
280,0.25,75,25,75,75,0,0,0,0,2.6212799999999965,705.8610330069758,0.999009861776704,142940.3172607247,1.2802295765887886,19.18870567305353,0.25584940897404707,0.12604055986950757,0.8047059457455044,5797
281,0.25,75,25,75,75,0,0,0,0,2.621279999999997,708.4823130069758,0.9990127941873321,142834.89953404613,1.2800754379411334,19.11141371105429,0.2548188494807238,0.12615504889119622,0.803147300270291,5812
282,0.25,75,25,75,75,0,0,0,0,2.621279999999997,711.1035930069758,0.9990157092798929,142730.25899196145,1.2798453317933347,19.03415064206168,0.2537886752274891,0.12627258240791786,0.8015671544881771,5824
283,0.25,75,25,75,75,0,0,0,0,2.621279999999997,713.7248730069757,0.9990186072073487,142626.3870714298,1.279599814276338,18.9571325811121,0.25276176774816134,0.1263854820888665,0.7999883571467493,5835
284,0.25,75,25,75,75,0,0,0,0,2.621279999999997,716.3461530069757,0.9990214881208658,142523.275334747,1.279398729732667,18.880556272242472,0.2517407502965663,0.12650658308970744,0.7983817622142686,5849
285,0.25,75,25,75,75,0,0,0,0,2.621279999999997,718.9674330069756,0.9990243521698408,142420.91546726084,1.2792416876420962,18.804151127040054,0.2507220150272007,0.12662343065432827,0.7967743365526274,5862
286,0.25,75,25,75,75,0,0,0,0,2.621279999999997,721.5887130069756,0.9990271995019262,142319.29927513603,1.2791283020369166,18.727154961312067,0.24969539948416083,0.12674708342197208,0.7951245087699584,5878
287,0.25,75,25,75,75,0,0,0,0,2.6253439999999975,724.2140570069756,0.9990300302630558,142217.6206102113,1.2789505504231158,18.649626883425686,0.24866169177900915,0.1268757451642534,0.7934372414281556,5894
288,0.25,75,25,75,75,0,0,0,0,2.6253439999999975,726.8394010069757,0.9990328445974699,142116.67647198538,1.2788123876776791,18.572165413869918,0.24762887218493224,0.12700276609663888,0.7917398013717273,5908
289,0.25,75,25,75,75,0,0,0,0,2.6212799999999974,729.4606810069756,0.9990356426477396,142017.25013744688,1.278710645342837,18.495141943002448,0.24660189257336598,0.1271321056544175,0.7900284703977991,5924
290,0.25,75,25,75,75,0,0,0,0,2.621279999999997,732.0819610069756,0.9990384245547905,141918.5358113339,1.2785930618380903,18.417496526406154,0.24556662035208204,0.12725778272871416,0.7882997286352273,5940
291,0.25,75,25,75,75,0,0,0,0,2.621279999999997,734.7032410069755,0.9990411904579274,141820.52587271863,1.2785182791158403,18.340149702144057,0.2445353293619207,0.12738761358160988,0.786549476532923,5955
292,0.25,75,25,75,75,0,0,0,0,2.621279999999997,737.3245210069755,0.9990439404948565,141723.21280904667,1.2784859285492987,18.262639366289452,0.2435018582171927,0.12752223078446817,0.7847673436228677,5967
293,0.25,75,25,75,75,0,0,0,0,2.621279999999997,739.9458010069754,0.9990466748017084,141626.58921421744,1.278495645706759,18.185171613575935,0.2424689548476792,0.1276591983539731,0.7829632322167277,5981
294,0.25,75,25,75,75,0,0,0,0,2.6212799999999965,742.5670810069754,0.9990493935130613,141530.64778670517,1.2785470703406359,18.10818539974817,0.24144247199664226,0.12779220930340918,0.7811620824580939,5993
295,0.25,75,25,75,75,0,0,0,0,2.6212799999999965,745.1883610069754,0.9990520967619625,141435.3813277197,1.2786398463147557,18.031498011287788,0.24041997348383717,0.12792793676719819,0.7793427501374519,6008
296,0.25,75,25,75,75,0,0,0,0,2.621279999999997,747.8096410069753,0.9990547846799501,141340.78273940587,1.2786582718336046,17.95469583047036,0.23939594440627146,0.12806675367082893,0.7774961733774877,6024
297,0.25,75,25,75,75,0,0,0,0,2.6212799999999965,750.4309210069753,0.9990574573970743,141246.84502308076,1.2787180014212203,17.87682522578569,0.23835766967714253,0.1282014238708768,0.775623089109721,6040
298,0.25,75,25,75,75,0,0,0,0,2.6212799999999965,753.0522010069752,0.9990601150419188,141153.56127750754,1.2788186853351533,17.800126124245818,0.2373350149899442,0.12834051125110352,0.7737435618097097,6053
299,0.25,75,25,75,75,0,0,0,0,2.6212799999999965,755.6734810069752,0.999062757741621,141060.9246972054,1.278959977803356,17.723236452170347,0.2363098193622713,0.12848314197741512,0.7718332954651645,6066
300,0.25,75,25,75,75,0,0,0,0,2.621279999999997,758.2947610069751,0.9990653856218924,140968.92857079455,1.2790274821403975,17.646461096672777,0.23528614795563702,0.12862800639314423,0.7699016076551705,6078
301,0.25,75,25,75,75,0,0,0,0,2.621279999999997,760.9160410069751,0.9990679988070384,140877.5662793753,1.2790786856704368,17.56903580978512,0.2342538107971349,0.12877151045975044,0.7679427689349311,6092
302,0.25,75,25,75,75,0,0,0,0,2.6212799999999965,763.537321006975,0.9990705974199784,140786.83129494073,1.279113724853805,17.492157718603853,0.2332287695813847,0.12891798145521874,0.7659687702677828,6105
303,0.25,75,25,75,75,0,0,0,0,2.6212799999999965,766.158601006975,0.9990731815822644,140696.71717882162,1.2791892859173541,17.4146125518228,0.23219483402430405,0.1290627394527929,0.7639676124439225,6119
304,0.25,75,25,75,75,0,0,0,0,2.6253439999999966,768.783945006975,0.9990757514141003,140606.47429235696,1.2790883269171451,17.337811767871816,0.23117082357162422,0.1292107379409055,0.7619544016717724,6131
305,0.25,75,25,75,75,0,0,0,0,2.6212799999999965,771.405225006975,0.9990783070343607,140517.58594067066,1.2790195701378635,17.260267063586845,0.23013689418115793,0.12936654846828813,0.7598849717273168,6146
306,0.25,74,26,75,74,0,1,0,0,2.611096659316885,774.0163216662919,0.9990440825030332,140425.97934628732,1.2790037774513718,17.183835830634322,0.23221399771127463,0.1275925307267673,0.7681038023555756,6162
307,0.25,74,26,74,74,0,0,0,0,2.6050239999999962,776.6213456662919,0.9990466761999046,140336.08605812298,1.2791200512697645,17.107722816638418,0.23118544346808673,0.12775122073810613,0.7660734326104995,6178
308,0.25,74,26,74,74,0,0,0,0,2.600959999999996,779.2223056662918,0.9990492558598749,140247.52526373614,1.2792666352174014,17.031811307887594,0.23015961226875123,0.1279072600237924,0.7640359046799181,6193
309,0.25,74,26,74,74,0,0,0,0,2.600959999999996,781.8232656662918,0.9990518215965866,140159.55371526687,1.2794524812781172,16.956428496150757,0.22914092562365887,0.12806553300783685,0.7619844608793377,6208
310,0.25,73,27,74,73,0,1,0,0,2.599512070846216,784.4227777371381,0.9990180032733225,140067.32481297015,1.2796746555690028,16.881035732978468,0.23124706483532148,0.12626857272633024,0.7703256712106159,6222
311,0.25,73,27,73,73,0,0,0,0,2.6253439999999952,787.0481217371381,0.999020603598375,139971.110987281,1.2800278397740996,16.805061369059533,0.23020632012410325,0.12638595581537196,0.7683951030898762,6237
312,0.25,73,27,73,73,0,0,0,0,2.6659839999999955,789.7141057371381,0.9990231901884881,139868.3386779545,1.2804441317808197,16.728882216537123,0.22916277008954963,0.12648163476480997,0.7665032605928879,6254
313,0.25,73,27,73,73,0,0,0,0,2.6619199999999954,792.3760257371381,0.9990257631521975,139766.9747730851,1.2808936034564917,16.651859698194702,0.2281076670985575,0.12658373033832737,0.7645569585623719,6267
314,0.25,73,27,73,73,0,0,0,0,2.661919999999995,795.0379457371381,0.9990283225968978,139666.28963482575,1.281383166540185,16.574116010935356,0.22704268508130623,0.12668664998875293,0.7625738358351376,6283
315,0.25,72,28,73,72,0,1,0,0,2.6529388946119803,797.6908846317501,0.9989949748743718,139562.83335416825,1.2817103124811289,16.497671525727753,0.2291343267462188,0.12479772112676449,0.7712227520804367,6298
316,0.25,72,28,72,72,0,0,0,0,2.641599999999995,800.3324846317502,0.9989975655162537,139462.03876924585,1.2820233744504301,16.42142441740136,0.22807533913057446,0.12490937653229,0.7692666679966512,6313
317,0.25,72,28,72,72,0,0,0,0,2.641599999999995,802.9740846317502,0.9990001428367377,139361.90736631307,1.2823769525392346,16.34524882662329,0.22701734481421237,0.1250221643634502,0.7672898197784159,6329
318,0.25,71,29,72,71,0,1,0,0,2.6266085496324996,805.6006931813827,0.9989670893289643,139260.05892194613,1.2827476181664532,16.270377070637217,0.22916024043151004,0.12306159899782651,0.776167949023021,6345
319,0.25,71,29,71,71,0,0,0,0,2.6212799999999956,808.2219731813826,0.9989696948164991,139159.78992414603,1.2831127886063778,16.19591287397548,0.22811144892923213,0.12317312671645719,0.7742535332408539,6360
320,0.25,71,29,71,71,0,0,0,0,2.6212799999999956,810.8432531813826,0.9989722871925721,139060.1692220986,1.2835179287393033,16.121032432811724,0.22705679482833413,0.12328345740206499,0.7723147349532845,6375
321,0.25,71,29,71,71,0,0,0,0,2.6212799999999956,813.4645331813825,0.9989748665559052,138961.19054866632,1.2839627373191698,16.046399064378754,0.22600562062505286,0.12339925620103813,0.7703466429037582,6390
322,0.25,71,29,71,71,0,0,0,0,2.6212799999999956,816.0858131813825,0.9989774330042314,138862.8477172323,1.2842941449238767,15.971780162789313,0.22495465018013117,0.12351780495118599,0.7683516511907897,6405
323,0.25,70,30,71,70,0,1,0,0,2.6098661297401042,818.6956793111226,0.9989448137596286,138762.1833983418,1.2845279286759679,15.898293855023757,0.22711848364319656,0.12154451176218639,0.7773660799009527,6418
324,0.25,69,31,70,69,0,1,0,0,2.598350065905737,821.2940293770283,0.9989123188660047,138659.23277974,1.2845876837523882,15.824424217041091,0.2293394814063926,0.11943476842294341,0.7866527858081988,6431
325,0.25,69,31,69,69,0,0,0,0,2.5806399999999967,823.8746693770283,0.9989149457472873,138559.90995125374,1.2846362542219476,15.7508096317544,0.22827260335875943,0.11957681037294912,0.7846821170874724,6446
326,0.25,69,31,69,69,0,0,0,0,2.580639999999997,826.4553093770284,0.9989175599706693,138461.2074018345,1.2846277671268804,15.677592318313648,0.22721148287411086,0.11971737026508072,0.7827041542207324,6461
327,0.25,69,31,69,69,0,0,0,0,2.580639999999997,829.0359493770284,0.9989201616274209,138363.11933903024,1.2844159578987542,15.605139509324781,0.22616144216412729,0.11985212314244502,0.7807394660966337,6475
328,0.25,68,32,69,68,0,1,0,0,2.5799036872666745,831.615853064295,0.9988880008339994,138260.9525495788,1.2841195053069843,15.53276956097666,0.22842308177906853,0.1176944625147725,0.7902138839164233,6490
329,0.25,67,33,68,67,0,1,0,0,2.549466915899845,834.1653199801949,0.9988559542381695,138159.66360569422,1.2839042683976007,15.461359473756008,0.23076655930979117,0.11535046610977419,0.8000910013621574,6503
330,0.25,67,33,67,67,0,0,0,0,2.539999999999997,836.7053199801949,0.9988586054233536,138060.55398659865,1.2838802092570303,15.39123470881939,0.22971992102715508,0.11548716418752843,0.7982516680495362,6518
331,0.25,67,33,67,67,0,0,0,0,2.600959999999997,839.3062799801949,0.9988612443493564,137952.0239056619,1.283872511065997,15.318874426126051,0.2286399168078515,0.11559652286865513,0.796422806578199,6534
332,0.25,67,33,67,67,0,0,0,0,2.600959999999997,841.9072399801948,0.9988638711010122,137844.1644031117,1.2839075713403683,15.247026019224872,0.22756755252574437,0.11570766983653478,0.7945805553006803,6547
333,0.25,67,33,67,67,0,0,0,0,2.600959999999997,844.5081999801948,0.9988664857623742,137736.96928310217,1.2839850945521052,15.174355151472783,0.226482912708549,0.11581613285801348,0.7927087812512675,6561
334,0.25,66,34,67,66,0,1,0,0,2.5959221313588623,847.1041221115537,0.9988348183687458,137626.52896717607,1.2841271125069667,15.103430499378913,0.2288398560511956,0.11339451956271171,0.8028651503883883,6576
335,0.25,64,36,66,64,0,2,0,0,2.5646830149233772,849.6688051264771,0.9987690624358887,137512.40400382574,1.2839882304697676,15.03254948951036,0.2348835857735994,0.10776543055500672,0.8261044191512938,6589
336,0.25,64,36,64,64,0,0,0,0,2.539999999999996,852.208805126477,0.9987717502558854,137402.94549364774,1.2841687706938711,14.962813066885433,0.23379395417008492,0.1079141900918858,0.8243653205825398,6604
337,0.25,64,36,64,64,0,0,0,0,2.5399999999999956,854.748805126477,0.9987744263634507,137294.13752457418,1.2843907728667803,14.89400844501416,0.23271888195334628,0.10805259774810332,0.8226529930145399,6617
338,0.25,64,36,64,64,0,0,0,0,2.544063999999996,857.2928691264771,0.9987770908349752,137185.3239836633,1.2846541044701598,14.824503448329772,0.2316328663801527,0.10819111494599451,0.8209076169979906,6632
339,0.25,64,36,64,64,0,0,0,0,2.539999999999996,859.832869126477,0.9987797437461867,137077.80224747703,1.2849582203418273,14.755901368259853,0.23056095887906017,0.10833309808167198,0.8191514635372968,6645
340,0.25,64,36,64,64,0,0,0,0,2.539999999999996,862.372869126477,0.9987823851721572,136970.91389209314,1.285302992946609,14.68705440310973,0.22948522504858948,0.10847975093521987,0.8173581501677065,6660
341,0.25,64,36,64,64,0,0,0,0,2.539999999999996,864.912869126477,0.9987850151873101,136864.65333734071,1.2855563263839656,14.617588484476435,0.2283998200699443,0.10862244090062499,0.8155432341273149,6674
342,0.25,64,36,64,64,0,0,0,0,2.539999999999996,867.4528691264769,0.9987876338654273,136759.01506840615,1.2858065110308283,14.548177210264736,0.2273152689103865,0.10877759702673413,0.8136744599425565,6690
343,0.25,64,36,64,64,0,0,0,0,2.539999999999996,869.9928691264769,0.9987902412796559,136653.99363487936,1.2859660576437895,14.479037776191058,0.22623496525298528,0.10893352364708567,0.8117883634649984,6703
344,0.25,64,36,64,64,0,0,0,0,2.539999999999996,872.5328691264768,0.9987928375025149,136549.58364981622,1.2861228720342284,14.410246755966195,0.22516010556197175,0.10908159251614827,0.8099108710646938,6718
345,0.25,64,36,64,64,0,0,0,0,2.5399999999999956,875.0728691264768,0.9987954226059025,136445.77978881754,1.2863205389508081,14.340362959865441,0.22406817124789752,0.10924928063734489,0.8079332047354508,6733
346,0.25,64,36,64,64,0,0,0,0,2.5399999999999956,877.6128691264768,0.9987979966611018,136342.5767891239,1.2865587961739242,14.270937924581418,0.22298340507158468,0.10941481478835187,0.8059494146448114,6748
347,0.25,64,36,64,64,0,0,0,0,2.5399999999999956,880.1528691264767,0.9988005597387886,136239.9694487263,1.2868373837358602,14.202883336435018,0.22192005213179716,0.10956112559266165,0.8040290784179869,6763
348,0.25,64,36,64,64,0,0,0,0,2.5399999999999956,882.6928691264767,0.9988031119090365,136137.95262549212,1.2871560439053917,14.133880234829777,0.22084187866921526,0.109708131369883,0.8020643640429188,6777
349,0.25,64,36,64,64,0,0,0,0,2.5399999999999956,885.2328691264767,0.9988056532413244,136036.52123630597,1.287514521101027,14.064527954312895,0.21975824928613896,0.10987575721414679,0.800009806903323,6791
350,0.25,64,36,64,64,0,0,0,0,2.5399999999999965,887.7728691264766,0.9988081838045422,135935.67025622554,1.28765393150042,13.995965759655084,0.2186869649946107,0.11003859904477782,0.7979644278338965,6806
351,0.25,64,36,64,64,0,0,0,0,2.5440639999999966,890.3169331264767,0.998810703666997,135834.77467435753,1.2877955744624963,13.927076413380526,0.21761056895907072,0.11021311718837647,0.7958543249744969,6821
352,0.25,64,36,64,64,0,0,0,0,2.544063999999996,892.8609971264767,0.9988132128964199,135734.45406399888,1.2879729694252802,13.857050788841388,0.21651641857564669,0.11038609422422953,0.7936984101224706,6836
353,0.25,64,36,64,64,0,0,0,0,2.539999999999996,895.4009971264767,0.9988157115599711,135635.31913606447,1.2881901735384096,13.787387123723269,0.21542792380817605,0.11056520473198359,0.791508429252653,6849
354,0.25,64,36,64,64,0,0,0,0,2.5440639999999966,897.9450611264767,0.9988181997242466,135536.1316285004,1.2883212462382194,13.717999678965933,0.2143437449838427,0.11074420378988772,0.7893007855504459,6864
355,0.25,64,36,64,64,0,0,0,0,2.539999999999997,900.4850611264767,0.998820677455284,135438.1158166379,1.288404850733253,13.649800316281564,0.21327812994189943,0.11091101403690695,0.7871343563354939,6877
356,0.25,64,36,64,64,0,0,0,0,2.560319999999997,903.0453811264767,0.9988231448185682,135337.60600994973,1.288555973034689,13.580847876557018,0.2122007480712034,0.11105963730289699,0.784980616105781,6893
357,0.25,63,37,64,63,0,1,0,0,2.574378862285508,905.6197599887622,0.9987929797090103,135231.14822662406,1.2886169761028203,13.511749760751991,0.21447221842463476,0.10881328359891689,0.795286923314688,6909
358,0.25,62,38,63,62,0,1,0,0,2.5330972372556966,908.1528572260179,0.9987629000227887,135127.03178057488,1.288548313433235,13.44449018519534,0.21684661589024742,0.10638669986351015,0.8059990320622595,6923
359,0.25,61,39,62,61,0,1,0,0,2.4944063288734024,910.6472635548913,0.9987329023035186,135024.83883825815,1.2882381778507281,13.377644301916488,0.21930564429371296,0.10377430936087823,0.8170512716443931,6938
360,0.25,61,39,61,61,0,0,0,0,2.4831039999999973,913.1303675548913,0.9987354085603113,134924.87423225885,1.288073218130456,13.310264497057245,0.2182010573288073,0.10399888837328541,0.8148855539109849,6953
361,0.25,60,40,61,60,0,1,0,0,2.4622355780448095,915.5926031329361,0.9987055435099188,134824.15604670084,1.2879524770714357,13.244940161094313,0.22074900268490522,0.10119081402065301,0.8263586160980633,6969
362,0.25,60,40,60,60,0,0,0,0,2.458719999999998,918.0513231329361,0.9987080520655017,134724.494027106,1.2878295532064628,13.179713856515942,0.21966189760859903,0.1014347701625655,0.8242407072452926,6985
363,0.25,60,40,60,60,0,0,0,0,2.458719999999998,920.5100431329361,0.9987105509171207,134625.3644101778,1.2877471145076613,13.114553483581808,0.21857589139303016,0.10168001311567818,0.8220948237013687,6999
364,0.25,60,40,60,60,0,0,0,0,2.458719999999998,922.968763132936,0.9987130401209743,134526.76294107316,1.2874692636955185,13.049011477730884,0.21748352462884807,0.10192931216859462,0.8199025040827799,7015
365,0.25,60,40,60,60,0,0,0,0,2.458719999999998,925.427483132936,0.9987155197328281,134428.68541016692,1.2872323396131373,12.983819178840022,0.21639698631400037,0.10217598468025905,0.8176991157572397,7031
366,0.25,60,40,60,60,0,0,0,0,2.462783999999998,927.890267132936,0.998717989808019,134330.53930518558,1.2870409313559097,12.91899276175415,0.21531654602923586,0.10240947648013739,0.8155162554464298,7046
367,0.25,60,40,60,60,0,0,0,0,2.458719999999998,930.3489871329359,0.9987204504014587,134233.4991784707,1.286885144033313,12.852863607986565,0.21421439346644275,0.10268370758230913,0.8131558250295199,7061
368,0.25,60,40,60,60,0,0,0,0,2.4627839999999974,932.8117711329359,0.9987229015676383,134136.3862165162,1.2867356707751019,12.787261127491792,0.21312101879152984,0.10294770486210057,0.8108094032060851,7077
369,0.25,60,40,60,60,0,0,0,0,2.4587199999999974,935.2704911329358,0.9987253433606322,134040.36713287176,1.2866212621550388,12.722238607619701,0.21203731012699498,0.10320475589863191,0.8084693047227307,7091
370,0.25,60,40,60,60,0,0,0,0,2.4587199999999974,937.7292111329358,0.998727775834102,133944.85157207493,1.2865467646602844,12.656276325517998,0.2109379387586333,0.10348007087448549,0.8060225551856949,7106
371,0.25,59,41,60,59,0,1,0,0,2.453654408581267,940.1828655415171,0.9986984540173328,133846.30225899717,1.2865101969974468,12.59065978450108,0.21340101329662847,0.10091837727063296,0.8172344875754145,7121
372,0.25,59,41,59,59,0,0,0,0,2.4383999999999966,942.6212655415171,0.9987008871989861,133750.430431433,1.2866574883977315,12.525806055557796,0.21230179755182704,0.10121337607742505,0.8148074640012668,7134
373,0.25,59,41,59,59,0,0,0,0,2.438399999999996,945.0596655415171,0.9987033113001677,133655.0533321338,1.2868434820550143,12.461569703204486,0.21121304581702519,0.10149575893844022,0.8124030205428816,7149
374,0.25,59,41,59,59,0,0,0,0,2.4383999999999966,947.4980655415171,0.9987057263716144,133560.16714152854,1.28695427681603,12.397328756578121,0.21012421621318852,0.10178069867780044,0.8099609950271145,7164
375,0.25,59,41,59,59,0,0,0,0,2.438399999999996,949.9364655415171,0.998708132463686,133465.76807926412,1.2870659412989223,12.331708347262516,0.2090120058858054,0.1020921011720987,0.8073734015084275,7177
376,0.25,59,41,59,59,0,0,0,0,2.4383999999999966,952.3748655415171,0.9987105296263681,133371.8524037033,1.2871029625194934,12.267639703372817,0.20792609666733589,0.10236940242840417,0.8048974714889545,7192
377,0.25,59,41,59,59,0,0,0,0,2.4383999999999966,954.8132655415171,0.9987129179092764,133278.4164114304,1.287141123855169,12.203318884475234,0.20683591329619044,0.10265762181984872,0.8023508983199289,7207
378,0.25,59,41,59,59,0,0,0,0,2.438399999999996,957.2516655415171,0.9987152973616594,133185.4564367645,1.2872180332565246,12.138357803540195,0.20573487802610502,0.10296314553345283,0.7997022485455808,7218
379,0.25,59,41,59,59,0,0,0,0,2.438399999999996,959.6900655415171,0.9987176680324024,133092.96885128,1.2873334759431623,12.07324161432879,0.20463121380218288,0.10326789307188973,0.7970189407934223,7232
380,0.25,59,41,59,59,0,0,0,0,2.438399999999996,962.1284655415171,0.99872002997003,133000.95006333455,1.2874872387012717,12.008618527931072,0.20353590725306908,0.10357092102476446,0.7943211150420159,7246
381,0.25,59,41,59,59,0,0,0,0,2.4383999999999966,964.5668655415171,0.9987223832227105,132909.39651760407,1.2876791099068026,11.943841205562906,0.2024379865349645,0.10387444291065791,0.7915842477186277,7260
382,0.25,59,41,59,59,0,0,0,0,2.438399999999996,967.0052655415171,0.9987247278382582,132818.30469462503,1.2879088795025189,11.8793327386989,0.20134462268981182,0.10418137480488733,0.7888103241003905,7276
383,0.25,59,41,59,59,0,0,0,0,2.4383999999999966,969.4436655415171,0.9987270638641373,132727.67111034316,1.2879527229391323,11.814340326845464,0.20024305638721127,0.10449532003162039,0.7859661001993861,7291
384,0.25,59,41,59,59,0,0,0,0,2.4383999999999966,971.8820655415171,0.998729391347465,132637.49231566951,1.2879976668961064,11.749154401025912,0.19913821018687985,0.10481499217665474,0.7830627311118252,7306
385,0.25,59,41,59,59,0,0,0,0,2.4383999999999966,974.3204655415171,0.9987317103350141,132547.76489604282,1.288080838459966,11.684973098001644,0.1980503914915533,0.1051142831422846,0.7802196189993948,7321
386,0.25,59,41,59,59,0,0,0,0,2.4383999999999966,976.7588655415171,0.9987340208732168,132458.48547099848,1.288202028442619,11.621008401077884,0.19696624408606583,0.10539930744306318,0.7773955038416682,7336
387,0.25,59,41,59,59,0,0,0,0,2.438399999999997,979.1972655415171,0.9987363230081676,132369.6506937441,1.2882500354670534,11.556763280871666,0.19587734374358756,0.10570515824224422,0.7744602553348944,7350
388,0.25,59,41,59,59,0,0,0,0,2.438399999999998,981.6356655415171,0.9987386167856264,132281.2572507412,1.2882621892183141,11.492743846555284,0.19479226858568274,0.10600674889262267,0.7715108273487072,7365
389,0.25,59,41,59,59,0,0,0,0,2.4383999999999975,984.0740655415171,0.9987409022510211,132193.3018612934,1.288312412159714,11.427360585827675,0.1936840777258928,0.10633473074954604,0.7683953971265666,7379
390,0.25,59,41,59,59,0,0,0,0,2.4383999999999975,986.5124655415171,0.9987431794494513,132105.78127714022,1.2882533098413813,11.362440627206306,0.19258373944417467,0.10665719656934111,0.7652752993020487,7394
391,0.25,59,41,59,59,0,0,0,0,2.442463999999998,988.9549295415171,0.9987454484256908,132018.1497659636,1.2880880898174394,11.297617190630715,0.19148503712933412,0.10697131425817703,0.7621490504983744,7408
392,0.25,58,42,59,58,0,1,0,0,2.4365791573033073,991.3915086988204,0.9987171655467318,131927.69844444364,1.2879906533630472,11.232821999574787,0.19366934482025494,0.10523993269183105,0.7720316882369087,7423
393,0.25,58,42,58,58,0,0,0,0,2.422143999999998,993.8136526988204,0.9987194341118361,131839.60558821927,1.2875913413945048,11.16956018371856,0.19257862385721652,0.10556458366265548,0.7689449072179501,7438
394,0.25,58,42,58,58,0,0,0,0,2.422143999999998,996.2357966988204,0.9987216946676406,131751.9410915938,1.2872307197541557,11.105725406724815,0.19147802425387608,0.10590528108023708,0.7657480318571177,7451
395,0.25,58,42,58,58,0,0,0,0,2.418079999999998,998.6538766988205,0.9987239472564866,131665.2376443484,1.2869053692237784,11.041566294133956,0.19037183265748198,0.10626661803675709,0.7624313697113727,7466
396,0.25,58,42,58,58,0,0,0,0,2.418079999999998,1001.0719566988205,0.9987261919204173,131578.9530598437,1.286618805835885,10.978083220776094,0.18927729690993267,0.10660520126679579,0.7591749714616087,7479
397,0.25,58,42,58,58,0,0,0,0,2.418079999999998,1003.4900366988205,0.9987284287011807,131493.0843101166,1.28629937115077,10.913605973599019,0.18816562023446587,0.10696903208915616,0.7557588564259731,7494
398,0.25,58,42,58,58,0,0,0,0,2.418079999999998,1005.9081166988205,0.9987306576402321,131407.6283963193,1.2860185666849473,10.849934972140241,0.18706784434724555,0.10731371756841417,0.7523955632434364,7509
399,0.25,58,42,58,58,0,0,0,0,2.418079999999998,1008.3261966988206,0.9987328787787365,131322.5823483704,1.2857405876539194,10.786320199454195,0.18597103792162406,0.10765069866071088,0.7490211362843019,7522
400,0.25,58,42,58,58,0,0,0,0,2.4180799999999976,1010.7442766988206,0.9987350921575714,131237.94322461067,1.2855009587200714,10.722049468006466,0.18486292186218045,0.10800884317785192,0.7455092334168998,7537
401,0.25,58,42,58,58,0,0,0,0,2.458719999999998,1013.2029966988206,0.9987372978173291,131148.44748085484,1.2853399100617895,10.656564445245808,0.18373386974561737,0.10830354760610532,0.7421361299581426,7552
402,0.25,58,42,58,58,0,0,0,0,2.4587199999999974,1015.6617166988206,0.9987394957983193,131059.38504076982,1.2852178914518824,10.590859091440167,0.18260101881793392,0.10860863839537077,0.73867731695545,7563
403,0.25,58,42,58,58,0,0,0,0,2.4627839999999974,1018.1245006988205,0.9987416861405717,130970.22997528821,1.2851373811782298,10.526484029593094,0.18149110395850163,0.10887080953198082,0.7353793866199175,7577
404,0.25,58,42,58,58,0,0,0,0,2.458719999999998,1020.5832206988205,0.9987438688838378,130882.02636580382,1.2850222231037558,10.461471937716366,0.18037020582269594,0.10915972478981684,0.7319225019650567,7591
405,0.25,58,42,58,58,0,0,0,0,2.458719999999998,1023.0419406988204,0.9987460440675942,130794.24672325586,1.2849457329174336,10.39712361942078,0.17926075205897893,0.1094358630131043,0.7284960704927339,7604
406,0.25,58,42,58,58,0,0,0,0,2.6212799999999987,1025.6632206988204,0.9987482117310443,130686.17192753956,1.2849722255104774,10.328958704716914,0.17808549490891232,0.10941174321517325,0.725973965254003,7618
407,0.25,58,42,58,58,0,0,0,0,2.6619199999999985,1028.3251406988204,0.9987503719131211,130573.48759240932,1.285022899663256,10.260477544323347,0.1769047852469543,0.10932716781887775,0.7236287572472745,7630
408,0.25,58,42,58,58,0,0,0,0,2.4587199999999982,1030.7838606988205,0.998752524652489,130487.10319233456,1.2849208194593282,10.195872419196299,0.17579090377924653,0.10961772844465868,0.7200263363908879,7645
409,0.25,58,42,58,58,0,0,0,0,2.458719999999998,1033.2425806988206,0.9987546699875467,130401.12991556447,1.284857095779107,10.131428153186203,0.1746797957445897,0.10990518827356603,0.7163998180418263,7658
410,0.25,58,42,58,58,0,0,0,0,2.722879999999998,1035.9654606988206,0.9987568079564291,130282.33577300543,1.2848084296693245,10.061384736912096,0.1734721506364154,0.10974804215560402,0.7141569184397613,7672
411,0.25,58,42,58,58,0,0,0,0,2.7838399999999983,1038.7493006988207,0.9987589385970096,130156.52564968653,1.2848526015697486,9.990525344577028,0.17225043697546602,0.10948306153302814,0.71225456453137,7684
412,0.25,58,42,58,58,0,0,0,0,2.7838399999999983,1041.5331406988207,0.9987610619469026,130031.38806426397,1.2849440342792098,9.91883667776673,0.17101442547873677,0.10921351504966492,0.7103091926619902,7696
413,0.25,58,42,58,58,0,0,0,0,2.7269439999999983,1044.2600846988207,0.9987631780434655,129913.99555325089,1.285037342506049,9.847719103485213,0.16978826040491746,0.10903071171541988,0.7080319961599071,7709
414,0.25,58,42,58,58,0,0,0,0,2.7838399999999983,1047.0439246988208,0.9987652869238005,129790.16141953175,1.28515326803797,9.775776379383842,0.16854786861006624,0.1087972723879966,0.7058820055359846,7720
415,0.25,58,42,58,58,0,0,0,0,2.722879999999998,1049.7668046988208,0.9987673886247579,129674.51379742882,1.2852621423547288,9.704192224597806,0.16731365904478976,0.10866948431967886,0.7033117767272232,7731
416,0.25,58,42,58,58,0,0,0,0,2.722879999999998,1052.4896846988208,0.9987694831829368,129559.4645557221,1.2854159474257574,9.63456380937657,0.16611316912718224,0.10856304089275506,0.7007090435478242,7739
417,0.25,58,42,58,58,0,0,0,0,2.783839999999998,1055.273524698821,0.9987715706346885,129437.53141062065,1.285671667660062,9.563256085456139,0.16488372561131273,0.10835449106069113,0.6983945955784601,7750
418,0.25,58,42,58,58,0,0,0,0,2.7838399999999974,1058.057364698821,0.9987736510161177,129316.23989871981,1.2859389957090972,9.490847473014728,0.16363530125887465,0.10811859835649355,0.6961059685273059,7761
419,0.25,58,42,58,58,0,0,0,0,2.743199999999998,1060.8005646988208,0.9987757243630851,129200.53454054534,1.2861531726244697,9.420010081273894,0.16241396691851537,0.10800348840012816,0.6933801717129139,7775
420,0.25,58,42,58,58,0,0,0,0,2.8244799999999977,1063.6250446988208,0.9987777907112094,129075.5616222584,1.2864934387842648,9.348385576209134,0.16117906165877818,0.10776767458088515,0.691059316265829,7787
421,0.25,58,42,58,58,0,0,0,0,2.8244799999999977,1066.4495246988208,0.9987798500958689,128951.25068280885,1.2868804312503632,9.274741126267529,0.15990932976323324,0.10754886596697555,0.6885444635332642,7799
422,0.25,58,42,58,58,0,0,0,0,2.824479999999997,1069.2740046988208,0.9987819025522042,128827.59647635891,1.2873139138783134,9.202527830678921,0.15866427294274002,0.10733684667427874,0.6860328131617809,7810
423,0.25,58,42,58,58,0,0,0,0,2.8326079999999974,1072.1066126988208,0.9987839481151196,128703.61805963682,1.2877938878041457,9.12984910050602,0.15741119138803483,0.10705852234592587,0.683731038149344,7822
424,0.25,58,42,58,58,0,0,0,0,2.804159999999997,1074.9107726988207,0.9987859868192854,128583.69597783047,1.2882866879038406,9.057014328423012,0.15615541945556918,0.10685774324847384,0.6810728751891899,7832
425,0.25,58,42,58,58,0,0,0,0,2.8244799999999968,1077.7352526988207,0.99878801869914,128461.97584546312,1.2888582951886318,8.98544151813238,0.154921405485041,0.10668254887384718,0.6783328257759867,7844
426,0.25,58,42,58,58,0,0,0,0,2.8285439999999964,1080.5637966988206,0.9987900437888915,128340.40935266823,1.2893399581476617,8.912622914885079,0.1536659123256048,0.10650260652194916,0.6755120889727604,7855
427,0.25,58,42,58,58,0,0,0,0,2.8244799999999968,1083.3882766988206,0.9987920621225194,128219.958612878,1.2897990649779998,8.840442865174692,0.1524214287099085,0.10633376085595642,0.6726362629469869,7865
428,0.25,58,42,58,58,0,0,0,0,2.824479999999997,1086.2127566988206,0.9987940737337774,128100.13428941999,1.2901684352406069,8.76790123728721,0.15117071098771054,0.106083523962125,0.6700400001286846,7876
429,0.25,58,42,58,58,0,0,0,0,2.824479999999997,1089.0372366988206,0.9987960786561945,127980.93150835505,1.2905499887711893,8.6943364831724,0.1499023531581448,0.10593790089509797,0.6669143677549905,7887
430,0.25,58,42,58,58,0,0,0,0,2.8244799999999968,1091.8617166988206,0.9987980769230769,127862.3454461766,1.2909774324962324,8.62093357354455,0.1486367857507681,0.10577436841281562,0.6638268180894838,7897
431,0.25,58,42,58,58,0,0,0,0,2.8041599999999964,1094.6658766988205,0.9988000685675105,127746.7426149383,1.2914476032101487,8.54972333794263,0.14740902306797637,0.10565621675671516,0.6606161550386437,7909
432,0.25,58,42,58,58,0,0,0,0,2.8244799999999968,1097.4903566988205,0.9988020536223616,127629.36744276046,1.2919661485008025,8.477198575180564,0.14615859612380283,0.10549438703033039,0.6574765820731957,7921
433,0.25,58,42,58,58,0,0,0,0,2.8244799999999968,1100.3148366988205,0.9988040321202802,127512.59486870318,1.2925299032914865,8.405069505375277,0.1449149914719875,0.10538576381645152,0.6540839274524733,7931
434,0.25,58,42,58,58,0,0,0,0,2.5399999999999956,1102.8548366988205,0.9988060040937002,127429.28200838012,1.2928415479983824,8.338722812742098,0.14377108297831204,0.10556814412531086,0.6497024028890075,7944
435,0.25,58,42,58,58,0,0,0,0,2.8285439999999964,1105.6833806988204,0.9988079695748425,127313.11915987286,1.2932674666844135,8.265368694169295,0.14250635679602236,0.1054509145701963,0.6461782309162307,7958
436,0.25,58,42,58,58,0,0,0,0,2.8244799999999963,1108.5078606988204,0.9988099285957157,127198.01545756421,1.2936989011890223,8.193312762762872,0.141264013151084,0.10521124574607912,0.6432092812973111,7973
437,0.25,58,42,58,58,0,0,0,0,2.8244799999999963,1111.3323406988204,0.9988118811881188,127083.4968333518,1.2941755343473815,8.121295391629651,0.14002233433844227,0.1050067764596625,0.6400437668348081,7989
438,0.25,58,42,58,58,0,0,0,0,2.8285439999999964,1114.1608846988204,0.9988138273836421,126969.09570491743,1.29469898235514,8.049598458139036,0.13878618031274198,0.10492159915918216,0.6363234575391443,8004
439,0.25,58,42,58,58,0,0,0,0,2.8691839999999966,1117.0300686988203,0.9988157672136694,126850.65869807382,1.295173850438788,7.975782578952876,0.13751349274056685,0.10480288402257526,0.6325754477783028,8012
440,0.25,58,42,58,58,0,0,0,0,3.0683199999999964,1120.0983886988204,0.9988177007093796,126710.29744527431,1.2957966895399926,7.896999564345998,0.1361551649025172,0.10431202559722234,0.630139892623101,8024
441,0.25,58,42,58,58,0,0,0,0,2.8244799999999963,1122.9228686988204,0.998819627901748,126598.18760724588,1.2962199042732234,7.824600993907755,0.13490691368806476,0.10422772623526826,0.6262151560442263,8036
442,0.25,58,42,58,58,0,0,0,0,2.641599999999997,1125.5644686988203,0.9988215488215488,126507.19168899192,1.2963486571561438,7.756151049369906,0.13372674223051564,0.10428692179764674,0.6218257954368142,8050
443,0.25,58,42,58,58,0,0,0,0,2.8244799999999968,1128.3889486988203,0.9988234634993557,126396.13332305681,1.2965313831322796,7.6837792887073455,0.13247895325357492,0.10408202524282492,0.6183354419086757,8063
444,0.25,58,42,58,58,0,0,0,0,3.133343999999997,1131.5222926988204,0.9988253719655442,126251.15821560245,1.2970339212912334,7.6039365448392005,0.1311023542213655,0.10352794055192663,0.6159217526361987,8069
445,0.25,58,42,58,58,0,0,0,0,2.865119999999996,1134.3874126988203,0.9988272742502932,126136.80158842687,1.2973530337807981,7.531321534682756,0.12985037128763371,0.10344298588295334,0.6117619123084417,8082
446,0.25,58,42,58,58,0,0,0,0,3.129279999999997,1137.5166926988204,0.9988291703835861,125993.75544983475,1.297761648469318,7.451105986051088,0.12846734458708772,0.10293041592151504,0.6090315284534238,8093
447,0.25,57,43,58,57,0,1,0,0,2.755294465676044,1140.2719871644965,0.9988032284998608,125889.26292661055,1.2978519248047329,7.379746841718684,0.1294692428371699,0.10241770528370808,0.6150919963777454,8105
448,0.25,57,43,57,57,0,0,0,0,2.747263999999999,1143.0192511644966,0.9988051240725818,125786.15789149872,1.2977895225152027,7.30768296536869,0.12820496430471387,0.10241787199178042,0.6104342844139965,8114
449,0.25,57,43,57,57,0,0,0,0,3.0276799999999993,1146.0469311644965,0.9988070136499834,125652.79491100574,1.2979006476686874,7.230834173854252,0.12685673989217985,0.10198393055305978,0.6074214734660479,8125
450,0.25,57,43,57,57,0,0,0,0,3.0479999999999987,1149.0949311644965,0.9988088972604637,125517.91508977837,1.2980807642146588,7.1536055294577805,0.12550185139399614,0.1015557578128144,0.6043025430114647,8134
451,0.25,57,43,57,57,0,0,0,0,2.7431999999999985,1151.8381311644964,0.9988107749322418,125416.92803133061,1.2980849136358235,7.082080388241433,0.12424702435511287,0.1015985786357282,0.5992844031677267,8146
452,0.25,57,43,57,57,0,0,0,0,2.9667199999999987,1154.8048511644963,0.9988126466933591,125292.16503905204,1.2982899025656902,7.006262801367094,0.12291689125205427,0.10129445548699961,0.5955491114414387,8157
453,0.25,57,43,57,57,0,0,0,0,2.6619199999999985,1157.4667711644963,0.9988145125716806,125201.00240476354,1.2983109866251925,6.938030325613286,0.12171983027391732,0.10144027831569118,0.5901301396186012,8169
454,0.25,57,43,57,57,0,0,0,0,2.7228799999999986,1160.1896511644964,0.9988163725948966,125103.68443152135,1.2983729668153146,6.866683681170656,0.12046813475737993,0.10144204403308092,0.58511214402859,8179
455,0.25,57,43,57,57,0,0,0,0,2.6619199999999985,1162.8515711644964,0.9988182267905238,125013.3753995984,1.2984128644695534,6.797206484102866,0.1192492365632082,0.10157947202384333,0.5795066613897222,8191
456,0.25,57,43,57,57,0,0,0,0,2.7472639999999986,1165.5988351644964,0.9988200751859068,124914.33210762606,1.2984796543011727,6.726342626039194,0.11800601098314374,0.1015513551847352,0.5745260855771199,8204
457,0.25,57,43,57,57,0,0,0,0,2.9667199999999987,1168.5655551644963,0.9988219178082192,124792.31426556307,1.2986762925084627,6.650956948942138,0.11668345524459892,0.10128218014053794,0.5703081603259055,8215
458,0.25,57,43,57,57,0,0,0,0,2.8447999999999984,1171.4103551644964,0.9988237546844654,124683.89011252162,1.2988031466086505,6.578021997849121,0.11540389469910739,0.1012679228967035,0.5649648766811751,8229
459,0.25,57,43,57,57,0,0,0,0,2.7228799999999986,1174.1332351644965,0.9988255858414814,124588.9270645725,1.2989194398331179,6.5066643830368935,0.11415200671994548,0.10132182299225123,0.5593336792894273,8241
460,0.25,57,43,57,57,0,0,0,0,2.743199999999998,1176.8764351644963,0.9988274113059366,124492.25392088124,1.2988689683840888,6.435254732018038,0.11289920582487785,0.10141355822171437,0.5534394348380571,8251
461,0.25,57,43,57,57,0,0,0,0,2.7269439999999983,1179.6033791644963,0.9988292311043345,124397.74469274135,1.2988436630011821,6.364953358696094,0.11166584839817709,0.10153323550265572,0.5474194214971304,8264
462,0.25,57,43,57,57,0,0,0,0,2.9667199999999982,1182.5700991644962,0.9988310452630148,124278.46780823829,1.2990006041179183,6.289638302945012,0.11034453163061425,0.10130683446955906,0.5426231510176863,8273
463,0.25,57,43,57,57,0,0,0,0,2.722879999999998,1185.2929791644963,0.9988328538081538,124185.33019891614,1.2990656217759726,6.217981752654334,0.1090873991693743,0.10138544736282991,0.5365446285668193,8282
464,0.25,57,43,57,57,0,0,0,0,2.661919999999998,1187.9548991644963,0.998834656765766,124098.98734681356,1.2990625427224998,6.148350364605889,0.10786579587027875,0.10152718396950713,0.5302436538232517,8292
465,0.25,57,43,57,57,0,0,0,0,2.8082239999999983,1190.7631231644964,0.9988364541617059,123997.79362297467,1.2991951918952098,6.075513112217336,0.10658794933714624,0.10157340702197488,0.5240757174429996,8303
466,0.25,57,43,57,57,0,0,0,0,3.0276799999999975,1193.7908031644963,0.998838246021668,123874.29992591687,1.2995342823279314,5.998833165879315,0.10524268712068975,0.10133827231699971,0.518893418791217,8314
467,0.25,57,43,57,57,0,0,0,0,2.7431999999999976,1196.5340031644962,0.9988400323711897,123780.85337173533,1.2997204849673518,5.928225820674882,0.10400396176622599,0.10149232050907005,0.5122204941306723,8327
468,0.25,57,43,57,57,0,0,0,0,2.4587199999999974,1198.9927231644963,0.9988418132356506,123717.18120898803,1.2996657376730891,5.863055865409099,0.10286062921770348,0.10176341767199479,0.505361930898712,8341
469,0.25,57,43,57,57,0,0,0,0,2.7431999999999976,1201.7359231644962,0.9988435886402753,123624.49780879542,1.299842960470609,5.793219671508502,0.10163543283348248,0.10182066944170605,0.4990895507551453,8356
470,0.25,57,43,57,57,0,0,0,0,2.7431999999999976,1204.479123164496,0.998845358610134,123532.23658130555,1.3000622488764064,5.7233586647386,0.10040980113576493,0.10197130101122623,0.4922848185596058,8367
471,0.25,57,43,57,57,0,0,0,0,2.3774399999999973,1206.856563164496,0.9988471231701431,123477.80552251791,1.30000494088405,5.659895973132882,0.09929642058127863,0.10230429196794283,0.48508337628751863,8382
472,0.25,57,43,57,57,0,0,0,0,2.7228799999999973,1209.579443164496,0.9988488823450676,123388.34033880246,1.3002897258676707,5.589979389788643,0.09806981385594112,0.10241593174234687,0.4783322427822869,8398
473,0.25,57,43,57,57,0,0,0,0,2.7838399999999974,1212.3632831644961,0.998850636159521,123293.07731082018,1.3006547435286504,5.518794635642993,0.09682095852005251,0.1025423189437541,0.47132544995795483,8411
474,0.25,57,43,57,57,0,0,0,0,2.905759999999997,1215.2690431644962,0.9988523846379674,123185.89109303625,1.301196350405041,5.444677422803066,0.09552065654040466,0.10242511596905433,0.4651618258145908,8428
475,0.25,57,43,57,57,0,0,0,0,2.966719999999997,1218.2357631644961,0.998854127804722,123073.05739451926,1.3018193332949552,5.368942433675753,0.09419197252062723,0.10230086083160321,0.45880205017055165,8441
476,0.25,57,43,57,57,0,0,0,0,2.661919999999997,1220.8976831644961,0.9988558656839529,122991.46936768196,1.3021076731430092,5.298862983097988,0.09296250847540329,0.10254989460206465,0.4510804072991826,8452
477,0.25,57,43,57,57,0,0,0,0,2.479039999999997,1223.376723164496,0.9988575982996812,122928.60993054773,1.302197628250882,5.232464344779618,0.09179762008385295,0.10281918220937919,0.44354892958184483,8467
478,0.25,57,43,57,57,0,0,0,0,2.722879999999997,1226.099603164496,0.9988593256757832,122841.56981314432,1.3024387318322856,5.1624673528848835,0.09056960268219094,0.10303586526625612,0.435875830120812,8480
479,0.25,57,43,57,57,0,0,0,0,2.4627839999999965,1228.5623871644962,0.9988610478359908,122780.9035796267,1.3024546065380551,5.098120362261716,0.08944070810985467,0.10330916847656256,0.4284200073817375,8494
480,0.25,57,43,57,57,0,0,0,0,2.3977599999999963,1230.9601471644962,0.998862764803893,122726.96264618539,1.302461745554172,5.035183361183373,0.08833655019619954,0.10361203588857254,0.420919696325742,8509
481,0.25,57,43,57,57,0,0,0,0,2.743199999999997,1233.703347164496,0.9988644766029365,122638.88263555661,1.3027975483247989,4.964659952396529,0.08709929741046542,0.10380106109054038,0.4131751614154127,8525
482,0.25,57,43,57,57,0,0,0,0,2.966719999999996,1236.670067164496,0.9988661832564272,122529.04313228151,1.3034067326169902,4.888574523381639,0.08576446532248488,0.10371421240400802,0.40611030571952084,8542
483,0.25,57,43,57,57,0,0,0,0,2.7838399999999965,1239.453907164496,0.998867884787531,122437.79225898997,1.3038740584782398,4.816602321397218,0.0845017951122319,0.10383927996988405,0.3983983618702201,8557
484,0.25,57,43,57,57,0,0,0,0,2.4790399999999964,1241.932947164496,0.9988695812192749,122376.97723294998,1.3040818171470057,4.749881326458239,0.08333125134137262,0.10410665875162606,0.3905062817004127,8571
485,0.25,57,43,57,57,0,0,0,0,2.6415999999999964,1244.574547164496,0.9988712725745486,122300.42816381177,1.3042848916841396,4.681229191345332,0.08212682791833915,0.10430948836774201,0.382678395094387,8586
486,0.25,57,43,57,57,0,0,0,0,2.966719999999996,1247.5412671644958,0.9988729588761041,122192.35067588338,1.3047698379367454,4.604517015872639,0.08078100027846732,0.10442273139969373,0.3743942051411115,8600
487,0.25,57,43,57,57,0,0,0,0,3.0276799999999957,1250.5689471644957,0.9988746401465585,122078.83487444259,1.3053902403471607,4.527231773441303,0.07942511883230358,0.10428114046601014,0.3671293778955467,8615
488,0.25,57,43,57,57,0,0,0,0,2.397759999999997,1252.9667071644958,0.9988763164083937,122027.18486112739,1.3054402292300478,4.464289549767392,0.07832086929416474,0.10459588593095918,0.35925934489349953,8630
489,0.25,56,44,57,53,0,1,3,0,2.2472044782696554,1255.2139116427654,0.9987736144452563,121977.61559192679,1.30530576625344,4.404260500771203,0.07864750894234292,0.10532332008965357,0.35798563859043003,8644
490,0.25,55,45,56,55,0,1,0,0,2.5514200410686345,1257.7653316838341,0.9987493486190724,121905.09321379692,1.3049885239870889,4.3380201314872515,0.07887309329976822,0.10600241726340409,0.35634958793673466,8659
491,0.25,54,46,55,54,0,1,0,0,2.720206354174751,1260.4855380380088,0.9987251203330297,121813.37696186246,1.3050233567717744,4.269214508668927,0.07905952793831347,0.1067146228664038,0.35436331979871216,8675
492,0.25,53,47,54,45,0,1,8,0,2.13017117949612,1262.615709217505,0.9984930759437761,121750.4256265504,1.3046490492732343,4.21325075701538,0.07949529730217697,0.10735515391827104,0.3541402544863078,8692
493,0.25,52,48,53,47,0,1,5,0,2.1638869818203084,1264.7795961993252,0.9983394738207669,121690.76767407305,1.3045256237595777,4.156106544037602,0.07992512584687694,0.10812677923601849,0.35333122278603213,8709
494,0.25,51,49,52,45,0,1,6,0,2.2961599999999973,1267.0757561993253,0.9981603358034927,121612.30237899019,1.3046199705502448,4.096931322259939,0.08033198671097919,0.10879579693133506,0.35283297187572715,8725
495,0.25,49,51,51,44,0,2,5,0,2.035634622412072,1269.1113908217374,0.9979816276361755,121555.9178774,1.3042007610014783,4.042570641043993,0.08250144165395903,0.11012199805669529,0.35949742818753283,8743
496,0.25,47,53,49,37,0,2,10,0,1.9614869611246823,1271.072877782862,0.9976740579934874,121484.77298119091,1.3038406132592222,3.9913847531136333,0.08492307985348159,0.11113892062863018,0.3686366393045239,8763
497,0.25,43,57,47,35,0,5,7,0,1.879034521993806,1272.9519123048558,0.9973671304302935,121415.42701338572,1.3036441546080997,3.941762098833826,0.0916688860193913,0.11328032769720876,0.39571181484693,8782
498,0.25,41,59,43,28,0,4,11,0,1.5541969561231346,1274.506109260979,0.9969832920792079,121355.2441028973,1.3032808195603776,3.9014556151931217,0.09515745402910053,0.11435347657011137,0.40913973941178367,8797
499,0.25,38,62,41,25,0,4,12,0,1.3805793996445688,1275.8866886606236,0.9965743721828718,121302.30793650607,1.3028988270297028,3.8659398381006334,0.10173525889738508,0.11573473907186879,0.43589136357038744,8815
500,0.25,37,63,38,23,0,2,13,0,1.1396575058542293,1277.0263461664779,0.9961917505081954,121266.09640034151,1.3024611298987432,3.8364220909569084,0.10368708353937588,0.11619936225280271,0.4432802928763169,8829
501,0.25,35,65,37,25,9,2,1,14,0.8662542512832523,1277.892600417761,0.9958868894601542,121262.1467166657,1.3018879684430404,3.784318577702122,0.10812338793434634,0.11641972123884702,0.4631027501591317,8834
502,0.25,31,69,35,21,9,4,1,14,0.7664991452183867,1278.6590995629795,0.9955310132271735,121255.14928333204,1.3014197758603172,3.740453132012801,0.12065977845202583,0.1164249962057939,0.5178561933728575,8838
503,0.25,29,71,31,18,8,3,2,14,0.6842851498024387,1279.343384712782,0.995200944413078,121246.57215062257,1.300986213819892,3.6933809554351575,0.12735796398052268,0.1156071983271051,0.5482511309472805,8843
504,0.25,28,72,29,15,10,2,2,14,0.5770879999999999,1279.920472712782,0.9948454930119246,121238.78264960136,1.3006116563926062,3.651168161172088,0.13039886289900315,0.11494482070663375,0.5627404296932389,8848
505,0.25,28,72,28,19,9,0,0,17,0.6339839999999999,1280.554456712782,0.994618558286139,121238.1083726311,1.3001450601534261,3.608079286925707,0.12885997453306094,0.11477879128858146,0.5576029204758163,8849
506,0.25,27,73,28,18,9,1,0,17,0.7051466477050211,1281.259603360487,0.9943663414509232,121227.57916710734,1.2997126276328976,3.557688872174113,0.13176625452496712,0.11386453222951806,0.5724955467717495,8850
507,0.25,27,73,27,18,9,0,0,16,0.5852160000000002,1281.844819360487,0.9941399252776498,121228.40273093832,1.299235560062133,3.5189067523475996,0.1303298797165778,0.1136389882510693,0.5680953032616175,8851
508,0.25,27,73,27,18,9,0,0,16,0.5892799999999999,1282.434099360487,0.993913821761923,121228.84137089572,1.298765103508998,3.48048190350534,0.12890673716686443,0.11338886644174845,0.563783574684173,8852
509,0.25,27,73,27,18,9,0,0,16,0.6096,1283.043699360487,0.9936880302565675,121227.35965854202,1.2983041751658728,3.4381626044567217,0.1273393557206193,0.113003404243862,0.5594364762718276,8853
510,0.25,27,73,27,18,9,0,0,16,0.6258560000000001,1283.669555360487,0.993462550116193,121224.34418591489,1.297854851105452,3.3948789252488076,0.12573625649069656,0.11270616946895189,0.5544839769984957,8854
511,0.25,27,73,27,18,9,0,0,16,0.593344,1284.262899360487,0.9932373806971878,121224.40045377359,1.2973936214844475,3.356844100186382,0.12432755926616232,0.11244172735809763,0.5500738694993011,8855
512,0.25,27,73,27,18,9,0,0,16,0.6096,1284.872499360487,0.993012521357713,121222.92295735463,1.2969433594860316,3.316210325462779,0.12282260464676958,0.11204857111489645,0.5457757741013994,8856
513,0.25,26,74,27,17,9,1,0,16,0.6293543232456531,1285.5018536837326,0.9927624872579001,121216.47242551298,1.2965189908917065,3.2724662108909053,0.1258640850342656,0.11149643553078412,0.5603099399192882,8857
514,0.25,24,76,26,16,8,2,0,15,0.5807490592231518,1286.0826027429557,0.9925126063260836,121211.4989095741,1.2960852143494586,3.2356742900586104,0.13481976208577542,0.10957888836944621,0.6021875116049741,8858
515,0.25,23,77,24,16,7,1,0,13,0.5221724172063973,1286.604775160162,0.9923135657928226,121212.04818362845,1.2956726201077908,3.203092766414153,0.13926490288757187,0.10793718473798393,0.6247260452957637,8859
516,0.25,23,77,23,16,7,0,0,12,0.544576,1287.149351160162,0.9921400045786382,121210.48723629172,1.295259656168915,3.169227209149631,0.13779248735433183,0.10754086252839619,0.6214614332721664,8860
517,0.25,23,77,23,16,7,0,0,12,0.5242559999999999,1287.673607160162,0.9919666463290624,121210.84033415825,1.2948428648301518,3.136600961201231,0.13637395483483614,0.10702373899973884,0.6188571475793228,8861
518,0.25,23,77,23,16,7,0,0,12,0.532384,1288.205991160162,0.9917934906882797,121210.42835655209,1.2944359931889104,3.1040418464679815,0.13495834115078179,0.10664020899055485,0.6156230238561945,8862
519,0.25,22,78,23,16,6,1,0,12,0.5124940442242739,1288.7184852043863,0.9916205373013052,121211.88746293644,1.294017411326261,3.072923836924674,0.13967835622384883,0.10466366701199953,0.6404183983615711,8863
520,0.25,22,78,22,16,6,0,0,11,0.499872,1289.2183572043864,0.9914729469089433,121214.53214401088,1.2936004965588959,3.0427344203797677,0.1383061100172622,0.10429688365984152,0.6374829140631555,8864
521,0.25,22,78,22,16,6,0,0,11,0.499872,1289.7182292043865,0.9913255212296455,121217.174775022,1.293175292703487,3.012899349168782,0.1369499704167628,0.10389858774107504,0.6346924033968822,8865
522,0.25,22,78,22,16,6,0,0,11,0.5283199999999999,1290.2465492043864,0.991178259987832,121217.14264335138,1.292746798989076,2.981056180220552,0.13550255364638875,0.1035314259922502,0.6314007081643483,8866
523,0.25,22,78,22,16,6,0,0,11,0.499872,1290.7464212043865,0.9910311629085381,121219.78215829917,1.2923084739986967,2.9516776258453006,0.13416716481115,0.10319371511871862,0.628306178876619,8867
524,0.25,21,79,22,15,6,1,0,11,0.5381810952598687,1291.2846022996464,0.9908589081332928,121215.725581523,1.2919111934334702,2.914666619983399,0.13879364857063803,0.10066123743329172,0.6553082025012946,8868
525,0.25,20,80,21,14,6,1,0,11,0.4980263628123297,1291.7826286624588,0.990686609470301,121212.34372235405,1.2915414249856425,2.8844337122103836,0.14422168561051918,0.09779728119265507,0.6850136896781716,8869
526,0.25,20,80,20,14,6,0,0,10,0.48361599999999993,1292.2662446624588,0.990539549237346,121210.3160993062,1.2911690526515498,2.8546269848974686,0.14273134924487343,0.09744116617025675,0.6820981401105493,8870
527,0.25,20,80,20,14,6,0,0,10,0.46329599999999993,1292.7295406624587,0.9903926377265947,121210.19522745899,1.2907909292755584,2.8273574783180715,0.14136787391590358,0.09706702040242335,0.6795985926826345,8871
528,0.25,20,80,20,14,6,0,0,10,0.45110399999999995,1293.1806446624587,0.9902458747125565,121211.21720075991,1.2904145279871004,2.8014668519478407,0.14007334259739207,0.09670635607663858,0.6772088200370842,8872
529,0.25,20,80,20,14,6,0,0,10,0.47142399999999995,1293.6520686624588,0.9900992599701968,121210.33452381352,1.2900461708634918,2.773542459849127,0.13867712299245633,0.09626717988050548,0.6748144564030245,8873
530,0.25,20,80,20,15,5,0,0,10,0.48361599999999993,1294.1356846624587,0.9899780375129377,121211.40144660631,1.2896487391929168,2.7446744989764706,0.13723372494882352,0.0959061190997024,0.671864800526926,8874
531,0.25,20,80,20,14,6,0,0,10,0.48767999999999995,1294.6233646624587,0.9898317059016476,121208.99736805928,1.2892833103213992,2.7150737891518215,0.1357536894575911,0.09544652429264235,0.6691962358726988,8875
532,0.25,20,80,20,14,6,0,0,10,0.49174399999999996,1295.1151086624586,0.9896855219025043,121206.21476041486,1.2889275658870678,2.6845965411382178,0.13422982705691092,0.09512367117416393,0.665689072435139,8876
533,0.25,20,80,20,14,6,0,0,10,0.5079999999999999,1295.6231086624587,0.9895394852922642,121201.91354267567,1.288568348450286,2.654126198498364,0.13270630992491822,0.09478498894729954,0.6621868592956924,8877
534,0.25,19,81,20,13,6,1,0,10,0.4602340976287976,1296.0833427600874,0.9893684024891038,121198.99609656289,1.288229716635765,2.625399823840569,0.13817893809687207,0.09164273325615457,0.694512994460044,8878
535,0.25,19,81,19,13,6,0,0,10,0.45110399999999995,1296.5344467600873,0.9892224012892828,121196.9341753067,1.2878780968704984,2.5994764248645996,0.1368145486770842,0.09135226442947925,0.6916418980394258,8879
536,0.25,19,81,19,13,6,0,0,10,0.48361599999999993,1297.0180627600873,0.9890765397296821,121191.83572933437,1.2875332250549434,2.5664634682301317,0.13507702464369115,0.09073121272403652,0.6890940863183214,8880
537,0.25,19,81,19,13,6,0,0,10,0.46735999999999994,1297.4854227600874,0.9889308176100629,121188.25941451412,1.2871956114089584,2.5370062985035307,0.13352664728965954,0.09053781198592663,0.6850476359626133,8881
538,0.25,19,81,19,14,5,0,0,10,0.49580799999999986,1297.9812307600873,0.9888103799441776,121185.11136550775,1.2868284156365728,2.5040152165157727,0.13179027455346173,0.09048760166471354,0.6796138916695221,8882
539,0.25,19,81,19,13,6,0,0,10,0.4795519999999999,1298.4607827600873,0.9886649240977179,121180.40228025331,1.2864837248382053,2.474068594489535,0.13021413655208078,0.09030495048713591,0.6752387501891872,8883
540,0.25,19,81,19,13,6,0,0,10,0.43078399999999994,1298.8915667600872,0.9885196071042781,121180.2463177226,1.2861338913210654,2.4485878643324144,0.1288730454911797,0.09010768307866228,0.67164722700939,8884
541,0.25,19,81,19,13,6,0,0,10,0.45110399999999995,1299.3426707600872,0.9883744287651283,121178.19536234734,1.2857938905810393,2.421307040093464,0.1274372126364981,0.08991985672834091,0.6676132861527629,8885
542,0.25,19,81,19,13,6,0,0,10,0.430784,1299.7734547600871,0.9882293888819175,121178.04023707514,1.2854432772874125,2.395605486707219,0.12608449930038,0.08975536900272954,0.6636781943519459,8886
543,0.25,19,81,19,13,6,0,0,10,0.46735999999999994,1300.2408147600872,0.9880844872566726,121174.47645963283,1.2851066178367363,2.3661899524241337,0.12453631328548072,0.08959167934721213,0.6589615120041349,8887
544,0.25,19,81,19,13,6,0,0,10,0.5161279999999999,1300.7569427600872,0.9879397236917985,121166.37230132344,1.2847884366641056,2.3296487884261694,0.12261309412769313,0.08962308507938724,0.6517730003481113,8888
545,0.25,19,81,19,13,6,0,0,10,0.44704,1301.2039827600872,0.9877950979900757,121164.70752385406,1.284445307039516,2.302996833608716,0.12121035966361667,0.08947658520355722,0.647279250834317,8889
546,0.25,19,81,19,13,6,0,0,10,0.4429759999999999,1301.6469587600873,0.9876506099546605,121163.42218494642,1.2841047743841953,2.2769785323902108,0.11984097538895848,0.08932722419597443,0.6428415409025372,8890
547,0.25,19,81,19,13,6,0,0,10,0.430784,1302.0777427600872,0.9875062593890837,121163.27222180975,1.2837572534151709,2.251593606073916,0.1185049266354693,0.08919700565175305,0.6383509927461626,8891
548,0.25,19,81,19,13,6,0,0,10,0.45516799999999996,1302.5329107600871,0.9873620460972496,121160.85412990232,1.2834106825024028,2.2225958029363246,0.11697872647033287,0.08900839036027501,0.6333285035816909,8892
549,0.25,19,81,19,13,6,0,0,10,0.44703999999999994,1302.9799507600871,0.9872179698834359,121159.19351476472,1.2830569259107023,2.194617173184585,0.11550616700971501,0.08884379339276309,0.6282901372346565,8893
550,0.25,19,81,19,13,6,0,0,10,0.4389119999999999,1303.4188627600872,0.9870740305522914,121158.28956594395,1.2827017552796638,2.167066895477101,0.11405615239353163,0.08885432983882116,0.6223148431291735,8894
551,0.25,19,81,19,12,7,0,0,10,0.46329599999999993,1303.8821587600871,0.9869052379048381,121152.05269026611,1.2823885258184888,2.134576506024851,0.11234613189604478,0.08877191179275715,0.6156271727338747,8895
552,0.25,19,81,19,13,6,0,0,10,0.43078399999999994,1304.312942760087,0.9867615836143374,121151.90673919879,1.282043367096607,2.109165750903525,0.1110087237317645,0.08869289589758372,0.6103676768619631,8896
553,0.25,19,81,19,13,6,0,0,10,0.42671999999999993,1304.739662760087,0.9866180656114246,121152.13824772488,1.2817012121224127,2.083877543046224,0.10967776542348548,0.08863428662575822,0.6049314359579433,8897
554,0.25,19,81,19,13,6,0,0,10,0.47142399999999995,1305.211086760087,0.9864746837022434,121148.22008791674,1.2813560952208887,2.052108126759087,0.10800569088205718,0.08853505990685182,0.5981038253856015,8898
555,0.25,19,81,19,13,6,0,0,10,0.47548799999999997,1305.686574760087,0.9863314376933054,121143.92769111837,1.2810156244093882,2.0216499849060967,0.10640263078453141,0.08834122250944566,0.5919534923966124,8899
556,0.25,19,81,19,13,6,0,0,10,0.4429759999999999,1306.129550760087,0.9861883273914887,121142.65381096464,1.2806773294006721,1.9940947826525357,0.10495235698171239,0.08827682372282365,0.5856612818353037,8900
557,0.25,19,81,19,13,6,0,0,10,0.4429759999999999,1306.5725267600872,0.9860453526040369,121141.38079459508,1.2803308349413722,1.9682086363936764,0.10358992823124613,0.08826609174391388,0.5793652360931718,8901
558,0.25,19,81,19,13,6,0,0,10,0.46329599999999993,1307.035822760087,0.9859025131385589,121138.2253209005,1.2799870321641498,1.9394203158266659,0.10207475346456137,0.08838699301950213,0.5714969282902065,8902
559,0.25,19,81,19,13,6,0,0,10,0.46735999999999994,1307.5031827600872,0.9857598088030273,121134.69556965643,1.2796501265192344,1.9109519912611594,0.1005764205926926,0.08844908803759523,0.5638941247419333,8903
560,0.25,19,81,19,13,6,0,0,10,0.442976,1307.9461587600872,0.985617239405778,121133.42658553689,1.2793106717443885,1.8827524369980553,0.09909223352621342,0.08843649336704845,0.5566390363766732,8904
561,0.25,19,81,19,13,6,0,0,10,0.45516799999999996,1308.4013267600872,0.9854748047555091,121131.02972193858,1.278970208888522,1.854120080685712,0.09758526740451116,0.08843970721720291,0.5490445361497969,8905
562,0.25,19,81,19,12,7,0,0,10,0.42672,1308.828046760087,0.9853076444996892,121128.21114465331,1.2786537969378267,1.8288454970155057,0.09625502615871083,0.08849923177503125,0.5419051283907569,8906
563,0.25,19,81,19,13,6,0,0,10,0.438912,1309.2669587600872,0.9851654905079018,121127.32161986835,1.2783186843735277,1.801976824175481,0.09484088548292004,0.08857886088198245,0.5341006593402535,8907
564,0.25,19,81,19,13,6,0,0,10,0.42672,1309.693678760087,0.9850234706802772,121127.56026293692,1.277975183934068,1.7767523369930447,0.09351328089437076,0.08866275217329236,0.5266066422178702,8908
565,0.25,18,82,19,13,5,1,0,10,0.45813880474328506,1310.1518175648305,0.9848815848269699,121124.89397981347,1.2776453794466982,1.7488711663665693,0.09715950924258719,0.08847736580647539,0.5466674182368892,8909
566,0.25,18,82,18,13,5,0,0,9,0.41859199999999996,1310.5704095648305,0.9847642679900744,121125.88445569307,1.2772994572959329,1.7258265754932127,0.09587925419406737,0.0884803240676471,0.540068610097163,8910
567,0.25,18,82,18,13,5,0,0,9,0.41046399999999994,1310.9808735648305,0.9846470559055509,121127.62527816332,1.2769549901451949,1.7030124166698464,0.09461180092610261,0.08852864024764709,0.5331792177622657,8911
568,0.25,18,82,18,13,5,0,0,9,0.43891199999999997,1311.4197855648306,0.9845299484331614,121126.73740970281,1.2766104415113197,1.6772001786771589,0.0931777877042866,0.08856965814384912,0.5253382878916576,8912
569,0.25,18,82,18,13,5,0,0,9,0.43484799999999996,1311.8546335648307,0.9844129454329187,121126.22537163703,1.2762692897864167,1.6512116936872379,0.09173398298262433,0.08862883412102485,0.5172110240550055,8913
570,0.25,18,82,18,13,5,0,0,9,0.422656,1312.2772895648307,0.9842960467650848,121126.83901792638,1.275930202130642,1.6273488574675636,0.09040826985930911,0.08872731491695532,0.5093828757860093,8914
571,0.25,18,82,18,13,5,0,0,9,0.42672,1312.7040095648306,0.9841792522901708,121127.07727061091,1.2755878602230133,1.602493560684057,0.08902742003800317,0.08887199785392358,0.5008736513435099,8915
572,0.25,18,82,18,13,5,0,0,9,0.410464,1313.1144735648306,0.9840625618689368,121128.81489166462,1.2752449245360804,1.5796794018606908,0.08775996677003838,0.08897630617524961,0.4931180975151756,8916
573,0.25,18,82,18,13,5,0,0,9,0.451104,1313.5655775648306,0.9839459753623906,121126.80380599215,1.2749053802643775,1.5522336421991687,0.08623520234439826,0.08908359712188721,0.4837573431191063,8917
574,0.25,18,82,18,13,5,0,0,9,0.41859199999999996,1313.9841695648306,0.9838294926317872,121127.79110018586,1.2745543121951253,1.5292202242899156,0.08495667912721755,0.08920025044947244,0.4756480931567804,8918
575,0.25,18,82,18,13,5,0,0,9,0.43484799999999996,1314.4190175648307,0.9837131135386289,121127.27971249643,1.2742109269578061,1.5038923633540755,0.08354957574189308,0.08935281396382899,0.4664741006432028,8919
576,0.25,18,82,18,13,5,0,0,9,0.414528,1314.8335455648307,0.983596837944664,121128.64060795074,1.273866847327798,1.4809609529815706,0.08227560849897614,0.08949786596960121,0.4580289535444239,8920
577,0.25,18,82,18,13,5,0,0,9,0.46735999999999994,1315.3009055648308,0.983480665711887,121125.13518842655,1.2735337061119112,1.4537275231350666,0.08076264017417038,0.08971407315563959,0.44763612854193596,8921
578,0.25,18,82,18,13,5,0,0,9,0.4226559999999999,1315.7235615648308,0.9833645967025373,121125.74757759807,1.2731958861566877,1.4304320334460994,0.07946844630256106,0.08986046743907435,0.4388584840644663,8922
579,0.25,18,82,18,13,5,0,0,9,0.41452799999999995,1316.1380895648308,0.9832486307790991,121127.10760670317,1.272852066433889,1.407538514943428,0.07819658416352376,0.09003471725463055,0.42997852872058967,8923
580,0.25,18,82,18,13,5,0,0,9,0.4429759999999999,1316.5810655648309,0.9831327678043007,121125.84949836294,1.2725156064808911,1.3823272382548417,0.07679595768082455,0.09027230927103257,0.4198577148900349,8924
581,0.25,18,82,18,13,5,0,0,9,0.414528,1316.9955935648309,0.9830170076411141,121127.20860986481,1.2721803849127054,1.359413069101857,0.0755229482834365,0.09044578421243073,0.410807533570232,8925
582,0.25,17,83,18,13,4,1,0,9,0.41460237556773366,1317.4101959403986,0.9829013501527545,121128.56002764642,1.2718343985057148,1.3377199465994019,0.07868940862349424,0.09131552476892871,0.426138297725555,8926
583,0.25,17,83,17,13,4,0,0,8,0.4064,1317.8165959403987,0.9828099987686245,121130.6645338526,1.271496765817752,1.3169975417768305,0.0774704436339312,0.0914673262634889,0.4177125633598407,8927
584,0.25,17,83,17,13,4,0,0,8,0.41452799999999995,1318.2311239403987,0.9827187238442223,121132.02085738315,1.2711515141519678,1.2950451616445746,0.07617912715556321,0.09169368298029537,0.4083641633327417,8928
585,0.25,16,84,17,13,3,1,0,8,0.38982217050444506,1318.620946110903,0.9826275252835945,121135.64589665306,1.2707983829358795,1.2761578443709518,0.07975986527318449,0.0925925310072913,0.4259545102588227,8929
586,0.25,13,87,16,10,3,3,0,7,0.318745914060625,1318.9396920249637,0.9824867789939736,121136.69864215139,1.2705224476554418,1.2594380984770157,0.09687985372900121,0.09386062877557311,0.5158250027350908,8930
587,0.25,12,88,13,8,3,2,0,7,0.26822399999999996,1319.2079160249637,0.9823694305104751,121136.32586554006,1.2703006302964275,1.2427301418922019,0.10356084515768348,0.09375670441901798,0.5495647539177627,8931
588,0.25,11,89,12,6,3,1,2,7,0.22182982425636316,1319.4297458492201,0.9822271386430679,121134.14943296617,1.270127253444666,1.2264640588915903,0.11149673262650818,0.09297380750980343,0.5898523285196501,8932
589,0.25,11,89,11,8,3,0,0,9,0.227584,1319.65732984922,0.9821582168046988,121137.5077333637,1.2698988313806745,1.2114478586326949,0.11013162351206317,0.09336840836390523,0.581819318838163,8932
590,0.25,11,89,11,8,3,0,0,9,0.235712,1319.89304184922,0.982089332219547,121140.11888113696,1.2696731441315086,1.1961918595606365,0.10874471450551243,0.09375849388726758,0.5736017590950662,8932
591,0.25,11,89,11,8,3,0,0,9,0.21945599999999998,1320.11249784922,0.9820204848574166,121144.22086038467,1.2694465307173142,1.1813896293098742,0.10739905720998859,0.09416743521125145,0.5653623016059272,8932
592,0.25,11,89,11,8,3,0,0,9,0.231648,1320.34414584922,0.9819516746881446,121147.20279773677,1.2692180770424137,1.1637578002731688,0.10579616366119714,0.09488058483838219,0.5542333796231739,8932
593,0.25,11,89,11,8,3,0,0,9,0.235712,1320.57985784922,0.9818829016816006,121149.81085700232,1.2689925597692135,1.1465481242652809,0.10423164766048008,0.09552781565802171,0.5434889997644382,8932
594,0.25,11,89,11,7,4,0,0,9,0.21539199999999997,1320.79524984922,0.9817896235213273,121151.25339697216,1.2687911028660754,1.1318657934211005,0.10289689031100914,0.09597649443544788,0.5347559131998361,8932
595,0.25,10,90,11,8,2,1,0,9,0.2027530595921916,1320.9980029088122,0.9817209313737517,121156.8826353843,1.2685581611694434,1.1194965590054258,0.11194965590054258,0.09509230671175166,0.5808837686894683,8932
596,0.25,9,91,10,7,2,1,0,8,0.18797503534731377,1321.1859779441595,0.9816518262320014,121160.83781716133,1.2683564768173636,1.1085322781891565,0.1231702531321285,0.09264579362421724,0.6386634962468283,8932
597,0.25,9,91,9,7,2,0,0,7,0.18288,1321.3688579441596,0.981606827545615,121165.25907012554,1.2681514851251596,1.0980380494710968,0.12200422771901076,0.09301804197710205,0.6323994727800912,8932
598,0.25,9,91,9,7,2,0,0,7,0.19913599999999995,1321.5679939441595,0.9815618487188917,121168.18864695213,1.2679492045433818,1.0869811015658426,0.1207756779517603,0.09336110548196963,0.625959171601088,8932
599,0.25,9,91,9,7,2,0,0,7,0.186944,1321.7549379441596,0.9815168897386871,121172.23503557383,1.267746791692077,1.0763669734412014,0.11959633038235568,0.09374436218257005,0.619423327011375,8932
600,0.25,9,91,9,7,2,0,0,7,0.178816,1321.9337539441597,0.9814719505918682,121177.02534038371,1.267544551082886,1.0659926441297236,0.11844362712552486,0.0941476738822572,0.6128113641012988,8932
601,0.25,9,91,9,7,2,0,0,7,0.19100799999999998,1322.1247619441597,0.9814270312653142,121180.69686888352,1.2673447148120514,1.0552327877934697,0.11724808753260775,0.09452068047086454,0.6060997541720617,8932
602,0.25,8,92,9,7,1,1,0,7,0.186471332183905,1322.3112332763435,0.981382131745915,121184.78310356407,1.2671419050185333,1.0446962605709538,0.13058703257136922,0.09077905205530813,0.6741955245961118,8932
603,0.25,8,92,8,7,1,0,0,6,0.17068799999999998,1322.4819212763434,0.981361287320287,121190.31453021266,1.26693734039166,1.0365868343724323,0.12957335429655403,0.09099303271330887,0.6697221038722401,8932
604,0.25,8,92,8,7,1,0,0,6,0.16255999999999998,1322.6444812763434,0.9813404510615373,121196.58930970741,1.266731934539703,1.0288813566772215,0.12861016958465268,0.0912301162627146,0.6652550597679473,8932
605,0.25,8,92,8,7,1,0,0,6,0.174752,1322.8192332763433,0.9813196229648672,121201.74545912934,1.2665283240992007,1.0208161807622655,0.1276020225952832,0.09146081606347306,0.660609417083264,8932
606,0.25,8,92,8,7,1,0,0,6,0.17475199999999996,1322.9939852763432,0.9812988030254816,121206.90024641744,1.2663249875130265,1.0126431011972052,0.12658038764965066,0.09167207933599157,0.6559549386803485,8932
607,0.25,8,92,8,7,1,0,0,6,0.17475200000000002,1323.168737276343,0.9812779912385894,121212.05367211142,1.266123140918677,1.0045779252822493,0.12557224066028116,0.09191753570284422,0.6511229190280535,8932
608,0.25,8,92,8,7,1,0,0,6,0.170688,1323.339425276343,0.981257187599403,121217.57799704514,1.2659206554158255,0.9965809911638135,0.12457262389547669,0.09212736580045748,0.6464414845315388,8932
609,0.25,8,92,8,7,1,0,0,6,0.166624,1323.506049276343,0.9812363921031387,121223.47312860732,1.2657150996261883,0.9887297852569903,0.12359122315712379,0.09237292458879012,0.6415944503554792,8932
610,0.25,8,92,8,7,1,0,0,6,0.16662399999999997,1323.672673276343,0.9812156047450165,121229.36677601043,1.2655095142675667,0.9808785793501671,0.12260982241877089,0.09262575979110431,0.6366560621126396,8932
611,0.25,8,92,8,7,1,0,0,6,0.166624,1323.839297276343,0.9811948255202602,121235.25893981488,1.26530430449949,0.9730532022483747,0.12163165028104683,0.09290928243955406,0.6315209634875621,8932
612,0.25,8,92,8,7,1,0,0,6,0.16255999999999998,1324.001857276343,0.9811740544240972,121241.52176811922,1.265099470125417,0.9653477245531639,0.12066846556914548,0.09320453689408802,0.6263291876723425,8932
613,0.25,8,92,8,7,1,0,0,6,0.174752,1324.1766092763428,0.9811532914517588,121246.66670236761,1.2648967322105904,0.957256719833177,0.11965708997914713,0.0934692284824614,0.6210472378400166,8932
614,0.25,8,92,8,7,1,0,0,6,0.166624,1324.3432332763427,0.9811325365984799,121252.55444748646,1.2646931539004667,0.9494055139263539,0.11867568924079422,0.0937503554083081,0.6157429913842996,8932
615,0.25,7,93,8,7,0,1,0,6,0.1568219724241219,1324.5000552487668,0.9811117898594991,121259.33809027642,1.2644891939887015,0.9441830271718011,0.1348832895959716,0.08799767410011741,0.7014472358768372,8932
616,0.25,7,93,7,7,0,0,0,5,0.150368,1324.6504232487669,0.9811150200332258,121266.71096064178,1.2642839361263953,0.9395239157560578,0.1342177022508654,0.08785995419280761,0.7000294319067386,8932
617,0.25,7,93,7,7,0,0,0,5,0.14224,1324.7926632487668,0.9811182491023229,121274.82621016815,1.2640779403666154,0.9351304319585088,0.13359006170835838,0.08775503361977648,0.6985606759625943,8932
618,0.25,7,93,7,7,0,0,0,5,0.166624,1324.9592872487667,0.981121477067357,121280.70767643851,1.2638732303445357,0.9299658941114077,0.13285227058734395,0.08758049426672729,0.6970646863641645,8932
619,0.25,7,93,7,7,0,0,0,5,0.158496,1325.1177832487667,0.9811247039288941,121287.33161060276,1.2636691985190793,0.9249286629973845,0.1321326661424835,0.08746565337102205,0.6953222109161109,8932
620,0.25,7,93,7,7,0,0,0,5,0.166624,1325.2844072487667,0.9811279296875,121293.2100617602,1.2634665524264606,0.9197375095463463,0.13139107279233517,0.08725335920667074,0.6939654574860212,8932
621,0.25,7,93,7,7,0,0,0,5,0.154432,1325.4388392487667,0.9811311543437401,121300.20280009657,1.2632629658214594,0.9149068411139596,0.13070097730199426,0.08705927474185285,0.6926730183009739,8932
622,0.25,7,93,7,7,0,0,0,5,0.154432,1325.5932712487668,0.9811343778981794,121307.19390912086,1.263058843563426,0.9101536590966652,0.13002195129952362,0.08694874484566488,0.6909936856000901,8932
623,0.25,7,93,7,7,0,0,0,5,0.15849599999999997,1325.7517672487668,0.9811376003513823,121313.81150919572,1.2628549945274288,0.905253962068852,0.12932199458126456,0.08679744820682256,0.6894300978230186,8932
624,0.25,7,93,7,7,0,0,0,5,0.146304,1325.8980712487669,0.9811408217039134,121321.54310210112,1.262649801661679,0.9007147500596905,0.12867353572281295,0.08666428526311204,0.6879329274460314,8932
625,0.25,7,93,7,7,0,0,0,5,0.15036799999999997,1326.048439248767,0.9811440419563361,121328.90114568234,1.2624448822955097,0.8960556386439471,0.12800794837770674,0.0865290916633807,0.6863744063149853,8932
626,0.25,7,93,7,7,0,0,0,5,0.15036799999999997,1326.198807248767,0.9811472611092141,121336.25752071389,1.2622401352644996,0.8914220961163466,0.12734601373090665,0.08641685783037445,0.6846987128484204,8932
627,0.25,7,93,7,7,0,0,0,5,0.158496,1326.357303248767,0.9811504791631105,121342.86862656487,1.2620361665031592,0.8864411110423662,0.12663444443462374,0.08627798567683527,0.6829712154198312,8932
628,0.25,7,93,7,7,0,0,0,5,0.150368,1326.507671248767,0.9811536961185878,121350.22170543637,1.2618317637672807,0.8818078284316537,0.12597254691880766,0.08617159294135222,0.6812336275441622,8932
629,0.25,7,93,7,7,0,0,0,5,0.14630400000000002,1326.6539752487672,0.9811569119762085,121357.94487768381,1.2616271292211736,0.8772944452275229,0.12532777788964614,0.08606773363257951,0.6795263347223492,8932
630,0.25,7,93,7,7,0,0,0,5,0.158496,1326.8124712487672,0.9811601267365342,121364.55112488047,1.2614236763051843,0.872369706193585,0.12462424374194073,0.08590160533007841,0.6779138777327224,8932
631,0.25,7,93,7,7,0,0,0,5,0.154432,1326.9669032487673,0.9811633404001268,121371.527508103,1.2612207988000042,0.8676165241762905,0.12394521773947009,0.08579397212628272,0.6760727758192823,8932
632,0.25,7,93,7,7,0,0,0,5,0.150368,1327.1172712487673,0.9811665529675471,121378.87396222794,1.2610160744145646,0.8629832415655778,0.12328332022365399,0.08568885331443035,0.6742618599398865,8932
633,0.25,6,94,7,6,0,1,0,5,0.1480970093331541,1327.2653682581006,0.9811454044968454,121383.4127318772,1.2608402663661875,0.8583675379377738,0.1430612563229623,0.07493718139020454,0.7846960081008342,8932
634,0.25,6,94,6,6,0,0,0,5,0.146304,1327.4116722581007,0.9811481598752954,121388.1144542698,1.2606650269864281,0.8536956308641299,0.14228260514402166,0.074879648576395,0.7831071765780168,8932
635,0.25,6,94,6,6,0,0,0,5,0.150368,1327.5620402581008,0.9811509144485303,121392.44352653268,1.2604916554830754,0.8488005091637814,0.1414667515272969,0.07467969528391617,0.7820602199936313,8932
636,0.25,6,94,6,6,0,0,0,5,0.14223999999999998,1327.7042802581007,0.9811536682169033,121397.51479046767,1.2603171253361696,0.8441661667347578,0.14069436112245962,0.07461800877534618,0.7804714738318838,8932
637,0.25,6,94,6,6,0,0,0,5,0.14630399999999996,1327.8505842581008,0.9811564211807668,121402.21340495792,1.2601431513631,0.8394676440571767,0.13991127400952943,0.0745102385098866,0.7790508677035423,8932
638,0.25,5,95,6,5,0,1,0,5,0.12277906122247328,1327.9733633193232,0.9811348311871668,121406.0495889873,1.2599955295953176,0.83525690743125,0.16705138148625004,0.04433718846748786,0.9341929047490803,8932
639,0.25,5,95,5,5,0,0,0,5,0.12598399999999998,1328.0993473193232,0.9811371270018985,121409.59208018577,1.2598488460556008,0.8309683984768966,0.16619367969537935,0.044387469825321844,0.933416410397029,8932
640,0.25,5,95,5,5,0,0,0,5,0.10972799999999999,1328.2090753193231,0.9811394222579154,121414.6198792005,1.259701090059177,0.8271863626696954,0.16543727253393908,0.04447185236787947,0.9326087949354609,8932
641,0.25,5,95,5,5,0,0,0,5,0.11379199999999998,1328.3228673193232,0.9811417169554214,121419.27536449465,1.2595537738722808,0.8232585986508816,0.1646517197301763,0.0445074269227056,0.9319066291505381,8932
642,0.25,5,95,5,5,0,0,0,5,0.12191999999999997,1328.4447873193233,0.9811440110946206,121423.18712808254,1.2594062926593932,0.819090249019998,0.1638180498039996,0.04455374603906384,0.931126281387963,8932
643,0.25,5,95,5,5,0,0,0,5,0.10972799999999999,1328.5545153193232,0.9811463046757164,121428.21249696717,1.259258444949571,0.8152823844077661,0.16305647688155323,0.044568913570526295,0.9304821945813287,8932
644,0.25,5,95,5,5,0,0,0,5,0.113792,1328.6683073193233,0.9811485976989127,121432.865607762,1.2591111376621282,0.8113546203889525,0.1622709240777905,0.04460603929556848,0.9297461250087904,8932
645,0.25,5,95,5,5,0,0,0,5,0.12192,1328.7902273193233,0.9811508901644129,121436.7751074846,1.258964874302027,0.807212626445118,0.16144252528902361,0.0447400186810469,0.9286782924974816,8932
646,0.25,5,95,5,5,0,0,0,5,0.12191999999999997,1328.9121473193234,0.9811531820724204,121440.68388985924,1.2588185464654866,0.8030442768142345,0.16060885536284691,0.04478803716914433,0.9278459115551387,8932
647,0.25,5,95,5,5,0,0,0,5,0.113792,1329.0259393193235,0.9811554734231387,121445.33468072489,1.2586709455818932,0.7990602667553781,0.15981205335107562,0.04491842074874242,0.9267836213310671,8932
648,0.25,5,95,5,5,0,0,0,5,0.10566399999999998,1329.1316033193234,0.9811577642167708,121450.72737482561,1.2585228777543225,0.7953981303547587,0.15907962607095177,0.044984608475948984,0.9259561191951847,8932
649,0.25,5,95,5,5,0,0,0,5,0.10972799999999999,1329.2413313193233,0.9811600544535201,121455.74787368416,1.2583753500689252,0.7916158346306696,0.15832316692613393,0.04505541610271422,0.9250821390619134,8932
650,0.25,5,95,5,5,0,0,0,5,0.11785599999999999,1329.3591873193234,0.9811623441335894,121460.02490537945,1.2582287650401414,0.7875926933776225,0.1575185386755245,0.04511902391074848,0.9241753484719493,8932
651,0.25,5,95,5,5,0,0,0,5,0.10972799999999999,1329.4689153193233,0.9811646332571817,121465.04377743453,1.2580816123229253,0.7838106575704213,0.15676213151408427,0.04520741770676823,0.9232209503836245,8932
652,0.25,5,95,5,5,0,0,0,5,0.10566399999999998,1329.5745793193232,0.9811669218245,121470.43310852266,1.2579335901666158,0.780148521169802,0.1560297042339604,0.0452748612616849,0.9223410979274931,8932
653,0.25,5,95,5,5,0,0,0,5,0.12598399999999998,1329.7005633193232,0.981169209835747,121473.96523378816,1.257787214928945,0.7758602721323367,0.15517205442646734,0.04534646112122065,0.9213190106206374,8932
654,0.25,5,95,5,5,0,0,0,5,0.12191999999999997,1329.8224833193233,0.9811714972911251,121477.86793074492,1.2576406746774673,0.7716362033434288,0.15432724066868575,0.04550545938292774,0.9200102245701919,8932
655,0.25,5,95,5,5,0,0,0,5,0.12192,1329.9444033193233,0.9811737841908371,121481.76991215778,1.257494673788781,0.7674944693164825,0.1534988938632965,0.04565958035370615,0.9187109198247697,8932
656,0.25,5,95,5,5,0,0,0,5,0.11379199999999998,1330.0581953193234,0.9811760705350854,121486.41357847243,1.2573475017942644,0.7635651316998558,0.1527130263399712,0.04563479173824851,0.9180227367040038,8932
657,0.25,5,95,5,5,0,0,0,5,0.1016,1330.1597953193234,0.9811783563240722,121492.17001496027,1.2571995614950018,0.7600228947058183,0.15200457894116365,0.045682617160633925,0.9171611148392418,8932
658,0.25,5,95,5,5,0,0,0,5,0.11379199999999998,1330.2735873193235,0.981180641558,121496.81203976518,1.2570522612839192,0.7561209594920353,0.15122419189840705,0.04579481783059382,0.9159988812959187,8932
659,0.25,5,95,5,5,0,0,0,5,0.12192,1330.3955073193235,0.9811829262370708,121500.71096203872,1.2569061037568112,0.7517634181648803,0.15035268363297605,0.04585943695842402,0.9148858118790112,8932
660,0.25,5,95,5,5,0,0,0,5,0.12192,1330.5174273193236,0.9811852103614868,121504.60916976829,1.2567602840556946,0.747621684137934,0.14952433682758678,0.046015317442058834,0.9134866225998707,8932
661,0.25,5,95,5,5,0,0,0,5,0.10972799999999999,1330.6271553193235,0.9811874939314497,121509.6199965941,1.2566130928446455,0.7438393884138448,0.14876787768276895,0.046089436069106905,0.9124247269573577,8932
662,0.25,5,95,5,5,0,0,0,5,0.11785599999999999,1330.7450113193236,0.9811897769471615,121513.88780310653,1.2564657369849077,0.7398175537934804,0.14796351075869607,0.046224688665680934,0.9110807845992451,8932
663,0.25,5,95,5,5,0,0,0,5,0.11379199999999998,1330.8588033193237,0.9811920594088239,121518.52592975354,1.2563186186052866,0.7359156185796976,0.14718312371593947,0.04633898218508184,0.9098158062937632,8932
664,0.25,5,95,5,5,0,0,0,5,0.11785599999999999,1330.9766593193237,0.9811943413166387,121522.79220487433,1.2561722401401918,0.7317858803092284,0.1463571760618457,0.04643064181146489,0.9085602435544956,8932
665,0.25,5,95,5,5,0,0,0,5,0.1016,1331.0782593193237,0.9811966226708074,121528.54189258684,1.256024591473684,0.7282436433151909,0.14564872866303818,0.0464816773676841,0.9075666455480106,8932
666,0.25,5,95,5,5,0,0,0,5,0.130048,1331.2083073193237,0.9811989034715315,121531.69350767284,1.2558800941815187,0.7238605368772681,0.14477210737545362,0.04661451748662938,0.9060641164177966,8932
667,0.25,5,95,5,5,0,0,0,5,0.10566399999999998,1331.3139713193236,0.9812011837190123,121537.07050760782,1.2557326185939575,0.7201984004766487,0.14403968009532978,0.04668740150511793,0.9049286922192205,8932
668,0.25,5,95,5,5,0,0,0,5,0.10972799999999999,1331.4236993193235,0.981203463413451,121542.07566136222,1.2555854808241704,0.7164163646694476,0.14328327293388954,0.046782006743360055,0.9036669908559977,8932
669,0.25,5,95,5,5,0,0,0,5,0.113792,1331.5374913193236,0.981205742555049,121546.70901503536,1.2554390825165243,0.7124886006506339,0.1424977201301268,0.04682999990270405,0.9025253081682175,8932
670,0.25,5,95,5,4,1,0,0,5,0.12191999999999997,1331.6594113193237,0.9811837734293543,121547.59589739195,1.2553230143310183,0.7083460798247811,0.14166921596495624,0.04695531203004289,0.9010188782348081,8932
671,0.25,5,95,5,5,0,0,0,5,0.11785599999999999,1331.7772673193238,0.9811860544052756,121551.85703525423,1.2551769822679295,0.704272587594355,0.140854517518871,0.04695738876936004,0.8999774455124413,8932
672,0.25,5,95,5,5,0,0,0,5,0.113792,1331.8910593193239,0.9811883348282466,121556.48832325716,1.2550300826154803,0.7003448235755412,0.14006896471510824,0.047006803098345734,0.8987748338454201,8932
673,0.25,5,95,5,5,0,0,0,5,0.130048,1332.0211073193238,0.9811906146984681,121559.63528675759,1.254884323600297,0.6959374619304007,0.13918749238608014,0.047142930593256534,0.8970876257129811,8932
674,0.25,5,95,5,5,0,0,0,5,0.11785599999999999,1332.138963319324,0.9811928940161412,121563.89420251627,1.2547383998226127,0.6918897985050053,0.13837795970100103,0.04721500447045448,0.8957205434055237,8932
675,0.25,5,95,5,5,0,0,0,5,0.10566400000000001,1332.2446273193239,0.9811951727814666,121569.26489235526,1.2545914080093092,0.6881455872593123,0.13762911745186246,0.04731604397177171,0.8942990320833987,8932
676,0.25,5,95,5,5,0,0,0,5,0.113792,1332.358419319324,0.9811974509946452,121573.89306906803,1.254445656791589,0.6842436520455295,0.1368487304091059,0.0474352434963062,0.8927382527116772,8932
677,0.25,5,95,5,5,0,0,0,5,0.12192,1332.480339319324,0.9811997286558775,121577.77883818914,1.2543002425988605,0.6799415699595107,0.13598831399190217,0.047385891101755805,0.891725516783487,8932
678,0.25,5,95,5,5,0,0,0,5,0.10972799999999999,1332.590067319324,0.9812020057653642,121582.77625911174,1.2541534596403485,0.6761595341523097,0.13523190683046193,0.04748442795416848,0.8902384064173572,8932
679,0.25,5,95,5,5,0,0,0,5,0.113792,1332.703859319324,0.9812042823233057,121587.4020825314,1.2540074151619545,0.672231770133496,0.13444635402669922,0.047537364493621316,0.8888747589340821,8932
680,0.25,5,95,5,5,0,0,0,5,0.10566400000000001,1332.809523319324,0.9812065583299024,121592.76863238058,1.2538607045708807,0.6685696337328766,0.1337139267465753,0.04761511593227364,0.887464994130094,8932
681,0.25,5,95,5,5,0,0,0,5,0.12598399999999998,1332.935507319324,0.9812088337853545,121596.28062272888,1.2537160361097652,0.6642563426892869,0.1328512685378574,0.04766618397166933,0.8859492365803555,8932
682,0.25,5,95,5,5,0,0,0,5,0.113792,1333.049299319324,0.9812111086898623,121600.90409467288,1.2535696985230387,0.6602723326304305,0.1320544665260861,0.04781435736777295,0.8840932966133992,8932
683,0.25,5,95,5,5,0,0,0,5,0.13004799999999997,1333.179347319324,0.9812133830436256,121604.04399151624,1.2534250013847668,0.6558125265763218,0.13116250531526438,0.04778603216741575,0.8828197129675976,8932
684,0.25,5,95,5,5,0,0,0,5,0.10972799999999999,1333.289075319324,0.9812156568468446,121609.03663083515,1.2532789363168386,0.6520044020472019,0.13040088040944037,0.047799361791212455,0.8815511940861221,8932
685,0.25,5,95,5,5,0,0,0,5,0.11379199999999998,1333.402867319324,0.9812179300997192,121613.6577882173,1.2531329072787742,0.648019605189439,0.1296039210378878,0.04791392136451078,0.8797594168202708,8932
686,0.25,5,95,5,5,0,0,0,5,0.10566400000000001,1333.508531319324,0.9812202028024491,121619.01944455136,1.252986513320014,0.6443574687888196,0.1288714937577639,0.04799406634362654,0.878198149193836,8932
687,0.25,5,95,5,5,0,0,0,5,0.10972799999999999,1333.618259319324,0.981222474955234,121624.00961935431,1.252839854797495,0.6405754329816185,0.1281150865963237,0.04809582371635424,0.8764752852451475,8932
688,0.25,5,95,5,5,0,0,0,5,0.11785599999999999,1333.736115319324,0.9812247465582734,121628.25774659419,1.2526940341145825,0.636527769556223,0.12730555391124465,0.04817415208844778,0.8747399909106074,8932
689,0.25,5,95,5,5,0,0,0,5,0.12598399999999998,1333.862099319324,0.981227017611767,121631.76394530726,1.2525498525393333,0.6321628209025718,0.12643256418051435,0.04809703255502006,0.8735785836528471,8932
690,0.25,5,95,5,4,1,0,0,5,0.12192,1333.984019319324,0.9812050990542077,121632.64150854852,1.2524344527215985,0.6280210868756255,0.12560421737512512,0.04826425670770733,0.8713433802101546,8932
691,0.25,5,95,5,5,0,0,0,5,0.12191999999999997,1334.105939319324,0.9812073719344072,121636.5171740372,1.2522893333746794,0.6238524773278539,0.12477049546557077,0.048308678989802976,0.8696343407035426,8932
692,0.25,5,95,5,5,0,0,0,5,0.10972799999999999,1334.215667319324,0.9812096442649513,121641.50367540013,1.252143047842358,0.6200446127156221,0.12400892254312439,0.04834615273846699,0.8680623112127938,8932
693,0.25,5,95,5,5,0,0,0,5,0.10972799999999999,1334.325395319324,0.9812119160460393,121646.48935663505,1.2519967983596023,0.6162625769084208,0.12325251538168418,0.04844998324170749,0.8661578977407624,8932
694,0.25,5,95,5,5,0,0,0,5,0.10972799999999999,1334.4351233193238,0.9812141872778705,121651.47421794427,1.2518507851890586,0.6124805411012197,0.12249610822024395,0.04855408395164576,0.8642212277886644,8932
695,0.25,5,95,5,5,0,0,0,5,0.11379199999999998,1334.548915319324,0.981216457960644,121656.08778839876,1.251705108369046,0.6085527770824061,0.12171055541648121,0.04861414688317859,0.8624111578799304,8932
696,0.25,5,95,5,5,0,0,0,5,0.10566400000000001,1334.6545793193238,0.981218728094559,121661.44148159448,1.251559066982058,0.6048906406817868,0.12097812813635733,0.0486974794595838,0.8605619267306119,8932
697,0.25,5,95,5,5,0,0,0,5,0.12598399999999998,1334.7805633193238,0.9812209976798144,121664.94213562315,1.251413762273655,0.6006274336504458,0.12012548673008916,0.04881600980262009,0.8582654121392558,8932
698,0.25,5,95,5,5,0,0,0,5,0.10566399999999998,1334.8862273193238,0.9812232667166091,121670.29419889863,1.2512674924644513,0.5969652972498265,0.1193930594499653,0.048899760868896455,0.8563497223852777,8932
699,0.25,5,95,5,5,0,0,0,5,0.10972799999999999,1334.9959553193237,0.9812255352051419,121675.27500946338,1.2511214588269852,0.5931824746437189,0.11863649492874377,0.04896918757130904,0.8544260505891825,8932
700,0.25,5,95,5,5,0,0,0,5,0.12191999999999997,1335.1178753193237,0.9812278031456113,121679.14384424294,1.250976761978222,0.5890149118117418,0.11780298236234836,0.04907358994899218,0.8521274261905437,8932
701,0.25,5,95,5,5,0,0,0,5,0.12598399999999998,1335.2438593193237,0.9812300705382162,121682.64161336528,1.2508333013728048,0.5846712035331403,0.11693424070662806,0.04929436312568685,0.8491056877312976,8932
702,0.25,5,95,5,5,0,0,0,5,0.11785599999999999,1335.3617153193238,0.981232337383155,121686.8793944287,1.2506873750969973,0.5806493689127756,0.11612987378255513,0.04944366901407331,0.8465442586612058,8932
703,0.25,5,95,5,5,0,0,0,5,0.11379199999999998,1335.475507319324,0.981234603680626,121691.48674708042,1.2505421849274871,0.5767208180950556,0.11534416361901112,0.049470186463449826,0.8446314554597248,8932
704,0.25,5,95,5,5,0,0,0,5,0.10566400000000001,1335.5811713193239,0.9812368694308276,121696.8339254457,1.2503964304005841,0.5730328528894054,0.11460657057788108,0.04949053640349792,0.8428313359502867,8932
705,0.25,5,95,5,5,0,0,0,5,0.11379199999999998,1335.694963319324,0.9812391346339578,121701.43967304743,1.2502506117368979,0.5690784732666545,0.1138156946533309,0.049453061564378724,0.8411905182278606,8932
706,0.25,5,95,5,5,0,0,0,5,0.10972799999999999,1335.8046913193239,0.9812413992902151,121706.41490967502,1.2501051289207326,0.5652706086544226,0.11305412173088451,0.049495920315061864,0.8391548047514374,8932
707,0.25,5,95,5,5,0,0,0,5,0.113792,1335.918483319324,0.9812436633997972,121711.01907056611,1.2499594819388598,0.561342844635609,0.11226856892712181,0.04956053800568149,0.8369077763361353,8932
708,0.25,5,95,5,5,0,0,0,5,0.10566399999999998,1336.024147319324,0.9812459269629021,121716.36293122557,1.2498135708862885,0.5576807082349896,0.11153614164699792,0.04964747520929428,0.8346298836970295,8932
709,0.25,5,95,5,5,0,0,0,5,0.11785599999999999,1336.142003319324,0.9812481899797277,121720.5952630558,1.2496688951594883,0.5536330448095943,0.11072660896191885,0.04973412587297051,0.83212258010122,8932
710,0.25,5,95,5,5,0,0,0,5,0.10972799999999999,1336.2517313193239,0.9812504524504717,121725.56726224373,1.2495236553651408,0.5498510090023931,0.10997020180047863,0.049842905884414944,0.8295818306039261,8932
711,0.25,5,95,5,5,0,0,0,5,0.11785599999999999,1336.369587319324,0.9812527143753318,121729.7980615663,1.2493796504277592,0.5458291743820286,0.10916583487640574,0.049994561668167355,0.8266269434637481,8932
712,0.25,5,95,5,5,0,0,0,5,0.10972799999999999,1336.4793153193239,0.9812549757545053,121734.76845852057,1.2492344818981413,0.5420455649770146,0.10840911299540293,0.050030665390307164,0.8244151837160656,8932
713,0.25,5,95,5,5,0,0,0,5,0.11785599999999999,1336.597171319324,0.9812572365881899,121738.99772613376,1.2490894489590074,0.5379158267065457,0.10758316534130914,0.05014926121225085,0.8214966943750436,8932
714,0.25,5,95,5,5,0,0,0,5,0.10972799999999999,1336.7068993193238,0.9812594968765828,121743.96652165723,1.248944151992968,0.5341337908993447,0.10682675817986893,0.05025908557537418,0.8187696931910438,8932
715,0.25,5,95,5,5,0,0,0,5,0.1016,1336.8084993193238,0.9812617566198814,121749.67475361812,1.2487982914586342,0.530591553905307,0.1061183107810614,0.05032680724695302,0.8163832872686418,8932
716,0.25,5,95,5,5,0,0,0,5,0.10566400000000001,1336.9141633193237,0.9812640158182827,121755.01200156014,1.2486527663694607,0.5269286307057811,0.10538572614115622,0.05037956741377405,0.8139802169736315,8932
717,0.25,5,95,5,5,0,0,0,5,0.10566399999999998,1337.0198273193237,0.9812662744719838,121760.34840590217,1.2485070773266491,0.5232664943051617,0.10465329886103233,0.05046905884064324,0.8113161646083314,8932
718,0.25,5,95,5,5,0,0,0,5,0.113792,1337.1336193193238,0.9812685325811817,121764.94379288923,1.2483620231327572,0.5193642991744909,0.10387285983489818,0.050577796907876116,0.8083477677040097,8932
719,0.25,5,95,5,5,0,0,0,5,0.12598399999999998,1337.2596033193238,0.9812707901460733,121768.42820631922,1.2482183023673932,0.515076836935932,0.10301536738718639,0.05070947616976215,0.8049510240924092,8932
720,0.25,5,95,5,5,0,0,0,5,0.113792,1337.373395319324,0.9812730471668555,121773.02208192572,1.2480738183561593,0.5111749017221491,0.1022349803444298,0.05084177529593721,0.801725056427005,8932
721,0.25,5,95,5,5,0,0,0,5,0.11785599999999999,1337.491251319324,0.9812753036437247,121777.24515157491,1.2479301682760167,0.5071530671017844,0.1014306134203569,0.05099549266788245,0.7982311378816287,8932
722,0.25,5,95,5,5,0,0,0,5,0.1016,1337.592851319324,0.9812775595768777,121782.94750852537,1.2477845575952653,0.5036108301077468,0.10072216602154938,0.051064829150464654,0.7955222775814726,8932
723,0.25,5,95,5,5,0,0,0,5,0.11785599999999999,1337.710707319324,0.9812798149665108,121787.16901090815,1.2476402798248925,0.49953707796043256,0.09990741559208652,0.051069260117655585,0.7928387395735286,8932
724,0.25,5,95,5,5,0,0,0,5,0.10972799999999999,1337.820435319324,0.9812820698128207,121792.12971964273,1.2474953390893724,0.4957550421532314,0.0991510084306463,0.05118143676877476,0.789603029846799,8932
725,0.25,5,95,5,5,0,0,0,5,0.11379199999999998,1337.934227319324,0.9812843241160034,121796.71965377367,1.247350633445714,0.49174520328934423,0.09834904065786884,0.05128426293947224,0.7862180668593363,8932
726,0.25,5,95,5,5,0,0,0,5,0.11785599999999999,1338.052083319324,0.9812865778762554,121800.93886607404,1.2472060630626203,0.48769702003017273,0.09753940400603454,0.05132932022550005,0.7831279617519817,8932
727,0.25,5,95,5,5,0,0,0,5,0.113792,1338.1658753193242,0.9812888310937726,121805.52725655521,1.2470611292277567,0.48376925601135906,0.09675385120227181,0.0514006713596437,0.7798921188551378,8932
728,0.25,5,95,5,5,0,0,0,5,0.11785599999999999,1338.2837313193243,0.9812910837687511,121809.7449628962,1.2469171284384433,0.4797205458701691,0.09594410917403383,0.05143286562819952,0.7767761089381573,8932
729,0.25,5,95,5,5,0,0,0,5,0.1016,1338.3853313193242,0.9812933359013868,121815.44147624954,1.246771767066385,0.4761783088761315,0.0952356617752263,0.05150468057602372,0.7737071635399387,8932
730,0.25,5,95,5,5,0,0,0,5,0.10972799999999999,1338.4950593193241,0.9812955874918755,121820.39736696541,1.2466266407451976,0.47234461545886874,0.09446892309177374,0.051494189584200475,0.7709359951514455,8932
731,0.25,5,95,5,5,0,0,0,5,0.11785599999999999,1338.6129153193242,0.9812978385404131,121824.61272689757,1.2464833443257302,0.4683227808385041,0.09366455616770082,0.05164968806256718,0.7668253603863817,8932
732,0.25,5,95,5,5,0,0,0,5,0.10566399999999998,1338.7185793193241,0.981300089047195,121829.93686613858,1.2463381892945051,0.4646606444378847,0.09293212888757693,0.05174318494724668,0.7633534342608727,8932
733,0.25,5,95,5,4,1,0,0,5,0.113792,1338.8323713193242,0.9812782750986621,121831.53282980804,1.246222011170183,0.460732880419071,0.09214657608381419,0.051816569842616324,0.7597557884535174,8932
734,0.25,5,95,5,5,0,0,0,5,0.1016,1338.9339713193242,0.9812805274175309,121837.22535567396,1.2460768205619053,0.4571906434250333,0.09143812868500666,0.05188995878152227,0.7564058427393211,8932
735,0.25,5,95,5,5,0,0,0,5,0.113792,1339.0477633193243,0.981282779194534,121841.80764065318,1.2459328611958085,0.45328870821125045,0.09065774164225009,0.052025564137028274,0.7522618708536222,8932
736,0.25,5,95,5,5,0,0,0,5,0.113792,1339.1615553193244,0.9812850304298669,121846.38914689534,1.2457892359947318,0.44938677299746754,0.0898773545994935,0.052161395465191676,0.7480438786790132,8932
737,0.25,5,95,5,5,0,0,0,5,0.11785599999999999,1339.2794113193245,0.9812872811237252,121850.60012177707,1.2456447494831009,0.4453391095720721,0.08906782191441442,0.05225671811388226,0.7439229952029895,8932
738,0.25,5,95,5,5,0,0,0,5,0.10972799999999999,1339.3891393193244,0.981289531276304,121855.54982396237,1.2455003979827468,0.44153098504295213,0.08830619700859042,0.05228704105576233,0.74041438807508,8932
739,0.25,5,95,5,5,0,0,0,5,0.12191999999999997,1339.5110593193244,0.9812917808877988,121859.38956185005,1.2453571773272023,0.43725551856087064,0.08745110371217414,0.05237664554692988,0.7359916519755813,8932
740,0.25,5,95,5,5,0,0,0,5,0.113792,1339.6248513193245,0.9812940299584044,121863.96799015925,1.2452127968501931,0.4333019257370262,0.08666038514740523,0.05239161657464068,0.7323347415237433,8932
741,0.25,5,95,5,5,0,0,0,5,0.12192,1339.7467713193246,0.9812962784883161,121867.80628641995,1.2450703434593902,0.4291601917100798,0.08583203834201596,0.052570049135689904,0.7272057474697786,8932
742,0.25,5,95,5,4,1,0,0,5,0.11785599999999999,1339.8646273193247,0.9812744885940242,121869.02816196537,1.2449534192476839,0.4251383570897152,0.08502767141794304,0.05272821178864398,0.7222504629252251,8932
743,0.25,5,95,5,5,0,0,0,5,0.12598399999999998,1339.9906113193247,0.9812767389318848,121872.49568801875,1.2448102326893333,0.4208501080522498,0.08417002161044997,0.052829809106307246,0.7173848653121047,8932
744,0.25,5,95,5,5,0,0,0,5,0.12598399999999998,1340.1165953193247,0.9812789887289418,121875.96256210975,1.244667280257785,0.4165615990978964,0.08331231981957929,0.05290713824951805,0.712614551789893,8932
745,0.25,5,95,5,5,0,0,0,5,0.1016,1340.2181953193246,0.9812812379853902,121881.64626512938,1.2445224719975594,0.4130193621038587,0.08260387242077175,0.052982982844228206,0.7085127016162247,8932
746,0.25,5,95,5,5,0,0,0,5,0.11379199999999998,1340.3319873193248,0.9812834867014247,121886.22038838107,1.244378893257989,0.409091598085045,0.08181831961700901,0.053060684557206535,0.703939762478439,8932
747,0.25,5,95,5,5,0,0,0,5,0.113792,1340.4457793193249,0.9812857348772401,121890.79373502749,1.2442347527094093,0.40518887607235576,0.08103777521447114,0.05316159760450335,0.6991299608378845,8932
748,0.25,5,95,5,5,0,0,0,5,0.10566400000000001,1340.5514433193248,0.9812879825130312,121896.1053783861,1.244090448482319,0.4015009108667055,0.0803001821733411,0.053198557787743246,0.6949748033907014,8932
749,0.25,5,95,5,5,0,0,0,5,0.113792,1340.665235319325,0.9812902296089923,121900.67713740193,1.2439468758567236,0.39757314684789186,0.07951462936957837,0.053277211635010494,0.6901594104419903,8932
750,0.25,5,95,5,5,0,0,0,5,0.11785599999999999,1340.783091319325,0.9812924761653178,121904.87861773961,1.243803636737228,0.39355052542862073,0.07871010508572415,0.05339933654046913,0.6848058245594845,8932
751,0.25,5,95,5,5,0,0,0,5,0.10566400000000001,1340.888755319325,0.9812947221822024,121910.18781499965,1.2436595376669457,0.38988838902800127,0.07797767780560026,0.053497380231899705,0.6799582269679613,8932
752,0.25,5,95,5,5,0,0,0,5,0.10566400000000001,1340.9944193193248,0.9812969676598401,121915.49617558054,1.2435152749880978,0.3862004238223511,0.07724008476447022,0.05353574902884378,0.6754934710794708,8932
753,0.25,5,95,5,5,0,0,0,5,0.12191999999999997,1341.1163393193249,0.9812992125984252,121919.3258677226,1.2433720418032634,0.38203260107348597,0.0764065202146972,0.05363172025494363,0.6699269523546035,8932
754,0.25,5,95,5,5,0,0,0,5,0.12598399999999996,1341.242323319325,0.9813014569981517,121922.78543320842,1.2432290424702914,0.3776881059959779,0.07553762119919558,0.053830891219026976,0.6631953883022482,8932
755,0.25,4,96,5,4,0,1,0,5,0.11359603302368007,1341.3559193523486,0.9812797004752076,121924.38833010444,1.243114161607156,0.3737700812201247,0.09344252030503117,0.04343233918174231,0.8223402990154971,8932
756,0.25,4,96,4,4,0,0,0,4,0.085344,1341.4412633523486,0.9812814974802015,121928.5588332455,1.2429980207533349,0.3711175561608936,0.09277938904022341,0.0433979750059814,0.8204830273832414,8932
757,0.25,4,96,4,4,0,0,0,4,0.08940799999999999,1341.5306713523487,0.9812832941402313,121932.3594257483,1.242882300135412,0.3683453916119689,0.09208634790299221,0.043447380867806876,0.8179250454921964,8932
758,0.25,4,96,4,4,0,0,0,4,0.10566399999999998,1341.6363353523486,0.9812850904553961,121934.68206646065,1.2427670989992474,0.36504118502774907,0.09126029625693725,0.04343847897354569,0.8152875109714024,8932
759,0.25,4,96,4,4,0,0,0,4,0.085344,1341.7216793523487,0.9812868864257953,121938.85104321624,1.2426508274413208,0.362388919885406,0.0905972299713515,0.04344342230321745,0.8130464979213607,8932
760,0.25,4,96,4,4,0,0,0,4,0.085344,1341.8070233523488,0.9812886820515281,121943.01948964648,1.24253467797239,0.359736654743063,0.08993416368576575,0.04344845084467938,0.8107675719988238,8932
761,0.25,4,96,4,4,0,0,0,4,0.08127999999999999,1341.8883033523489,0.9812904773326937,121947.55673120425,1.2424182531965844,0.3572042890073016,0.08930107225182542,0.043408547333647046,0.8088746183505674,8932
762,0.25,4,96,4,4,0,0,0,4,0.1016,1341.9899033523488,0.9812922722693913,121950.24686190278,1.2423025464976767,0.3540465974336009,0.08851164935840022,0.04350449479825515,0.8054230301667576,8932
763,0.25,4,96,4,4,0,0,0,4,0.09753599999999998,1342.0874393523488,0.9812940668617199,121953.30587326203,1.2421871603827075,0.35100775855068733,0.08775193963767183,0.043456829430937996,0.8030539233840568,8932
764,0.25,4,96,4,4,0,0,0,4,0.09753599999999998,1342.1849753523488,0.981295861109779,121956.36444002722,1.2420718961359,0.3479950083896926,0.08699875209742315,0.043538515329070625,0.7997120488765898,8932
765,0.25,4,96,4,4,0,0,0,4,0.085344,1342.270319352349,0.9812976550136671,121960.53033414899,1.2419559593120992,0.3453427432473496,0.08633568581183738,0.04354410005595302,0.797208453445021,8932
766,0.25,4,96,4,4,0,0,0,4,0.093472,1342.363791352349,0.9812994485734836,121963.95720348072,1.2418402437317533,0.34244989249293656,0.08561247312323415,0.04358085794305874,0.7941992556623053,8932
767,0.25,4,96,4,4,0,0,0,4,0.11379199999999998,1342.477583352349,0.9813012417893273,121965.53747372745,1.2417260399930214,0.3388800582905225,0.08472001457263062,0.04357630676266757,0.7907871334625723,8932
768,0.25,4,96,4,4,0,0,0,4,0.08940799999999999,1342.566991352349,0.9813030346612973,121969.33266998832,1.241610369490645,0.3361078937415977,0.08402697343539943,0.04362781615136692,0.7876613537429061,8932
769,0.25,4,96,4,4,0,0,0,4,0.10566399999999998,1342.672655352349,0.9813048271894923,121971.65060833342,1.2414963097880345,0.3328303027613152,0.0832075756903288,0.04377231538795313,0.7832442929056047,8932
770,0.25,4,96,4,4,0,0,0,4,0.09347199999999999,1342.766127352349,0.9813066193740114,121975.07567676541,1.2413803865695159,0.3299382388058087,0.08248455970145217,0.043869977531692715,0.7795011759522823,8932
771,0.25,4,96,4,4,0,0,0,4,0.08940799999999999,1342.855535352349,0.9813084112149533,121978.86942248099,1.2412647837267174,0.3271402454518531,0.08178506136296328,0.04383309126662906,0.7768513928188218,8932
772,0.25,4,96,4,4,0,0,0,4,0.09347199999999997,1342.949007352349,0.9813102027124168,121982.29352205005,1.2411493026991933,0.3242223526913158,0.08105558817282894,0.043842182997962234,0.7736570768521651,8932
773,0.25,4,96,4,4,0,0,0,4,0.09753599999999998,1343.046543352349,0.9813119938665006,121985.34802156784,1.2410345387928228,0.32118456052419675,0.08029614013104919,0.04389744913150044,0.7698971726174557,8932
774,0.25,4,96,4,4,0,0,0,4,0.1016,1343.148143352349,0.9813137846773035,121988.03297382635,1.2409191028028446,0.3180268689504959,0.07950671723762398,0.043999123912008595,0.7655484553313531,8932
775,0.25,4,96,4,4,0,0,0,4,0.1016,1343.249743352349,0.9813155751449241,121990.71751991892,1.2408041853767466,0.31486917737679515,0.07871729434419879,0.0441014786490022,0.7611035345888283,8932
776,0.25,4,96,4,4,0,0,0,4,0.08127999999999999,1343.3310233523491,0.9813173652694611,121995.24700250676,1.240688100055589,0.3123368116410339,0.07808420291025847,0.044063077700774514,0.7584739565297435,8932
777,0.25,4,96,4,4,0,0,0,4,0.10566399999999998,1343.436687352349,0.9813191550510131,121997.56158439216,1.2405738227268797,0.3090075630506897,0.07725189076267243,0.0440349362288782,0.7547625246424747,8932
778,0.25,4,96,4,4,0,0,0,4,0.08534399999999999,1343.5220313523491,0.9813209444896787,122001.72098034825,1.2404578817303151,0.3063552979083467,0.07658882447708668,0.04404293238188968,0.7514895776748005,8932
779,0.25,4,96,4,4,0,0,0,4,0.085344,1343.6073753523492,0.9813227335855562,122005.8798479067,1.2403420625318076,0.30370303276600363,0.07592575819150091,0.044051011684368306,0.7481585798209853,8932
780,0.25,4,96,4,4,0,0,0,4,0.10159999999999997,1343.7089753523492,0.9813245223387445,122008.56212708588,1.2402273566537896,0.30054534119230286,0.07513633529807572,0.044155579239102336,0.7432958618846822,8932
781,0.25,4,96,4,4,0,0,0,4,0.08940799999999999,1343.7983833523492,0.9813263107493416,122012.35098301874,1.2401121774322004,0.2977731766433781,0.07444329416084453,0.044210282778627326,0.7392666721341548,8932
782,0.25,4,96,4,4,0,0,0,4,0.1016,1343.8999833523492,0.9813280988174462,122015.03239174318,1.2399974172337311,0.29458886946574,0.073647217366435,0.04416562887571836,0.7354941079872395,8932
783,0.25,4,96,4,4,0,0,0,4,0.093472,1343.9934553523492,0.9813298865431567,122018.45131530562,1.239882084667868,0.29169680551023347,0.07292420137755837,0.04426719777052311,0.7307346821169265,8932
784,0.25,4,96,4,4,0,0,0,4,0.093472,1344.0869273523492,0.9813316739265713,122021.86976334284,1.2397670719561713,0.28880474155472696,0.07220118538868174,0.0443690133779582,0.725882293175597,8932
785,0.25,4,96,4,4,0,0,0,4,0.093472,1344.1803993523492,0.9813334609677883,122025.28773595401,1.239652180790143,0.28588684879418963,0.07147171219854741,0.044382794452237334,0.7216979593915563,8932
786,0.25,4,96,4,4,0,0,0,4,0.08940799999999999,1344.2698073523493,0.9813352476669059,122029.0741507394,1.2395367174497511,0.28308885544023404,0.07077221386005851,0.04435033078256353,0.7180263404992774,8932
787,0.25,4,96,4,4,0,0,0,4,0.08940799999999999,1344.3592153523493,0.9813370340240226,122032.86006188592,1.2394212766311008,0.2803166908913093,0.07007917272282732,0.044406273124420366,0.713509380793593,8932
788,0.25,3,97,4,3,0,1,0,4,0.09415130619686979,1344.4533666585462,0.9813148954495431,122033.23973055936,1.239335288861183,0.2774045854963608,0.09246819516545361,0.022466477729375888,0.9442588067810825,8932
789,0.25,3,97,3,3,0,0,0,3,0.065024,1344.5183906585462,0.9813162364536734,122036.26305151057,1.2392477944436355,0.2753259885818957,0.09177532952729857,0.022354998698534013,0.9439900957193765,8932
790,0.25,3,97,3,3,0,0,0,3,0.065024,1344.5834146585462,0.9813175772653334,122039.28608004643,1.2391604118893478,0.2732473916674305,0.0910824638891435,0.022243701534142183,0.9437158848529085,8932
791,0.25,3,97,3,3,0,0,0,3,0.06908799999999998,1344.6525026585462,0.9813189178845648,122041.93996258949,1.2390734383511797,0.27102306654135283,0.09034102218045094,0.022073485188624533,0.9436636084995695,8932
792,0.25,3,97,3,3,0,0,0,3,0.065024,1344.7175266585461,0.9813202583114088,122044.96241512343,1.2389859822723996,0.26894446962688767,0.0896481565422959,0.021962662969927806,0.9433794997889645,8932
793,0.25,3,97,3,3,0,0,0,3,0.065024,1344.7825506585461,0.9813215985459067,122047.98457536928,1.2388986380267368,0.2668658727124225,0.08895529090414084,0.02185203255924896,0.9430894236565027,8932
794,0.25,3,97,3,3,0,0,0,3,0.06095999999999999,1344.8435106585462,0.9813229385881003,122051.37527088451,1.2388111084774425,0.2649330040095699,0.0883110013365233,0.02180038718166352,0.9425608265613935,8932
795,0.25,3,97,3,3,0,0,0,3,0.065024,1344.9085346585462,0.9813242784380306,122054.39683797973,1.2387236907556565,0.26285440709510477,0.08761813569836825,0.021690041535394,0.9422566517434531,8932
796,0.25,3,97,3,3,0,0,0,3,0.065024,1344.9735586585462,0.981325618095739,122057.41811291398,1.2386363848368562,0.26077581018063956,0.08692527006021318,0.02157989500033358,0.9419459477646478,8932
797,0.25,3,97,3,3,0,0,0,3,0.06095999999999999,1345.0345186585462,0.9813269575612672,122060.80789936821,1.2385488936494542,0.25884294147778697,0.08628098049259565,0.021528473351427435,0.9413907389711773,8932
798,0.25,3,97,3,3,0,0,0,3,0.065024,1345.0995426585462,0.9813282968346562,122063.82858140572,1.238461514259434,0.2567643445633218,0.08558811485444061,0.021418622494415125,0.941064682672947,8932
799,0.25,3,97,3,3,0,0,0,3,0.06908799999999998,1345.1686306585461,0.9813296359159475,122066.48018517469,1.2383744446447202,0.25454001943724414,0.08484667314574805,0.021250680995443434,0.9409726779155435,8932
800,0.25,3,97,3,3,0,0,0,3,0.06095999999999999,1345.2295906585462,0.9813309748051824,122069.86906942134,1.2382869917795178,0.2526071507343915,0.0842023835781305,0.02119954425532389,0.9403908830562233,8932
801,0.25,3,97,3,3,0,0,0,3,0.065024,1345.2946146585462,0.9813323135024021,122072.88887548418,1.2381996506815893,0.25052855381992634,0.08350951793997545,0.02109032334966589,0.9400426952222477,8932
802,0.25,3,97,3,3,0,0,0,3,0.06908799999999998,1345.3637026585461,0.9813336520076482,122075.53962951174,1.23811261928547,0.24830422869384863,0.08276807623128288,0.02092337282202428,0.93993317933563,8932
803,0.25,3,97,3,3,0,0,0,3,0.06095999999999999,1345.4246626585461,0.9813349903209617,122078.92761193149,1.2380252047172786,0.24637135999099602,0.08212378666366534,0.020872534617491858,0.939322566390118,8932
804,0.25,3,97,3,3,0,0,0,3,0.073152,1345.497814658546,0.9813363284423839,122081.20905918015,1.237938396711547,0.24405191754757288,0.08135063918252429,0.020811590563251398,0.9385733506842583,8932
805,0.25,3,97,3,3,0,0,0,3,0.08127999999999999,1345.5790946585462,0.9813376663719563,122082.75281036945,1.2378517993040434,0.24144154556294312,0.0804805151876477,0.02068906703283417,0.9380118543570802,8932
806,0.25,3,97,3,3,0,0,0,3,0.065024,1345.6441186585462,0.98133900410972,122085.7712095323,1.237764719794435,0.23936294864847796,0.07978764954949265,0.020581283531525805,0.937612584307469,8932
807,0.25,3,97,3,3,0,0,0,3,0.065024,1345.7091426585462,0.9813403416557162,122088.78931700005,1.2376774551184697,0.2372843517340128,0.0790947839113376,0.020473737196775577,0.937203903296437,8932
808,0.25,3,97,3,3,0,0,0,3,0.06095999999999999,1345.7701026585462,0.9813416790099861,122092.1758295955,1.237590104252862,0.23535148303116019,0.07845049434372006,0.020423518388706197,0.9365268590863881,8932
809,0.25,3,97,3,3,0,0,0,3,0.065024,1345.8351266585462,0.9813430161725711,122095.19334509826,1.2375029640032522,0.2332984550048378,0.07776615166827927,0.020424205544033045,0.9354731512478339,8932
810,0.25,3,97,3,3,0,0,0,3,0.065024,1345.9001506585462,0.9813443531435123,122098.2105690327,1.2374157375584154,0.23121985809037265,0.07707328603012421,0.02031721069718241,0.935025370375322,8932
811,0.25,3,97,3,3,0,0,0,3,0.06095999999999999,1345.9611106585462,0.981345689922851,122101.596174343,1.2373284249372334,0.22928698938752004,0.07642899646250668,0.020267247036020345,0.934300821591776,8932
812,0.25,3,97,3,3,0,0,0,3,0.06095999999999999,1346.0220706585462,0.9813470265106281,122104.98147299192,1.2372411250658317,0.22735412068466743,0.07578470689488914,0.02021733592271148,0.9335603834093963,8932
813,0.25,3,97,3,3,0,0,0,3,0.06095999999999999,1346.0830306585462,0.9813483629068851,122108.3664650211,1.2371538379414178,0.2254212519818148,0.0751404173272716,0.020167477747397095,0.9328035748713802,8932
814,0.25,3,97,3,3,0,0,0,3,0.065024,1346.1480546585462,0.981349699111663,122111.38249699837,1.2370668602396282,0.22336769707347398,0.07445589902449133,0.020113312378422468,0.9319889125107634,8932
815,0.25,3,97,3,3,0,0,0,3,0.06095999999999999,1346.2090146585463,0.981351035125003,122114.76688238977,1.2369795985791598,0.22143482837062137,0.07381160945687379,0.020063468526449777,0.9311974613502785,8932
816,0.25,3,97,3,3,0,0,0,3,0.06095999999999999,1346.2699746585463,0.9813523709469462,122118.15096128672,1.2368923496573099,0.21950195966776875,0.07316731988925625,0.020013678354540217,0.9303880706698742,8932
817,0.25,3,97,3,3,0,0,0,3,0.073152,1346.3431266585462,0.9813537065775337,122120.42884495558,1.2368058055693818,0.21720755923046994,0.07240251974348998,0.020006188505484527,0.9290639562508469,8932
818,0.25,3,97,3,3,0,0,0,3,0.06095999999999999,1346.4040866585462,0.9813550420168067,122123.81233042086,1.2367185820658928,0.21527469052761733,0.07175823017587245,0.01995636005521889,0.9282097677331439,8932
819,0.25,3,97,3,3,0,0,0,3,0.06095999999999999,1346.4650466585463,0.9813563772648063,122127.19550951758,1.2366313712926644,0.21334182182476472,0.0711139406082549,0.019906585650919732,0.9273357078488809,8932
820,0.25,3,97,3,3,0,0,0,3,0.065024,1346.5300706585463,0.9813577123215735,122130.209776579,1.236544370945935,0.21126322491029956,0.07042107497009985,0.0198003743892959,0.9267349194814118,8932
821,0.25,3,97,3,3,0,0,0,3,0.065024,1346.5950946585463,0.9813590471871494,122133.22375253627,1.2364572844527437,0.20920967000195873,0.06973655666731958,0.019746061657106004,0.9257757562152581,8932
822,0.25,3,97,3,3,0,0,0,3,0.06095999999999999,1346.6560546585463,0.9813603818615751,122136.60602573387,1.2363701118319461,0.2072768012991061,0.06909226709970204,0.019696422431628356,0.9248406966869203,8932
823,0.25,3,97,3,3,0,0,0,3,0.065024,1346.7210786585463,0.9813617163448918,122139.61941090626,1.2362830507581484,0.20522377327278374,0.06840792442426125,0.019698132572888705,0.923432830008591,8932
824,0.25,3,97,3,3,0,0,0,3,0.06095999999999999,1346.7820386585463,0.9813630506371402,122143.00107822138,1.2361959035656014,0.20329090456993112,0.0677636348566437,0.019648645841812903,0.9224445813795952,8932
825,0.25,3,97,3,3,0,0,0,3,0.06908799999999998,1346.8511266585463,0.9813643847383617,122145.64530836012,1.2361089667135319,0.20106657944385342,0.06702219314795115,0.01948700450008341,0.9220514474956282,8932
826,0.25,3,97,3,3,0,0,0,3,0.065024,1346.9161506585463,0.981365718648597,122148.65782072586,1.2360220425434083,0.19898798252938826,0.06632932750979609,0.019381852903484174,0.9213324264890186,8932
827,0.25,3,97,3,3,0,0,0,3,0.065024,1346.9811746585463,0.9813670523678873,122151.67004224031,1.2359352298515027,0.1969093856149231,0.06563646187164103,0.01927698227005337,0.9205935637663883,8932
828,0.25,3,97,3,3,0,0,0,3,0.06095999999999999,1347.0421346585463,0.9813683858962737,122155.05051125241,1.2358481334460583,0.1949765169120705,0.0649921723040235,0.019228004359753324,0.9195166721089824,8932
829,0.25,3,97,3,3,0,0,0,3,0.065024,1347.1071586585463,0.9813697192337969,122158.06214248715,1.2357613460969685,0.19292296200372966,0.06430765400124322,0.019173224649281423,0.9183643240565954,8932
830,0.25,3,97,3,3,0,0,0,3,0.06095999999999999,1347.1681186585463,0.981371052380498,122161.44200612015,1.2356742750720187,0.19099009330087705,0.06366336443362568,0.01912426723486144,0.9172307463032368,8932
831,0.25,3,97,3,3,0,0,0,3,0.07721599999999998,1347.2453346585462,0.981372385336418,122163.34751065451,1.2355876118248883,0.18847431175157425,0.06282477058385809,0.01885385260983346,0.9173795689816501,8932
832,0.25,3,97,3,3,0,0,0,3,0.06095999999999999,1347.3062946585462,0.9813737181015979,122166.72678851715,1.2355005661621337,0.18654144304872164,0.062180481016240546,0.018805313789940586,0.9162001267115111,8932
833,0.25,3,97,3,3,0,0,0,3,0.07721599999999998,1347.3835106585461,0.9813750506760786,122168.63179477854,1.2354146195048705,0.18405123038756163,0.06135041012918721,0.018644288039586423,0.9154539771353429,8932
834,0.25,3,97,3,3,0,0,0,3,0.065024,1347.4485346585461,0.9813763830599008,122171.64200762294,1.2353276978914642,0.18197263347309647,0.06065754449103216,0.018541547498123024,0.9145468163580742,8932
835,0.25,3,97,3,3,0,0,0,3,0.06095999999999999,1347.5094946585461,0.9813777152531057,122175.02040066673,1.2352406902080277,0.18003976477024386,0.06001325492341462,0.018493558344673432,0.9132742959942288,8932
836,0.25,3,97,3,3,0,0,0,3,0.06095999999999999,1347.5704546585462,0.9813790472557341,122178.39848805404,1.2351536952076185,0.17810689606739125,0.05936896535579708,0.01844563727166511,0.91196663234711,8932
837,0.25,3,97,3,3,0,0,0,3,0.06095999999999999,1347.6314146585462,0.9813803790678269,122181.7762698263,1.2350667128874642,0.1761740273645386,0.05872467578817953,0.018397784811089467,0.910622502205946,8932
838,0.25,3,97,3,3,0,0,0,3,0.06095999999999999,1347.6923746585462,0.981381710689425,122185.153746025,1.2349797432447922,0.17424115866168596,0.05808038622056199,0.018350001499721463,0.9092405200823694,8932
839,0.25,3,97,3,3,0,0,0,3,0.065024,1347.7573986585462,0.9813830421205693,122188.16247190315,1.234893082414796,0.17216256174722078,0.057387520582406926,0.01824818505233719,0.908172496929092,8932
840,0.25,3,97,3,3,0,0,0,3,0.065024,1347.8224226585462,0.9813843733613005,122191.17090747692,1.2348063355081225,0.1701090068388799,0.05670300227962663,0.01819257650029128,0.9066691638814025,8932
841,0.25,3,97,3,3,0,0,0,3,0.06095999999999999,1347.8833826585462,0.9813857044116595,122194.5474801686,1.2347194038453155,0.16817613813602725,0.05605871271200908,0.018144976407221628,0.9051678307202814,8932
842,0.25,3,97,3,3,0,0,0,3,0.065024,1347.9484066585462,0.9813870352716874,122197.55532655548,1.234632583539996,0.16612258322768636,0.055374194409228784,0.018089350377723416,0.903573864840036,8932
843,0.25,3,97,3,3,0,0,0,3,0.06095999999999999,1348.0093666585462,0.9813883659414245,122200.93129495737,1.2345456772000458,0.16418971452483372,0.05472990484161124,0.018041781336319385,0.9019816991459475,8932
844,0.25,3,97,3,3,0,0,0,3,0.06095999999999999,1348.0703266585463,0.9813896964209121,122204.30695803538,1.2344587835209682,0.16225684582198105,0.054085615273993685,0.01799428431403693,0.9003418037417239,8932
845,0.25,3,97,3,3,0,0,0,3,0.06095999999999999,1348.1312866585463,0.9813910267101909,122207.68231583091,1.2343719024999966,0.16032397711912838,0.05344132570637613,0.017946859882679782,0.8986522389378655,8932
846,0.25,3,97,3,3,0,0,0,3,0.06095999999999999,1348.1922466585463,0.9813923568093015,122211.0573683854,1.2342850341343652,0.15839110841627574,0.05279703613875858,0.017899508619233073,0.8969109670859853,8932
847,0.25,3,97,3,3,0,0,0,3,0.065024,1348.2572706585463,0.9813936867182846,122214.06372948123,1.2341982770764535,0.15633808038995328,0.05211269346331776,0.01790500671208498,0.8944152641429552,8932
848,0.25,3,97,3,3,0,0,0,3,0.065024,1348.3222946585463,0.9813950164371814,122217.06980060837,1.2341117299499043,0.15425948347548807,0.05141982782516269,0.017804399640588414,0.8929425378468365,8932
849,0.25,3,97,3,3,0,0,0,3,0.065024,1348.3873186585463,0.9813963459660322,122220.07558180878,1.2340249981457523,0.15218088656102288,0.050726962187007625,0.01770415131107359,0.891418874162759,8932
850,0.25,3,97,3,3,0,0,0,3,0.065024,1348.4523426585463,0.9813976753048781,122223.08107312438,1.233938476238715,0.15012733165268197,0.05004244388422732,0.01764814708284365,0.8893856831163053,8932
851,0.25,3,97,3,3,0,0,0,3,0.065024,1348.5173666585463,0.9813990044537595,122226.08627459712,1.233851966930121,0.14804873473821678,0.04934957824607226,0.01754817612048581,0.8877496765978771,8932
852,0.25,3,97,3,3,0,0,0,3,0.065024,1348.5823906585463,0.9814003334127173,122229.09118626892,1.233765272978751,0.14597013782375157,0.04865671260791719,0.017448576467297305,0.8860550271292138,8932
853,0.25,3,97,3,3,0,0,0,3,0.06095999999999999,1348.6433506585463,0.9814016621817923,122232.46414220947,1.2336784930369828,0.1440372691208989,0.04801242304029963,0.017402048172239042,0.8838847820587769,8932
854,0.25,3,97,3,3,0,0,0,3,0.06908799999999998,1348.7124386585463,0.9814029907610249,122235.10014037738,1.2335923173577321,0.14181294399482114,0.047270981331607044,0.01725051679049264,0.8824780722278981,8932
855,0.25,3,97,3,3,0,0,0,3,0.065024,1348.7774626585463,0.981404319150456,122238.10418289786,1.2335056612343567,0.13973434708035593,0.04657811569345197,0.01715206992649817,0.8805894437177784,8932
856,0.25,3,97,3,3,0,0,0,3,0.065024,1348.8424866585462,0.9814056473501261,122241.10793578501,1.2334191163149,0.1376557501658907,0.0458852500552969,0.017054020695118337,0.8786294986886614,8932
857,0.25,3,97,3,3,0,0,0,3,0.065024,1348.9075106585462,0.9814069753600762,122244.11139908072,1.2333326825750843,0.1355771532514255,0.04519238441714183,0.016956375994215078,0.876594552353156,8932
858,0.25,3,97,3,3,0,0,0,3,0.06095999999999999,1348.9684706585463,0.9814083031803466,122247.48286332769,1.2332459656859356,0.13364428454857283,0.044548094849524274,0.016910757191416968,0.874048493856713,8932
859,0.25,3,97,3,3,0,0,0,3,0.06908799999999998,1349.0375586585462,0.9814096308109781,122250.11745706538,1.2331597542612864,0.13144500142861942,0.04381500047620648,0.016802463198663936,0.8717925100293685,8932
860,0.25,3,97,3,3,0,0,0,3,0.06095999999999999,1349.0985186585463,0.9814109582520112,122253.48832492782,1.2330730625724935,0.12951213272576673,0.043170710908588907,0.01675699656859976,0.8690622572306065,8932
861,0.25,3,97,3,3,0,0,0,3,0.06095999999999999,1349.1594786585463,0.9814122855034867,122256.85888817378,1.2329863834976817,0.12757926402291406,0.04252642134097135,0.016711619189802792,0.8662316330409167,8932
862,0.25,3,97,3,3,0,0,0,3,0.065024,1349.2245026585463,0.981413612565445,122259.860886729,1.232900012676573,0.1255257091145732,0.04184190303819107,0.01665487808806432,0.8632311589645391,8932
863,0.25,3,97,3,3,0,0,0,3,0.06908799999999998,1349.2935906585462,0.9814149394379269,122262.49434675257,1.2328138515015756,0.12332695287663821,0.041108984292212734,0.016612106723084538,0.8596263336465064,8932
864,0.25,3,97,3,3,0,0,0,3,0.06095999999999999,1349.3545506585463,0.9814162661209728,122265.86401586024,1.2327272101948543,0.12139408417378554,0.04046469472459518,0.016567019879370922,0.8564400726873219,8932
865,0.25,3,97,3,3,0,0,0,3,0.06908799999999998,1349.4236386585462,0.9814175926146232,122268.49691474023,1.2326410741210614,0.11919480105383212,0.039731600351277374,0.01645912411309232,0.8535267090538373,8932
866,0.25,3,97,3,3,0,0,0,3,0.06095999999999999,1349.4845986585462,0.981418918918919,122271.86598796463,1.2325544579817296,0.11726193235097944,0.03908731078365981,0.016414200163341455,0.8500893633295947,8932
867,0.25,3,97,3,3,0,0,0,3,0.06908799999999998,1349.5536866585462,0.9814202450339004,122274.49832586845,1.2324680514632063,0.11503760722490168,0.038345869074967225,0.016268147065212585,0.8474675972742298,8932
868,0.25,3,97,3,3,0,0,0,3,0.06095999999999999,1349.6146466585462,0.981421570959608,122277.86680337669,1.232381460501779,0.11310473852204903,0.037701579507349675,0.016223638130760644,0.8437587513180623,8932
869,0.25,3,97,3,3,0,0,0,3,0.06095999999999999,1349.6756066585463,0.9814228966960824,122281.23497660086,1.232294882132348,0.11117186981919637,0.037057289939732126,0.01617922671043548,0.839898619215759,8932
870,0.25,3,97,3,3,0,0,0,3,0.065024,1349.7406306585463,0.9814242222433641,122284.23465289785,1.2322085133325125,0.10911831491085547,0.03637277163695182,0.01612208354847131,0.8357940726345309,8932
871,0.25,3,97,3,3,0,0,0,3,0.06095999999999999,1349.8015906585463,0.9814255476014936,122287.60222416685,1.2321219601245155,0.10718544620800283,0.03572848206933427,0.01607773206312161,0.83160231003425,8932
872,0.25,3,97,3,3,0,0,0,3,0.06908799999999998,1349.8706786585462,0.9814268727705113,122290.23313851567,1.232036010355401,0.10496112108192508,0.034987040360641694,0.015933633827906402,0.8282238104981036,8932
873,0.25,3,97,3,3,0,0,0,3,0.06095999999999999,1349.9316386585463,0.9814281977504578,122293.6001144852,1.2319494822692338,0.10302825237907243,0.034342750793024145,0.015889720014583858,0.823673553738029,8932
874,0.25,3,97,3,3,0,0,0,3,0.065024,1349.9966626585463,0.9814295225413734,122296.59862630241,1.2318631636844242,0.10094965546460721,0.03364988515486907,0.015796439088873057,0.8194240433052249,8932
875,0.25,3,97,3,3,0,0,0,3,0.06095999999999999,1350.0576226585463,0.9814308471432986,122299.96500064929,1.2317766607377632,0.09901678676175456,0.03300559558725152,0.015752854756235928,0.8144684909263192,8932
876,0.25,3,97,3,3,0,0,0,3,0.06095999999999999,1350.1185826585463,0.981432171556274,122303.33107100187,1.2316901703639005,0.09708391805890192,0.032361306019633974,0.015709376039199193,0.8092912443371625,8932
877,0.25,3,97,3,3,0,0,0,3,0.073152,1350.1917346585462,0.98143349578034,122305.59242888693,1.2316043816406104,0.09473890672733593,0.03157963557577864,0.01555379464764068,0.8047758903705792,8932
878,0.25,3,97,3,3,0,0,0,3,0.065024,1350.2567586585462,0.9814348198155367,122308.5897855985,1.2315180147869726,0.09268535181899505,0.03089511727299835,0.015496230993298006,0.7989914247999874,8932
879,0.25,3,97,3,3,0,0,0,3,0.06095999999999999,1350.3177186585463,0.9814361436619049,122311.95497017978,1.2314315620578475,0.0907524831161424,0.0302508277053808,0.015453038702330349,0.7930543839579246,8932
880,0.25,3,97,3,3,0,0,0,3,0.07721599999999998,1350.3949346585462,0.9814374673194847,122313.8474240238,1.2313461060767517,0.0882867855790882,0.029428928526362735,0.0152833885685952,0.787583973951698,8932
881,0.25,3,97,3,3,0,0,0,3,0.06908799999999998,1350.4640226585461,0.9814387907883166,122316.47583977543,1.2312600720429603,0.08611359822929601,0.02870453274309867,0.015349827256856097,0.7776288723835912,8932
882,0.25,3,97,3,3,0,0,0,3,0.06908799999999998,1350.533110658546,0.9814401140684411,122319.1039866081,1.2311738536997234,0.08388927310321827,0.027963091034406088,0.015210589860226621,0.771673895092754,8932
883,0.25,3,97,3,3,0,0,0,3,0.06908799999999998,1350.602198658546,0.9814414371598983,122321.73186456306,1.231087844675891,0.08166494797714052,0.02722164932571351,0.015072642181439468,0.7653543681797742,8932
884,0.25,3,97,3,3,0,0,0,3,0.073152,1350.675350658546,0.9814427600627287,122323.9914161786,1.2310023400959313,0.07929489463945023,0.02643163154648341,0.014888979235558151,0.7591235383215253,8932
885,0.25,3,97,3,3,0,0,0,3,0.065024,1350.740374658546,0.9814440827769726,122326.98681400491,1.2309160608724998,0.07721629772498503,0.025738765908328343,0.014800759887789056,0.7515020734393484,8932
886,0.25,3,97,3,3,0,0,0,3,0.06908799999999998,1350.809462658546,0.9814454053026703,122329.61388557429,1.2308301876831838,0.0750170146050316,0.025005671535010533,0.014696025361791267,0.7432731966671277,8932
887,0.25,3,97,3,3,0,0,0,3,0.06095999999999999,1350.870422658546,0.9814467276398622,122332.97674455863,1.2307438351222053,0.07308414590217896,0.024361381967392987,0.014654918813907498,0.7342797993005888,8932
888,0.25,3,97,3,3,0,0,0,3,0.06095999999999999,1350.931382658546,0.9814480497885886,122336.33930004884,1.2306574951012312,0.07115127719932633,0.023717092399775444,0.014613940157854081,0.7248084906077068,8932
889,0.25,3,97,3,3,0,0,0,3,0.073152,1351.004534658546,0.9814493717488896,122338.59751016529,1.2305717577433775,0.06878122386163604,0.022927074620545346,0.014435735487281396,0.7161052318306224,8932
890,0.25,3,97,3,3,0,0,0,3,0.06095999999999999,1351.065494658546,0.9814506935208056,122341.95947826657,1.2304854427513767,0.06684835515878342,0.022282785052927804,0.01439548124628696,0.7055358059896674,8932
891,0.25,3,97,3,3,0,0,0,3,0.065024,1351.130518658546,0.981452015104377,122344.95314643631,1.230399238631223,0.06476975824431823,0.021589919414772743,0.01431025915321291,0.6947666817169085,8932
892,0.25,3,97,3,3,0,0,0,3,0.06095999999999999,1351.191478658546,0.9814533364996438,122348.31451433118,1.2303129486929931,0.06283688954146559,0.020945629847155197,0.014270436860449738,0.6829755067525619,8932
893,0.25,3,97,3,3,0,0,0,3,0.06095999999999999,1351.252438658546,0.9814546577066464,122351.67557893856,1.2302266712811258,0.060904020838612946,0.020301340279537648,0.014230753206747836,0.6705255794031024,8932
894,0.25,2,98,3,2,0,1,0,3,0.06222101891201066,1351.314659677458,0.9814322347801311,122351.96208073673,1.230169614264593,0.058908299000730274,0.029454149500365137,0.0030635561213385853,0.9892974906724492,8932
895,0.25,2,98,2,2,0,0,0,2,0.040639999999999996,1351.3552996774579,0.9814331164822642,122354.20251022391,1.230111616910104,0.057576226915226444,0.028788113457613222,0.0030009511060277785,0.9892502687963094,8932
896,0.25,2,98,2,2,0,0,0,2,0.044703999999999994,1351.4000036774578,0.9814339981006648,122356.07484833557,1.2300538217905905,0.05609842661811007,0.028049213309055035,0.0028654819849106995,0.9896713163069503,8932
897,0.25,2,98,2,2,0,0,0,2,0.044703999999999994,1351.4447076774577,0.9814348796353449,122357.94706257831,1.2299959339565265,0.05462062632099369,0.027310313160496844,0.0027300128637936204,0.9901063200034342,8932
898,0.25,2,98,2,2,0,0,0,2,0.040639999999999996,1351.4853476774576,0.9814357610863166,122360.18709650586,1.2299379534213677,0.05328855423548985,0.026644277117744926,0.0026674078484828136,0.9900770690898999,8932
899,0.25,2,98,2,2,0,0,0,2,0.040639999999999996,1351.5259876774576,0.9814366424535916,122362.42699571906,1.2298799784957808,0.05195648214998602,0.02597824107499301,0.002604802833172007,0.990046273140728,8932
900,0.25,2,98,2,2,0,0,0,2,0.044703999999999994,1351.5706916774575,0.981437523737182,122364.298825346,1.229822205763869,0.05047868185286965,0.025239340926434824,0.002469333712054928,0.9905187358600339,8932
901,0.25,2,98,2,2,0,0,0,2,0.044703999999999994,1351.6153956774574,0.9814384049370994,122366.1705311533,1.2297643403331795,0.049000881555753266,0.024500440777876633,0.0023338645909378487,0.9910074998058527,8932
902,0.25,2,98,2,2,0,0,0,2,0.044703999999999994,1351.6600996774573,0.9814392860533561,122368.04211315323,1.2297065787830634,0.047523081258636884,0.023761540629318442,0.0021983954698207697,0.9915128709496273,8932
903,0.25,2,98,2,2,0,0,0,2,0.05283199999999999,1351.7129316774574,0.9814401670859638,122369.1777474755,1.2296490193766454,0.04577886654441975,0.022889433272209873,0.0020504053456415292,0.9920395365664568,8932
904,0.25,2,98,2,2,0,0,0,2,0.044703999999999994,1351.7576356774573,0.9814410480349345,122371.04909497984,1.229591268990821,0.044301066247303365,0.022150533123651683,0.0019149362245244501,0.9925816638162716,8932
905,0.25,2,98,2,2,0,0,0,2,0.044703999999999994,1351.8023396774572,0.98144192890028,122372.92031871353,1.2295335241906806,0.04284830795631131,0.021424153978155655,0.0019126743119577544,0.9920927230086615,8932
906,0.25,2,98,2,2,0,0,0,2,0.040639999999999996,1351.8429796774572,0.9814428096820124,122375.15930990095,1.2294755884475352,0.04151623587080748,0.02075811793540374,0.0018500692966469477,0.9921193154036363,8932
907,0.25,2,98,2,2,0,0,0,2,0.04876799999999999,1351.8917476774573,0.9814436903801433,122376.66239491811,1.2294179530850224,0.03991774936820287,0.019958874684101437,0.0017749432782739798,0.9921535045754644,8932
908,0.25,2,98,2,2,0,0,0,2,0.040639999999999996,1351.9323876774572,0.9814445709946849,122378.90112554388,1.2293600285329507,0.038585677282699044,0.019292838641349522,0.0017123382629631728,0.9921840977249708,8932
909,0.25,2,98,2,2,0,0,0,2,0.040639999999999996,1351.9730276774571,0.9814454515256489,122381.1397215782,1.2293021095823247,0.037253605197195214,0.018626802598597607,0.001649733247652366,0.9922168139484181,8932
910,0.25,2,98,2,2,0,0,0,2,0.044703999999999994,1352.017731677457,0.9814463319730473,122383.01031356132,1.229244392722203,0.03577580490007883,0.017887902450039416,0.001514264126535287,0.9928848621037755,8932
911,0.25,2,98,2,2,0,0,0,2,0.04876799999999999,1352.0664996774572,0.981447212336892,122384.51292112796,1.229186681442903,0.034152276391349906,0.017076138195674953,0.0013059308996119356,0.9941852853789163,8932
912,0.25,2,98,2,2,0,0,0,2,0.040639999999999996,1352.107139677457,0.9814480926171949,122386.75112644918,1.2291287792727432,0.032820204305846076,0.016410102152923038,0.0012433258843011288,0.9942922958303201,8932
913,0.25,2,98,2,2,0,0,0,2,0.044703999999999994,1352.151843677457,0.9814489728139678,122388.62134737849,1.229071079162157,0.03136744601485402,0.01568372300742701,0.001241063971734433,0.9937772969011325,8932
914,0.25,2,98,2,2,0,0,0,2,0.040639999999999996,1352.192483677457,0.9814498529272226,122390.85928795647,1.2290131881780864,0.030035373929350188,0.015017686964675094,0.0011784589564236263,0.9938799249698611,8932
915,0.25,2,98,2,2,0,0,0,2,0.040639999999999996,1352.233123677457,0.9814507329569714,122393.09709401635,1.2289553027905915,0.028703301843846358,0.014351650921923179,0.0011158539411128213,0.9939911206594354,8932
916,0.25,2,98,2,2,0,0,0,2,0.040639999999999996,1352.2737636774568,0.9814516129032258,122395.33476557028,1.2288974229988614,0.02737122975834253,0.013685614879171266,0.001053248925802019,0.9941119873908804,8932
917,0.25,2,98,2,2,0,0,0,2,0.040639999999999996,1352.3144036774568,0.9814524927659978,122397.57230263037,1.2288395488020847,0.02603915767283871,0.013019578836419354,0.0009906439104912165,0.9942438224887254,8932
918,0.25,2,98,2,2,0,0,0,2,0.040639999999999996,1352.3550436774567,0.9814533725452993,122399.80970520877,1.22878168019945,0.024707085587334886,0.012353542793667443,0.0009280388951804141,0.9943881603460871,8932
919,0.25,2,98,2,2,0,0,0,2,0.04876799999999999,1352.4038116774568,0.9814542522411421,122401.31133221008,1.2287241117967573,0.023108599084730293,0.011554299542365146,0.0008529128768074512,0.9945804650349015,8932
920,0.25,2,98,2,2,0,0,0,2,0.044703999999999994,1352.4485156774567,0.9814551318535383,122403.18066161442,1.2286664507606528,0.021630798787613925,0.010815399393806963,0.0007174437556903774,0.9956188943498222,8932
921,0.25,2,98,2,2,0,0,0,2,0.044703999999999994,1352.4932196774566,0.9814560113824994,122405.04986744476,1.2286086971045653,0.020152998490497558,0.010076499245248779,0.0005819746345733035,0.99667537636492,8932
922,0.25,2,98,2,2,0,0,0,2,0.040639999999999996,1352.5338596774566,0.9814568908280376,122407.2867495396,1.2285508508419214,0.018820926404993735,0.009410463202496867,0.0005193696192625011,0.9969632416941444,8932
923,0.25,2,98,2,2,0,0,0,2,0.04876799999999999,1352.5826276774567,0.9814577701901646,122408.78790843241,1.2284933047190398,0.017222439902389145,0.008611219951194573,0.0004442436008895382,0.9973456469112709,8932
924,0.25,2,98,2,2,0,0,0,2,0.040639999999999996,1352.6232676774566,0.9814586494688923,122411.02453035937,1.2284354696215363,0.01589036781688532,0.00794518390844266,0.0003816385855787371,0.9976980506149845,8932
925,0.25,2,98,2,2,0,0,0,2,0.040639999999999996,1352.6639076774566,0.9814595286642326,122413.26101789033,1.2283776401125048,0.014558295731381487,0.007279147865690744,0.000319033570267936,0.9980827522549718,8932
926,0.25,2,98,2,2,0,0,0,2,0.04876799999999999,1352.7126756774567,0.9814604077761973,122414.76181707937,1.2283200125291225,0.012984851234901208,0.006492425617450604,0.00037711476044535643,0.996637438050734,8932
927,0.25,2,98,2,2,0,0,0,2,0.05283199999999999,1352.7655076774568,0.9814612868047983,122415.89474314451,1.2282626850063765,0.011265678526808386,0.005632839263404193,0.00036233184481650497,0.9958793566846477,8932
928,0.25,2,98,2,2,0,0,0,2,0.04876799999999999,1352.8142756774569,0.9814621657500474,122417.39533467556,1.2282052648627446,0.009642150018079464,0.004821075009039732,0.00015399861789315876,0.9989806977892902,8932
929,0.25,2,98,2,2,0,0,0,2,0.040639999999999996,1352.8549156774568,0.9814630446119565,122419.63131505938,1.2281474576473463,0.00831007793257563,0.004155038966287815,9.139360258235635e-05,0.9995164166680194,8932
930,0.25,2,98,2,2,0,0,0,2,0.044703999999999994,1352.8996196774567,0.9814639233905376,122421.49941581492,1.22808985231643,0.006832277635459256,0.003416138817729628,4.407551853471709e-05,0.9998335623592277,8932
931,0.25,2,98,2,2,0,0,0,2,0.040639999999999996,1352.9402596774567,0.9814648020858023,122423.73513187269,1.228032056259599,0.005500205549955424,0.002750102774977712,0.00010668053384551841,0.998497482682208,8932
932,0.25,2,98,2,2,0,0,0,2,0.040639999999999996,1352.9808996774566,0.9814656806977626,122425.97071362034,1.2279742657855794,0.004168133464451594,0.002084066732225797,0.00016928554915631973,0.9934451849757678,8932
933,0.25,2,98,2,2,0,0,0,2,0.040639999999999996,1353.0215396774565,0.9814665592264303,122428.20616107,1.2279164808935628,0.002836061378947763,0.0014180306894738814,0.00023189056446712138,0.9739544494910701,8932
934,0.25,2,98,2,2,0,0,0,2,0.04876799999999999,1353.0703076774566,0.9814674376718172,122429.70602492068,1.227859094107007,0.0012125328702188457,0.0006062664351094228,0.00044022379139046694,0.6547698884495974,8932
935,0.25,1,99,2,1,0,1,0,2,0.02495051935247762,1353.095258196809,0.981444618228352,122430.40465662809,1.227829961212702,0.0004430591990587766,0.0004430591990587766,0.0,1.0,8932
936,0.25,0,100,1,0,0,1,0,1,0.014919622153093393,1353.110177818962,0.981421360695751,122429.05471823619,1.227829961212702,0.0,0.0,0.0,0.0,8932
