round,lambda_energy,alive_nodes,dead_nodes,generated_round,delivered_round,channel_drops_round,energy_drops_round,route_drops_round,fallback_direct_round,round_airtime_s,elapsed_channel_time_s,pdr,goodput_bps,average_delay_s,residual_energy_j,mean_alive_energy_j,std_alive_energy_j,jain_energy_fairness,route_changes_total
1,1.0,100,0,100,100,0,0,0,0,2.5643839999999947,2.5643839999999947,1.0,155982.87931916624,1.270853954591171,49.85790592033677,0.4985790592033677,0.002244947022959029,0.9999797261923747,0
2,1.0,100,0,100,100,0,0,0,0,2.5603199999999946,5.124703999999989,1.0,156106.57708230597,1.2623195512826284,49.72544964985222,0.4972544964985222,0.003022921504012926,0.9999630444004738,26
3,1.0,100,0,100,100,0,0,0,0,2.5603199999999946,7.685023999999983,1.0,156147.85327931345,1.2612358172003477,49.589819057527144,0.49589819057527146,0.003931357976473733,0.999937154694671,52
4,1.0,100,0,100,100,0,0,0,0,2.560319999999995,10.245343999999978,1.0,156168.49956429022,1.2569347508495654,49.45178949256405,0.4945178949256405,0.004971254389172726,0.9998989528509733,78
5,1.0,100,0,100,100,0,0,0,0,2.560319999999995,12.805663999999974,1.0,156180.8899561947,1.2554107508035497,49.31521543166102,0.4931521543166102,0.006005829614543569,0.9998517073120041,103
6,1.0,100,0,100,100,0,0,0,0,2.564383999999995,15.370047999999969,1.0,156147.85327931342,1.2559119771244325,49.17974131042492,0.49179741310424924,0.007062766775744334,0.9997938004608994,127
7,1.0,100,0,100,100,0,0,0,0,2.560319999999995,17.930367999999962,1.0,156159.65048793232,1.2564790018708087,49.044232326852445,0.49044232326852444,0.008151475271388452,0.9997238299408341,151
8,1.0,100,0,100,100,0,0,0,0,2.5603199999999946,20.490687999999956,1.0,156168.49956429022,1.25756467044052,48.908928601133354,0.48908928601133356,0.009239980794467216,0.9996432114902843,174
9,1.0,100,0,100,100,0,0,0,0,2.560319999999995,23.05100799999995,1.0,156175.38287262787,1.2589961013518882,48.774757324673864,0.4877475732467386,0.010314449242179202,0.9995529998401849,196
10,1.0,100,0,100,100,0,0,0,0,2.5643839999999947,25.615391999999943,1.0,156156.11113817853,1.2607223982943507,48.63767194034,0.4863767194034,0.011428612548552649,0.9994481745323265,219
11,1.0,100,0,100,100,0,0,0,0,2.5603199999999946,28.175711999999937,1.0,156162.868217847,1.2625670846705963,48.50220983654406,0.48502209836544063,0.012525089795760926,0.9993335783091805,243
12,1.0,100,0,100,100,0,0,0,0,2.5603199999999946,30.73603199999993,1.0,156168.49956429025,1.2645445899643106,48.36844704043023,0.48368447040430235,0.013620006575453637,0.9992077064473406,266
13,1.0,100,0,100,100,0,0,0,0,2.5603199999999946,33.29635199999993,1.0,156173.26486697435,1.2666242637115672,48.23370384821092,0.48233703848210924,0.014719957909855294,0.9990695187624156,290
14,1.0,100,0,100,100,0,0,0,0,2.5603199999999946,35.856671999999925,1.0,156177.3496436036,1.2673327841739646,48.098410915572984,0.48098410915572987,0.015816988107209183,0.9989197687731827,313
15,1.0,100,0,100,100,0,0,0,0,2.5603199999999946,38.41699199999992,1.0,156180.8899561947,1.2682990484900258,47.96450225461751,0.4796450225461751,0.01690512608151358,0.9987593256837507,332
16,1.0,100,0,100,100,0,0,0,0,2.5643839999999942,40.98137599999992,1.0,156168.4995642902,1.2696398297807021,47.828456517561655,0.47828456517561657,0.018022617040020214,0.9985820962452975,354
17,1.0,100,0,100,100,0,0,0,0,2.5643839999999947,43.545759999999916,1.0,156157.56849805845,1.2709902132894892,47.693642008307485,0.47693642008307485,0.01912238100588729,0.9983950357170035,377
18,1.0,100,0,100,100,0,0,0,0,2.5603199999999946,46.10607999999991,1.0,156161.6168626787,1.2724727764210593,47.5583831159222,0.475583831159222,0.02023194557408697,0.9981935086966274,399
19,1.0,100,0,100,100,0,0,0,0,2.5603199999999946,48.66639999999991,1.0,156165.2392615853,1.2740773434417236,47.424471278040876,0.47424471278040875,0.02132110010333458,0.9979828541418848,421
20,1.0,100,0,100,100,0,0,0,0,2.5603199999999946,51.22671999999991,1.0,156168.49956429016,1.2757856138191368,47.28866493616961,0.4728866493616961,0.02245072480038759,0.9977511067304228,444
21,1.0,100,0,100,100,0,0,0,0,2.5603199999999946,53.787039999999905,1.0,156171.44947928004,1.2775827726824502,47.152768156399546,0.47152768156399544,0.023557161298407753,0.9975102891717386,468
22,1.0,100,0,100,100,0,0,0,0,2.5643839999999947,56.3514239999999,1.0,156162.8682178469,1.2787067061962833,47.01868385506226,0.47018683855062254,0.02464906256980275,0.9972592592605225,490
23,1.0,100,0,100,100,0,0,0,0,2.5603199999999946,58.9117439999999,1.0,156165.8062609726,1.2789130385381855,46.88386670842517,0.46883866708425165,0.025750220489759924,0.9969924909255303,513
24,1.0,100,0,100,100,0,0,0,0,2.5643839999999947,61.476127999999896,1.0,156158.1757393702,1.2794459231271562,46.74720268601506,0.4674720268601506,0.02689710086118657,0.9967003770978259,537
25,1.0,100,0,100,100,0,0,0,0,2.5643839999999947,64.0405119999999,1.0,156151.15631805093,1.2800499689607252,46.61130081295544,0.4661130081295544,0.028011836115578698,0.9964013879408541,561
26,1.0,100,0,100,100,0,0,0,0,2.5643839999999947,66.60489599999988,1.0,156144.67741230343,1.2809436112608048,46.47617238396355,0.4647617238396355,0.02910124741222057,0.9960946217976924,585
27,1.0,100,0,100,100,0,0,0,0,2.5603199999999946,69.16521599999987,1.0,156147.8532793134,1.2818192237769417,46.34086773824169,0.4634086773824169,0.030210076650765798,0.9957681180143583,609
28,1.0,100,0,100,100,0,0,0,0,2.5603199999999946,71.72553599999986,1.0,156150.80241435938,1.2828209782529025,46.20548952564901,0.4620548952564901,0.03131052213559255,0.9954290781981049,632
29,1.0,100,0,100,100,0,0,0,0,2.560319999999995,74.28585599999985,1.0,156153.54826092362,1.2839358255465145,46.070910167163504,0.46070910167163504,0.03241687418876871,0.9950734394954027,656
30,1.0,100,0,100,100,0,0,0,0,2.560319999999995,76.84617599999984,1.0,156156.1111381785,1.2851524563550736,45.93520732572061,0.4593520732572061,0.03350773779131935,0.9947070953467805,680
31,1.0,100,0,100,100,0,0,0,0,2.5603199999999946,79.40649599999983,1.0,156158.50874467532,1.2864610206609746,45.80141906428366,0.45801419064283655,0.03459587533174499,0.9943269061208072,702
32,1.0,100,0,100,100,0,0,0,0,2.5603199999999946,81.96681599999982,1.0,156160.75656763377,1.2878528997054197,45.66501528145889,0.4566501528145889,0.03573295287678265,0.99391417467711,725
33,1.0,100,0,100,100,0,0,0,0,2.5643839999999947,84.53119999999981,1.0,156155.3603876442,1.2887109193966009,45.53061767438911,0.4553061767438911,0.03683372822534954,0.9934979359421072,748
34,1.0,100,0,100,100,0,0,0,0,2.5603199999999946,87.0915199999998,1.0,156157.56849805848,1.2896678791192264,45.39519320070234,0.4539519320070234,0.03794310608090639,0.9930621889327176,771
35,1.0,100,0,100,100,0,0,0,0,2.5603199999999946,89.6518399999998,1.0,156159.65048793235,1.2907211039888158,45.26100565410605,0.4526100565410605,0.0390324092925739,0.9926178241028847,792
36,1.0,100,0,100,100,0,0,0,0,2.560319999999994,92.21215999999978,1.0,156161.61686267878,1.2918625719068506,45.12384060681754,0.4512384060681754,0.04016678446794606,0.9921386992961236,815
37,1.0,100,0,100,100,0,0,0,0,2.560319999999994,94.77247999999977,1.0,156163.47699247752,1.29308512803166,44.990017716048584,0.44990017716048586,0.04125381141624188,0.9916620454957371,837
38,1.0,100,0,100,100,0,0,0,0,2.5643839999999942,97.33686399999976,1.0,156158.7190645472,1.2943834401749643,44.85475816407156,0.4485475816407156,0.04237054307286356,0.9911559131602982,860
39,1.0,100,0,100,100,0,0,0,0,2.560319999999994,99.89718399999975,1.0,156160.55803935413,1.295228571184678,44.72001550013472,0.4472001550013472,0.04346536494788639,0.9906416485127554,884
40,1.0,100,0,100,100,0,0,0,0,2.5603199999999937,102.45750399999974,1.0,156162.30510553956,1.2956555256642186,44.58457745058105,0.44584577450581053,0.04458072216907131,0.9901007051779304,905
41,1.0,100,0,100,100,0,0,0,0,2.5603199999999937,105.01782399999973,1.0,156163.96698526188,1.2961905116166947,44.44973541573343,0.44449735415733427,0.045689100374301655,0.9895450389536224,928
42,1.0,100,0,100,100,0,0,0,0,2.5603199999999937,107.57814399999972,1.0,156165.5497607399,1.296342002994677,44.3145854968419,0.443145854968419,0.04680986156483909,0.9889652534165094,951
43,1.0,100,0,100,100,0,0,0,0,2.564383999999994,110.14252799999971,1.0,156161.29675178733,1.2966234901246,44.17782155376876,0.4417782155376876,0.04793132250516129,0.9883654977655449,974
44,1.0,100,0,100,100,0,0,0,0,2.5603199999999937,112.7028479999997,1.0,156162.86821784705,1.2969984005514503,44.04280830820679,0.4404280830820679,0.04904207218126185,0.9877528256965753,998
45,1.0,100,0,100,100,0,0,0,0,2.564383999999994,115.2672319999997,1.0,156158.8639518996,1.2975038554309313,43.90879041277632,0.4390879041277632,0.05012319785429206,0.9871367147514817,1021
46,1.0,100,0,100,100,0,0,0,0,2.5603199999999937,117.82755199999968,1.0,156160.41993302252,1.2980730313805868,43.773229087577974,0.43773229087577975,0.05125202723039256,0.9864764212140383,1043
47,1.0,100,0,100,100,0,0,0,0,2.560319999999994,120.38787199999967,1.0,156161.9097312398,1.2987303956047456,43.637758802256,0.43637758802256,0.05235430103134175,0.9858103001792626,1067
48,1.0,100,0,100,100,0,0,0,0,2.560319999999994,122.94819199999966,1.0,156163.33748120553,1.299470436314181,43.50307962637862,0.4350307962637862,0.053447959315003554,0.9851298371425723,1090
49,1.0,100,0,100,100,0,0,0,0,2.560319999999994,125.50851199999966,1.0,156164.70698019312,1.3002880916888329,43.368011200571985,0.4336801120057199,0.05455968533648441,0.9844193757484458,1112
50,1.0,100,0,100,100,0,0,0,0,2.5603199999999937,128.06883199999965,1.0,156166.02172181953,1.3007723048340059,43.23216404463399,0.4323216404463399,0.05567936537486842,0.9836833897160873,1136
51,1.0,100,0,100,100,0,0,0,0,2.5603199999999937,130.62915199999964,1.0,156167.28492580322,1.300942690022845,43.097233060016066,0.43097233060016066,0.05678370078589841,0.98293626998415,1160
52,1.0,100,0,100,100,0,0,0,0,2.5603199999999937,133.18947199999963,1.0,156168.49956429034,1.3012081219124498,42.963769856727296,0.42963769856727296,0.05787123794287777,0.9821798319919395,1182
53,1.0,100,0,100,100,0,0,0,0,2.568447999999994,135.75791999999961,1.0,156160.31830776474,1.3015662877250418,42.826177167269606,0.4282617716726961,0.05901571601605242,0.9813642457883471,1205
54,1.0,100,0,100,100,0,0,0,0,2.568447999999994,138.3263679999996,1.0,156152.4408708545,1.3020677274030736,42.68941256221403,0.4268941256221403,0.06014057503699982,0.9805392410145367,1229
55,1.0,100,0,100,100,0,0,0,0,2.5603199999999937,140.8866879999996,1.0,156153.85890823172,1.3025864005225098,42.55563488244901,0.4255563488244901,0.06124100139032105,0.9797106447839501,1252
56,1.0,100,0,100,100,0,0,0,0,2.5603199999999937,143.44700799999958,1.0,156155.22632580853,1.302818035326911,42.42177427666578,0.4242177427666578,0.06232612417037338,0.9788705664908639,1274
57,1.0,100,0,100,100,0,0,0,0,2.568447999999994,146.01545599999957,1.0,156147.85327931357,1.3028283608581965,42.283835401152935,0.42283835401152936,0.06347992607635704,0.9779583333861135,1297
58,1.0,100,0,100,100,0,0,0,0,2.564383999999994,148.57983999999956,1.0,156145.0059442793,1.3029098006655537,42.14896489412322,0.4214896489412322,0.06458272004317699,0.9770606885666018,1320
59,1.0,100,0,100,100,0,0,0,0,2.564383999999994,151.14422399999955,1.0,156142.2552276961,1.3030656269055627,42.01363069759713,0.4201363069759713,0.06570683771498004,0.9761248518428645,1344
60,1.0,100,0,100,100,0,0,0,0,2.564383999999994,153.70860799999954,1.0,156139.59629378773,1.3033259869513367,41.877752906973576,0.41877752906973575,0.06681752307947,0.975174592722763,1367
61,1.0,100,0,100,100,0,0,0,0,2.5603199999999937,156.26892799999953,1.0,156141.08519385295,1.3036264453559314,41.741498269450624,0.4174149826945062,0.0679274124539345,0.9742010130687492,1389
62,1.0,100,0,100,100,0,0,0,0,2.5603199999999937,158.82924799999952,1.0,156142.52609192027,1.3036746825259597,41.60687916611261,0.41606879166112615,0.06902574265441437,0.9732144576292033,1411
63,1.0,100,0,100,100,0,0,0,0,2.5603199999999937,161.3895679999995,1.0,156143.92127253278,1.3038052486740135,41.47070915668124,0.4147070915668124,0.0701357110038342,0.9721933836274242,1434
64,1.0,100,0,100,100,0,0,0,0,2.5603199999999937,163.9498879999995,1.0,156145.27287752755,1.3036967846052352,41.33631493106956,0.41336314931069557,0.07124434064178484,0.9711514369746591,1457
65,1.0,100,0,100,100,0,0,0,0,2.5603199999999937,166.5102079999995,1.0,156146.58291700698,1.3036729379155592,41.20135381413083,0.4120135381413083,0.07234737869456129,0.9700887812032031,1480
66,1.0,100,0,100,100,0,0,0,0,2.564383999999994,169.07459199999948,1.0,156144.0999958177,1.3037754283967289,41.06629249312424,0.41066292493124235,0.0734516722338323,0.9690003827536379,1504
67,1.0,100,0,100,100,0,0,0,0,2.5603199999999937,171.63491199999947,1.0,156145.38841608216,1.30390882721661,40.93095719919813,0.4093095719919813,0.07456062269046157,0.9678827751875658,1526
68,1.0,100,0,100,100,0,0,0,0,2.5603199999999937,174.19523199999946,1.0,156146.63896196702,1.304115996667126,40.79710653033543,0.40797106530335425,0.07564800836902764,0.9667604491397029,1548
69,1.0,100,0,100,100,0,0,0,0,2.5603199999999937,176.75555199999945,1.0,156147.8532793136,1.3043937293403154,40.66161736565948,0.4066161736565948,0.0767631452586847,0.9655866098514251,1572
70,1.0,100,0,100,100,0,0,0,0,2.5603199999999937,179.31587199999944,1.0,156149.0329199642,1.3044487153204902,40.52816041850515,0.40528160418505155,0.0778607847939471,0.9644054563275841,1595
71,1.0,100,0,100,100,0,0,0,0,2.564383999999994,181.88025599999943,1.0,156146.69027076854,1.3045880115813626,40.39088109095476,0.40390881090954756,0.07900541110847395,0.9631497174544368,1619
72,1.0,100,0,100,100,0,0,0,0,2.5603199999999937,184.44057599999942,1.0,156147.8532793136,1.304503305176083,40.25592406799831,0.40255924067998305,0.08010953204797432,0.9619072786177535,1644
73,1.0,100,0,100,100,0,0,0,0,2.560319999999994,187.00089599999941,1.0,156148.98444123013,1.304493292092782,40.12056335715202,0.4012056335715202,0.08122462971361957,0.9606271987951904,1666
74,1.0,100,0,100,100,0,0,0,0,2.560319999999994,189.5612159999994,1.0,156150.0850469333,1.3042803496339976,39.98549214038407,0.39985492140384066,0.08232064234429137,0.959338402284325,1688
75,1.0,100,0,100,100,0,0,0,0,2.5603199999999937,192.1215359999994,1.0,156151.15631805116,1.3038725949561416,39.85015642437024,0.3985015642437024,0.08344611766020221,0.9579936597674243,1712
76,1.0,100,0,100,100,0,0,0,0,2.5643839999999942,194.68591999999938,1.0,156148.93978979115,1.3032910864671348,39.71496021754349,0.39714960217543493,0.08455562365772878,0.9566365621344701,1736
77,1.0,100,0,100,100,0,0,0,0,2.560319999999994,197.24623999999937,1.0,156149.99809375376,1.3025162041679874,39.579268887984135,0.39579268887984137,0.08567379833533095,0.9552416804943684,1759
78,1.0,100,0,100,100,0,0,0,0,2.5643839999999942,199.81062399999936,1.0,156147.85327931363,1.301863832693668,39.444735448740225,0.39444735448740226,0.0867719165369193,0.9538410122587051,1784
79,1.0,100,0,100,100,0,0,0,0,2.560319999999994,202.37094399999935,1.0,156148.8985296234,1.3012603860814793,39.31015966395496,0.39310159663954963,0.08787307791572527,0.9524089246500471,1807
80,1.0,100,0,100,100,0,0,0,0,2.5643839999999942,204.93532799999934,1.0,156146.821108365,1.3007527976076978,39.17409873426281,0.39174098734262813,0.08901278806419363,0.95090428537007,1831
81,1.0,100,0,100,100,0,0,0,0,2.5684479999999943,207.50377599999933,1.0,156141.7369098869,1.3003651120797837,39.03792921605801,0.3903792921605801,0.09011829868947961,0.949405405002105,1854
82,1.0,100,0,100,100,0,0,0,0,2.560319999999994,210.06409599999932,1.0,156142.8184281435,1.2997475027712424,38.90317950709563,0.3890317950709563,0.09121740778193663,0.9478874833484615,1876
83,1.0,100,0,100,100,0,0,0,0,2.560319999999994,212.62441599999931,1.0,156143.87390016444,1.2992084286567882,38.76580211533671,0.3876580211533671,0.09235807519236255,0.9462875076956682,1899
84,1.0,100,0,100,100,0,0,0,0,2.560319999999994,215.1847359999993,1.0,156144.90425566296,1.2987450848556683,38.631183820853934,0.3863118382085393,0.09346129993469872,0.9447052463188472,1921
85,1.0,100,0,100,100,0,0,0,0,2.5643839999999942,217.7491199999993,1.0,156142.99612324545,1.2983810950538521,38.495554332004765,0.38495554332004767,0.09457177994639393,0.94308177814722,1944
86,1.0,100,0,100,100,0,0,0,0,2.5643839999999942,220.31350399999928,1.0,156141.13241102148,1.2978379645051843,38.360478596795346,0.38360478596795344,0.09568323504526371,0.941427908055038,1968
87,1.0,100,0,100,100,0,0,0,0,2.560319999999994,222.87382399999927,1.0,156142.15871308473,1.2973549666203774,38.22610672650708,0.3822610672650708,0.09678688688262252,0.9397541470826968,1993
88,1.0,100,0,100,100,0,0,0,0,2.5643839999999942,225.43820799999926,1.0,156140.34689275082,1.2969600696125787,38.089751216621146,0.3808975121662115,0.09791540534527192,0.9380138007164726,2016
89,1.0,100,0,100,100,0,0,0,0,2.560319999999994,227.99852799999925,1.0,156141.35894772143,1.2966165132082297,37.9552086769184,0.379552086769184,0.09901400469855767,0.9362826835299143,2039
90,1.0,100,0,100,100,0,0,0,0,2.560319999999994,230.55884799999924,1.0,156142.34852526727,1.2963392936031666,37.8191742857523,0.378191742857523,0.10012457941358521,0.9345006581672414,2061
91,1.0,100,0,100,100,0,0,0,0,2.5603199999999946,233.11916799999923,1.0,156143.31636598893,1.2961262238832796,37.684035927789715,0.37684035927789716,0.10124095911094615,0.9326819893205119,2084
92,1.0,100,0,100,100,0,0,0,0,2.560319999999994,235.67948799999922,1.0,156144.26317830477,1.29597521221746,37.5497099799558,0.375497099799558,0.10233349445420868,0.9308633448829811,2107
93,1.0,100,0,100,100,0,0,0,0,2.560319999999994,238.23980799999921,1.0,156145.1896401802,1.2958842567132938,37.41279423861024,0.37412794238610236,0.10344342571051644,0.9289813376970459,2130
94,1.0,100,0,100,100,0,0,0,0,2.5603199999999946,240.8001279999992,1.0,156146.0964007466,1.2956352704600107,37.278953322275555,0.37278953322275554,0.10454037247233494,0.9270938186854072,2153
95,1.0,100,0,100,100,0,0,0,0,2.5643839999999947,243.3645119999992,1.0,156144.3765473913,1.2954826451929744,37.142598152812454,0.37142598152812456,0.10566450076125766,0.9251286311396979,2176
96,1.0,100,0,100,100,0,0,0,0,2.5643839999999947,245.92889599999918,1.0,156142.69256102433,1.2953818829485286,37.00861799364101,0.37008617993641013,0.10675266799312846,0.9231859070554947,2200
97,1.0,100,0,100,100,0,0,0,0,2.5603199999999946,248.48921599999917,1.0,156143.5969921533,1.2953091743617453,36.87276042885491,0.3687276042885491,0.10787349240351869,0.921158891198467,2225
98,1.0,100,0,100,100,0,0,0,0,2.645663999999994,251.13487999999916,1.0,156091.41987763759,1.2957724834998812,36.73856240592951,0.3673856240592951,0.10884935352408463,0.919301517395641,2248
99,1.0,100,0,100,100,0,0,0,0,2.641599999999994,253.77647999999914,1.0,156042.829500985,1.2960527892102198,36.60592918442596,0.3660592918442596,0.10981479120316376,0.9174353263268017,2270
100,1.0,100,0,100,100,0,0,0,0,2.641599999999994,256.4180799999991,1.0,155995.2402732293,1.296185248832257,36.472043450835606,0.36472043450835606,0.11077074725259663,0.9155477940231449,2292
101,1.0,100,0,100,100,0,0,0,0,2.641599999999994,259.0596799999991,1.0,155948.62156859046,1.2963754419222884,36.338265736508625,0.36338265736508624,0.11173101527760507,0.9136251795770824,2313
102,1.0,100,0,100,100,0,0,0,0,2.641599999999994,261.7012799999991,1.0,155902.9439978289,1.2964224547501002,36.205464763547575,0.36205464763547573,0.11269512387826691,0.9116715889879967,2336
103,1.0,100,0,100,100,0,0,0,0,2.641599999999994,264.34287999999907,1.0,155858.1793464615,1.2965277391538272,36.072356446025765,0.36072356446025766,0.11366655966189726,0.9096760041407442,2359
104,1.0,100,0,100,100,0,0,0,0,2.6456639999999942,266.9885439999991,1.0,155811.9287694986,1.29652392810215,35.939009599686635,0.35939009599686633,0.11462293256342018,0.9076707781640124,2377
105,1.0,100,0,100,100,0,0,0,0,2.641599999999994,269.63014399999906,1.0,155768.93361003487,1.2965488311666273,35.80542958488799,0.3580542958488799,0.11559523044917344,0.905610536091357,2398
106,1.0,100,0,100,100,0,0,0,0,2.6537919999999944,272.2839359999991,1.0,155719.79979017252,1.2966848326768967,35.669399427506114,0.35669399427506115,0.11658927038696486,0.90347461762126,2419
107,1.0,100,0,100,100,0,0,0,0,2.6456639999999942,274.9295999999991,1.0,155676.2167478516,1.2968429799388217,35.534759609506835,0.35534759609506833,0.11757090391661693,0.9013317100999781,2442
108,1.0,100,0,100,100,0,0,0,0,2.6415999999999946,277.57119999999907,1.0,155635.7431894957,1.2970335703988274,35.402844667586656,0.3540284466758666,0.11852204450795871,0.8992171717996705,2463
109,1.0,100,0,100,100,0,0,0,0,2.6497279999999943,280.22092799999905,1.0,155591.5195598815,1.2973429566293557,35.26790729478265,0.3526790729478265,0.11948663408196729,0.8970352045652371,2484
110,1.0,100,0,100,100,0,0,0,0,2.6415999999999946,282.86252799999903,1.0,155552.59408556283,1.2976363729323184,35.13495436277201,0.3513495436277201,0.12045275723236928,0.8948292706602107,2506
111,1.0,100,0,100,100,0,0,0,0,2.641599999999994,285.504127999999,1.0,155514.38891979927,1.2979794213870417,35.00155564608676,0.35001555646086757,0.12141266435613954,0.8925987006430466,2528
112,1.0,100,0,100,100,0,0,0,0,2.641599999999994,288.145727999999,1.0,155476.88425212452,1.2983707725356108,34.86748539255953,0.3486748539255953,0.12239171058048552,0.8903016866563955,2549
113,1.0,100,0,100,100,0,0,0,0,2.641599999999994,290.787327999999,1.0,155440.06099192932,1.298809144015423,34.734385831477276,0.34734385831477277,0.12335077136825419,0.8880092894782007,2571
114,1.0,100,0,100,100,0,0,0,0,2.661919999999994,293.449247999999,1.0,155393.1397363818,1.2991864387904437,34.60131819910192,0.34601318199101916,0.12430832004268817,0.8856870574364096,2594
115,1.0,100,0,100,100,0,0,0,0,2.661919999999994,296.111167999999,1.0,155347.0620871691,1.2996119475738808,34.46821908514948,0.34468219085149476,0.12524978978288778,0.8833584482451914,2617
116,1.0,100,0,100,100,0,0,0,0,2.661919999999994,298.773087999999,1.0,155301.80549594935,1.3000844234690685,34.33390835157674,0.34333908351576736,0.12619191661239257,0.8809890078734879,2640
117,1.0,100,0,100,100,0,0,0,0,2.665983999999994,301.439071999999,1.0,155255.255032102,1.3006075250693272,34.199367030078875,0.34199367030078875,0.12714090421589777,0.8785737264950294,2661
118,1.0,100,0,100,100,0,0,0,0,2.661919999999994,304.100991999999,1.0,155211.59496908236,1.3011703218806838,34.06817671621906,0.34068176716219056,0.1280761612293449,0.876169668314129,2682
119,1.0,100,0,100,100,0,0,0,0,2.706623999999994,306.807615999999,1.0,155146.08346619454,1.301998062627471,33.93402386482712,0.3393402386482712,0.12898421129056203,0.8737606206671565,2704
120,1.0,100,0,100,100,0,0,0,0,2.702559999999994,309.510175999999,1.0,155083.75401524815,1.3028448583733307,33.80046625946078,0.33800466259460776,0.12988527702345473,0.8713352058727826,2725
121,1.0,100,0,100,100,0,0,0,0,2.702559999999994,312.212735999999,1.0,155022.5036303457,1.3037330756704508,33.66647444743385,0.3366647444743385,0.13078486772785639,0.868877225548634,2746
122,1.0,100,0,100,100,0,0,0,0,2.702559999999994,314.915295999999,1.0,154962.3045302955,1.304495138577414,33.53202487473695,0.3353202487473695,0.1316935037867189,0.8663677120239175,2768
123,1.0,100,0,100,100,0,0,0,0,2.706623999999994,317.62191999999897,1.0,154901.14788047425,1.305165512647022,33.400163922421584,0.33400163922421583,0.13258453763976183,0.8638745739155429,2791
124,1.0,100,0,100,100,0,0,0,0,2.7716479999999932,320.39356799999894,1.0,154809.59967336225,1.3063752671449926,33.265246512737654,0.33265246512737656,0.13341034312972933,0.8614442134349908,2815
125,1.0,100,0,100,100,0,0,0,0,2.7675839999999936,323.16115199999894,1.0,154721.56752306715,1.3076157340514565,33.134582416922896,0.331345824169229,0.13420831245797585,0.8590641655376693,2838
126,1.0,100,0,100,100,0,0,0,0,2.7675839999999936,325.92873599999893,1.0,154635.0304012475,1.308403662759892,33.00226804656235,0.3300226804656235,0.135023016966449,0.8566121732312512,2862
127,1.0,99,1,100,99,0,1,0,0,2.7362735684132877,328.66500956841224,0.9999212598425197,154552.50337327653,1.3091967665979143,32.872778815111396,0.33204827085971106,0.1323723431961823,0.8628686483308009,2886
128,1.0,99,1,99,99,0,0,0,0,2.722879999999994,331.3878895684122,0.9999218688960075,154477.58234819816,1.3101146877323935,32.742870992949285,0.33073607063585136,0.13319916510624713,0.8604401350965752,2904
129,1.0,98,2,99,98,0,1,0,0,2.800404909026867,334.1882944774391,0.9998449371995658,154356.09461025696,1.3115252384318656,32.61460709001887,0.3328021131634578,0.13037744554645464,0.8669468241831331,2925
130,1.0,98,2,98,98,0,0,0,0,2.7879039999999944,336.9761984774391,0.9998461064943059,154242.3477825537,1.312625330857249,32.487709805476335,0.3315072429130238,0.13108502878253425,0.8647840791619973,2945
131,1.0,98,2,98,98,0,0,0,0,2.7838399999999948,339.7600384774391,0.999847258286238,154132.31124730216,1.3137632770785508,32.36101133411776,0.33021440136854857,0.13178998062997116,0.862601230890799,2965
132,1.0,98,2,98,98,0,0,0,0,2.7919679999999945,342.5520064774391,0.9998483929654336,154020.4085871406,1.3149594930662376,32.236547456086996,0.32894436179680614,0.13249925382054994,0.8604008422183642,2985
133,1.0,98,2,98,98,0,0,0,0,2.7838399999999943,345.3358464774391,0.999849510910459,153913.93781494515,1.3161827173239717,32.10971985785885,0.32765020263121275,0.13321325272908346,0.8581477995565291,3004
134,1.0,98,2,98,98,0,0,0,0,2.787903999999994,348.12375047743905,0.9998506124887959,153807.37432182193,1.317459073497249,31.985489880550222,0.32638254980153286,0.1339216379883723,0.8558981004647468,3023
135,1.0,98,2,98,98,0,0,0,0,2.787903999999994,350.911654477439,0.9998516980572445,153702.50406849248,1.318771429254733,31.85939954184633,0.3250959136923095,0.1346417728628114,0.8535856260533039,3043
136,1.0,98,2,98,98,0,0,0,0,2.783839999999994,353.695494477439,0.9998527679623086,153601.05188861937,1.3199690963285717,31.733063692187837,0.32380677236926364,0.1353556709119157,0.8512554792871571,3063
137,1.0,98,2,98,98,0,0,0,0,2.7838399999999943,356.479334477439,0.9998538225405642,153501.18424175621,1.3209163991548136,31.60717652443543,0.32252220943301463,0.13607212692438334,0.84889670292532,3083
138,1.0,98,2,98,98,0,0,0,0,2.7838399999999943,359.263174477439,0.9998548621190131,153402.8642934594,1.3219077438366247,31.481685018456147,0.32124168386179747,0.1367950968786444,0.8465012392834621,3103
139,1.0,98,2,98,98,0,0,0,0,2.844799999999994,362.10797447743903,0.99985588701542,153280.24763911447,1.3231942900490217,31.35475548515225,0.31994648454236985,0.1374454881691363,0.8442047894004688,3124
140,1.0,98,2,98,98,0,0,0,0,2.844799999999994,364.95277447743905,0.9998568975386377,153159.54257378972,1.3245238645194863,31.231807305760583,0.3186919112832713,0.13807781363749583,0.8419507589974105,3143
141,1.0,98,2,98,98,0,0,0,0,2.8488639999999936,367.80163847743904,0.9998578939889158,153039.0137276474,1.3259186723481937,31.104512952949463,0.31739298931581084,0.138718359986174,0.8396182022864512,3162
142,1.0,97,3,98,97,0,1,0,0,2.8245521882133366,370.62619066565236,0.9997883149872989,152919.57618593745,1.3272374088918473,30.98231938100048,0.3194053544433039,0.13622207247986698,0.8461019017140521,3182
143,1.0,97,3,97,97,0,0,0,0,2.8244799999999937,373.45067066565235,0.9997897540121943,152801.97488542998,1.328717484953172,30.861979572007897,0.3181647378557515,0.136830223359746,0.8439157525159218,3199
144,1.0,97,3,97,97,0,0,0,0,2.824479999999994,376.27515066565235,0.9997911736043436,152686.13911485815,1.3299625283151508,30.740732091140217,0.3169147638261878,0.13744261027075494,0.8416894894172718,3218
145,1.0,97,3,97,97,0,0,0,0,2.824479999999994,379.09963066565234,0.9997925741547397,152572.02941200463,1.3311135786819945,30.620748528327635,0.31567781987966637,0.13805175956652033,0.8394561198470867,3238
146,1.0,97,3,97,97,0,0,0,0,2.8244799999999946,381.92411066565234,0.999793956043956,152459.60748200712,1.3319017119954082,30.496207565774206,0.3143938924306619,0.13867429456530292,0.8371314005319928,3258
147,1.0,97,3,97,97,0,0,0,0,2.8244799999999946,384.74859066565233,0.9997953196424917,152348.83615450974,1.3327376508444555,30.375170179145982,0.3131460843210926,0.1392928431308588,0.834820311770727,3278
148,1.0,97,3,97,97,0,0,0,0,2.8244799999999946,387.5730706656523,0.9997966653111021,152239.67934268835,1.3336204521166994,30.253109139543753,0.3118877230880799,0.13991353863560507,0.8324703452452599,3298
149,1.0,96,4,97,96,0,1,0,0,2.816811799040151,390.38988246469245,0.9997306578681571,152124.84407910125,1.3345305376749117,30.133486525621155,0.313890484641887,0.13756137478259234,0.8388840143698161,3316
150,1.0,96,4,96,96,0,0,0,0,2.804159999999995,393.1940424646924,0.9997323877701211,152016.5453813236,1.3351015650089133,30.01757446252023,0.31268306731791906,0.13814908406639492,0.8366777002660164,3336
151,1.0,95,5,96,95,0,1,0,0,2.7333233432749457,395.92736580796736,0.9996676194907931,151926.85627387252,1.3356080342277186,29.902170844548827,0.314759693100514,0.13572564319583694,0.8432151814971828,3356
152,1.0,95,5,95,95,0,0,0,0,2.7269439999999947,398.65430980796737,0.9996697053771965,151840.82677836443,1.3362619126112278,29.785872617746627,0.3135355012394382,0.13637441600991437,0.8409103087279459,3373
153,1.0,95,5,95,95,0,0,0,0,2.722879999999995,401.37718980796734,0.9996717652465043,151757.5027847058,1.3365785734312399,29.667284691937468,0.3122872072835523,0.13704393943288823,0.8385181400226794,3393
154,1.0,95,5,95,95,0,0,0,0,2.7228799999999946,404.1000698079673,0.9996737995824635,151675.30168734348,1.3369430260933932,29.552776211596544,0.311081854858911,0.1376903495690105,0.8361829965562659,3413
155,1.0,95,5,95,95,0,0,0,0,2.722879999999995,406.8229498079673,0.999675808856902,151594.20093952675,1.3369787742509307,29.439182261709643,0.30988612907062785,0.13832974461120015,0.8338453859094543,3433
156,1.0,95,5,95,95,0,0,0,0,2.7228799999999946,409.54582980796727,0.9996777935300941,151514.17859411653,1.337065169491147,29.322550998102166,0.30865843155897016,0.13898038489872042,0.8314312475439005,3452
157,1.0,95,5,95,95,0,0,0,0,2.7228799999999946,412.26870980796724,0.9996797540511112,151435.21328378408,1.3372012869889747,29.204035684517862,0.30741090194229326,0.13963773095222926,0.8289590457112503,3472
158,1.0,95,5,95,95,0,0,0,0,2.7228799999999946,414.9915898079672,0.9996816908581615,151357.28420198965,1.3373862242750922,29.08672634973053,0.3061760668392687,0.1403107013811322,0.8264397360513102,3492
159,1.0,95,5,95,95,0,0,0,0,2.7228799999999946,417.7144698079672,0.9996836043789153,151280.37108470482,1.3376191006707083,28.972758415566954,0.30497640437438894,0.14096077386752381,0.8239737465986408,3512
160,1.0,95,5,95,95,0,0,0,0,2.7228799999999946,420.43734980796717,0.9996854950308215,151204.45419284518,1.33789905649978,28.85894238833968,0.30377834092989137,0.14160789636621646,0.8214896414627938,3530
161,1.0,95,5,95,95,0,0,0,0,2.731007999999995,423.16835780796714,0.9996873632214094,151126.61147746135,1.3378683688851583,28.742217169177174,0.30254965441239134,0.1422618659224918,0.81893547714048,3549
162,1.0,95,5,95,95,0,0,0,0,2.7269439999999947,425.89530180796714,0.9996892093485827,151051.20842353598,1.3378951515746884,28.62517249671193,0.3013176052285466,0.1429241399633287,0.8163335587400518,3571
163,1.0,95,5,95,95,0,0,0,0,2.7228799999999946,428.6181818079671,0.9996910338009022,150978.1963215755,1.3378382195293543,28.51012996548523,0.300106631215634,0.14358120196424284,0.8137364919821168,3592
164,1.0,95,5,95,95,0,0,0,0,2.7228799999999946,431.3410618079671,0.9996928369578573,150906.10601079045,1.3378306512697142,28.39604911435228,0.29890578015107666,0.14422740654352434,0.81114606885368,3612
165,1.0,95,5,95,95,0,0,0,0,2.722879999999995,434.06394180796707,0.9996946191901301,150834.9201440125,1.3377536498483003,28.281424512684136,0.2976992053966752,0.14488464565793732,0.8084997786149337,3634
166,1.0,94,6,95,94,0,1,0,0,2.707659944995048,436.7716017529621,0.9996356570318193,150760.7173536974,1.337450813429978,28.16856762046773,0.29966561298369926,0.14300295285831313,0.8145127447504276,3654
167,1.0,94,6,94,94,0,0,0,0,2.702559999999995,439.4741617529621,0.9996377249124502,150689.17757496273,1.337051336244691,28.052448491394973,0.29843030309994656,0.1436669157458911,0.8118502570639631,3674
168,1.0,94,6,94,94,0,0,0,0,2.7228799999999955,442.1970417529621,0.9996397694524496,150611.59101377882,1.3367565042201501,27.939640482429084,0.29723021789818177,0.14427050785231238,0.8093255677152414,3695
169,1.0,94,6,94,94,0,0,0,0,2.7228799999999955,444.91992175296207,0.9996417910447761,150534.95410166832,1.3365135252866416,27.829054213900687,0.296053768232986,0.14486182694908997,0.8068267386112451,3715
170,1.0,93,7,94,93,0,1,0,0,2.697216081974898,447.61713783493695,0.9995844217525528,150458.9398112706,1.336255266784584,27.71705201845844,0.29803281740277887,0.14297092211502707,0.8129243047055701,3737
171,1.0,93,7,93,93,0,0,0,0,2.682239999999995,450.29937783493693,0.9995867036665289,150388.83758978598,1.3359897294003324,27.605572194729447,0.2968341096207467,0.14361346459272237,0.8103208046830961,3758
172,1.0,92,8,93,92,0,1,0,0,2.662298034183856,452.96167586912077,0.9995302407516148,150317.3527194239,1.335632067269294,27.499602522795016,0.2989087230738589,0.14161771028651013,0.816679989785792,3779
173,1.0,92,8,92,92,0,0,0,0,2.661919999999995,455.6235958691208,0.9995327648639177,150246.82790937848,1.3353688302256541,27.390733599229126,0.2977253652090122,0.1422498798621451,0.814145120553314,3795
174,1.0,92,8,92,92,0,0,0,0,2.885439999999996,458.5090358691208,0.9995352619960497,150103.91206258687,1.3356416710478394,27.280547381706334,0.29652768893159065,0.1426624662215504,0.8120396712362364,3814
175,1.0,92,8,92,92,0,0,0,0,2.889503999999996,461.3985398691208,0.9995377325782966,149961.46285947683,1.3359738688683243,27.17032512836623,0.29532962096050247,0.14307624361088175,0.8099105198732365,3832
176,1.0,92,8,92,92,0,0,0,0,2.8854399999999956,464.2839798691208,0.9995401770318427,149822.0981469328,1.3363574706749508,27.061002141179767,0.2941413276215192,0.1434904459129891,0.8077698471035816,3848
177,1.0,92,8,92,92,0,0,0,0,2.8854399999999956,467.1694198691208,0.9995425957690108,149684.4549876372,1.3367951519530359,26.95239278909593,0.2929607911858253,0.14390339243970038,0.8056193774876225,3865
178,1.0,92,8,92,92,0,0,0,0,2.885439999999996,470.05485986912083,0.9995449891934933,149548.50167823557,1.3370733127250831,26.843229565306725,0.2917742344055079,0.14432071708413632,0.8034320777483924,3881
179,1.0,92,8,92,92,0,0,0,0,2.885439999999996,472.94029986912085,0.9995473577005771,149414.20728907053,1.3374060879253569,26.733907706556987,0.29058595333214116,0.14473202863831372,0.8012349765782757,3897
180,1.0,90,10,92,90,0,2,0,0,2.8780252151269563,475.8183250842478,0.9994371270967015,149267.05478908273,1.337812212671704,26.623074892966436,0.2958119432551827,0.1401045667709158,0.8167781425837424,3914
181,1.0,90,10,90,90,0,0,0,0,2.844799999999996,478.66312508424784,0.9994399641577061,149132.0226253818,1.3380838237588522,26.517942865264807,0.2946438096140534,0.14048651071313345,0.8147705863011294,3931
182,1.0,90,10,90,90,0,0,0,0,2.8447999999999958,481.50792508424786,0.9994427727627326,148998.58603043176,1.338307392351917,26.413740748854956,0.29348600832061067,0.14086895422150753,0.8127531783792837,3948
183,1.0,89,11,90,89,0,1,0,0,2.8404013779919817,484.34832646223987,0.9993901086715458,148859.81030765668,1.3385939088637955,26.309867560728087,0.295616489446383,0.1385616202948552,0.8198742362814421,3963
184,1.0,89,11,89,89,0,0,0,0,2.8326079999999956,487.18093446223986,0.9993931034482758,148725.0318610649,1.3387306612294534,26.20736933452229,0.2944648239833965,0.13892403820366228,0.8179417619956897,3978
185,1.0,89,11,89,89,0,0,0,0,2.8447999999999953,490.0257344622399,0.9993960689579444,148588.11462198972,1.3389643656269437,26.106554037990993,0.2933320678425954,0.13924834641196385,0.8160921711800971,3994
186,1.0,89,11,89,89,0,0,0,0,2.8447999999999953,492.8705344622399,0.9993990056274927,148452.77792845128,1.3392524501353602,26.005310735310065,0.29219450264393326,0.1395697923654864,0.814226411986436,4008
187,1.0,87,13,89,87,0,2,0,0,2.825351774147667,495.6958862363876,0.9992931709438887,148308.6748170867,1.3394890044298973,25.905141548665878,0.29776024768581466,0.13422208544919556,0.8311199859525878,4024
188,1.0,87,13,87,87,0,0,0,0,2.8082239999999947,498.5041102363876,0.9992964987282862,148171.29584944475,1.339905809690873,25.807498473611084,0.2966379134897825,0.13452733740654688,0.8294153833305646,4041
189,1.0,87,13,87,87,0,0,0,0,2.8041599999999947,501.30827023638756,0.9992997953247873,148036.65609786563,1.340359229831561,25.70973930288337,0.29551424486072836,0.134833039306236,0.827692287740664,4057
190,1.0,86,14,87,86,0,1,0,0,2.7903299343977834,504.09860017078535,0.9992494504905377,147899.63704469902,1.3408043633409341,25.613901961333358,0.29783606931782974,0.13208409993836334,0.8356496179811965,4071
191,1.0,86,14,86,86,0,0,0,0,2.783839999999995,506.88244017078534,0.999252895031752,147766.01843765535,1.3414034690101462,25.519422959600465,0.29673747627442404,0.1323701989100081,0.8340339127491091,4087
192,1.0,84,16,86,84,0,2,0,0,2.7663346513452596,509.6487748221306,0.9991500664010624,147623.23332624053,1.341840915501752,25.425453667707625,0.3026839722346146,0.125995905772786,0.8523156489827639,4103
193,1.0,84,16,84,84,0,0,0,0,2.7431999999999945,512.3919748221306,0.9991538420857793,147488.648756128,1.3424901756060967,25.33420071945282,0.3015976276125336,0.12625663195376652,0.850884388694214,4118
194,1.0,84,16,84,84,0,0,0,0,2.743199999999994,515.1351748221306,0.9991575843731901,147355.49756665333,1.3431882971984166,25.242384048533474,0.30050457200635083,0.12652111870306262,0.8494261645434015,4134
195,1.0,83,17,84,83,0,1,0,0,2.7159492942196075,517.8511241163502,0.9991088745609896,147223.78005859168,1.3438821325811783,25.153340117662125,0.3030522905742425,0.12316586175406746,0.8582398304792509,4151
196,1.0,83,17,83,83,0,0,0,0,2.710687999999995,520.5618121163502,0.9991127348643006,147094.92363394008,1.3444258932651667,25.062534145139466,0.3019582427125237,0.12345668989800684,0.8567796809263678,4167
197,1.0,82,18,83,82,0,1,0,0,2.68976359095402,523.2515757073043,0.9990645949176323,146965.63483072285,1.3448585082283409,24.974667901861135,0.30456912075440407,0.1198851703377679,0.8658470113078256,4186
198,1.0,82,18,82,82,0,0,0,0,2.682239999999995,525.9338157073042,0.9990685640362225,146839.76898526598,1.3451441595090732,24.887760702306878,0.303509276857401,0.12015034314371938,0.8645183959186691,4202
199,1.0,82,18,82,82,0,0,0,0,2.682239999999995,528.6160557073042,0.9990724996135415,146715.18044647307,1.3454797954909319,24.800303624324982,0.3024427271259144,0.12042817858443414,0.8631468944114727,4219
200,1.0,82,18,82,82,0,0,0,0,2.686303999999995,531.3023597073042,0.9990764020729642,146590.72856914563,1.3458766817231724,24.713127863838817,0.30137960809559533,0.120706537575621,0.8617637129596549,4236
201,1.0,81,19,82,81,0,1,0,0,2.662054846689564,533.9644145539937,0.9990291758213683,146466.6892930029,1.3462662440338526,24.628541151047642,0.30405606359318066,0.11693828022274178,0.8711462301339477,4254
202,1.0,80,20,81,80,0,1,0,0,2.6433774974181774,536.6077920514119,0.9989822918786891,146341.52012551524,1.3465431431811,24.5445037070162,0.30680629633770257,0.1128402329970432,0.8808482299527299,4271
203,1.0,80,20,80,80,0,0,0,0,2.641599999999995,539.249392051412,0.9989864180012163,146218.06007058537,1.346965838744604,24.46056580286864,0.30575707253585804,0.11309893042800107,0.8796432268384066,4289
204,1.0,80,20,80,80,0,0,0,0,2.641599999999995,541.890992051412,0.9989905108015344,146095.8036971556,1.3471900484751074,24.37809033090932,0.30472612913636654,0.11334513168979705,0.8784626767409617,4306
205,1.0,80,20,80,80,0,0,0,0,2.641599999999995,544.532592051412,0.9989945706816811,145974.733487569,1.3473817766702403,24.293665390672366,0.3036708173834047,0.11360453478486025,0.8772284034919902,4322
206,1.0,80,20,80,80,0,0,0,0,2.641599999999995,547.1741920514121,0.9989985980372521,145854.83226244943,1.3476228895572047,24.208890189370553,0.30261112736713197,0.11386513928009157,0.87597643779387,4336
207,1.0,80,20,80,80,0,0,0,0,2.6415999999999955,549.8157920514121,0.9990025932575304,145736.08317257537,1.3479127954685022,24.125438281554814,0.3015679785194351,0.11412056297675711,0.8747339599034245,4353
208,1.0,80,20,80,80,0,0,0,0,2.6415999999999955,552.4573920514122,0.999006556725611,145618.46969098647,1.3479276026762406,24.04298534249585,0.30053731678119816,0.11437276456081517,0.8734947046941383,4369
209,1.0,78,22,80,78,0,2,0,0,2.622334172432564,555.0797262238448,0.998911537700376,145492.61337538427,1.3479482747810136,23.96011008159218,0.30718089848195107,0.10539645261416072,0.894675562147975,4386
210,1.0,78,22,78,78,0,0,0,0,2.600959999999996,557.6806862238448,0.9989157220305569,145373.51212385163,1.3476546128492872,23.87867407718085,0.3061368471433442,0.10566682563837493,0.8935457718172782,4403
211,1.0,78,22,78,78,0,0,0,0,2.6009599999999957,560.2816462238447,0.9989198743126473,145255.51666471208,1.3474131386398236,23.798640611093866,0.305110777065306,0.105911780373828,0.8924617305196424,4421
212,1.0,77,23,78,77,0,1,0,0,2.600853531947875,562.8824997557927,0.9988750855913137,145131.53284289737,1.3471387763634277,23.718314264690466,0.3080300553855905,0.10099922803750304,0.9029261706801913,4438
213,1.0,77,23,77,77,0,0,0,0,2.5847039999999972,565.4672037557926,0.9988793061443259,145012.83090400623,1.3465839351751558,23.63918619372059,0.30700241810026746,0.10123014193829154,0.9019355485058603,4455
214,1.0,77,23,77,77,0,0,0,0,2.6619199999999967,568.1291237557926,0.998883495145631,144875.5160726097,1.3461027640800023,23.559205154065364,0.30596370329955014,0.10135917495684756,0.9011075893988384,4471
215,1.0,77,23,77,77,0,0,0,0,2.6619199999999967,570.7910437557927,0.9988876529477196,144739.4819939509,1.345678307429852,23.47957875004674,0.3049295941564512,0.10149152404554121,0.9002684792500918,4486
216,1.0,77,23,77,77,0,0,0,0,2.580639999999997,573.3716837557927,0.998891779897851,144625.2097013541,1.3451999607695955,23.400018335069543,0.30389634201389015,0.10174410361410209,0.8992076548496196,4504
217,1.0,77,23,77,77,0,0,0,0,2.6619199999999967,576.0336037557927,0.9988958763381499,144491.57038290755,1.344887453479912,23.31984926627202,0.30285518527626004,0.10188195795308559,0.8983368099347169,4522
218,1.0,77,23,77,77,0,0,0,0,2.641599999999997,578.6752037557927,0.9988999426057011,144364.22963658694,1.3444721243497486,23.241111025229994,0.30183261071727263,0.10203924573388407,0.8974337330762103,4538
219,1.0,77,23,77,77,0,0,0,0,2.661919999999997,581.3371237557927,0.9989039790326424,144233.00452290184,1.3441199953370466,23.161332075500606,0.3007965204610469,0.10218063083672034,0.896542404956094,4551
220,1.0,77,23,77,77,0,0,0,0,2.661919999999997,583.9990437557927,0.998907985946254,144102.97568088313,1.3438225983857293,23.081243340091742,0.2997564070141785,0.10232314516299693,0.8956377996788905,4566
221,1.0,76,24,77,76,0,1,0,0,2.657737380594178,586.6567811363869,0.998864657741615,143968.3350056847,1.3434834246692084,23.00210923237683,0.30265933200495826,0.0971901094450931,0.9065210360420648,4580
222,1.0,76,24,76,76,0,0,0,0,2.6456639999999965,589.302445136387,0.9988687249587556,143837.8555859927,1.3433500988464937,22.923678740722234,0.30162735185160827,0.09733344209601631,0.9056891052453805,4596
223,1.0,76,24,76,76,0,0,0,0,2.6415999999999964,591.944045136387,0.9988727631393547,143709.5291336192,1.3432555625794536,22.845403961464704,0.3005974205455882,0.09747354981868266,0.9048557758477862,4611
224,1.0,76,24,76,76,0,0,0,0,2.645663999999997,594.589709136387,0.9988767725932512,143581.36154761026,1.3430800120918949,22.76707370390629,0.2995667592619249,0.0976166252908031,0.9040084855126792,4627
225,1.0,76,24,76,76,0,0,0,0,2.560319999999997,597.150029136387,0.9988807536258919,143474.8318172348,1.3427962315285171,22.689632199039806,0.29854779209262905,0.09785868735371034,0.9029824397066135,4643
226,1.0,76,24,76,76,0,0,0,0,2.641599999999997,599.7916291363871,0.9988847065384079,143349.78319687242,1.3427141096873412,22.612183901833117,0.29752873555043574,0.09800209703671799,0.9021234045049742,4659
227,1.0,76,24,76,76,0,0,0,0,2.6415999999999964,602.4332291363871,0.9988886316276916,143225.83122397095,1.3426834348317958,22.533899200793922,0.2964986736946569,0.09814320524397846,0.9012534553587399,4675
228,1.0,76,24,76,76,0,0,0,0,2.641599999999997,605.0748291363872,0.9988925291864704,143102.96153549396,1.3425609829218657,22.455486981079858,0.29546693396157714,0.0982961335645886,0.9003522382437101,4692
229,1.0,76,24,76,76,0,0,0,0,2.560319999999997,607.6351491363872,0.9988963995033798,143000.28581871354,1.34225679796202,22.378126550247842,0.2944490335558927,0.09854953010296745,0.8992658032156358,4708
230,1.0,76,24,76,76,0,0,0,0,2.6456639999999965,610.2808131363872,0.9989002428630344,142878.48826817566,1.3421062991348751,22.299918929649962,0.29341998591644686,0.09870064809811187,0.8983502493506851,4723
231,1.0,76,24,76,76,0,0,0,0,2.6415999999999964,612.9224131363873,0.998904059546098,142758.68874210925,1.3419964178183301,22.22132826525673,0.29238589822706224,0.09885840349081856,0.8974099545450874,4737
232,1.0,76,24,76,76,0,0,0,0,2.645663999999997,615.5680771363873,0.9989078498293515,142638.97570592482,1.3416569836736287,22.142755578109742,0.2913520470803914,0.09901783160980429,0.8964571294780729,4752
233,1.0,76,24,76,76,0,0,0,0,2.6415999999999964,618.2096771363873,0.9989116139857603,142521.2242036158,1.3413686000511706,22.0643097439507,0.29031986505198293,0.09917507563252392,0.8954998117201528,4767
234,1.0,76,24,76,76,0,0,0,0,2.6415999999999964,620.8512771363874,0.9989153522845392,142404.4747202442,1.341131843559587,21.986193493997117,0.2892920196578568,0.09933251531583837,0.8945352303707658,4783
235,1.0,76,24,76,76,0,0,0,0,2.6415999999999964,623.4928771363874,0.9989190649912174,142288.71451981898,1.3409461834616636,21.907633493802916,0.2882583354447752,0.09949398416875106,0.8935493234633494,4797
236,1.0,76,24,76,76,0,0,0,0,2.5603199999999964,626.0531971363874,0.9989227523677006,142192.3894122479,1.340696784881893,21.83174523578466,0.2872598057340087,0.09974066500642645,0.8924128044373089,4813
237,1.0,76,24,76,76,0,0,0,0,2.641599999999996,628.6947971363875,0.9989264146723328,142078.47815324337,1.340612143314281,21.753622744687608,0.28623187821957374,0.09990119168707395,0.8914115589616102,4828
238,1.0,76,24,76,76,0,0,0,0,2.645663999999996,631.3404611363875,0.9989300521599572,141964.60628972392,1.340588835511101,21.67472431567034,0.28519374099566236,0.10006843811557796,0.8903800312489795,4843
239,1.0,76,24,76,76,0,0,0,0,2.641599999999996,633.9820611363875,0.9989336650819745,141852.59412356318,1.3405340524851033,21.596520088511504,0.2841647380067303,0.10023670476377443,0.8893421864040704,4855
240,1.0,76,24,76,76,0,0,0,0,2.641599999999996,636.6236611363876,0.9989372536864013,141741.51152177836,1.3405282790404802,21.518594341771767,0.2831393992338391,0.10040416380057528,0.8882978698208099,4871
241,1.0,76,24,76,76,0,0,0,0,2.641599999999996,639.2652611363876,0.9989408182179267,141631.34696080917,1.340571021492732,21.440073684981744,0.28210623269712815,0.10058090195041278,0.8872188659831243,4888
242,1.0,76,24,76,76,0,0,0,0,2.645663999999996,641.9109251363876,0.9989443589179678,141521.19311678372,1.3406623296311742,21.361271390217194,0.2810693603975947,0.10075670995214056,0.8861278940152818,4903
243,1.0,76,24,76,76,0,0,0,0,2.641599999999996,644.5525251363877,0.9989478760247249,141412.8351769517,1.3408006474329628,21.28255059794457,0.2800335604992707,0.10093485735271415,0.8850216487293691,4919
244,1.0,76,24,76,76,0,0,0,0,2.6415999999999955,647.1941251363877,0.9989513697732337,141305.361788826,1.340918492660961,21.20481073394294,0.27901066755188075,0.10111115257578933,0.8839171491112912,4936
245,1.0,76,24,76,76,0,0,0,0,2.6415999999999955,649.8357251363877,0.9989548403954187,141198.762165226,1.3410160688139368,21.126722964056487,0.27798319689548007,0.1012858152028164,0.882801220164932,4953
246,1.0,76,24,76,76,0,0,0,0,2.6415999999999955,652.4773251363878,0.9989582881201441,141093.02569366168,1.341160677260501,21.048538820090222,0.27695445815908193,0.10146442863880022,0.8816646893769431,4968
247,1.0,76,24,76,76,0,0,0,0,2.560319999999995,655.0376451363878,0.9989617131732641,141005.63637188906,1.3412029609764862,20.971724132558375,0.2759437385862944,0.1017258041481141,0.8803587697371904,4982
248,1.0,76,24,76,76,0,0,0,0,2.641599999999995,657.6792451363879,0.9989651157776723,140901.51192285647,1.3414407353860138,20.893462926380238,0.2749139858734242,0.10190833256024848,0.8791886358789403,4997
249,1.0,76,24,76,76,0,0,0,0,2.6415999999999946,660.3208451363879,0.9989684961533503,140798.2205692701,1.3417241639024187,20.814964393525933,0.2738811104411307,0.1020909003068376,0.8780038000767744,5012
250,1.0,76,24,76,76,0,0,0,0,2.6212799999999947,662.9421251363879,0.9989718545174142,140700.06485228287,1.3420152873747302,20.737379172548554,0.2728602522703757,0.10229290351670318,0.8767750521298958,5027
251,1.0,76,24,76,76,0,0,0,0,2.6415999999999946,665.5837251363879,0.9989751910841624,140598.38975303082,1.342388812616093,20.658431348831606,0.27182146511620536,0.10248549300483034,0.8755391251394735,5045
252,1.0,76,24,76,76,0,0,0,0,2.6415999999999946,668.2253251363879,0.9989785060651203,140497.51852915456,1.342806669335458,20.580562783793784,0.2707968787341288,0.10267143570151019,0.8743159004372051,5058
253,1.0,76,24,76,76,0,0,0,0,2.560319999999995,670.785645136388,0.9989817996690848,140414.45383174406,1.34290495436862,20.504092303436057,0.26979068820310603,0.10293927286257558,0.8729185904799424,5075
254,1.0,76,24,76,76,0,0,0,0,2.6415999999999955,673.427245136388,0.9989850721021694,140315.0833032642,1.3432152404563307,20.425786561426143,0.26876034949244926,0.10313014638404928,0.8716533139097726,5090
255,1.0,76,24,76,76,0,0,0,0,2.641599999999995,676.0688451363881,0.9989883235678455,140216.48931459952,1.3435046731965323,20.34767702371191,0.267732592417262,0.10332353496935033,0.8703714501396904,5106
256,1.0,76,24,76,76,0,0,0,0,2.6415999999999955,678.7104451363881,0.998991554266986,140118.66279866884,1.3436435413267236,20.26919161455813,0.26669988966523855,0.10351797868679419,0.8690696108866638,5122
257,1.0,76,24,76,76,0,0,0,0,2.641599999999995,681.3520451363881,0.9989947643979058,140021.59482900315,1.3438275300749845,20.190652525604843,0.2656664806000637,0.10371521749569629,0.8677472567305917,5136
258,1.0,76,24,76,76,0,0,0,0,2.645663999999995,683.9977091363882,0.9989979541564027,139924.44524535091,1.3439977811114243,20.111578038787915,0.26462602682615677,0.10392156223663435,0.8663844856223117,5154
259,1.0,76,24,76,76,0,0,0,0,2.645663999999995,686.6433731363882,0.9990011237357972,139828.04430405406,1.3442082661912518,20.032806727179878,0.26358956219973523,0.10412439946381845,0.8650185678904295,5171
260,1.0,76,24,76,76,0,0,0,0,2.6415999999999946,689.2849731363882,0.9990042733269717,139733.20724190812,1.3444613047900895,19.954770418387405,0.26256276866299216,0.10432506232415828,0.8636517206472952,5185
261,1.0,76,24,76,76,0,0,0,0,2.560319999999995,691.8452931363882,0.9990074031184085,139655.49951490763,1.3445687345357995,19.878640693332397,0.2615610617543737,0.10458855830416426,0.8621504838509824,5201
262,1.0,76,24,76,76,0,0,0,0,2.6415999999999946,694.4868931363883,0.9990105132962276,139562.0291151634,1.3449096235216031,19.80021157183816,0.2605290996294495,0.10479315193957983,0.8607402969551876,5217
263,1.0,76,24,76,76,0,0,0,0,2.641599999999995,697.1284931363883,0.9990136040442235,139469.26708241436,1.3452935233608345,19.722078230437,0.25950102934785524,0.1049960181987182,0.8593227698216226,5231
264,1.0,76,24,76,76,0,0,0,0,2.641599999999995,699.7700931363884,0.9990166755439014,139377.2053945017,1.3455300240825567,19.643656263547005,0.25846916136246056,0.10520145139007124,0.8578807467769801,5247
265,1.0,76,24,76,76,0,0,0,0,2.6456639999999956,702.4157571363884,0.9990197279745129,139285.0302773079,1.3457494364560423,19.56448416581039,0.25742742323434725,0.10541431273730453,0.8563966690679499,5263
266,1.0,76,24,76,76,0,0,0,0,2.645663999999995,705.0614211363884,0.9990227615130909,139193.5469137172,1.3460161879409294,19.486155706493637,0.25639678561175844,0.10562727741191377,0.85490716227866,5277
267,1.0,76,24,76,76,0,0,0,0,2.6415999999999955,707.7030211363884,0.9990257763344834,139103.5463462122,1.3463192716983665,19.40847648609915,0.25537469060656776,0.10583546061585329,0.8534214976266418,5294
268,1.0,76,24,76,76,0,0,0,0,2.7228799999999946,710.4259011363885,0.9990287726113877,138998.310509293,1.3468247814944496,19.3287067532218,0.2543250888581816,0.1059815345113249,0.852040679830744,5309
269,1.0,76,24,76,76,0,0,0,0,2.722879999999995,713.1487811363885,0.9990317505143825,138893.87827623094,1.3471876899319266,19.248512120829787,0.2532698963267077,0.10613544451778884,0.8506209140787635,5325
270,1.0,76,24,76,76,0,0,0,0,2.7228799999999955,715.8716611363885,0.9990347102119616,138790.240477295,1.3474714791604236,19.168312236772064,0.2522146346943693,0.10628607741149988,0.8491938557553576,5342
271,1.0,76,24,76,76,0,0,0,0,2.726943999999995,718.5986051363885,0.9990376518705641,138686.60374185492,1.3478054074953538,19.087868824801944,0.25115616874739405,0.10644084994532964,0.8477382706329775,5357
272,1.0,76,24,76,76,0,0,0,0,2.702559999999996,721.3011651363885,0.9990405756546072,138588.435499197,1.3478798396553646,19.007174391005535,0.2500943998816518,0.10661586940306195,0.8462142467965215,5374
273,1.0,76,24,76,76,0,0,0,0,2.726943999999996,724.0281091363885,0.9990434817265155,138486.3360064824,1.3480618359689953,18.925796330361106,0.249023635925804,0.10677801204983552,0.8446959037798848,5391
274,1.0,76,24,76,76,0,0,0,0,2.7228799999999964,726.7509891363885,0.9990463702467517,138385.7765635951,1.3480356770245125,18.845334710095052,0.24796493039598758,0.10693678545820655,0.8431822618533797,5407
275,1.0,76,24,76,76,0,0,0,0,2.7228799999999964,729.4738691363885,0.9990492413738462,138285.96782969806,1.348056408758938,18.765162116361616,0.24691002784686336,0.10709479466853032,0.8416583689379739,5420
276,1.0,76,24,76,76,0,0,0,0,2.726943999999996,732.2008131363885,0.999052095264426,138186.1344384399,1.3481279464563223,18.685083810463897,0.24585636592715654,0.10724770787147499,0.8401322760085809,5435
277,1.0,76,24,76,76,0,0,0,0,2.7228799999999964,734.9236931363886,0.9990549320732428,138087.80550658665,1.3482411836605892,18.604570978409825,0.244796986558024,0.1074101855012262,0.8385594414004279,5450
278,1.0,76,24,76,76,0,0,0,0,2.7228799999999964,737.6465731363886,0.9990577519532017,137990.20249929326,1.348400058780538,18.524437782920316,0.24374260240684625,0.1075704425181406,0.8369808750916609,5463
279,1.0,76,24,76,76,0,0,0,0,2.702559999999996,740.3491331363886,0.9990605550553882,137897.1020976294,1.3485468025304157,18.44414468499839,0.24268611427629458,0.10774943473909797,0.8353351505196037,5479
280,1.0,76,24,76,76,0,0,0,0,2.722879999999996,743.0720131363886,0.9990633415290949,137800.9105305996,1.348554596137029,18.36282414087484,0.24161610711677414,0.10791458599374872,0.8336916725692065,5495
281,1.0,76,24,76,76,0,0,0,0,2.726943999999996,745.7989571363886,0.9990661115218491,137704.67096700252,1.3486169523513687,18.282369958409113,0.24055749945275148,0.10808581636383754,0.8320277872177755,5510
282,1.0,75,25,76,75,0,1,0,0,2.7207956232120005,748.5197527596006,0.9990300678952473,137604.91906895628,1.3486619755534166,18.20250665543328,0.2427000887391104,0.10535142347947254,0.8414490740422499,5525
283,1.0,75,25,75,75,0,0,0,0,2.7025599999999965,751.2223127596005,0.9990328820116054,137509.2276220197,1.3483116056262359,18.123352674732548,0.2416447023297673,0.10552245484941099,0.8398469033361828,5539
284,1.0,75,25,75,75,0,0,0,0,2.6619199999999967,753.8842327596005,0.9990356798457087,137421.62987116893,1.3479741714238525,18.044670621103343,0.24059560828137785,0.1057277467885826,0.8381463741384283,5555
285,1.0,75,25,75,75,0,0,0,0,2.7025599999999965,756.5867927596005,0.9990384615384615,137327.27162872034,1.3477185564802927,17.965897947379382,0.23954530596505844,0.10590134859664492,0.8365076084451208,5571
286,1.0,75,25,75,75,0,0,0,0,2.7025599999999965,759.2893527596004,0.9990412272291467,137233.58509017693,1.3475096556287813,17.887467314012603,0.2384995641868347,0.10607252836314893,0.8348625283535479,5586
287,1.0,75,25,75,75,0,0,0,0,2.702559999999997,761.9919127596004,0.9990439770554493,137140.56310853333,1.3472303967112929,17.80761662905442,0.23743488838739224,0.10625030219434013,0.833160156834313,5600
288,1.0,75,25,75,75,0,0,0,0,2.702559999999997,764.6944727596003,0.9990467111534795,137048.19863781903,1.3469977198019387,17.727731111433116,0.23636974815244155,0.10643364997187846,0.8314236969936856,5615
289,1.0,75,25,75,75,0,0,0,0,2.706623999999997,767.4010967596004,0.9990494296577946,136955.75943765443,1.3468214343524083,17.648057433251456,0.23530743244335275,0.10662147880874999,0.8296594719640941,5628
290,1.0,75,25,75,75,0,0,0,0,2.6822399999999966,770.0833367596003,0.9990521327014218,136868.30368711523,1.3466143427854365,17.569687729322826,0.23426250305763768,0.10681024747975822,0.8278943254450253,5643
291,1.0,75,25,75,75,0,0,0,0,2.702559999999997,772.7858967596003,0.999054820415879,136777.85845111165,1.346461523446169,17.490216275475788,0.23320288367301045,0.10699693171641794,0.8260974016158489,5659
292,1.0,75,25,75,75,0,0,0,0,2.7025599999999965,775.4884567596002,0.9990574929311969,136688.04361437424,1.3463540430832748,17.41158726919277,0.23215449692257029,0.10717800199501258,0.8243097872679598,5674
293,1.0,75,25,75,75,0,0,0,0,2.7635199999999966,778.2519767596002,0.9990601503759399,136588.15290466748,1.346384150753473,17.33131471231474,0.23108419616419654,0.10729055402788577,0.8226612890498073,5690
294,1.0,75,25,75,75,0,0,0,0,2.7675839999999967,781.0195607596002,0.9990627928772259,136488.25888089603,1.3464699022696998,17.249748022899315,0.22999664030532416,0.10740677018327863,0.8209626201212646,5705
295,1.0,75,25,75,75,0,0,0,0,2.7635199999999966,783.7830807596001,0.9990654205607477,136389.77750884634,1.3465922769151095,17.169135335565436,0.22892180447420582,0.10751131266195882,0.8192935877347349,5717
296,1.0,75,25,75,75,0,0,0,0,2.7431999999999963,786.5262807596001,0.9990680335507922,136295.50928224536,1.34663355915206,17.089445290289895,0.2278592705371986,0.10763849976530382,0.8175595060838712,5732
297,1.0,75,25,75,75,0,0,0,0,2.7635199999999966,789.2898007596001,0.9990706319702602,136198.38986458926,1.346733623446414,17.009479384436666,0.22679305845915554,0.1077497209717631,0.8158460606254389,5747
298,1.0,75,25,75,75,0,0,0,0,2.7675839999999963,792.0573847596,0.9990732159406858,136101.24982638567,1.3468863624030192,16.928676129160277,0.22571568172213702,0.10787293282099898,0.8140651945728691,5761
299,1.0,75,25,75,75,0,0,0,0,2.763519999999996,794.8209047596,0.9990757855822551,136005.48167853703,1.3470769010784713,16.848422915258492,0.22464563887011327,0.10798440915294649,0.8123076148058015,5775
300,1.0,75,25,75,75,0,0,0,0,2.7635199999999966,797.5844247596,0.9990783410138249,135910.37717752933,1.3471996515396418,16.76756303935106,0.22356750719134746,0.10810601491024781,0.8104907508148551,5789
301,1.0,75,25,75,75,0,0,0,0,2.7635199999999966,800.3479447596,0.9990808823529411,135815.9294488476,1.3473112559936362,16.686382111437254,0.2224850948191634,0.1082344751281388,0.8086280825590725,5803
302,1.0,75,25,75,75,0,0,0,0,2.7635199999999966,803.1114647595999,0.999083409715857,135722.1317125981,1.3474118064753684,16.605989558657697,0.22141319411543597,0.10835807531424275,0.806773317769697,5817
303,1.0,75,25,75,75,0,0,0,0,2.7025599999999965,805.8140247595999,0.9990859232175503,135639.23764246682,1.3474447674710217,16.527208961721797,0.22036278615629062,0.1085499351350759,0.8047309795519304,5832
304,1.0,75,25,75,75,0,0,0,0,2.7635199999999966,808.5775447595998,0.9990884229717412,135546.6778793436,1.3473011553301157,16.44636556349413,0.21928487417992168,0.10868139995614515,0.8028023514169841,5847
305,1.0,75,25,75,75,0,0,0,0,2.743199999999997,811.3207447595998,0.9990909090909091,135458.14119736844,1.3471841762037187,16.365931091625846,0.21821241455501128,0.1088189146910182,0.8008423834848085,5860
306,1.0,75,25,75,75,0,0,0,0,2.763519999999997,814.0842647595998,0.99909338168631,135366.8222939332,1.347132038707199,16.28441154872611,0.21712548731634812,0.10894716226207611,0.798866488278172,5875
307,1.0,75,25,75,75,0,0,0,0,2.7635199999999966,816.8477847595998,0.9990958408679927,135276.12128191107,1.347125053793667,16.204449411156467,0.21605932548208623,0.10907306504795615,0.7969063703146537,5887
308,1.0,75,25,75,75,0,0,0,0,2.7635199999999966,819.6113047595998,0.9990982867448152,135186.03191118594,1.3471628547182937,16.124436991442185,0.2149924932192291,0.10920162909551735,0.7949155865398322,5901
309,1.0,75,25,75,75,0,0,0,0,2.7675839999999963,822.3788887595997,0.9991007194244604,135095.8804007882,1.347253418853738,16.043944516712536,0.2139192602228338,0.10933428488998334,0.7928806098793094,5915
310,1.0,75,25,75,75,0,0,0,0,2.763519999999996,825.1424087595997,0.9991031390134529,135006.99857066217,1.3472702410536064,15.963235941766936,0.21284314589022582,0.10947200027608439,0.7908031430193474,5929
311,1.0,75,25,75,75,0,0,0,0,2.7431999999999963,827.8856087595997,0.9991055456171736,134922.02161522934,1.3473080393280699,15.882940715445542,0.21177254287260724,0.10961335972816628,0.7886999924694839,5944
312,1.0,75,25,75,75,0,0,0,0,2.763519999999996,830.6491287595996,0.9991079393398751,134834.30743766448,1.3474131622534447,15.801983136195464,0.2106931084826062,0.10975450457932082,0.7865599648554233,5958
313,1.0,75,25,75,75,0,0,0,0,2.824479999999996,833.4736087595996,0.9991103202846975,134737.31959807128,1.3476524526394913,15.720425600338796,0.20960567467118396,0.10982080875135844,0.7846133053655252,5973
314,1.0,75,25,75,75,0,0,0,0,2.8244799999999963,836.2980887595996,0.9991126885536823,134640.9868842445,1.3479366661588759,15.639243895849583,0.20852325194466115,0.109889112555386,0.7826467493758958,5987
315,1.0,75,25,75,75,0,0,0,0,2.7675839999999963,839.0656727595996,0.9991150442477876,134554.4260304246,1.3481271120417968,15.558270654936216,0.20744360873248288,0.11002776180286822,0.7804436545539823,6002
316,1.0,75,25,75,75,0,0,0,0,2.763519999999996,841.8291927595996,0.999117387466902,134469.08348345486,1.34829644389398,15.47761862925835,0.2063682483901113,0.1101641645174127,0.7782299577928865,6017
317,1.0,75,25,75,75,0,0,0,0,2.722879999999996,844.5520727595996,0.9991197183098591,134390.7660177013,1.3484512037643042,15.3989112497446,0.20531881666326132,0.11034159709997611,0.7759060369093485,6031
318,1.0,75,25,75,75,0,0,0,0,2.9667199999999956,847.5187927595996,0.9991220368744512,134274.30869049722,1.3490241114787531,15.314499536928476,0.20419332715904634,0.11025083878693766,0.7742764936647571,6046
319,1.0,75,25,75,75,0,0,0,0,2.767583999999996,850.2863767595995,0.999124343257443,134190.08362197876,1.3493306535515903,15.234090188632337,0.20312120251509783,0.11038978645071443,0.7719879537806951,6060
320,1.0,75,25,75,75,0,0,0,0,2.8244799999999954,853.1108567595995,0.9991266375545852,134097.4611840359,1.3497722488634194,15.152195978201213,0.2020292797093495,0.11046714394806771,0.7698366363275972,6074
321,1.0,75,25,75,75,0,0,0,0,2.7675839999999954,855.8784407595995,0.9991289198606271,134014.35827522745,1.3501513376207377,15.071996765500876,0.200959956873345,0.11061039838931558,0.7674883791138217,6088
322,1.0,75,25,75,75,0,0,0,0,2.9870399999999955,858.8654807595994,0.9991311902693311,133897.56903291942,1.3509131795231972,14.987116968663074,0.199828226248841,0.1105012314051026,0.7658210443077194,6101
323,1.0,75,25,75,75,0,0,0,0,2.9463999999999957,861.8118807595995,0.9991334488734835,133787.8980020266,1.3516688727185793,14.903016313059588,0.19870688417412788,0.11044749801012142,0.7639720611274595,6114
324,1.0,75,25,75,75,0,0,0,0,2.7635199999999953,864.5754007595995,0.9991356957649092,133707.25086376045,1.352010416636067,14.822229340595804,0.1976297245412774,0.11060048143594403,0.7615037517708819,6128
325,1.0,75,25,75,75,0,0,0,0,3.0683199999999955,867.6437207595994,0.9991379310344828,133580.17493462935,1.3528226811426771,14.735462071402765,0.19647282761870352,0.11040812309084716,0.760000246269825,6141
326,1.0,75,25,75,75,0,0,0,0,2.7635199999999958,870.4072407595994,0.999140154772141,133500.72765777193,1.3531923583675114,14.654812035771862,0.1953974938102915,0.11056432925266164,0.7574733572870549,6154
327,1.0,75,25,75,75,0,0,0,0,2.7635199999999958,873.1707607595994,0.9991423670668954,133421.78327026535,1.353445711775657,14.574826094554576,0.19433101459406102,0.11070555638020178,0.7549848927418766,6166
328,1.0,74,26,75,74,0,1,0,0,2.8133484494420813,875.9841092090414,0.9991103507271172,133331.1857739742,1.3537679391885147,14.494109647173184,0.19586634658342142,0.10920190446156965,0.7628679944685897,6180
329,1.0,74,26,74,74,0,0,0,0,2.743199999999995,878.7273092090414,0.9991125976995802,133251.80493752568,1.3542202398368866,14.415024422774056,0.19479762733478453,0.1093557842532687,0.7603700086717046,6194
330,1.0,74,26,74,74,0,0,0,0,2.763519999999995,881.4908292090414,0.9991148333503558,133169.8482959055,1.3545456607225608,14.334960886008501,0.1937156876487635,0.10949206929104695,0.7578776663047169,6208
331,1.0,74,26,74,74,0,0,0,0,3.0114239999999954,884.5022532090414,0.9991170577647978,133051.10255291435,1.3552277541204687,14.250421198670098,0.1925732594414878,0.10935120081996018,0.7561753257346867,6223
332,1.0,74,26,74,74,0,0,0,0,2.804159999999994,887.3064132090415,0.9991192710274042,132964.21421469538,1.3556269312980125,14.16917516711361,0.19147534009612985,0.10944585984831744,0.7537397161236743,6239
333,1.0,74,26,74,74,0,0,0,0,2.7635199999999944,890.0699332090414,0.999121473221828,132883.94044900488,1.356036412559227,14.08895948119437,0.19039134434046448,0.10958174171651214,0.7511624714759146,6255
334,1.0,74,26,74,74,0,0,0,0,3.007359999999995,893.0772932090414,0.9991236644308874,132767.90363121012,1.3568596615605109,14.004499288238133,0.18924999038159637,0.1094471230308852,0.7493699063895978,6272
335,1.0,74,26,74,74,0,0,0,0,2.743199999999995,895.8204932090414,0.9991258447365766,132691.76235764226,1.3571429704205429,13.92556247894344,0.18818327674247892,0.10960274347927906,0.7467035890012942,6287
336,1.0,74,26,74,74,0,0,0,0,2.974847999999995,898.7953412090413,0.9991280142200758,132581.90662148182,1.3576855247808906,13.84119565276265,0.18704318449679258,0.10951468179286411,0.7447037410215543,6302
337,1.0,74,26,74,74,0,0,0,0,2.987039999999995,901.7823812090413,0.9991301729617611,132470.98467352745,1.3582855708462545,13.757320700484645,0.18590973919573844,0.10941603501636604,0.7427302278494402,6314
338,1.0,74,26,74,74,0,0,0,0,2.743199999999996,904.5255812090413,0.9991323210412147,132396.47665898755,1.3583358855563716,13.678305390077668,0.18484196473077927,0.10957205433449427,0.7399748234431659,6329
339,1.0,74,26,74,74,0,0,0,0,2.9260799999999954,907.4516612090413,0.9991344585372349,132295.75208452312,1.3587972152934937,13.594870769039542,0.18371446985188566,0.10953690788320618,0.7377375493154953,6344
340,1.0,74,26,74,74,0,0,0,0,2.783839999999996,910.2355012090412,0.9991365855278451,132216.33285028435,1.3588096203343247,13.515451253792873,0.18264123315936315,0.10964806180619456,0.735069185674641,6359
341,1.0,73,27,74,73,0,1,0,0,3.0064417902628384,913.241942999304,0.9991055752476231,132100.8095661808,1.3592047228227386,13.430780845737795,0.1839832992566821,0.10819062808551386,0.7430535629131642,6373
342,1.0,73,27,73,73,0,0,0,0,3.0317439999999953,916.273686999304,0.9991077329808328,131982.39970858386,1.3595989603612617,13.346452487580528,0.1828281162682264,0.1080180929908357,0.7412538023657733,6386
343,1.0,73,27,73,73,0,0,0,0,2.9667199999999956,919.240406999304,0.9991098803283552,131874.0985241435,1.3599300506070633,13.26230582450439,0.1816754222534848,0.10792032784496511,0.7391695798895459,6399
344,1.0,72,28,73,72,0,1,0,0,2.763459268548191,922.0038662678522,0.9990791291192528,131791.20440336573,1.3599895658838466,13.183486207375603,0.18310397510243892,0.10665637930885088,0.746661198962713,6412
345,1.0,72,28,72,72,0,0,0,0,3.0073599999999967,925.0112262678522,0.9990813045475425,131674.07761247084,1.3599858448744742,13.100812566035275,0.18195573008382324,0.10654292421145894,0.7446788593013878,6425
346,1.0,72,28,72,72,0,0,0,0,2.7228799999999973,927.7341062678522,0.9990834697217676,131598.05075092407,1.3597746346939255,13.024041867363561,0.18088947038004952,0.10667509473663227,0.7419631038028934,6440
347,1.0,72,28,72,72,0,0,0,0,2.763519999999997,930.4976262678522,0.9990856247142578,131516.72454108222,1.3595306107056506,12.945829004456362,0.1798031806174495,0.10680762855347596,0.739171511055587,6453
348,1.0,72,28,72,72,0,0,0,0,3.1089599999999966,933.6065862678522,0.9990877695966638,131387.24790958967,1.3596454408241778,12.860833382679544,0.17862268587054925,0.10656432169512846,0.7375075173380783,6469
349,1.0,72,28,72,72,0,0,0,0,3.027679999999997,936.6342662678522,0.9990899044399661,131270.02121107432,1.3597252271804434,12.775998450853113,0.17744442292851545,0.1064191032768027,0.735467978444246,6485
350,1.0,72,28,72,72,0,0,0,0,2.8041599999999973,939.4384262678523,0.9990920293144822,131184.75522616302,1.3596143400428997,12.696922379659554,0.17634614416193825,0.10647855199062463,0.7328264447900344,6500
351,1.0,72,28,72,72,0,0,0,0,3.1292799999999974,942.5677062678523,0.9990941442898739,131054.7764140104,1.3598361142676914,12.611926956551857,0.17516565217433133,0.10623788486209335,0.7310787637372148,6517
352,1.0,72,28,72,72,0,0,0,0,2.8041599999999973,945.3718662678523,0.9990962494351558,130970.68404288562,1.3598469297928801,12.533240818603783,0.17407278914727475,0.10630040424827619,0.7283780303744203,6531
353,1.0,72,28,72,72,0,0,0,0,2.7675839999999967,948.1394502678522,0.9990983448187029,130892.13824500209,1.359854486965231,12.455849023150536,0.17299790309931298,0.10644121808753883,0.725393114545918,6546
354,1.0,71,29,72,71,0,1,0,0,2.9735989050024756,951.1130491728547,0.9990683030264088,130781.50920984136,1.3600455575503103,12.373742574394221,0.1742780644280876,0.10509670942744685,0.7333218622078013,6559
355,1.0,71,29,71,71,0,0,0,0,2.9260799999999976,954.0391291728547,0.9990704234381511,130678.07827556272,1.360230685530764,12.292247023464222,0.1731302397671017,0.10502192340860216,0.7310094304981396,6577
356,1.0,71,29,71,71,0,0,0,0,3.129279999999998,957.1684091728547,0.9990725342202891,130547.55965878753,1.3605850645257704,12.207091626439023,0.17193086797801443,0.10477068938410539,0.7292136895842887,6592
357,1.0,71,29,71,71,0,0,0,0,2.9667199999999974,960.1351291728547,0.9990746354382718,130439.97266081996,1.3608454236423762,12.125582660211666,0.17078285436917845,0.10467716374091096,0.726914477689827,6608
358,1.0,71,29,71,71,0,0,0,0,2.7635199999999966,962.8986491728547,0.9990767271569564,130360.55259588029,1.360905495606202,12.049198110318876,0.16970701563829402,0.10475253142961892,0.7241108983462311,6622
359,1.0,71,29,71,71,0,0,0,0,3.0886399999999976,965.9872891728546,0.999078809440615,130237.73853973331,1.3610594843369674,11.965563822295875,0.1685290679196602,0.10455797021178771,0.7220660611483902,6637
360,1.0,71,29,71,71,0,0,0,0,2.804159999999997,968.7914491728546,0.9990808823529411,130153.91507393692,1.3609822099802633,11.885877673768581,0.16740672779955745,0.10464465782453405,0.7190414579328972,6654
361,1.0,70,30,71,70,0,1,0,0,3.1680865618148943,971.9595357346695,0.9990513234038516,130017.75830562731,1.3611923192024238,11.799528674533239,0.1685646953504748,0.10313094553206424,0.727631786645917,6670
362,1.0,70,30,70,70,0,0,0,0,3.1089599999999975,975.0684957346696,0.9990534187359985,129890.36211714901,1.3616443635868969,11.715548191467954,0.16736497416382792,0.10286025044860993,0.7258387116707743,6686
363,1.0,70,30,70,70,0,0,0,0,2.9667199999999974,978.0352157346696,0.9990555048326669,129782.64786166481,1.3619936592410415,11.633029739653207,0.16618613913790298,0.10277157696795564,0.7233618623413207,6701
364,1.0,70,30,70,70,0,0,0,0,2.905759999999997,980.9409757346696,0.9990575817547828,129683.64371232977,1.3622902082117236,11.552093828378965,0.16502991183398522,0.10271930700644527,0.7207637660347983,6717
365,1.0,70,30,70,70,0,0,0,0,2.7431999999999968,983.6841757346696,0.9990596495627371,129606.63914795818,1.3624341089775345,11.47504613657174,0.16392923052245342,0.10284679102815328,0.7175596691603876,6730
366,1.0,70,30,70,70,0,0,0,0,3.129279999999997,986.8134557346696,0.999061708316392,129479.38565032581,1.3629793738532745,11.390797715644371,0.16272568165206244,0.10259795751228148,0.7155503378328014,6743
367,1.0,70,30,70,70,0,0,0,0,2.9057599999999963,989.7192157346695,0.9990637580750866,129382.1499716431,1.3632914991428722,11.311472100853694,0.1615924585836242,0.10253672767559575,0.7129413992368236,6759
368,1.0,70,30,70,70,0,0,0,0,3.0683199999999964,992.7875357346695,0.9990657988976427,129264.31424729104,1.3638900559598517,11.228942354505017,0.16041346220721453,0.10236730021699518,0.7106153650915438,6773
369,1.0,70,30,70,70,0,0,0,0,2.682239999999996,995.4697757346695,0.9990678308423702,129197.2927104519,1.3640316551752585,11.152763247462897,0.15932518924946992,0.10253278368716236,0.7071390669395605,6790
370,1.0,69,31,70,69,0,1,0,0,3.045137918708991,998.5149136533785,0.9990388490993086,129079.69449191602,1.3646393811656978,11.069439202193573,0.16042665510425463,0.10132906658859701,0.714823446444115,6802
371,1.0,69,31,69,69,0,0,0,0,2.7635199999999958,1001.2784336533784,0.9990409009343482,128999.08323074285,1.3648387551516403,10.993800286435468,0.15933043893384735,0.10138157445452879,0.7118072906740337,6820
372,1.0,69,31,69,69,0,0,0,0,2.987039999999996,1004.2654736533784,0.999042944027662,128890.22215322731,1.3653572381216137,10.913177674673264,0.15816199528511973,0.10126798213121957,0.709240663237717,6838
373,1.0,69,31,69,69,0,0,0,0,3.1089599999999957,1007.3744336533784,0.999044978434997,128766.42057468893,1.36604413485368,10.829862642606228,0.1569545310522642,0.10099374467122466,0.7071940805810366,6852
374,1.0,69,31,69,69,0,0,0,0,2.661919999999996,1010.0363536533785,0.9990470042116265,128700.31809232314,1.3662215949260226,10.755809985862946,0.15588130414294127,0.10115865501783385,0.7036645040914863,6867
375,1.0,69,31,69,69,0,0,0,0,2.966719999999996,1013.0030736533785,0.9990490214123566,128595.85857937297,1.3668442599966668,10.67412096142809,0.15469740523808825,0.10109947863744226,0.7007206801167082,6881
376,1.0,68,32,69,68,0,1,0,0,2.9600338182692187,1015.9631074716477,0.9990204181589983,128488.91759944438,1.3674696481576096,10.593153533683129,0.15578166961298723,0.10000792287574953,0.7081492062008993,6892
377,1.0,68,32,68,68,0,0,0,0,3.068319999999995,1019.0314274716477,0.999022453031923,128368.9555331595,1.3680998547811263,10.510874892252135,0.15457168959194315,0.09976657223259769,0.7059199089282368,6908
378,1.0,68,32,68,68,0,0,0,0,2.9057599999999955,1021.9371874716477,0.9990244794683413,128270.11445225126,1.3684512750169346,10.432464005018552,0.15341858830909638,0.09970919865382694,0.7030416498067253,6923
379,1.0,68,32,68,68,0,0,0,0,2.9260799999999954,1024.8632674716478,0.9990264975206109,128169.29259652083,1.368914506411003,10.35354627727881,0.15225803348939426,0.09964282551346901,0.7001409720879684,6935
380,1.0,68,32,68,68,0,0,0,0,2.8895039999999956,1027.7527714716477,0.999028507240657,128073.60257615338,1.3691882902382655,10.27519139335425,0.15110575578462132,0.09961477222776687,0.6970604771904289,6944
381,1.0,68,32,68,68,0,0,0,0,2.7228799999999964,1030.4756514716478,0.999030508679977,127999.14273726929,1.3692540206069395,10.199282461402602,0.14998944796180297,0.0997557327996191,0.693318733468834,6963
382,1.0,67,33,68,67,0,1,0,0,3.0283603014049727,1033.5040117730528,0.9990022675736961,127883.39328577544,1.3694876839879537,10.117468919870284,0.15100699880403412,0.09867775261284087,0.7007628945637594,6980
383,1.0,67,33,67,67,0,0,0,0,2.8447999999999958,1036.3488117730528,0.999004284593567,127790.9507836651,1.3696646566373998,10.040531954995005,0.14985868589544787,0.09867861501219312,0.697548054400621,6994
384,1.0,67,33,67,67,0,0,0,0,2.905759999999996,1039.254571773053,0.9990062934746605,127691.52390986952,1.369797518080476,9.961238107405174,0.14867519563291307,0.09865278704329722,0.6943032219505755,7005
385,1.0,66,34,67,66,0,1,0,0,2.855060695314543,1042.1096324683674,0.9989782425772329,127595.02057863971,1.3696861588499258,9.885350854867145,0.1497780432555628,0.09766093426368404,0.7016789532246231,7019
386,1.0,66,34,66,66,0,0,0,0,2.722879999999998,1044.8325124683674,0.998980265131066,127515.17435578808,1.3694889934824437,9.810621111862346,0.14864577442215676,0.09777251236348349,0.6980112151279465,7035
387,1.0,66,34,66,66,0,0,0,0,3.047999999999998,1047.8805124683674,0.9989822796934866,127396.20444466455,1.3695402833748693,9.729921731468128,0.14742305653739587,0.09754275318275782,0.6955151000654931,7050
388,1.0,66,34,66,66,0,0,0,0,2.865119999999998,1050.7456324683674,0.9989842863117644,127300.0770755303,1.369454986809357,9.65237199401109,0.14624806051531955,0.09754603699470786,0.6921008883018561,7067
389,1.0,66,34,66,66,0,0,0,0,3.027679999999998,1053.7733124683673,0.9989862850327966,127184.84935442242,1.3696007193079414,9.57242885719656,0.14503680086661452,0.097402900989293,0.6891745399571501,7083
390,1.0,65,35,66,65,0,1,0,0,2.6233918006348014,1056.3967042690022,0.9989585193120276,127115.1258398907,1.3694433216773034,9.499769951390311,0.1461503069444663,0.09667093682867903,0.6956451861425648,7099
391,1.0,65,35,65,65,0,0,0,0,2.743199999999997,1059.139904269002,0.9989605298327938,127031.37655158,1.3693913941552478,9.425622008556466,0.14500956936240716,0.09672360891156558,0.6920848774491964,7115
392,1.0,65,35,65,65,0,0,0,0,2.8895039999999983,1062.029408269002,0.9989625326061181,126930.57174350432,1.3695635688909649,9.349513625856494,0.14383867116702295,0.09671378915168923,0.6886622658457046,7131
393,1.0,65,35,65,65,0,0,0,0,2.836671999999998,1064.866080269002,0.998964527676696,126836.60650161823,1.3696913020570354,9.27332823227937,0.1426665881889134,0.09672190332393932,0.6851067437455282,7143
394,1.0,65,35,65,65,0,0,0,0,2.7838399999999974,1067.649920269002,0.9989665150888797,126749.41235972196,1.3695413534028502,9.199240985512391,0.1415267843924983,0.09675515265459288,0.6814863305006563,7159
395,1.0,64,36,65,64,0,1,0,0,2.820845997546103,1070.470766266548,0.9989390233120156,126654.55636201883,1.3694593820365064,9.124376445529233,0.14256838196139426,0.09588329193694417,0.6885566274526833,7175
396,1.0,64,36,64,64,0,0,0,0,2.8041599999999973,1073.274926266548,0.9989410207383439,126562.16657600843,1.3695847609042668,9.049815654356049,0.14140336959931327,0.09592713514061724,0.6848293355965054,7194
397,1.0,64,36,64,64,0,0,0,0,2.905759999999997,1076.180686266548,0.9989430106579759,126458.31851166746,1.3698424029813887,8.974061923986993,0.14021971756229676,0.09591792655738353,0.681231144559413,7210
398,1.0,63,37,64,63,0,1,0,0,2.847664433182828,1079.028350699731,0.9989156873662925,126358.12572633824,1.3700095311673406,8.89985708142175,0.14126757272098017,0.09505922966749952,0.6883273759479871,7224
399,1.0,63,37,63,63,0,0,0,0,2.6415999999999964,1081.6699506997309,0.9989176856022933,126282.51335967708,1.3701111816013558,8.828826405631448,0.1401401016766896,0.09519830045816037,0.6842475222358925,7241
400,1.0,63,37,63,63,0,0,0,0,3.1495999999999964,1084.8195506997308,0.9989196764869047,126148.16898509087,1.37081188361113,8.747287367807399,0.13884583123503805,0.0949287406196672,0.6814569299936561,7257
401,1.0,62,38,63,62,0,1,0,0,2.8659581541001375,1087.685508853831,0.9988925157379343,126043.78644748838,1.371039523693822,8.673111194701864,0.13988889023712683,0.09397152687071379,0.6890567623109904,7273
402,1.0,62,38,62,62,0,0,0,0,2.5603199999999964,1090.245828853831,0.9988945132949322,125975.25839139319,1.3710371043670488,8.604910113879564,0.1387888728045091,0.09420279127536135,0.6846032558674774,7289
403,1.0,62,38,62,62,0,0,0,0,2.8285439999999955,1093.074372853831,0.9988965036589615,125876.15574663116,1.3713644638863618,8.53021578548704,0.13758412557237162,0.09424357542998399,0.6806380976314489,7303
404,1.0,61,39,62,61,0,1,0,0,2.607853696595849,1095.6822265504268,0.9988694996811409,125799.24786582851,1.371595529466766,8.460191514096888,0.13869166416552275,0.09355744475392593,0.6872631569812085,7319
405,1.0,61,39,61,61,0,0,0,0,2.8651199999999966,1098.5473465504267,0.9988714951242802,125693.26250123685,1.3717364823629985,8.385019485691831,0.13745933583101363,0.09353071284368235,0.6835374515027116,7333
406,1.0,61,39,61,61,0,0,0,0,2.499359999999997,1101.0467065504267,0.9988734835355286,125629.54793568052,1.3715902533481676,8.318420364879126,0.13636754696523154,0.09377717873328188,0.6789312344500666,7350
407,1.0,61,39,61,61,0,0,0,0,2.804159999999997,1103.8508665504266,0.998875464951991,125531.45012516949,1.3715974808459697,8.245382523349583,0.1351702053008128,0.09386669353207457,0.674655657096653,7365
408,1.0,61,39,61,61,0,0,0,0,3.0276799999999966,1106.8785465504266,0.9988774394105118,125408.51969044472,1.3719188494340018,8.167808275412016,0.1338984963182298,0.0936396571242236,0.6715615201938459,7381
409,1.0,61,39,61,61,0,0,0,0,2.519679999999997,1109.3982265504267,0.998879406947677,125343.62925059114,1.3716854220524615,8.100979804214,0.13280294761006559,0.09389175908880999,0.666733428942915,7398
410,1.0,61,39,61,61,0,0,0,0,2.808223999999997,1112.2064505504268,0.9988813675998164,125246.5312811852,1.3716892940159513,8.029020806265281,0.13162329190598826,0.09380894314758935,0.6631509196358567,7412
411,1.0,61,39,61,61,0,0,0,0,2.8854399999999973,1115.0918905504268,0.9988833214030064,125141.25623415565,1.3715659394787243,7.954170288280799,0.13039623423411148,0.09383288343051746,0.6588390279022057,7428
412,1.0,61,39,61,61,0,0,0,0,2.7472639999999977,1117.8391545504269,0.9988852683930716,125051.9803595715,1.3712526804884786,7.881995833210962,0.1292130464460814,0.09396567260225606,0.6540899406834867,7441
413,1.0,61,39,61,61,0,0,0,0,2.7431999999999976,1120.5823545504268,0.9988872086055868,124963.59542996756,1.370960248106468,7.809408035873185,0.12802308255529812,0.09406848598788588,0.6493936455287195,7455
414,1.0,61,39,61,61,0,0,0,0,2.519679999999998,1123.1020345504269,0.9988891420758801,124900.49495471879,1.370559586696764,7.7419679886154205,0.12691750801008886,0.09433892287475343,0.6441189673165233,7469
415,1.0,61,39,61,61,0,0,0,0,2.8244799999999977,1125.9265145504269,0.9988910688390343,124803.88212201261,1.3704100440182956,7.6686841336119596,0.12571613333790096,0.09441524593070644,0.6393739125996475,7483
416,1.0,61,39,61,61,0,0,0,0,2.7228799999999973,1128.649394550427,0.9988929889298893,124718.97887835247,1.3702291195563223,7.598014020055469,0.12455760688615525,0.09454190859686502,0.6344719836465293,7497
417,1.0,61,39,61,61,0,0,0,0,2.519679999999998,1131.169074550427,0.9988949023830438,124656.87329371372,1.369870423412406,7.531390818653157,0.12346542325660914,0.09479760657078852,0.6291177846666983,7512
418,1.0,61,39,61,61,0,0,0,0,2.824479999999998,1133.993554550427,0.9988968092328581,124561.55454604811,1.3697556454118267,7.458672289209059,0.12227331621654196,0.09483959515529268,0.6243712105997595,7527
419,1.0,61,39,61,61,0,0,0,0,2.4180799999999976,1136.411634550427,0.9988987095134555,124511.22084470464,1.3693552045759834,7.39309091942045,0.12119821179377786,0.09515924604289563,0.6186332536158077,7542
420,1.0,60,40,61,60,0,1,0,0,3.050386000523405,1139.4620205509502,0.998872413598692,124388.52497380134,1.3693963633019164,7.314880056411304,0.12191466760685504,0.0944687080285608,0.6248311853976336,7557
421,1.0,60,40,60,60,0,0,0,0,2.763519999999999,1142.2255405509502,0.9988743175550178,124297.69337106415,1.3694090730273243,7.2420835256320855,0.12070139209386807,0.09460262209764778,0.6194628528139042,7571
422,1.0,60,40,60,60,0,0,0,0,2.5806399999999976,1144.80618055095,0.9988762150924313,124227.14204037319,1.369243742414238,7.174792487156437,0.11957987478594065,0.09475005314430675,0.6143143961048279,7588
423,1.0,60,40,60,60,0,0,0,0,2.844799999999998,1147.6509805509502,0.9988781062433387,124128.33031485886,1.3693537742987358,7.1014098475274405,0.11835683079212399,0.09468891582749506,0.6097387513802933,7602
424,1.0,60,40,60,60,0,0,0,0,2.7635199999999984,1150.4145005509502,0.9988799910399283,124038.77031423093,1.36920643320969,7.028224007032715,0.11713706678387857,0.09483530028451144,0.6040588669024409,7619
425,1.0,60,40,60,60,0,0,0,0,2.7635199999999984,1153.1780205509501,0.9988818695141723,123949.63956363818,1.369119294745736,6.95672672250284,0.1159454453750473,0.09497831986970326,0.5984334994025586,7630
426,1.0,60,40,60,60,0,0,0,0,2.763519999999998,1155.94154055095,0.9988837416978289,123860.93498444464,1.3690755930647975,6.885443732428632,0.1147573955404772,0.09513232959181643,0.5926914317338866,7641
427,1.0,60,40,60,60,0,0,0,0,2.6415999999999973,1158.58314055095,0.9988856076224438,123785.67836901224,1.3689559267607347,6.816159917829922,0.11360266529716537,0.09532707079915086,0.5868082363179464,7656
428,1.0,60,40,60,60,0,0,0,0,2.458719999999998,1161.04186055095,0.9988874673193525,123730.2502872987,1.3686706314470782,6.75143205910824,0.11252386765180399,0.09558986661932015,0.5808337808157223,7669
429,1.0,60,40,60,60,0,0,0,0,2.4993599999999976,1163.5412205509501,0.9988893208196812,123670.73676329541,1.3684671172887155,6.6850959176747535,0.11141826529457924,0.09586434963209362,0.5746171034925315,7684
430,1.0,60,40,60,60,0,0,0,0,2.6009599999999975,1166.1421805509501,0.9988911681543494,123600.70873339148,1.368386788524679,6.615484566174587,0.11025807610290977,0.09609434241048104,0.56831670678373,7700
431,1.0,60,40,60,60,0,0,0,0,2.8082239999999974,1168.9504045509502,0.998893009354071,123509.0893830194,1.3685228482882068,6.542419821237968,0.10904033035396613,0.09617530039840591,0.5624448893941866,7717
432,1.0,60,40,60,60,0,0,0,0,2.702559999999997,1171.6529645509502,0.9988948444493563,123429.0394642801,1.3685810938193639,6.472214885490883,0.10787024809151471,0.09633756557425906,0.5562956741328644,7732
433,1.0,60,40,60,60,0,0,0,0,2.824479999999997,1174.4774445509502,0.9988966734705136,123336.55335150711,1.3687504116339566,6.398206846063152,0.10663678076771922,0.0964561872679877,0.5500021050038555,7747
434,1.0,60,40,60,60,0,0,0,0,2.418079999999997,1176.89552455095,0.998898496447651,123287.06921998199,1.368571305807166,6.333062855539377,0.10555104759232295,0.09677861686451757,0.5432757644870573,7765
435,1.0,60,40,60,60,0,0,0,0,2.7635199999999975,1179.65904455095,0.998900313410678,123201.7002466367,1.3687439127802952,6.261159525332871,0.10435265875554785,0.09695237031834317,0.5367119546060097,7780
436,1.0,60,40,60,60,0,0,0,0,2.7431999999999968,1182.40224455095,0.9989021243893067,123118.84612100557,1.3689471898384458,6.190480220931272,0.10317467034885454,0.09694516179286565,0.5310987566306544,7796
437,1.0,60,40,60,60,0,0,0,0,2.763519999999997,1185.16576455095,0.9989039294130542,123034.26605918586,1.3692033370073944,6.118626413283283,0.10197710688805471,0.0971311608591085,0.5243238379091711,7812
438,1.0,60,40,60,60,0,0,0,0,3.0886399999999967,1188.2544045509499,0.9989057285112436,122916.43897183418,1.369813013842276,6.040053397340967,0.10066755662234944,0.09696786740293489,0.5187132099968053,7831
439,1.0,60,40,60,60,0,0,0,0,2.7431999999999968,1190.9976045509497,0.998907521713006,122834.83983593654,1.3701474328089474,5.9687461270088535,0.09947910211681421,0.0970285057058646,0.5124688065863386,7849
440,1.0,60,40,60,60,0,0,0,0,2.3977599999999963,1193.3953645509498,0.9989093090472815,122789.14796618008,1.3700432076073865,5.904494643861113,0.09840824406435185,0.09734939304549028,0.5054088313305056,7864
441,1.0,60,40,60,60,0,0,0,0,2.7228799999999973,1196.1182445509498,0.9989110905428213,122710.2760689877,1.3702437784690884,5.834369973212408,0.09723949955354012,0.09754361843623288,0.4984386832674414,7879
442,1.0,60,40,60,60,0,0,0,0,2.5806399999999967,1198.6988845509497,0.9989128662281894,122646.31417845555,1.370258847110228,5.767054215982805,0.09611757026638007,0.09777941223302268,0.4914298826155221,7897
443,1.0,60,40,60,60,0,0,0,0,2.458719999999996,1201.1576045509498,0.9989146361317631,122595.06949136066,1.3701638628393178,5.701174004254003,0.0950195667375667,0.09803420827223214,0.48438825344428565,7913
444,1.0,60,40,60,60,0,0,0,0,2.6415999999999964,1203.7992045509498,0.9989164002817359,122525.41739718134,1.3702716728952034,5.632240915863749,0.0938706819310625,0.09824610855892617,0.4772369802177771,7928
445,1.0,60,40,60,60,0,0,0,0,2.4993599999999963,1206.2985645509498,0.9989181587061178,122470.50965777731,1.3702634073220639,5.56659404996419,0.09277656749940319,0.09850813800609773,0.47006331887147124,7945
446,1.0,59,41,60,59,0,1,0,0,2.8679100673822537,1209.1664746183321,0.9988929092185559,122375.20896095526,1.3706657643190892,5.492183289224906,0.09308785235974415,0.09879785908065367,0.4702689952919336,7962
447,1.0,59,41,59,59,0,0,0,0,2.4790399999999972,1211.645514618332,0.9988946701533982,122319.6043825454,1.3705907502729608,5.426546407459235,0.09197536283829214,0.09912757458195617,0.46262638487017976,7983
448,1.0,59,41,59,59,0,0,0,0,2.5806399999999963,1214.226154618332,0.9988964254952627,122253.99645312404,1.3706853013512479,5.359078734039495,0.09083184294982195,0.09929120768219382,0.45559375606395286,8005
449,1.0,59,41,59,59,0,0,0,0,2.7431999999999968,1216.9693546183319,0.9988981752707533,122172.34512583868,1.3707677405935492,5.288580621001629,0.08963695967799372,0.09948703342881669,0.44805827348914257,8023
450,1.0,58,42,59,58,0,1,0,0,2.865817088694631,1219.8351717070266,0.9988730882747519,122075.5094244527,1.370870447440961,5.215059178889797,0.08991481342913445,0.09987556354220074,0.44766126082633656,8042
451,1.0,57,43,58,56,0,1,1,0,2.527807999999998,1222.3629797070266,0.9988212601800257,122006.31275314359,1.3704914855781478,5.148286322723569,0.09032081267936086,0.10012309026236123,0.44866531536056303,8062
452,1.0,56,44,57,48,0,2,7,0,1.9100799999999976,1224.2730597070267,0.9985823191119433,121972.78933486846,1.3699572538962472,5.098324344701184,0.0910415061553783,0.10044703460127828,0.45100024534460115,8084
453,1.0,54,46,56,45,0,2,9,0,1.8568699850407258,1226.1299296920674,0.9982906439464758,121934.87523589586,1.3693964372049137,5.050461563832215,0.09352706599689285,0.1008671563701419,0.46229496831589684,8100
454,1.0,52,48,54,39,0,3,12,0,1.4856366745283984,1227.6155663665959,0.9978930524069876,121914.38761481678,1.368793081372854,5.01150535612169,0.09637510300234021,0.10119317627834916,0.4756276179897446,8114
455,1.0,52,48,52,43,9,0,0,14,1.2476479999999996,1228.863214366596,0.9976562708072549,121930.57636380737,1.3678848415691733,4.947014371068022,0.09513489175130813,0.10052448497461342,0.4724750893734705,8117
456,1.0,52,48,52,43,9,0,0,14,1.2639039999999997,1230.1271183665958,0.99742014415277,121945.12076051593,1.3669938560089039,4.883419611518644,0.09391191560612779,0.10004631642534956,0.4684041730029057,8122
457,1.0,52,48,52,42,10,0,0,14,1.2679679999999998,1231.395086366596,0.9971581100103583,121955.98444615804,1.3661441124883733,4.818911635345282,0.09267137760279388,0.09959731228328578,0.4640245155734202,8128
458,1.0,52,48,52,43,9,0,0,14,1.2435839999999994,1232.638670366596,0.9969233217515847,121972.48359511988,1.3652785680950925,4.75880597791144,0.09151549957521997,0.09914028726486161,0.4600714342436741,8132
459,1.0,52,48,52,42,10,0,0,14,1.2151359999999995,1233.853806366596,0.9966626936829559,121988.52021475184,1.3644311465676855,4.701310478118818,0.09040981688690036,0.09864027496479516,0.4565465018430591,8136
460,1.0,52,48,52,43,9,0,0,14,1.2476479999999996,1235.101454366596,0.9964292326817785,122004.55231208367,1.3635975587653872,4.640517120201359,0.08924071385002616,0.09812193152900572,0.45270504744193796,8139
461,1.0,52,48,52,43,9,0,0,14,1.2151359999999995,1236.316590366596,0.9961964130061545,122023.76088414907,1.3627276185505632,4.5823820442087015,0.08812273161939811,0.09760938188811795,0.4490558466697556,8143
462,1.0,52,48,52,43,9,0,0,14,1.2151359999999995,1237.531726366596,0.9959642320170926,122042.93173430895,1.3618621353198372,4.524183059791746,0.08700352038061049,0.09717130121014883,0.44496052630347144,8147
463,1.0,52,48,52,42,10,0,0,14,1.1948159999999994,1238.726542366596,0.9957063456523457,122060.83815006603,1.3610309444608988,4.4693489492598175,0.08594901825499648,0.09677294738935358,0.440969985162574,8151
464,1.0,52,48,52,43,9,0,0,14,1.2517119999999993,1239.978254366596,0.995475470209128,122076.334376786,1.3602218473225123,4.409147089691303,0.08479129018637123,0.09638369428584061,0.4362763129683854,8154
465,1.0,52,48,52,43,9,0,0,14,1.267967999999999,1241.2462223665962,0.9952452255234192,122090.20037222092,1.3594198430029063,4.345237757621395,0.0835622645696422,0.09593177162319,0.43141253139966973,8158
466,1.0,52,48,52,43,9,0,0,14,1.2070079999999994,1242.4532303665962,0.9950156090138776,122110.02900707572,1.3585852627743449,4.288138235945969,0.08246419684511481,0.09557256704637572,0.426769658080903,8162
467,1.0,52,48,52,42,10,0,0,14,1.2395199999999993,1243.6927503665963,0.9947604202142988,122123.41026771282,1.3578302050272526,4.230706369683,0.08135973787851923,0.09509385263155563,0.42263454459381805,8166
468,1.0,52,48,52,43,9,0,0,14,1.2070079999999994,1244.8997583665964,0.9945320880098371,122143.16773545614,1.3570260160665142,4.174254085424774,0.08027411702739949,0.09474583475799561,0.41787538249035056,8170
469,1.0,52,48,52,43,9,0,0,14,1.2151359999999993,1246.1148943665964,0.9943043762246897,122162.09009954728,1.3562236443901468,4.116354345293629,0.07916066048641593,0.09441812194783543,0.4127745832696511,8174
470,1.0,51,49,52,42,9,1,0,14,1.2152375924466736,1247.3301319590432,0.9940511910663501,122177.75879481761,1.3554179413548015,4.061991834231151,0.0796468987104147,0.09431708926587123,0.41626656562351383,8178
471,1.0,51,49,51,42,9,0,0,13,1.2110719999999995,1248.5412039590433,0.9938245870029705,122193.80467078654,1.3546181131873012,4.003034323562497,0.07849086908946074,0.09389512228230952,0.41134880607802754,8182
472,1.0,51,49,51,42,9,0,0,13,1.1866879999999995,1249.7278919590433,0.9935985844024044,122212.20393871581,1.3538123812787701,3.9481236817819165,0.07741418983886111,0.09352575888440708,0.4065771290937579,8186
473,1.0,51,49,51,42,9,0,0,13,1.2273279999999993,1250.9552199590432,0.9933731808731808,122226.59737173167,1.3530407929286938,3.891019244866741,0.07629449499738708,0.09304323868063225,0.4020508696912288,8190
474,1.0,51,49,51,42,9,0,0,13,1.2191999999999994,1252.1744199590432,0.9931483740364901,122241.75606862071,1.3522785987130486,3.8305645017311263,0.0751091078770809,0.09266901969839997,0.39647253520280906,8194
475,1.0,51,49,51,42,9,0,0,13,1.1948159999999994,1253.3692359590432,0.9929241615261003,122259.26375378767,1.3515144688799492,3.773960762478808,0.07399923063683937,0.09234129044501792,0.39105651105392664,8198
476,1.0,51,49,51,42,9,0,0,13,1.2395199999999993,1254.6087559590433,0.9927005409882743,122272.38114780691,1.350788941926135,3.716429313205125,0.07287116300402208,0.09198906746925466,0.38557444358003506,8202
477,1.0,50,50,51,42,8,1,0,13,1.1937604937315252,1255.8025164527749,0.9924775100816875,122289.92854210064,1.3500392472307532,3.664647795086141,0.07329295590172281,0.09197880705700429,0.3883656425000006,8204
478,1.0,50,50,50,42,8,0,0,12,1.1744959999999998,1256.977012452775,0.9922806836371146,122309.31709721785,1.3492258003955289,3.6083167941637866,0.07216633588327573,0.0914385909744662,0.38381469435110016,8209
479,1.0,50,50,50,42,8,0,0,12,1.1744959999999998,1258.151508452775,0.9920843646864687,122328.66945354616,1.34838912310229,3.5550010412789015,0.07110002082557804,0.09105403487308972,0.3787797044826223,8214
480,1.0,50,50,50,42,8,0,0,12,1.1744959999999998,1259.3260044527751,0.9918885512695061,122347.98571236672,1.3475641879859874,3.5010123398969695,0.07002024679793939,0.09065190769952162,0.3736745054995381,8218
481,1.0,50,50,50,42,8,0,0,12,1.1582399999999997,1260.484244452775,0.9916932414360663,122368.84410004131,1.3467271382045871,3.4489555915440264,0.06897911183088053,0.09021195835981545,0.3689517322008903,8222
482,1.0,50,50,50,42,8,0,0,12,1.2029439999999993,1261.687188452775,0.9914984332460061,122385.3276891538,1.345926492439425,3.396163842332536,0.06792327684665073,0.08984556307426635,0.36368007713811834,8226
483,1.0,49,51,50,41,8,1,0,12,1.1829685175713291,1262.8701569703462,0.9912784732197825,122400.54858120275,1.345123280067017,3.3456422173392375,0.06827841259875995,0.0899070311779144,0.36577973022060145,8228
484,1.0,48,52,49,40,8,1,0,11,1.125483911569956,1263.9956408819162,0.991058847641739,122418.14369868986,1.3443021580279608,3.293687230716207,0.0686184839732543,0.08976657185278654,0.3688155633677381,8233
485,1.0,47,53,48,40,7,1,0,10,1.0798186979765414,1265.0754595798928,0.9908651262761956,122440.12705094917,1.3434898130815203,3.2477698207695394,0.06910148554828809,0.08975651210630713,0.37213962059942435,8238
486,1.0,47,53,47,40,7,0,0,9,1.1379199999999996,1266.2133795798927,0.9906971989368227,122456.45362825406,1.3427317695900434,3.195862111939239,0.06799706621147318,0.08917242312190878,0.36767257265843767,8243
487,1.0,47,53,47,40,7,0,0,9,1.1379199999999996,1267.3512995798926,0.9905296745373324,122472.7508871863,1.341989269743741,3.1489355545878457,0.066998628821018,0.08879934638712515,0.36275783186782806,8247
488,1.0,47,53,47,40,7,0,0,9,1.0850879999999996,1268.4363875798927,0.9903625516291877,122494.12073115383,1.3412071047673446,3.101671078411174,0.06599300166832284,0.08832114759039651,0.3582743712382994,8252
489,1.0,47,53,47,40,7,0,0,9,1.1135359999999999,1269.5499235798927,0.9901958287707862,122512.70872548096,1.3404426702008374,3.053477722258113,0.06496761111187475,0.0879311238650276,0.3531252365268502,8257
490,1.0,47,53,47,40,7,0,0,9,1.1419839999999997,1270.6919075798928,0.9900295045274189,122528.5209351275,1.3396665982616427,3.0057587614626993,0.06395231407367444,0.08757369603218723,0.34780855831873503,8261
491,1.0,47,53,47,40,7,0,0,9,1.146048,1271.8379555798929,0.9898635774712293,122543.91317401567,1.3388870362704215,2.9484948197430123,0.0627339323349577,0.08692012330954549,0.34249975946982253,8266
492,1.0,47,53,47,40,7,0,0,9,1.093216,1272.9311715798929,0.9896980461811723,122564.3644238529,1.3380714846599233,2.903311775514588,0.06177259096839549,0.0865975400816897,0.337238833250203,8270
493,1.0,47,53,47,40,7,0,0,9,1.1379199999999998,1274.0690915798928,0.9895329092429733,122580.4793728541,1.3372800341812092,2.856106021419716,0.06076821322169608,0.08626533577542025,0.3316521693427814,8274
494,1.0,47,53,47,40,7,0,0,9,1.105408,1275.1744995798927,0.9893681652490887,122599.69129833214,1.3364927520509402,2.8089522180051154,0.05976494080861948,0.08589599991851991,0.32619704340412053,8279
495,1.0,46,54,47,40,6,1,0,9,1.088953517664251,1276.263453097557,0.989203812798665,122620.45083260526,1.3356981032525073,2.763796869441438,0.060082540640031254,0.08599854518180987,0.32800497288131064,8283
496,1.0,45,55,46,39,6,1,0,8,1.0780652581939572,1277.3415183557508,0.9890395737050787,122639.08888019958,1.334864210924569,2.7185856612382917,0.06041301469418426,0.08612843254213175,0.3297601515903029,8288
497,1.0,45,55,45,39,6,0,0,8,1.101344,1278.4428623557508,0.9889006609151909,122655.46206034918,1.3341036071322157,2.6737733217644566,0.05941718492809903,0.08582891669269671,0.3239791050677863,8292
498,1.0,42,58,45,36,6,3,0,8,1.0189435652248982,1279.4618059209756,0.9886864716405876,122670.32847223103,1.3333811456549158,2.630185256512296,0.06262345848838799,0.08698200197525353,0.34138628476329874,8297
499,1.0,42,58,42,36,6,0,0,8,1.007872,1280.4696779209755,0.9885474086939012,122686.23202000977,1.3326280458991009,2.584790746804911,0.06154263682868836,0.08654421375221644,0.3358484338495545,8301
500,1.0,40,60,42,34,6,2,0,8,1.035714856679572,1281.505392777655,0.9883583515626965,122693.20198426992,1.331948711063427,2.5412792486754,0.063531981216885,0.08728377588647841,0.3463227998792553,8305
501,1.0,40,60,40,34,6,0,0,8,0.9428480000000001,1282.448240777655,0.9882193363643215,122709.0458672817,1.3312233248805514,2.500123244277205,0.06250308110693012,0.08700294310774657,0.34041347329217364,8310
502,1.0,40,60,40,34,6,0,0,8,0.9509760000000002,1283.399216777655,0.9880806002358786,122724.0892319222,1.3305006617297623,2.4601525599836016,0.06150381399959004,0.08670790532202395,0.33472487718572846,8314
503,1.0,38,62,40,32,6,2,0,8,0.9745898047676738,1284.3738065824227,0.9878920057155749,122730.62498793977,1.3298379146091388,2.418992303887789,0.06365769220757339,0.08753857686231747,0.34589812627870115,8318
504,1.0,37,63,38,31,6,1,0,8,0.9066384930216573,1285.2804450754443,0.9877282175862155,122740.52764471954,1.3291576145561717,2.3801585720316565,0.06432861005490964,0.0878128700477139,0.3492341718602594,8323
505,1.0,33,67,37,26,6,4,1,8,0.850647189934603,1286.1310922653788,0.987464344692989,122740.20972616946,1.3285754810935202,2.3369257781534394,0.07081593267131633,0.0896330124941163,0.38431348003102794,8328
506,1.0,30,70,33,23,6,3,1,8,0.7438927843840697,1286.874985049763,0.9872246806170154,122740.7493618287,1.3280425942368683,2.301985781898535,0.07673285939661785,0.09085141003943568,0.4163462741189371,8333
507,1.0,25,75,30,17,6,5,2,8,0.6745638801202684,1287.5495489298833,0.986909490619301,122729.25739544131,1.3276018630663726,2.264907485537202,0.09059629942148809,0.09202304940711632,0.49218777794493146,8338
508,1.0,23,77,25,14,6,3,2,8,0.48398057212844053,1288.0335295020118,0.9866430319069257,122726.61881800267,1.3272278946566296,2.233958208378617,0.09712861775559206,0.09183755535727865,0.5279781156224083,8343
509,1.0,23,77,23,17,6,0,0,11,0.516128,1288.5496575020118,0.9865009856027148,122730.23323492141,1.3267769479374247,2.2033216845367303,0.09579659497985787,0.09167849455174541,0.5219555268392464,8344
510,1.0,22,78,23,16,6,1,0,11,0.5545082052435848,1289.1041657072553,0.9863341645885286,122727.0877006286,1.3263639041266413,2.1692022378602642,0.09860010172092108,0.09117792024221372,0.5390500751531443,8345
511,1.0,22,78,22,16,6,0,0,11,0.52832,1289.6324857072552,0.986192114052141,122726.43699200946,1.3259510921064175,2.133981947165538,0.0969991794166154,0.09111485259361662,0.5312500598837875,8346
512,1.0,22,78,22,16,6,0,0,11,0.512064,1290.1445497072552,0.986050219210841,122727.33317823014,1.3255214682949346,2.102498643363472,0.09556812015288507,0.0908914409321479,0.5250656980954229,8347
513,1.0,22,78,22,16,6,0,0,11,0.512064,1290.6566137072552,0.9859084798087935,122728.22865333261,1.3250889076122938,2.0724169684052685,0.09420077129114857,0.09076724239611102,0.5185564309957931,8348
514,1.0,22,78,22,16,6,0,0,11,0.5242559999999999,1291.1808697072552,0.9857668955907236,122727.96454607323,1.3246680832482465,2.040122656975072,0.09273284804432146,0.09063564542256945,0.5114355977353133,8349
515,1.0,22,78,22,16,6,0,0,11,0.48768,1291.6685497072551,0.9856254663019149,122731.175916553,1.3242406257180273,2.011233259477583,0.0914196936126174,0.09054559673752488,0.5048035353559789,8350
516,1.0,22,78,22,16,6,0,0,11,0.520192,1292.188741707255,0.9854841916882084,122731.29681540668,1.3238175107674195,1.9790666706433955,0.08995757593833617,0.09040939501894078,0.49749501672589674,8351
517,1.0,22,78,22,16,6,0,0,11,0.483616,1292.672357707255,0.9853430714960004,122734.89028681623,1.3233874624704165,1.9502945246950447,0.08864975112250204,0.09034732165905372,0.49051706354425917,8352
518,1.0,22,78,22,16,6,0,0,11,0.48768000000000006,1293.160037707255,0.9852021054722415,122738.09534155352,1.3229633688471245,1.9213148612909499,0.08733249369504317,0.09025432635833486,0.4835514711361499,8354
519,1.0,22,78,22,16,6,0,0,11,0.503936,1293.663973707255,0.9850612933644349,122739.75562987382,1.322535342411568,1.8919631073866534,0.0859983230630297,0.09015392536176031,0.4764221524903614,8356
520,1.0,22,78,22,15,7,0,0,11,0.4998719999999999,1294.1638457072552,0.9848958333333333,122738.70926535767,1.3221381657612374,1.8627370026196863,0.08466986375544028,0.09007681007698164,0.469087968148458,8357
521,1.0,22,78,22,16,6,0,0,11,0.52832,1294.692165707255,0.9847553418273759,122738.05635735263,1.3217203194059157,1.8290125851070331,0.08313693568668334,0.09010720483950431,0.459831229001992,8358
522,1.0,21,79,22,15,6,1,0,11,0.511936050693653,1295.2041017579488,0.9845902289168567,122735.86825754846,1.3213180876103225,1.7983030991333904,0.08563348091111382,0.09019101514689047,0.4740964756813348,8359
523,1.0,21,79,21,15,6,0,0,10,0.512064,1295.7161657579488,0.9844496719078866,122733.66976707755,1.3209133454204167,1.7695756203981776,0.08426550573324655,0.08999316432513726,0.4671667563057611,8360
524,1.0,21,79,21,15,6,0,0,10,0.47142399999999995,1296.187589757949,0.9843092610008415,122735.32107316983,1.3205060474189203,1.742722247278267,0.0829867736799175,0.08993728247391425,0.4598708351235144,8361
525,1.0,21,79,21,15,6,0,0,10,0.48768,1296.6752697579489,0.9841689959680412,122735.43246468196,1.3201069216061823,1.7128544160119616,0.0815644960005696,0.08988961754508183,0.4515582359274975,8362
526,1.0,20,80,21,15,5,1,0,10,0.49997114866246856,1297.1752409066114,0.9840288765822784,122734.3808140584,1.3197168901495626,1.6814627054917866,0.0840731352745893,0.09025033339284923,0.4646091748583346,8363
527,1.0,20,80,20,15,5,0,0,9,0.46329599999999993,1297.6385369066113,0.9839132153800534,122736.79878502424,1.319306624651358,1.6564823243758546,0.08282411621879274,0.09016923132191323,0.4576174602034148,8364
528,1.0,20,80,20,15,5,0,0,9,0.46735999999999994,1298.1058969066114,0.9837976684449713,122738.83076849038,1.3189010553779168,1.6307753198386306,0.08153876599193155,0.0900781951026359,0.4503642396392901,8365
529,1.0,20,80,20,15,5,0,0,9,0.463296,1298.5691929066113,0.9836822356077812,122741.24541892057,1.31849915712297,1.6064400863013608,0.08032200431506804,0.08998007656620534,0.4434703930934263,8366
530,1.0,20,80,20,15,5,0,0,9,0.47142399999999995,1299.0406169066114,0.9835669166995658,122742.89034910353,1.318094910588502,1.5805487639842175,0.07902743819921085,0.08992168108018864,0.43578461688596737,8367
531,1.0,20,80,20,15,5,0,0,9,0.434848,1299.4754649066115,0.9834517115517412,122747.98894449558,1.3176864589079755,1.5569266331488656,0.07784633165744327,0.0898903946292574,0.42856492509087746,8369
532,1.0,20,80,20,15,5,0,0,9,0.47548799999999997,1299.9509529066115,0.983336619996056,122749.24653366007,1.3172884250948456,1.5308372667871435,0.07654186333935717,0.0898172535722891,0.4207053509039676,8371
533,1.0,20,80,20,15,5,0,0,9,0.47548799999999997,1300.4264409066116,0.9832216418645905,122750.50320317462,1.3168842747877223,1.5036011476937934,0.07518005738468968,0.08975205360506258,0.4123328477038616,8372
534,1.0,20,80,20,15,5,0,0,9,0.451104,1300.8775449066115,0.9831067769897557,122754.05984616623,1.316479003006348,1.4796256123762686,0.07398128061881344,0.08973418435126186,0.4046614623077076,8373
535,1.0,20,80,20,15,5,0,0,9,0.4795519999999999,1301.3570969066116,0.9829920252042926,122754.93051041,1.3160723057331258,1.4522458930949733,0.07261229465474867,0.08968015725033114,0.395983121613128,8374
536,1.0,20,80,20,15,5,0,0,9,0.44704,1301.8041369066116,0.9828773863412714,122758.86630667871,1.3156551313091642,1.4284313924803018,0.07142156962401508,0.08970765945628245,0.38795594599897537,8375
537,1.0,19,81,20,15,4,1,0,9,0.4611954222008739,1302.2653323288125,0.9827628602340907,122761.46498817684,1.3152461945045355,1.4054190129057613,0.07396942173188217,0.09043723658417196,0.40082984616193246,8376
538,1.0,19,81,19,15,4,0,0,8,0.47142399999999995,1302.7367563288126,0.9826725981271659,122763.09793444865,1.3148400109006195,1.3796037264445262,0.07261072244444874,0.09042887189557955,0.39200263519002465,8377
539,1.0,19,81,19,15,4,0,0,8,0.4795519999999999,1303.2163083288126,0.9825824202820223,122763.96403077674,1.3144345383878446,1.3537922290326379,0.07125222258066514,0.09037941726352612,0.38329612867404517,8378
540,1.0,19,81,19,15,4,0,0,8,0.451104,1303.6674123288126,0.9824923265807244,122767.50840469156,1.3140298527409489,1.3303831279127045,0.07002016462698445,0.09038911203026999,0.3750338727435898,8380
541,1.0,19,81,19,15,4,0,0,8,0.491744,1304.1591563288125,0.9824023169055567,122767.22455463297,1.3136361561924512,1.3026339462968557,0.06855968138404504,0.09039675531018895,0.36516692922392285,8382
542,1.0,19,81,19,15,4,0,0,8,0.483616,1304.6427723288125,0.9823123911390231,122767.70576369885,1.3132418411663012,1.2782353127265855,0.06727554277508346,0.09032160191337427,0.35682766251018927,8383
543,1.0,19,81,19,15,4,0,0,8,0.43891199999999997,1305.0816843288126,0.9822225491638468,122772.391892392,1.3128431545061057,1.2564032447019753,0.06612648656326187,0.09036871420939901,0.3487229161349467,8384
544,1.0,19,81,19,16,3,0,0,8,0.48361599999999993,1305.5653003288126,0.9821573000661749,122775.93465422966,1.3124227899209344,1.2304382526246727,0.06475990803287753,0.09046006168631894,0.33884546044930175,8385
545,1.0,18,82,19,14,4,1,0,8,0.44592480207812935,1306.0112251308906,0.9820431161195492,122776.89265950196,1.3120514392457285,1.2089094693919897,0.06716163718844387,0.09164729815602005,0.34939705561898476,8386
546,1.0,17,83,18,13,4,1,0,8,0.40233599999999997,1306.4135611308907,0.9819285959155688,122778.88470565974,1.3116937292871818,1.185599492293413,0.0697411466054949,0.09292840603760281,0.36029643325896077,8388
547,1.0,12,88,17,6,5,5,1,8,0.30037672752950734,1306.7139378584202,0.9816668706400685,122769.0279809211,1.3115155477834242,1.1678633121922162,0.09732194268268468,0.09712585563518399,0.5010084292534557,8391
548,1.0,12,88,12,8,4,0,0,10,0.23571199999999998,1306.9496498584201,0.9815743754129248,122771.37073901964,1.3112841777345106,1.1512498878571762,0.09593749065476471,0.09742758328316924,0.49229434708426617,8391
549,1.0,12,88,12,8,4,0,0,10,0.260096,1307.20974585842,0.9814819344895912,122771.42249625025,1.311052697370079,1.1326435035504447,0.09438695862920375,0.09776764089257031,0.48241189041315785,8391
550,1.0,12,88,12,8,4,0,0,10,0.24790399999999999,1307.4576498584202,0.9813895478222592,122772.61907288709,1.310822018193931,1.1144226462684894,0.09286855385570746,0.0981736322128337,0.4722522509958247,8391
551,1.0,12,88,12,8,4,0,0,10,0.25196799999999997,1307.7096178584202,0.9812972153631763,122773.43364877068,1.3105888997050825,1.0947779088127394,0.0912314924010616,0.0987390944734945,0.46054181339300754,8391
552,1.0,12,88,12,8,4,0,0,10,0.26822399999999996,1307.97784185842,0.9812049370646462,122772.72203008937,1.3103489904499264,1.0739021268852,0.08949184390710001,0.09940835416664963,0.4476482437881398,8391
553,1.0,12,88,12,8,4,0,0,10,0.24790399999999999,1308.2257458584202,0.9811127128790285,122773.91765792562,1.310111302207573,1.0552903375630076,0.08794086146358397,0.09994956797315235,0.43634666994432225,8391
554,1.0,12,88,12,8,4,0,0,10,0.26822399999999996,1308.49396985842,0.9810205427587386,122773.20622072276,1.3098770479329473,1.035054525059413,0.08625454375495108,0.10055669984570599,0.42388672923666376,8391
555,1.0,11,89,12,8,3,1,0,10,0.2269170387055777,1308.7208868971256,0.9809284266562477,122776.37012500019,1.3096384354822799,1.0206743046168616,0.0927885731469874,0.10175907858356639,0.4539882712053768,8391
556,1.0,10,90,11,8,2,1,0,9,0.21114886404561387,1308.9320357611712,0.9808603095551975,122781.01200765755,1.309403937297715,1.0078455503532235,0.10078455503532235,0.10257676057925891,0.4911877716107006,8391
557,1.0,10,90,10,8,2,0,0,8,0.207264,1309.139299761171,0.9808161671385336,122786.01675873977,1.309169356964807,0.9958422417365047,0.09958422417365047,0.10285163199243429,0.48386374382776975,8391
558,1.0,10,90,10,8,2,0,0,8,0.195072,1309.334371761171,0.9807720462642135,122792.163306415,1.3089300167494622,0.9842807061846042,0.09842807061846043,0.10315134719218388,0.47658151393854786,8391
559,1.0,9,91,10,7,2,1,0,8,0.19953956643449314,1309.5339113276054,0.9807035519125683,122794.83456596929,1.3087234719548888,0.9732806600825097,0.1081422955647233,0.10333541604204428,0.5227182207028694,8391
560,1.0,9,91,9,7,2,0,0,7,0.19100799999999996,1309.7249193276054,0.9806590083168704,122798.3049162483,1.308511875097594,0.962520803746256,0.10694675597180622,0.10359793459323889,0.5159014904678763,8391
561,1.0,9,91,9,7,2,0,0,7,0.19507199999999997,1309.9199913276054,0.9806144842721287,122801.39326446052,1.3083014635282761,0.9516668768084513,0.10574076408982792,0.10387598659128461,0.5088954242617761,8391
562,1.0,9,91,9,7,2,0,0,7,0.18288,1310.1028713276055,0.9805699797654746,122805.6235286032,1.308091832471165,0.9411468192853611,0.10457186880948456,0.10417942113926669,0.5018799705778377,8391
563,1.0,9,91,9,7,2,0,0,7,0.186944,1310.2898153276055,0.9805254947840499,122809.47170437018,1.3078833856054277,0.9305326911607199,0.10339252124008,0.10449819462045004,0.4946816186536373,8391
564,1.0,9,91,9,7,2,0,0,7,0.186944,1310.4767593276056,0.9804810293150084,122813.31878222624,1.3076760213089351,0.9199175163202842,0.10221305736892047,0.10483671547409551,0.4873304043976123,8391
565,1.0,9,91,9,7,2,0,0,7,0.186944,1310.6637033276056,0.9804365833455148,122817.16476264119,1.3074689311247143,0.909169655740508,0.10101885063783424,0.10515446007463929,0.4799491695095308,8391
566,1.0,9,91,9,7,2,0,0,7,0.186944,1310.8506473276057,0.9803921568627451,122821.00964608452,1.3072596916550918,0.8985296988108361,0.099836633201204,0.10547702180887583,0.4725486600603205,8391
567,1.0,9,91,9,7,2,0,0,7,0.17881599999999997,1311.0294633276058,0.9803477498538866,122825.61491126582,1.3070502220975981,0.8881295406943277,0.09868106007714753,0.10583219430165365,0.4650760949808994,8391
568,1.0,8,92,9,7,1,1,0,7,0.18865265313379512,1311.2181159807396,0.9803033623061379,122829.29745791106,1.3068410696776702,0.878329519038219,0.10979118987977739,0.10637021330075754,0.5158220658940751,8391
569,1.0,8,92,8,7,1,0,0,6,0.17068799999999998,1311.3888039807396,0.9802828558214259,122834.66162821217,1.3066299292137586,0.870358413724814,0.10879480171560175,0.10656351562729496,0.5103596955119313,8391
570,1.0,8,92,8,7,1,0,0,6,0.17475199999999996,1311.5635559807395,0.980262357321911,122839.6437712287,1.3064181558476795,0.86229297789297,0.10778662223662128,0.10677056959641484,0.5047354733082213,8391
571,1.0,8,92,8,7,1,0,0,6,0.17068799999999998,1311.7342439807394,0.9802418668029297,122845.00518259403,1.3062068596027903,0.8543477013845959,0.10679346267307449,0.10699802636068428,0.4990431634989367,8391
572,1.0,8,92,8,7,1,0,0,6,0.170688,1311.9049319807393,0.9802213842598224,122850.3651988452,1.3059966454125873,0.846376596071191,0.10579707450889887,0.10721051100044142,0.4933646764019203,8391
573,1.0,7,93,8,7,0,1,0,6,0.15677432059455132,1312.061706301334,0.9802009096879333,122857.02663665653,1.305785627437701,0.8403774385580389,0.12005391979400558,0.10648506142334921,0.5596822367867712,8391
574,1.0,7,93,7,7,0,0,0,5,0.150368,1312.212074301334,0.980204280155642,122864.28631274491,1.3055743494759462,0.8357441559473264,0.1193920222781895,0.10641744787265726,0.5572689919211598,8391
575,1.0,7,93,7,6,1,0,0,5,0.138176,1312.350250301334,0.9801833345490797,122869.63785999599,1.3053931828628733,0.8314705715563593,0.11878151022233704,0.10638489647319282,0.5548889695341204,8391
576,1.0,7,93,7,7,0,0,0,5,0.15849599999999997,1312.508746301334,0.9801867068605047,122876.13355299747,1.3051815371768574,0.8265716613274524,0.11808166590392177,0.10627075987738781,0.5524989345665131,8391
577,1.0,7,93,7,7,0,0,0,5,0.150368,1312.659114301334,0.9801900780243553,122883.38856798662,1.304969964967993,0.8219125499117091,0.11741607855881557,0.10618010509249311,0.5501246124809425,8391
578,1.0,7,93,7,7,0,0,0,5,0.17068799999999998,1312.829802301334,0.9801934480412171,122888.73981775243,1.3047602798989621,0.8165460378129528,0.11664943397327898,0.10604044503082365,0.5475323147994284,8391
579,1.0,7,93,7,6,1,0,0,5,0.14223999999999998,1312.9720423013339,0.980172518527518,122893.70588362304,1.3045783481681625,0.8120704791703303,0.11601006845290432,0.10603017180493919,0.5448557259649891,8391
580,1.0,6,94,7,6,0,1,0,5,0.14029497867535295,1313.1123372800093,0.980151596132355,122898.85291481133,1.3043969346216933,0.8075665572263924,0.13459442620439874,0.10239689928060977,0.6333972949293636,8391
581,1.0,6,94,6,6,0,0,0,5,0.134112,1313.2464492800093,0.9801544889234357,122904.57749837446,1.3042149095927127,0.8032543483724939,0.133875724728749,0.1023566123588464,0.6310905313834801,8391
582,1.0,6,94,6,6,0,0,0,5,0.134112,1313.3805612800093,0.9801573808714237,122910.30091283952,1.3040332407919044,0.7989421395185956,0.13315702325309928,0.10231674129401769,0.6287624803949856,8391
583,1.0,6,94,6,6,0,0,0,5,0.13411199999999998,1313.5146732800092,0.9801602719766878,122916.02315856458,1.303851424629047,0.7946296707478092,0.1324382784579682,0.1022741564225775,0.6264271365045038,8391
584,1.0,5,95,6,5,0,1,0,5,0.12523092811626868,1313.6399042081255,0.980138882144418,122919.53029345347,1.3036989195506654,0.7904589316685937,0.15809178633371876,0.09143667561120397,0.7493330268342216,8391
585,1.0,5,95,5,5,0,0,0,5,0.11785599999999999,1313.7577602081255,0.9801412930008983,122923.7268021286,1.3035464448492735,0.7864112682431984,0.1572822536486397,0.0914485132682609,0.7473506138685889,8391
586,1.0,5,95,5,5,0,0,0,5,0.12598399999999998,1313.8837442081256,0.9801437032721624,122927.16209632602,1.3033950143983895,0.7820159023545353,0.15640318047090707,0.09147290278258619,0.7451268987923674,8391
587,1.0,5,95,5,5,0,0,0,5,0.10972799999999999,1313.9934722081255,0.9801461129584234,122932.11756109448,1.303241709354348,0.7782080377423035,0.1556416075484607,0.09149831705366314,0.7431624342114957,8391
588,1.0,5,95,5,5,0,0,0,5,0.12598399999999998,1314.1194562081255,0.9801485220598942,122935.55143468935,1.3030900522515376,0.7738430890886524,0.1547686178177305,0.09138907653032813,0.7414676131864973,8391
589,1.0,5,95,5,5,0,0,0,5,0.10972799999999999,1314.2291842081254,0.9801509305767877,122940.50531023131,1.302937124744722,0.7700607933645633,0.15401215867291265,0.09144691269978043,0.7393409353553309,8391
590,1.0,5,95,5,5,0,0,0,5,0.11379199999999998,1314.3429762081255,0.9801533385093167,122945.07820644525,1.3027843356921631,0.7660509545006762,0.15321019090013524,0.09152880065111052,0.7369768021733825,8391
591,1.0,5,95,5,5,0,0,0,5,0.10972799999999999,1314.4527042081254,0.9801557458576939,122950.03044431409,1.3026314838692785,0.7622430898884445,0.15244861797768888,0.09155543734518094,0.7349269957680072,8391
592,1.0,5,95,5,5,0,0,0,5,0.12598399999999998,1314.5786882081254,0.9801581526221317,122953.4614016276,1.3024788710218005,0.7579806696560099,0.15159613393120197,0.09161893864120348,0.7324647599234572,8391
593,1.0,5,95,5,5,0,0,0,5,0.11785599999999999,1314.6965442081255,0.9801605588028425,122957.65187195121,1.3023266981844301,0.7539069175086958,0.15078138350173917,0.09159215805790982,0.7304625610792032,8391
594,1.0,5,95,5,5,0,0,0,5,0.11379199999999998,1314.8103362081256,0.9801629644000388,122962.22165872023,1.3021740602505276,0.7499229074498395,0.14998458148996788,0.09171163716516847,0.7278549218636511,8391
595,1.0,5,95,5,5,0,0,0,5,0.1016,1314.9119362081256,0.9801653694139327,122967.93081541183,1.3020206557822103,0.7463806704558019,0.14927613409116036,0.09178822338004693,0.725642938601704,8391
596,1.0,5,95,5,5,0,0,0,5,0.1016,1315.0135362081255,0.9801677738447364,122973.63908990672,1.3018672892589973,0.7428384334617644,0.14856768669235285,0.09186501952098276,0.723410159108845,8391
597,1.0,5,95,5,5,0,0,0,5,0.10972799999999999,1315.1232642081254,0.980170177692662,122978.58641971755,1.301714463226602,0.7390556108556567,0.14781112217113135,0.09195498729391996,0.7209687752999038,8391
598,1.0,5,95,5,5,0,0,0,5,0.13411199999999998,1315.2573762081254,0.9801725809579213,122981.25289084445,1.3015634839784274,0.7345017341999973,0.14690034683999945,0.09193454833818061,0.7185650910733274,8391
599,1.0,5,95,5,5,0,0,0,5,0.12598399999999998,1315.3833602081254,0.9801749836407261,122984.67875890095,1.3014122406003044,0.7302142719614384,0.14604285439228767,0.09193774801414818,0.7161770555063057,8391
600,1.0,5,95,5,5,0,0,0,5,0.10566399999999998,1315.4890242081253,0.9801773857412882,122990.00373446116,1.301259226069931,0.7265513487619126,0.14531026975238254,0.09203443520927786,0.71369885492688,8391
601,1.0,5,95,5,5,0,0,0,5,0.10972799999999999,1315.5987522081252,0.9801797872598192,122994.94791129268,1.3011068521384082,0.7227685261558051,0.14455370523116104,0.09212494761648346,0.7111571448027697,8391
602,1.0,5,95,5,5,0,0,0,5,0.11379199999999998,1315.7125442081253,0.9801821881965307,122999.51133885418,1.3009540136198894,0.7188665909420223,0.14377331818840447,0.09218379744063755,0.7086645632707306,8391
603,1.0,5,95,5,5,0,0,0,5,0.113792,1315.8263362081254,0.9801845885516339,123004.07397712985,1.3008017150609679,0.7149388269232088,0.14298776538464178,0.09220681455016125,0.7062935329611716,8391
604,1.0,5,95,5,5,0,0,0,5,0.1016,1315.9279362081254,0.9801869883253403,123009.7754945743,1.3006486507361472,0.7113965899291712,0.14227931798583424,0.09228487695964045,0.7038759636201682,8391
605,1.0,5,95,5,5,0,0,0,5,0.12191999999999997,1316.0498562081254,0.980189387517861,123013.57675495064,1.300497532069994,0.7072538091864304,0.14145076183728608,0.09235183514096551,0.7011315900927191,8391
606,1.0,5,95,5,5,0,0,0,5,0.1016,1316.1514562081254,0.9801917861294072,123019.27657055037,1.3003445431332408,0.7037115721923929,0.14074231443847857,0.09243017906297009,0.6986661530128175,8391
607,1.0,5,95,5,5,0,0,0,5,0.12191999999999997,1316.2733762081255,0.9801941841601898,123023.0763053858,1.3001929974168362,0.6994358457934235,0.1398871691586847,0.0924633242024903,0.6959420706258707,8391
608,1.0,5,95,5,5,0,0,0,5,0.10566399999999998,1316.3790402081254,0.9801965816104198,123028.39459856082,1.3000402846251788,0.6957737093928043,0.13915474187856086,0.09253591596433651,0.6933822188231515,8391
609,1.0,5,95,5,5,0,0,0,5,0.10972799999999999,1316.4887682081253,0.9801989784803079,123033.33223302795,1.299888211725056,0.6919658447805724,0.13839316895611448,0.09256658494220105,0.6909022802568572,8391
610,1.0,5,95,5,5,0,0,0,5,0.12598399999999998,1316.6147522081253,0.9802013747700649,123036.74991360946,1.299737480933902,0.6876783825420136,0.13753567650840273,0.09257253392887023,0.688213772820622,8391
611,1.0,5,95,5,5,0,0,0,5,0.11379199999999998,1316.7285442081254,0.9802037704799013,123041.30620744862,1.2995858843132513,0.6837506185232001,0.13675012370464001,0.09259750190485876,0.68563406861398,8391
612,1.0,5,95,5,5,0,0,0,5,0.1016,1316.8301442081254,0.9802061656100276,123047.00094592519,1.299433121206134,0.6802083815291625,0.1360416763058325,0.09267711972898561,0.6830186706954544,8391
613,1.0,5,95,5,5,0,0,0,5,0.12192,1316.9520642081254,0.9802085601606543,123050.79615592599,1.2992814992544748,0.6760663875853281,0.13521327751706563,0.09272034449497464,0.6801651574234256,8391
614,1.0,5,95,5,5,0,0,0,5,0.10972799999999999,1317.0617922081253,0.9802109541319914,123055.72977580462,1.2991297141215015,0.6722582630562084,0.13445165261124167,0.09274640182727124,0.6775797710934398,8391
615,1.0,5,95,5,5,0,0,0,5,0.11785599999999999,1317.1796482081254,0.9802133475242495,123059.90319582292,1.2989783675999667,0.668210599630813,0.13364211992616262,0.09276610178040005,0.6748422212400883,8391
616,1.0,5,95,5,5,0,0,0,5,0.130048,1317.3096962081254,0.9802157403376385,123062.93688313327,1.2988291642255207,0.6637469919456297,0.13274939838912594,0.09286749748196511,0.6714121207592773,8391
617,1.0,4,96,5,4,0,1,0,5,0.11150365593975603,1317.421199864065,0.9801939493603541,123064.66604357724,1.298708078147867,0.6601016930595176,0.1650254232648794,0.0725477410782957,0.8380390442510909,8391
618,1.0,4,96,4,4,0,0,0,4,0.085344,1317.5065438640652,0.9801958650707291,123068.83844724899,1.298585336901101,0.6574235991121438,0.16435589977803594,0.0724543328565437,0.8372837929984809,8391
619,1.0,4,96,4,4,0,0,0,4,0.09753599999999998,1317.6040798640652,0.9801977804105515,123071.8714962766,1.2984631211089468,0.6544116357500556,0.1636029089375139,0.07242753826554517,0.8361300763268843,8391
620,1.0,4,96,4,4,0,0,0,4,0.093472,1317.6975518640652,0.9801996953799289,123075.2836799155,1.2983410296687645,0.651519571794549,0.16287989294863728,0.07239698008774403,0.8350290308958899,8391
621,1.0,4,96,4,4,0,0,0,4,0.11379199999999998,1317.8113438640653,0.9802016099789688,123076.79756680742,1.298220866627801,0.6480006084032901,0.16200015210082253,0.07241131421829759,0.8334765499087966,8391
622,1.0,4,96,4,4,0,0,0,4,0.1016,1317.9129438640653,0.9802035242077783,123079.44978855202,1.2980990236032193,0.6447912592195278,0.16119781480488196,0.07222625859804697,0.8328075729579394,8391
623,1.0,4,96,4,4,0,0,0,4,0.09753599999999998,1318.0104798640652,0.9802054380664652,123082.48111709338,1.2979771044060417,0.6417534670524088,0.16043836676310222,0.07214629652345983,0.83179853586722,8391
624,1.0,4,96,4,4,0,0,0,4,0.093472,1318.1039518640653,0.9802073515551367,123085.8914963117,1.2978551090588046,0.6388603563811078,0.15971508909527696,0.07214471894513695,0.8305365819574979,8391
625,1.0,4,96,4,4,0,0,0,4,0.085344,1318.1892958640653,0.9802092646738999,123090.06036469302,1.2977326368346018,0.6362080912387649,0.15905202280969122,0.07210609246927602,0.8295138282009071,8391
626,1.0,4,96,4,4,0,0,0,4,0.085344,1318.2746398640654,0.9802111774228622,123094.22869329623,1.297610088584413,0.633529997291391,0.1583824993228478,0.07201279264744447,0.8286853237878388,8391
627,1.0,4,96,4,4,0,0,0,4,0.10566399999999998,1318.3803038640654,0.9802130898021308,123096.49918490673,1.2974888666771702,0.6302265775060778,0.15755664437651945,0.07188765020344995,0.8276925100806438,8391
628,1.0,4,96,4,4,0,0,0,4,0.08940799999999999,1318.4697118640654,0.980215001811813,123100.28705212577,1.2973666670928585,0.6274544129571531,0.15686360323928827,0.07185385439312729,0.8265663095959307,8391
629,1.0,4,96,4,4,0,0,0,4,0.10566399999999998,1318.5753758640653,0.9802169134520158,123102.55672234994,1.2972457935212793,0.6241765620599826,0.15604414051499566,0.07177328797002808,0.8253830829522,8391
630,1.0,4,96,4,4,0,0,0,4,0.1016,1318.6769758640653,0.9802188247228462,123105.20542275265,1.2971236419827321,0.6210444393744246,0.15526110984360614,0.07174328953424522,0.8240495020042067,8391
631,1.0,4,96,4,4,0,0,0,4,0.09753599999999998,1318.7745118640653,0.9802207356244114,123108.23309021814,1.297001714776803,0.6180324760123364,0.1545081190030841,0.07172007130664046,0.8227296965758939,8391
632,1.0,4,96,4,4,0,0,0,4,0.09753599999999998,1318.8720478640653,0.9802226461568182,123111.26030986676,1.2968799117189238,0.6149938970463109,0.15374847426157773,0.07167972512391138,0.8214525962146184,8391
633,1.0,4,96,4,4,0,0,0,4,0.09753599999999998,1318.9695838640653,0.9802245563201738,123114.28708179787,1.296758232772397,0.6119550581633973,0.15298876454084934,0.07162792138236361,0.820208251637063,8391
634,1.0,4,96,4,4,0,0,0,4,0.093472,1319.0630558640653,0.9802264661145851,123117.69272744757,1.2966360773094068,0.6090371654028601,0.15225929135071503,0.07154479514129727,0.819138605495788,8391
635,1.0,4,96,4,4,0,0,0,4,0.1016,1319.1646558640653,0.9802283755401588,123120.33928290475,1.2965146465347155,0.6058794738291593,0.15146986845728982,0.07147225466352183,0.8178956339048064,8391
636,1.0,4,96,4,4,0,0,0,4,0.09347199999999997,1319.2581278640653,0.980230284597002,123123.74399616872,1.296392739288546,0.602961581068622,0.1507403952671555,0.07138949814074548,0.8168001315677587,8391
637,1.0,4,96,4,4,0,0,0,4,0.093472,1319.3515998640653,0.9802321932852213,123127.14822700579,1.2962709561253558,0.6000178595030536,0.15000446487576344,0.0712513835310827,0.8159133582871644,8391
638,1.0,4,96,4,4,0,0,0,4,0.09753599999999998,1319.4491358640653,0.9802341016049234,123130.17272439797,1.2961494971266652,0.5969534517319972,0.1492383629329993,0.07115637655134822,0.8147733361591315,8391
639,1.0,4,96,4,4,0,0,0,4,0.085344,1319.5344798640654,0.9802360095562151,123134.33447888245,1.296027161605867,0.5943011865896541,0.14857529664741354,0.07111865615680986,0.8135864146730271,8391
640,1.0,4,96,4,4,0,0,0,4,0.1016,1319.6360798640653,0.9802379171392033,123136.97880762596,1.295906050648976,0.5911685370220775,0.14779213425551938,0.07114014187951172,0.8118857373940181,8391
641,1.0,4,96,4,4,0,0,0,4,0.08127999999999999,1319.7173598640654,0.9802398243539943,123141.51873908758,1.2957835631263581,0.5886361712863162,0.14715904282157904,0.07109709913377826,0.8107567397524352,8391
642,1.0,4,96,4,4,0,0,0,4,0.09753599999999998,1319.8148958640654,0.9802417312006948,123144.54133630235,1.2956614997989604,0.5856242079242278,0.14640605198105694,0.07107611276465427,0.8092686818441389,8391
643,1.0,4,96,4,4,0,0,0,4,0.10566399999999998,1319.9205598640654,0.9802436376794114,123146.80515071294,1.29554026058089,0.5823724457489758,0.145593111437244,0.07106717970481712,0.8075829155408413,8391
644,1.0,4,96,4,4,0,0,0,4,0.08940799999999999,1320.0099678640654,0.9802455437902506,123150.5851906873,1.2954184452288071,0.579600281200051,0.14490007030001276,0.07103573120952984,0.8062339808863569,8391
645,1.0,4,96,4,4,0,0,0,4,0.08940799999999999,1320.0993758640655,0.9802474495333189,123154.3647186308,1.2952964538734477,0.5767764590410646,0.14419411476026614,0.07089243264326076,0.8053373867379489,8391
646,1.0,4,96,4,4,0,0,0,4,0.08940799999999999,1320.1887838640655,0.9802493549087226,123158.14373464746,1.2951746864880458,0.5739526368820781,0.14348815922051952,0.07074930881506761,0.8044306168089624,8391
647,1.0,4,96,4,4,0,0,0,4,0.085344,1320.2741278640656,0.9802512599165683,123162.30134954368,1.2950525431836015,0.5713003717397349,0.14282509293493373,0.07071211750393155,0.8031354747868904,8391
648,1.0,4,96,4,4,0,0,0,4,0.08940799999999999,1320.3635358640656,0.980253164556962,123166.0793279757,1.2949306238349432,0.5685023783857792,0.14212559459644483,0.07062496912022034,0.8019703336016323,8391
649,1.0,4,96,4,4,0,0,0,4,0.09753599999999998,1320.4610718640656,0.9802550688300103,123169.09863189282,1.2948097279824675,0.56546458621866,0.14136614655466503,0.07054967558761072,0.8006038103042623,8391
650,1.0,4,96,4,4,0,0,0,4,0.08127999999999999,1320.5423518640657,0.9802569727358195,123173.6337500999,1.294687456740626,0.5629322204828987,0.14073305512072468,0.07050671453077052,0.799362356982309,8391
651,1.0,4,96,4,3,1,0,0,4,0.10972799999999996,1320.6520798640656,0.9802347723383229,123172.4861378656,1.2945962187955737,0.5595597721021586,0.13988994302553967,0.0705427032983308,0.7972630729294533,8391
652,1.0,4,96,4,4,0,0,0,4,0.08127999999999999,1320.7333598640657,0.9802366778337471,123177.02039171933,1.294473989596845,0.5570274063663974,0.1392568515915993,0.07049972598815492,0.7959907965730609,8391
653,1.0,4,96,4,4,0,0,0,4,0.085344,1320.8187038640658,0.9802385829618027,123181.17507271803,1.2943521840940861,0.5543751412240543,0.13859378530601354,0.07046288237022867,0.7946069833039161,8391
654,1.0,4,96,4,4,0,0,0,4,0.09347199999999999,1320.9121758640658,0.9802404877225958,123184.57121765906,1.2942303026416735,0.5514830772685477,0.13787076931713693,0.07043847330991015,0.7930081970008028,8391
655,1.0,4,96,4,4,0,0,0,4,0.10566399999999998,1321.0178398640658,0.9802423921162325,123186.82994981,1.2941101433594948,0.5481279998731727,0.13703199996829318,0.07020828745412164,0.7920778961716389,8391
656,1.0,4,96,4,4,0,0,0,4,0.093472,1321.1113118640658,0.9802442961428193,123190.22518274051,1.2939889089740706,0.5452359359176662,0.13630898397941654,0.07018430656892176,0.790443209500067,8391
657,1.0,4,96,4,4,0,0,0,4,0.09753599999999998,1321.2088478640658,0.980246199802462,123193.24099526934,1.2938682976717626,0.5422231857566715,0.13555579643916787,0.07020337140893863,0.7885111057831454,8391
658,1.0,4,96,4,4,0,0,0,4,0.10159999999999998,1321.3104478640657,0.9802481030952668,123195.87744359268,1.2937467114312662,0.5390913229880014,0.1347728307470004,0.07019312120659298,0.7866216691606491,8391
659,1.0,4,96,4,4,0,0,0,4,0.10566399999999998,1321.4161118640657,0.9802500060213396,123198.13459089021,1.2936260477856718,0.535813732007719,0.13395343300192974,0.07013376179131267,0.7848531558355188,8391
660,1.0,4,96,4,4,0,0,0,4,0.10159999999999997,1321.5177118640656,0.9802519085807866,123200.77024949266,1.2935054078559993,0.5326557805171301,0.13316394512928253,0.07005324585154818,0.7832404161062568,8391
661,1.0,4,96,4,4,0,0,0,4,0.09753599999999998,1321.6152478640656,0.9802538107737135,123203.78435641932,1.2933848914706665,0.5296430303561355,0.13241075758903387,0.07007360325256556,0.7812089434208571,8391
662,1.0,4,96,4,4,0,0,0,4,0.08534399999999999,1321.7005918640657,0.9802557126002264,123207.93453707418,1.293263001209258,0.5269907652137924,0.1317476913034481,0.07003759900513509,0.7796645963211087,8391
663,1.0,4,96,4,4,0,0,0,4,0.085344,1321.7859358640658,0.980257614060431,123212.08418179805,1.2931414343451748,0.5243126712664186,0.13107816781660464,0.0699447012992923,0.7783674348824007,8391
664,1.0,4,96,4,4,0,0,0,4,0.09347199999999997,1321.8794078640658,0.9802595151544332,123215.47565611915,1.293020290589098,0.5213945185889932,0.13034862964724828,0.06985057906992821,0.7769029400639659,8391
665,1.0,4,96,4,4,0,0,0,4,0.08127999999999999,1321.960687864066,0.9802614158823387,123220.003057118,1.2928983722621408,0.5188621528532318,0.12971553821330797,0.069807655500529,0.7754248030129021,8391
666,1.0,4,96,4,4,0,0,0,4,0.08940799999999999,1322.050095864066,0.9802633162442534,123223.77231365543,1.292776677456352,0.5160899883043071,0.12902249707607677,0.06977873064276918,0.773698674890361,8391
667,1.0,4,96,4,4,0,0,0,4,0.093472,1322.143567864066,0.9802652162402831,123227.16228405142,1.292655405659044,0.5131979243488005,0.12829948108720016,0.06975704765856833,0.7718342593688211,8391
668,1.0,4,96,4,4,0,0,0,4,0.09753599999999998,1322.241103864066,0.9802671158705331,123230.1730174856,1.2925345567456046,0.5101601321816815,0.1275400330454204,0.06968575399730162,0.7700987327038471,8391
669,1.0,4,96,4,4,0,0,0,4,0.10159999999999997,1322.342703864066,0.9802690151351091,123232.8045701166,1.29241403083448,0.5069763518860619,0.12674408797151548,0.06954907743789834,0.7685736455801371,8391
670,1.0,4,96,4,4,0,0,0,4,0.08940799999999999,1322.432111864066,0.9802709140341169,123236.57187232008,1.2922924313697952,0.5042041873371372,0.12605104683428428,0.06952075104194223,0.7667631243244567,8391
671,1.0,4,96,4,4,0,0,0,4,0.08940799999999999,1322.521519864066,0.9802728125676619,123240.33866515273,1.2921712547287711,0.5014061939831815,0.1253515484957954,0.06943532176684693,0.7652089495108277,8391
672,1.0,4,96,4,4,0,0,0,4,0.09753599999999998,1322.619055864066,0.9802747107358495,123243.34756655204,1.292050500786899,0.49836840181606257,0.12459210045401564,0.06936476284808041,0.7633857711802936,8391
673,1.0,4,96,4,4,0,0,0,4,0.093472,1322.712527864066,0.9802766085387853,123246.73469544202,1.2919299699840656,0.49547633786055606,0.123869084465139,0.06934434364162713,0.7613838271217075,8391
674,1.0,4,96,4,4,0,0,0,4,0.093472,1322.805999864066,0.9802785059765747,123250.12134564998,1.291808764882217,0.4925584451000188,0.1231396112750047,0.06926675715080635,0.7596400904548055,8391
675,1.0,4,96,4,4,0,0,0,4,0.10159999999999997,1322.907599864066,0.9802804030493231,123252.75024253715,1.2916881817571808,0.4893999667274115,0.12234999168185287,0.06923942114309035,0.7574281458320032,8391
676,1.0,4,96,4,4,0,0,0,4,0.10566399999999998,1323.013263864066,0.9802822997571357,123255.00012277621,1.2915683201143484,0.4861482045521598,0.12153705113803995,0.06924324013648328,0.7549496350749146,8391
677,1.0,4,96,4,4,0,0,0,4,0.08940799999999999,1323.102671864066,0.9802841961001179,123258.76401582466,1.2914473855248907,0.4833752532043285,0.12084381330108213,0.06925060187527364,0.7527873994544335,8391
678,1.0,4,96,4,4,0,0,0,4,0.08940799999999999,1323.192079864066,0.9802860920783748,123262.52740022111,1.2913259763180627,0.4806030886554038,0.12015077216385095,0.06922359930748934,0.7507864518843399,8391
679,1.0,4,96,4,4,0,0,0,4,0.093472,1323.285551864066,0.9802879876920119,123265.91170758587,1.2912051888840501,0.47768519589486647,0.11942129897371662,0.06914691282515004,0.7489176977466904,8391
680,1.0,4,96,4,4,0,0,0,4,0.08940799999999999,1323.374959864066,0.9802898829411341,123269.6740890099,1.2910842258449933,0.4749130313459417,0.11872825783648544,0.0691201720557677,0.7468687694869802,8391
681,1.0,4,96,4,4,0,0,0,4,0.08940799999999999,1323.4643678640662,0.9802917778258466,123273.43596209085,1.290963286531739,0.4721150379919862,0.11802875949799654,0.06903564001538028,0.7450931105756966,8391
682,1.0,4,96,4,4,0,0,0,4,0.08127999999999999,1323.5456478640663,0.9802936723462546,123277.95438208991,1.290841773158386,0.46958267225622485,0.11739566806405621,0.06899281925925586,0.7432815889229899,8391
683,1.0,4,96,4,4,0,0,0,4,0.10972799999999996,1323.6553758640662,0.9802955665024631,123279.82266039457,1.29072197715498,0.4661585662654233,0.11653964156635582,0.06892547655402369,0.7408538588492249,8391
684,1.0,4,96,4,4,0,0,0,4,0.093472,1323.7488478640662,0.980297460294577,123283.20456204722,1.2906015073695702,0.46326624239302877,0.11581656059825718,0.06888979734658181,0.7386568075432403,8391
685,1.0,4,96,4,4,0,0,0,4,0.093472,1323.8423198640662,0.9802993537227014,123286.58598613074,1.2904811608044695,0.4603733916386158,0.11509334790965395,0.06890583977724478,0.7361406833455872,8391
686,1.0,4,96,4,4,0,0,0,4,0.09347199999999999,1323.9357918640662,0.9803012467869412,123289.96693274629,1.2903600411066352,0.4574813276831093,0.11437033192077734,0.06888812724391316,0.7337857641304554,8391
687,1.0,4,96,4,3,1,0,0,4,0.09347199999999997,1324.0292638640663,0.9802791189258004,123290.32632073252,1.290269241810763,0.45456264812366554,0.11364066203091638,0.06884628579650619,0.7315164790719314,8391
688,1.0,4,96,4,4,0,0,0,4,0.09753599999999998,1324.1267998640662,0.9802810135703134,123293.3281138632,1.2901489602447915,0.45154989796267075,0.11288747449066769,0.06887113253993583,0.7287537522898286,8391
689,1.0,4,96,4,3,1,0,0,4,0.08127999999999999,1324.2080798640663,0.9802588919042244,123294.82237924414,1.2900585903003579,0.44899170342187866,0.11224792585546967,0.0687702712337065,0.7270838102293045,8391
690,1.0,4,96,4,4,0,0,0,4,0.08127999999999999,1324.2893598640665,0.9802607881276565,123299.33694910946,1.2899372548791894,0.4464593376861174,0.11161483442152934,0.06872757088714158,0.7250810368367181,8391
691,1.0,4,96,4,4,0,0,0,4,0.11785599999999999,1324.4072158640665,0.9802626839868418,123300.44569672646,1.2898181332653296,0.44279621968105887,0.11069905492026472,0.06864551973042007,0.7222638332475734,8391
692,1.0,4,96,4,3,1,0,0,4,0.093472,1324.5006878640665,0.9802405704544909,123300.80421729514,1.2897281105960583,0.4399038958086643,0.10997597395216607,0.06861041823353932,0.7198333377896841,8391
693,1.0,4,96,4,4,0,0,0,4,0.093472,1324.5941598640666,0.9802424678910094,123304.18248013502,1.2896080345941796,0.43701183185315784,0.10925295796328946,0.0685940332498308,0.7172620409440806,8391
694,1.0,4,96,4,4,0,0,0,4,0.09753599999999998,1324.6916958640666,0.9802443649631533,123307.18197297552,1.2894875840357336,0.433948210881008,0.108487052720252,0.06846978849482371,0.7151391785708671,8391
695,1.0,4,96,4,4,0,0,0,4,0.08940799999999999,1324.7811038640666,0.980246261671027,123310.93757566312,1.289366759030776,0.43117604633208323,0.1077940115830208,0.06844492636063979,0.7126696432924586,8391
696,1.0,4,96,4,4,0,0,0,4,0.08127999999999999,1324.8623838640667,0.9802481580147359,123315.44920424178,1.2892455596893198,0.4286436805963219,0.10716092014908049,0.06840224387204696,0.7105078888887385,8391
697,1.0,4,96,4,4,0,0,0,4,0.11379199999999998,1324.9761758640668,0.9802500539943846,123316.93427879633,1.2891266723728028,0.4250986284831441,0.10627465712078604,0.06836152833903597,0.7073261995855396,8391
698,1.0,4,96,4,4,0,0,0,4,0.093472,1325.0696478640668,0.980251949610078,123320.3101915465,1.289006017678888,0.42218073572260684,0.10554518393065171,0.06828738484848056,0.7049179989180109,8391
699,1.0,4,96,4,3,1,0,0,4,0.08127999999999999,1325.150927864067,0.9802298519638187,123321.80173877033,1.2889151193997483,0.41962254118181475,0.10490563529545369,0.06818629619050319,0.7030021919092899,8391
700,1.0,4,96,4,4,0,0,0,4,0.085344,1325.236271864067,0.9802317491543315,123325.9332466898,1.28879430715902,0.4169702760394717,0.10424256900986792,0.06815272257900636,0.7005543338029829,8391
701,1.0,4,96,4,4,0,0,0,4,0.1016,1325.337871864067,0.9802336459807613,123328.55151125148,1.2886747120217332,0.4137859688618336,0.1034464922154584,0.0680715457503798,0.6978309811698516,8391
702,1.0,4,96,4,4,0,0,0,4,0.10159999999999998,1325.439471864067,0.9802355424432132,123331.16937441319,1.2885541458506318,0.41065410609316366,0.10266352652329092,0.06807466319630244,0.6945978546122291,8391
703,1.0,4,96,4,4,0,0,0,4,0.09753599999999998,1325.537007864067,0.9802374385417916,123334.16496868203,1.2884339015833097,0.4076421427310754,0.10191053568276884,0.06806928455628908,0.6914994011391303,8391
704,1.0,4,96,4,4,0,0,0,4,0.08127999999999999,1325.618287864067,0.9802393342766014,123338.67260042341,1.2883128854494221,0.4051097769953141,0.10127744424882854,0.06802674096142657,0.6891022733565665,8391
705,1.0,4,96,4,4,0,0,0,4,0.085344,1325.7036318640671,0.9802412296477472,123342.8015657472,1.2881922906597227,0.4024575118529711,0.10061437796324277,0.06799358025921606,0.6864907215519677,8391
706,1.0,4,96,4,4,0,0,0,4,0.08127999999999999,1325.7849118640672,0.9802431246553336,123347.30810148708,1.2880713218455713,0.39992514611720975,0.09998128652930244,0.06795106407797746,0.6840377727837015,8391
707,1.0,4,96,4,4,0,0,0,4,0.08940799999999999,1325.8743198640673,0.9802450192994654,123351.05790175304,1.2879509730757004,0.39712715276325417,0.09928178819081354,0.0678685902227568,0.6815225412362682,8391
708,1.0,4,96,4,4,0,0,0,4,0.08940799999999999,1325.9637278640673,0.980246913580247,123354.80719633074,1.2878304490787666,0.3943291594092986,0.09858228985232464,0.06778620023048249,0.6789751475254528,8391
709,1.0,4,96,4,4,0,0,0,4,0.093472,1326.0571998640673,0.9802488074977828,123358.17792533264,1.287710743670706,0.3914370954537921,0.09785927386344803,0.067772154049145,0.6758485405871725,8391
710,1.0,4,96,4,4,0,0,0,4,0.08940799999999999,1326.1466078640674,0.9802507010521775,123361.92622284255,1.2875901673768846,0.3886646709879793,0.09716616774699482,0.06772851983582265,0.6730099664803153,8391
711,1.0,4,96,4,4,0,0,0,4,0.085344,1326.2319518640675,0.9802525942435354,123366.05204695706,1.2874695153089233,0.3860124058456363,0.09650310146140906,0.06769561125178233,0.6702039402509855,8391
712,1.0,4,96,4,4,0,0,0,4,0.08940799999999999,1326.3213598640675,0.980254487071961,123369.79931980434,1.28734898618365,0.3832136256927742,0.09580340642319354,0.06764590125024204,0.6673054207484218,8391
713,1.0,4,96,4,4,0,0,0,4,0.09753599999999998,1326.4188958640675,0.9802563795375584,123372.79008182221,1.287229772016041,0.380201662330686,0.0950504155826715,0.06764190372331627,0.6638189394474124,8391
714,1.0,4,96,4,4,0,0,0,4,0.09347199999999999,1326.5123678640675,0.9802582716404322,123376.15838706664,1.2871092898956846,0.37730959837517947,0.09432739959379488,0.06762866689301747,0.6604902038202559,8391
715,1.0,3,97,4,3,0,1,0,4,0.07663164207931127,1326.5889995061468,0.9802362072682845,123378.07720471876,1.2870182733500946,0.3748902301704984,0.1249634100568328,0.046492083669956843,0.8784120416017356,8391
716,1.0,3,97,3,3,0,0,0,3,0.06908799999999998,1326.6580875061468,0.9802376275571312,123380.69736392543,1.2869271708364016,0.37272149664901466,0.12424049888300488,0.046528345200773265,0.8769991747245012,8391
717,1.0,3,97,3,3,0,0,0,3,0.07721599999999998,1326.7353035061467,0.9802390476418597,123382.56136503087,1.286836677515727,0.37031296431436755,0.12343765477145585,0.046656737779926016,0.8749920777461927,8391
718,1.0,3,97,3,3,0,0,0,3,0.08127999999999999,1326.8165835061468,0.9802404675225139,123384.04722632981,1.2867466939553556,0.3677328749630771,0.12257762498769235,0.04661469153969367,0.8736536957005133,8391
719,1.0,3,97,3,3,0,0,0,3,0.08534399999999998,1326.9019275061469,0.9802418871991379,123385.15500365912,1.2866562271284647,0.3650587150102357,0.12168623833674523,0.046728164420395936,0.8714900012464232,8391
720,1.0,3,97,3,3,0,0,0,3,0.065024,1326.9669515061469,0.9802433066717755,123388.15206675594,1.2865650785729186,0.36298405209030293,0.12099468403010098,0.0466107784546964,0.87077511814807,8391
721,1.0,3,97,3,3,0,0,0,3,0.07721599999999998,1327.0441675061468,0.9802447259404707,123390.01520026012,1.2864749361462404,0.36054969095062506,0.12018323031687501,0.04663261782965516,0.8691466338412,8391
722,1.0,3,97,3,3,0,0,0,3,0.073152,1327.1173195061467,0.9802461450052677,123392.25597699055,1.286384012773632,0.35826105802255964,0.11942035267418655,0.04671701326552866,0.8672756536794732,8391
723,1.0,3,97,3,3,0,0,0,3,0.06095999999999999,1327.1782795061467,0.9802475638662101,123395.63005878859,1.2862928049386189,0.35633212331423947,0.11877737443807983,0.04666205962986166,0.8663007270710439,8391
724,1.0,3,97,3,3,0,0,0,3,0.073152,1327.2514315061467,0.9802489825233421,123397.87029963471,1.2862024045098095,0.35401766158114323,0.11800588719371441,0.04663825214915916,0.8649033008144698,8391
725,1.0,3,97,3,3,0,0,0,3,0.06095999999999999,1327.3123915061467,0.9802504009767075,123401.24378266343,1.2861112233445193,0.3520887268728231,0.1173629089576077,0.046583377856353005,0.8638984915191354,8391
726,1.0,3,97,3,3,0,0,0,3,0.07721599999999998,1327.3896075061466,0.9802518192263501,123403.10566974324,1.2860208494632268,0.3496801945381759,0.11656006484605863,0.0467152509288011,0.861603456454209,8391
727,1.0,3,97,3,3,0,0,0,3,0.07721599999999998,1327.4668235061465,0.9802532372723138,123404.96734021879,1.2859304888222352,0.3471683469834055,0.11572278232780182,0.046413221130845395,0.8614309725306475,8391
728,1.0,3,97,3,3,0,0,0,3,0.08127999999999999,1327.5481035061466,0.9802546551146427,123406.45101094182,1.2858402406446527,0.344588257632115,0.11486275254403833,0.04637580176880504,0.8598350107844157,8391
729,1.0,3,97,3,3,0,0,0,3,0.07721599999999998,1327.6253195061465,0.9802560727533804,123408.31226459709,1.2857498072495184,0.342153896492437,0.11405129883081233,0.04640063880607686,0.8579869848516958,8391
730,1.0,3,97,3,3,0,0,0,3,0.06908799999999998,1327.6944075061465,0.9802574901885709,123410.9288053482,1.2856591886775257,0.3399593341659225,0.1133197780553075,0.04633170230234623,0.8567769669628013,8391
731,1.0,3,97,3,3,0,0,0,3,0.06095999999999999,1327.7553675061465,0.9802589074202579,123414.30056334638,1.2855680873567035,0.33803039945760227,0.11267679981920076,0.046277246531463034,0.8556655331359927,8391
732,1.0,3,97,3,3,0,0,0,3,0.07721599999999998,1327.8325835061464,0.9802603244484854,123416.16107000844,1.285477693756546,0.3355960383179243,0.11186534610597476,0.04630294810994722,0.8537324650445859,8391
733,1.0,3,97,3,3,0,0,0,3,0.07721599999999998,1327.9097995061463,0.9802617412732971,123418.02136029906,1.285387809342213,0.33318750598327707,0.11106250199442569,0.04643775291087062,0.8511894508196639,8391
734,1.0,3,97,3,3,0,0,0,3,0.08127999999999999,1327.9910795061464,0.9802631578947368,123419.50373714195,1.2852972438127241,0.3306590742420482,0.11021969141401607,0.046620485914542105,0.8482409957919615,8391
735,1.0,3,97,3,3,0,0,0,3,0.08534399999999998,1328.0764235061465,0.9802645743128484,123420.608256315,1.285207286594846,0.3279588255672879,0.10931960852242928,0.0465893920976205,0.846291486087582,8391
736,1.0,3,97,3,3,0,0,0,3,0.073152,1328.1495755061464,0.9802659905276755,123422.84560647469,1.285117144211728,0.3256701926392225,0.10855673087974083,0.04667804695958078,0.8439606785313153,8391
737,1.0,3,97,3,3,0,0,0,3,0.065024,1328.2145995061464,0.9802674065392619,123425.83800912465,1.2850262217401436,0.3236213585243205,0.1078737861747735,0.04667166725291021,0.8423275572002067,8391
738,1.0,3,97,3,3,0,0,0,3,0.06908799999999998,1328.2836875061464,0.9802688223476514,123428.45247750689,1.2849355108852871,0.32142679619780595,0.10714226539926867,0.046604452811600285,0.8408977358550698,8391
739,1.0,3,97,3,3,0,0,0,3,0.07721599999999998,1328.3609035061463,0.9802702379528877,123430.3114215687,1.2848454081852276,0.31899217514123995,0.10633072504707998,0.04658747535529145,0.8389511975268463,8391
740,1.0,3,97,3,3,0,0,0,3,0.073152,1328.4340555061463,0.9802716533550145,123432.54775828905,1.2847547238399166,0.31670354221317454,0.10556784740439151,0.04667696786820915,0.8364716145829908,8391
741,1.0,3,97,3,3,0,0,0,3,0.065024,1328.4990795061462,0.9802730685540757,123435.53904528041,1.2846638545035352,0.3146288792932418,0.10487629309774726,0.046562403202245375,0.8353427604086068,8391
742,1.0,3,97,3,3,0,0,0,3,0.06908799999999998,1328.5681675061462,0.9802744835501148,123438.15244936713,1.284573494087274,0.31246014577175807,0.10415338192391936,0.04660441687224474,0.8331806005285757,8391
743,1.0,3,97,3,3,0,0,0,3,0.065024,1328.6331915061462,0.9802758983431754,123441.14316012201,1.2844826513082621,0.3104113116568561,0.10347043721895204,0.04659862946470783,0.8313786421379438,8391
744,1.0,3,97,3,3,0,0,0,3,0.08127999999999999,1328.7144715061463,0.9802773129333014,123442.62331550987,1.284392614700612,0.30785705111059636,0.10261901703686545,0.046676467425123956,0.8285756779008485,8391
745,1.0,3,97,3,3,0,0,0,3,0.06908799999999998,1328.7835595061463,0.9802787273205364,123445.23592763586,1.2843022939586375,0.30568831758911263,0.10189610586303754,0.04671909386255537,0.8262961722740283,8391
746,1.0,3,97,3,3,0,0,0,3,0.073152,1328.8567115061462,0.980280141504924,123447.47073149073,1.2842120855261523,0.3033480270509856,0.1011160090169952,0.04659295137819686,0.8248614965703973,8391
747,1.0,3,97,3,3,0,0,0,3,0.06908799999999998,1328.9257995061462,0.9802815554865077,123450.08281197211,1.2841214939379297,0.30115346472447113,0.10038448824149038,0.04652741745414196,0.8231638786076981,8391
748,1.0,3,97,3,3,0,0,0,3,0.06095999999999999,1328.9867595061462,0.9802829692653315,123453.44964984298,1.2840306183589116,0.2992245300161509,0.09974151000538363,0.046474009781835066,0.8216222761024016,8391
749,1.0,3,97,3,3,0,0,0,3,0.07721599999999998,1329.063975506146,0.9802843828414386,123455.30615824086,1.2839403505140103,0.2967901688764729,0.09893005629215763,0.04650542482082821,0.8190150023250157,8391
750,1.0,3,97,3,3,0,0,0,3,0.065024,1329.128999506146,0.9802857962148729,123458.29491416586,1.2838496996061215,0.29474133476157094,0.09824711158719031,0.04650053050545132,0.8169837504222355,8391
751,1.0,3,97,3,3,0,0,0,3,0.06908799999999998,1329.198087506146,0.9802872093856778,123460.90589694833,1.2837592600740784,0.2925209436300256,0.09750698121000854,0.04632710926688381,0.815837000595605,8391
752,1.0,3,97,3,3,0,0,0,3,0.073152,1329.271239506146,0.9802886223538969,123463.13914154403,1.2836690318715143,0.2902062219800413,0.09673540732668044,0.046263268899113745,0.8138559196223487,8391
753,1.0,3,97,3,3,0,0,0,3,0.07721599999999998,1329.348455506146,0.9802900351195738,123464.99468982998,1.283578915907428,0.2877718608403633,0.09592395361345445,0.04629577259884204,0.8110749591333094,8391
754,1.0,3,97,3,3,0,0,0,3,0.065024,1329.413479506146,0.980291447682752,123467.98233231032,1.283488416970167,0.2857230267254614,0.09524100890848713,0.0462913011088066,0.8089053571192162,8391
755,1.0,3,97,3,3,0,0,0,3,0.065024,1329.478503506146,0.9802928600434752,123470.96968254301,1.28339793126439,0.2836483638055286,0.09454945460184287,0.046178404533877795,0.8074027734919182,8391
756,1.0,3,97,3,3,0,0,0,3,0.073152,1329.5516555061458,0.9802942722017867,123473.20190241466,1.2833077558559796,0.2813597308774632,0.09378657695915439,0.046271518841593105,0.8042371530345401,8391
757,1.0,3,97,3,3,0,0,0,3,0.06908799999999998,1329.6207435061458,0.98029568415773,123475.8112806482,1.2832174946141328,0.2791651685509487,0.09305505618364955,0.04620764917970069,0.8021984773002057,8391
758,1.0,3,97,3,3,0,0,0,3,0.07721599999999998,1329.6979595061457,0.9802970959113488,123477.6656053379,1.2831273455745777,0.2767308074112707,0.09224360247042356,0.04624169479820016,0.7991679455229397,8391
759,1.0,3,97,3,3,0,0,0,3,0.073152,1329.7711115061456,0.9802985074626865,123479.89708847058,1.283037110710278,0.2744163456781744,0.09147211522605814,0.04622725491275285,0.7965596594965886,8391
760,1.0,3,97,3,3,0,0,0,3,0.06908799999999998,1329.8401995061456,0.9802999188117866,123482.50568826418,1.2829469880280158,0.27224761215669074,0.09074920405223025,0.04627253605394392,0.7936554666137009,8391
761,1.0,3,97,3,3,0,0,0,3,0.073152,1329.9133515061455,0.9803013299586925,123484.73666650087,1.282857175476699,0.2698814928135329,0.08996049760451097,0.04604181494582358,0.7924309485927756,8391
762,1.0,3,97,3,3,0,0,0,3,0.06095999999999999,1329.9743115061456,0.9803027409034476,123488.09941600221,1.2827664852341405,0.2679525581052127,0.08931751936840422,0.045989253664382085,0.7904400238600454,8391
763,1.0,3,97,3,3,0,0,0,3,0.08940799999999999,1330.0637195061456,0.9803041516460954,123488.8205664203,1.2826777876890019,0.26515849874578945,0.08838616624859648,0.0461726497613965,0.7856086494933363,8391
764,1.0,3,97,3,2,1,0,0,3,0.065024,1330.1287435061456,0.9802816901408451,123488.79820988628,1.282616848788918,0.26310966463088753,0.08770322154362915,0.04616953733050404,0.7830070497579971,8391
765,1.0,3,97,3,3,0,0,0,3,0.06908799999999998,1330.1978315061456,0.9802831021889098,123491.40564603385,1.2825265896102795,0.26094093110940386,0.08698031036980129,0.04621582590861861,0.7798373820805399,8391
766,1.0,3,97,3,3,0,0,0,3,0.08127999999999999,1330.2791115061457,0.9802845140347527,123492.88098946524,1.282437333147859,0.2583866705631441,0.0861288901877147,0.04630218975659534,0.7757921799134451,8391
767,1.0,3,97,3,3,0,0,0,3,0.06908799999999998,1330.3481995061456,0.9802859256784171,123495.48791886875,1.28234710026635,0.25619210823662963,0.08539736941220988,0.04624066056872303,0.7732775704997622,8391
768,1.0,3,97,3,3,0,0,0,3,0.08940799999999999,1330.4376075061457,0.9802873371199465,123496.20837010279,1.2822577710121974,0.25334587143336884,0.08444862381112295,0.046108947397611955,0.7703471893005405,8391
769,1.0,3,97,3,3,0,0,0,3,0.07721599999999998,1330.5148235061456,0.9802887483593843,123498.0603725991,1.2821683558741508,0.2509373390987217,0.08364577969957389,0.04625525577340993,0.7658154540822844,8391
770,1.0,3,97,3,3,0,0,0,3,0.06908799999999998,1330.5839115061456,0.9802901593967739,123500.66657125745,1.282078162402304,0.24874277677220719,0.08291425892406906,0.04619436049022659,0.7631266959379175,8391
771,1.0,3,97,3,2,1,0,0,3,0.08127999999999999,1330.6651915061457,0.9802677101476939,123499.13490559734,1.2820182715508175,0.24618851622594748,0.08206283874198249,0.0462829294120721,0.7586741296099824,8391
772,1.0,3,97,3,3,0,0,0,3,0.065024,1330.7302155061457,0.9802691224889059,123502.11792364686,1.281928001101346,0.24413968211104553,0.08137989403701519,0.04628094993230105,0.7556165675193253,8391
773,1.0,3,97,3,3,0,0,0,3,0.08127999999999999,1330.8114955061458,0.9802705346279552,123503.59202261713,1.2818381394526217,0.24158542156478585,0.08052847385492862,0.04637039660036079,0.750989978737869,8391
774,1.0,3,97,3,2,1,0,0,3,0.07721599999999998,1330.8887115061457,0.9802480916030535,123502.43756593842,1.281778271943214,0.23912497170318905,0.07970832390106301,0.046250244804136656,0.7481207383323698,8391
775,1.0,3,97,3,3,0,0,0,3,0.07721599999999998,1330.9659275061456,0.9802495050449633,123504.28857934907,1.2816887288367873,0.23671617945165388,0.0789053931505513,0.0463464728617135,0.7434940261947794,8391
776,1.0,3,97,3,3,0,0,0,3,0.065024,1331.0309515061456,0.9802509182845967,123507.27067163996,1.2815983088326683,0.23466734533675193,0.07822244844558397,0.04634494742041028,0.7401770137163275,8391
777,1.0,3,97,3,3,0,0,0,3,0.07721599999999998,1331.1081675061455,0.9802523313219967,123509.12120689168,1.2815083964200926,0.23220715539204317,0.07740238513068105,0.04627755334869002,0.7366678835907658,8391
778,1.0,3,97,3,3,0,0,0,3,0.08127999999999999,1331.1894475061456,0.9802537441572069,123510.5944597273,1.2814192881013877,0.2296528948457835,0.0765509649485945,0.046368947281111204,0.7315799613216579,8391
779,1.0,3,97,3,3,0,0,0,3,0.073152,1331.2625995061455,0.9802551567902706,123512.82163338574,1.2813296984692795,0.22728677550262563,0.07576225850087522,0.046144387003260026,0.7294136778689991,8391
780,1.0,3,97,3,3,0,0,0,3,0.065024,1331.3276235061455,0.9802565692212314,123515.80264438262,1.2812393310589612,0.22521211258269289,0.07507070419423097,0.046035540689543984,0.7267178138387791,8391
781,1.0,3,97,3,3,0,0,0,3,0.07721599999999998,1331.4048395061454,0.9802579814501323,123517.65227246715,1.2811497676328925,0.22272609383295333,0.0742420312776511,0.04586206648817118,0.7237988711963137,8391
782,1.0,3,97,3,2,1,0,0,3,0.065024,1331.4698635061454,0.9802355521647912,123517.62853041918,1.2810891763413215,0.22065143091302056,0.07355047697100685,0.04575358679171123,0.7209951986381473,8391
783,1.0,3,97,3,3,0,0,0,3,0.065024,1331.5348875061454,0.9802369656948053,123520.60884265859,1.2809989428992328,0.2186025967981186,0.07286753226603955,0.045753125518762004,0.717230688572345,8391
784,1.0,3,97,3,3,0,0,0,3,0.06908799999999998,1331.6039755061454,0.980238379022646,123523.21187497153,1.2809089202837447,0.21638220566657335,0.07212740188885777,0.045587500484303746,0.7145530242318043,8391
785,1.0,3,97,3,3,0,0,0,3,0.08127999999999999,1331.6852555061455,0.9802397921483565,123524.68371926108,1.2808196025640768,0.21377628751025202,0.07125876250341734,0.04546621250230408,0.7106815907332198,8391
786,1.0,3,97,3,3,0,0,0,3,0.07721599999999998,1331.7624715061454,0.9802412050719802,123526.53233571831,1.2807299026114796,0.21134192637057406,0.07044730879019136,0.04551057811004897,0.7055441983235063,8391
787,1.0,3,97,3,3,0,0,0,3,0.08127999999999999,1331.8437515061455,0.9802426177935604,123528.00380220942,1.2806404133615252,0.20870991949233392,0.0695699731641113,0.04522819149263218,0.702916510100797,8391
788,1.0,3,97,3,3,0,0,0,3,0.065024,1331.9087755061455,0.9802440303131404,123530.9827713053,1.2805501467536227,0.20666108537743197,0.06888702845914399,0.04522854970270613,0.698776566860598,8391
789,1.0,3,97,3,3,0,0,0,3,0.09347199999999997,1332.0022475061455,0.9802454426307637,123531.32309503917,1.280461375225447,0.20377295541645787,0.06792431847215262,0.045585459480156285,0.6894631450356666,8391
790,1.0,3,97,3,3,0,0,0,3,0.08534399999999998,1332.0875915061456,0.9802468547464736,123532.41712426898,1.2803726166443328,0.20107296665858565,0.06702432221952855,0.04562617410797564,0.6833365715858163,8391
791,1.0,3,97,3,3,0,0,0,3,0.07721599999999998,1332.1648075061455,0.9802482666603131,123534.2647341634,1.2802830807687626,0.19861277671387687,0.06620425890462563,0.04556548461735321,0.678565792628307,8391
792,1.0,3,97,3,3,0,0,0,3,0.073152,1332.2379595061454,0.9802496783723257,123536.48897754651,1.2801933604045608,0.19632414378581145,0.06544138126193715,0.0456691059449231,0.6724893051333688,8391
793,1.0,3,97,3,3,0,0,0,3,0.073152,1332.3111115061454,0.9802510898825547,123538.7129766806,1.2801039494192397,0.194035510857746,0.06467850361924866,0.04577297320334302,0.6662938944809657,8391
794,1.0,3,97,3,3,0,0,0,3,0.065024,1332.3761355061454,0.9802525011910433,123541.69037819785,1.2800137614045854,0.1919866767428441,0.06399555891428137,0.0457744426790016,0.6615424661005607,8391
795,1.0,3,97,3,3,0,0,0,3,0.073152,1332.4492875061453,0.9802539122978349,123543.91386114256,1.2799239815429198,0.18967221500974785,0.06322407166991595,0.045771284097506484,0.6561212318782841,8391
796,1.0,3,97,3,3,0,0,0,3,0.065024,1332.5143115061453,0.9802553232029724,123546.89070012346,1.2798339185381475,0.1875975520898151,0.0625325173632717,0.045665604289581954,0.6521906976053217,8391
797,1.0,3,97,3,3,0,0,0,3,0.06908799999999998,1332.5833995061453,0.9802567339064994,123549.49045666898,1.2797440661353683,0.1854029897633006,0.06180099658776687,0.04561150033609685,0.6473746929908909,8391
798,1.0,3,97,3,3,0,0,0,3,0.06095999999999999,1332.6443595061453,0.9802581444084587,123552.84350658802,1.2796538319118864,0.18347405505498038,0.061158018351660126,0.045561934143414924,0.6430844326391348,8391
799,1.0,3,97,3,3,0,0,0,3,0.065024,1332.7093835061453,0.9802595547088939,123555.81947415673,1.2795638082846572,0.18139939213504763,0.06046646404501588,0.04545659420188177,0.6389159146159857,8391
800,1.0,3,97,3,3,0,0,0,3,0.065024,1332.7744075061453,0.980260964807848,123558.79515133974,1.2794736990624846,0.1793505580201457,0.05978351934004857,0.045458652361407045,0.6336374912632556,8391
801,1.0,3,97,3,3,0,0,0,3,0.073152,1332.8475595061452,0.9802623747053641,123561.01703110084,1.2793839978033774,0.17703609628704947,0.059012032095683155,0.04545672491902301,0.6276062386283089,8391
802,1.0,2,98,3,2,0,1,0,3,0.051305510385755176,1332.8988650165309,0.9802399771450339,123562.26291629217,1.2793238997708203,0.1753919961199688,0.0876959980599844,0.02263926834226923,0.9375193600744995,8391
803,1.0,2,98,2,2,0,0,0,2,0.044703999999999994,1332.9435690165308,0.9802409179641004,123564.12066380387,1.2792634869279698,0.17391683023294474,0.08695841511647237,0.022502482016105996,0.9372392556927229,8391
804,1.0,2,98,2,2,0,0,0,2,0.044703999999999994,1332.9882730165307,0.9802418586935822,123565.97828671023,1.2792030799535774,0.17246723323406346,0.08623361661703173,0.022498639457483913,0.9362677329453402,8391
805,1.0,2,98,2,2,0,0,0,2,0.040639999999999996,1333.0289130165306,0.980242799333492,123568.21250579832,1.2791424814694206,0.17113779555865194,0.08556889777932597,0.02243471723712695,0.9356812976906395,8391
806,1.0,2,98,2,2,0,0,0,2,0.04876799999999999,1333.0776810165307,0.9802437398838427,123569.69315875697,1.2790820862389651,0.16951690146001533,0.08475845073000766,0.022225066805157442,0.9356659411905607,8391
807,1.0,2,98,2,2,0,0,0,2,0.05283199999999999,1333.1305130165308,0.9802446803446471,123570.79700114648,1.279022091590797,0.16775027914976617,0.08387513957488309,0.021942552267381663,0.93594430089619,8391
808,1.0,2,98,2,2,0,0,0,2,0.040639999999999996,1333.1711530165308,0.9802456207159177,123573.0308349668,1.2789615107234913,0.16642084147435465,0.08321042073717733,0.0218786300470247,0.9353374068646728,8391
809,1.0,2,98,2,2,0,0,0,2,0.04876799999999999,1333.2199210165309,0.9802465609976677,123574.51115370575,1.278901231748083,0.16482551626386083,0.08241275813193041,0.021801923382596344,0.9345931387810554,8391
810,1.0,2,98,2,2,0,0,0,2,0.040639999999999996,1333.2605610165308,0.9802475011899096,123576.74472451239,1.27884066263225,0.1634960785884493,0.08174803929422465,0.02173800116223938,0.9339591852022828,8391
811,1.0,2,98,2,2,0,0,0,2,0.04876799999999999,1333.309329016531,0.9802484412926562,123578.22480814363,1.2787804940377914,0.1618751844898127,0.08093759224490635,0.021528350730269874,0.9339255984675767,8391
812,1.0,2,98,2,2,0,0,0,2,0.044703999999999994,1333.3540330165308,0.9802493813059204,123580.08144859837,1.278720035320363,0.16040001860278863,0.08020000930139431,0.02139156440410664,0.9335815814550378,8391
813,1.0,2,98,2,2,0,0,0,2,0.04876799999999999,1333.402801016531,0.9802503212297149,123581.56130643758,1.2786598784243461,0.15877912450415202,0.07938956225207601,0.02118191397213713,0.9335434029154008,8391
814,1.0,2,98,2,2,0,0,0,2,0.040639999999999996,1333.4434410165309,0.9802512610640526,123583.79435604202,1.2785993327868268,0.1574496868287405,0.07872484341437025,0.02111799175178017,0.9328720042146168,8391
815,1.0,2,98,2,2,0,0,0,2,0.040639999999999996,1333.4840810165308,0.980252200808946,123586.02726953516,1.2785387930275245,0.15612024915332898,0.07806012457666449,0.021054069531423206,0.9321864599738924,8391
816,1.0,2,98,2,2,0,0,0,2,0.04876799999999999,1333.532849016531,0.980253140464408,123587.50676561473,1.2784784564175606,0.15449935505469237,0.07724967752734618,0.020844419099453698,0.9321322026090998,8391
817,1.0,2,98,2,2,0,0,0,2,0.040639999999999996,1333.5734890165309,0.9802540800304516,123589.7394162707,1.2784179284025499,0.15316991737928085,0.07658495868964042,0.020780496879096735,0.9314239756799172,8391
818,1.0,2,98,2,2,0,0,0,2,0.044703999999999994,1333.6181930165308,0.9802550195070892,123591.59530298709,1.2783575048896032,0.15169475149225678,0.07584737574612839,0.0206437105529335,0.9310303174153987,8391
819,1.0,2,98,2,2,0,0,0,2,0.040639999999999996,1333.6588330165307,0.9802559588943337,123593.82768618225,1.2782969886202513,0.15036531381684526,0.07518265690842263,0.020579788332576537,0.9302945186343271,8391
820,1.0,2,98,2,2,0,0,0,2,0.044703999999999994,1333.7035370165306,0.9802568981921979,123595.68331710654,1.2782365768416803,0.1488901479298212,0.0744450739649106,0.020443002006413302,0.9298796380892607,8391
821,1.0,2,98,2,2,0,0,0,2,0.05283199999999999,1333.7563690165307,0.9802578374006945,123596.78561201821,1.2781766639868963,0.14712352561957204,0.07356176280978602,0.020160487468637522,0.9301373753321305,8391
822,1.0,2,98,2,2,0,0,0,2,0.044703999999999994,1333.8010730165306,0.9802587765198364,123598.64100810845,1.2781162639105716,0.14564835973254797,0.07282417986627399,0.020023701142474287,0.9297112844740625,8391
823,1.0,2,98,2,2,0,0,0,2,0.040639999999999996,1333.8417130165305,0.9802597155496361,123600.87287055538,1.2780557710935712,0.14431892205713645,0.07215946102856823,0.019959778922117324,0.9289267217124899,8391
824,1.0,2,98,2,2,0,0,0,2,0.04876799999999999,1333.8904810165307,0.9802606544901066,123602.35142719845,1.2779954813424947,0.14269802795849984,0.07134901397924992,0.019750128490147817,0.9288295178342082,8391
825,1.0,2,98,2,2,0,0,0,2,0.04876799999999999,1333.9392490165308,0.9802615933412604,123603.82987573127,1.2779353946277845,0.14107713385986323,0.07053856692993161,0.01954047805817831,0.9287300273998109,8391
826,1.0,2,98,2,2,0,0,0,2,0.040639999999999996,1333.9798890165307,0.9802625321031104,123606.06134891791,1.2778749193910923,0.1397476961844517,0.06987384809222585,0.019476555837821347,0.9279060217807963,8391
827,1.0,2,98,2,2,0,0,0,2,0.044703999999999994,1334.0245930165306,0.9802634707756693,123607.91612329496,1.277814647189063,0.13827253029742764,0.06913626514871382,0.01933976951165811,0.9274277101345072,8391
828,1.0,2,98,2,2,0,0,0,2,0.044703999999999994,1334.0692970165305,0.98026440935895,123609.77077336685,1.2777543808350134,0.13682293329854636,0.06841146664927318,0.01933592695303603,0.9260234338908103,8391
829,1.0,2,98,2,2,0,0,0,2,0.04876799999999999,1334.1180650165306,0.9802653478529649,123611.24875252823,1.2776942189018772,0.13522760808805254,0.06761380404402627,0.019259220288607673,0.9249541205166762,8391
830,1.0,2,98,2,2,0,0,0,2,0.044703999999999994,1334.1627690165305,0.980266286257727,123613.10316099566,1.2776338656674489,0.13375244220102847,0.06687622110051424,0.019122433962444438,0.9244191417039476,8391
831,1.0,2,98,2,2,0,0,0,2,0.040639999999999996,1334.2034090165305,0.980267224573249,123615.33397787667,1.2775734197237885,0.13242300452561695,0.06621150226280847,0.019058511742087475,0.9234859195981202,8391
832,1.0,2,98,2,2,0,0,0,2,0.040639999999999996,1334.2440490165304,0.9802681627995435,123617.5646588599,1.2775129796438272,0.13109356685020543,0.06554678342510271,0.018994589521730512,0.9225293419617241,8391
833,1.0,2,98,2,2,0,0,0,2,0.040639999999999996,1334.2846890165304,0.9802691009366234,123619.7952039578,1.277452545426712,0.1297641291747939,0.06488206458739695,0.01893066730137355,0.9215485884060355,8391
834,1.0,2,98,2,2,0,0,0,2,0.040639999999999996,1334.3253290165303,0.9802700389845013,123622.02561318275,1.27739211707159,0.1284346914993824,0.0642173457496912,0.018866745081016587,0.9205428018102064,8391
835,1.0,2,98,2,2,0,0,0,2,0.040639999999999996,1334.3659690165302,0.9802709769431899,123624.25588654717,1.277331694577608,0.12710525382397087,0.06355262691198543,0.018802822860659624,0.9195110863351666,8391
836,1.0,2,98,2,2,0,0,0,2,0.04876799999999999,1334.4147370165304,0.980271914812702,123625.73300774062,1.2772714750245593,0.12548435972533425,0.06274217986266713,0.018593172428690116,0.9192706968892341,8391
837,1.0,2,98,2,2,0,0,0,2,0.040639999999999996,1334.4553770165303,0.9802728525930503,123627.96301877122,1.2772110642407428,0.12415492204992273,0.06207746102496137,0.018529250208333153,0.9181945028741573,8391
838,1.0,2,98,2,2,0,0,0,2,0.040639999999999996,1334.4960170165302,0.9802737902842475,123630.19289397876,1.27715065931551,0.12282548437451121,0.061412742187255606,0.01846532798797619,0.9170896296358018,8391
839,1.0,2,98,2,2,0,0,0,2,0.040639999999999996,1334.5366570165302,0.9802747278863064,123632.4226333757,1.2770902602480085,0.12149604669909969,0.060748023349549846,0.018401405767619228,0.9159550074752724,8391
840,1.0,2,98,2,2,0,0,0,2,0.044703999999999994,1334.58136101653,0.9802756653992395,123634.27575095312,1.2770299655585984,0.12002088081207563,0.06001044040603781,0.018264619441455993,0.9152200504994484,8391
841,1.0,2,98,2,2,0,0,0,2,0.040639999999999996,1334.62200101653,0.9802766028230597,123636.50522344137,1.276969578199227,0.1186914431366641,0.05934572156833205,0.01820069722109903,0.9140280559889097,8391
842,1.0,2,98,2,2,0,0,0,2,0.040639999999999996,1334.66264101653,0.9802775401577797,123638.73456015636,1.2769091966950317,0.11736200546125258,0.05868100273062629,0.018136775000742067,0.912802891272586,8391
843,1.0,2,98,2,2,0,0,0,2,0.04876799999999999,1334.71140901653,0.980278477403412,123640.2108239986,1.2768492150726964,0.11574111136261597,0.057870555681307986,0.01792712456877256,0.9124391665899716,8391
844,1.0,2,98,2,2,0,0,0,2,0.044703999999999994,1334.75611301653,0.9802794145599696,123642.06343811381,1.2767889437593072,0.1142659454755919,0.05713297273779595,0.017790338242609324,0.9116098676032615,8391
845,1.0,2,98,2,2,0,0,0,2,0.04876799999999999,1334.80488101653,0.980280351627465,123643.53947695532,1.2767289737809944,0.1126450513769553,0.05632252568847765,0.017580687810639817,0.9112170972166936,8391
846,1.0,2,98,2,2,0,0,0,2,0.040639999999999996,1334.84552101653,0.9802812886059109,123645.76829407972,1.2766686156460219,0.11131561370154378,0.05565780685077189,0.017516765590282854,0.9098764892781968,8391
847,1.0,2,98,2,2,0,0,0,2,0.040639999999999996,1334.88616101653,0.98028222549532,123647.99697549349,1.2766082633619735,0.10998617602613225,0.05499308801306613,0.01745284336992589,0.9084961707076786,8391
848,1.0,2,98,2,2,0,0,0,2,0.04876799999999999,1334.93492901653,0.980283162295705,123649.47265377612,1.276548113894024,0.10836528192749564,0.05418264096374782,0.017243192937956384,0.9080359518640599,8391
849,1.0,2,98,2,2,0,0,0,2,0.04876799999999999,1334.9836970165302,0.9802840990070787,123650.94822424339,1.2764880687344462,0.10676995671700182,0.05338497835850091,0.017166486273528028,0.9062888404896726,8391
850,1.0,2,98,2,2,0,0,0,2,0.05689599999999999,1335.0405930165302,0.9802850356294537,123651.67086567832,1.276428127868075,0.10485760619514012,0.05242880309757006,0.016811107629945976,0.9067711231946841,8391
851,1.0,2,98,2,2,0,0,0,2,0.040639999999999996,1335.0812330165302,0.9802859721628426,123653.89904177912,1.276367798936271,0.1035281685197286,0.0517640842598643,0.016747185409589013,0.9052468595642189,8391
852,1.0,2,98,2,2,0,0,0,2,0.05283199999999999,1335.1340650165303,0.9802869086072582,123654.99789562778,1.2763077712429156,0.10176154620947944,0.05088077310473972,0.016464670871813233,0.9052128600540587,8391
853,1.0,2,98,2,2,0,0,0,2,0.044703999999999994,1335.1787690165302,0.9802878449627132,123656.84942819513,1.276247650907608,0.10028638032245538,0.05014319016122769,0.016327884545649998,0.9041331788343883,8391
854,1.0,2,98,2,2,0,0,0,2,0.040639999999999996,1335.21940901653,0.9802887812292201,123659.07721609213,1.2761873394894314,0.09895694264704386,0.04947847132352193,0.016263962325293035,0.9024872817406514,8391
855,1.0,2,98,2,2,0,0,0,2,0.040639999999999996,1335.26004901653,0.9802897174067917,123661.30486837914,1.2761270339153847,0.09762750497163233,0.04881375248581617,0.016200040104936073,0.9007867288081396,8391
856,1.0,2,98,2,2,0,0,0,2,0.040639999999999996,1335.30068901653,0.9802906534954408,123663.53238506855,1.2760667341846181,0.09629806729622081,0.048149033648110406,0.01613611788457911,0.8990289981041951,8391
857,1.0,2,98,2,2,0,0,0,2,0.040639999999999996,1335.34132901653,0.9802915894951798,123665.75976617272,1.2760064402962827,0.09496862962080929,0.047484314810404646,0.016072195664222147,0.8972114206405384,8391
858,1.0,2,98,2,2,0,0,0,2,0.04876799999999999,1335.39009701653,0.9802925254060215,123667.23429277893,1.2759463491201388,0.09334773552217267,0.046673867761086334,0.015862545232252646,0.8964555288633375,8391
859,1.0,2,98,2,2,0,0,0,2,0.044703999999999994,1335.43480101653,0.9802934612279786,123669.08506075076,1.2758862637656554,0.09187256963514859,0.045936284817574294,0.01572575890608942,0.8950983656153549,8391
860,1.0,2,98,2,2,0,0,0,2,0.040639999999999996,1335.4754410165299,0.9802943969610636,123671.31204920131,1.2758259873804483,0.09054313195973704,0.04527156597986852,0.015661836685732466,0.8931095114781885,8391
861,1.0,2,98,2,2,0,0,0,2,0.044703999999999994,1335.5201450165298,0.9802953326052894,123673.162562408,1.275765913676282,0.08906796607271296,0.04453398303635648,0.01552505035956924,0.8916392206088024,8391
862,1.0,2,98,2,2,0,0,0,2,0.044703999999999994,1335.5648490165297,0.9802962681606685,123675.01295173402,1.2757057473750029,0.08759280018568888,0.04379640009284444,0.015388264033406013,0.890112716981926,8391
863,1.0,2,98,2,2,0,0,0,2,0.044703999999999994,1335.6095530165296,0.9802972036272136,123676.86321719179,1.2756456853130012,0.0861176342986648,0.0430588171493324,0.015251477707242786,0.8885268635888254,8391
864,1.0,2,98,2,2,0,0,0,2,0.05689599999999999,1335.6664490165297,0.9802981390049373,123677.58441610422,1.275585825881835,0.08420528377680309,0.04210264188840154,0.014896099063660743,0.8887486336629563,8391
865,1.0,2,98,2,2,0,0,0,2,0.04876799999999999,1335.7152170165298,0.9802990742938523,123679.05815207586,1.2755259722481924,0.08258438967816645,0.041292194839083224,0.014686448631691244,0.8877036475931542,8391
866,1.0,2,98,2,2,0,0,0,2,0.040639999999999996,1335.7558570165297,0.9803000094939713,123681.2843695849,1.275465730822543,0.08125495200275491,0.040627476001377456,0.01462252641133429,0.8853158538549324,8391
867,1.0,2,98,2,2,0,0,0,2,0.044703999999999994,1335.8005610165296,0.9803009446053069,123683.13416059088,1.2754056920156644,0.07977978611573083,0.039889893057865417,0.014485740085171063,0.8834914057688376,8391
868,1.0,2,98,2,2,0,0,0,2,0.044703999999999994,1335.8452650165295,0.9803018796278716,123684.98382779052,1.2753455606351942,0.07830462022870674,0.03915231011435337,0.014348953759007837,0.8815890475907134,8391
869,1.0,2,98,2,2,0,0,0,2,0.044703999999999994,1335.8899690165294,0.9803028145616783,123686.83337119625,1.2752855334603383,0.07682945434168266,0.03841472717084133,0.01421216743284461,0.8796039361912618,8391
870,1.0,2,98,2,2,0,0,0,2,0.040639999999999996,1335.9306090165294,0.9803037494067395,123689.05906096766,1.2752253153416118,0.07550001666627112,0.03775000833313556,0.014148245212487656,0.8768345975152027,8391
871,1.0,2,98,2,2,0,0,0,2,0.040639999999999996,1335.9712490165293,0.9803046841630677,123691.28461532893,1.2751651030534545,0.07417057899085959,0.037085289495429795,0.014084322992130702,0.8739468694123078,8391
872,1.0,2,98,2,2,0,0,0,2,0.040639999999999996,1336.0118890165293,0.9803056188306758,123693.5100342924,1.2751048965950196,0.07284114131544805,0.03642057065772403,0.014020400771773748,0.87093380379668,8391
873,1.0,2,98,2,2,0,0,0,2,0.04876799999999999,1336.0606570165294,0.9803065534095763,123694.98280792157,1.2750450894207805,0.07122024721681142,0.03561012360840571,0.013810750339804249,0.8692524629765983,8391
874,1.0,2,98,2,2,0,0,0,2,0.040639999999999996,1336.1012970165293,0.9803074878997817,123697.20796547912,1.2749848946002056,0.06989080954139988,0.03494540477069994,0.013746828119447295,0.8659898598336284,8391
875,1.0,2,98,2,2,0,0,0,2,0.040639999999999996,1336.1419370165293,0.9803084223013049,123699.43298767618,1.2749247056068156,0.06856137186598835,0.03428068593299417,0.01368290589909034,0.8625780583185576,8391
876,1.0,2,98,2,2,0,0,0,2,0.040639999999999996,1336.1825770165292,0.9803093566141583,123701.65787452512,1.2748645224397646,0.0672319341905768,0.0336159670952884,0.013618983678733387,0.8590077444838362,8391
877,1.0,2,98,2,2,0,0,0,2,0.040639999999999996,1336.2232170165291,0.9803102908383546,123703.88262603828,1.2748043450982063,0.06590249651516526,0.03295124825758263,0.013555061458376432,0.8552688837741407,8391
878,1.0,2,98,2,2,0,0,0,2,0.04876799999999999,1336.2719850165292,0.9803112249739064,123705.35478819849,1.274744370261351,0.06428160241652864,0.03214080120826432,0.013345411026406934,0.8529473846462672,8391
879,1.0,2,98,2,2,0,0,0,2,0.044703999999999994,1336.3166890165292,0.9803121590208265,123707.20305952508,1.2746844012292615,0.06280643652950456,0.03140321826475228,0.013208624700243707,0.8496783781817557,8391
880,1.0,2,98,2,2,0,0,0,2,0.040639999999999996,1336.357329016529,0.9803130929791272,123709.42741913543,1.274624241340074,0.061476998854093017,0.030738499427046508,0.013144702479886753,0.8454033253983427,8391
881,1.0,2,98,2,2,0,0,0,2,0.06502399999999998,1336.422353016529,0.9803140268488212,123709.3944341974,1.274565070530523,0.05932432968529178,0.02966216484264589,0.012909483159774473,0.8407501672627977,8391
882,1.0,2,98,2,2,0,0,0,2,0.044703999999999994,1336.467057016529,0.9803149606299213,123711.24236244842,1.2745050205581339,0.05784916379826769,0.028924581899133845,0.012772696833611246,0.8368212103093842,8391
883,1.0,2,98,2,2,0,0,0,2,0.044703999999999994,1336.511761016529,0.9803158943224399,123713.09016707947,1.2744449763966574,0.05639956679938639,0.028199783399693194,0.012768854274989172,0.8298565150394455,8391
884,1.0,2,98,2,2,0,0,0,2,0.040639999999999996,1336.5524010165288,0.9803168279263896,123715.31402303405,1.2743848397337694,0.05507012912397486,0.02753506456198743,0.012704932054632212,0.8244713328632728,8391
885,1.0,2,98,2,2,0,0,0,2,0.044703999999999994,1336.5971050165288,0.9803177614417833,123717.16157349832,1.2743249055030694,0.05359496323695079,0.026797481618475394,0.012568145728468982,0.819695351256546,8391
886,1.0,2,98,2,2,0,0,0,2,0.040639999999999996,1336.6377450165287,0.9803186948686332,123719.38516367057,1.2742647804673024,0.05226552556153926,0.02613276278076963,0.012504223508112025,0.8137020019638576,8391
887,1.0,2,98,2,2,0,0,0,2,0.040639999999999996,1336.6783850165286,0.9803196282069522,123721.60861863196,1.274204661248586,0.05093608788612773,0.025468043943063866,0.012440301287755067,0.807363088685111,8391
888,1.0,2,98,2,2,0,0,0,2,0.040639999999999996,1336.7190250165286,0.9803205614567526,123723.83193839485,1.2741445478460762,0.0496066502107162,0.0248033251053581,0.012376379067398106,0.8006522559141894,8391
889,1.0,2,98,2,2,0,0,0,2,0.040639999999999996,1336.7596650165285,0.9803214946180473,123726.05512297156,1.2740844402589289,0.04827721253530467,0.024138606267652334,0.012312456847041148,0.7935407691385337,8391
890,1.0,2,98,2,2,0,0,0,2,0.040639999999999996,1336.8003050165285,0.9803224276908488,123728.27817237441,1.2740243384863004,0.04694777485989314,0.02347388742994657,0.012248534626684189,0.7859972864930048,8391
891,1.0,2,98,2,2,0,0,0,2,0.040639999999999996,1336.8409450165284,0.9803233606751695,123730.50108661575,1.273964242527347,0.045618337184481605,0.022809168592240803,0.012184612406327231,0.7779876117753817,8391
892,1.0,2,98,2,2,0,0,0,2,0.040639999999999996,1336.8815850165283,0.9803242935710222,123732.7238657079,1.273904152381225,0.04428889950907008,0.02214444975453504,0.012120690185970272,0.7694744290988371,8391
893,1.0,2,98,2,2,0,0,0,2,0.040639999999999996,1336.9222250165283,0.9803252263784193,123734.94650966318,1.2738440680470913,0.04295946183365855,0.021479730916829275,0.012056767965613314,0.7604170203347456,8391
894,1.0,2,98,2,2,0,0,0,2,0.044703999999999994,1336.9669290165282,0.9803261590973736,123736.79289261975,1.2737840877880418,0.04148429594663448,0.02074214797331724,0.011919981639450083,0.7517380124608889,8391
895,1.0,2,98,2,2,0,0,0,2,0.040639999999999996,1337.0075690165281,0.9803270917278976,123739.01527101589,1.2737240150706035,0.04015485827122295,0.020077429135611474,0.011856059419093125,0.741449179694974,8391
896,1.0,2,98,2,2,0,0,0,2,0.040639999999999996,1337.048209016528,0.9803280242700038,123741.23751431225,1.2736639481626246,0.038825420595811413,0.019412710297905707,0.011792137198736168,0.7304663854646376,8391
897,1.0,2,98,2,2,0,0,0,2,0.04876799999999999,1337.0969770165282,0.9803289567237048,123742.70740569834,1.273604280062006,0.037204526497174796,0.018602263248587398,0.011582486766766664,0.7206278566794219,8391
898,1.0,2,98,2,2,0,0,0,2,0.040639999999999996,1337.137617016528,0.9803298890890132,123744.92938818783,1.2735442247514177,0.03587508882176327,0.017937544410881634,0.011518564546409704,0.7080375341967967,8391
899,1.0,2,98,2,2,0,0,0,2,0.044703999999999994,1337.182321016528,0.9803308213659415,123746.77513998834,1.2734843717281346,0.03439992293473919,0.017199961467369594,0.011381778220246474,0.6954633636514287,8391
900,1.0,2,98,2,2,0,0,0,2,0.04876799999999999,1337.2310890165281,0.9803317535545024,123748.244682004,1.2734245244919455,0.03277902883610257,0.016389514418051285,0.01117212778827697,0.6827501526769554,8391
901,1.0,2,98,2,2,0,0,0,2,0.040639999999999996,1337.271729016528,0.9803326856547083,123750.4662733767,1.273364486580637,0.03144959116069104,0.01572479558034552,0.011108205567920013,0.6671025848479042,8391
902,1.0,2,98,2,2,0,0,0,2,0.04876799999999999,1337.3204970165282,0.9803336176665719,123751.93558254017,1.273304650925616,0.029828697062054425,0.014914348531027213,0.010898555135950509,0.6518967429476396,8391
903,1.0,2,98,2,2,0,0,0,2,0.044703999999999994,1337.365201016528,0.9803345495901057,123753.7808477451,1.2732448210551712,0.02835353117503035,0.014176765587515175,0.010761768809787279,0.6344160286097315,8391
904,1.0,2,98,2,2,0,0,0,2,0.044703999999999994,1337.409905016528,0.9803354814253222,123755.6259895911,1.2731848987520202,0.026878365288006273,0.013439182644003136,0.010624982483624047,0.6153678754778118,8391
905,1.0,2,98,2,2,0,0,0,2,0.044703999999999994,1337.454609016528,0.9803364131722341,123757.47100809052,1.2731250804529586,0.0254031994009822,0.0127015997004911,0.010488196157460817,0.5945856133313303,8391
906,1.0,2,98,2,2,0,0,0,2,0.044703999999999994,1337.4993130165278,0.9803373448308538,123759.31590325575,1.2730651697290065,0.023928033513958127,0.011964016756979064,0.010351409831297585,0.5718888094903676,8391
907,1.0,2,98,2,2,0,0,0,2,0.044703999999999994,1337.5440170165277,0.9803382764011939,123761.16067509912,1.273005362997972,0.02245286762693405,0.011226433813467026,0.010214623505134355,0.5470854619329476,8391
908,1.0,2,98,2,2,0,0,0,2,0.040639999999999996,1337.5846570165277,0.980339207883267,123763.38135430218,1.2729453656524043,0.02112342995152252,0.01056171497576126,0.010150701284777398,0.5198360201689546,8391
909,1.0,1,99,2,1,0,1,0,2,0.03422120709674912,1337.6188782236245,0.9803164526979014,123763.20542055291,1.272915123666787,0.019983775202475934,0.019983775202475934,0.0,1.0,8391
910,1.0,1,99,1,1,0,0,0,1,0.028447999999999994,1337.6473262236245,0.9803169189227599,123763.5636497534,1.2728850795279847,0.01896367772118812,0.01896367772118812,0.0,1.0,8391
911,1.0,1,99,1,1,0,0,0,1,0.024383999999999996,1337.6717102236246,0.9803173851255329,123764.29787269946,1.2728549386506354,0.018089308451512853,0.018089308451512853,0.0,1.0,8391
912,1.0,1,99,1,1,0,0,0,1,0.024383999999999996,1337.6960942236246,0.9803178513062221,123765.03206887818,1.2728247992297188,0.017214939181837585,0.017214939181837585,0.0,1.0,8391
913,1.0,1,99,1,1,0,0,0,1,0.020319999999999998,1337.7164142236247,0.9803183174648288,123766.14224031105,1.2727945630795336,0.016486298123774862,0.016486298123774862,0.0,1.0,8391
914,1.0,1,99,1,1,0,0,0,1,0.020319999999999998,1337.7367342236248,0.9803187836013547,123767.25237801728,1.2727643283903143,0.01575765706571214,0.01575765706571214,0.0,1.0,8391
915,1.0,1,99,1,1,0,0,0,1,0.020319999999999998,1337.757054223625,0.9803192497158014,123768.36248199841,1.272734095161955,0.015029016007649424,0.015029016007649424,0.0,1.0,8391
916,1.0,1,99,1,1,0,0,0,1,0.024383999999999996,1337.781438223625,0.9803197158081706,123769.09655725253,1.27270396157283,0.014154646737974166,0.014154646737974166,0.0,1.0,8391
917,1.0,1,99,1,1,0,0,0,1,0.020319999999999998,1337.801758223625,0.9803201818784635,123770.20659612698,1.2726737312635013,0.013426005679911451,0.013426005679911451,0.0,1.0,8391
918,1.0,1,99,1,1,0,0,0,1,0.028447999999999994,1337.830206223625,0.9803206479266819,123770.56462748293,1.2726436987621883,0.01240590819862365,0.01240590819862365,0.0,1.0,8391
919,1.0,1,99,1,1,0,0,0,1,0.028447999999999994,1337.858654223625,0.9803211139528275,123770.92264361263,1.272613667711826,0.01138581071733585,0.01138581071733585,0.0,1.0,8391
920,1.0,1,99,1,1,0,0,0,1,0.024383999999999996,1337.8830382236251,0.9803215799569016,123771.65661645943,1.2725835399433156,0.010511441447660592,0.010511441447660592,0.0,1.0,8391
921,1.0,1,99,1,1,0,0,0,1,0.028447999999999994,1337.9114862236252,0.980322045938906,123772.0145952327,1.2725535117969105,0.009491343966372792,0.009491343966372792,0.0,1.0,8391
922,1.0,1,99,1,1,0,0,0,1,0.024383999999999996,1337.9358702236252,0.9803225118988421,123772.74851919568,1.2725233869368893,0.008616974696697534,0.008616974696697534,0.0,1.0,8391
923,1.0,1,99,1,1,0,0,0,1,0.024383999999999996,1337.9602542236253,0.9803229778367115,123773.48241640751,1.27249326353214,0.007742605427022276,0.007742605427022276,0.0,1.0,8391
924,1.0,1,99,1,1,0,0,0,1,0.020319999999999998,1337.9805742236254,0.9803234437525158,123774.59224032117,1.2724630434230482,0.007013964368959557,0.007013964368959557,0.0,1.0,8391
925,1.0,1,99,1,1,0,0,0,1,0.020319999999999998,1338.0008942236254,0.9803239096462566,123775.7020305254,1.2724328247737593,0.0062853233108968376,0.0062853233108968376,0.0,1.0,8391
926,1.0,1,99,1,1,0,0,0,1,0.024383999999999996,1338.0252782236255,0.9803243755179354,123776.43583824762,1.272402705738935,0.005410954041221575,0.005410954041221575,0.0,1.0,8391
927,1.0,1,99,1,1,0,0,0,1,0.03251199999999999,1338.0577902236255,0.9803248413675537,123776.41773777232,1.2723727844637553,0.004245128348321224,0.004245128348321224,0.0,1.0,8391
928,1.0,1,99,1,1,0,0,0,1,0.020319999999999998,1338.0781102236256,0.9803253071951132,123777.52743621236,1.2723425701837585,0.0035164872902585065,0.0035164872902585065,0.0,1.0,8391
929,1.0,1,99,1,1,0,0,0,1,0.020319999999999998,1338.0984302236257,0.9803257730006155,123778.63710094923,1.2723123573631419,0.0027878462321957896,0.0027878462321957896,0.0,1.0,8391
930,1.0,1,99,1,1,0,0,0,1,0.024383999999999996,1338.1228142236257,0.9803262387840621,123779.37080169964,1.2722822441470858,0.0019134769625205293,0.0019134769625205293,0.0,1.0,8391
931,1.0,1,99,1,1,0,0,0,1,0.020319999999999998,1338.1431342236258,0.9803267045454546,123780.48040137348,1.2722520342425425,0.0011848359044578124,0.0011848359044578124,0.0,1.0,8391
932,1.0,1,99,1,1,0,0,0,1,0.024383999999999996,1338.1675182236258,0.9803271702847944,123781.21404402473,1.2722219239376082,0.00031046663478255163,0.00031046663478255163,0.0,1.0,8391
933,1.0,0,100,1,0,0,1,0,1,0.008658147861657327,1338.1761763714876,0.9803039628805454,123780.41316587981,1.2722219239376082,0.0,0.0,0.0,0.0,8391
